method,inference_nstep,evaluation_nstep,start,iteration,elapsed_seconds,pseudo_loglik,euler20_loglik,euler20_se,eval_particles,eval_replicates,evaluation_seed,evaluation_status
Corenflos DPF,20,20,0,0,1.5741483230376616,-6234.697812049728,-6209.205917143907,,5000,1,70631410,ok
Corenflos DPF,20,20,0,1,3.6775841610506177,-6229.538894615592,-6205.558014834426,,5000,1,70631411,ok
Corenflos DPF,20,20,0,2,5.066362206009217,-6222.4946168576425,-6201.909364014916,,5000,1,70631412,ok
Corenflos DPF,20,20,0,3,6.384682518080808,-6214.089053591115,-6196.515762757667,,5000,1,70631413,ok
Corenflos DPF,20,20,0,4,7.696334108011797,-6207.576994365027,-6191.343854618163,,5000,1,70631414,ok
Corenflos DPF,20,20,0,5,8.92323747498449,-6200.51715173451,-6185.203722194214,,5000,1,70631415,ok
Corenflos DPF,20,20,0,6,10.119658544077538,-6193.0736824968435,-6180.513185453485,,5000,1,70631416,ok
Corenflos DPF,20,20,0,7,11.270674174069427,-6185.56015805443,-6173.629009613682,,5000,1,70631417,ok
Corenflos DPF,20,20,0,8,12.423182246973738,-6165.205717874274,-6155.217257410224,,5000,1,70631418,ok
Corenflos DPF,20,20,0,9,13.539294328074902,-6149.2701045908925,-6140.165028690144,,5000,1,70631419,ok
Corenflos DPF,20,20,0,10,14.640396879054606,-6136.0131101241295,-6127.424806450991,,5000,1,70631420,ok
Corenflos DPF,20,20,0,11,15.741059288033284,-6129.2275932645925,-6122.755590436964,,5000,1,70631421,ok
Corenflos DPF,20,20,0,12,16.78686269908212,-6139.878077425529,-6133.119760674993,,5000,1,70631422,ok
Corenflos DPF,20,20,0,13,17.85702040605247,-6142.765372154528,-6136.938289832461,,5000,1,70631423,ok
Corenflos DPF,20,20,0,14,18.881094055017456,-6144.005228184367,-6138.519785450206,,5000,1,70631424,ok
Corenflos DPF,20,20,0,15,19.91268102603499,-6142.779723999047,-6138.545834349174,,5000,1,70631425,ok
Corenflos DPF,20,20,0,16,20.943807021016255,-6142.3120770747355,-6136.401359796474,,5000,1,70631426,ok
Corenflos DPF,20,20,0,17,21.95191965799313,-6138.679037539755,-6133.727917328963,,5000,1,70631427,ok
Corenflos DPF,20,20,0,18,22.975054569076747,-6135.592302293265,-6131.187704150776,,5000,1,70631428,ok
Corenflos DPF,20,20,0,19,24.014491677982733,-6133.951404174626,-6128.615587695364,,5000,1,70631429,ok
Corenflos DPF,20,20,0,20,25.02229477907531,-6130.676259331059,-6126.396026773594,,5000,1,70631430,ok
Corenflos DPF,20,20,0,21,26.038080250029452,-6130.170809327692,-6125.242521021248,,5000,1,70631431,ok
Corenflos DPF,20,20,0,22,27.02306044800207,-6128.4134289627655,-6123.96344761073,,5000,1,70631432,ok
Corenflos DPF,20,20,0,23,28.038483401061967,-6126.06721583457,-6121.70853692667,,5000,1,70631433,ok
Corenflos DPF,20,20,0,24,29.014956998988055,-6124.273575094665,-6119.216412957623,,5000,1,70631434,ok
Corenflos DPF,20,20,0,25,29.99966786999721,-6121.125241902133,-6116.688151450622,,5000,1,70631435,ok
Corenflos DPF,20,20,0,26,30.983706974075176,-6117.110401194647,-6113.407419597162,,5000,1,70631436,ok
Corenflos DPF,20,20,0,27,31.976031383033842,-6114.547296209041,-6110.168105298879,,5000,1,70631437,ok
Corenflos DPF,20,20,0,28,32.967951902071945,-6112.017861839757,-6107.296746440997,,5000,1,70631438,ok
Corenflos DPF,20,20,0,29,33.943821373046376,-6107.355142758894,-6103.91212810195,,5000,1,70631439,ok
Corenflos DPF,20,20,0,30,34.9272256110562,-6104.28037203623,-6099.95166244292,,5000,1,70631440,ok
Corenflos DPF,20,20,0,31,35.919378316029906,-6099.845126524067,-6095.523497897157,,5000,1,70631441,ok
Corenflos DPF,20,20,0,32,36.91067886305973,-6093.260625101465,-6089.977697903487,,5000,1,70631442,ok
Corenflos DPF,20,20,0,33,37.91026770102326,-6087.639768550758,-6083.70126426806,,5000,1,70631443,ok
Corenflos DPF,20,20,0,34,38.91051257203799,-6080.007937457258,-6076.919501655878,,5000,1,70631444,ok
Corenflos DPF,20,20,0,35,39.88037779997103,-6072.711067580824,-6069.157494140641,,5000,1,70631445,ok
Corenflos DPF,20,20,0,36,40.857740721083246,-6063.510568078707,-6059.429956204462,,5000,1,70631446,ok
Corenflos DPF,20,20,0,37,41.86586007999722,-6053.750821038845,-6050.799300349919,,5000,1,70631447,ok
Corenflos DPF,20,20,0,38,42.88251862907782,-6047.255116049238,-6043.18576063789,,5000,1,70631448,ok
Corenflos DPF,20,20,0,39,43.86708828702103,-6041.967005216358,-6037.076130675571,,5000,1,70631449,ok
Corenflos DPF,20,20,0,40,44.882994419080205,-6034.5260594729625,-6029.010731607996,,5000,1,70631450,ok
Corenflos DPF,20,20,0,41,45.914637528010644,-6023.1764483683555,-6019.213792136731,,5000,1,70631451,ok
Corenflos DPF,20,20,0,42,46.921694939024746,-6012.337922306544,-6008.239532919485,,5000,1,70631452,ok
Corenflos DPF,20,20,0,43,47.92172149801627,-6004.080999104856,-5998.752193029876,,5000,1,70631453,ok
Corenflos DPF,20,20,0,44,48.93749069503974,-5992.599184629771,-5987.97687274599,,5000,1,70631454,ok
Corenflos DPF,20,20,0,45,49.945416099973954,-5984.902074794149,-5980.305999925209,,5000,1,70631455,ok
Corenflos DPF,20,20,0,46,50.961554686073214,-5979.836345254215,-5975.680090943084,,5000,1,70631456,ok
Corenflos DPF,20,20,0,47,51.984807623084635,-5973.972755242896,-5969.000430051662,,5000,1,70631457,ok
Corenflos DPF,20,20,0,48,53.00872459704988,-5966.13969180771,-5962.407011495116,,5000,1,70631458,ok
Corenflos DPF,20,20,0,49,54.06361931504216,-5960.871266687628,-5955.563710687112,,5000,1,70631459,ok
Corenflos DPF,20,20,0,50,55.08803650503978,-5955.952150122936,-5950.855873576681,,5000,1,70631460,ok
Corenflos DPF,20,20,0,51,56.126819760072976,-5953.136338115004,-5947.944933327207,,5000,1,70631461,ok
Corenflos DPF,20,20,0,52,57.18142809299752,-5949.8030051290225,-5945.14257244391,,5000,1,70631462,ok
Corenflos DPF,20,20,0,53,58.22897692897823,-5947.964306017909,-5943.774504638536,,5000,1,70631463,ok
Corenflos DPF,20,20,0,54,59.26746941800229,-5945.5707712359435,-5941.55146820635,,5000,1,70631464,ok
Corenflos DPF,20,20,0,55,60.307650362025015,-5946.275313297061,-5941.6293644359685,,5000,1,70631465,ok
Corenflos DPF,20,20,0,56,61.331615127041005,-5945.720925848688,-5941.385634351766,,5000,1,70631466,ok
Corenflos DPF,20,20,0,57,62.35423649905715,-5947.148998334277,-5943.434974937653,,5000,1,70631467,ok
Corenflos DPF,20,20,0,58,63.36213008698542,-5951.384344198155,-5946.505014292351,,5000,1,70631468,ok
Corenflos DPF,20,20,0,59,64.39245401497465,-5954.728623057644,-5949.981281251652,,5000,1,70631469,ok
Corenflos DPF,20,20,0,60,65.41578001307789,-5956.990264087453,-5953.850723284848,,5000,1,70631470,ok
Corenflos DPF,20,20,0,61,66.4393372500781,-5963.109107103002,-5958.765538908536,,5000,1,70631471,ok
Corenflos DPF,20,20,0,62,67.4703613530146,-5969.104233308713,-5963.770008131203,,5000,1,70631472,ok
Corenflos DPF,20,20,0,63,68.49395821499638,-5975.216879684469,-5970.283460435704,,5000,1,70631473,ok
Corenflos DPF,20,20,0,64,69.51714877900667,-5979.158420286873,-5973.5288500681845,,5000,1,70631474,ok
Corenflos DPF,20,20,0,65,70.55564093508292,-5982.929865254595,-5978.5985591600465,,5000,1,70631475,ok
Corenflos DPF,20,20,0,66,71.5563779809745,-5989.062529288656,-5984.551814404428,,5000,1,70631476,ok
Corenflos DPF,20,20,0,67,72.58735794306267,-5990.020915555094,-5985.990923862586,,5000,1,70631477,ok
Corenflos DPF,20,20,0,68,73.61075751599856,-5990.415466812579,-5985.588516181563,,5000,1,70631478,ok
Corenflos DPF,20,20,0,69,74.6036470719846,-5989.766281983501,-5985.712715944146,,5000,1,70631479,ok
Corenflos DPF,20,20,0,70,75.60395769600291,-5989.5914013517195,-5985.231202711055,,5000,1,70631480,ok
Corenflos DPF,20,20,0,71,76.61922952206805,-5988.79610573782,-5985.271973923808,,5000,1,70631481,ok
Corenflos DPF,20,20,0,72,77.64262604597025,-5988.542326628992,-5985.2133505331585,,5000,1,70631482,ok
Corenflos DPF,20,20,0,73,78.66618946008384,-5989.644371920047,-5985.557290405263,,5000,1,70631483,ok
Corenflos DPF,20,20,0,74,79.70400415500626,-5948.134632673535,-5941.563340794609,,5000,1,70631484,ok
Corenflos DPF,20,20,0,75,80.74321913404856,-5939.359787949205,-5933.382207909177,,5000,1,70631485,ok
Corenflos DPF,20,20,0,76,81.7899210699834,-5931.512462259133,-5925.450297560503,,5000,1,70631486,ok
Corenflos DPF,20,20,0,77,82.84435566200409,-5923.096613094022,-5917.498966490167,,5000,1,70631487,ok
Corenflos DPF,20,20,0,78,83.88431465206668,-5914.7868402063195,-5909.325179970399,,5000,1,70631488,ok
Corenflos DPF,20,20,0,79,84.93119410297368,-5907.157929503553,-5900.373787526403,,5000,1,70631489,ok
Corenflos DPF,20,20,0,80,86.00131003500428,-5900.898435256319,-5893.41638859512,,5000,1,70631490,ok
Corenflos DPF,20,20,0,81,87.08718543406576,-5890.490086150074,-5885.454152325491,,5000,1,70631491,ok
Corenflos DPF,20,20,0,82,88.1877595760161,-5889.816276495827,-5879.29471622559,,5000,1,70631492,ok
Corenflos DPF,20,20,0,83,89.29605889203958,-5885.766094812947,-5876.740968051389,,5000,1,70631493,ok
Corenflos DPF,20,20,0,84,90.40544974501245,-5880.057013857763,-5872.7478035786235,,5000,1,70631494,ok
Corenflos DPF,20,20,0,85,91.51359141501598,-5879.114409390763,-5867.481125373469,,5000,1,70631495,ok
Corenflos DPF,20,20,0,86,92.60681955202017,-5875.012837668701,-5865.749588748451,,5000,1,70631496,ok
Corenflos DPF,20,20,0,87,93.73145728500094,-5868.376597349711,-5861.704028932979,,5000,1,70631497,ok
Corenflos DPF,20,20,0,88,94.85560583497863,-5863.784725963549,-5857.172533203011,,5000,1,70631498,ok
Corenflos DPF,20,20,0,89,95.96370133699384,-5866.098404912254,-5854.034677786629,,5000,1,70631499,ok
Corenflos DPF,20,20,0,90,97.08694185398053,-5861.757389734568,-5851.185399342212,,5000,1,70631500,ok
Corenflos DPF,20,20,0,91,98.22568922408391,-5857.826249708825,-5845.694653956541,,5000,1,70631501,ok
Corenflos DPF,20,20,0,92,99.37258140998892,-5854.724870758317,-5842.471829815319,,5000,1,70631502,ok
Corenflos DPF,20,20,0,93,100.56662549602333,-5846.797590194965,-5837.296355888109,,5000,1,70631503,ok
Corenflos DPF,20,20,0,94,101.74498050508555,-5846.418207839795,-5833.245878587327,,5000,1,70631504,ok
Corenflos DPF,20,20,0,95,102.92336656001862,-5845.088938756875,-5828.740241237932,,5000,1,70631505,ok
Corenflos DPF,20,20,0,96,104.14831532305107,-5837.685321564619,-5824.895450050844,,5000,1,70631506,ok
Corenflos DPF,20,20,0,97,105.3427856360795,-5831.036758574746,-5819.249192505557,,5000,1,70631507,ok
Corenflos DPF,20,20,0,98,106.5059629160678,-5830.0467464898575,-5814.556427509826,,5000,1,70631508,ok
Corenflos DPF,20,20,0,99,107.7230113960104,-5832.43820291019,-5808.218078302466,,5000,1,70631509,ok
Corenflos DPF,20,20,0,100,108.91613785608206,-5819.377098699968,-5804.431373195923,,5000,1,70631510,ok
Corenflos DPF,20,20,0,101,110.15685351798311,-5816.908635473294,-5801.430909288135,,5000,1,70631511,ok
Corenflos DPF,20,20,0,102,111.39795958506875,-5815.292304504517,-5796.994132274925,,5000,1,70631512,ok
Corenflos DPF,20,20,0,103,112.65341553697363,-5812.848134090131,-5791.250560339096,,5000,1,70631513,ok
Corenflos DPF,20,20,0,104,113.93947305902839,-5813.616794354268,-5788.714489767531,,5000,1,70631514,ok
Corenflos DPF,20,20,0,105,115.18656213500071,-5806.142047697471,-5787.436770323619,,5000,1,70631515,ok
Corenflos DPF,20,20,0,106,116.42633055697661,-5811.495861034985,-5784.5039311313,,5000,1,70631516,ok
Corenflos DPF,20,20,0,107,117.72121865407098,-5801.113134809386,-5783.98999043732,,5000,1,70631517,ok
Corenflos DPF,20,20,0,108,119.01535256102215,-5802.019702393267,-5782.52324816821,,5000,1,70631518,ok
Corenflos DPF,20,20,0,109,120.29386148205958,-5789.888912584708,-5778.077743208948,,5000,1,70631519,ok
Corenflos DPF,20,20,0,110,121.57986079307739,-5797.580136594135,-5776.009561373369,,5000,1,70631520,ok
Corenflos DPF,20,20,0,111,122.87414044002071,-5793.278035085545,-5775.469081177896,,5000,1,70631521,ok
Corenflos DPF,20,20,0,112,124.19918563903775,-5793.274766015504,-5772.934130168432,,5000,1,70631522,ok
Corenflos DPF,20,20,0,113,125.53101864503697,-5793.451737368947,-5771.591376268092,,5000,1,70631523,ok
Corenflos DPF,20,20,0,114,126.85588891000953,-5793.443682116953,-5771.120436992034,,5000,1,70631524,ok
Corenflos DPF,20,20,0,115,128.20387035806198,-5792.865353106809,-5769.756789447508,,5000,1,70631525,ok
Corenflos DPF,20,20,0,116,129.53618621302303,-5790.651792392731,-5768.368910547932,,5000,1,70631526,ok
Corenflos DPF,20,20,0,117,130.82988723297603,-5788.144266703579,-5770.7132640319005,,5000,1,70631527,ok
Corenflos DPF,20,20,0,118,132.13877288403455,-5784.577822754682,-5774.468175559504,,5000,1,70631528,ok
Corenflos DPF,20,20,0,119,133.4556059060851,-5800.535655929646,-5777.277129033884,,5000,1,70631529,ok
Corenflos DPF,20,20,0,120,134.76600415306166,-5804.045239985583,-5778.193529394095,,5000,1,70631530,ok
Corenflos DPF,20,20,0,121,136.0678558780346,-5805.573885160099,-5780.942914825719,,5000,1,70631531,ok
Corenflos DPF,20,20,0,122,137.37771424697712,-5797.783562469389,-5780.335609887202,,5000,1,70631532,ok
Corenflos DPF,20,20,0,123,138.68744493403938,-5805.411986139101,-5781.797750422286,,5000,1,70631533,ok
Corenflos DPF,20,20,0,124,139.99700332502834,-5793.454238772905,-5781.325916113444,,5000,1,70631534,ok
Corenflos DPF,20,20,0,125,141.31393102102447,-5803.424530579098,-5779.702261549697,,5000,1,70631535,ok
Corenflos DPF,20,20,0,126,142.6236916499911,-5796.9107804688065,-5777.495547128203,,5000,1,70631536,ok
Corenflos DPF,20,20,0,127,143.96426330297254,-5797.437055160992,-5775.904977814134,,5000,1,70631537,ok
Corenflos DPF,20,20,0,128,145.27465293905698,-5794.866192512583,-5775.257251701409,,5000,1,70631538,ok
Corenflos DPF,20,20,0,129,146.599163366016,-5792.873493759752,-5774.141301939432,,5000,1,70631539,ok
Corenflos DPF,20,20,0,130,147.89993002498522,-5787.968894224219,-5774.76749421734,,5000,1,70631540,ok
Corenflos DPF,20,20,0,131,149.209442322026,-5793.316652424046,-5775.534254437134,,5000,1,70631541,ok
Corenflos DPF,20,20,0,132,150.5422598560108,-5804.469815469132,-5773.122272761151,,5000,1,70631542,ok
Corenflos DPF,20,20,0,133,151.86644935898948,-5794.15606670645,-5773.491499024652,,5000,1,70631543,ok
Corenflos DPF,20,20,0,134,153.2142406470375,-5785.6514647955,-5769.456662366111,,5000,1,70631544,ok
Corenflos DPF,20,20,0,135,154.55474375502672,-5792.634917881365,-5769.8082262805165,,5000,1,70631545,ok
Corenflos DPF,20,20,0,136,155.86441722605377,-5789.763400952711,-5770.203558411116,,5000,1,70631546,ok
Corenflos DPF,20,20,0,137,157.22796901105903,-5788.563552928417,-5766.987414874277,,5000,1,70631547,ok
Corenflos DPF,20,20,0,138,158.56910743005574,-5782.83696395449,-5762.63480119337,,5000,1,70631548,ok
Corenflos DPF,20,20,0,139,159.8851131440606,-5786.371050946063,-5764.968156399887,,5000,1,70631549,ok
Corenflos DPF,20,20,0,140,161.22536218806636,-5789.14914115771,-5764.59984339912,,5000,1,70631550,ok
Corenflos DPF,20,20,0,141,162.56449863198213,-5782.080793528998,-5760.571940265029,,5000,1,70631551,ok
Corenflos DPF,20,20,0,142,163.92075723898597,-5772.277043975284,-5759.972961402149,,5000,1,70631552,ok
Corenflos DPF,20,20,0,143,165.27654182503466,-5780.959786173156,-5758.3147804112,,5000,1,70631553,ok
Corenflos DPF,20,20,0,144,166.63800708705094,-5775.868617272485,-5757.260596052176,,5000,1,70631554,ok
Corenflos DPF,20,20,0,145,168.02522649604362,-5776.027080463507,-5755.1143555703675,,5000,1,70631555,ok
Corenflos DPF,20,20,0,146,169.38929501303937,-5773.932848134375,-5754.480045011037,,5000,1,70631556,ok
Corenflos DPF,20,20,0,147,170.78289150004275,-5769.439408009447,-5751.375625647769,,5000,1,70631557,ok
Corenflos DPF,20,20,0,148,172.16190265701152,-5766.37356110799,-5750.656481309176,,5000,1,70631558,ok
Corenflos DPF,20,20,0,149,173.58004985703155,-5772.319993235937,-5751.074446578939,,5000,1,70631559,ok
Corenflos DPF,20,20,0,150,174.99704597902019,-5775.745020113737,-5749.103897589578,,5000,1,70631560,ok
Corenflos DPF,20,20,0,151,176.41463688702788,-5773.925244075584,-5747.700839601143,,5000,1,70631561,ok
Corenflos DPF,20,20,0,152,177.80840913008433,-5762.325516517278,-5748.076672133474,,5000,1,70631562,ok
Corenflos DPF,20,20,0,153,179.19495360099245,-5768.174866245977,-5745.871206723997,,5000,1,70631563,ok
Corenflos DPF,20,20,0,154,180.5813452929724,-5760.04626816068,-5747.592632702459,,5000,1,70631564,ok
Corenflos DPF,20,20,0,155,181.95230897003785,-5764.206893640785,-5747.000051099376,,5000,1,70631565,ok
Corenflos DPF,20,20,0,156,183.3302500260761,-5777.8677576812925,-5746.184550941806,,5000,1,70631566,ok
Corenflos DPF,20,20,0,157,184.73256281006616,-5769.95690406816,-5740.4143246594285,,5000,1,70631567,ok
Corenflos DPF,20,20,0,158,186.14951977005694,-5763.386748170258,-5739.60805477107,,5000,1,70631568,ok
Corenflos DPF,20,20,0,159,187.56656031904276,-5757.78939273903,-5738.257962711751,,5000,1,70631569,ok
Corenflos DPF,20,20,0,160,189.0055968730012,-5752.442148040633,-5736.530887418534,,5000,1,70631570,ok
Corenflos DPF,20,20,0,161,190.40707379602827,-5757.720728799635,-5732.503915919364,,5000,1,70631571,ok
Corenflos DPF,20,20,0,162,191.84679585404228,-5772.275156763986,-5733.003070823693,,5000,1,70631572,ok
Corenflos DPF,20,20,0,163,193.29492532799486,-5760.571371105293,-5728.688662510339,,5000,1,70631573,ok
Corenflos DPF,20,20,0,164,194.75810829305556,-5758.008513040435,-5725.015457738618,,5000,1,70631574,ok
Corenflos DPF,20,20,0,165,196.19900486501865,-5764.574471588846,-5726.656923810025,,5000,1,70631575,ok
Corenflos DPF,20,20,0,166,197.66287132899743,-5749.034452748896,-5728.140350364727,,5000,1,70631576,ok
Corenflos DPF,20,20,0,167,199.07263670302927,-5743.568455887975,-5726.360643423053,,5000,1,70631577,ok
Corenflos DPF,20,20,0,168,200.50633134506643,-5752.86436896549,-5724.265201188864,,5000,1,70631578,ok
Corenflos DPF,20,20,0,169,201.95427733799443,-5750.254091502671,-5722.9595017199645,,5000,1,70631579,ok
Corenflos DPF,20,20,0,170,203.4250032120617,-5764.991893500709,-5726.368953149306,,5000,1,70631580,ok
Corenflos DPF,20,20,0,171,204.8737958939746,-5741.977964264435,-5726.227932923487,,5000,1,70631581,ok
Corenflos DPF,20,20,0,172,206.28349740803242,-5751.442712953608,-5725.020788889682,,5000,1,70631582,ok
Corenflos DPF,20,20,0,173,207.71725744300056,-5749.103893395043,-5727.157824849112,,5000,1,70631583,ok
Corenflos DPF,20,20,0,174,209.14978239603806,-5753.596298276327,-5730.905354243799,,5000,1,70631584,ok
Corenflos DPF,20,20,0,175,210.5518037569709,-5748.66150804704,-5731.670177711399,,5000,1,70631585,ok
Corenflos DPF,20,20,0,176,212.0001650779741,-5753.166812685681,-5730.716043637545,,5000,1,70631586,ok
Corenflos DPF,20,20,0,177,213.45613663399126,-5747.003496639449,-5732.721077347868,,5000,1,70631587,ok
Corenflos DPF,20,20,0,178,214.92789244197775,-5755.327382116486,-5732.46480590297,,5000,1,70631588,ok
Corenflos DPF,20,20,0,179,216.33822563907597,-5746.127064655058,-5730.639642276796,,5000,1,70631589,ok
Corenflos DPF,20,20,0,180,217.7793321639765,-5746.104615415945,-5732.467140516734,,5000,1,70631590,ok
Corenflos DPF,20,20,0,181,219.21278152498417,-5749.99127891291,-5732.438477819611,,5000,1,70631591,ok
Corenflos DPF,20,20,0,182,220.6607106140582,-5755.141451804133,-5733.99069970717,,5000,1,70631592,ok
Corenflos DPF,20,20,0,183,222.10135558107868,-5761.41699835741,-5737.606038952196,,5000,1,70631593,ok
Corenflos DPF,20,20,0,184,223.53454005008098,-5755.071861887793,-5739.117685533662,,5000,1,70631594,ok
Corenflos DPF,20,20,0,185,224.983052368043,-5769.904726252444,-5745.320114786449,,5000,1,70631595,ok
Corenflos DPF,20,20,0,186,226.3928977070609,-5764.157976656176,-5749.651859287121,,5000,1,70631596,ok
Corenflos DPF,20,20,0,187,227.8093695170246,-5773.4688469567445,-5751.170371539108,,5000,1,70631597,ok
Corenflos DPF,20,20,0,188,229.2198434129823,-5777.469567402163,-5753.547042291225,,5000,1,70631598,ok
Corenflos DPF,20,20,0,189,230.64451204205398,-5779.040027436172,-5756.738851012556,,5000,1,70631599,ok
Corenflos DPF,20,20,0,190,232.04569359205198,-5783.380491018626,-5758.007477733359,,5000,1,70631600,ok
Corenflos DPF,20,20,0,191,233.40983357897494,-5781.920147405961,-5763.026350219995,,5000,1,70631601,ok
Corenflos DPF,20,20,0,192,234.78881439298857,-5782.441442062036,-5764.77287068978,,5000,1,70631602,ok
Corenflos DPF,20,20,0,193,236.1130384290591,-5782.0995990377805,-5766.960424781113,,5000,1,70631603,ok
Corenflos DPF,20,20,0,194,237.47619854006916,-5788.173497782209,-5769.528733341478,,5000,1,70631604,ok
Corenflos DPF,20,20,0,195,238.8085727969883,-5792.729571366283,-5773.008029914971,,5000,1,70631605,ok
Corenflos DPF,20,20,0,196,240.15608369198162,-5795.652346312679,-5776.91306859894,,5000,1,70631606,ok
Corenflos DPF,20,20,0,197,241.5881902910769,-5759.921140552682,-5728.535923281641,,5000,1,70631607,ok
Corenflos DPF,20,20,0,198,243.01326346304268,-5754.472468426608,-5729.304086803509,,5000,1,70631608,ok
Corenflos DPF,20,20,0,199,244.45341560104862,-5755.7748302376285,-5734.495498459688,,5000,1,70631609,ok
Corenflos DPF,20,20,0,200,245.90232270397246,-5750.603550048518,-5732.270897400857,,5000,1,70631610,ok
Corenflos DPF,20,20,0,201,247.3276616750518,-5760.3179601834045,-5730.944147925144,,5000,1,70631611,ok
Corenflos DPF,20,20,0,202,248.78391515102703,-5772.670827244518,-5734.3106285434205,,5000,1,70631612,ok
Corenflos DPF,20,20,0,203,250.2406812980771,-5748.5887141624235,-5729.659393622939,,5000,1,70631613,ok
Corenflos DPF,20,20,0,204,251.67484920204151,-5764.275716941996,-5730.298681435263,,5000,1,70631614,ok
Corenflos DPF,20,20,0,205,253.1151865000138,-5741.639302371128,-5726.243365197142,,5000,1,70631615,ok
Corenflos DPF,20,20,0,206,254.55569279706106,-5770.107800570983,-5725.879492799252,,5000,1,70631616,ok
Corenflos DPF,20,20,0,207,256.0200168960728,-5745.894471378325,-5725.29026075572,,5000,1,70631617,ok
Corenflos DPF,20,20,0,208,257.47817262704484,-5750.656658418913,-5724.878304474128,,5000,1,70631618,ok
Corenflos DPF,20,20,0,209,258.98034818004817,-5764.484355570393,-5722.695544013758,,5000,1,70631619,ok
Corenflos DPF,20,20,0,210,260.4741322629852,-5749.607103106291,-5719.482822293772,,5000,1,70631620,ok
Corenflos DPF,20,20,0,211,261.9684892920777,-5761.679514797857,-5717.885359772083,,5000,1,70631621,ok
Corenflos DPF,20,20,0,212,263.47031042398885,-5737.4167860042135,-5718.00437758838,,5000,1,70631622,ok
Corenflos DPF,20,20,0,213,264.94821864098776,-5745.459021729751,-5717.775548697892,,5000,1,70631623,ok
Corenflos DPF,20,20,0,214,266.43546245002653,-5736.754057870352,-5713.206419636476,,5000,1,70631624,ok
Corenflos DPF,20,20,0,215,267.9228934660787,-5731.82201151713,-5712.5820458799535,,5000,1,70631625,ok
Corenflos DPF,20,20,0,216,269.4023094479926,-5738.305249520932,-5715.836515343989,,5000,1,70631626,ok
Corenflos DPF,20,20,0,217,270.912022384,-5737.657015715882,-5710.53966158623,,5000,1,70631627,ok
Corenflos DPF,20,20,0,218,272.41420167998876,-5751.533138152601,-5713.385991047635,,5000,1,70631628,ok
Corenflos DPF,20,20,0,219,273.8920421639923,-5737.476094526744,-5713.344286135451,,5000,1,70631629,ok
Corenflos DPF,20,20,0,220,275.38590082805604,-5746.772895808557,-5712.392957407332,,5000,1,70631630,ok
Corenflos DPF,20,20,0,221,276.86443650897127,-5748.979931795679,-5712.576555970048,,5000,1,70631631,ok
Corenflos DPF,20,20,0,222,278.3601676020771,-5731.174180401513,-5712.728030651395,,5000,1,70631632,ok
Corenflos DPF,20,20,0,223,279.831808493007,-5742.070702901212,-5716.248115768843,,5000,1,70631633,ok
Corenflos DPF,20,20,0,224,281.27181394107174,-5741.574731944855,-5715.457588712294,,5000,1,70631634,ok
Corenflos DPF,20,20,0,225,282.7662320950767,-5734.744111617728,-5712.011194329121,,5000,1,70631635,ok
Corenflos DPF,20,20,0,226,284.2536641500192,-5745.926142215098,-5714.955409380772,,5000,1,70631636,ok
Corenflos DPF,20,20,0,227,285.71706209203694,-5750.473848370837,-5713.998880960521,,5000,1,70631637,ok
Corenflos DPF,20,20,0,228,287.18883942300454,-5746.6106398258935,-5715.2581533413295,,5000,1,70631638,ok
Corenflos DPF,20,20,0,229,288.66800768102985,-5742.645651212057,-5715.554939303539,,5000,1,70631639,ok
Corenflos DPF,20,20,0,230,290.13156705501024,-5741.561866648792,-5716.8074686668815,,5000,1,70631640,ok
Corenflos DPF,20,20,0,231,291.58771774708293,-5742.745074556191,-5717.533810142921,,5000,1,70631641,ok
Corenflos DPF,20,20,0,232,293.0738503340399,-5746.528185315386,-5720.489952448488,,5000,1,70631642,ok
Corenflos DPF,20,20,0,233,294.5683805709705,-5749.748605876863,-5717.855483164445,,5000,1,70631643,ok
Corenflos DPF,20,20,0,234,296.0314793700818,-5753.086435182708,-5718.118141234912,,5000,1,70631644,ok
Corenflos DPF,20,20,0,235,297.51047494704835,-5747.738845565704,-5720.275681309313,,5000,1,70631645,ok
Corenflos DPF,20,20,0,236,299.0058429230703,-5753.921252294031,-5720.774440666405,,5000,1,70631646,ok
Corenflos DPF,20,20,0,237,300.49243275797926,-5749.612061901598,-5724.07874855711,,5000,1,70631647,ok
Corenflos DPF,20,20,0,238,301.971305060084,-5747.738744439803,-5722.4553221583,,5000,1,70631648,ok
Corenflos DPF,20,20,0,239,303.427683271002,-5753.301697088362,-5726.98694255911,,5000,1,70631649,ok
Corenflos DPF,20,20,0,240,304.9072408900829,-5749.2663729177675,-5728.399601095611,,5000,1,70631650,ok
Corenflos DPF,20,20,0,241,306.362367792055,-5749.557473698862,-5728.435121950882,,5000,1,70631651,ok
Corenflos DPF,20,20,0,242,307.8410580100026,-5756.911727379615,-5727.931246576011,,5000,1,70631652,ok
Corenflos DPF,20,20,0,243,309.3128400470596,-5757.546274174872,-5727.805013614959,,5000,1,70631653,ok
Corenflos DPF,20,20,0,244,310.7529275730485,-5747.495051186426,-5725.868714772054,,5000,1,70631654,ok
Corenflos DPF,20,20,0,245,312.2162481719861,-5744.077305476767,-5728.135103765277,,5000,1,70631655,ok
Corenflos DPF,20,20,0,246,313.68057154503185,-5751.8737571987085,-5728.939030377558,,5000,1,70631656,ok
Corenflos DPF,20,20,0,247,315.1446024560137,-5752.575609866271,-5725.842072089125,,5000,1,70631657,ok
Corenflos DPF,20,20,0,248,316.59248390607536,-5758.894654488735,-5726.4653164765505,,5000,1,70631658,ok
Corenflos DPF,20,20,0,249,318.0567539370386,-5751.40784222542,-5726.601057290425,,5000,1,70631659,ok
Corenflos DPF,20,20,0,250,319.53637908003293,-5746.295222651845,-5721.92068287883,,5000,1,70631660,ok
Corenflos DPF,20,20,0,251,321.02303410100285,-5749.795153770288,-5725.719473768486,,5000,1,70631661,ok
Corenflos DPF,20,20,0,252,322.49344355100766,-5750.357907088434,-5726.240422333508,,5000,1,70631662,ok
Corenflos DPF,20,20,0,253,323.9802979170345,-5748.579943017526,-5724.3118350480645,,5000,1,70631663,ok
Corenflos DPF,20,20,0,254,325.43813092506025,-5747.709771957512,-5724.219988577638,,5000,1,70631664,ok
Corenflos DPF,20,20,0,255,326.926361809019,-5753.41082406088,-5720.364599798887,,5000,1,70631665,ok
Corenflos DPF,20,20,0,256,328.4280661899829,-5741.305620885744,-5720.849640325769,,5000,1,70631666,ok
Corenflos DPF,20,20,0,257,329.9231497530127,-5740.227696841273,-5715.844407512724,,5000,1,70631667,ok
Corenflos DPF,20,20,0,258,331.4168119750684,-5743.3415399604655,-5720.296994829763,,5000,1,70631668,ok
Corenflos DPF,20,20,0,259,332.9263201850699,-5740.939219082125,-5720.440097563302,,5000,1,70631669,ok
Corenflos DPF,20,20,0,260,334.42883434705436,-5743.13653754127,-5716.069327547326,,5000,1,70631670,ok
Corenflos DPF,20,20,0,261,335.9306585029699,-5739.3787685755615,-5713.97559630157,,5000,1,70631671,ok
Corenflos DPF,20,20,0,262,337.4320587760303,-5745.278058804525,-5717.54316918783,,5000,1,70631672,ok
Corenflos DPF,20,20,0,263,338.91697281308006,-5749.113398228092,-5713.388682181395,,5000,1,70631673,ok
Corenflos DPF,20,20,0,264,340.3883172919741,-5735.048321794611,-5715.579014478624,,5000,1,70631674,ok
Corenflos DPF,20,20,0,265,341.8746350010624,-5743.5875743754505,-5707.793239285225,,5000,1,70631675,ok
Corenflos DPF,20,20,0,266,343.34582959802356,-5742.630936539568,-5714.374336441111,,5000,1,70631676,ok
Corenflos DPF,20,20,0,267,344.8161214790307,-5733.522238087089,-5715.256410755712,,5000,1,70631677,ok
Corenflos DPF,20,20,0,268,346.31085777597036,-5739.75290499084,-5710.398415267831,,5000,1,70631678,ok
Corenflos DPF,20,20,0,269,347.8144516290631,-5727.288126983303,-5712.540661261575,,5000,1,70631679,ok
Corenflos DPF,20,20,0,270,349.2857979860855,-5740.976849370455,-5712.988664391003,,5000,1,70631680,ok
Corenflos DPF,20,20,0,271,350.7723468589829,-5747.035089440542,-5716.001725487847,,5000,1,70631681,ok
Corenflos DPF,20,20,0,272,352.2601561540505,-5753.751491822394,-5718.799456038962,,5000,1,70631682,ok
Corenflos DPF,20,20,0,273,353.78437493601814,-5736.69964233085,-5718.543491376908,,5000,1,70631683,ok
Corenflos DPF,20,20,0,274,355.26416257501114,-5744.572872861091,-5719.7728592127105,,5000,1,70631684,ok
Corenflos DPF,20,20,0,275,356.7672224340495,-5736.686397506346,-5718.4492648862515,,5000,1,70631685,ok
Corenflos DPF,20,20,0,276,358.2152149970643,-5743.719634337015,-5717.880289690439,,5000,1,70631686,ok
Corenflos DPF,20,20,0,277,359.69449506606907,-5746.076439624194,-5719.870562975999,,5000,1,70631687,ok
Corenflos DPF,20,20,0,278,361.18151227303315,-5740.431839416107,-5720.390928952463,,5000,1,70631688,ok
Corenflos DPF,20,20,0,279,362.66819810902234,-5743.4036821748505,-5720.540965219509,,5000,1,70631689,ok
Corenflos DPF,20,20,0,280,364.1704537110636,-5755.847638312847,-5721.685914338332,,5000,1,70631690,ok
Corenflos DPF,20,20,0,281,365.6269761470612,-5740.034607072808,-5721.023112613909,,5000,1,70631691,ok
Corenflos DPF,20,20,0,282,367.1215693419799,-5745.591965437978,-5718.089294253339,,5000,1,70631692,ok
Corenflos DPF,20,20,0,283,368.58540408697445,-5747.754116975866,-5720.38626664806,,5000,1,70631693,ok
Corenflos DPF,20,20,0,284,370.0566891100025,-5740.82951962168,-5720.5534315050345,,5000,1,70631694,ok
Corenflos DPF,20,20,0,285,371.5043566880049,-5743.731393962237,-5719.973874965621,,5000,1,70631695,ok
Corenflos DPF,20,20,0,286,372.99921774305403,-5761.258366627152,-5719.86995837593,,5000,1,70631696,ok
Corenflos DPF,20,20,0,287,374.478220722056,-5744.810402714804,-5716.44915261659,,5000,1,70631697,ok
Corenflos DPF,20,20,0,288,375.9722986520501,-5737.530637795135,-5719.137176696365,,5000,1,70631698,ok
Corenflos DPF,20,20,0,289,377.4438950170297,-5735.886786247545,-5715.661608184224,,5000,1,70631699,ok
Corenflos DPF,20,20,0,290,378.92385531798936,-5733.711862529992,-5713.444094840736,,5000,1,70631700,ok
Corenflos DPF,20,20,0,291,380.411321445019,-5737.928340927875,-5715.4533381428355,,5000,1,70631701,ok
Corenflos DPF,20,20,0,292,381.8598587900633,-5737.255177469912,-5711.416699811561,,5000,1,70631702,ok
Corenflos DPF,20,20,0,293,383.34709273604676,-5737.564600724565,-5709.462130230795,,5000,1,70631703,ok
Corenflos DPF,20,20,0,294,384.8728614699794,-5743.2330444873805,-5714.444574025012,,5000,1,70631704,ok
Corenflos DPF,20,20,0,295,386.3751901560463,-5741.036692806471,-5712.820362822741,,5000,1,70631705,ok
Corenflos DPF,20,20,0,296,387.85433873697184,-5750.22508016386,-5711.258804046342,,5000,1,70631706,ok
Corenflos DPF,20,20,0,297,389.36423670197837,-5734.420443011806,-5705.567937570517,,5000,1,70631707,ok
Corenflos DPF,20,20,0,298,390.89043252007104,-5729.632078574921,-5708.366297403002,,5000,1,70631708,ok
Corenflos DPF,20,20,0,299,392.3851500879973,-5736.595805508905,-5705.57805198595,,5000,1,70631709,ok
Corenflos DPF,20,20,0,300,393.9043851830065,-5728.224994036424,-5699.448136302077,,5000,1,70631710,ok
Corenflos DPF,20,20,0,301,395.4373858530307,-5735.224669872433,-5704.924182927555,,5000,1,70631711,ok
Corenflos DPF,20,20,0,302,396.9467362309806,-5722.0607152636785,-5700.6608622477925,,5000,1,70631712,ok
Corenflos DPF,20,20,0,303,398.45738485699985,-5726.251790785401,-5701.193186211096,,5000,1,70631713,ok
Corenflos DPF,20,20,0,304,399.98319202207495,-5717.672974118903,-5698.427425262874,,5000,1,70631714,ok
Corenflos DPF,20,20,0,305,401.5326752180699,-5728.485909267703,-5700.516002942347,,5000,1,70631715,ok
Corenflos DPF,20,20,0,306,403.0203515740577,-5722.7728512699305,-5701.396976621244,,5000,1,70631716,ok
Corenflos DPF,20,20,0,307,404.5613425329793,-5721.600831692787,-5694.38709526099,,5000,1,70631717,ok
Corenflos DPF,20,20,0,308,406.07243823306635,-5720.623438532627,-5697.974136916446,,5000,1,70631718,ok
Corenflos DPF,20,20,0,309,407.57405232905876,-5730.512282637435,-5699.346565019696,,5000,1,70631719,ok
Corenflos DPF,20,20,0,310,409.1079744499875,-5738.363551793487,-5695.739200872768,,5000,1,70631720,ok
Corenflos DPF,20,20,0,311,410.6255456680665,-5723.379931415696,-5697.000863008507,,5000,1,70631721,ok
Corenflos DPF,20,20,0,312,412.1436603900511,-5721.288032907496,-5700.649566426171,,5000,1,70631722,ok
Corenflos DPF,20,20,0,313,413.66201140207704,-5739.672950774684,-5695.357171483061,,5000,1,70631723,ok
Corenflos DPF,20,20,0,314,415.18706175498664,-5727.535609023283,-5701.369316797505,,5000,1,70631724,ok
Corenflos DPF,20,20,0,315,416.69753232307266,-5729.738812539241,-5700.528045125999,,5000,1,70631725,ok
Corenflos DPF,20,20,0,316,418.19255359400995,-5725.8245384139345,-5697.744086635301,,5000,1,70631726,ok
Corenflos DPF,20,20,0,317,419.7041311439825,-5718.357397631729,-5699.1456522519575,,5000,1,70631727,ok
Corenflos DPF,20,20,0,318,421.2448715020437,-5730.35062125951,-5702.507953430008,,5000,1,70631728,ok
Corenflos DPF,20,20,0,319,422.7327164930757,-5723.856168089739,-5704.5306940771825,,5000,1,70631729,ok
Corenflos DPF,20,20,0,320,424.2584410280688,-5735.828799036179,-5697.52881732502,,5000,1,70631730,ok
Corenflos DPF,20,20,0,321,425.7841187870363,-5728.335187722833,-5705.28986367659,,5000,1,70631731,ok
Corenflos DPF,20,20,0,322,427.33268059405964,-5731.10732204119,-5703.0740886647845,,5000,1,70631732,ok
Corenflos DPF,20,20,0,323,428.8508385720197,-5726.604887241635,-5697.529384313752,,5000,1,70631733,ok
Corenflos DPF,20,20,0,324,430.3696615539957,-5737.572059805139,-5707.150276826766,,5000,1,70631734,ok
Corenflos DPF,20,20,0,325,431.9034632720286,-5730.826151326124,-5709.014255440475,,5000,1,70631735,ok
Corenflos DPF,20,20,0,326,433.37481971806847,-5729.431332320296,-5710.33244457112,,5000,1,70631736,ok
Corenflos DPF,20,20,0,327,434.87694150803145,-5725.607587931672,-5709.095065324824,,5000,1,70631737,ok
Corenflos DPF,20,20,0,328,436.38724591000937,-5728.573247165918,-5704.924928882469,,5000,1,70631738,ok
Corenflos DPF,20,20,0,329,437.8749289229745,-5735.002375861052,-5711.484713935135,,5000,1,70631739,ok
Corenflos DPF,20,20,0,330,439.3916284580482,-5740.076692194796,-5712.1548403354645,,5000,1,70631740,ok
Corenflos DPF,20,20,0,331,440.90900093200617,-5731.187286257233,-5711.123186165625,,5000,1,70631741,ok
Corenflos DPF,20,20,0,332,442.39509097801056,-5733.655854928958,-5710.02481337281,,5000,1,70631742,ok
Corenflos DPF,20,20,0,333,443.9121351860231,-5739.869212377114,-5714.480940483878,,5000,1,70631743,ok
Corenflos DPF,20,20,0,334,445.4071532749804,-5740.1065926792835,-5709.060095744808,,5000,1,70631744,ok
Corenflos DPF,20,20,0,335,446.9022484960733,-5735.932166204768,-5712.304527924338,,5000,1,70631745,ok
Corenflos DPF,20,20,0,336,448.3972169770859,-5742.141900677894,-5714.1730217820395,,5000,1,70631746,ok
Corenflos DPF,20,20,0,337,449.88401428004727,-5734.046788266667,-5716.0685117473495,,5000,1,70631747,ok
Corenflos DPF,20,20,0,338,451.40269838203676,-5738.782082181597,-5708.388313565327,,5000,1,70631748,ok
Corenflos DPF,20,20,0,339,452.9358614140656,-5737.6779724878415,-5713.494004254469,,5000,1,70631749,ok
Corenflos DPF,20,20,0,340,454.4149317200063,-5735.245731717643,-5717.901909090426,,5000,1,70631750,ok
Corenflos DPF,20,20,0,341,455.9096887590131,-5732.796189515454,-5711.194777540959,,5000,1,70631751,ok
Corenflos DPF,20,20,0,342,457.4366272720508,-5746.91818327039,-5715.61750150356,,5000,1,70631752,ok
Corenflos DPF,20,20,0,343,458.96935374999885,-5740.02910897786,-5713.113220019847,,5000,1,70631753,ok
Corenflos DPF,20,20,0,344,460.45652928599156,-5746.237786525603,-5711.062065007005,,5000,1,70631754,ok
Corenflos DPF,20,20,0,345,461.9518457700033,-5739.063353862049,-5713.02249026041,,5000,1,70631755,ok
Corenflos DPF,20,20,0,346,463.423186914064,-5735.962055848867,-5706.574183331465,,5000,1,70631756,ok
Corenflos DPF,20,20,0,347,464.9340357159963,-5736.481470593741,-5711.30295290986,,5000,1,70631757,ok
Corenflos DPF,20,20,0,348,466.47472636704333,-5739.116040902332,-5714.180043704368,,5000,1,70631758,ok
Corenflos DPF,20,20,0,349,468.0086966380477,-5734.711089008586,-5710.70727523918,,5000,1,70631759,ok
Corenflos DPF,20,20,0,350,469.4951985779917,-5738.99196603488,-5710.780543817565,,5000,1,70631760,ok
Corenflos DPF,20,20,0,351,471.00594688300043,-5741.80059436362,-5709.7695084858005,,5000,1,70631761,ok
Corenflos DPF,20,20,0,352,472.49364110501483,-5733.034479710974,-5714.6244042745975,,5000,1,70631762,ok
Corenflos DPF,20,20,0,353,473.966176529997,-5738.875569839825,-5715.36933146463,,5000,1,70631763,ok
Corenflos DPF,20,20,0,354,475.4693490200443,-5733.163432199649,-5714.128375062683,,5000,1,70631764,ok
Corenflos DPF,20,20,0,355,477.01878580707125,-5738.838803436689,-5716.650465882156,,5000,1,70631765,ok
Corenflos DPF,20,20,0,356,478.5284641740145,-5736.835691325987,-5711.054906670554,,5000,1,70631766,ok
Corenflos DPF,20,20,0,357,480.00758194201626,-5735.752942275427,-5713.400996660834,,5000,1,70631767,ok
Corenflos DPF,20,20,0,358,481.5171982150059,-5733.0739840954875,-5716.137901798355,,5000,1,70631768,ok
Corenflos DPF,20,20,0,359,483.03397318103816,-5732.588740700859,-5705.9459127100135,,5000,1,70631769,ok
Corenflos DPF,20,20,0,360,484.5207895670319,-5735.330695968628,-5715.8570618423855,,5000,1,70631770,ok
Corenflos DPF,20,20,0,361,486.0311568310717,-5737.622501240268,-5715.174090015722,,5000,1,70631771,ok
Corenflos DPF,20,20,0,362,487.5183942960575,-5737.560725827208,-5714.965854854918,,5000,1,70631772,ok
Corenflos DPF,20,20,0,363,489.0354146340396,-5739.050684435083,-5721.227505899118,,5000,1,70631773,ok
Corenflos DPF,20,20,0,364,490.5367304000538,-5753.065450508968,-5717.471102842891,,5000,1,70631774,ok
Corenflos DPF,20,20,0,365,492.00778042001184,-5740.115613483907,-5717.6292759250455,,5000,1,70631775,ok
Corenflos DPF,20,20,0,366,493.54800139705185,-5743.503106947615,-5720.311485865604,,5000,1,70631776,ok
Corenflos DPF,20,20,0,367,495.0195789100835,-5745.744998190714,-5720.990057115578,,5000,1,70631777,ok
Corenflos DPF,20,20,0,368,496.5606778260553,-5753.189414160124,-5721.171090103151,,5000,1,70631778,ok
Corenflos DPF,20,20,0,369,498.1018232940696,-5739.193041659476,-5720.614117342586,,5000,1,70631779,ok
Corenflos DPF,20,20,0,370,499.5967402930837,-5747.76646409919,-5719.411433818471,,5000,1,70631780,ok
Corenflos DPF,20,20,0,371,501.07566607906483,-5747.695016372127,-5722.813336939011,,5000,1,70631781,ok
Corenflos DPF,20,20,0,372,502.57842406001873,-5741.757893203182,-5722.001150520672,,5000,1,70631782,ok
Corenflos DPF,20,20,0,373,504.08033503906336,-5741.940929853442,-5719.4195935301705,,5000,1,70631783,ok
Corenflos DPF,20,20,0,374,505.5908016390167,-5739.740860587527,-5714.088063570843,,5000,1,70631784,ok
Corenflos DPF,20,20,0,375,507.09303115599323,-5739.90662393164,-5717.687885308097,,5000,1,70631785,ok
Corenflos DPF,20,20,0,376,508.5652760780649,-5748.515701690549,-5717.3750632452075,,5000,1,70631786,ok
Corenflos DPF,20,20,0,377,510.0681121770758,-5744.510983961552,-5711.510984581776,,5000,1,70631787,ok
Corenflos DPF,20,20,0,378,511.60917815798894,-5741.903338877028,-5715.7541346754315,,5000,1,70631788,ok
Corenflos DPF,20,20,0,379,513.120396382059,-5743.632994441274,-5717.814422520811,,5000,1,70631789,ok
Corenflos DPF,20,20,0,380,514.6390922539867,-5743.55891757763,-5721.152365087866,,5000,1,70631790,ok
Corenflos DPF,20,20,0,381,516.1403661170043,-5739.790554045597,-5716.981735821554,,5000,1,70631791,ok
Corenflos DPF,20,20,0,382,517.6270316420123,-5738.660681511317,-5712.271990661003,,5000,1,70631792,ok
Corenflos DPF,20,20,0,383,519.1132337360177,-5737.48649047573,-5718.741328673446,,5000,1,70631793,ok
Corenflos DPF,20,20,0,384,520.6164353360655,-5738.391818495476,-5715.793301974815,,5000,1,70631794,ok
Corenflos DPF,20,20,0,385,522.1508259930415,-5748.446670283129,-5713.83795831365,,5000,1,70631795,ok
Corenflos DPF,20,20,0,386,523.676493406063,-5741.23961949221,-5716.542905797663,,5000,1,70631796,ok
Corenflos DPF,20,20,0,387,525.2019167050021,-5744.083635728998,-5718.480665187244,,5000,1,70631797,ok
Corenflos DPF,20,20,0,388,526.6892081940314,-5737.133086040055,-5713.546549727198,,5000,1,70631798,ok
Corenflos DPF,20,20,0,389,528.1988368490711,-5742.510976635067,-5716.021236715205,,5000,1,70631799,ok
Corenflos DPF,20,20,0,390,529.7167107620044,-5736.80859215015,-5715.258496229026,,5000,1,70631800,ok
Corenflos DPF,20,20,0,391,531.2656187800458,-5742.332363677542,-5709.554039117761,,5000,1,70631801,ok
Corenflos DPF,20,20,0,392,532.7916429340839,-5734.414797152922,-5716.235896244128,,5000,1,70631802,ok
Corenflos DPF,20,20,0,393,534.2867471440695,-5736.700685221774,-5719.473776392358,,5000,1,70631803,ok
Corenflos DPF,20,20,0,394,535.7886089329841,-5742.400585138626,-5717.785449445522,,5000,1,70631804,ok
Corenflos DPF,20,20,0,395,537.3140421580756,-5741.10736968035,-5716.4762988731245,,5000,1,70631805,ok
Corenflos DPF,20,20,0,396,538.8166916450718,-5744.718493702432,-5718.048785911263,,5000,1,70631806,ok
Corenflos DPF,20,20,0,397,540.3264919540379,-5740.898864040102,-5719.049115777187,,5000,1,70631807,ok
Corenflos DPF,20,20,0,398,541.8364825110184,-5739.504750166372,-5717.987208470914,,5000,1,70631808,ok
Corenflos DPF,20,20,0,399,543.4002400300233,-5748.989229152512,-5718.146276228242,,5000,1,70631809,ok
Corenflos DPF,20,20,0,400,544.9261463959701,-5749.576332299097,-5717.4632615288065,,5000,1,70631810,ok
Corenflos DPF,20,20,0,401,546.4435502199922,-5742.545167004132,-5718.723779785543,,5000,1,70631811,ok
Corenflos DPF,20,20,0,402,547.9309872899903,-5740.3392873541725,-5718.705024167225,,5000,1,70631812,ok
Corenflos DPF,20,20,0,403,549.4180760519812,-5744.771426807511,-5717.195327692859,,5000,1,70631813,ok
Corenflos DPF,20,20,0,404,550.9360042220214,-5738.179476032268,-5717.7539505452405,,5000,1,70631814,ok
Corenflos DPF,20,20,0,405,552.3993180720136,-5740.356395226587,-5714.970243819841,,5000,1,70631815,ok
Corenflos DPF,20,20,0,406,553.885905437055,-5737.076252404174,-5715.654784963879,,5000,1,70631816,ok
Corenflos DPF,20,20,0,407,555.4044408759801,-5740.7508247531405,-5712.021940857479,,5000,1,70631817,ok
Corenflos DPF,20,20,0,408,556.9453101470135,-5741.812706786061,-5712.403133225136,,5000,1,70631818,ok
Corenflos DPF,20,20,0,409,558.4857719430001,-5743.300603650054,-5713.39957218436,,5000,1,70631819,ok
Corenflos DPF,20,20,0,410,560.0192297759932,-5736.805523010738,-5714.014433155985,,5000,1,70631820,ok
Corenflos DPF,20,20,0,411,561.5124486010754,-5735.755814440534,-5713.139748501113,,5000,1,70631821,ok
Corenflos DPF,20,20,0,412,563.0459648850374,-5738.356825198706,-5716.8697213866435,,5000,1,70631822,ok
Corenflos DPF,20,20,0,413,564.5704650160624,-5730.972717509406,-5707.911292350584,,5000,1,70631823,ok
Corenflos DPF,20,20,0,414,566.118611922022,-5731.248229322214,-5709.86817220489,,5000,1,70631824,ok
Corenflos DPF,20,20,0,415,567.6436060870765,-5747.1566213049255,-5710.519598384664,,5000,1,70631825,ok
Corenflos DPF,20,20,0,416,569.1617890989874,-5730.939952353805,-5706.690125001143,,5000,1,70631826,ok
Corenflos DPF,20,20,0,417,570.6869948459789,-5743.973754181132,-5707.838167461012,,5000,1,70631827,ok
Corenflos DPF,20,20,0,418,572.2128823520616,-5728.966502649647,-5706.2558482892355,,5000,1,70631828,ok
Corenflos DPF,20,20,0,419,573.76213753107,-5729.986482605782,-5704.844966568855,,5000,1,70631829,ok
Corenflos DPF,20,20,0,420,575.3261935580522,-5722.5764232712645,-5703.651353851976,,5000,1,70631830,ok
Corenflos DPF,20,20,0,421,576.85932752199,-5729.828627960948,-5700.302460402145,,5000,1,70631831,ok
Corenflos DPF,20,20,0,422,578.4316194260027,-5727.226988985623,-5701.867301972517,,5000,1,70631832,ok
Corenflos DPF,20,20,0,423,579.9964486870449,-5723.248611324723,-5699.824401520291,,5000,1,70631833,ok
Corenflos DPF,20,20,0,424,581.5448985929834,-5726.388572743637,-5703.207890720482,,5000,1,70631834,ok
Corenflos DPF,20,20,0,425,583.0931364700664,-5717.971975348967,-5696.44030814255,,5000,1,70631835,ok
Corenflos DPF,20,20,0,426,584.6735534950858,-5718.461470994691,-5695.547512818894,,5000,1,70631836,ok
Corenflos DPF,20,20,0,427,586.2459511520574,-5721.353840820228,-5705.726797659735,,5000,1,70631837,ok
Corenflos DPF,20,20,0,428,587.7944235730683,-5725.060161447549,-5693.332627280068,,5000,1,70631838,ok
Corenflos DPF,20,20,0,429,589.3730862369994,-5718.414191610731,-5697.147492576375,,5000,1,70631839,ok
Corenflos DPF,20,20,0,430,590.944821192068,-5731.399312557996,-5692.236671418573,,5000,1,70631840,ok
Corenflos DPF,20,20,0,431,592.532138293027,-5718.077146501622,-5691.686571902845,,5000,1,70631841,ok
Corenflos DPF,20,20,0,432,594.0724694980308,-5721.101413142249,-5691.725891519784,,5000,1,70631842,ok
Corenflos DPF,20,20,0,433,595.6445511979982,-5712.152421633531,-5695.691664567719,,5000,1,70631843,ok
Corenflos DPF,20,20,0,434,597.2393533000723,-5713.646774629267,-5692.223191481492,,5000,1,70631844,ok
Corenflos DPF,20,20,0,435,598.8193013389828,-5719.180073502091,-5689.55429290767,,5000,1,70631845,ok
Corenflos DPF,20,20,0,436,600.3829879569821,-5712.295389195945,-5690.437669534245,,5000,1,70631846,ok
Corenflos DPF,20,20,0,437,601.9702996939886,-5717.405846076417,-5689.786782649178,,5000,1,70631847,ok
Corenflos DPF,20,20,0,438,603.5495243329788,-5714.1171669675,-5683.621328022562,,5000,1,70631848,ok
Corenflos DPF,20,20,0,439,605.1064899150515,-5715.981593340097,-5684.526552882604,,5000,1,70631849,ok
Corenflos DPF,20,20,0,440,606.6943952610018,-5719.087019206234,-5693.489368140253,,5000,1,70631850,ok
Corenflos DPF,20,20,0,441,608.2665637540631,-5715.97479801994,-5694.415609722708,,5000,1,70631851,ok
Corenflos DPF,20,20,0,442,609.8376342300326,-5711.663418854165,-5695.949503023616,,5000,1,70631852,ok
Corenflos DPF,20,20,0,443,611.432336007012,-5716.331428635859,-5690.038341764757,,5000,1,70631853,ok
Corenflos DPF,20,20,0,444,613.0193819520064,-5710.062191622256,-5689.541017013169,,5000,1,70631854,ok
Corenflos DPF,20,20,0,445,614.5922195940511,-5728.479276988977,-5694.3881562477045,,5000,1,70631855,ok
Corenflos DPF,20,20,0,446,616.1943928420078,-5731.614609279834,-5686.314124813147,,5000,1,70631856,ok
Corenflos DPF,20,20,0,447,617.7745393540245,-5728.803254026891,-5688.16371506235,,5000,1,70631857,ok
Corenflos DPF,20,20,0,448,619.3155959100695,-5708.891211724391,-5682.600691387483,,5000,1,70631858,ok
Corenflos DPF,20,20,0,449,620.8882636689814,-5704.770834174681,-5684.84473413253,,5000,1,70631859,ok
Corenflos DPF,20,20,0,450,622.4524066749727,-5713.351060429372,-5692.397702614849,,5000,1,70631860,ok
Corenflos DPF,20,20,0,451,624.0389402899891,-5724.092547758151,-5687.652637872264,,5000,1,70631861,ok
Corenflos DPF,20,20,0,452,625.5948128399905,-5715.97172277991,-5694.957063008823,,5000,1,70631862,ok
Corenflos DPF,20,20,0,453,627.1664965760428,-5720.493650788425,-5693.208589121819,,5000,1,70631863,ok
Corenflos DPF,20,20,0,454,628.7471728289966,-5719.07905038233,-5689.203683072988,,5000,1,70631864,ok
Corenflos DPF,20,20,0,455,630.3023222869961,-5714.7975042102635,-5693.105944884232,,5000,1,70631865,ok
Corenflos DPF,20,20,0,456,631.8657844939735,-5722.614163798753,-5691.941878381719,,5000,1,70631866,ok
Corenflos DPF,20,20,0,457,633.468866468058,-5724.212103828047,-5693.880584890317,,5000,1,70631867,ok
Corenflos DPF,20,20,0,458,635.0561617200729,-5720.414944487702,-5690.920956983081,,5000,1,70631868,ok
Corenflos DPF,20,20,0,459,636.6360713250469,-5719.240080409174,-5689.9780125423495,,5000,1,70631869,ok
Corenflos DPF,20,20,0,460,638.1929503810825,-5712.859214896696,-5700.58541019545,,5000,1,70631870,ok
Corenflos DPF,20,20,0,461,639.772505579982,-5723.620960623364,-5691.808292271143,,5000,1,70631871,ok
Corenflos DPF,20,20,0,462,641.3602347490378,-5735.140837122593,-5693.905178018481,,5000,1,70631872,ok
Corenflos DPF,20,20,0,463,642.9324284790782,-5720.610900980714,-5693.039458150689,,5000,1,70631873,ok
Corenflos DPF,20,20,0,464,644.5119897220284,-5723.466389818794,-5691.839097451931,,5000,1,70631874,ok
Corenflos DPF,20,20,0,465,646.0849817070412,-5723.405363426556,-5696.4749347934285,,5000,1,70631875,ok
Corenflos DPF,20,20,0,466,647.6728738159873,-5720.912518749685,-5690.569364204232,,5000,1,70631876,ok
Corenflos DPF,20,20,0,467,649.2688804110512,-5721.280972092592,-5690.292406411262,,5000,1,70631877,ok
Corenflos DPF,20,20,0,468,650.8492536130361,-5718.850532857949,-5692.888813383074,,5000,1,70631878,ok
Corenflos DPF,20,20,0,469,652.3988196610007,-5717.117861668037,-5692.806786269996,,5000,1,70631879,ok
Corenflos DPF,20,20,0,470,653.9787699340377,-5714.76819425961,-5689.589514654655,,5000,1,70631880,ok
Corenflos DPF,20,20,0,471,655.5672578270314,-5739.875998539243,-5696.036693946009,,5000,1,70631881,ok
Corenflos DPF,20,20,0,472,657.1391522240592,-5724.902245016012,-5692.999656434435,,5000,1,70631882,ok
Corenflos DPF,20,20,0,473,658.7112051240401,-5714.881728716813,-5695.082562148821,,5000,1,70631883,ok
Corenflos DPF,20,20,0,474,660.2752055290621,-5717.247677109077,-5688.622089073048,,5000,1,70631884,ok
Corenflos DPF,20,20,0,475,661.831816860009,-5713.240254597551,-5690.543467909648,,5000,1,70631885,ok
Corenflos DPF,20,20,0,476,663.4193447569851,-5714.050777305871,-5685.246864705219,,5000,1,70631886,ok
Corenflos DPF,20,20,0,477,665.0289060260402,-5717.160981112464,-5679.715820255542,,5000,1,70631887,ok
Corenflos DPF,20,20,0,478,666.6177100819768,-5716.2430013753365,-5691.943098591818,,5000,1,70631888,ok
Corenflos DPF,20,20,0,479,668.1970602740766,-5713.480131633915,-5693.222640559266,,5000,1,70631889,ok
Corenflos DPF,20,20,0,480,669.823219693033,-5710.660047311779,-5692.261609097138,,5000,1,70631890,ok
Corenflos DPF,20,20,0,481,671.4355557260569,-5723.089579507594,-5693.156608934682,,5000,1,70631891,ok
Corenflos DPF,20,20,0,482,673.029801796074,-5716.617892720687,-5692.943355035256,,5000,1,70631892,ok
Corenflos DPF,20,20,0,483,674.6333644060651,-5709.177808548724,-5688.355794483439,,5000,1,70631893,ok
Corenflos DPF,20,20,0,484,676.2052511660149,-5711.020220803792,-5694.47992629757,,5000,1,70631894,ok
Corenflos DPF,20,20,0,485,677.7759478440275,-5714.020029870531,-5689.414710950804,,5000,1,70631895,ok
Corenflos DPF,20,20,0,486,679.363911512075,-5719.26834086065,-5685.4437820771545,,5000,1,70631896,ok
Corenflos DPF,20,20,0,487,680.959557453054,-5717.322877908822,-5684.31721816322,,5000,1,70631897,ok
Corenflos DPF,20,20,0,488,682.5548958759755,-5710.020020095224,-5690.034777462784,,5000,1,70631898,ok
Corenflos DPF,20,20,0,489,684.1499135260237,-5720.309427923414,-5692.875083948275,,5000,1,70631899,ok
Corenflos DPF,20,20,0,490,685.7690825610189,-5720.214218619023,-5689.868591564774,,5000,1,70631900,ok
Corenflos DPF,20,20,0,491,687.3726934969891,-5710.152394409962,-5683.6558405936785,,5000,1,70631901,ok
Corenflos DPF,20,20,0,492,688.9675008910708,-5704.0349126059455,-5687.799827017616,,5000,1,70631902,ok
Corenflos DPF,20,20,0,493,690.5862728810171,-5716.687825011314,-5686.257591288353,,5000,1,70631903,ok
Corenflos DPF,20,20,0,494,692.1727632250404,-5707.9353097813355,-5687.619619001962,,5000,1,70631904,ok
Corenflos DPF,20,20,0,495,693.7827366410056,-5709.588698397953,-5679.404540066527,,5000,1,70631905,ok
Corenflos DPF,20,20,0,496,695.385921329027,-5703.610199622737,-5681.606509804209,,5000,1,70631906,ok
Corenflos DPF,20,20,0,497,696.9881977579789,-5716.600163002629,-5687.463227345332,,5000,1,70631907,ok
Corenflos DPF,20,20,0,498,698.5982793900184,-5718.382310345633,-5682.433044771829,,5000,1,70631908,ok
Corenflos DPF,20,20,0,499,700.2004823660245,-5715.391800121672,-5685.767395444916,,5000,1,70631909,ok
Corenflos DPF,20,20,0,500,701.8040523150703,-5704.26838386873,-5683.95869181601,,5000,1,70631910,ok
Corenflos DPF,20,20,0,501,703.3994054279756,-5710.001122605938,-5683.5987844160245,,5000,1,70631911,ok
Corenflos DPF,20,20,0,502,704.9792176950723,-5705.163169286014,-5684.487260328958,,5000,1,70631912,ok
Corenflos DPF,20,20,0,503,706.5891433670186,-5718.962433278824,-5681.938687572104,,5000,1,70631913,ok
Corenflos DPF,20,20,0,504,708.1917069799965,-5712.383187141648,-5684.05094650821,,5000,1,70631914,ok
Corenflos DPF,20,20,0,505,709.8338242630707,-5717.363760942972,-5680.405533802845,,5000,1,70631915,ok
Corenflos DPF,20,20,0,506,711.4206848250469,-5711.0698716786355,-5681.837356652479,,5000,1,70631916,ok
Corenflos DPF,20,20,0,507,713.030529589043,-5708.743685349771,-5678.660379004773,,5000,1,70631917,ok
Corenflos DPF,20,20,0,508,714.6265815229854,-5713.736130652142,-5678.801165639731,,5000,1,70631918,ok
Corenflos DPF,20,20,0,509,716.214738268056,-5701.658249548451,-5680.657331386575,,5000,1,70631919,ok
Corenflos DPF,20,20,0,510,717.8413693010807,-5702.936046252791,-5682.618062486812,,5000,1,70631920,ok
Corenflos DPF,20,20,0,511,719.467466578004,-5700.342136562368,-5680.11295890394,,5000,1,70631921,ok
Corenflos DPF,20,20,0,512,721.0929611820029,-5708.735397418788,-5678.35170677042,,5000,1,70631922,ok
Corenflos DPF,20,20,0,513,722.6956685039913,-5708.828036208044,-5680.207267658142,,5000,1,70631923,ok
Corenflos DPF,20,20,0,514,724.3298456859775,-5711.8521796619325,-5677.441647528792,,5000,1,70631924,ok
Corenflos DPF,20,20,0,515,725.9253240070539,-5714.24499438142,-5685.980148686075,,5000,1,70631925,ok
Corenflos DPF,20,20,0,516,727.5124163790606,-5706.291647843229,-5684.783547581566,,5000,1,70631926,ok
Corenflos DPF,20,20,0,517,729.1151437590597,-5711.680480676594,-5675.30117720387,,5000,1,70631927,ok
Corenflos DPF,20,20,0,518,730.7336132120108,-5711.143313027787,-5680.194969877455,,5000,1,70631928,ok
Corenflos DPF,20,20,0,519,732.3213303750381,-5708.412863011671,-5686.31011644678,,5000,1,70631929,ok
Corenflos DPF,20,20,0,520,733.9327892119763,-5712.908690781344,-5682.347278600892,,5000,1,70631930,ok
Corenflos DPF,20,20,0,521,735.5370318610221,-5716.225899926755,-5688.9565347901025,,5000,1,70631931,ok
Corenflos DPF,20,20,0,522,737.139385515009,-5712.568204899708,-5681.852690061818,,5000,1,70631932,ok
Corenflos DPF,20,20,0,523,738.7271530550206,-5712.918877203165,-5685.2375078036985,,5000,1,70631933,ok
Corenflos DPF,20,20,0,524,740.3449495830573,-5727.434893755194,-5688.058915064268,,5000,1,70631934,ok
Corenflos DPF,20,20,0,525,741.9548505380517,-5720.493082465446,-5686.470889991906,,5000,1,70631935,ok
Corenflos DPF,20,20,0,526,743.5889010980027,-5715.362801957732,-5690.476117271261,,5000,1,70631936,ok
Corenflos DPF,20,20,0,527,745.2146727710497,-5714.183015332031,-5694.685436921583,,5000,1,70631937,ok
Corenflos DPF,20,20,0,528,746.8403878270183,-5732.57802391756,-5690.658737891629,,5000,1,70631938,ok
Corenflos DPF,20,20,0,529,748.4423403809778,-5715.806723492612,-5692.213394297885,,5000,1,70631939,ok
Corenflos DPF,20,20,0,530,750.0604333840311,-5713.113373269302,-5693.274302640314,,5000,1,70631940,ok
Corenflos DPF,20,20,0,531,751.6547422080766,-5723.610404577015,-5694.51879761728,,5000,1,70631941,ok
Corenflos DPF,20,20,0,532,753.2419631170342,-5716.54266919394,-5684.830458355616,,5000,1,70631942,ok
Corenflos DPF,20,20,0,533,754.852941357065,-5721.428122773914,-5692.538241843024,,5000,1,70631943,ok
Corenflos DPF,20,20,0,534,756.4633795520058,-5720.861894347075,-5697.268285992761,,5000,1,70631944,ok
Corenflos DPF,20,20,0,535,758.0896748140221,-5720.103128837089,-5697.2043924476875,,5000,1,70631945,ok
Corenflos DPF,20,20,0,536,759.7007535910234,-5725.633183038655,-5697.849271798925,,5000,1,70631946,ok
Corenflos DPF,20,20,0,537,761.2963736890815,-5724.944861558292,-5697.182275716538,,5000,1,70631947,ok
Corenflos DPF,20,20,0,538,762.8907610999886,-5723.900455457451,-5698.523284348372,,5000,1,70631948,ok
Corenflos DPF,20,20,0,539,764.485771044041,-5719.05794642421,-5692.7990186393245,,5000,1,70631949,ok
Corenflos DPF,20,20,0,540,766.1042347960174,-5723.629513753772,-5696.086955490061,,5000,1,70631950,ok
Corenflos DPF,20,20,0,541,767.7215807400644,-5730.82476531031,-5694.826195229449,,5000,1,70631951,ok
Corenflos DPF,20,20,0,542,769.3246079790406,-5721.844547695831,-5696.171036307795,,5000,1,70631952,ok
Corenflos DPF,20,20,0,543,770.950711630052,-5735.939909678564,-5695.772675643258,,5000,1,70631953,ok
Corenflos DPF,20,20,0,544,772.5765495100059,-5731.383853255674,-5689.679654252255,,5000,1,70631954,ok
Corenflos DPF,20,20,0,545,774.1940986800473,-5720.076677504925,-5689.217220866616,,5000,1,70631955,ok
Corenflos DPF,20,20,0,546,775.7968017070089,-5720.517074790126,-5693.019336722315,,5000,1,70631956,ok
Corenflos DPF,20,20,0,547,777.39167039108,-5710.261329583835,-5687.459609135676,,5000,1,70631957,ok
Corenflos DPF,20,20,0,548,779.0178136819741,-5719.437102818349,-5690.294283130779,,5000,1,70631958,ok
Corenflos DPF,20,20,0,549,780.6198153119767,-5721.143423326523,-5682.398957230262,,5000,1,70631959,ok
Corenflos DPF,20,20,0,550,782.2222401690669,-5716.633838823557,-5680.741545830051,,5000,1,70631960,ok
Corenflos DPF,20,20,0,551,783.8560773860663,-5715.548360224742,-5687.347663532235,,5000,1,70631961,ok
Corenflos DPF,20,20,0,552,785.4823626560392,-5729.730742032589,-5687.256120595674,,5000,1,70631962,ok
Corenflos DPF,20,20,0,553,787.0855215929914,-5716.528548612617,-5679.794024857724,,5000,1,70631963,ok
Corenflos DPF,20,20,0,554,788.7116655790014,-5730.186535703564,-5684.55914385654,,5000,1,70631964,ok
Corenflos DPF,20,20,0,555,790.3373356959783,-5734.430469537741,-5685.759952566424,,5000,1,70631965,ok
Corenflos DPF,20,20,0,556,791.931755268015,-5712.318870933379,-5682.905975641479,,5000,1,70631966,ok
Corenflos DPF,20,20,0,557,793.5813664069865,-5716.582327261829,-5683.880768994794,,5000,1,70631967,ok
Corenflos DPF,20,20,0,558,795.1988745359704,-5716.847443132619,-5682.740307946209,,5000,1,70631968,ok
Corenflos DPF,20,20,0,559,796.8169679970015,-5716.381139950008,-5683.500861115782,,5000,1,70631969,ok
Corenflos DPF,20,20,0,560,798.4433299540542,-5713.749480942724,-5680.8697397096375,,5000,1,70631970,ok
Corenflos DPF,20,20,0,561,800.052927857032,-5707.987280170166,-5678.6086029998705,,5000,1,70631971,ok
Corenflos DPF,20,20,1,0,4.650540544069372,-7509.3611052178,-5695.435205225355,,5000,1,70632407,ok
Corenflos DPF,20,20,1,1,9.056757810991257,-7474.93012627833,-5896.269725787253,,5000,1,70632408,ok
Corenflos DPF,20,20,1,2,13.316122055053711,-7312.552444826203,-6050.726780063924,,5000,1,70632409,ok
Corenflos DPF,20,20,1,3,17.521376400021836,-7467.118146374933,-6195.988207830358,,5000,1,70632410,ok
Corenflos DPF,20,20,1,4,21.488116174004972,-7351.213795923872,-6389.792522557744,,5000,1,70632411,ok
Corenflos DPF,20,20,1,5,25.33023411803879,-7382.187721471573,-6526.373540921178,,5000,1,70632412,ok
Corenflos DPF,20,20,1,6,29.087291789008304,-7251.730063965571,-6526.026867244962,,5000,1,70632413,ok
Corenflos DPF,20,20,1,7,32.84315666905604,-7162.932559959166,-6563.401074736995,,5000,1,70632414,ok
Corenflos DPF,20,20,1,8,36.55478255706839,-7101.306401326752,-6513.499009802075,,5000,1,70632415,ok
Corenflos DPF,20,20,1,9,40.15131304599345,-6987.953001444839,-6513.5835339673495,,5000,1,70632416,ok
Corenflos DPF,20,20,1,10,43.59935632406268,-6960.8470383648255,-6501.913409776155,,5000,1,70632417,ok
Corenflos DPF,20,20,1,11,47.04109721106943,-6871.280285142771,-6486.7908475018185,,5000,1,70632418,ok
Corenflos DPF,20,20,1,12,50.383965913089924,-6809.966264690505,-6477.070697314887,,5000,1,70632419,ok
Corenflos DPF,20,20,1,13,53.72326491307467,-6727.531403321518,-6428.131231436255,,5000,1,70632420,ok
Corenflos DPF,20,20,1,14,56.98811554803979,-6662.152035572049,-6379.511558800214,,5000,1,70632421,ok
Corenflos DPF,20,20,1,15,60.28147669299506,-6614.4090589481075,-6339.482408903061,,5000,1,70632422,ok
Corenflos DPF,20,20,1,16,63.51242042903323,-6528.329631793873,-6308.910687615445,,5000,1,70632423,ok
Corenflos DPF,20,20,1,17,66.72085107804742,-6526.404246795955,-6239.439598941645,,5000,1,70632424,ok
Corenflos DPF,20,20,1,18,69.86915809800848,-6431.921665177987,-6219.811384690426,,5000,1,70632425,ok
Corenflos DPF,20,20,1,19,73.07120177801698,-6391.828662833501,-6158.915403746591,,5000,1,70632426,ok
Corenflos DPF,20,20,1,20,76.14244058402255,-6345.592507251831,-6142.367540613412,,5000,1,70632427,ok
Corenflos DPF,20,20,1,21,79.23630053002853,-6299.101127313229,-6082.793402391538,,5000,1,70632428,ok
Corenflos DPF,20,20,1,22,82.28453988803085,-6235.061848860462,-6041.660635689908,,5000,1,70632429,ok
Corenflos DPF,20,20,1,23,85.30155351303983,-6190.571326686481,-6019.501473925486,,5000,1,70632430,ok
Corenflos DPF,20,20,1,24,88.26205043704249,-6159.145782934758,-6001.631186836505,,5000,1,70632431,ok
Corenflos DPF,20,20,1,25,91.17039654601831,-6112.7912601095295,-5967.67012791444,,5000,1,70632432,ok
Corenflos DPF,20,20,1,26,94.07701148698106,-6068.354392321021,-5931.660108021624,,5000,1,70632433,ok
Corenflos DPF,20,20,1,27,96.97625691001303,-6030.453388801536,-5905.901417770289,,5000,1,70632434,ok
Corenflos DPF,20,20,1,28,99.83095464901999,-6011.191598277204,-5885.703460155653,,5000,1,70632435,ok
Corenflos DPF,20,20,1,29,102.66203387198038,-5984.4538812863275,-5875.358949307007,,5000,1,70632436,ok
Corenflos DPF,20,20,1,30,105.43737795308698,-5953.142227486396,-5871.720674775296,,5000,1,70632437,ok
Corenflos DPF,20,20,1,31,108.2129856540123,-5940.038833392959,-5853.001405075119,,5000,1,70632438,ok
Corenflos DPF,20,20,1,32,110.88222269900143,-5926.334179054051,-5824.13241603013,,5000,1,70632439,ok
Corenflos DPF,20,20,1,33,113.51314239099156,-5911.004135196497,-5835.73949599265,,5000,1,70632440,ok
Corenflos DPF,20,20,1,34,116.13590773602482,-5895.103670688582,-5831.188507059834,,5000,1,70632441,ok
Corenflos DPF,20,20,1,35,118.68975463707466,-5889.674858168695,-5818.75585500544,,5000,1,70632442,ok
Corenflos DPF,20,20,1,36,121.18156500603072,-5890.106077176517,-5817.474400026208,,5000,1,70632443,ok
Corenflos DPF,20,20,1,37,123.63463702506851,-5894.36929135185,-5832.68876090538,,5000,1,70632444,ok
Corenflos DPF,20,20,1,38,126.01028137502726,-5894.991794064984,-5838.314155340455,,5000,1,70632445,ok
Corenflos DPF,20,20,1,39,128.37044934101868,-5901.734394086801,-5845.176085177087,,5000,1,70632446,ok
Corenflos DPF,20,20,1,40,130.63954719901085,-5912.83310694867,-5856.836666860934,,5000,1,70632447,ok
Corenflos DPF,20,20,1,41,132.82208537508268,-5929.712404991635,-5874.375669968142,,5000,1,70632448,ok
Corenflos DPF,20,20,1,42,134.94285121408757,-5941.805728025474,-5887.078901762682,,5000,1,70632449,ok
Corenflos DPF,20,20,1,43,137.08705788501538,-5953.75302384192,-5901.578975871328,,5000,1,70632450,ok
Corenflos DPF,20,20,1,44,139.1684086919995,-5973.385045085606,-5920.22464082855,,5000,1,70632451,ok
Corenflos DPF,20,20,1,45,141.19659614306875,-5987.282947430294,-5934.28288564404,,5000,1,70632452,ok
Corenflos DPF,20,20,1,46,143.1616072690813,-6006.643083308137,-5949.242956309866,,5000,1,70632453,ok
Corenflos DPF,20,20,1,47,145.08899941807613,-6024.382701203542,-5973.986996171089,,5000,1,70632454,ok
Corenflos DPF,20,20,1,48,146.9704791730037,-6038.414232730463,-5993.553006602771,,5000,1,70632455,ok
Corenflos DPF,20,20,1,49,148.79699897801038,-6053.8314393451765,-6012.197482259332,,5000,1,70632456,ok
Corenflos DPF,20,20,1,50,150.5702655420173,-6071.601386137414,-6028.083883733104,,5000,1,70632457,ok
Corenflos DPF,20,20,1,51,153.1757451290032,-5885.776573129764,-5821.896698602956,,5000,1,70632458,ok
Corenflos DPF,20,20,1,52,155.71301284898072,-5902.129347550999,-5835.737734060115,,5000,1,70632459,ok
Corenflos DPF,20,20,1,53,158.23405358602758,-5880.044488762069,-5812.5963973136595,,5000,1,70632460,ok
Corenflos DPF,20,20,1,54,160.74844911601394,-5871.56223670007,-5805.329711994464,,5000,1,70632461,ok
Corenflos DPF,20,20,1,55,163.2244506740244,-5861.742630072641,-5802.150860367141,,5000,1,70632462,ok
Corenflos DPF,20,20,1,56,165.72355243901256,-5860.4323237563995,-5797.6986964285525,,5000,1,70632463,ok
Corenflos DPF,20,20,1,57,168.18499157798942,-5857.569976701198,-5802.355515714476,,5000,1,70632464,ok
Corenflos DPF,20,20,1,58,170.57583850005176,-5860.021672775052,-5805.132479420526,,5000,1,70632465,ok
Corenflos DPF,20,20,1,59,172.99753139703535,-5860.030383651887,-5804.736450695814,,5000,1,70632466,ok
Corenflos DPF,20,20,1,60,175.41934294207022,-5855.090685150415,-5802.215842263427,,5000,1,70632467,ok
Corenflos DPF,20,20,1,61,177.77043375605717,-5859.6222168221075,-5795.323505546756,,5000,1,70632468,ok
Corenflos DPF,20,20,1,62,180.0843507440295,-5852.900354451745,-5797.1299082321475,,5000,1,70632469,ok
Corenflos DPF,20,20,1,63,182.33592609502375,-5851.806709240109,-5796.975483842882,,5000,1,70632470,ok
Corenflos DPF,20,20,1,64,184.58762562298216,-5859.734690395129,-5799.83380514123,,5000,1,70632471,ok
Corenflos DPF,20,20,1,65,186.87797274603508,-5848.350195029958,-5803.297050701537,,5000,1,70632472,ok
Corenflos DPF,20,20,1,66,189.12976399308536,-5854.146125890249,-5803.555625843612,,5000,1,70632473,ok
Corenflos DPF,20,20,1,67,191.31200478004757,-5855.783103884537,-5805.859952236573,,5000,1,70632474,ok
Corenflos DPF,20,20,1,68,193.4540127380751,-5854.114841642355,-5808.701094724015,,5000,1,70632475,ok
Corenflos DPF,20,20,1,69,195.58215763408225,-5861.300545982806,-5810.756561406972,,5000,1,70632476,ok
Corenflos DPF,20,20,1,70,197.69329860806465,-5863.968482036645,-5816.784055440162,,5000,1,70632477,ok
Corenflos DPF,20,20,1,71,199.78291999199428,-5866.949305555059,-5824.749033915321,,5000,1,70632478,ok
Corenflos DPF,20,20,1,72,201.89453036000486,-5877.238605190982,-5826.070365087044,,5000,1,70632479,ok
Corenflos DPF,20,20,1,73,203.95260505808983,-5873.122625711772,-5834.269987099373,,5000,1,70632480,ok
Corenflos DPF,20,20,1,74,205.9957102520857,-5887.804553485728,-5834.990103067639,,5000,1,70632481,ok
Corenflos DPF,20,20,1,75,207.9925986530725,-5887.5012294404505,-5843.144407551374,,5000,1,70632482,ok
Corenflos DPF,20,20,1,76,209.98919281503186,-5891.729247232406,-5845.924216197758,,5000,1,70632483,ok
Corenflos DPF,20,20,1,77,211.99357300100382,-5897.054788553256,-5856.420883822814,,5000,1,70632484,ok
Corenflos DPF,20,20,1,78,213.97565141902305,-5912.584050820165,-5866.655110821131,,5000,1,70632485,ok
Corenflos DPF,20,20,1,79,215.9496828240808,-5927.785137912077,-5880.329146272443,,5000,1,70632486,ok
Corenflos DPF,20,20,1,80,217.8846551590832,-5940.249606960257,-5886.675273688302,,5000,1,70632487,ok
Corenflos DPF,20,20,1,81,219.80496284505352,-5952.0909823344155,-5906.973031643918,,5000,1,70632488,ok
Corenflos DPF,20,20,1,82,221.69346592598595,-5967.970306824589,-5915.587319274459,,5000,1,70632489,ok
Corenflos DPF,20,20,1,83,223.59799190808553,-5973.134304984271,-5930.661102389621,,5000,1,70632490,ok
Corenflos DPF,20,20,1,84,225.8332449500449,-5858.299814220638,-5799.158432249217,,5000,1,70632491,ok
Corenflos DPF,20,20,1,85,228.0067662129877,-5854.602462537175,-5807.603408108946,,5000,1,70632492,ok
Corenflos DPF,20,20,1,86,230.18041272705887,-5865.898591577778,-5806.928656248797,,5000,1,70632493,ok
Corenflos DPF,20,20,1,87,232.36299348901957,-5863.563731782464,-5809.010094328234,,5000,1,70632494,ok
Corenflos DPF,20,20,1,88,234.56834640400484,-5864.272581402687,-5811.746669419892,,5000,1,70632495,ok
Corenflos DPF,20,20,1,89,236.74902253807522,-5872.042138399477,-5817.493686367429,,5000,1,70632496,ok
Corenflos DPF,20,20,1,90,238.89954689505976,-5868.580364449201,-5817.9683890867655,,5000,1,70632497,ok
Corenflos DPF,20,20,1,91,241.0828423500061,-5874.056814286213,-5821.419375047439,,5000,1,70632498,ok
Corenflos DPF,20,20,1,92,243.18054948502686,-5873.069376196865,-5825.936655390326,,5000,1,70632499,ok
Corenflos DPF,20,20,1,93,245.31707115808968,-5874.745809970371,-5825.606907227349,,5000,1,70632500,ok
Corenflos DPF,20,20,1,94,247.43676094606053,-5881.36485615558,-5827.341375760997,,5000,1,70632501,ok
Corenflos DPF,20,20,1,95,249.55088017100934,-5872.013469041978,-5826.167042965581,,5000,1,70632502,ok
Corenflos DPF,20,20,1,96,251.61035359604284,-5871.519718471064,-5827.380469888175,,5000,1,70632503,ok
Corenflos DPF,20,20,1,97,253.72296835901216,-5878.7877615759935,-5827.383602023862,,5000,1,70632504,ok
Corenflos DPF,20,20,1,98,255.77466937201098,-5874.458509888074,-5833.343077881482,,5000,1,70632505,ok
Corenflos DPF,20,20,1,99,257.81790669902693,-5882.6426689565415,-5834.658763340722,,5000,1,70632506,ok
Corenflos DPF,20,20,1,100,259.88382781797554,-5876.4079111623205,-5837.268679218396,,5000,1,70632507,ok
Corenflos DPF,20,20,1,101,261.9583096160786,-5886.463658449233,-5836.467563641498,,5000,1,70632508,ok
Corenflos DPF,20,20,1,102,263.99509034503717,-5893.1110161241,-5840.245346960944,,5000,1,70632509,ok
Corenflos DPF,20,20,1,103,266.0075664750766,-5897.686503738658,-5841.7039583914175,,5000,1,70632510,ok
Corenflos DPF,20,20,1,104,268.0203926960239,-5895.421271153164,-5841.646474847253,,5000,1,70632511,ok
Corenflos DPF,20,20,1,105,270.0311821360374,-5895.10293039875,-5845.742447306741,,5000,1,70632512,ok
Corenflos DPF,20,20,1,106,272.0205915750703,-5895.863036574707,-5848.459173438119,,5000,1,70632513,ok
Corenflos DPF,20,20,1,107,274.0181382900337,-5895.507268191178,-5851.934295697746,,5000,1,70632514,ok
Corenflos DPF,20,20,1,108,275.99034262401983,-5895.161720827848,-5850.731274796271,,5000,1,70632515,ok
Corenflos DPF,20,20,1,109,277.9787823110819,-5902.5203091956755,-5858.017707826693,,5000,1,70632516,ok
Corenflos DPF,20,20,1,110,279.9670204530703,-5911.069125199065,-5865.37142412532,,5000,1,70632517,ok
Corenflos DPF,20,20,1,111,282.20250792906154,-5853.215189538854,-5798.389044232356,,5000,1,70632518,ok
Corenflos DPF,20,20,1,112,284.4689906690037,-5856.271889127864,-5803.365897425441,,5000,1,70632519,ok
Corenflos DPF,20,20,1,113,286.6984076560475,-5851.873793263076,-5806.01178148133,,5000,1,70632520,ok
Corenflos DPF,20,20,1,114,288.93475866899826,-5861.091823419712,-5807.759449116896,,5000,1,70632521,ok
Corenflos DPF,20,20,1,115,291.13996981608216,-5864.464115740092,-5805.365911366138,,5000,1,70632522,ok
Corenflos DPF,20,20,1,116,293.3598247600021,-5858.179769121852,-5810.424928643362,,5000,1,70632523,ok
Corenflos DPF,20,20,1,117,295.5659552400466,-5863.011984517802,-5812.204790257674,,5000,1,70632524,ok
Corenflos DPF,20,20,1,118,297.73176324006636,-5867.827860607909,-5807.358944818784,,5000,1,70632525,ok
Corenflos DPF,20,20,1,119,299.8444490400143,-5858.7647153820235,-5812.704939749887,,5000,1,70632526,ok
Corenflos DPF,20,20,1,120,302.0111408130033,-5859.844088270171,-5815.778640531723,,5000,1,70632527,ok
Corenflos DPF,20,20,1,121,304.21755706099793,-5870.509459903871,-5816.136352987842,,5000,1,70632528,ok
Corenflos DPF,20,20,1,122,306.36032308102585,-5861.154412683597,-5812.830591084281,,5000,1,70632529,ok
Corenflos DPF,20,20,1,123,308.5492484640563,-5875.23481868134,-5816.525112836337,,5000,1,70632530,ok
Corenflos DPF,20,20,1,124,310.67659012402873,-5870.650743088983,-5819.658001549864,,5000,1,70632531,ok
Corenflos DPF,20,20,1,125,312.797350000008,-5872.583422300915,-5816.274038147722,,5000,1,70632532,ok
Corenflos DPF,20,20,1,126,314.94107560103294,-5868.985133070927,-5818.289067023814,,5000,1,70632533,ok
Corenflos DPF,20,20,1,127,317.0773651850177,-5868.816145800036,-5825.544002553912,,5000,1,70632534,ok
Corenflos DPF,20,20,1,128,319.21253795106895,-5877.32509491132,-5821.5772551719565,,5000,1,70632535,ok
Corenflos DPF,20,20,1,129,321.33953771402594,-5876.710096656203,-5818.798242329445,,5000,1,70632536,ok
Corenflos DPF,20,20,1,130,323.46120068698656,-5881.717247365339,-5821.81233704814,,5000,1,70632537,ok
Corenflos DPF,20,20,1,131,325.5665483979974,-5861.63047472229,-5826.634866049259,,5000,1,70632538,ok
Corenflos DPF,20,20,1,132,327.694465231034,-5871.247777764145,-5826.598699105083,,5000,1,70632539,ok
Corenflos DPF,20,20,1,133,329.8146006730385,-5875.587743433323,-5829.5308249554055,,5000,1,70632540,ok
Corenflos DPF,20,20,1,134,331.9425152799813,-5877.416500864252,-5827.99263393028,,5000,1,70632541,ok
Corenflos DPF,20,20,1,135,334.04061222902965,-5880.7542870558955,-5829.67310825512,,5000,1,70632542,ok
Corenflos DPF,20,20,1,136,336.14611613203306,-5879.471716184336,-5830.180419105936,,5000,1,70632543,ok
Corenflos DPF,20,20,1,137,338.2357766990317,-5880.011117371832,-5831.643460923509,,5000,1,70632544,ok
Corenflos DPF,20,20,1,138,340.34089329408016,-5877.141906340061,-5829.970100958786,,5000,1,70632545,ok
Corenflos DPF,20,20,1,139,342.3834911470767,-5884.797467475395,-5833.7438377182925,,5000,1,70632546,ok
Corenflos DPF,20,20,1,140,344.43361480906606,-5885.209983493794,-5834.721731589032,,5000,1,70632547,ok
Corenflos DPF,20,20,1,141,346.53081311902497,-5890.479356597723,-5831.5585332519995,,5000,1,70632548,ok
Corenflos DPF,20,20,1,142,348.5665040779859,-5880.191475196693,-5832.407907254645,,5000,1,70632549,ok
Corenflos DPF,20,20,1,143,350.64146194199566,-5891.491796543475,-5835.873373684794,,5000,1,70632550,ok
Corenflos DPF,20,20,1,144,352.6770824010018,-5879.076442382815,-5839.404611256342,,5000,1,70632551,ok
Corenflos DPF,20,20,1,145,354.74326407001354,-5886.16505867835,-5839.158460122677,,5000,1,70632552,ok
Corenflos DPF,20,20,1,146,356.7863333420828,-5891.004755889138,-5839.701768459983,,5000,1,70632553,ok
Corenflos DPF,20,20,1,147,358.81409120501485,-5886.912086782953,-5846.102171576809,,5000,1,70632554,ok
Corenflos DPF,20,20,1,148,360.8564000930637,-5888.67728339066,-5845.029467232791,,5000,1,70632555,ok
Corenflos DPF,20,20,1,149,363.13722420006525,-5850.8629989309,-5801.978134883557,,5000,1,70632556,ok
Corenflos DPF,20,20,1,150,365.42130298598204,-5865.1429647497625,-5797.895180818172,,5000,1,70632557,ok
Corenflos DPF,20,20,1,151,367.6505346460035,-5856.36774812275,-5803.668344756621,,5000,1,70632558,ok
Corenflos DPF,20,20,1,152,369.871005323017,-5855.462418648316,-5800.962679299832,,5000,1,70632559,ok
Corenflos DPF,20,20,1,153,372.1002595900791,-5856.369276174338,-5804.499503262384,,5000,1,70632560,ok
Corenflos DPF,20,20,1,154,374.3061494680587,-5848.5059300623525,-5804.1519973665245,,5000,1,70632561,ok
Corenflos DPF,20,20,1,155,376.54980373207945,-5858.196839126396,-5807.238070205108,,5000,1,70632562,ok
Corenflos DPF,20,20,1,156,378.7874532220885,-5870.99147320203,-5805.627079881202,,5000,1,70632563,ok
Corenflos DPF,20,20,1,157,380.97724209702574,-5854.862602839648,-5805.872871990402,,5000,1,70632564,ok
Corenflos DPF,20,20,1,158,383.2217143890448,-5850.644684480376,-5806.806701650627,,5000,1,70632565,ok
Corenflos DPF,20,20,1,159,385.4277501379838,-5861.588650194164,-5804.266940808676,,5000,1,70632566,ok
Corenflos DPF,20,20,1,160,387.64138167200144,-5859.921128838569,-5805.410575638373,,5000,1,70632567,ok
Corenflos DPF,20,20,1,161,389.862448870088,-5861.605704367472,-5808.227534359936,,5000,1,70632568,ok
Corenflos DPF,20,20,1,162,392.1141164380824,-5870.6313855155295,-5805.503266118679,,5000,1,70632569,ok
Corenflos DPF,20,20,1,163,394.3513348749839,-5862.8401277704115,-5808.187775518393,,5000,1,70632570,ok
Corenflos DPF,20,20,1,164,396.58031863707583,-5863.3688627342435,-5808.680962755691,,5000,1,70632571,ok
Corenflos DPF,20,20,1,165,398.7781764270039,-5864.350428280493,-5808.913152919534,,5000,1,70632572,ok
Corenflos DPF,20,20,1,166,400.9595792660257,-5864.710853809577,-5809.299210549048,,5000,1,70632573,ok
Corenflos DPF,20,20,1,167,403.088443265995,-5852.9230416732535,-5809.603526432654,,5000,1,70632574,ok
Corenflos DPF,20,20,1,168,405.30962964799255,-5867.316215701275,-5809.332735674777,,5000,1,70632575,ok
Corenflos DPF,20,20,1,169,407.4920610380359,-5867.239426792364,-5811.417005688717,,5000,1,70632576,ok
Corenflos DPF,20,20,1,170,409.67531922401395,-5870.6295928960735,-5810.212795612131,,5000,1,70632577,ok
Corenflos DPF,20,20,1,171,411.8658652630402,-5861.922621658781,-5809.7128144,,5000,1,70632578,ok
Corenflos DPF,20,20,1,172,414.02625099697616,-5857.914559752224,-5814.017591531022,,5000,1,70632579,ok
Corenflos DPF,20,20,1,173,416.17751504003536,-5860.613260591742,-5809.203056944637,,5000,1,70632580,ok
Corenflos DPF,20,20,1,174,418.3747117940802,-5868.6771724180835,-5814.055812890045,,5000,1,70632581,ok
Corenflos DPF,20,20,1,175,420.58687737607397,-5869.467176162065,-5811.250264975364,,5000,1,70632582,ok
Corenflos DPF,20,20,1,176,422.76809178304393,-5872.020162872237,-5811.207313984308,,5000,1,70632583,ok
Corenflos DPF,20,20,1,177,424.9192504180828,-5864.101839762008,-5814.684694851478,,5000,1,70632584,ok
Corenflos DPF,20,20,1,178,427.0862498820061,-5868.9735066626,-5816.411455245905,,5000,1,70632585,ok
Corenflos DPF,20,20,1,179,429.261867215042,-5860.301910119006,-5817.454516279861,,5000,1,70632586,ok
Corenflos DPF,20,20,1,180,431.43570984201506,-5872.413306069166,-5821.174168801111,,5000,1,70632587,ok
Corenflos DPF,20,20,1,181,433.5652502150042,-5865.210576332354,-5817.098704456179,,5000,1,70632588,ok
Corenflos DPF,20,20,1,182,435.7400161729893,-5868.900012306727,-5818.365455937013,,5000,1,70632589,ok
Corenflos DPF,20,20,1,183,437.87578187999316,-5866.245269797666,-5812.976730533406,,5000,1,70632590,ok
Corenflos DPF,20,20,1,184,439.9812779549975,-5863.714921102579,-5816.255597439266,,5000,1,70632591,ok
Corenflos DPF,20,20,1,185,442.1092132179765,-5862.505751084664,-5815.787034883438,,5000,1,70632592,ok
Corenflos DPF,20,20,1,186,444.2450294130249,-5870.972492572142,-5819.240345469765,,5000,1,70632593,ok
Corenflos DPF,20,20,1,187,446.3896962470608,-5863.989775091051,-5819.381374696474,,5000,1,70632594,ok
Corenflos DPF,20,20,1,188,448.5321239240002,-5869.850344441966,-5823.906921463917,,5000,1,70632595,ok
Corenflos DPF,20,20,1,189,450.7068666650448,-5866.854144745872,-5820.44138864093,,5000,1,70632596,ok
Corenflos DPF,20,20,1,190,452.8437497500563,-5876.9202144492765,-5821.243175651805,,5000,1,70632597,ok
Corenflos DPF,20,20,1,191,455.0109650370432,-5870.829799589036,-5821.5106261136325,,5000,1,70632598,ok
Corenflos DPF,20,20,1,192,457.14653990301304,-5862.3288983212515,-5818.190244416321,,5000,1,70632599,ok
Corenflos DPF,20,20,1,193,459.2679020840442,-5871.502604961712,-5819.129009826588,,5000,1,70632600,ok
Corenflos DPF,20,20,1,194,461.36557122599334,-5874.006537083665,-5821.821230550296,,5000,1,70632601,ok
Corenflos DPF,20,20,1,195,463.4543962699827,-5871.306932137489,-5819.763548049838,,5000,1,70632602,ok
Corenflos DPF,20,20,1,196,465.55897374707274,-5873.161511990251,-5818.453334527797,,5000,1,70632603,ok
Corenflos DPF,20,20,1,197,467.6721514100209,-5880.6756952630785,-5825.0843314337135,,5000,1,70632604,ok
Corenflos DPF,20,20,1,198,469.7992939230753,-5865.045131559843,-5823.50017357116,,5000,1,70632605,ok
Corenflos DPF,20,20,1,199,471.9046595230466,-5877.940976240116,-5825.736466306953,,5000,1,70632606,ok
Corenflos DPF,20,20,1,200,474.01749550399836,-5872.319521142939,-5824.391803731863,,5000,1,70632607,ok
Corenflos DPF,20,20,1,201,476.12968870904297,-5880.24559703006,-5824.582420788741,,5000,1,70632608,ok
Corenflos DPF,20,20,1,202,478.21899098798167,-5879.257449339479,-5828.3035881237065,,5000,1,70632609,ok
Corenflos DPF,20,20,1,203,480.3153616170166,-5877.0768528022045,-5825.952041274431,,5000,1,70632610,ok
Corenflos DPF,20,20,1,204,482.4444953330094,-5876.393105061361,-5826.381854624667,,5000,1,70632611,ok
Corenflos DPF,20,20,1,205,484.5799933039816,-5875.776984878072,-5827.514603529655,,5000,1,70632612,ok
Corenflos DPF,20,20,1,206,486.6620348710567,-5879.260316863665,-5825.581647840051,,5000,1,70632613,ok
Corenflos DPF,20,20,1,207,488.7521275350591,-5883.599450923704,-5829.712927937938,,5000,1,70632614,ok
Corenflos DPF,20,20,1,208,490.88086810102686,-5879.879273840301,-5826.698540216452,,5000,1,70632615,ok
Corenflos DPF,20,20,1,209,492.97758885705844,-5880.298836172555,-5829.436794009819,,5000,1,70632616,ok
Corenflos DPF,20,20,1,210,495.09110580408014,-5882.666877155657,-5831.275509645859,,5000,1,70632617,ok
Corenflos DPF,20,20,1,211,497.19656228704844,-5883.524117610269,-5827.856487942115,,5000,1,70632618,ok
Corenflos DPF,20,20,1,212,499.2789694420062,-5885.376500482427,-5829.349365293498,,5000,1,70632619,ok
Corenflos DPF,20,20,1,213,501.31536291900557,-5874.079992810266,-5829.317988567599,,5000,1,70632620,ok
Corenflos DPF,20,20,1,214,503.4199611800723,-5879.298094013025,-5830.2400787164615,,5000,1,70632621,ok
Corenflos DPF,20,20,1,215,505.4708492370555,-5881.803469737539,-5829.691478944726,,5000,1,70632622,ok
Corenflos DPF,20,20,1,216,507.52091919607483,-5882.727657182942,-5837.326553867768,,5000,1,70632623,ok
Corenflos DPF,20,20,1,217,509.5721876580501,-5882.136790944863,-5834.350471445294,,5000,1,70632624,ok
Corenflos DPF,20,20,1,218,511.6618433020776,-5886.582668587427,-5833.816876365311,,5000,1,70632625,ok
Corenflos DPF,20,20,1,219,513.7599094490288,-5883.510158570599,-5838.516924286447,,5000,1,70632626,ok
Corenflos DPF,20,20,1,220,515.8339774280321,-5887.491496121667,-5834.242433570136,,5000,1,70632627,ok
Corenflos DPF,20,20,1,221,517.8699155320646,-5877.739480932076,-5837.0312562465215,,5000,1,70632628,ok
Corenflos DPF,20,20,1,222,519.9137886230601,-5884.2822127541185,-5840.341494963728,,5000,1,70632629,ok
Corenflos DPF,20,20,1,223,521.973171557067,-5886.102953648433,-5839.981244379617,,5000,1,70632630,ok
Corenflos DPF,20,20,1,224,524.0396154610207,-5890.266883777962,-5840.746134073156,,5000,1,70632631,ok
Corenflos DPF,20,20,1,225,526.0979824700626,-5891.721151384984,-5839.011057653506,,5000,1,70632632,ok
Corenflos DPF,20,20,1,226,528.1570323810447,-5890.1113074493205,-5838.302069687426,,5000,1,70632633,ok
Corenflos DPF,20,20,1,227,530.1548094460741,-5892.218121988411,-5838.92208515241,,5000,1,70632634,ok
Corenflos DPF,20,20,1,228,532.1752990069799,-5880.371807299165,-5839.772477277249,,5000,1,70632635,ok
Corenflos DPF,20,20,1,229,534.203472060035,-5886.507015016257,-5839.645890911511,,5000,1,70632636,ok
Corenflos DPF,20,20,1,230,536.216305928072,-5891.835293529086,-5841.087628596644,,5000,1,70632637,ok
Corenflos DPF,20,20,1,231,538.2360943080857,-5892.430222672771,-5840.174924917299,,5000,1,70632638,ok
Corenflos DPF,20,20,1,232,540.4798908070661,-5852.405444101948,-5802.026308876664,,5000,1,70632639,ok
Corenflos DPF,20,20,1,233,542.762584134005,-5859.6316448740645,-5801.738138168223,,5000,1,70632640,ok
Corenflos DPF,20,20,1,234,545.0069092030171,-5861.304736422523,-5796.832456225537,,5000,1,70632641,ok
Corenflos DPF,20,20,1,235,547.2360655800439,-5858.255296763349,-5799.485359461274,,5000,1,70632642,ok
Corenflos DPF,20,20,1,236,549.4652228680206,-5848.022281112748,-5804.546360254906,,5000,1,70632643,ok
Corenflos DPF,20,20,1,237,551.7241460550576,-5854.078534832872,-5800.41455366219,,5000,1,70632644,ok
Corenflos DPF,20,20,1,238,553.9604478790425,-5848.144514858726,-5805.013063514818,,5000,1,70632645,ok
Corenflos DPF,20,20,1,239,556.2051083780825,-5861.654606979187,-5803.579590571028,,5000,1,70632646,ok
Corenflos DPF,20,20,1,240,558.441701275995,-5854.883693598969,-5803.188612577587,,5000,1,70632647,ok
Corenflos DPF,20,20,1,241,560.6852493389742,-5848.977159556988,-5801.433488508346,,5000,1,70632648,ok
Corenflos DPF,20,20,1,242,562.8980814940296,-5860.295694030804,-5801.778308121545,,5000,1,70632649,ok
Corenflos DPF,20,20,1,243,565.1424200140173,-5853.435597489255,-5801.737023159083,,5000,1,70632650,ok
Corenflos DPF,20,20,1,244,567.3406512860674,-5851.1426924613625,-5802.60152423985,,5000,1,70632651,ok
Corenflos DPF,20,20,1,245,569.5920215899823,-5860.216850509547,-5805.752673086035,,5000,1,70632652,ok
Corenflos DPF,20,20,1,246,571.806037269067,-5862.347854440264,-5807.994971619078,,5000,1,70632653,ok
Corenflos DPF,20,20,1,247,573.9805796979927,-5864.631314379594,-5806.316500470954,,5000,1,70632654,ok
Corenflos DPF,20,20,1,248,576.18614793499,-5858.7224178658635,-5804.846378741142,,5000,1,70632655,ok
Corenflos DPF,20,20,1,249,578.3838997200364,-5857.199518827634,-5806.405708966388,,5000,1,70632656,ok
Corenflos DPF,20,20,1,250,580.5736657100497,-5855.7597387080505,-5805.722656171454,,5000,1,70632657,ok
Corenflos DPF,20,20,1,251,582.7628097489942,-5854.167092363438,-5807.769307793311,,5000,1,70632658,ok
Corenflos DPF,20,20,1,252,584.9750011899741,-5865.593904090364,-5806.931674974818,,5000,1,70632659,ok
Corenflos DPF,20,20,1,253,587.2043617540039,-5853.83382885769,-5806.536021875811,,5000,1,70632660,ok
Corenflos DPF,20,20,1,254,589.4636365360348,-5874.564274287474,-5810.907278316079,,5000,1,70632661,ok
Corenflos DPF,20,20,1,255,591.6759607280837,-5859.5583772227765,-5805.703435052225,,5000,1,70632662,ok
Corenflos DPF,20,20,1,256,593.8898324370384,-5859.099315897301,-5805.622739647782,,5000,1,70632663,ok
Corenflos DPF,20,20,1,257,596.072508641053,-5858.753585435361,-5809.387405308674,,5000,1,70632664,ok
Corenflos DPF,20,20,1,258,598.2998859790387,-5862.7627721995705,-5803.977904896934,,5000,1,70632665,ok
Corenflos DPF,20,20,1,259,600.5203720399877,-5853.466922666481,-5805.976719390377,,5000,1,70632666,ok
Corenflos DPF,20,20,1,260,602.7658694779966,-5856.864540441722,-5809.105347389239,,5000,1,70632667,ok
Corenflos DPF,20,20,1,261,604.9714254820719,-5865.665611699605,-5807.386084850313,,5000,1,70632668,ok
Corenflos DPF,20,20,1,262,607.1915266810684,-5864.387146379204,-5804.606950175504,,5000,1,70632669,ok
Corenflos DPF,20,20,1,263,609.4052903390257,-5869.983709071784,-5813.443411354468,,5000,1,70632670,ok
Corenflos DPF,20,20,1,264,611.6497698930325,-5861.071386561118,-5812.334576259496,,5000,1,70632671,ok
Corenflos DPF,20,20,1,265,613.8010676030535,-5857.642981930249,-5809.305644438198,,5000,1,70632672,ok
Corenflos DPF,20,20,1,266,616.0057438319782,-5856.727630492087,-5809.995064233146,,5000,1,70632673,ok
Corenflos DPF,20,20,1,267,618.2020725890761,-5872.604539373444,-5806.619739746462,,5000,1,70632674,ok
Corenflos DPF,20,20,1,268,620.4146887500538,-5862.616300842705,-5810.59219248661,,5000,1,70632675,ok
Corenflos DPF,20,20,1,269,622.6123229790246,-5870.512184661914,-5810.4157794834455,,5000,1,70632676,ok
Corenflos DPF,20,20,1,270,624.8247174100252,-5859.555911051683,-5809.515172769601,,5000,1,70632677,ok
Corenflos DPF,20,20,1,271,627.0601712299976,-5868.308119978881,-5811.346281390367,,5000,1,70632678,ok
Corenflos DPF,20,20,1,272,629.2966235210188,-5865.413483323545,-5811.15271944146,,5000,1,70632679,ok
Corenflos DPF,20,20,1,273,631.4793069930747,-5858.0085812044745,-5809.673899776316,,5000,1,70632680,ok
Corenflos DPF,20,20,1,274,633.707994037075,-5867.432948902624,-5811.972474262136,,5000,1,70632681,ok
Corenflos DPF,20,20,1,275,635.8899103379808,-5861.098511803563,-5810.2276226306885,,5000,1,70632682,ok
Corenflos DPF,20,20,1,276,638.0875876790378,-5866.057937382788,-5811.097105846482,,5000,1,70632683,ok
Corenflos DPF,20,20,1,277,640.3159580760403,-5867.264296459321,-5811.977698098309,,5000,1,70632684,ok
Corenflos DPF,20,20,1,278,642.5129103950458,-5863.226202428463,-5810.216703045339,,5000,1,70632685,ok
Corenflos DPF,20,20,1,279,644.7329093710287,-5866.338396045203,-5809.488750487208,,5000,1,70632686,ok
Corenflos DPF,20,20,1,280,646.8837988789892,-5860.125017629418,-5814.212769039917,,5000,1,70632687,ok
Corenflos DPF,20,20,1,281,649.0648937260266,-5867.216191066671,-5813.1417603160235,,5000,1,70632688,ok
Corenflos DPF,20,20,1,282,651.2550663399743,-5861.341366925482,-5813.659508591525,,5000,1,70632689,ok
Corenflos DPF,20,20,1,283,653.4372221380472,-5861.151173962915,-5809.873884032535,,5000,1,70632690,ok
Corenflos DPF,20,20,1,284,655.6190662160516,-5861.0051291745185,-5807.89880779,,5000,1,70632691,ok
Corenflos DPF,20,20,1,285,657.7544864030788,-5862.442876941606,-5814.649777837011,,5000,1,70632692,ok
Corenflos DPF,20,20,1,286,659.9371481609996,-5864.224182105263,-5809.80956402272,,5000,1,70632693,ok
Corenflos DPF,20,20,1,287,662.0878032890614,-5862.986121949101,-5812.050981132906,,5000,1,70632694,ok
Corenflos DPF,20,20,1,288,664.3011918980628,-5875.645381954623,-5812.281729127263,,5000,1,70632695,ok
Corenflos DPF,20,20,1,289,666.4909600340761,-5866.535719202568,-5813.812713626925,,5000,1,70632696,ok
Corenflos DPF,20,20,1,290,668.6886798969936,-5869.900723224618,-5816.9707114336725,,5000,1,70632697,ok
Corenflos DPF,20,20,1,291,670.8790250719758,-5866.25725587489,-5811.764753294611,,5000,1,70632698,ok
Corenflos DPF,20,20,1,292,673.0604944820516,-5863.853376342551,-5811.9720232981645,,5000,1,70632699,ok
Corenflos DPF,20,20,1,293,675.2584925360279,-5864.367902440134,-5815.149376815428,,5000,1,70632700,ok
Corenflos DPF,20,20,1,294,677.4487589270575,-5863.838290176414,-5813.792121554088,,5000,1,70632701,ok
Corenflos DPF,20,20,1,295,679.6002208520658,-5859.461571969059,-5811.49387036448,,5000,1,70632702,ok
Corenflos DPF,20,20,1,296,681.7735450030304,-5864.673556414498,-5814.0120880829445,,5000,1,70632703,ok
Corenflos DPF,20,20,1,297,683.9483075640164,-5873.888488313845,-5813.064394998921,,5000,1,70632704,ok
Corenflos DPF,20,20,1,298,686.145538388053,-5864.244757486879,-5813.655999455614,,5000,1,70632705,ok
Corenflos DPF,20,20,1,299,688.3197819180787,-5868.967504290487,-5814.302243704779,,5000,1,70632706,ok
Corenflos DPF,20,20,1,300,690.4939850480296,-5860.838454806972,-5813.692518915651,,5000,1,70632707,ok
Corenflos DPF,20,20,1,301,692.6607874500332,-5871.362269604886,-5818.422965308738,,5000,1,70632708,ok
Corenflos DPF,20,20,1,302,694.8129776520655,-5874.209253424961,-5817.129723519618,,5000,1,70632709,ok
Corenflos DPF,20,20,1,303,696.9725211979821,-5869.0899911053675,-5812.070305961985,,5000,1,70632710,ok
Corenflos DPF,20,20,1,304,699.1232401090674,-5867.37157601704,-5816.464225306532,,5000,1,70632711,ok
Corenflos DPF,20,20,1,305,701.3294655270875,-5870.470472556621,-5815.156193975475,,5000,1,70632712,ok
Corenflos DPF,20,20,1,306,703.4879329310497,-5867.113380370181,-5815.8494399371875,,5000,1,70632713,ok
Corenflos DPF,20,20,1,307,705.6617794280173,-5867.930779158579,-5818.495170425091,,5000,1,70632714,ok
Corenflos DPF,20,20,1,308,707.8582952460274,-5871.363402204981,-5812.064071152277,,5000,1,70632715,ok
Corenflos DPF,20,20,1,309,710.0645353510045,-5875.967869962151,-5815.1690614961335,,5000,1,70632716,ok
Corenflos DPF,20,20,1,310,712.2376034100307,-5865.060234461696,-5814.642686758727,,5000,1,70632717,ok
Corenflos DPF,20,20,1,311,714.4113440940855,-5872.381203956702,-5815.562691510117,,5000,1,70632718,ok
Corenflos DPF,20,20,1,312,716.5865146090509,-5867.87892751656,-5820.9614600008845,,5000,1,70632719,ok
Corenflos DPF,20,20,1,313,718.7454918230651,-5856.147361357647,-5815.875288840662,,5000,1,70632720,ok
Corenflos DPF,20,20,1,314,720.9037909699837,-5872.438137959423,-5815.595451908645,,5000,1,70632721,ok
Corenflos DPF,20,20,1,315,723.0553701290628,-5865.1308357106445,-5815.9629193960445,,5000,1,70632722,ok
Corenflos DPF,20,20,1,316,725.2293771409895,-5868.325125809695,-5821.287376213366,,5000,1,70632723,ok
Corenflos DPF,20,20,1,317,727.3559630040545,-5870.405212535051,-5819.029662985995,,5000,1,70632724,ok
Corenflos DPF,20,20,1,318,729.4761458630674,-5863.273283346942,-5817.951899538859,,5000,1,70632725,ok
Corenflos DPF,20,20,1,319,731.6126950730104,-5875.594991905201,-5817.827187068423,,5000,1,70632726,ok
Corenflos DPF,20,20,1,320,733.7723349550506,-5873.613430289823,-5818.334972583961,,5000,1,70632727,ok
Corenflos DPF,20,20,1,321,735.9613355570473,-5867.258773134575,-5819.616807474236,,5000,1,70632728,ok
Corenflos DPF,20,20,1,322,738.1361767339986,-5881.003001038073,-5816.8262362687765,,5000,1,70632729,ok
Corenflos DPF,20,20,1,323,740.309745970997,-5864.238380729587,-5816.453377186264,,5000,1,70632730,ok
Corenflos DPF,20,20,1,324,742.4538282629801,-5878.486075664864,-5821.93898282526,,5000,1,70632731,ok
Corenflos DPF,20,20,1,325,744.5960669550113,-5876.57437559151,-5816.577233617173,,5000,1,70632732,ok
Corenflos DPF,20,20,1,326,746.7173667950556,-5872.864684623559,-5819.74378645142,,5000,1,70632733,ok
Corenflos DPF,20,20,1,327,748.829950763029,-5860.104839873953,-5821.5603160746505,,5000,1,70632734,ok
Corenflos DPF,20,20,1,328,750.9570342149818,-5876.241245085801,-5821.6352683216055,,5000,1,70632735,ok
Corenflos DPF,20,20,1,329,753.0851774599869,-5873.778521630537,-5822.031330001638,,5000,1,70632736,ok
Corenflos DPF,20,20,1,330,755.242992436979,-5872.140150343144,-5822.928624564598,,5000,1,70632737,ok
Corenflos DPF,20,20,1,331,757.4021200690186,-5878.750058233931,-5821.20143258034,,5000,1,70632738,ok
Corenflos DPF,20,20,1,332,759.5148905640235,-5875.549672152736,-5821.468639296805,,5000,1,70632739,ok
Corenflos DPF,20,20,1,333,761.6432634870289,-5880.633926008781,-5823.644460657455,,5000,1,70632740,ok
Corenflos DPF,20,20,1,334,763.7332991689909,-5878.095681835531,-5817.301831254022,,5000,1,70632741,ok
Corenflos DPF,20,20,1,335,765.8774724720279,-5869.452667158428,-5821.766888118209,,5000,1,70632742,ok
Corenflos DPF,20,20,1,336,768.0047168469755,-5873.378866003544,-5822.371970168023,,5000,1,70632743,ok
Corenflos DPF,20,20,1,337,770.1013918929966,-5875.470827111156,-5825.637626747253,,5000,1,70632744,ok
Corenflos DPF,20,20,1,338,772.1975270810071,-5867.346072766968,-5825.440462375895,,5000,1,70632745,ok
Corenflos DPF,20,20,1,339,774.3103248910047,-5871.795019772776,-5822.765609126692,,5000,1,70632746,ok
Corenflos DPF,20,20,1,340,776.4302682640264,-5878.6054733255105,-5825.723419404898,,5000,1,70632747,ok
Corenflos DPF,20,20,1,341,778.5572549840435,-5876.928184456447,-5825.339527201144,,5000,1,70632748,ok
Corenflos DPF,20,20,1,342,780.6781009280821,-5878.18062808315,-5825.329570920652,,5000,1,70632749,ok
Corenflos DPF,20,20,1,343,782.8520588460378,-5863.865166775273,-5817.943474277183,,5000,1,70632750,ok
Corenflos DPF,20,20,1,344,785.0037108020624,-5881.34460374013,-5821.921512480191,,5000,1,70632751,ok
Corenflos DPF,20,20,1,345,787.1304834460607,-5876.533322318042,-5822.810455129189,,5000,1,70632752,ok
Corenflos DPF,20,20,1,346,789.2422489000019,-5869.192814008158,-5822.436301389744,,5000,1,70632753,ok
Corenflos DPF,20,20,1,347,791.3707343270071,-5875.044063897147,-5823.276301181627,,5000,1,70632754,ok
Corenflos DPF,20,20,1,348,793.4669121319894,-5872.611893013155,-5821.958263409587,,5000,1,70632755,ok
Corenflos DPF,20,20,1,349,795.5860866010189,-5872.216954033007,-5822.35232029858,,5000,1,70632756,ok
Corenflos DPF,20,20,1,350,797.6831711810082,-5870.664252359955,-5825.770450217794,,5000,1,70632757,ok
Corenflos DPF,20,20,1,351,799.7883779630065,-5874.541866154872,-5821.738207764082,,5000,1,70632758,ok
Corenflos DPF,20,20,1,352,801.8623486299766,-5869.468719182292,-5825.569695919262,,5000,1,70632759,ok
Corenflos DPF,20,20,2,0,2.6497182310558856,-11192.017487742356,-8686.83302389068,,5000,1,70633404,ok
Corenflos DPF,20,20,2,1,5.388534083031118,-10735.47013388928,-7990.944741002931,,5000,1,70633405,ok
Corenflos DPF,20,20,2,2,8.10464925004635,-10297.70090116906,-7761.071970013578,,5000,1,70633406,ok
Corenflos DPF,20,20,2,3,10.943636912968941,-9938.234957640561,-7565.332450899776,,5000,1,70633407,ok
Corenflos DPF,20,20,2,4,13.806409831042401,-9653.697818417793,-7062.619452886307,,5000,1,70633408,ok
Corenflos DPF,20,20,2,5,16.753508922993205,-9318.897675610413,-6920.210391452467,,5000,1,70633409,ok
Corenflos DPF,20,20,2,6,19.73176971403882,-8864.285820171437,-6841.514862971033,,5000,1,70633410,ok
Corenflos DPF,20,20,2,7,22.716649060021155,-8560.611933200435,-6541.005513834054,,5000,1,70633411,ok
Corenflos DPF,20,20,2,8,25.78762777405791,-8158.800553029233,-6482.2368847417565,,5000,1,70633412,ok
Corenflos DPF,20,20,2,9,29.005183749017306,-7942.602778088176,-6314.324192755633,,5000,1,70633413,ok
Corenflos DPF,20,20,2,10,32.22277910599951,-7516.837117318211,-6040.102783046484,,5000,1,70633414,ok
Corenflos DPF,20,20,2,11,35.39359037298709,-7634.797325576985,-6003.420565008918,,5000,1,70633415,ok
Corenflos DPF,20,20,2,12,38.66513662505895,-7121.201650638266,-5890.335308212855,,5000,1,70633416,ok
Corenflos DPF,20,20,2,13,41.91358675004449,-6857.970996265594,-5784.047577866222,,5000,1,70633417,ok
Corenflos DPF,20,20,2,14,45.18554299802054,-6758.759389121353,-5715.031612691812,,5000,1,70633418,ok
Corenflos DPF,20,20,2,15,48.55767493904568,-6304.226822125331,-5664.510515779414,,5000,1,70633419,ok
Corenflos DPF,20,20,2,16,51.94324339705054,-6316.154001523756,-5596.5888419628545,,5000,1,70633420,ok
Corenflos DPF,20,20,2,17,55.416733580990694,-6078.6345724421135,-5540.161334327218,,5000,1,70633421,ok
Corenflos DPF,20,20,2,18,58.756217763060704,-6162.943404927654,-5489.118816059538,,5000,1,70633422,ok
Corenflos DPF,20,20,2,19,62.14943188102916,-5952.05673922942,-5455.181051670415,,5000,1,70633423,ok
Corenflos DPF,20,20,2,20,65.48133828199934,-5817.11490807838,-5417.504543068867,,5000,1,70633424,ok
Corenflos DPF,20,20,2,21,68.76692646299489,-5737.897264204561,-5385.145024085717,,5000,1,70633425,ok
Corenflos DPF,20,20,2,22,72.0299580800347,-5706.490681816085,-5357.330159573558,,5000,1,70633426,ok
Corenflos DPF,20,20,2,23,75.19370620301925,-5636.839269996695,-5332.5659866701835,,5000,1,70633427,ok
Corenflos DPF,20,20,2,24,78.38628478103783,-5632.829422787059,-5303.4116060997585,,5000,1,70633428,ok
Corenflos DPF,20,20,2,25,81.5572804310359,-5496.659061735805,-5267.204217999058,,5000,1,70633429,ok
Corenflos DPF,20,20,2,26,84.61916431004647,-5838.052371169115,-5239.758638084659,,5000,1,70633430,ok
Corenflos DPF,20,20,2,27,87.74279559298884,-5389.521936972801,-5217.125394731548,,5000,1,70633431,ok
Corenflos DPF,20,20,2,28,90.82961300795432,-5345.711464768379,-5191.494095430419,,5000,1,70633432,ok
Corenflos DPF,20,20,2,29,93.88500891602598,-5388.059087329615,-5170.791028229824,,5000,1,70633433,ok
Corenflos DPF,20,20,2,30,96.92420012305956,-5375.249207838976,-5149.335043564042,,5000,1,70633434,ok
Corenflos DPF,20,20,2,31,99.94110572105274,-5256.898028904891,-5127.829179774042,,5000,1,70633435,ok
Corenflos DPF,20,20,2,32,103.00406770897098,-5250.784604966818,-5095.092161627523,,5000,1,70633436,ok
Corenflos DPF,20,20,2,33,106.00349624198861,-5199.287820868507,-5062.544361260904,,5000,1,70633437,ok
Corenflos DPF,20,20,2,34,108.99606056197081,-5166.429756765714,-5044.336650925656,,5000,1,70633438,ok
Corenflos DPF,20,20,2,35,111.95857630099636,-5180.6147827537025,-5025.981293748532,,5000,1,70633439,ok
Corenflos DPF,20,20,2,36,115.0142448010156,-5157.1302961989895,-5022.859244072121,,5000,1,70633440,ok
Corenflos DPF,20,20,2,37,117.99089447304141,-5166.873881759919,-5018.261762051965,,5000,1,70633441,ok
Corenflos DPF,20,20,2,38,120.96147506101988,-5145.750396721352,-5022.147005439006,,5000,1,70633442,ok
Corenflos DPF,20,20,2,39,123.90835361799691,-5120.011661916105,-5017.085920567983,,5000,1,70633443,ok
Corenflos DPF,20,20,2,40,126.84800420398824,-5125.543364481464,-5004.907691866849,,5000,1,70633444,ok
Corenflos DPF,20,20,2,41,129.7260149460053,-5123.929918404621,-5004.069075293076,,5000,1,70633445,ok
Corenflos DPF,20,20,2,42,132.67922082403675,-5125.162877303403,-5010.540663449275,,5000,1,70633446,ok
Corenflos DPF,20,20,2,43,135.65800898696762,-5115.238857902843,-4994.387378257195,,5000,1,70633447,ok
Corenflos DPF,20,20,2,44,138.62022446095943,-5121.235696456102,-4991.776536446742,,5000,1,70633448,ok
Corenflos DPF,20,20,2,45,141.57522336696275,-5126.888005692398,-4981.8604571132555,,5000,1,70633449,ok
Corenflos DPF,20,20,2,46,144.5065942290239,-5083.938253483452,-4968.96009187074,,5000,1,70633450,ok
Corenflos DPF,20,20,2,47,147.475042124046,-5076.686983285454,-4965.18861126539,,5000,1,70633451,ok
Corenflos DPF,20,20,2,48,150.41495138395112,-5082.111927211022,-4960.334928698986,,5000,1,70633452,ok
Corenflos DPF,20,20,2,49,153.3539889920503,-5074.220241930612,-4957.990183650307,,5000,1,70633453,ok
Corenflos DPF,20,20,2,50,156.33959775103722,-5068.950786396531,-4954.184838071514,,5000,1,70633454,ok
Corenflos DPF,20,20,2,51,159.2873941239668,-5082.774565588038,-4951.9500666334425,,5000,1,70633455,ok
Corenflos DPF,20,20,2,52,162.18080946605187,-5068.522348367626,-4955.08956924424,,5000,1,70633456,ok
Corenflos DPF,20,20,2,53,165.13658239296637,-5046.173053347069,-4959.331891081604,,5000,1,70633457,ok
Corenflos DPF,20,20,2,54,168.02054108201992,-5086.861134786126,-4974.953405551743,,5000,1,70633458,ok
Corenflos DPF,20,20,2,55,170.8908462410327,-5063.408973087401,-4982.837767536013,,5000,1,70633459,ok
Corenflos DPF,20,20,2,56,173.73013905901462,-5076.413632341545,-4988.416547989623,,5000,1,70633460,ok
Corenflos DPF,20,20,2,57,176.56908889999613,-5089.806207256612,-5003.7759577692,,5000,1,70633461,ok
Corenflos DPF,20,20,2,58,179.39891784195788,-5105.585768087331,-5014.319393598014,,5000,1,70633462,ok
Corenflos DPF,20,20,2,59,182.16871705604717,-5097.155531041295,-5024.443367805154,,5000,1,70633463,ok
Corenflos DPF,20,20,2,60,184.946801215061,-5102.07299239604,-5033.294273736597,,5000,1,70633464,ok
Corenflos DPF,20,20,2,61,187.69317910796963,-5078.051404760534,-5038.124273625799,,5000,1,70633465,ok
Corenflos DPF,20,20,2,62,190.41493943403475,-5104.800268847284,-5041.59143527187,,5000,1,70633466,ok
Corenflos DPF,20,20,2,63,193.13750473503023,-5127.392386656375,-5054.162717347451,,5000,1,70633467,ok
Corenflos DPF,20,20,2,64,195.8821038310416,-5115.563598748373,-5049.052848968531,,5000,1,70633468,ok
Corenflos DPF,20,20,2,65,198.57308177195955,-5123.502660813568,-5047.065121824427,,5000,1,70633469,ok
Corenflos DPF,20,20,2,66,201.47998637403361,-5096.102354452825,-4951.584560398622,,5000,1,70633470,ok
Corenflos DPF,20,20,2,67,204.35800709202886,-5077.413631191445,-4977.614694334944,,5000,1,70633471,ok
Corenflos DPF,20,20,2,68,207.25695480406284,-5084.191473945746,-4981.777418714512,,5000,1,70633472,ok
Corenflos DPF,20,20,2,69,210.095877559972,-5080.945845093623,-4978.586036547076,,5000,1,70633473,ok
Corenflos DPF,20,20,2,70,212.9661616269732,-5048.101568588092,-4970.951604758533,,5000,1,70633474,ok
Corenflos DPF,20,20,2,71,215.85852634801995,-5059.873110049415,-4964.5723718361405,,5000,1,70633475,ok
Corenflos DPF,20,20,2,72,218.8058442120673,-5064.266322095322,-4952.055967078254,,5000,1,70633476,ok
Corenflos DPF,20,20,2,73,221.69875493703876,-5067.3953755056455,-4954.646313897249,,5000,1,70633477,ok
Corenflos DPF,20,20,2,74,224.73061188601423,-5071.384546681769,-4953.1547371628885,,5000,1,70633478,ok
Corenflos DPF,20,20,2,75,227.59258003905416,-5019.2465041265095,-4946.030262074484,,5000,1,70633479,ok
Corenflos DPF,20,20,2,76,230.50858474895358,-5045.256557612501,-4947.015502531356,,5000,1,70633480,ok
Corenflos DPF,20,20,2,77,233.4169240980409,-5045.740362645012,-4949.610475916532,,5000,1,70633481,ok
Corenflos DPF,20,20,2,78,236.35449252196122,-5047.691870955228,-4951.347907179867,,5000,1,70633482,ok
Corenflos DPF,20,20,2,79,239.27661308005918,-5044.500509364528,-4955.25068909453,,5000,1,70633483,ok
Corenflos DPF,20,20,2,80,242.13940996304154,-5050.606133539245,-4956.555539107315,,5000,1,70633484,ok
Corenflos DPF,20,20,2,81,245.00900230405387,-5046.548246842731,-4970.12030465885,,5000,1,70633485,ok
Corenflos DPF,20,20,2,82,247.8927872759523,-5063.582344494992,-4973.879046265873,,5000,1,70633486,ok
Corenflos DPF,20,20,2,83,250.77795573300682,-5081.673538691857,-4970.550783392199,,5000,1,70633487,ok
Corenflos DPF,20,20,2,84,253.60182976105716,-5058.820150856518,-4974.570195740564,,5000,1,70633488,ok
Corenflos DPF,20,20,2,85,256.4022309370339,-5060.610730263059,-4974.528409553093,,5000,1,70633489,ok
Corenflos DPF,20,20,2,86,259.1941685769707,-5058.9226496233305,-4978.001248173774,,5000,1,70633490,ok
Corenflos DPF,20,20,2,87,261.9721899559954,-5062.06835468719,-4974.983002601373,,5000,1,70633491,ok
Corenflos DPF,20,20,2,88,264.78077272395603,-5063.734694949232,-4985.159541203529,,5000,1,70633492,ok
Corenflos DPF,20,20,2,89,267.58052465796936,-5058.808145025146,-4982.062200808298,,5000,1,70633493,ok
Corenflos DPF,20,20,2,90,270.3346843030304,-5049.401851147442,-4983.606410357761,,5000,1,70633494,ok
Corenflos DPF,20,20,2,91,273.20489026000723,-5068.072705675835,-4976.896136430436,,5000,1,70633495,ok
Corenflos DPF,20,20,2,92,276.1199641240528,-5066.259034676382,-4957.1427874212595,,5000,1,70633496,ok
Corenflos DPF,20,20,2,93,278.9727365250001,-5064.379099987768,-4947.863389318502,,5000,1,70633497,ok
Corenflos DPF,20,20,2,94,281.84038183197845,-5054.893937126355,-4951.235133540497,,5000,1,70633498,ok
Corenflos DPF,20,20,2,95,284.7391078820219,-5059.196832014564,-4956.772294385559,,5000,1,70633499,ok
Corenflos DPF,20,20,2,96,287.6401984819677,-5049.800594381227,-4953.8710364813405,,5000,1,70633500,ok
Corenflos DPF,20,20,2,97,290.5573169810232,-5058.353418336557,-4959.022804652395,,5000,1,70633501,ok
Corenflos DPF,20,20,2,98,293.38079107401427,-5052.941587482753,-4958.772604729651,,5000,1,70633502,ok
Corenflos DPF,20,20,2,99,296.2281047339784,-5052.285217093587,-4961.707280969836,,5000,1,70633503,ok
Corenflos DPF,20,20,2,100,299.10552207403816,-5049.496205931264,-4968.795135339512,,5000,1,70633504,ok
Corenflos DPF,20,20,2,101,301.98358821403235,-5058.441557108846,-4961.868625444652,,5000,1,70633505,ok
Corenflos DPF,20,20,2,102,304.8831517850049,-5061.015192077623,-4959.852708341117,,5000,1,70633506,ok
Corenflos DPF,20,20,2,103,307.7668861950515,-5058.069754294491,-4954.873010303108,,5000,1,70633507,ok
Corenflos DPF,20,20,2,104,310.61425660701934,-5065.892308616501,-4959.202797165627,,5000,1,70633508,ok
Corenflos DPF,20,20,2,105,313.4907547159819,-5068.319488241602,-4956.240388743103,,5000,1,70633509,ok
Corenflos DPF,20,20,2,106,316.37436375999823,-5057.810221529727,-4966.25559863408,,5000,1,70633510,ok
Corenflos DPF,20,20,2,107,319.2529458020581,-5065.167875585035,-4960.514387561323,,5000,1,70633511,ok
Corenflos DPF,20,20,2,108,322.1387726069661,-5080.24793465879,-4957.984262237548,,5000,1,70633512,ok
Corenflos DPF,20,20,2,109,324.9622705170186,-5058.568962301161,-4963.527231397239,,5000,1,70633513,ok
Corenflos DPF,20,20,2,110,327.83065302704927,-5061.546019520269,-4961.067961144281,,5000,1,70633514,ok
Corenflos DPF,20,20,2,111,330.73903281404637,-5056.951648862836,-4957.199636812002,,5000,1,70633515,ok
Corenflos DPF,20,20,2,112,333.65999299206305,-5054.622239260652,-4954.050009955105,,5000,1,70633516,ok
Corenflos DPF,20,20,2,113,336.58182706905063,-5052.730809341566,-4949.810549768864,,5000,1,70633517,ok
Corenflos DPF,20,20,2,114,339.413453383022,-5047.122891895824,-4947.070110248905,,5000,1,70633518,ok
Corenflos DPF,20,20,2,115,342.26827452599537,-5045.880030233416,-4946.304625911314,,5000,1,70633519,ok
Corenflos DPF,20,20,2,116,345.16824316605926,-5035.813495125865,-4944.522065104623,,5000,1,70633520,ok
Corenflos DPF,20,20,2,117,348.0829567819601,-5056.378001735153,-4948.8239531149175,,5000,1,70633521,ok
Corenflos DPF,20,20,2,118,350.98926459799986,-5039.074671811843,-4945.042836345386,,5000,1,70633522,ok
Corenflos DPF,20,20,2,119,353.8967148560332,-5040.862308647464,-4945.388146306459,,5000,1,70633523,ok
Corenflos DPF,20,20,2,120,356.72704667702783,-5050.500542131233,-4940.984562622854,,5000,1,70633524,ok
Corenflos DPF,20,20,2,121,359.601965780952,-5060.152363122156,-4945.807531525547,,5000,1,70633525,ok
Corenflos DPF,20,20,2,122,362.50957260804716,-5051.427484719259,-4949.981324571291,,5000,1,70633526,ok
Corenflos DPF,20,20,2,123,365.34675590496045,-5048.724226666074,-4958.202050081693,,5000,1,70633527,ok
Corenflos DPF,20,20,2,124,368.324364316999,-5058.376004823233,-4950.193428887176,,5000,1,70633528,ok
Corenflos DPF,20,20,2,125,371.2643457259983,-5051.775028115195,-4952.192605839784,,5000,1,70633529,ok
Corenflos DPF,20,20,2,126,374.18679597997107,-5064.181620099009,-4947.428332063446,,5000,1,70633530,ok
Corenflos DPF,20,20,2,127,377.09351512405556,-5055.675278054449,-4953.905027098027,,5000,1,70633531,ok
Corenflos DPF,20,20,2,128,379.97062187397387,-5052.839180515997,-4940.721063726943,,5000,1,70633532,ok
Corenflos DPF,20,20,2,129,382.86914239497855,-5054.770275875178,-4953.219776405409,,5000,1,70633533,ok
Corenflos DPF,20,20,2,130,385.708029367961,-5036.009558736227,-4947.971340128702,,5000,1,70633534,ok
Corenflos DPF,20,20,2,131,388.617097832961,-5050.579016681629,-4948.0793670928215,,5000,1,70633535,ok
Corenflos DPF,20,20,2,132,391.5174281980144,-5039.296668387533,-4946.83794679362,,5000,1,70633536,ok
Corenflos DPF,20,20,2,133,394.49544673296623,-5062.504265393993,-4942.372194118177,,5000,1,70633537,ok
Corenflos DPF,20,20,2,134,397.4107910840539,-5041.118384997491,-4950.866361821605,,5000,1,70633538,ok
Corenflos DPF,20,20,2,135,400.30391900998075,-5064.354829977499,-4939.6467362557005,,5000,1,70633539,ok
Corenflos DPF,20,20,2,136,403.2277357330313,-5046.233759347771,-4943.132509958859,,5000,1,70633540,ok
Corenflos DPF,20,20,2,137,406.08208192896564,-5044.502367330671,-4946.399447365076,,5000,1,70633541,ok
Corenflos DPF,20,20,2,138,408.9668753159931,-5040.4385011532795,-4946.632515059828,,5000,1,70633542,ok
Corenflos DPF,20,20,2,139,411.8203608719632,-5047.491591053299,-4946.325145689536,,5000,1,70633543,ok
Corenflos DPF,20,20,2,140,414.70417731499765,-5051.1360709320925,-4944.805777677363,,5000,1,70633544,ok
Corenflos DPF,20,20,2,141,417.5875585209578,-5045.617078313531,-4945.085751600297,,5000,1,70633545,ok
Corenflos DPF,20,20,2,142,420.4797169569647,-5038.504445161723,-4947.521953693699,,5000,1,70633546,ok
Corenflos DPF,20,20,2,143,423.3944464060478,-5043.942663789963,-4949.841640542664,,5000,1,70633547,ok
Corenflos DPF,20,20,2,144,426.34149511298165,-5041.801533022514,-4944.877033257534,,5000,1,70633548,ok
Corenflos DPF,20,20,2,145,429.2111012060195,-5047.234520202857,-4941.479046355846,,5000,1,70633549,ok
Corenflos DPF,20,20,2,146,432.1121603240026,-5029.898919998028,-4947.867110131517,,5000,1,70633550,ok
Corenflos DPF,20,20,2,147,434.95742797502317,-5045.745661817045,-4949.068075462657,,5000,1,70633551,ok
Corenflos DPF,20,20,2,148,437.81230405706447,-5031.47732477491,-4941.794367086109,,5000,1,70633552,ok
Corenflos DPF,20,20,2,149,440.68366608198266,-5035.700874398644,-4945.566160669221,,5000,1,70633553,ok
Corenflos DPF,20,20,2,150,443.6152743200073,-5048.368654749679,-4950.099149530051,,5000,1,70633554,ok
Corenflos DPF,20,20,2,151,446.5076794530032,-5042.079677362359,-4942.242218161419,,5000,1,70633555,ok
Corenflos DPF,20,20,2,152,449.39075911697,-5059.763503999336,-4944.258186127446,,5000,1,70633556,ok
Corenflos DPF,20,20,2,153,452.29959847196005,-5049.178586985349,-4945.3690505111435,,5000,1,70633557,ok
Corenflos DPF,20,20,2,154,455.1755460620625,-5039.146984030184,-4944.15573263783,,5000,1,70633558,ok
Corenflos DPF,20,20,2,155,458.0380073720589,-5046.457416079133,-4942.239984717366,,5000,1,70633559,ok
Corenflos DPF,20,20,2,156,460.9011500349734,-5041.442193483765,-4941.90989276074,,5000,1,70633560,ok
Corenflos DPF,20,20,2,157,463.8100834649522,-5061.281936159559,-4941.641174728149,,5000,1,70633561,ok
Corenflos DPF,20,20,2,158,466.7494483869523,-5055.320022757847,-4950.048049389045,,5000,1,70633562,ok
Corenflos DPF,20,20,2,159,469.6115358140087,-5047.319806206204,-4945.779138951388,,5000,1,70633563,ok
Corenflos DPF,20,20,2,160,472.4894302400062,-5043.679148151279,-4946.698826277402,,5000,1,70633564,ok
Corenflos DPF,20,20,2,161,475.3513450800674,-5037.716018467442,-4955.002287422026,,5000,1,70633565,ok
Corenflos DPF,20,20,2,162,478.18239236902446,-5030.677127896848,-4939.717996266991,,5000,1,70633566,ok
Corenflos DPF,20,20,2,163,481.05268332804553,-5035.501629175238,-4948.475107770321,,5000,1,70633567,ok
Corenflos DPF,20,20,2,164,483.95945052197203,-5037.010354938646,-4944.624104034042,,5000,1,70633568,ok
Corenflos DPF,20,20,2,165,486.8586200190475,-5037.587324223394,-4940.952940380885,,5000,1,70633569,ok
Corenflos DPF,20,20,2,166,489.7496200610185,-5045.426144171757,-4946.685824462714,,5000,1,70633570,ok
Corenflos DPF,20,20,2,167,492.6272309740307,-5044.478409722522,-4939.969753350132,,5000,1,70633571,ok
Corenflos DPF,20,20,2,168,495.511301971972,-5034.972033625616,-4949.141547550057,,5000,1,70633572,ok
Corenflos DPF,20,20,2,169,498.4025901219575,-5065.522555914135,-4942.371189568787,,5000,1,70633573,ok
Corenflos DPF,20,20,2,170,501.2621789550176,-5045.812591028502,-4945.889840645988,,5000,1,70633574,ok
Corenflos DPF,20,20,2,171,504.1460356550524,-5053.520252500928,-4943.881913135299,,5000,1,70633575,ok
Corenflos DPF,20,20,2,172,507.0294827229809,-5045.285166966305,-4948.98743729465,,5000,1,70633576,ok
Corenflos DPF,20,20,2,173,509.8925570580177,-5046.096011515017,-4942.974337034933,,5000,1,70633577,ok
Corenflos DPF,20,20,2,174,512.8145199080463,-5038.69098841983,-4948.8815865534625,,5000,1,70633578,ok
Corenflos DPF,20,20,2,175,515.7081232339842,-5049.660078302366,-4945.1315878615615,,5000,1,70633579,ok
Corenflos DPF,20,20,2,176,518.532111271983,-5038.324469795095,-4942.265591565122,,5000,1,70633580,ok
Corenflos DPF,20,20,2,177,521.3149226410314,-5055.887059875969,-4947.262598568641,,5000,1,70633581,ok
Corenflos DPF,20,20,2,178,524.2005754300626,-5040.928002496834,-4950.593867641543,,5000,1,70633582,ok
Corenflos DPF,20,20,2,179,527.1167479170254,-5043.645777428135,-4941.508445875243,,5000,1,70633583,ok
Corenflos DPF,20,20,2,180,530.0220762400422,-5036.278932541919,-4941.77933827275,,5000,1,70633584,ok
Corenflos DPF,20,20,2,181,532.9228508080123,-5063.692243322621,-4949.986909674005,,5000,1,70633585,ok
Corenflos DPF,20,20,2,182,535.7678699330427,-5049.5124368073775,-4951.992900916924,,5000,1,70633586,ok
Corenflos DPF,20,20,2,183,538.6129458730575,-5038.158498775759,-4945.067710113061,,5000,1,70633587,ok
Corenflos DPF,20,20,2,184,541.4674134720117,-5044.083327469342,-4943.026597290524,,5000,1,70633588,ok
Corenflos DPF,20,20,2,185,544.2882323360536,-5036.160301629547,-4944.384572470326,,5000,1,70633589,ok
Corenflos DPF,20,20,2,186,547.1277504980098,-5045.115529195281,-4951.439977070873,,5000,1,70633590,ok
Corenflos DPF,20,20,2,187,550.0050903119845,-5032.315075699949,-4953.402198125363,,5000,1,70633591,ok
Corenflos DPF,20,20,2,188,552.8955902439775,-5039.169624192076,-4954.974441683151,,5000,1,70633592,ok
Corenflos DPF,20,20,2,189,555.7865882740589,-5050.541327566932,-4959.520341429071,,5000,1,70633593,ok
Corenflos DPF,20,20,2,190,558.6620827440638,-5049.939578891606,-4944.410451519834,,5000,1,70633594,ok
Corenflos DPF,20,20,2,191,561.5172559890198,-5038.671733614959,-4956.667320179467,,5000,1,70633595,ok
Corenflos DPF,20,20,2,192,564.3952642059885,-5038.603050126558,-4958.8142186099385,,5000,1,70633596,ok
Corenflos DPF,20,20,2,193,567.2502932839561,-5059.842039907376,-4946.374479612939,,5000,1,70633597,ok
Corenflos DPF,20,20,2,194,570.0740087060258,-5044.756667197621,-4951.980456231573,,5000,1,70633598,ok
Corenflos DPF,20,20,2,195,572.9672884510364,-5050.645682706913,-4951.1798762012595,,5000,1,70633599,ok
Corenflos DPF,20,20,2,196,575.78202968603,-5036.528924458034,-4952.39615732489,,5000,1,70633600,ok
Corenflos DPF,20,20,2,197,578.6654577089939,-5041.322385366025,-4953.271570850283,,5000,1,70633601,ok
Corenflos DPF,20,20,2,198,581.5409457039787,-5044.885179676501,-4951.860287931039,,5000,1,70633602,ok
Corenflos DPF,20,20,2,199,584.471254596021,-5044.099298455166,-4953.491749909637,,5000,1,70633603,ok
Corenflos DPF,20,20,2,200,587.3698663830291,-5046.717855238822,-4952.871539946867,,5000,1,70633604,ok
Corenflos DPF,20,20,2,201,590.2758947770344,-5038.583770244175,-4947.404718241168,,5000,1,70633605,ok
Corenflos DPF,20,20,2,202,593.1993060320383,-5061.731903931505,-4953.177225371113,,5000,1,70633606,ok
Corenflos DPF,20,20,2,203,596.0308148480253,-5043.062603564623,-4950.179205445304,,5000,1,70633607,ok
Corenflos DPF,20,20,2,204,598.8694173670374,-5057.400990312845,-4951.653826456617,,5000,1,70633608,ok
Corenflos DPF,20,20,2,205,601.7387988050468,-5040.113703319308,-4943.4246288772,,5000,1,70633609,ok
Corenflos DPF,20,20,2,206,604.5929645169526,-5046.664470290855,-4952.717226313407,,5000,1,70633610,ok
Corenflos DPF,20,20,2,207,607.4545671310043,-5054.042127793504,-4950.242160402937,,5000,1,70633611,ok
Corenflos DPF,20,20,2,208,610.299859530991,-5043.146775572277,-4950.463264745233,,5000,1,70633612,ok
Corenflos DPF,20,20,2,209,613.1234255450545,-5003.140406399312,-4949.299991720861,,5000,1,70633613,ok
Corenflos DPF,20,20,2,210,616.0082658180036,-5053.523242610156,-4955.345849097825,,5000,1,70633614,ok
Corenflos DPF,20,20,2,211,618.8546999130631,-5057.747997361179,-4946.710940208788,,5000,1,70633615,ok
Corenflos DPF,20,20,2,212,621.6918459750013,-5044.151127885443,-4946.183431781923,,5000,1,70633616,ok
Corenflos DPF,20,20,2,213,624.546159330057,-5038.423251249027,-4950.032082593482,,5000,1,70633617,ok
Corenflos DPF,20,20,2,214,627.3921934249811,-5048.307250639902,-4953.6689155308695,,5000,1,70633618,ok
Corenflos DPF,20,20,2,215,630.2620633019833,-5042.757560877041,-4950.298986969357,,5000,1,70633619,ok
Corenflos DPF,20,20,2,216,633.1472615849925,-5042.9300003269445,-4951.704776003105,,5000,1,70633620,ok
Corenflos DPF,20,20,2,217,636.040606167051,-5037.020029199399,-4957.055748207634,,5000,1,70633621,ok
Corenflos DPF,20,20,2,218,638.8164051480126,-5036.476677430175,-4948.008794464446,,5000,1,70633622,ok
Corenflos DPF,20,20,2,219,641.6850865599699,-5047.6876971767215,-4942.024743411102,,5000,1,70633623,ok
Corenflos DPF,20,20,2,220,644.569382503978,-5040.158620792003,-4948.767165712135,,5000,1,70633624,ok
Corenflos DPF,20,20,2,221,647.3853336899774,-5034.375732642567,-4953.439777412215,,5000,1,70633625,ok
Corenflos DPF,20,20,2,222,650.2477234939579,-5034.211352924716,-4949.371301960165,,5000,1,70633626,ok
Corenflos DPF,20,20,2,223,653.1629396149656,-5048.655870844999,-4950.11863247046,,5000,1,70633627,ok
Corenflos DPF,20,20,2,224,656.0619038019795,-5018.442132427281,-4953.181671105163,,5000,1,70633628,ok
Corenflos DPF,20,20,2,225,658.9160859660478,-5035.449557091992,-4950.73222536531,,5000,1,70633629,ok
Corenflos DPF,20,20,2,226,661.7386968990322,-5035.6940195918305,-4938.744027644467,,5000,1,70633630,ok
Corenflos DPF,20,20,2,227,664.6392793570412,-5052.458768767764,-4947.431327490893,,5000,1,70633631,ok
Corenflos DPF,20,20,2,228,667.4691087730462,-5031.6754424888395,-4946.071026724674,,5000,1,70633632,ok
Corenflos DPF,20,20,2,229,670.3146462240256,-5041.982945008896,-4945.989557889145,,5000,1,70633633,ok
Corenflos DPF,20,20,2,230,673.2065625740215,-5043.71603336598,-4944.802907887874,,5000,1,70633634,ok
Corenflos DPF,20,20,2,231,676.0463034940185,-5036.69868203459,-4945.558402846585,,5000,1,70633635,ok
Corenflos DPF,20,20,2,232,678.9472618879518,-5045.344376682301,-4944.49369775681,,5000,1,70633636,ok
Corenflos DPF,20,20,2,233,681.8315341529669,-5037.377399343387,-4954.854579211651,,5000,1,70633637,ok
Corenflos DPF,20,20,2,234,684.6938765479717,-5039.5018368033,-4953.838980808691,,5000,1,70633638,ok
Corenflos DPF,20,20,2,235,687.5010723250452,-5035.2436794986825,-4953.593230217389,,5000,1,70633639,ok
Corenflos DPF,20,20,2,236,690.3618936130079,-5026.736032861506,-4949.962178585697,,5000,1,70633640,ok
Corenflos DPF,20,20,2,237,693.2083513879916,-5036.85530119937,-4949.156045028774,,5000,1,70633641,ok
Corenflos DPF,20,20,2,238,696.0554384620627,-5024.980833298675,-4950.367272762903,,5000,1,70633642,ok
Corenflos DPF,20,20,2,239,698.9328771689907,-5045.813851253119,-4945.167827982849,,5000,1,70633643,ok
Corenflos DPF,20,20,2,240,701.8641998510575,-5049.175042254193,-4955.57023198031,,5000,1,70633644,ok
Corenflos DPF,20,20,2,241,704.7340530720539,-5047.417614494689,-4942.572283802021,,5000,1,70633645,ok
Corenflos DPF,20,20,2,242,707.6120487250155,-5039.459872554065,-4951.557402848186,,5000,1,70633646,ok
Corenflos DPF,20,20,2,243,710.4051745800534,-5034.397957036381,-4954.180262010006,,5000,1,70633647,ok
Corenflos DPF,20,20,2,244,713.2440204699524,-5048.936478063144,-4951.239308581222,,5000,1,70633648,ok
Corenflos DPF,20,20,2,245,716.068045877968,-5037.184705458099,-4953.678999609406,,5000,1,70633649,ok
Corenflos DPF,20,20,2,246,718.8982459990075,-5030.967080498163,-4954.426544492052,,5000,1,70633650,ok
Corenflos DPF,20,20,2,247,721.7210945070256,-5036.251958693958,-4946.430841900943,,5000,1,70633651,ok
Corenflos DPF,20,20,2,248,724.6284734290093,-5031.133028396009,-4957.613661664975,,5000,1,70633652,ok
Corenflos DPF,20,20,2,249,727.4511443369556,-5038.325610407073,-4948.316608244121,,5000,1,70633653,ok
Corenflos DPF,20,20,2,250,730.3597449470544,-5040.442098202131,-4945.085828795516,,5000,1,70633654,ok
Corenflos DPF,20,20,2,251,733.19076192996,-5032.77044157652,-4946.958819306593,,5000,1,70633655,ok
Corenflos DPF,20,20,2,252,736.0845826569712,-5031.8357618896125,-4943.456748125341,,5000,1,70633656,ok
Corenflos DPF,20,20,2,253,738.9376507770503,-5041.881518293863,-4947.716440486524,,5000,1,70633657,ok
Corenflos DPF,20,20,2,254,741.7767697860254,-5053.7131782049855,-4948.463739806247,,5000,1,70633658,ok
Corenflos DPF,20,20,2,255,744.6687557960395,-5042.847801275149,-4952.920815136959,,5000,1,70633659,ok
Corenflos DPF,20,20,2,256,747.515295833,-5051.831883396645,-4944.983014304559,,5000,1,70633660,ok
Corenflos DPF,20,20,2,257,750.3467573369853,-5039.301215308995,-4953.986509137731,,5000,1,70633661,ok
Corenflos DPF,20,20,2,258,753.2410063910065,-5044.847014770965,-4951.705159818598,,5000,1,70633662,ok
Corenflos DPF,20,20,2,259,756.0965010749642,-5038.037187169706,-4936.718700984718,,5000,1,70633663,ok
Corenflos DPF,20,20,2,260,758.9739374789642,-5041.3836462367235,-4947.280708073357,,5000,1,70633664,ok
Corenflos DPF,20,20,2,261,761.8598754859995,-5040.356463791011,-4945.738490174998,,5000,1,70633665,ok
Corenflos DPF,20,20,2,262,764.7063759169541,-5039.942741986184,-4951.308049981273,,5000,1,70633666,ok
Corenflos DPF,20,20,2,263,767.5516390639823,-5041.266416986977,-4951.134860066489,,5000,1,70633667,ok
Corenflos DPF,20,20,2,264,770.4613125900505,-5022.831910931767,-4951.015849622511,,5000,1,70633668,ok
Corenflos DPF,20,20,2,265,773.2932215390028,-5044.719571322851,-4949.31299860935,,5000,1,70633669,ok
Corenflos DPF,20,20,2,266,776.1710876390571,-5049.204222899416,-4952.368623300597,,5000,1,70633670,ok
Corenflos DPF,20,20,2,267,779.0806727670133,-5042.143679494296,-4958.00776783075,,5000,1,70633671,ok
Corenflos DPF,20,20,2,268,781.935537843965,-5044.701449520828,-4947.025167942856,,5000,1,70633672,ok
Corenflos DPF,20,20,2,269,784.8040938740596,-5043.415162160283,-4950.899721960647,,5000,1,70633673,ok
Corenflos DPF,20,20,2,270,787.6211823299527,-5042.217412943826,-4950.238811042038,,5000,1,70633674,ok
Corenflos DPF,20,20,2,271,790.4990770090371,-5046.84969587616,-4955.242122299218,,5000,1,70633675,ok
Corenflos DPF,20,20,2,272,793.4152312140213,-5043.802434366155,-4943.247805037445,,5000,1,70633676,ok
Corenflos DPF,20,20,2,273,796.3307917240309,-5056.168144307318,-4955.209342839158,,5000,1,70633677,ok
Corenflos DPF,20,20,2,274,799.2316973999841,-5035.860015892858,-4955.310606911051,,5000,1,70633678,ok
Corenflos DPF,20,20,3,0,1.6508320610737428,-7498.918048586884,-7220.778533974215,,5000,1,70634401,ok
Corenflos DPF,20,20,3,1,3.3236232210183516,-7341.763315290661,-7099.55692469399,,5000,1,70634402,ok
Corenflos DPF,20,20,3,2,5.012019296991639,-7245.5636244828165,-7021.35403670948,,5000,1,70634403,ok
Corenflos DPF,20,20,3,3,6.638228286057711,-7114.863121306932,-6927.658733031488,,5000,1,70634404,ok
Corenflos DPF,20,20,3,4,8.288338927086443,-6964.136596258616,-6848.797436173141,,5000,1,70634405,ok
Corenflos DPF,20,20,3,5,9.899709301069379,-6970.767008184879,-6765.259093875771,,5000,1,70634406,ok
Corenflos DPF,20,20,3,6,11.525671917013824,-6825.275872119781,-6700.940431245224,,5000,1,70634407,ok
Corenflos DPF,20,20,3,7,13.182911082054488,-6746.719565554481,-6632.015878601933,,5000,1,70634408,ok
Corenflos DPF,20,20,3,8,14.809831675025634,-6659.272753830352,-6557.45229734475,,5000,1,70634409,ok
Corenflos DPF,20,20,3,9,16.480676537030376,-6579.752477730566,-6479.708189855989,,5000,1,70634410,ok
Corenflos DPF,20,20,3,10,18.137334228027612,-6456.442335183176,-6403.748158287925,,5000,1,70634411,ok
Corenflos DPF,20,20,3,11,19.80193604202941,-6404.289654275111,-6328.409497084909,,5000,1,70634412,ok
Corenflos DPF,20,20,3,12,21.551657163072377,-6332.021370255592,-6255.7426457337315,,5000,1,70634413,ok
Corenflos DPF,20,20,3,13,23.294447161024436,-6283.2541378805945,-6187.559759402039,,5000,1,70634414,ok
Corenflos DPF,20,20,3,14,25.043951680068858,-6197.2154018979845,-6125.991937704673,,5000,1,70634415,ok
Corenflos DPF,20,20,3,15,26.786083630053326,-6134.92961228407,-6054.214535310251,,5000,1,70634416,ok
Corenflos DPF,20,20,3,16,28.550438932026736,-6080.493096892471,-5991.435206035327,,5000,1,70634417,ok
Corenflos DPF,20,20,3,17,30.3154993460048,-6031.382229280212,-5943.172235819402,,5000,1,70634418,ok
Corenflos DPF,20,20,3,18,32.09011420805473,-5985.465185725903,-5895.09113913893,,5000,1,70634419,ok
Corenflos DPF,20,20,3,19,33.84882443107199,-5931.852421934582,-5853.984071297284,,5000,1,70634420,ok
Corenflos DPF,20,20,3,20,35.55307329108473,-5896.631487091829,-5820.582278043293,,5000,1,70634421,ok
Corenflos DPF,20,20,3,21,37.30252969299909,-5872.978235538897,-5791.226746878972,,5000,1,70634422,ok
Corenflos DPF,20,20,3,22,39.04485038202256,-5823.585710076188,-5757.792127313406,,5000,1,70634423,ok
Corenflos DPF,20,20,3,23,40.72578420303762,-5799.444018280834,-5728.925265687384,,5000,1,70634424,ok
Corenflos DPF,20,20,3,24,42.42302363005001,-5758.943931945085,-5696.422456070892,,5000,1,70634425,ok
Corenflos DPF,20,20,3,25,44.056866992032155,-5752.670120591336,-5687.3316098403475,,5000,1,70634426,ok
Corenflos DPF,20,20,3,26,45.744748036027886,-5741.800117919055,-5679.1671335962355,,5000,1,70634427,ok
Corenflos DPF,20,20,3,27,47.432684333994985,-5725.360508547948,-5663.282225975994,,5000,1,70634428,ok
Corenflos DPF,20,20,3,28,49.10547803808004,-5725.024622588983,-5649.305767666316,,5000,1,70634429,ok
Corenflos DPF,20,20,3,29,50.80828993499745,-5713.329538217822,-5635.448338782453,,5000,1,70634430,ok
Corenflos DPF,20,20,3,30,52.48099427705165,-5694.334587310124,-5619.1838688314965,,5000,1,70634431,ok
Corenflos DPF,20,20,3,31,54.16184942005202,-5668.961572406053,-5598.403038286879,,5000,1,70634432,ok
Corenflos DPF,20,20,3,32,55.83406456105877,-5632.382099627951,-5566.742814995108,,5000,1,70634433,ok
Corenflos DPF,20,20,3,33,57.56801680207718,-5601.436555897278,-5535.832641643184,,5000,1,70634434,ok
Corenflos DPF,20,20,3,34,59.271502702031285,-5573.788800523096,-5507.967344616598,,5000,1,70634435,ok
Corenflos DPF,20,20,3,35,61.02945718599949,-5551.193823821222,-5476.101849659373,,5000,1,70634436,ok
Corenflos DPF,20,20,3,36,62.75786702206824,-5507.523976304665,-5447.853418932068,,5000,1,70634437,ok
Corenflos DPF,20,20,3,37,64.51553876302205,-5499.290145809156,-5416.103032819874,,5000,1,70634438,ok
Corenflos DPF,20,20,3,38,66.29664674308151,-5451.500953859788,-5381.543056921779,,5000,1,70634439,ok
Corenflos DPF,20,20,3,39,68.11601086403243,-5433.168893777818,-5340.5151741384225,,5000,1,70634440,ok
Corenflos DPF,20,20,3,40,69.98096110206097,-5419.283354867266,-5296.306494966991,,5000,1,70634441,ok
Corenflos DPF,20,20,3,41,71.86102811805904,-5430.2426266093335,-5265.007371653359,,5000,1,70634442,ok
Corenflos DPF,20,20,3,42,73.76463868608698,-5349.581661510291,-5231.812361068827,,5000,1,70634443,ok
Corenflos DPF,20,20,3,43,75.68411307106726,-5364.686111174655,-5197.131276258792,,5000,1,70634444,ok
Corenflos DPF,20,20,3,44,77.61921847099438,-5340.826920690015,-5165.70322233092,,5000,1,70634445,ok
Corenflos DPF,20,20,3,45,79.59262749599293,-5308.135198935546,-5133.721933403256,,5000,1,70634446,ok
Corenflos DPF,20,20,3,46,81.56674047210254,-5277.4571079461375,-5102.450146979832,,5000,1,70634447,ok
Corenflos DPF,20,20,3,47,83.61704845807981,-5251.806838009428,-5078.84774181068,,5000,1,70634448,ok
Corenflos DPF,20,20,3,48,85.65180172305554,-5232.085295377117,-5047.652838345801,,5000,1,70634449,ok
Corenflos DPF,20,20,3,49,87.78898425900843,-5217.4146151815,-5020.826719394775,,5000,1,70634450,ok
Corenflos DPF,20,20,3,50,89.93253686907701,-5245.740732056085,-5004.816019594946,,5000,1,70634451,ok
Corenflos DPF,20,20,3,51,92.08417924307287,-5216.813913758009,-4975.482292169055,,5000,1,70634452,ok
Corenflos DPF,20,20,3,52,94.22740423609503,-5146.819038697239,-4961.886424136424,,5000,1,70634453,ok
Corenflos DPF,20,20,3,53,96.4560203240253,-5198.815122033158,-4948.660700280951,,5000,1,70634454,ok
Corenflos DPF,20,20,3,54,98.69350406702142,-5218.038167857314,-4943.674665958695,,5000,1,70634455,ok
Corenflos DPF,20,20,3,55,100.89196317805909,-5184.027743005496,-4941.18222328762,,5000,1,70634456,ok
Corenflos DPF,20,20,3,56,103.11288981500547,-5172.0140337723415,-4948.575904183211,,5000,1,70634457,ok
Corenflos DPF,20,20,3,57,105.33348087209743,-5156.299857590184,-4941.802198556205,,5000,1,70634458,ok
Corenflos DPF,20,20,3,58,107.53081945306621,-5150.826334989233,-4944.003510240909,,5000,1,70634459,ok
Corenflos DPF,20,20,3,59,109.75096987199504,-5166.69766959634,-4949.853088802096,,5000,1,70634460,ok
Corenflos DPF,20,20,3,60,111.9014729190385,-5322.392087227778,-4949.522057076292,,5000,1,70634461,ok
Corenflos DPF,20,20,3,61,114.05984652601182,-5173.083714215959,-4964.212386402418,,5000,1,70634462,ok
Corenflos DPF,20,20,3,62,116.23453708307352,-5169.780486608619,-4971.686345504383,,5000,1,70634463,ok
Corenflos DPF,20,20,3,63,118.40102915104944,-5175.385201836938,-4977.642247000861,,5000,1,70634464,ok
Corenflos DPF,20,20,3,64,120.53662977006752,-5171.301292619379,-4984.300557016913,,5000,1,70634465,ok
Corenflos DPF,20,20,3,65,122.69557672401424,-5209.3959994302,-4990.082530480351,,5000,1,70634466,ok
Corenflos DPF,20,20,3,66,124.81572540104389,-5160.435158750339,-5000.354585546842,,5000,1,70634467,ok
Corenflos DPF,20,20,3,67,126.94367527507711,-5169.912431168622,-5001.092738690321,,5000,1,70634468,ok
Corenflos DPF,20,20,3,68,129.05595995904878,-5148.219063690694,-5010.017805456521,,5000,1,70634469,ok
Corenflos DPF,20,20,3,69,131.19934675004333,-5194.7025527875485,-5007.364513094849,,5000,1,70634470,ok
Corenflos DPF,20,20,3,70,133.2744684930658,-5149.186797750577,-5011.96334949699,,5000,1,70634471,ok
Corenflos DPF,20,20,3,71,135.37305920000654,-5167.295507003483,-5005.783574900887,,5000,1,70634472,ok
Corenflos DPF,20,20,3,72,137.47863478201907,-5149.383616193167,-5002.75889596572,,5000,1,70634473,ok
Corenflos DPF,20,20,3,73,139.59098584705498,-5147.132982552197,-5002.975755594649,,5000,1,70634474,ok
Corenflos DPF,20,20,3,74,141.7195284870686,-5162.317291466112,-4997.3776338600765,,5000,1,70634475,ok
Corenflos DPF,20,20,3,75,143.8407347240718,-5152.485813018089,-4993.662486623782,,5000,1,70634476,ok
Corenflos DPF,20,20,3,76,145.97727171506267,-5151.307384498475,-4984.9305482305945,,5000,1,70634477,ok
Corenflos DPF,20,20,3,77,148.14298281399533,-5151.569629495906,-4972.961151850882,,5000,1,70634478,ok
Corenflos DPF,20,20,3,78,150.2786100540543,-5091.277808260717,-4960.90690963515,,5000,1,70634479,ok
Corenflos DPF,20,20,3,79,152.41408305207733,-5111.269272290714,-4947.581470443122,,5000,1,70634480,ok
Corenflos DPF,20,20,3,80,154.5420764409937,-5062.16679150965,-4939.424323853827,,5000,1,70634481,ok
Corenflos DPF,20,20,3,81,156.7239240061026,-5097.833434244354,-4929.7697964021345,,5000,1,70634482,ok
Corenflos DPF,20,20,3,82,158.9521627210779,-5106.521622939903,-4921.930099463343,,5000,1,70634483,ok
Corenflos DPF,20,20,3,83,161.14963116508443,-5067.134728921696,-4914.756396754927,,5000,1,70634484,ok
Corenflos DPF,20,20,3,84,163.30894816108048,-5075.924193353545,-4913.744421945512,,5000,1,70634485,ok
Corenflos DPF,20,20,3,85,165.48413153807633,-5073.244319837697,-4904.242144384747,,5000,1,70634486,ok
Corenflos DPF,20,20,3,86,167.61917247308884,-5043.200561430529,-4901.508616155157,,5000,1,70634487,ok
Corenflos DPF,20,20,3,87,169.80183031607885,-5036.0618248656465,-4890.303128829069,,5000,1,70634488,ok
Corenflos DPF,20,20,3,88,171.97706587507855,-5027.897352837539,-4894.038916839421,,5000,1,70634489,ok
Corenflos DPF,20,20,3,89,174.14428870007396,-5070.616256488379,-4892.1429005230375,,5000,1,70634490,ok
Corenflos DPF,20,20,3,90,176.32654245500453,-5063.8558272928385,-4885.029290378334,,5000,1,70634491,ok
Corenflos DPF,20,20,3,91,178.4692308010999,-5050.370389853555,-4887.606821590507,,5000,1,70634492,ok
Corenflos DPF,20,20,3,92,180.63560152507853,-5050.964680805766,-4882.616649508673,,5000,1,70634493,ok
Corenflos DPF,20,20,3,93,182.81853679800406,-5040.565192432186,-4878.969079067921,,5000,1,70634494,ok
Corenflos DPF,20,20,3,94,184.93137431610376,-5036.430884636824,-4878.5618248332285,,5000,1,70634495,ok
Corenflos DPF,20,20,3,95,187.10721846600063,-5079.763655768148,-4882.186657425709,,5000,1,70634496,ok
Corenflos DPF,20,20,3,96,189.18158468801994,-4998.1134509567755,-4885.408674503734,,5000,1,70634497,ok
Corenflos DPF,20,20,3,97,191.3104204190895,-5075.532343930917,-4892.494489722812,,5000,1,70634498,ok
Corenflos DPF,20,20,3,98,193.39917899901047,-5046.667647504461,-4890.32523817946,,5000,1,70634499,ok
Corenflos DPF,20,20,3,99,195.5028709450271,-5015.755526351955,-4891.810958188091,,5000,1,70634500,ok
Corenflos DPF,20,20,3,100,197.65530937805306,-5032.650206261603,-4897.773483366962,,5000,1,70634501,ok
Corenflos DPF,20,20,3,101,199.7147838770179,-5043.6694294357285,-4902.194159469511,,5000,1,70634502,ok
Corenflos DPF,20,20,3,102,201.79011118703056,-5069.788913448821,-4910.325383021675,,5000,1,70634503,ok
Corenflos DPF,20,20,3,103,203.79550244100392,-5070.96929315421,-4914.495615710765,,5000,1,70634504,ok
Corenflos DPF,20,20,3,104,205.8395873371046,-5077.0453470824705,-4915.7544032561855,,5000,1,70634505,ok
Corenflos DPF,20,20,3,105,207.8595880010398,-5084.466859422818,-4913.31732898692,,5000,1,70634506,ok
Corenflos DPF,20,20,3,106,209.9035322869895,-5120.6675042547795,-4915.512713438327,,5000,1,70634507,ok
Corenflos DPF,20,20,3,107,211.90738335903734,-5028.15570476894,-4919.280266933977,,5000,1,70634508,ok
Corenflos DPF,20,20,3,108,213.88141875108704,-5047.034369654832,-4923.113536645429,,5000,1,70634509,ok
Corenflos DPF,20,20,3,109,215.8402941901004,-5099.900102978245,-4926.079738771525,,5000,1,70634510,ok
Corenflos DPF,20,20,3,110,217.99771590705495,-5055.5485520483435,-4885.397252795637,,5000,1,70634511,ok
Corenflos DPF,20,20,3,111,220.09533932607155,-5050.620654123126,-4894.006267207854,,5000,1,70634512,ok
Corenflos DPF,20,20,3,112,222.16812544409186,-5085.464880371259,-4902.341280330038,,5000,1,70634513,ok
Corenflos DPF,20,20,3,113,224.2723372670589,-5038.860075271121,-4906.63706989004,,5000,1,70634514,ok
Corenflos DPF,20,20,3,114,226.38600522000343,-5098.29108776762,-4911.851786137142,,5000,1,70634515,ok
Corenflos DPF,20,20,3,115,228.46881191409193,-5067.042357927633,-4917.407560611445,,5000,1,70634516,ok
Corenflos DPF,20,20,3,116,230.49700380500872,-5043.875685112022,-4918.261252187407,,5000,1,70634517,ok
Corenflos DPF,20,20,3,117,232.55461438908242,-5059.315920369887,-4914.460836827271,,5000,1,70634518,ok
Corenflos DPF,20,20,3,118,234.59071512008086,-5067.486254063329,-4916.1868369030935,,5000,1,70634519,ok
Corenflos DPF,20,20,3,119,236.6427748190472,-5078.177347926618,-4919.337570708093,,5000,1,70634520,ok
Corenflos DPF,20,20,3,120,238.7843689119909,-5028.450880229494,-4886.037505385941,,5000,1,70634521,ok
Corenflos DPF,20,20,3,121,240.95919848408084,-5082.380027940941,-4879.4502586992385,,5000,1,70634522,ok
Corenflos DPF,20,20,3,122,243.0648973430507,-5020.903262289252,-4878.831383231124,,5000,1,70634523,ok
Corenflos DPF,20,20,3,123,245.19370276806876,-5078.259944193296,-4883.303211506049,,5000,1,70634524,ok
Corenflos DPF,20,20,3,124,247.29866833100095,-5050.282563742603,-4883.890425952307,,5000,1,70634525,ok
Corenflos DPF,20,20,3,125,249.465980919078,-5079.93501651062,-4886.510171568112,,5000,1,70634526,ok
Corenflos DPF,20,20,3,126,251.63973379903473,-5089.956697297735,-4887.329330376045,,5000,1,70634527,ok
Corenflos DPF,20,20,3,127,253.79141119099222,-5052.474083957763,-4890.525226552432,,5000,1,70634528,ok
Corenflos DPF,20,20,3,128,255.91864106210414,-5076.927111984056,-4890.429608089151,,5000,1,70634529,ok
Corenflos DPF,20,20,3,129,258.0167293130653,-5027.661058030586,-4891.8687162596025,,5000,1,70634530,ok
Corenflos DPF,20,20,3,130,260.129765765043,-5047.613002621334,-4898.431014329635,,5000,1,70634531,ok
Corenflos DPF,20,20,3,131,262.2115013700677,-5048.059522220303,-4898.3502490254705,,5000,1,70634532,ok
Corenflos DPF,20,20,3,132,264.31711403408553,-5062.395475315773,-4901.513016276834,,5000,1,70634533,ok
Corenflos DPF,20,20,3,133,266.4365302870283,-5062.205810732592,-4896.730455045978,,5000,1,70634534,ok
Corenflos DPF,20,20,3,134,268.55742886604276,-5062.232158624815,-4900.1911917965845,,5000,1,70634535,ok
Corenflos DPF,20,20,3,135,270.6318146541016,-5052.374606847026,-4900.911249148487,,5000,1,70634536,ok
Corenflos DPF,20,20,3,136,272.7975648820866,-5090.848335127731,-4903.39265525334,,5000,1,70634537,ok
Corenflos DPF,20,20,3,137,274.8950025209924,-5075.669658733974,-4905.492688442251,,5000,1,70634538,ok
Corenflos DPF,20,20,3,138,277.0235532009974,-5039.569735925299,-4905.860248211624,,5000,1,70634539,ok
Corenflos DPF,20,20,3,139,279.15193713107146,-5069.944428496357,-4907.655632126366,,5000,1,70634540,ok
Corenflos DPF,20,20,3,140,281.30246678506956,-5067.117774048627,-4879.346656662688,,5000,1,70634541,ok
Corenflos DPF,20,20,3,141,283.41553889703937,-5074.10688313309,-4886.886127836151,,5000,1,70634542,ok
Corenflos DPF,20,20,3,142,285.54358297307044,-5041.033477982373,-4884.936212783188,,5000,1,70634543,ok
Corenflos DPF,20,20,3,143,287.6799570500152,-5064.093655507166,-4887.17771735545,,5000,1,70634544,ok
Corenflos DPF,20,20,3,144,289.76838303904515,-5077.097181661784,-4880.185521174121,,5000,1,70634545,ok
Corenflos DPF,20,20,3,145,291.9192469950067,-5073.153755173003,-4882.637934020692,,5000,1,70634546,ok
Corenflos DPF,20,20,3,146,294.0304723751033,-5040.786605696423,-4881.276785356792,,5000,1,70634547,ok
Corenflos DPF,20,20,3,147,296.19083045003936,-5059.914070171657,-4879.074474088625,,5000,1,70634548,ok
Corenflos DPF,20,20,3,148,298.3121400109958,-5043.393071894271,-4882.223328752088,,5000,1,70634549,ok
Corenflos DPF,20,20,3,149,300.43979316204786,-5026.736432017284,-4884.136057628216,,5000,1,70634550,ok
Corenflos DPF,20,20,3,150,302.58287515107077,-5029.485844518735,-4882.053869327722,,5000,1,70634551,ok
Corenflos DPF,20,20,3,151,304.7032093750313,-5051.402379407664,-4884.587315854122,,5000,1,70634552,ok
Corenflos DPF,20,20,3,152,306.8318376900861,-5028.6487187233615,-4886.133437462069,,5000,1,70634553,ok
Corenflos DPF,20,20,3,153,308.9455501300981,-5036.0415400522415,-4886.9243164120135,,5000,1,70634554,ok
Corenflos DPF,20,20,3,154,311.0896310630487,-5022.606321877696,-4883.460120690458,,5000,1,70634555,ok
Corenflos DPF,20,20,3,155,313.2254309230484,-5022.198141362039,-4883.745361757584,,5000,1,70634556,ok
Corenflos DPF,20,20,3,156,315.3615602250211,-5041.564128707339,-4886.48940802649,,5000,1,70634557,ok
Corenflos DPF,20,20,3,157,317.5139527580468,-5053.576717286201,-4880.890041477752,,5000,1,70634558,ok
Corenflos DPF,20,20,3,158,319.641979156062,-5040.646091161716,-4886.707271540918,,5000,1,70634559,ok
Corenflos DPF,20,20,3,159,321.7397022250807,-5047.186343484718,-4884.132004726033,,5000,1,70634560,ok
Corenflos DPF,20,20,3,160,323.87615595699754,-5054.263237155123,-4883.312061419494,,5000,1,70634561,ok
Corenflos DPF,20,20,3,161,326.0365613150643,-5016.586117565389,-4882.473265129746,,5000,1,70634562,ok
Corenflos DPF,20,20,3,162,328.1654911970254,-5064.535733146504,-4883.969859321557,,5000,1,70634563,ok
Corenflos DPF,20,20,3,163,330.3099819350755,-5046.94218377624,-4888.416395207592,,5000,1,70634564,ok
Corenflos DPF,20,20,3,164,332.4774570770096,-5069.56080273228,-4885.9783236303165,,5000,1,70634565,ok
Corenflos DPF,20,20,3,165,334.6213428870542,-5023.564776612977,-4889.180729713632,,5000,1,70634566,ok
Corenflos DPF,20,20,3,166,336.7115701910807,-5048.974906008063,-4889.57443729637,,5000,1,70634567,ok
Corenflos DPF,20,20,3,167,338.8172509280266,-5045.411068123281,-4889.496077964771,,5000,1,70634568,ok
Corenflos DPF,20,20,3,168,340.95325647701975,-5047.535172811584,-4885.309186666799,,5000,1,70634569,ok
Corenflos DPF,20,20,3,169,343.07409247604664,-5015.240253199796,-4889.940797944848,,5000,1,70634570,ok
Corenflos DPF,20,20,3,170,345.1171595330816,-5036.180659169553,-4890.685450273666,,5000,1,70634571,ok
Corenflos DPF,20,20,3,171,347.24536962399725,-5007.362609899974,-4892.083273883276,,5000,1,70634572,ok
Corenflos DPF,20,20,3,172,349.32009610603563,-5012.249681180713,-4889.403220041976,,5000,1,70634573,ok
Corenflos DPF,20,20,3,173,351.4331583559979,-5048.980991263508,-4891.821710860255,,5000,1,70634574,ok
Corenflos DPF,20,20,3,174,353.55219439207576,-5084.077513026122,-4890.752860488726,,5000,1,70634575,ok
Corenflos DPF,20,20,3,175,355.67123118706513,-5081.292943148973,-4890.372927907402,,5000,1,70634576,ok
Corenflos DPF,20,20,3,176,357.8233335550176,-5046.1910152657,-4892.224130252463,,5000,1,70634577,ok
Corenflos DPF,20,20,3,177,359.9431920940988,-5036.442802040303,-4893.482845505488,,5000,1,70634578,ok
Corenflos DPF,20,20,3,178,362.0785530700814,-5054.187291636476,-4890.9633824689545,,5000,1,70634579,ok
Corenflos DPF,20,20,3,179,364.21592121606227,-5029.239104312514,-4894.715656551487,,5000,1,70634580,ok
Corenflos DPF,20,20,3,180,366.32810537307523,-5067.537311669834,-4897.166776436186,,5000,1,70634581,ok
Corenflos DPF,20,20,3,181,368.46520372107625,-5064.325813500189,-4893.009663271051,,5000,1,70634582,ok
Corenflos DPF,20,20,3,182,370.5533019080758,-5074.657480205224,-4895.667307306311,,5000,1,70634583,ok
Corenflos DPF,20,20,3,183,372.66397609200794,-5052.523455726778,-4884.774901069903,,5000,1,70634584,ok
Corenflos DPF,20,20,3,184,374.8005309320288,-5043.814926944703,-4883.589099068353,,5000,1,70634585,ok
Corenflos DPF,20,20,3,185,376.8954111550702,-5074.052698781161,-4882.176226898227,,5000,1,70634586,ok
Corenflos DPF,20,20,3,186,379.0543460290646,-5040.915780220039,-4883.14946785276,,5000,1,70634587,ok
Corenflos DPF,20,20,3,187,381.18295571708586,-5076.963396428451,-4885.647474473647,,5000,1,70634588,ok
Corenflos DPF,20,20,3,188,383.2871405800106,-5052.159492724474,-4884.251442164687,,5000,1,70634589,ok
Corenflos DPF,20,20,3,189,385.39199768099934,-5044.566908011134,-4884.900059985918,,5000,1,70634590,ok
Corenflos DPF,20,20,3,190,387.51880256203003,-5045.492726278684,-4884.20675628054,,5000,1,70634591,ok
Corenflos DPF,20,20,3,191,389.64712933904957,-5061.020277345269,-4887.615090748235,,5000,1,70634592,ok
Corenflos DPF,20,20,3,192,391.7603860340314,-5059.2827371337335,-4890.424593790279,,5000,1,70634593,ok
Corenflos DPF,20,20,3,193,393.84921972302254,-5066.8548001883555,-4885.665427918433,,5000,1,70634594,ok
Corenflos DPF,20,20,3,194,395.95398161304183,-5027.545055733603,-4884.535082165917,,5000,1,70634595,ok
Corenflos DPF,20,20,3,195,398.0741906570038,-5038.405163586091,-4890.138485256457,,5000,1,70634596,ok
Corenflos DPF,20,20,3,196,400.2631603620248,-5040.329825192888,-4887.436762659872,,5000,1,70634597,ok
Corenflos DPF,20,20,3,197,402.35269432899076,-5039.729277810426,-4886.199027830451,,5000,1,70634598,ok
Corenflos DPF,20,20,3,198,404.46535817405675,-5034.804607313545,-4886.231016267951,,5000,1,70634599,ok
Corenflos DPF,20,20,3,199,406.6091663700063,-5073.845810522897,-4889.635134015469,,5000,1,70634600,ok
Corenflos DPF,20,20,3,200,408.7453928310424,-5049.655766144255,-4892.306903371234,,5000,1,70634601,ok
Corenflos DPF,20,20,3,201,410.88778090605047,-5043.210485500898,-4887.752083498115,,5000,1,70634602,ok
Corenflos DPF,20,20,3,202,412.9842644680757,-5039.2661183269365,-4890.564607110214,,5000,1,70634603,ok
Corenflos DPF,20,20,3,203,415.09593933203723,-5027.830005252412,-4887.195745220388,,5000,1,70634604,ok
Corenflos DPF,20,20,3,204,417.2235156460665,-5080.671840376223,-4890.26283005357,,5000,1,70634605,ok
Corenflos DPF,20,20,3,205,419.33597918308806,-5052.997034980184,-4890.938394743532,,5000,1,70634606,ok
Corenflos DPF,20,20,3,206,421.47212053404655,-5075.212650886849,-4889.2401850905235,,5000,1,70634607,ok
Corenflos DPF,20,20,3,207,423.692794512026,-5135.25130332445,-4888.534740770371,,5000,1,70634608,ok
Corenflos DPF,20,20,3,208,425.79840883309953,-5039.602224995618,-4891.840680145393,,5000,1,70634609,ok
Corenflos DPF,20,20,3,209,427.9113311280962,-5056.8792502553015,-4889.977791343112,,5000,1,70634610,ok
Corenflos DPF,20,20,3,210,430.0166894850554,-5033.72818230059,-4889.082437425293,,5000,1,70634611,ok
Corenflos DPF,20,20,3,211,432.17593696608674,-5069.626196121786,-4890.065521017879,,5000,1,70634612,ok
Corenflos DPF,20,20,3,212,434.2656557500595,-5026.655873059606,-4888.135962933954,,5000,1,70634613,ok
Corenflos DPF,20,20,3,213,436.37784464505967,-5069.9667064854975,-4888.623323903286,,5000,1,70634614,ok
Corenflos DPF,20,20,3,214,438.42795599007513,-5023.884641269983,-4891.248536306592,,5000,1,70634615,ok
Corenflos DPF,20,20,3,215,440.50091771699954,-5030.798651832274,-4892.130165719349,,5000,1,70634616,ok
Corenflos DPF,20,20,3,216,442.62764185201377,-5037.8809820033775,-4889.504701171333,,5000,1,70634617,ok
Corenflos DPF,20,20,3,217,444.7236099760048,-5041.896736911314,-4889.611093247416,,5000,1,70634618,ok
Corenflos DPF,20,20,3,218,446.828584161005,-5084.633338910735,-4891.334752600748,,5000,1,70634619,ok
Corenflos DPF,20,20,3,219,448.97998221602757,-5089.281580366127,-4892.2212698957455,,5000,1,70634620,ok
Corenflos DPF,20,20,3,220,451.1006858260371,-5036.965585777598,-4894.265824346439,,5000,1,70634621,ok
Corenflos DPF,20,20,3,221,453.1979184820084,-5049.563683722694,-4892.737263036024,,5000,1,70634622,ok
Corenflos DPF,20,20,3,222,455.30924819910433,-5062.310819143614,-4892.70486913191,,5000,1,70634623,ok
Corenflos DPF,20,20,3,223,457.47592333506327,-5053.056070274466,-4888.427713266099,,5000,1,70634624,ok
Corenflos DPF,20,20,3,224,459.59629721706733,-5041.612862681781,-4892.532170174336,,5000,1,70634625,ok
Corenflos DPF,20,20,3,225,461.7156262260396,-5045.071989693192,-4885.613163110755,,5000,1,70634626,ok
Corenflos DPF,20,20,3,226,463.8272223121021,-5026.651267870347,-4881.587790365096,,5000,1,70634627,ok
Corenflos DPF,20,20,3,227,465.94563976407517,-5037.367941382721,-4886.420886117995,,5000,1,70634628,ok
Corenflos DPF,20,20,3,228,468.0959828430787,-5074.287699917624,-4885.922774396777,,5000,1,70634629,ok
Corenflos DPF,20,20,3,229,470.2307080060709,-5069.557803903464,-4884.625631817087,,5000,1,70634630,ok
Corenflos DPF,20,20,3,230,472.3803839200409,-5050.08073670414,-4883.965163106895,,5000,1,70634631,ok
Corenflos DPF,20,20,3,231,474.4544413710246,-5059.7780544732195,-4883.612752197454,,5000,1,70634632,ok
Corenflos DPF,20,20,3,232,476.57379981910344,-5048.820454971063,-4885.736493125796,,5000,1,70634633,ok
Corenflos DPF,20,20,3,233,478.6949754630914,-5056.533755404934,-4886.788786072009,,5000,1,70634634,ok
Corenflos DPF,20,20,3,234,480.822455967078,-5070.533080917923,-4883.645869208985,,5000,1,70634635,ok
Corenflos DPF,20,20,3,235,482.9280405039899,-5057.836669107253,-4884.269891154925,,5000,1,70634636,ok
Corenflos DPF,20,20,3,236,485.0010494880844,-5042.87267681991,-4889.531274077268,,5000,1,70634637,ok
Corenflos DPF,20,20,4,0,2.9891048319404945,-11052.136731297758,-8946.253183139697,,5000,1,70635398,ok
Corenflos DPF,20,20,5,0,1.1319919989909977,-13659.66066425326,-13505.34609630487,,5000,1,70636395,ok
Corenflos DPF,20,20,5,1,2.241829111939296,-13456.348821026237,-13290.952136216325,,5000,1,70636396,ok
Corenflos DPF,20,20,5,2,3.351353143923916,-13239.575569143726,-13108.079376140451,,5000,1,70636397,ok
Corenflos DPF,20,20,5,3,4.468501559924334,-13125.185802109165,-12940.332528604376,,5000,1,70636398,ok
Corenflos DPF,20,20,5,4,5.593907818896696,-12969.338753870408,-12785.117316974241,,5000,1,70636399,ok
Corenflos DPF,20,20,5,5,6.734651514911093,-12835.40002090255,-12581.146663000105,,5000,1,70636400,ok
Corenflos DPF,20,20,5,6,7.8821712989592925,-12648.360799902552,-12373.002609063922,,5000,1,70636401,ok
Corenflos DPF,20,20,5,7,9.022789517999627,-12519.317899230524,-12198.938152729485,,5000,1,70636402,ok
Corenflos DPF,20,20,5,8,10.186329585965723,-12231.83103198263,-11968.46947443632,,5000,1,70636403,ok
Corenflos DPF,20,20,5,9,11.364525314886123,-12097.939572941601,-11820.095129346226,,5000,1,70636404,ok
Corenflos DPF,20,20,5,10,12.559023314970545,-11896.404043714438,-11587.521323209154,,5000,1,70636405,ok
Corenflos DPF,20,20,5,11,13.768989857984707,-11760.10460187597,-11408.41822468958,,5000,1,70636406,ok
Corenflos DPF,20,20,5,12,14.987670280970633,-11546.287185867197,-11186.645169412524,,5000,1,70636407,ok
Corenflos DPF,20,20,5,13,16.205986840999685,-11415.603957670697,-11007.049056992342,,5000,1,70636408,ok
Corenflos DPF,20,20,5,14,17.438704566913657,-11266.621286295498,-10871.395484470735,,5000,1,70636409,ok
Corenflos DPF,20,20,5,15,18.70263581792824,-11052.090171257241,-10686.770740826427,,5000,1,70636410,ok
Corenflos DPF,20,20,5,16,20.005252723000012,-10934.947640382685,-10501.005136827043,,5000,1,70636411,ok
Corenflos DPF,20,20,5,17,21.31515366199892,-10880.507049457145,-10314.400155181433,,5000,1,70636412,ok
Corenflos DPF,20,20,5,18,22.647218381986022,-10680.789541710677,-10189.562155192243,,5000,1,70636413,ok
Corenflos DPF,20,20,5,19,24.010782400961034,-10550.765699628504,-9974.16825667892,,5000,1,70636414,ok
Corenflos DPF,20,20,5,20,25.329606571933255,-10504.733930496204,-9908.724161010052,,5000,1,70636415,ok
Corenflos DPF,20,20,5,21,26.656491503934376,-10358.377184004741,-9772.401087945409,,5000,1,70636416,ok
Corenflos DPF,20,20,5,22,27.973636625916697,-10324.525442097116,-9675.467113895385,,5000,1,70636417,ok
Corenflos DPF,20,20,5,23,29.284391779918224,-10243.218727729894,-9629.695029608672,,5000,1,70636418,ok
Corenflos DPF,20,20,5,24,30.587089216918685,-10143.698280072807,-9446.613292975044,,5000,1,70636419,ok
Corenflos DPF,20,20,5,25,31.95850642293226,-9803.360961522156,-9322.137171265767,,5000,1,70636420,ok
Corenflos DPF,20,20,5,26,33.315314930980094,-9804.216159692622,-9250.969747979225,,5000,1,70636421,ok
Corenflos DPF,20,20,5,27,34.617948720930144,-9846.808457285326,-9065.444384335045,,5000,1,70636422,ok
Corenflos DPF,20,20,5,28,35.950591470929794,-9747.493001986968,-8922.837197140778,,5000,1,70636423,ok
Corenflos DPF,20,20,5,29,37.28464127192274,-9756.187665031299,-8720.33399621026,,5000,1,70636424,ok
Corenflos DPF,20,20,5,30,38.618340983986855,-9568.736249254755,-8684.619997703032,,5000,1,70636425,ok
Corenflos DPF,20,20,5,31,40.027896330924705,-9435.271584278371,-8553.251367962253,,5000,1,70636426,ok
Corenflos DPF,20,20,5,32,41.460742176976055,-9324.547109831303,-8454.693994135896,,5000,1,70636427,ok
Corenflos DPF,20,20,5,33,42.91661000298336,-9354.643249531742,-8271.037163195655,,5000,1,70636428,ok
Corenflos DPF,20,20,5,34,44.35674726800062,-9351.490778036361,-8109.985447123599,,5000,1,70636429,ok
Corenflos DPF,20,20,5,35,45.80579414789099,-9296.555719847904,-8089.971087359641,,5000,1,70636430,ok
Corenflos DPF,20,20,5,36,47.25433572998736,-9059.01612529119,-7887.207302996485,,5000,1,70636431,ok
Corenflos DPF,20,20,5,37,48.726956425001845,-9107.04376521588,-7797.885330867982,,5000,1,70636432,ok
Corenflos DPF,20,20,5,38,50.275430955924094,-8916.119453276766,-7658.8349112104615,,5000,1,70636433,ok
Corenflos DPF,20,20,5,39,51.785639822948724,-8884.447344545937,-7706.425285696788,,5000,1,70636434,ok
Corenflos DPF,20,20,5,40,53.31937363999896,-8854.666289283585,-7637.708672369563,,5000,1,70636435,ok
Corenflos DPF,20,20,5,41,54.82879105396569,-8861.284209999469,-7640.665675920537,,5000,1,70636436,ok
Corenflos DPF,20,20,5,42,56.339674950926565,-8835.969261186661,-7637.356784652239,,5000,1,70636437,ok
Corenflos DPF,20,20,5,43,57.85877254989464,-8882.661439238756,-7488.44728073179,,5000,1,70636438,ok
Corenflos DPF,20,20,5,44,59.39324724196922,-8903.433189892803,-7602.942016939056,,5000,1,70636439,ok
Corenflos DPF,20,20,5,45,60.99777534394525,-8793.232830805939,-7397.269955004871,,5000,1,70636440,ok
Corenflos DPF,20,20,5,46,62.60141322889831,-8787.654693908175,-7343.242618309321,,5000,1,70636441,ok
Corenflos DPF,20,20,5,47,64.19636529590935,-8665.096762136287,-7323.418755344005,,5000,1,70636442,ok
Corenflos DPF,20,20,5,48,65.74526166496798,-8711.97679149629,-7289.841772872904,,5000,1,70636443,ok
Corenflos DPF,20,20,5,49,67.34164585696999,-8564.265202131735,-7131.694059257531,,5000,1,70636444,ok
Corenflos DPF,20,20,5,50,68.95248824497685,-8467.517399331387,-7215.631644928556,,5000,1,70636445,ok
Corenflos DPF,20,20,5,51,70.57912303996272,-8434.21815763065,-7174.771375861375,,5000,1,70636446,ok
Corenflos DPF,20,20,5,52,72.23608771595173,-8301.359585750179,-7069.55167002457,,5000,1,70636447,ok
Corenflos DPF,20,20,5,53,73.93979230290279,-8141.243496036999,-6879.588772055142,,5000,1,70636448,ok
Corenflos DPF,20,20,5,54,75.697228950914,-8159.878727693399,-6839.939105243753,,5000,1,70636449,ok
Corenflos DPF,20,20,5,55,77.40738792298362,-8059.689936527841,-6693.110365766794,,5000,1,70636450,ok
Corenflos DPF,20,20,5,56,79.12684336595703,-8052.375371763064,-6677.37465299306,,5000,1,70636451,ok
Corenflos DPF,20,20,5,57,80.81472200190183,-8161.6813061200755,-6657.889621910619,,5000,1,70636452,ok
Corenflos DPF,20,20,5,58,82.58782956690993,-7684.551016397014,-6537.570924340651,,5000,1,70636453,ok
Corenflos DPF,20,20,5,59,84.34563694696408,-7787.674323445171,-6538.134483864765,,5000,1,70636454,ok
Corenflos DPF,20,20,5,60,86.08682030788623,-7781.019245110794,-6331.448703273569,,5000,1,70636455,ok
Corenflos DPF,20,20,5,61,87.96607709489763,-7456.712522229032,-6355.476253594831,,5000,1,70636456,ok
Corenflos DPF,20,20,5,62,89.85409246291965,-7390.465884655699,-6298.829949700679,,5000,1,70636457,ok
Corenflos DPF,20,20,5,63,91.75062406493817,-7182.442719539775,-6241.183133929273,,5000,1,70636458,ok
Corenflos DPF,20,20,5,64,93.66947683994658,-7094.679417531259,-6222.748901994703,,5000,1,70636459,ok
Corenflos DPF,20,20,5,65,95.63591105293017,-7000.604659231498,-6134.248791136112,,5000,1,70636460,ok
Corenflos DPF,20,20,5,66,97.57900098990649,-6963.679113274933,-6116.052739866108,,5000,1,70636461,ok
Corenflos DPF,20,20,5,67,99.5606518589193,-6779.1109868106,-6086.812055200708,,5000,1,70636462,ok
Corenflos DPF,20,20,5,68,101.55810463696253,-6776.56067765286,-6045.746468528618,,5000,1,70636463,ok
Corenflos DPF,20,20,5,69,103.57122916390654,-6625.049661393356,-6022.292520605361,,5000,1,70636464,ok
Corenflos DPF,20,20,5,70,105.5750370749738,-6496.968155221646,-6009.513457294289,,5000,1,70636465,ok
Corenflos DPF,20,20,5,71,107.610214299988,-6276.5524691904575,-5986.23335244361,,5000,1,70636466,ok
Corenflos DPF,20,20,5,72,109.56732439994812,-6293.598496465838,-5961.425440437779,,5000,1,70636467,ok
Corenflos DPF,20,20,5,73,111.54122588096652,-6186.359286648252,-5956.073662607898,,5000,1,70636468,ok
Corenflos DPF,20,20,5,74,113.49937082489487,-6092.316350908249,-5938.736895579593,,5000,1,70636469,ok
Corenflos DPF,20,20,5,75,115.47291054890957,-6145.539779435289,-5931.249426730524,,5000,1,70636470,ok
Corenflos DPF,20,20,5,76,117.42385715793353,-6060.270184807967,-5918.012511022306,,5000,1,70636471,ok
Corenflos DPF,20,20,5,77,119.35124685394112,-6067.7576973239675,-5909.65201871869,,5000,1,70636472,ok
Corenflos DPF,20,20,5,78,121.28718586894684,-6018.617350931874,-5899.49820949573,,5000,1,70636473,ok
Corenflos DPF,20,20,5,79,123.23673074494582,-5968.831157845159,-5896.46972326021,,5000,1,70636474,ok
Corenflos DPF,20,20,5,80,125.08685653598513,-5934.320053906373,-5889.955269383526,,5000,1,70636475,ok
Corenflos DPF,20,20,5,81,126.95131265290547,-5926.098702514728,-5882.593832417514,,5000,1,70636476,ok
Corenflos DPF,20,20,5,82,128.7943265689537,-5937.90405010721,-5879.328165089438,,5000,1,70636477,ok
Corenflos DPF,20,20,5,83,130.69005153293256,-5913.314354183576,-5876.695427791745,,5000,1,70636478,ok
Corenflos DPF,20,20,5,84,132.54775330994744,-5905.6347234985915,-5871.970468066151,,5000,1,70636479,ok
Corenflos DPF,20,20,5,85,134.42921445297543,-5898.884094268008,-5868.368780661695,,5000,1,70636480,ok
Corenflos DPF,20,20,5,86,136.30951869196724,-5891.84313706666,-5864.720542495684,,5000,1,70636481,ok
Corenflos DPF,20,20,5,87,138.16024130990263,-5881.561589564768,-5862.00579735545,,5000,1,70636482,ok
Corenflos DPF,20,20,5,88,140.032910616952,-5894.747219583305,-5860.144230124758,,5000,1,70636483,ok
Corenflos DPF,20,20,5,89,141.94550887390506,-5881.800080760349,-5857.192774604246,,5000,1,70636484,ok
Corenflos DPF,20,20,5,90,143.80383063398767,-5881.4218821092945,-5853.743270320134,,5000,1,70636485,ok
Corenflos DPF,20,20,5,91,145.708703769953,-5876.566272804418,-5850.325599395274,,5000,1,70636486,ok
Corenflos DPF,20,20,5,92,147.58954912493937,-5861.723323521825,-5848.678831655331,,5000,1,70636487,ok
Corenflos DPF,20,20,5,93,149.5016529149143,-5865.950840309503,-5846.533901313065,,5000,1,70636488,ok
Corenflos DPF,20,20,5,94,151.41280510090292,-5864.962146294847,-5844.915127022208,,5000,1,70636489,ok
Corenflos DPF,20,20,5,95,153.31750678399112,-5870.190868636462,-5841.280100968439,,5000,1,70636490,ok
Corenflos DPF,20,20,5,96,155.22177546890453,-5863.60961791796,-5839.732220817582,,5000,1,70636491,ok
Corenflos DPF,20,20,5,97,157.16480436199345,-5864.290194257175,-5836.928320044857,,5000,1,70636492,ok
Corenflos DPF,20,20,5,98,159.1387660689652,-5854.425421051981,-5834.277078631714,,5000,1,70636493,ok
Corenflos DPF,20,20,5,99,161.04981262993533,-5854.034941877396,-5833.262303194867,,5000,1,70636494,ok
Corenflos DPF,20,20,5,100,163.0006408309564,-5855.055738924588,-5833.68801327289,,5000,1,70636495,ok
Corenflos DPF,20,20,5,101,164.95907706290018,-5859.665573203337,-5835.4593813972415,,5000,1,70636496,ok
Corenflos DPF,20,20,5,102,166.89425352099352,-5866.456292577064,-5839.406746474629,,5000,1,70636497,ok
Corenflos DPF,20,20,5,103,168.84442720690276,-5868.480102208532,-5841.721961223162,,5000,1,70636498,ok
Corenflos DPF,20,20,5,104,170.81077763589565,-5880.173211016858,-5848.210704751885,,5000,1,70636499,ok
Corenflos DPF,20,20,5,105,172.79136032995302,-5887.294034706274,-5854.094072366396,,5000,1,70636500,ok
Corenflos DPF,20,20,5,106,174.74951920995954,-5897.84856057392,-5862.64518756221,,5000,1,70636501,ok
Corenflos DPF,20,20,5,107,176.70051653089467,-5910.955171213686,-5873.013035444368,,5000,1,70636502,ok
Corenflos DPF,20,20,5,108,178.65836795093492,-5919.172019679249,-5881.976932102748,,5000,1,70636503,ok
Corenflos DPF,20,20,5,109,180.61682344495784,-5929.61303816872,-5889.40376523095,,5000,1,70636504,ok
Corenflos DPF,20,20,5,110,182.52152351499535,-5935.012436044361,-5897.286876392768,,5000,1,70636505,ok
Corenflos DPF,20,20,5,111,184.46407655696385,-5955.070808262914,-5905.605635058176,,5000,1,70636506,ok
Corenflos DPF,20,20,5,112,186.39777726994362,-5958.821525238126,-5915.431205207304,,5000,1,70636507,ok
Corenflos DPF,20,20,5,113,188.2780139859533,-5974.423749715614,-5927.385130750022,,5000,1,70636508,ok
Corenflos DPF,20,20,5,114,190.16713374399114,-6001.798911219126,-5943.796120864521,,5000,1,70636509,ok
Corenflos DPF,20,20,5,115,192.10089837899432,-5860.262420716828,-5833.671070275828,,5000,1,70636510,ok
Corenflos DPF,20,20,5,116,194.01199044799432,-5862.51201057909,-5841.689895042077,,5000,1,70636511,ok
Corenflos DPF,20,20,5,117,195.9545523689594,-5862.615015248459,-5842.823321307366,,5000,1,70636512,ok
Corenflos DPF,20,20,5,118,197.85106110095512,-5869.576999312643,-5844.473033743451,,5000,1,70636513,ok
Corenflos DPF,20,20,5,119,199.76354884298053,-5870.494873032937,-5849.4294148766485,,5000,1,70636514,ok
Corenflos DPF,20,20,5,120,201.6905333759496,-5885.439299977189,-5854.644819433268,,5000,1,70636515,ok
Corenflos DPF,20,20,5,121,203.625186524936,-5882.828889150622,-5860.799905538541,,5000,1,70636516,ok
Corenflos DPF,20,20,5,122,205.5459218879696,-5892.985395203039,-5868.618492756078,,5000,1,70636517,ok
Corenflos DPF,20,20,5,123,207.46529050800018,-5903.1623343273,-5874.717957794912,,5000,1,70636518,ok
Corenflos DPF,20,20,5,124,209.37807565391995,-5906.275341765335,-5881.7196963180695,,5000,1,70636519,ok
Corenflos DPF,20,20,5,125,211.27483024995308,-5921.874087127697,-5889.946957155154,,5000,1,70636520,ok
Corenflos DPF,20,20,5,126,213.16301212494727,-5925.113910783226,-5896.406133849186,,5000,1,70636521,ok
Corenflos DPF,20,20,5,127,215.06697420193814,-5931.3405555717445,-5898.431948254314,,5000,1,70636522,ok
Corenflos DPF,20,20,5,128,216.94031420897227,-5927.610820765032,-5904.48995154002,,5000,1,70636523,ok
Corenflos DPF,20,20,5,129,218.81412330199964,-5941.7275756378185,-5909.023582696676,,5000,1,70636524,ok
Corenflos DPF,20,20,5,130,220.67908768099733,-5945.286268291714,-5917.255538303231,,5000,1,70636525,ok
Corenflos DPF,20,20,5,131,222.53561537596397,-5955.068215310994,-5922.889187515078,,5000,1,70636526,ok
Corenflos DPF,20,20,5,132,224.531527937972,-5860.969303059292,-5833.253705689466,,5000,1,70636527,ok
Corenflos DPF,20,20,5,133,226.48977869690862,-5859.912526714804,-5837.467875752774,,5000,1,70636528,ok
Corenflos DPF,20,20,5,134,228.41631816898007,-5859.906782224392,-5841.707583302718,,5000,1,70636529,ok
Corenflos DPF,20,20,5,135,230.34295141499024,-5871.489347676009,-5844.344462969638,,5000,1,70636530,ok
Corenflos DPF,20,20,5,136,232.23942716897,-5871.71583826198,-5848.766662393327,,5000,1,70636531,ok
Corenflos DPF,20,20,5,137,234.16638613690156,-5876.949002502441,-5850.95265542389,,5000,1,70636532,ok
Corenflos DPF,20,20,5,138,236.11741590697784,-5876.752950700209,-5854.249942536042,,5000,1,70636533,ok
Corenflos DPF,20,20,5,139,238.0439270209754,-5877.486878907687,-5858.2829239896055,,5000,1,70636534,ok
Corenflos DPF,20,20,5,140,239.94807027897332,-5885.480056652291,-5860.742470407244,,5000,1,70636535,ok
Corenflos DPF,20,20,5,141,241.86681862198748,-5890.047563071158,-5864.134211094925,,5000,1,70636536,ok
Corenflos DPF,20,20,5,142,243.80966669495683,-5897.495717431946,-5867.641458225837,,5000,1,70636537,ok
Corenflos DPF,20,20,5,143,245.72966521093622,-5898.102387615299,-5872.034615231112,,5000,1,70636538,ok
Corenflos DPF,20,20,5,144,247.63426648592576,-5899.6338400652485,-5874.802192939631,,5000,1,70636539,ok
Corenflos DPF,20,20,5,145,249.50778614589944,-5905.206690831486,-5878.52507665863,,5000,1,70636540,ok
Corenflos DPF,20,20,5,146,251.4281967479037,-5906.885349614851,-5881.796149818528,,5000,1,70636541,ok
Corenflos DPF,20,20,5,147,253.32502914499491,-5916.435213780887,-5884.364227870561,,5000,1,70636542,ok
Corenflos DPF,20,20,5,148,255.2453794979956,-5917.580834401652,-5888.517532082807,,5000,1,70636543,ok
Corenflos DPF,20,20,5,149,257.13475044595543,-5918.554733272431,-5892.0191306944835,,5000,1,70636544,ok
Corenflos DPF,20,20,5,150,259.06141051393934,-5854.457702793961,-5833.468493843912,,5000,1,70636545,ok
Corenflos DPF,20,20,5,151,260.9963144538924,-5854.200095568211,-5831.693824387732,,5000,1,70636546,ok
Corenflos DPF,20,20,5,152,262.970244291937,-5851.636614064621,-5830.0653942916615,,5000,1,70636547,ok
Corenflos DPF,20,20,5,153,264.92121473990846,-5854.877999702569,-5830.146927450181,,5000,1,70636548,ok
Corenflos DPF,20,20,5,154,266.8489068649942,-5850.134941212487,-5831.546410428647,,5000,1,70636549,ok
Corenflos DPF,20,20,5,155,268.807515554945,-5852.780389620886,-5830.470777438489,,5000,1,70636550,ok
Corenflos DPF,20,20,5,156,270.781041434966,-5848.2464840016655,-5830.619020698272,,5000,1,70636551,ok
Corenflos DPF,20,20,5,157,272.7401583759347,-5852.0182129948735,-5830.997888680077,,5000,1,70636552,ok
Corenflos DPF,20,20,5,158,274.6916610279586,-5854.836059515841,-5832.368755217135,,5000,1,70636553,ok
Corenflos DPF,20,20,5,159,276.60280286497436,-5855.368987431315,-5831.703703779557,,5000,1,70636554,ok
Corenflos DPF,20,20,5,160,278.56056524498854,-5858.939654729943,-5831.74267974619,,5000,1,70636555,ok
Corenflos DPF,20,20,5,161,280.479189318954,-5859.826328598274,-5831.507661080812,,5000,1,70636556,ok
Corenflos DPF,20,20,5,162,282.39804720389657,-5857.743993073465,-5832.0642955134535,,5000,1,70636557,ok
Corenflos DPF,20,20,5,163,284.3496447399957,-5853.821169762238,-5832.789149124708,,5000,1,70636558,ok
Corenflos DPF,20,20,5,164,286.292953904951,-5850.017241022652,-5831.981850441687,,5000,1,70636559,ok
Corenflos DPF,20,20,5,165,288.2429876209935,-5854.730857963982,-5830.669404788369,,5000,1,70636560,ok
Corenflos DPF,20,20,5,166,290.19352205691393,-5858.070738443457,-5831.501188087339,,5000,1,70636561,ok
Corenflos DPF,20,20,5,167,292.1510157799348,-5856.627490143566,-5829.838770740198,,5000,1,70636562,ok
Corenflos DPF,20,20,5,168,294.10250140097924,-5852.423335087147,-5830.2591304931275,,5000,1,70636563,ok
Corenflos DPF,20,20,5,169,296.0306249189889,-5851.608510162564,-5830.467908539093,,5000,1,70636564,ok
Corenflos DPF,20,20,5,170,297.9732686689822,-5854.455929428625,-5831.715929315869,,5000,1,70636565,ok
Corenflos DPF,20,20,5,171,299.9168132029008,-5857.831306659156,-5831.012808084365,,5000,1,70636566,ok
Corenflos DPF,20,20,5,172,301.84411115397234,-5853.952916296258,-5829.9543264905815,,5000,1,70636567,ok
Corenflos DPF,20,20,5,173,303.81759474391583,-5857.606076314111,-5832.062010065283,,5000,1,70636568,ok
Corenflos DPF,20,20,5,174,305.7228042529896,-5853.695602534702,-5831.845290177012,,5000,1,70636569,ok
Corenflos DPF,20,20,5,175,307.67296013294253,-5856.966524999852,-5832.337033878584,,5000,1,70636570,ok
Corenflos DPF,20,20,5,176,309.6607475299388,-5861.367812282857,-5832.740064066321,,5000,1,70636571,ok
Corenflos DPF,20,20,5,177,311.61866334988736,-5852.895224873147,-5833.41368123442,,5000,1,70636572,ok
Corenflos DPF,20,20,5,178,313.5309371239273,-5853.111684004274,-5831.996102467053,,5000,1,70636573,ok
Corenflos DPF,20,20,5,179,315.50471734197345,-5862.415079479496,-5833.146100835369,,5000,1,70636574,ok
Corenflos DPF,20,20,5,180,317.432071071933,-5857.903501046618,-5833.5150391178595,,5000,1,70636575,ok
Corenflos DPF,20,20,5,181,319.3893384519033,-5859.160877026789,-5833.732287719591,,5000,1,70636576,ok
Corenflos DPF,20,20,5,182,321.3398208488943,-5855.540377339459,-5833.840917407253,,5000,1,70636577,ok
Corenflos DPF,20,20,5,183,323.26658679090906,-5860.647000500974,-5835.19663978907,,5000,1,70636578,ok
Corenflos DPF,20,20,5,184,325.1774435979314,-5857.931532015783,-5834.040163709795,,5000,1,70636579,ok
Corenflos DPF,20,20,5,185,327.11193310294766,-5860.326335756892,-5834.908811595816,,5000,1,70636580,ok
Corenflos DPF,20,20,5,186,329.04783157794736,-5852.924889860477,-5834.992566820784,,5000,1,70636581,ok
Corenflos DPF,20,20,5,187,330.97475270496216,-5860.23197891438,-5835.398308045385,,5000,1,70636582,ok
Corenflos DPF,20,20,5,188,332.90844124299474,-5860.310575162572,-5836.13821574075,,5000,1,70636583,ok
Corenflos DPF,20,20,5,189,334.85094434791245,-5861.964921579035,-5836.840329878554,,5000,1,70636584,ok
Corenflos DPF,20,20,5,190,336.8175782219041,-5861.679948467233,-5837.397721732779,,5000,1,70636585,ok
Corenflos DPF,20,20,5,191,338.72985916689504,-5859.327959659113,-5837.732292001805,,5000,1,70636586,ok
Corenflos DPF,20,20,5,192,340.6645277949283,-5862.952939938338,-5838.513312555482,,5000,1,70636587,ok
Corenflos DPF,20,20,5,193,342.58349604997784,-5865.06858779647,-5841.2882035313505,,5000,1,70636588,ok
Corenflos DPF,20,20,5,194,344.52632597694173,-5871.4394796910765,-5839.452964416466,,5000,1,70636589,ok
Corenflos DPF,20,20,5,195,346.45373811689205,-5868.097040942782,-5841.379501541091,,5000,1,70636590,ok
Corenflos DPF,20,20,5,196,348.3731447099708,-5869.505155205739,-5843.089400959375,,5000,1,70636591,ok
Corenflos DPF,20,20,5,197,350.29232518398203,-5867.973337040479,-5844.342639342048,,5000,1,70636592,ok
Corenflos DPF,20,20,5,198,352.22163950290997,-5871.817517216277,-5845.041085124901,,5000,1,70636593,ok
Corenflos DPF,20,20,5,199,354.1495102229528,-5871.599241258613,-5846.822767053345,,5000,1,70636594,ok
Corenflos DPF,20,20,5,200,356.0845227158861,-5878.174843403167,-5847.506629222557,,5000,1,70636595,ok
Corenflos DPF,20,20,5,201,358.02739455294795,-5876.238817636173,-5849.65497229286,,5000,1,70636596,ok
Corenflos DPF,20,20,5,202,359.95466746692546,-5877.501245792328,-5851.1371875047635,,5000,1,70636597,ok
Corenflos DPF,20,20,5,203,361.90415646589827,-5881.703948759621,-5851.35289847999,,5000,1,70636598,ok
Corenflos DPF,20,20,5,204,363.8245444719214,-5881.063080998389,-5853.408137696632,,5000,1,70636599,ok
Corenflos DPF,20,20,5,205,365.7669119789498,-5869.213553538815,-5853.822042747708,,5000,1,70636600,ok
Corenflos DPF,20,20,5,206,367.6792899039574,-5872.946915186714,-5856.302615337529,,5000,1,70636601,ok
Corenflos DPF,20,20,5,207,369.62937344098464,-5883.686500000513,-5855.803842893855,,5000,1,70636602,ok
Corenflos DPF,20,20,5,208,371.58028951694723,-5885.070253195172,-5858.318732349255,,5000,1,70636603,ok
Corenflos DPF,20,20,5,209,373.5233337719692,-5890.7321471845535,-5858.620310960607,,5000,1,70636604,ok
Corenflos DPF,20,20,5,210,375.442855394911,-5889.0146037069635,-5859.514702610521,,5000,1,70636605,ok
Corenflos DPF,20,20,5,211,377.3467892599292,-5889.7488101064555,-5860.944063902384,,5000,1,70636606,ok
Corenflos DPF,20,20,5,212,379.26616921799723,-5892.3925326783565,-5860.912857707766,,5000,1,70636607,ok
Corenflos DPF,20,20,5,213,381.21559749695007,-5884.21166641046,-5861.804699755601,,5000,1,70636608,ok
Corenflos DPF,20,20,5,214,383.12702714593615,-5892.031358059045,-5863.697012869587,,5000,1,70636609,ok
Corenflos DPF,20,20,5,215,385.06082141096704,-5890.156506570551,-5864.7547510123795,,5000,1,70636610,ok
Corenflos DPF,20,20,5,216,387.0038523708936,-5884.894754110245,-5866.799109420569,,5000,1,70636611,ok
Corenflos DPF,20,20,5,217,388.95926308992784,-5858.376723923681,-5831.002242251296,,5000,1,70636612,ok
Corenflos DPF,20,20,5,218,390.9020491299452,-5851.714304082196,-5831.106517247448,,5000,1,70636613,ok
Corenflos DPF,20,20,5,219,392.8680465759244,-5858.27129829618,-5832.4532253805655,,5000,1,70636614,ok
Corenflos DPF,20,20,5,220,394.8186931469245,-5856.783746297811,-5833.978323828907,,5000,1,70636615,ok
Corenflos DPF,20,20,5,221,396.77659547294024,-5852.222735260628,-5834.0639845026335,,5000,1,70636616,ok
Corenflos DPF,20,20,5,222,398.6875180338975,-5851.092789166369,-5834.005575863776,,5000,1,70636617,ok
Corenflos DPF,20,20,5,223,400.6152912939433,-5857.451671338339,-5834.884495924142,,5000,1,70636618,ok
Corenflos DPF,20,20,5,224,402.5819289209321,-5854.623595705127,-5834.518516414831,,5000,1,70636619,ok
Corenflos DPF,20,20,5,225,404.54036809597164,-5855.938863998959,-5834.250815331828,,5000,1,70636620,ok
Corenflos DPF,20,20,5,226,406.4908287709113,-5866.559369256119,-5834.497709960466,,5000,1,70636621,ok
Corenflos DPF,20,20,5,227,408.4024739949964,-5850.982892524915,-5835.4947486843375,,5000,1,70636622,ok
Corenflos DPF,20,20,5,228,410.3683603289537,-5855.878646579296,-5835.337088320512,,5000,1,70636623,ok
Corenflos DPF,20,20,5,229,412.31867775297724,-5861.223909891569,-5836.811614829928,,5000,1,70636624,ok
Corenflos DPF,20,20,5,230,414.25311282498296,-5856.01192539419,-5836.050846845942,,5000,1,70636625,ok
Corenflos DPF,20,20,5,231,416.16431483789347,-5862.427591736001,-5836.981753219236,,5000,1,70636626,ok
Corenflos DPF,20,20,5,232,418.0980824389262,-5860.952219215723,-5837.458178943183,,5000,1,70636627,ok
Corenflos DPF,20,20,5,233,420.0717926219804,-5860.903871710666,-5838.9183359284325,,5000,1,70636628,ok
Corenflos DPF,20,20,5,234,422.06090260797646,-5862.768193841002,-5838.525108525844,,5000,1,70636629,ok
Corenflos DPF,20,20,5,235,424.0176428559935,-5861.458921003244,-5839.052188759109,,5000,1,70636630,ok
Corenflos DPF,20,20,5,236,425.9840334429173,-5860.401514201858,-5839.398143501305,,5000,1,70636631,ok
Corenflos DPF,20,20,5,237,427.9271471929969,-5864.56738926537,-5839.549779497389,,5000,1,70636632,ok
Corenflos DPF,20,20,5,238,429.8629300489556,-5858.2892808454635,-5839.63450261121,,5000,1,70636633,ok
Corenflos DPF,20,20,5,239,431.8294663109118,-5865.893410865272,-5841.047404081851,,5000,1,70636634,ok
Corenflos DPF,20,20,5,240,433.7504347729264,-5867.617300474438,-5840.849305173525,,5000,1,70636635,ok
Corenflos DPF,20,20,5,241,435.71653879096266,-5864.951847494072,-5841.64089927115,,5000,1,70636636,ok
Corenflos DPF,20,20,5,242,437.6353183959145,-5870.599729257781,-5842.431361434395,,5000,1,70636637,ok
Corenflos DPF,20,20,5,243,439.5399525759276,-5865.884188500601,-5841.964671511995,,5000,1,70636638,ok
Corenflos DPF,20,20,5,244,441.5147704319097,-5863.903860021083,-5843.396650937809,,5000,1,70636639,ok
Corenflos DPF,20,20,5,245,443.44901059393305,-5868.189701638721,-5844.381261320417,,5000,1,70636640,ok
Corenflos DPF,20,20,5,246,445.3535730219446,-5858.96055107704,-5844.047402631344,,5000,1,70636641,ok
Corenflos DPF,20,20,5,247,447.29632384097204,-5872.462666693207,-5843.803728144918,,5000,1,70636642,ok
Corenflos DPF,20,20,5,248,449.2319041179726,-5871.304336199757,-5845.555166459137,,5000,1,70636643,ok
Corenflos DPF,20,20,5,249,451.1671760949539,-5870.733472049743,-5844.38094950114,,5000,1,70636644,ok
Corenflos DPF,20,20,5,250,453.0699085369706,-5866.870825328801,-5845.583135172394,,5000,1,70636645,ok
Corenflos DPF,20,20,5,251,454.9504722629208,-5869.261588866008,-5846.643987461213,,5000,1,70636646,ok
Corenflos DPF,20,20,5,252,456.89926198497415,-5874.477987833978,-5846.946963042103,,5000,1,70636647,ok
Corenflos DPF,20,20,5,253,458.80385673290584,-5878.054062748358,-5847.375099489141,,5000,1,70636648,ok
Corenflos DPF,20,20,5,254,460.72238656994887,-5873.36804619149,-5848.769144307858,,5000,1,70636649,ok
Corenflos DPF,20,20,5,255,462.64236702094786,-5867.959361902328,-5848.627752970825,,5000,1,70636650,ok
Corenflos DPF,20,20,5,256,464.5546133999014,-5877.350144402733,-5849.733463062671,,5000,1,70636651,ok
Corenflos DPF,20,20,5,257,466.4744299669983,-5873.055248157392,-5849.651029930032,,5000,1,70636652,ok
Corenflos DPF,20,20,5,258,468.3946730339667,-5876.9972123895795,-5850.261421519719,,5000,1,70636653,ok
Corenflos DPF,20,20,5,259,470.32176996197086,-5867.43407898113,-5850.237912213647,,5000,1,70636654,ok
Corenflos DPF,20,20,5,260,472.21773362194654,-5883.1061751292,-5850.841061591796,,5000,1,70636655,ok
Corenflos DPF,20,20,5,261,474.1524472159799,-5878.756413244135,-5851.629021518008,,5000,1,70636656,ok
Corenflos DPF,20,20,5,262,476.0958811729215,-5882.304514977954,-5852.561221726867,,5000,1,70636657,ok
Corenflos DPF,20,20,5,263,478.00087266694754,-5875.2514690467715,-5852.265347763249,,5000,1,70636658,ok
Corenflos DPF,20,20,5,264,479.9429596179398,-5873.42122382979,-5852.951427537192,,5000,1,70636659,ok
Corenflos DPF,20,20,5,265,481.8394159739837,-5874.850303748258,-5853.680383303622,,5000,1,70636660,ok
Corenflos DPF,20,20,5,266,483.7740676489193,-5871.910093749525,-5853.567620855134,,5000,1,70636661,ok
Corenflos DPF,20,20,5,267,485.71685181593057,-5881.481178902793,-5852.961467639073,,5000,1,70636662,ok
Corenflos DPF,20,20,5,268,487.6433959249407,-5876.893703944912,-5853.6062385700325,,5000,1,70636663,ok
Corenflos DPF,20,20,5,269,489.5941536629107,-5882.9206357068415,-5854.299194786846,,5000,1,70636664,ok
Corenflos DPF,20,20,5,270,491.5219255828997,-5877.505117236733,-5854.208601859604,,5000,1,70636665,ok
Corenflos DPF,20,20,5,271,493.4264333409956,-5883.352948015367,-5855.455027844257,,5000,1,70636666,ok
Corenflos DPF,20,20,5,272,495.3617963989964,-5878.658055933285,-5856.099200352587,,5000,1,70636667,ok
Corenflos DPF,20,20,5,273,497.2961859119823,-5876.8876592230245,-5857.107709778181,,5000,1,70636668,ok
Corenflos DPF,20,20,5,274,499.2385423879605,-5881.210368753804,-5856.201763220557,,5000,1,70636669,ok
Corenflos DPF,20,20,5,275,501.1418802489061,-5879.628736049168,-5858.053183919469,,5000,1,70636670,ok
Corenflos DPF,20,20,5,276,503.02337153896224,-5879.756068829914,-5858.240491816993,,5000,1,70636671,ok
Corenflos DPF,20,20,5,277,504.9500564439222,-5887.209042509474,-5858.507142320629,,5000,1,70636672,ok
Corenflos DPF,20,20,5,278,506.8231669398956,-5879.464776797372,-5859.902852730683,,5000,1,70636673,ok
Corenflos DPF,20,20,5,279,508.75719277199823,-5882.997602306138,-5860.0858131151645,,5000,1,70636674,ok
Corenflos DPF,20,20,5,280,510.66112369589973,-5887.58713441944,-5861.175272126795,,5000,1,70636675,ok
Corenflos DPF,20,20,5,281,512.5728417999344,-5883.953127598603,-5861.56694554519,,5000,1,70636676,ok
Corenflos DPF,20,20,5,282,514.5156614859588,-5883.873244222997,-5861.743182015014,,5000,1,70636677,ok
Corenflos DPF,20,20,5,283,516.4658839659533,-5891.726621062959,-5862.364767488525,,5000,1,70636678,ok
Corenflos DPF,20,20,5,284,518.4310410089092,-5852.937541348857,-5830.417752161944,,5000,1,70636679,ok
Corenflos DPF,20,20,5,285,520.3970682359068,-5853.1287115017485,-5831.664520718855,,5000,1,70636680,ok
Corenflos DPF,20,20,5,286,522.3390003899112,-5856.009379080119,-5831.5255445947505,,5000,1,70636681,ok
Corenflos DPF,20,20,5,287,524.3038639189908,-5854.1348478693,-5832.177390942785,,5000,1,70636682,ok
Corenflos DPF,20,20,5,288,526.2779352409998,-5857.173597666516,-5832.107082976739,,5000,1,70636683,ok
Corenflos DPF,20,20,5,289,528.2151177119231,-5855.814866146366,-5832.4790651839385,,5000,1,70636684,ok
Corenflos DPF,20,20,5,290,530.1657227489632,-5849.74579580439,-5832.241242552504,,5000,1,70636685,ok
Corenflos DPF,20,20,5,291,532.1308266849956,-5856.938799889126,-5832.319268169595,,5000,1,70636686,ok
Corenflos DPF,20,20,5,292,534.0584289908875,-5859.134387256176,-5832.964099284552,,5000,1,70636687,ok
Corenflos DPF,20,20,5,293,536.0155542698922,-5851.936559202937,-5831.983578213777,,5000,1,70636688,ok
Corenflos DPF,20,20,5,294,537.9832368709613,-5863.755041131052,-5831.6285933710515,,5000,1,70636689,ok
Corenflos DPF,20,20,5,295,539.9412450098898,-5855.115140491415,-5833.543710594481,,5000,1,70636690,ok
Corenflos DPF,20,20,5,296,541.9306811419083,-5855.559764761564,-5833.07751694821,,5000,1,70636691,ok
Corenflos DPF,20,20,5,297,543.8821176319616,-5859.499096445433,-5833.049658696826,,5000,1,70636692,ok
Corenflos DPF,20,20,5,298,545.8249470529845,-5859.185102442473,-5832.887326840102,,5000,1,70636693,ok
Corenflos DPF,20,20,5,299,547.7673395599704,-5857.206064123156,-5834.193178781557,,5000,1,70636694,ok
Corenflos DPF,20,20,5,300,549.7095556999557,-5854.396242459028,-5833.614190835626,,5000,1,70636695,ok
Corenflos DPF,20,20,5,301,551.6138596289093,-5860.456626895904,-5834.12184547456,,5000,1,70636696,ok
Corenflos DPF,20,20,5,302,553.5882433399092,-5861.548148346183,-5833.918174642853,,5000,1,70636697,ok
Corenflos DPF,20,20,5,303,555.5845343458932,-5862.8149310424305,-5834.407867376926,,5000,1,70636698,ok
Corenflos DPF,20,20,5,304,557.5361398449168,-5858.663654033189,-5834.146741097307,,5000,1,70636699,ok
Corenflos DPF,20,20,5,305,559.4707035819301,-5852.158823861347,-5833.9372844060745,,5000,1,70636700,ok
Corenflos DPF,20,20,5,306,561.4360432559624,-5858.616431067143,-5835.321522126661,,5000,1,70636701,ok
Corenflos DPF,20,20,5,307,563.4025553329848,-5860.876588581737,-5835.661617498974,,5000,1,70636702,ok
Corenflos DPF,20,20,5,308,565.3924470869824,-5861.078169127406,-5834.089169267532,,5000,1,70636703,ok
Corenflos DPF,20,20,5,309,567.3268297358882,-5856.193521671031,-5835.294081076056,,5000,1,70636704,ok
Corenflos DPF,20,20,5,310,569.2850975119509,-5861.161343504506,-5835.505878843944,,5000,1,70636705,ok
Corenflos DPF,20,20,5,311,571.2513857339509,-5862.259858598567,-5837.457930858347,,5000,1,70636706,ok
Corenflos DPF,20,20,5,312,573.2261779869441,-5863.337609799086,-5836.439426555403,,5000,1,70636707,ok
Corenflos DPF,20,20,5,313,575.1307198769646,-5859.953827998507,-5837.30045741943,,5000,1,70636708,ok
Corenflos DPF,20,20,5,314,577.0661327259149,-5854.608053348349,-5836.234075193033,,5000,1,70636709,ok
Corenflos DPF,20,20,5,315,578.9854699749267,-5864.818072781983,-5836.351837464739,,5000,1,70636710,ok
Corenflos DPF,20,20,5,316,580.9510081509361,-5860.908725969086,-5837.097201705097,,5000,1,70636711,ok
Corenflos DPF,20,20,5,317,582.909883356886,-5863.71120064911,-5837.664920875616,,5000,1,70636712,ok
Corenflos DPF,20,20,5,318,584.8759383879369,-5864.663734255029,-5838.5439530842295,,5000,1,70636713,ok
Corenflos DPF,20,20,5,319,586.8491528409068,-5862.810770719848,-5837.874929642117,,5000,1,70636714,ok
Corenflos DPF,20,20,5,320,588.7770444439957,-5861.299837369814,-5838.431344934176,,5000,1,70636715,ok
Corenflos DPF,20,20,5,321,590.7195907169953,-5863.346535141181,-5838.741332515923,,5000,1,70636716,ok
Corenflos DPF,20,20,5,322,592.677876414964,-5862.95794206995,-5839.324605788185,,5000,1,70636717,ok
Corenflos DPF,20,20,5,323,594.6432942639804,-5859.0814519228115,-5838.73710105559,,5000,1,70636718,ok
Corenflos DPF,20,20,5,324,596.5857262019999,-5865.788976769362,-5838.414762779366,,5000,1,70636719,ok
Corenflos DPF,20,20,5,325,598.4814315409167,-5859.09925605028,-5838.338961370078,,5000,1,70636720,ok
Corenflos DPF,20,20,5,326,600.3928810539655,-5860.634280966282,-5839.734878848289,,5000,1,70636721,ok
Corenflos DPF,20,20,5,327,602.2968601488974,-5864.12587435774,-5839.762664651364,,5000,1,70636722,ok
Corenflos DPF,20,20,5,328,604.209619320929,-5860.401667736482,-5840.122213109829,,5000,1,70636723,ok
Corenflos DPF,20,20,5,329,606.1301171319792,-5866.119290519078,-5839.435080964457,,5000,1,70636724,ok
Corenflos DPF,20,20,5,330,608.0564958249452,-5867.362187204908,-5840.390099324437,,5000,1,70636725,ok
Corenflos DPF,20,20,5,331,609.9683865219122,-5867.581430033532,-5840.44447170909,,5000,1,70636726,ok
Corenflos DPF,20,20,5,332,611.9025933649391,-5869.602720798254,-5840.158103026853,,5000,1,70636727,ok
Corenflos DPF,20,20,5,333,613.8608124239836,-5864.230561428301,-5841.384516720492,,5000,1,70636728,ok
Corenflos DPF,20,20,5,334,615.7866790549597,-5866.1246051138,-5840.882009730502,,5000,1,70636729,ok
Corenflos DPF,20,20,5,335,617.7052175189601,-5864.090753767511,-5841.29861450782,,5000,1,70636730,ok
Corenflos DPF,20,20,5,336,619.6314616369782,-5856.336593206768,-5841.486789044717,,5000,1,70636731,ok
Corenflos DPF,20,20,5,337,621.5655662938952,-5868.659309103874,-5841.586162320583,,5000,1,70636732,ok
Corenflos DPF,20,20,5,338,623.4917067548959,-5865.721873352344,-5842.313774564247,,5000,1,70636733,ok
Corenflos DPF,20,20,5,339,625.4103617509827,-5872.568034164279,-5841.8040569279,,5000,1,70636734,ok
Corenflos DPF,20,20,5,340,627.3601499289507,-5862.624318995269,-5843.0966464504045,,5000,1,70636735,ok
Corenflos DPF,20,20,5,341,629.3028846579837,-5864.922467434624,-5842.8516220572965,,5000,1,70636736,ok
Corenflos DPF,20,20,5,342,631.238025666913,-5870.676808320766,-5842.1234286943645,,5000,1,70636737,ok
Corenflos DPF,20,20,5,343,633.1799816499697,-5863.341607803832,-5841.600333676318,,5000,1,70636738,ok
Corenflos DPF,20,20,5,344,635.099611369893,-5871.146401832448,-5841.669573083312,,5000,1,70636739,ok
Corenflos DPF,20,20,5,345,637.0190490059322,-5867.035438995146,-5843.611007969807,,5000,1,70636740,ok
Corenflos DPF,20,20,5,346,638.9767871228978,-5871.988201068253,-5843.654437707968,,5000,1,70636741,ok
Corenflos DPF,20,20,5,347,640.8962902459316,-5862.344804274806,-5844.4164373078975,,5000,1,70636742,ok
Corenflos DPF,20,20,5,348,642.8082099809544,-5871.240112509971,-5844.460206081318,,5000,1,70636743,ok
Corenflos DPF,20,20,5,349,644.750754463952,-5868.133065938811,-5844.516993142165,,5000,1,70636744,ok
Corenflos DPF,20,20,5,350,646.7172868859489,-5867.431458783842,-5844.712168264921,,5000,1,70636745,ok
Corenflos DPF,20,20,5,351,648.6369492729427,-5865.914095319383,-5844.541993216873,,5000,1,70636746,ok
Corenflos DPF,20,20,5,352,650.5788768749917,-5872.259501057386,-5844.865480649843,,5000,1,70636747,ok
Corenflos DPF,20,20,5,353,652.4821733699646,-5860.036407740613,-5844.396001236754,,5000,1,70636748,ok
Corenflos DPF,20,20,5,354,654.4101156509714,-5864.9097439876605,-5844.80157139133,,5000,1,70636749,ok
Corenflos DPF,20,20,5,355,656.3675496049691,-5868.124337222983,-5845.116646019776,,5000,1,70636750,ok
Corenflos DPF,20,20,5,356,658.3025112089235,-5875.804970030698,-5845.867279692519,,5000,1,70636751,ok
Corenflos DPF,20,20,5,357,660.253437578911,-5874.784535341291,-5844.958015298572,,5000,1,70636752,ok
Corenflos DPF,20,20,5,358,662.1658419419546,-5873.1590955694655,-5844.922877793239,,5000,1,70636753,ok
Corenflos DPF,20,20,5,359,664.1089454049943,-5866.649359467506,-5846.369521702644,,5000,1,70636754,ok
Corenflos DPF,20,20,5,360,666.0603907469194,-5867.647334150208,-5846.187688483842,,5000,1,70636755,ok
Corenflos DPF,20,20,5,361,668.0196643999079,-5873.198781064124,-5845.620180089367,,5000,1,70636756,ok
Corenflos DPF,20,20,5,362,669.9465729619842,-5869.315995521356,-5846.089413181736,,5000,1,70636757,ok
Corenflos DPF,20,20,5,363,671.8806021619821,-5872.42272873374,-5846.442257813542,,5000,1,70636758,ok
Corenflos DPF,20,20,5,364,673.8392221789109,-5870.531261990913,-5845.926705090784,,5000,1,70636759,ok
Corenflos DPF,20,20,5,365,675.7432004869916,-5873.425295298664,-5846.944507746225,,5000,1,70636760,ok
Corenflos DPF,20,20,5,366,677.6403344759019,-5866.453526144868,-5847.283619198873,,5000,1,70636761,ok
Corenflos DPF,20,20,5,367,679.5598619859666,-5872.808603552672,-5846.09992884153,,5000,1,70636762,ok
Corenflos DPF,20,20,5,368,681.5096931119915,-5880.12762211053,-5847.847258207855,,5000,1,70636763,ok
Corenflos DPF,20,20,5,369,683.4524042839184,-5873.05736265291,-5848.249689447792,,5000,1,70636764,ok
Corenflos DPF,20,20,5,370,685.3790485049831,-5871.689615592294,-5847.57101114876,,5000,1,70636765,ok
Corenflos DPF,20,20,5,371,687.3363363009412,-5876.6313323238155,-5848.481870216679,,5000,1,70636766,ok
Corenflos DPF,20,20,5,372,689.294338540989,-5868.529844281333,-5848.6416946225645,,5000,1,70636767,ok
Corenflos DPF,20,20,5,373,691.2056018689182,-5870.849015973249,-5848.704438304093,,5000,1,70636768,ok
Corenflos DPF,20,20,5,374,693.1176946639316,-5878.121472152996,-5848.372176816381,,5000,1,70636769,ok
Corenflos DPF,20,20,5,375,695.061257891939,-5871.125574571212,-5849.043000140857,,5000,1,70636770,ok
Corenflos DPF,20,20,5,376,696.9888497319771,-5872.9691427659745,-5848.752426118208,,5000,1,70636771,ok
Corenflos DPF,20,20,5,377,698.9477070079884,-5870.209858548606,-5848.906435213972,,5000,1,70636772,ok
Corenflos DPF,20,20,5,378,700.9375504439231,-5874.9520310596145,-5848.2993080816605,,5000,1,70636773,ok
Corenflos DPF,20,20,5,379,702.8654181319289,-5872.34956373524,-5847.848116654996,,5000,1,70636774,ok
Corenflos DPF,20,20,5,380,704.7706420439063,-5868.045863893134,-5848.411202265735,,5000,1,70636775,ok
Corenflos DPF,20,20,5,381,706.6982131239492,-5869.979487617854,-5848.247026584886,,5000,1,70636776,ok
Corenflos DPF,20,20,5,382,708.6803018399514,-5879.07389715779,-5849.316269981066,,5000,1,70636777,ok
Corenflos DPF,20,20,5,383,710.6075292559108,-5871.688861499257,-5848.571184372182,,5000,1,70636778,ok
Corenflos DPF,20,20,5,384,712.5741516168928,-5879.740851924238,-5848.885353447739,,5000,1,70636779,ok
Corenflos DPF,20,20,5,385,714.5481759189861,-5872.722390932787,-5849.9069362209275,,5000,1,70636780,ok
Corenflos DPF,20,20,5,386,716.4831659959164,-5874.302044909404,-5849.635797748041,,5000,1,70636781,ok
Corenflos DPF,20,20,5,387,718.4188298829831,-5874.558269166651,-5849.652827029104,,5000,1,70636782,ok
Corenflos DPF,20,20,5,388,720.3622233679052,-5876.732101708721,-5849.413032146126,,5000,1,70636783,ok
Corenflos DPF,20,20,5,389,722.3052199649392,-5879.973075832033,-5850.417092899147,,5000,1,70636784,ok
Corenflos DPF,20,20,5,390,724.2091413859744,-5870.669801355725,-5849.391931259219,,5000,1,70636785,ok
Corenflos DPF,20,20,5,391,726.1444225989981,-5874.441063948123,-5849.985290216252,,5000,1,70636786,ok
Corenflos DPF,20,20,5,392,728.0799994649133,-5879.709783061471,-5849.904270591366,,5000,1,70636787,ok
Corenflos DPF,20,20,5,393,730.0384395458968,-5875.1070275073935,-5850.013681153247,,5000,1,70636788,ok
Corenflos DPF,20,20,5,394,731.9891736879945,-5878.0724154502495,-5849.833726205149,,5000,1,70636789,ok
Corenflos DPF,20,20,5,395,733.9479331729235,-5874.123372435599,-5850.527830451255,,5000,1,70636790,ok
Corenflos DPF,20,20,5,396,735.8746799799846,-5875.752857722216,-5851.7609946450675,,5000,1,70636791,ok
Corenflos DPF,20,20,5,397,737.7795461389469,-5874.461802919321,-5850.034435844953,,5000,1,70636792,ok
Corenflos DPF,20,20,5,398,739.738736520987,-5884.450014830485,-5852.112669089289,,5000,1,70636793,ok
Corenflos DPF,20,20,5,399,741.6729910749709,-5881.863604345978,-5851.61054530333,,5000,1,70636794,ok
Corenflos DPF,20,20,5,400,743.5936321099289,-5879.643359565936,-5850.315197224767,,5000,1,70636795,ok
Corenflos DPF,20,20,5,401,745.5116903329035,-5882.0711010696605,-5851.739625669812,,5000,1,70636796,ok
Corenflos DPF,20,20,5,402,747.4398298929445,-5881.107996973715,-5852.274542285911,,5000,1,70636797,ok
Corenflos DPF,20,20,5,403,749.3740477039246,-5880.098989218908,-5853.426590638876,,5000,1,70636798,ok
Corenflos DPF,20,20,5,404,751.2932475609705,-5877.199526857141,-5853.263595597808,,5000,1,70636799,ok
Corenflos DPF,20,20,5,405,753.2121336580021,-5876.085856187406,-5853.137487316902,,5000,1,70636800,ok
Corenflos DPF,20,20,5,406,755.1182531709783,-5875.879607915511,-5852.3685490724765,,5000,1,70636801,ok
Corenflos DPF,20,20,5,407,757.0301029969705,-5873.0166771787835,-5852.483660183977,,5000,1,70636802,ok
Corenflos DPF,20,20,5,408,759.0106603089953,-5882.1060378535985,-5853.271007432533,,5000,1,70636803,ok
Corenflos DPF,20,20,5,409,760.9537053609965,-5879.034004697411,-5853.02171478048,,5000,1,70636804,ok
Corenflos DPF,20,20,5,410,762.8806145219132,-5884.930190139912,-5854.268784972112,,5000,1,70636805,ok
Corenflos DPF,20,20,5,411,764.8240487769945,-5877.351084305708,-5853.415926235881,,5000,1,70636806,ok
Corenflos DPF,20,20,5,412,766.7826114309719,-5882.327765185115,-5853.519793911643,,5000,1,70636807,ok
Corenflos DPF,20,20,5,413,768.7169473619433,-5872.139307811625,-5853.7992422228,,5000,1,70636808,ok
Corenflos DPF,20,20,5,414,770.6528065219754,-5882.53423930075,-5854.281077994429,,5000,1,70636809,ok
Corenflos DPF,20,20,5,415,772.5960028279806,-5885.329442938355,-5854.851016397702,,5000,1,70636810,ok
Corenflos DPF,20,20,5,416,774.5539034788962,-5884.444305581376,-5855.321419193414,,5000,1,70636811,ok
Corenflos DPF,20,20,5,417,776.4804405639879,-5878.667627201654,-5854.691938566626,,5000,1,70636812,ok
Corenflos DPF,20,20,5,418,778.4236973759253,-5882.23820764126,-5854.314590674254,,5000,1,70636813,ok
Corenflos DPF,20,20,5,419,780.3421035700012,-5880.423438593544,-5854.876634650759,,5000,1,70636814,ok
Corenflos DPF,20,20,5,420,782.3005068809725,-5879.025828946539,-5855.819916798421,,5000,1,70636815,ok
Corenflos DPF,20,20,5,421,784.220048016985,-5881.985892618574,-5855.293857230477,,5000,1,70636816,ok
Corenflos DPF,20,20,5,422,786.1618789909407,-5877.77995300681,-5855.431700453517,,5000,1,70636817,ok
Corenflos DPF,20,20,5,423,788.072503556963,-5881.116275724866,-5856.210262235457,,5000,1,70636818,ok
Corenflos DPF,20,20,5,424,790.0306543109473,-5881.723669689979,-5856.103232388278,,5000,1,70636819,ok
Corenflos DPF,20,20,5,425,791.9500550079392,-5882.587893600358,-5855.020999089399,,5000,1,70636820,ok
Corenflos DPF,20,20,5,426,793.878813099931,-5882.593188472936,-5856.25586911876,,5000,1,70636821,ok
Corenflos DPF,20,20,5,427,795.8439171839273,-5878.345685504069,-5856.953793668561,,5000,1,70636822,ok
Corenflos DPF,20,20,5,428,797.741715408978,-5881.287954176201,-5856.488142679938,,5000,1,70636823,ok
Corenflos DPF,20,20,5,429,799.6687448369339,-5879.652712615246,-5856.0332215145045,,5000,1,70636824,ok
Corenflos DPF,20,20,5,430,801.5646078119753,-5877.986703586593,-5856.11133749989,,5000,1,70636825,ok
Corenflos DPF,20,20,6,0,3.050589649938047,-14271.968341159005,-11386.650003160807,,5000,1,70637392,ok
Corenflos DPF,20,20,6,1,5.658572801970877,-14676.194170308105,-10530.92515643974,,5000,1,70637393,ok
Corenflos DPF,20,20,6,2,8.922978720045649,-13435.88819275379,-10367.518435906846,,5000,1,70637394,ok
Corenflos DPF,20,20,6,3,12.117240517982282,-13283.30495648444,-9555.55768886652,,5000,1,70637395,ok
Corenflos DPF,20,20,6,4,15.455266452976502,-12462.00844266385,-8915.565745476488,,5000,1,70637396,ok
Corenflos DPF,20,20,6,5,18.91252724104561,-12339.252932754229,-8748.620286701836,,5000,1,70637397,ok
Corenflos DPF,20,20,6,6,22.41665801196359,-11639.643014143787,-8453.511864811011,,5000,1,70637398,ok
Corenflos DPF,20,20,6,7,25.578100831015036,-12684.541188508252,-8173.588124778216,,5000,1,70637399,ok
Corenflos DPF,20,20,6,8,29.344305349048227,-10702.87820946663,-7784.335006969565,,5000,1,70637400,ok
Corenflos DPF,20,20,6,9,33.039080820046365,-10654.583115503277,-7537.958097937088,,5000,1,70637401,ok
Corenflos DPF,20,20,6,10,36.87456560495775,-9800.787080828848,-7253.903860375151,,5000,1,70637402,ok
Corenflos DPF,20,20,6,11,40.70048760401551,-9703.526264890414,-7076.249846984222,,5000,1,70637403,ok
Corenflos DPF,20,20,6,12,44.5944213590119,-9022.074211186227,-6816.803945270618,,5000,1,70637404,ok
Corenflos DPF,20,20,6,13,48.5682500039693,-8610.484949682193,-6669.60610207129,,5000,1,70637405,ok
Corenflos DPF,20,20,6,14,52.53408272494562,-8490.455967816602,-6456.683281692313,,5000,1,70637406,ok
Corenflos DPF,20,20,6,15,56.515462934970856,-8043.163269418081,-6106.726855774301,,5000,1,70637407,ok
Corenflos DPF,20,20,6,16,60.5049183559604,-7921.167096261223,-5979.152571649875,,5000,1,70637408,ok
Corenflos DPF,20,20,6,17,64.6495945090428,-7034.583397043951,-5717.410974603306,,5000,1,70637409,ok
Corenflos DPF,20,20,6,18,68.69236073293723,-7507.181924155731,-5677.785453157845,,5000,1,70637410,ok
Corenflos DPF,20,20,6,19,72.72110932599753,-7211.415040070987,-5601.456555283477,,5000,1,70637411,ok
Corenflos DPF,20,20,6,20,76.74025643698405,-6961.40631658762,-5448.929322036192,,5000,1,70637412,ok
Corenflos DPF,20,20,6,21,80.74550429999363,-6798.7213094912395,-5261.21931463947,,5000,1,70637413,ok
Corenflos DPF,20,20,6,22,84.74328147096094,-6508.763853831988,-5209.07371373007,,5000,1,70637414,ok
Corenflos DPF,20,20,6,23,88.67883335193619,-6243.129270674535,-5113.0016952902715,,5000,1,70637415,ok
Corenflos DPF,20,20,6,24,92.64412224304397,-6054.724547488371,-5068.240660041372,,5000,1,70637416,ok
Corenflos DPF,20,20,6,25,96.61043871496804,-5912.262612367456,-4936.2245833588695,,5000,1,70637417,ok
Corenflos DPF,20,20,6,26,100.57637198700104,-5667.492101075752,-4875.519491713705,,5000,1,70637418,ok
Corenflos DPF,20,20,6,27,104.48532933997922,-5686.393309763529,-4811.730166901647,,5000,1,70637419,ok
Corenflos DPF,20,20,6,28,108.39769594499376,-5705.052450824155,-4778.163441196107,,5000,1,70637420,ok
Corenflos DPF,20,20,6,29,112.23781198996585,-5463.920065437734,-4694.189113451522,,5000,1,70637421,ok
Corenflos DPF,20,20,6,30,116.07755757204723,-5292.0067136713415,-4676.869492145652,,5000,1,70637422,ok
Corenflos DPF,20,20,6,31,119.99013260798529,-5258.244154058226,-4640.605856139162,,5000,1,70637423,ok
Corenflos DPF,20,20,6,32,123.83983362198342,-5077.580864699434,-4620.389079379323,,5000,1,70637424,ok
Corenflos DPF,20,20,6,33,127.76674566301517,-5015.773955428826,-4616.330921618695,,5000,1,70637425,ok
Corenflos DPF,20,20,6,34,131.56355952797458,-5003.227090110805,-4574.718376937551,,5000,1,70637426,ok
Corenflos DPF,20,20,6,35,135.3754386829678,-4959.421398817399,-4556.965997997652,,5000,1,70637427,ok
Corenflos DPF,20,20,6,36,139.11578111804556,-4986.617062562753,-4532.706492582291,,5000,1,70637428,ok
Corenflos DPF,20,20,6,37,142.81866802298464,-4971.5064797312225,-4518.352450964207,,5000,1,70637429,ok
Corenflos DPF,20,20,6,38,146.58400681696367,-4789.900269307711,-4502.137329376733,,5000,1,70637430,ok
Corenflos DPF,20,20,6,39,150.26360281999223,-4852.512494995268,-4474.896089048679,,5000,1,70637431,ok
Corenflos DPF,20,20,6,40,153.9495463350322,-4768.299100647135,-4449.0964018004815,,5000,1,70637432,ok
Corenflos DPF,20,20,6,41,157.70602913096081,-4681.640494614111,-4429.038853807446,,5000,1,70637433,ok
Corenflos DPF,20,20,6,42,161.44544197793584,-4677.115519117708,-4401.841292634272,,5000,1,70637434,ok
Corenflos DPF,20,20,6,43,165.2305596099468,-4611.1213720297565,-4387.24063731712,,5000,1,70637435,ok
Corenflos DPF,20,20,6,44,168.97970373602584,-4577.679819494944,-4368.878739028008,,5000,1,70637436,ok
Corenflos DPF,20,20,6,45,172.66016772494186,-4561.5439286202645,-4351.653456543677,,5000,1,70637437,ok
Corenflos DPF,20,20,6,46,176.123470060993,-5321.040298699036,-4338.4524691225215,,5000,1,70637438,ok
Corenflos DPF,20,20,6,47,179.88144091400318,-4573.92499556734,-4324.912559021195,,5000,1,70637439,ok
Corenflos DPF,20,20,6,48,183.59960944601335,-4520.670554966085,-4316.193336233252,,5000,1,70637440,ok
Corenflos DPF,20,20,6,49,187.3883629370248,-4463.4760016712735,-4307.117428670036,,5000,1,70637441,ok
Corenflos DPF,20,20,6,50,191.05297717894427,-4483.95317074426,-4302.030867058406,,5000,1,70637442,ok
Corenflos DPF,20,20,6,51,194.74711747595575,-4425.183717269296,-4296.638227621012,,5000,1,70637443,ok
Corenflos DPF,20,20,6,52,198.47201735794079,-4463.51628417412,-4290.809123821776,,5000,1,70637444,ok
Corenflos DPF,20,20,6,53,202.22440324001946,-4441.801550278313,-4288.821066723263,,5000,1,70637445,ok
Corenflos DPF,20,20,6,54,205.85669218096882,-4417.232832721431,-4282.485323501423,,5000,1,70637446,ok
Corenflos DPF,20,20,6,55,209.4921778429998,-4453.241384686042,-4275.041283804119,,5000,1,70637447,ok
Corenflos DPF,20,20,6,56,213.33096476097126,-4414.554745501325,-4271.316419607217,,5000,1,70637448,ok
Corenflos DPF,20,20,6,57,216.95875409897417,-4368.731012792978,-4266.520395024232,,5000,1,70637449,ok
Corenflos DPF,20,20,6,58,220.42323938803747,-4421.085584630107,-4260.813742502993,,5000,1,70637450,ok
Corenflos DPF,20,20,6,59,224.07855909701902,-4371.220228401964,-4257.170656516472,,5000,1,70637451,ok
Corenflos DPF,20,20,6,60,227.68805419502314,-4374.855196331755,-4252.245173048453,,5000,1,70637452,ok
Corenflos DPF,20,20,6,61,231.29930666997097,-4411.239746889459,-4249.597175685226,,5000,1,70637453,ok
Corenflos DPF,20,20,6,62,234.83337553800084,-4350.9296042983,-4245.589863286201,,5000,1,70637454,ok
Corenflos DPF,20,20,6,63,238.4037923249416,-4360.963444500005,-4243.0098375306725,,5000,1,70637455,ok
Corenflos DPF,20,20,6,64,241.94391614804044,-4344.057692915089,-4241.140837102204,,5000,1,70637456,ok
Corenflos DPF,20,20,6,65,245.509518353967,-4346.322618685861,-4237.374646078157,,5000,1,70637457,ok
Corenflos DPF,20,20,6,66,248.994967126986,-4347.7895586757695,-4236.977302965742,,5000,1,70637458,ok
Corenflos DPF,20,20,6,67,252.47552938794252,-4361.783400066314,-4234.951441642092,,5000,1,70637459,ok
Corenflos DPF,20,20,6,68,256.0489793709712,-4392.576993801884,-4233.678742816105,,5000,1,70637460,ok
Corenflos DPF,20,20,6,69,259.42094615194947,-4390.877274988812,-4232.41265688078,,5000,1,70637461,ok
Corenflos DPF,20,20,6,70,263.0022855249699,-4310.101391295449,-4228.7916302736285,,5000,1,70637462,ok
Corenflos DPF,20,20,6,71,266.53646293701604,-4312.880830654807,-4227.136480852996,,5000,1,70637463,ok
Corenflos DPF,20,20,6,72,270.12465652404353,-4342.397434408206,-4225.696142762898,,5000,1,70637464,ok
Corenflos DPF,20,20,6,73,273.7129710649606,-4305.78811536885,-4221.879692587353,,5000,1,70637465,ok
Corenflos DPF,20,20,6,74,277.253114040941,-4299.781476668335,-4219.478838639865,,5000,1,70637466,ok
Corenflos DPF,20,20,6,75,280.8621983169578,-4355.809319511372,-4220.697995346595,,5000,1,70637467,ok
Corenflos DPF,20,20,6,76,284.38859538699035,-4332.566033711509,-4217.684171159128,,5000,1,70637468,ok
Corenflos DPF,20,20,6,77,288.02090643299744,-4339.900710460636,-4216.784469739032,,5000,1,70637469,ok
Corenflos DPF,20,20,6,78,291.53781800402794,-4345.003663195499,-4215.231008888296,,5000,1,70637470,ok
Corenflos DPF,20,20,6,79,295.11184001900256,-4317.571489240341,-4211.7775321394465,,5000,1,70637471,ok
Corenflos DPF,20,20,6,80,298.72398483694997,-4305.555650525548,-4213.42772450555,,5000,1,70637472,ok
Corenflos DPF,20,20,6,81,302.3186121049803,-4297.092496950772,-4211.763915592267,,5000,1,70637473,ok
Corenflos DPF,20,20,6,82,305.9152912560385,-4302.180431544299,-4210.649148923598,,5000,1,70637474,ok
Corenflos DPF,20,20,6,83,309.516268211999,-4290.3550977303275,-4211.407472288617,,5000,1,70637475,ok
Corenflos DPF,20,20,6,84,313.12747637194116,-4285.70795561295,-4210.35549212499,,5000,1,70637476,ok
Corenflos DPF,20,20,6,85,316.72115412098356,-4326.031994346125,-4209.870926491642,,5000,1,70637477,ok
Corenflos DPF,20,20,6,86,320.2628694609739,-4292.448544260444,-4208.6202094521905,,5000,1,70637478,ok
Corenflos DPF,20,20,6,87,323.858761815005,-4302.903911627351,-4209.535353152208,,5000,1,70637479,ok
Corenflos DPF,20,20,6,88,327.37532243703026,-4286.824392502561,-4207.0648888787355,,5000,1,70637480,ok
Corenflos DPF,20,20,6,89,330.92234940396156,-4314.464166697514,-4203.713931942705,,5000,1,70637481,ok
Corenflos DPF,20,20,6,90,334.54933832597453,-4291.629499626911,-4204.15344931851,,5000,1,70637482,ok
Corenflos DPF,20,20,6,91,338.14636210899334,-4279.683086383591,-4203.636257839595,,5000,1,70637483,ok
Corenflos DPF,20,20,6,92,341.6632617949508,-4280.969606965877,-4202.369615680112,,5000,1,70637484,ok
Corenflos DPF,20,20,6,93,345.27523966901936,-4315.777517830458,-4199.356610198442,,5000,1,70637485,ok
Corenflos DPF,20,20,6,94,348.8079809929477,-4305.939368699465,-4197.283867838989,,5000,1,70637486,ok
Corenflos DPF,20,20,6,95,352.38216232997365,-4304.741642644871,-4194.227299063075,,5000,1,70637487,ok
Corenflos DPF,20,20,6,96,355.9145709510194,-4308.107065150477,-4193.594410303839,,5000,1,70637488,ok
Corenflos DPF,20,20,6,97,359.4799356349977,-4304.087472160203,-4192.616372006132,,5000,1,70637489,ok
Corenflos DPF,20,20,6,98,363.0990744769806,-4299.779516005476,-4191.355671049479,,5000,1,70637490,ok
Corenflos DPF,20,20,6,99,366.6773811179446,-4277.891520241745,-4190.280122656852,,5000,1,70637491,ok
Corenflos DPF,20,20,6,100,370.2580246810103,-4262.261401994277,-4189.451137856663,,5000,1,70637492,ok
Corenflos DPF,20,20,6,101,373.87862184399273,-4262.804833919303,-4187.07494205713,,5000,1,70637493,ok
Corenflos DPF,20,20,6,102,377.40631006495096,-4312.148747706795,-4188.483648837963,,5000,1,70637494,ok
Corenflos DPF,20,20,6,103,380.9538726579631,-4283.5687247858405,-4185.9996375128785,,5000,1,70637495,ok
Corenflos DPF,20,20,6,104,384.52744326996617,-4282.471953773798,-4185.598594361712,,5000,1,70637496,ok
Corenflos DPF,20,20,6,105,388.07788148801774,-4261.2446500717615,-4185.633707399012,,5000,1,70637497,ok
Corenflos DPF,20,20,6,106,391.6341300579952,-4294.781768078227,-4183.087642569434,,5000,1,70637498,ok
Corenflos DPF,20,20,6,107,395.15894221304916,-4267.702279889654,-4182.277655659893,,5000,1,70637499,ok
Corenflos DPF,20,20,6,108,398.79159370297566,-4245.872708148083,-4183.561548534743,,5000,1,70637500,ok
Corenflos DPF,20,20,6,109,402.3724362209905,-4221.299873356616,-4180.508698377824,,5000,1,70637501,ok
Corenflos DPF,20,20,6,110,406.0074504290242,-4252.96762663761,-4179.984277119621,,5000,1,70637502,ok
Corenflos DPF,20,20,6,111,409.5337216570042,-4236.782163111141,-4178.856004107979,,5000,1,70637503,ok
Corenflos DPF,20,20,6,112,413.0518418420106,-4317.930113656274,-4176.971455490071,,5000,1,70637504,ok
Corenflos DPF,20,20,6,113,416.57543115201406,-4239.465097004835,-4179.1143523518795,,5000,1,70637505,ok
Corenflos DPF,20,20,6,114,420.1711113170022,-4307.813006295146,-4177.938658375168,,5000,1,70637506,ok
Corenflos DPF,20,20,6,115,423.6792769479798,-4280.2482975448565,-4178.745688996885,,5000,1,70637507,ok
Corenflos DPF,20,20,6,116,427.2886154720327,-4267.387896328412,-4177.050344384712,,5000,1,70637508,ok
Corenflos DPF,20,20,6,117,430.8772906209342,-4277.643626183816,-4175.658386911055,,5000,1,70637509,ok
Corenflos DPF,20,20,6,118,434.5049600950442,-4253.6238016917705,-4176.651483302966,,5000,1,70637510,ok
Corenflos DPF,20,20,6,119,438.0705280229449,-4237.739881816238,-4176.165395805883,,5000,1,70637511,ok
Corenflos DPF,20,20,6,120,441.63576555694453,-4247.4492444371535,-4174.245258178649,,5000,1,70637512,ok
Corenflos DPF,20,20,6,121,445.1392868020339,-4273.37531781371,-4173.867674908318,,5000,1,70637513,ok
Corenflos DPF,20,20,6,122,448.6719775679521,-4245.843092200466,-4173.098716002767,,5000,1,70637514,ok
Corenflos DPF,20,20,6,123,452.22319530893583,-4245.734058222167,-4173.580857363009,,5000,1,70637515,ok
Corenflos DPF,20,20,6,124,455.81239417300094,-4272.419981359382,-4172.033804843224,,5000,1,70637516,ok
Corenflos DPF,20,20,6,125,459.41376544802915,-4281.04197674646,-4173.36949966496,,5000,1,70637517,ok
Corenflos DPF,20,20,6,126,463.0410220370395,-4253.47184317585,-4171.988268568317,,5000,1,70637518,ok
Corenflos DPF,20,20,6,127,466.6460515779909,-4248.920094018913,-4169.198212306886,,5000,1,70637519,ok
Corenflos DPF,20,20,6,128,470.16597817104775,-4255.781972767116,-4168.920260611131,,5000,1,70637520,ok
Corenflos DPF,20,20,6,129,473.8161618739832,-4226.673636799373,-4169.061389348448,,5000,1,70637521,ok
Corenflos DPF,20,20,6,130,477.3888667640276,-4274.133097149492,-4170.514112702255,,5000,1,70637522,ok
Corenflos DPF,20,20,6,131,481.0161635170225,-4237.0999412074125,-4169.229704112433,,5000,1,70637523,ok
Corenflos DPF,20,20,6,132,484.5351185610052,-4232.373636397817,-4169.8872582974645,,5000,1,70637524,ok
Corenflos DPF,20,20,6,133,488.10700379894115,-4249.871960953542,-4170.558743696581,,5000,1,70637525,ok
Corenflos DPF,20,20,6,134,491.72581105597783,-4265.722173747916,-4171.81624137887,,5000,1,70637526,ok
Corenflos DPF,20,20,6,135,495.25911471794825,-4219.496838102216,-4173.735898072686,,5000,1,70637527,ok
Corenflos DPF,20,20,6,136,498.8168512469856,-4232.748642882618,-4175.2781903182795,,5000,1,70637528,ok
Corenflos DPF,20,20,6,137,502.37193224800285,-4231.709180583668,-4177.4334662612955,,5000,1,70637529,ok
Corenflos DPF,20,20,6,138,505.9419638250256,-4282.096990653203,-4179.371801080007,,5000,1,70637530,ok
Corenflos DPF,20,20,6,139,509.5526912800269,-4264.469041708116,-4182.286075733755,,5000,1,70637531,ok
Corenflos DPF,20,20,6,140,513.133556894958,-4267.624742317405,-4185.37759282532,,5000,1,70637532,ok
Corenflos DPF,20,20,6,141,516.7374441699358,-4292.576218605623,-4188.84700137432,,5000,1,70637533,ok
Corenflos DPF,20,20,6,142,520.2330802009674,-4269.516580780976,-4189.749150530048,,5000,1,70637534,ok
Corenflos DPF,20,20,6,143,523.826413554023,-4301.786815455465,-4191.974746200555,,5000,1,70637535,ok
Corenflos DPF,20,20,6,144,527.3227661739802,-4290.360692953527,-4195.369906763694,,5000,1,70637536,ok
Corenflos DPF,20,20,6,145,530.9110162720317,-4281.626664804458,-4196.615491082292,,5000,1,70637537,ok
Corenflos DPF,20,20,6,146,534.3184443690116,-4351.715922949288,-4199.734444341386,,5000,1,70637538,ok
Corenflos DPF,20,20,6,147,537.5953285469441,-4706.436356569902,-4202.65334978697,,5000,1,70637539,ok
Corenflos DPF,20,20,6,148,541.025316167972,-4238.368156462575,-4172.1824673640085,,5000,1,70637540,ok
Corenflos DPF,20,20,6,149,544.5602062059334,-4214.669867233827,-4171.86459226731,,5000,1,70637541,ok
Corenflos DPF,20,20,6,150,548.1413229249883,-4256.944663707394,-4171.619444191866,,5000,1,70637542,ok
Corenflos DPF,20,20,6,151,551.7850134919863,-4241.53465857895,-4170.798699448928,,5000,1,70637543,ok
Corenflos DPF,20,20,6,152,555.2641525620129,-4259.361037732088,-4170.679608454365,,5000,1,70637544,ok
Corenflos DPF,20,20,6,153,558.7760690959403,-4252.419255092416,-4171.191903832534,,5000,1,70637545,ok
Corenflos DPF,20,20,6,154,562.3334109489806,-4250.631173039585,-4170.658153485189,,5000,1,70637546,ok
Corenflos DPF,20,20,6,155,565.8516412379686,-4214.647086969186,-4170.32298363654,,5000,1,70637547,ok
Corenflos DPF,20,20,6,156,569.4484111960046,-4278.517993843866,-4171.482682566757,,5000,1,70637548,ok
Corenflos DPF,20,20,6,157,573.0291837899713,-4249.948200577836,-4172.4777336116385,,5000,1,70637549,ok
Corenflos DPF,20,20,6,158,576.6176977839787,-4258.809231484536,-4172.234809860143,,5000,1,70637550,ok
Corenflos DPF,20,20,6,159,580.089795366046,-4282.641324917572,-4173.546065660378,,5000,1,70637551,ok
Corenflos DPF,20,20,6,160,583.6077758190222,-4238.961478855654,-4175.152546026368,,5000,1,70637552,ok
Corenflos DPF,20,20,6,161,587.1109700669767,-4314.115665054105,-4178.522407746255,,5000,1,70637553,ok
Corenflos DPF,20,20,6,162,590.626933626947,-4296.208992185593,-4179.045243296933,,5000,1,70637554,ok
Corenflos DPF,20,20,6,163,594.1757217110135,-4258.236103010526,-4180.37907261361,,5000,1,70637555,ok
Corenflos DPF,20,20,6,164,597.7096269959584,-4247.8631394392505,-4181.684674465391,,5000,1,70637556,ok
Corenflos DPF,20,20,6,165,601.2586299439427,-4297.273199012124,-4183.5284033919625,,5000,1,70637557,ok
Corenflos DPF,20,20,6,166,604.8050807260443,-4266.144933233263,-4184.3472870405385,,5000,1,70637558,ok
Corenflos DPF,20,20,6,167,608.3907546469709,-4282.694175643377,-4186.792663140637,,5000,1,70637559,ok
Corenflos DPF,20,20,6,168,611.8930635210127,-4276.410879022824,-4188.119795774418,,5000,1,70637560,ok
Corenflos DPF,20,20,6,169,615.4424653640017,-4301.433786362276,-4187.780454458405,,5000,1,70637561,ok
Corenflos DPF,20,20,6,170,619.0040412009694,-4296.897819873087,-4190.78241612601,,5000,1,70637562,ok
Corenflos DPF,20,20,6,171,622.5442286840407,-4297.0053419440865,-4169.814878042577,,5000,1,70637563,ok
Corenflos DPF,20,20,6,172,626.1170666590333,-4265.686007642058,-4171.748804465542,,5000,1,70637564,ok
Corenflos DPF,20,20,6,173,629.5405356399715,-4269.58001088414,-4170.938678963271,,5000,1,70637565,ok
Corenflos DPF,20,20,6,174,633.056727305986,-4239.73919444775,-4171.226000501894,,5000,1,70637566,ok
Corenflos DPF,20,20,6,175,636.6131574789761,-4228.775750614272,-4171.411735156208,,5000,1,70637567,ok
Corenflos DPF,20,20,6,176,640.1324042519554,-4245.415520891881,-4170.202617701543,,5000,1,70637568,ok
Corenflos DPF,20,20,6,177,643.6820801689755,-4234.9236220563525,-4170.363725959439,,5000,1,70637569,ok
Corenflos DPF,20,20,6,178,647.174888752983,-4237.946008279279,-4169.6378891224385,,5000,1,70637570,ok
Corenflos DPF,20,20,6,179,650.7483609940391,-4239.438797687199,-4169.87649309366,,5000,1,70637571,ok
Corenflos DPF,20,20,6,180,654.3371789240045,-4231.724053387607,-4170.224627406521,,5000,1,70637572,ok
Corenflos DPF,20,20,6,181,657.9492981060175,-4278.0562097479315,-4170.086043441379,,5000,1,70637573,ok
Corenflos DPF,20,20,6,182,661.4914459889987,-4272.599309106699,-4170.128828479759,,5000,1,70637574,ok
Corenflos DPF,20,20,6,183,665.0566556849517,-4264.632942767113,-4170.132369733133,,5000,1,70637575,ok
Corenflos DPF,20,20,6,184,668.6293017299613,-4227.254157126716,-4170.601168780934,,5000,1,70637576,ok
Corenflos DPF,20,20,6,185,672.1405617019627,-4245.405179639085,-4170.504163597886,,5000,1,70637577,ok
Corenflos DPF,20,20,6,186,675.7111801720457,-4219.355196437856,-4169.211874898016,,5000,1,70637578,ok
Corenflos DPF,20,20,6,187,679.26887961803,-4260.993020357353,-4169.107559082996,,5000,1,70637579,ok
Corenflos DPF,20,20,6,188,682.8429738229606,-4263.292239188941,-4169.815890294069,,5000,1,70637580,ok
Corenflos DPF,20,20,6,189,686.3774263659725,-4276.263401470706,-4169.012270954569,,5000,1,70637581,ok
Corenflos DPF,20,20,6,190,689.912322469987,-4206.981138020205,-4170.580297445866,,5000,1,70637582,ok
Corenflos DPF,20,20,6,191,693.5446610159706,-4251.66823016289,-4171.51616802208,,5000,1,70637583,ok
Corenflos DPF,20,20,6,192,697.1613669119542,-4267.019939828488,-4169.2311372781205,,5000,1,70637584,ok
Corenflos DPF,20,20,6,193,700.646904708934,-4232.501480900733,-4170.388722817624,,5000,1,70637585,ok
Corenflos DPF,20,20,6,194,704.2055103919702,-4230.414204752293,-4169.310698327665,,5000,1,70637586,ok
Corenflos DPF,20,20,6,195,707.7793058629613,-4247.90532246293,-4170.919060528579,,5000,1,70637587,ok
Corenflos DPF,20,20,6,196,711.2980010090396,-4226.255868187382,-4169.620833509449,,5000,1,70637588,ok
Corenflos DPF,20,20,6,197,714.8405139639508,-4231.4794360619835,-4171.6780712738355,,5000,1,70637589,ok
Corenflos DPF,20,20,6,198,718.4287865619408,-4247.505453282297,-4169.45886170175,,5000,1,70637590,ok
Corenflos DPF,20,20,6,199,721.9604010180337,-4242.762725407032,-4170.152383370791,,5000,1,70637591,ok
Corenflos DPF,20,20,6,200,725.4871473129606,-4259.231191739915,-4171.088293576225,,5000,1,70637592,ok
Corenflos DPF,20,20,6,201,729.0913598909974,-4263.893923835548,-4170.664741623947,,5000,1,70637593,ok
Corenflos DPF,20,20,6,202,732.6488078730181,-4272.400294960098,-4171.313111167326,,5000,1,70637594,ok
Corenflos DPF,20,20,6,203,736.2366263390286,-4258.655731550998,-4170.769073326009,,5000,1,70637595,ok
Corenflos DPF,20,20,6,204,739.7468548750039,-4275.849442950233,-4170.356283820238,,5000,1,70637596,ok
Corenflos DPF,20,20,6,205,743.2905191560276,-4239.467831167898,-4170.498444108982,,5000,1,70637597,ok
Corenflos DPF,20,20,6,206,746.8024911379907,-4238.350666264512,-4173.081556852295,,5000,1,70637598,ok
Corenflos DPF,20,20,6,207,750.3573073529406,-4276.685756174333,-4170.178931798379,,5000,1,70637599,ok
Corenflos DPF,20,20,6,208,753.8981937339995,-4274.974761122792,-4169.507455572962,,5000,1,70637600,ok
Corenflos DPF,20,20,6,209,757.4483285510214,-4232.431808586466,-4170.53529834633,,5000,1,70637601,ok
Corenflos DPF,20,20,6,210,761.0295887009706,-4277.868951070681,-4169.5990121689,,5000,1,70637602,ok
Corenflos DPF,20,20,6,211,764.600589129026,-4227.262622927393,-4167.862639092424,,5000,1,70637603,ok
Corenflos DPF,20,20,6,212,768.1405927130254,-4248.622664344117,-4170.122317112552,,5000,1,70637604,ok
Corenflos DPF,20,20,6,213,771.7061086440226,-4243.923394566264,-4169.440025499003,,5000,1,70637605,ok
Corenflos DPF,20,20,6,214,775.2550802449696,-4250.344607459876,-4168.457477822398,,5000,1,70637606,ok
Corenflos DPF,20,20,6,215,778.7590568650048,-4211.630311372101,-4169.689313982341,,5000,1,70637607,ok
Corenflos DPF,20,20,6,216,782.2084364659386,-4240.271171630182,-4169.529650869001,,5000,1,70637608,ok
Corenflos DPF,20,20,6,217,785.7591129540233,-4262.725630153795,-4169.829705709847,,5000,1,70637609,ok
Corenflos DPF,20,20,6,218,789.2939399740426,-4260.389406263215,-4168.657873927639,,5000,1,70637610,ok
Corenflos DPF,20,20,6,219,792.8980676829815,-4216.334087216588,-4168.8626241276825,,5000,1,70637611,ok
Corenflos DPF,20,20,6,220,796.4485768990126,-4261.8468241126875,-4169.309781928993,,5000,1,70637612,ok
Corenflos DPF,20,20,6,221,799.937180183013,-4227.561035945026,-4168.635155335379,,5000,1,70637613,ok
Corenflos DPF,20,20,6,222,803.487111613038,-4228.0515278562225,-4168.901442756094,,5000,1,70637614,ok
Corenflos DPF,20,20,7,0,2.1022914089262486,-6977.010127179827,-6809.040556029643,,5000,1,70638389,ok
Corenflos DPF,20,20,7,1,4.12284125899896,-6929.311693886039,-6781.939887368585,,5000,1,70638390,ok
Corenflos DPF,20,20,7,2,6.097063869936392,-6900.282129317511,-6783.3364649615805,,5000,1,70638391,ok
Corenflos DPF,20,20,7,3,8.009009190020151,-6865.046146741918,-6750.1389516808895,,5000,1,70638392,ok
Corenflos DPF,20,20,7,4,9.844190038973466,-6819.393049434806,-6752.298071650348,,5000,1,70638393,ok
Corenflos DPF,20,20,7,5,11.617974884924479,-6780.892738855242,-6717.769981487515,,5000,1,70638394,ok
Corenflos DPF,20,20,7,6,13.322059975005686,-6755.993166047785,-6694.01071256382,,5000,1,70638395,ok
Corenflos DPF,20,20,7,7,15.018431126954965,-6716.206547627415,-6667.566160916053,,5000,1,70638396,ok
Corenflos DPF,20,20,7,8,16.653092475025915,-6680.143125754092,-6634.928137713462,,5000,1,70638397,ok
Corenflos DPF,20,20,7,9,18.232896692003123,-6647.051843849464,-6606.467760763504,,5000,1,70638398,ok
Corenflos DPF,20,20,7,10,19.736582168960012,-6611.6715362308505,-6572.123975164044,,5000,1,70638399,ok
Corenflos DPF,20,20,7,11,21.232406444032677,-6571.913150832208,-6538.097157817225,,5000,1,70638400,ok
Corenflos DPF,20,20,7,12,22.734993077930994,-6535.887947796928,-6505.235060625098,,5000,1,70638401,ok
Corenflos DPF,20,20,7,13,24.18436643097084,-6503.6878710384935,-6472.7305548200575,,5000,1,70638402,ok
Corenflos DPF,20,20,7,14,25.594883490004577,-6469.340760654727,-6439.839615481096,,5000,1,70638403,ok
Corenflos DPF,20,20,7,15,26.974352426012047,-6435.890586473668,-6410.482003481801,,5000,1,70638404,ok
Corenflos DPF,20,20,7,16,28.3071405289229,-6406.203570644715,-6379.933447876648,,5000,1,70638405,ok
Corenflos DPF,20,20,7,17,29.67903740995098,-6376.3957197787095,-6352.795315695736,,5000,1,70638406,ok
Corenflos DPF,20,20,7,18,30.973895650007762,-6347.003721822264,-6327.480077444673,,5000,1,70638407,ok
Corenflos DPF,20,20,7,19,32.31472516898066,-6312.386185024243,-6293.753544245223,,5000,1,70638408,ok
Corenflos DPF,20,20,7,20,33.57826452201698,-6282.612552402801,-6262.793108762435,,5000,1,70638409,ok
Corenflos DPF,20,20,7,21,34.83458302903455,-6250.251258851618,-6234.996655293754,,5000,1,70638410,ok
Corenflos DPF,20,20,7,22,36.0909269269323,-6222.293274537337,-6208.208599717951,,5000,1,70638411,ok
Corenflos DPF,20,20,7,23,37.31054647592828,-6196.447677157592,-6181.328643059962,,5000,1,70638412,ok
Corenflos DPF,20,20,7,24,38.544018181972206,-6169.763671526974,-6155.738142970976,,5000,1,70638413,ok
Corenflos DPF,20,20,7,25,39.76167489401996,-6164.233402037937,-6152.324494029406,,5000,1,70638414,ok
Corenflos DPF,20,20,7,26,40.971066863974556,-6163.273728489965,-6152.429689446318,,5000,1,70638415,ok
Corenflos DPF,20,20,7,27,42.21075339696836,-6163.711406157559,-6150.995700861328,,5000,1,70638416,ok
Corenflos DPF,20,20,7,28,43.4196688439697,-6163.386568456399,-6151.532813905753,,5000,1,70638417,ok
Corenflos DPF,20,20,7,29,44.60580326500349,-6164.422591277201,-6151.519809541312,,5000,1,70638418,ok
Corenflos DPF,20,20,7,30,45.77689485903829,-6161.85920241484,-6151.630483443687,,5000,1,70638419,ok
Corenflos DPF,20,20,7,31,46.986442674999125,-6159.204262053773,-6151.334855330563,,5000,1,70638420,ok
Corenflos DPF,20,20,7,32,48.14191706792917,-6158.98268336207,-6149.846192335582,,5000,1,70638421,ok
Corenflos DPF,20,20,7,33,49.297212612000294,-6157.645525057661,-6149.8133832662315,,5000,1,70638422,ok
Corenflos DPF,20,20,7,34,50.45286392001435,-6156.918553522315,-6149.0911268879845,,5000,1,70638423,ok
Corenflos DPF,20,20,7,35,51.60024388693273,-6154.801758808548,-6147.468430921087,,5000,1,70638424,ok
Corenflos DPF,20,20,7,36,52.7165323930094,-6153.422675185444,-6145.812296955115,,5000,1,70638425,ok
Corenflos DPF,20,20,7,37,53.82463047595229,-6151.930973608565,-6144.680136659728,,5000,1,70638426,ok
Corenflos DPF,20,20,7,38,54.96487886295654,-6149.4127269054825,-6143.823714514634,,5000,1,70638427,ok
Corenflos DPF,20,20,7,39,56.082525609992445,-6147.747484301963,-6142.248436875584,,5000,1,70638428,ok
Corenflos DPF,20,20,7,40,57.191885425010696,-6146.068163130529,-6141.345454024765,,5000,1,70638429,ok
Corenflos DPF,20,20,7,41,58.28504714393057,-6144.209219123986,-6139.180411356423,,5000,1,70638430,ok
Corenflos DPF,20,20,7,42,59.39344489702489,-6143.107409094777,-6137.34828339561,,5000,1,70638431,ok
Corenflos DPF,20,20,7,43,60.48728703393135,-6134.090179232371,-6130.531496744406,,5000,1,70638432,ok
Corenflos DPF,20,20,7,44,61.59607120999135,-6128.648214550776,-6126.41497141376,,5000,1,70638433,ok
Corenflos DPF,20,20,7,45,62.70479271700606,-6121.848296830629,-6117.4036293663285,,5000,1,70638434,ok
Corenflos DPF,20,20,7,46,63.82949025603011,-6112.61096348967,-6107.62153434604,,5000,1,70638435,ok
Corenflos DPF,20,20,7,47,64.94559733802453,-6098.674793222762,-6094.616348047919,,5000,1,70638436,ok
Corenflos DPF,20,20,7,48,66.03178711002693,-6089.94306588807,-6083.527090846961,,5000,1,70638437,ok
Corenflos DPF,20,20,7,49,67.15537806798238,-6073.641173003809,-6068.262539917768,,5000,1,70638438,ok
Corenflos DPF,20,20,7,50,68.2884026649408,-6058.171233182251,-6053.152668936676,,5000,1,70638439,ok
Corenflos DPF,20,20,7,51,69.42936676298268,-6043.774040784279,-6037.944285257224,,5000,1,70638440,ok
Corenflos DPF,20,20,7,52,70.54756259697024,-6027.646248702404,-6022.681608869359,,5000,1,70638441,ok
Corenflos DPF,20,20,7,53,71.68796939693857,-6012.8537771078345,-6008.8964745503445,,5000,1,70638442,ok
Corenflos DPF,20,20,7,54,72.81323761492968,-5998.737636220785,-5991.739792746372,,5000,1,70638443,ok
Corenflos DPF,20,20,7,55,73.92976305598859,-5979.066468422097,-5972.214237068793,,5000,1,70638444,ok
Corenflos DPF,20,20,7,56,75.09310873493087,-5961.696848145187,-5954.775433279138,,5000,1,70638445,ok
Corenflos DPF,20,20,7,57,76.25657328998204,-5940.996655916746,-5934.815264378467,,5000,1,70638446,ok
Corenflos DPF,20,20,7,58,77.4659238109598,-5921.678669284589,-5912.256325789086,,5000,1,70638447,ok
Corenflos DPF,20,20,7,59,78.67632039403543,-5903.196962613096,-5892.176478202626,,5000,1,70638448,ok
Corenflos DPF,20,20,7,60,79.88454845896922,-5880.868214965883,-5869.025189665181,,5000,1,70638449,ok
Corenflos DPF,20,20,7,61,81.14062501001172,-5856.042561109713,-5840.9550693198025,,5000,1,70638450,ok
Corenflos DPF,20,20,7,62,82.41232585196849,-5829.262879726073,-5810.689009007625,,5000,1,70638451,ok
Corenflos DPF,20,20,7,63,83.69896440696903,-5806.021646028126,-5786.909851859681,,5000,1,70638452,ok
Corenflos DPF,20,20,7,64,84.95534901099745,-5785.215996266771,-5765.0899225278545,,5000,1,70638453,ok
Corenflos DPF,20,20,7,65,86.28854672901798,-5773.082766204003,-5749.38830729356,,5000,1,70638454,ok
Corenflos DPF,20,20,7,66,87.63669234898407,-5756.5355942042515,-5734.651447288689,,5000,1,70638455,ok
Corenflos DPF,20,20,7,67,88.93873626296408,-5742.756305026856,-5723.888953467019,,5000,1,70638456,ok
Corenflos DPF,20,20,7,68,90.24836400896311,-5737.710022295843,-5714.4349588422665,,5000,1,70638457,ok
Corenflos DPF,20,20,7,69,91.54947558499407,-5733.185716490312,-5706.517768809486,,5000,1,70638458,ok
Corenflos DPF,20,20,7,70,92.85977457195986,-5726.324211489124,-5706.762750190654,,5000,1,70638459,ok
Corenflos DPF,20,20,7,71,94.17721948598046,-5732.056746634301,-5708.0800505543075,,5000,1,70638460,ok
Corenflos DPF,20,20,7,72,95.51135514001362,-5726.937207280773,-5704.32992233141,,5000,1,70638461,ok
Corenflos DPF,20,20,7,73,96.85166774701793,-5723.58786039633,-5705.25020955125,,5000,1,70638462,ok
Corenflos DPF,20,20,7,74,98.19934703595936,-5729.8257905128485,-5707.618377277438,,5000,1,70638463,ok
Corenflos DPF,20,20,7,75,99.5554745059926,-5726.901073683344,-5704.256527598396,,5000,1,70638464,ok
Corenflos DPF,20,20,7,76,100.92599805293139,-5715.709089860335,-5691.903301987821,,5000,1,70638465,ok
Corenflos DPF,20,20,7,77,102.32900033495389,-5701.070817594498,-5676.218999306164,,5000,1,70638466,ok
Corenflos DPF,20,20,7,78,103.70917551894672,-5681.409848776844,-5654.115094204123,,5000,1,70638467,ok
Corenflos DPF,20,20,7,79,105.09578658896498,-5651.6108650044,-5620.172383347259,,5000,1,70638468,ok
Corenflos DPF,20,20,7,80,106.51347116602119,-5621.460065935232,-5585.833938160471,,5000,1,70638469,ok
Corenflos DPF,20,20,7,81,107.99369034694973,-5582.673875677292,-5534.248799647819,,5000,1,70638470,ok
Corenflos DPF,20,20,7,82,109.48885142395739,-5532.270712415897,-5483.293809334139,,5000,1,70638471,ok
Corenflos DPF,20,20,7,83,111.03056895895861,-5496.141380272678,-5434.821494254836,,5000,1,70638472,ok
Corenflos DPF,20,20,7,84,112.57125413499307,-5458.872205225299,-5393.718531844959,,5000,1,70638473,ok
Corenflos DPF,20,20,7,85,114.1363481299486,-5432.237992073502,-5364.611651924693,,5000,1,70638474,ok
Corenflos DPF,20,20,7,86,115.72413569292985,-5410.347356262195,-5337.847650766038,,5000,1,70638475,ok
Corenflos DPF,20,20,7,87,117.35046459303703,-5389.797776650908,-5309.60649441455,,5000,1,70638476,ok
Corenflos DPF,20,20,7,88,118.99231188802514,-5347.327602396259,-5261.410371006154,,5000,1,70638477,ok
Corenflos DPF,20,20,7,89,120.6568695330061,-5299.007560617693,-5198.750048089111,,5000,1,70638478,ok
Corenflos DPF,20,20,7,90,122.35258076502942,-5245.948238997096,-5137.352756834777,,5000,1,70638479,ok
Corenflos DPF,20,20,7,91,124.1564466060372,-5196.259875412058,-5066.7787521784285,,5000,1,70638480,ok
Corenflos DPF,20,20,7,92,125.95203634293284,-5143.865210820717,-5009.952165248388,,5000,1,70638481,ok
Corenflos DPF,20,20,7,93,127.84081160998903,-5106.7976926242145,-4971.953390433508,,5000,1,70638482,ok
Corenflos DPF,20,20,7,94,129.70674928301014,-5076.772642576298,-4940.862446034374,,5000,1,70638483,ok
Corenflos DPF,20,20,7,95,131.62662316393107,-5053.985073472278,-4923.293775493889,,5000,1,70638484,ok
Corenflos DPF,20,20,7,96,133.52371797093656,-5029.351828951579,-4906.486717961532,,5000,1,70638485,ok
Corenflos DPF,20,20,7,97,135.42847967194393,-5012.203008281402,-4894.186587758038,,5000,1,70638486,ok
Corenflos DPF,20,20,7,98,137.33275066502392,-5001.416661067235,-4887.8274401869985,,5000,1,70638487,ok
Corenflos DPF,20,20,7,99,139.25183875893708,-4989.599216812751,-4876.50112519795,,5000,1,70638488,ok
Corenflos DPF,20,20,7,100,141.2028464609757,-4975.186126227678,-4867.371103135385,,5000,1,70638489,ok
Corenflos DPF,20,20,7,101,143.14606752898544,-4952.626033701877,-4855.312166905325,,5000,1,70638490,ok
Corenflos DPF,20,20,7,102,145.1440921400208,-4943.092305204011,-4841.622997736481,,5000,1,70638491,ok
Corenflos DPF,20,20,7,103,147.11907764198259,-4944.717666512847,-4827.0573211912015,,5000,1,70638492,ok
Corenflos DPF,20,20,7,104,149.08565924596041,-4909.569564971963,-4812.362411789122,,5000,1,70638493,ok
Corenflos DPF,20,20,7,105,151.1059663189808,-4896.278557996397,-4802.110199221766,,5000,1,70638494,ok
Corenflos DPF,20,20,7,106,153.12766870402265,-4896.273019818088,-4786.926457592119,,5000,1,70638495,ok
Corenflos DPF,20,20,7,107,155.17143693298567,-4876.338518823445,-4774.379706174975,,5000,1,70638496,ok
Corenflos DPF,20,20,7,108,157.26102382701356,-4906.236892096256,-4765.571335163448,,5000,1,70638497,ok
Corenflos DPF,20,20,7,109,159.35182800202165,-4854.39826811264,-4752.585953597935,,5000,1,70638498,ok
Corenflos DPF,20,20,7,110,161.4571498229634,-4846.361566363982,-4743.571875243564,,5000,1,70638499,ok
Corenflos DPF,20,20,7,111,163.57706487202086,-4817.491354212769,-4728.958917235646,,5000,1,70638500,ok
Corenflos DPF,20,20,7,112,165.6982411480276,-4808.973928373862,-4724.108860885887,,5000,1,70638501,ok
Corenflos DPF,20,20,7,113,167.8038772069849,-4803.124305934265,-4717.6540975326425,,5000,1,70638502,ok
Corenflos DPF,20,20,7,114,169.8945651720278,-4799.9540602141515,-4711.734177532157,,5000,1,70638503,ok
Corenflos DPF,20,20,7,115,171.99918019701727,-4807.52255177763,-4708.994324903792,,5000,1,70638504,ok
Corenflos DPF,20,20,7,116,174.128222196945,-4776.841721046563,-4705.7315153195,,5000,1,70638505,ok
Corenflos DPF,20,20,7,117,176.21066735801287,-4788.621682052821,-4703.082545120188,,5000,1,70638506,ok
Corenflos DPF,20,20,7,118,178.33766084397212,-4783.955406807035,-4702.380127201141,,5000,1,70638507,ok
Corenflos DPF,20,20,7,119,180.48972140299156,-4765.013534571984,-4696.930450279976,,5000,1,70638508,ok
Corenflos DPF,20,20,7,120,182.63375440402888,-4780.832767055977,-4688.917702792878,,5000,1,70638509,ok
Corenflos DPF,20,20,7,121,184.78608194203116,-4787.985028261082,-4683.40460658289,,5000,1,70638510,ok
Corenflos DPF,20,20,7,122,186.96854201995302,-4775.995466529185,-4683.212076846525,,5000,1,70638511,ok
Corenflos DPF,20,20,7,123,189.1743953860132,-4777.199554316531,-4678.020545270993,,5000,1,70638512,ok
Corenflos DPF,20,20,7,124,191.41920234798454,-4770.734558909768,-4668.405551748859,,5000,1,70638513,ok
Corenflos DPF,20,20,7,125,193.66402261401527,-4791.314269188597,-4665.275811379147,,5000,1,70638514,ok
Corenflos DPF,20,20,7,126,195.87805323803332,-4756.673973940322,-4659.97006639748,,5000,1,70638515,ok
Corenflos DPF,20,20,7,127,198.1230695869308,-4781.0328224797395,-4652.604398156539,,5000,1,70638516,ok
Corenflos DPF,20,20,7,128,200.3438043600181,-4774.730162928147,-4651.060471219557,,5000,1,70638517,ok
Corenflos DPF,20,20,7,129,202.6265557060251,-4752.445495012148,-4642.895238481618,,5000,1,70638518,ok
Corenflos DPF,20,20,7,130,204.93261275801342,-4780.057435669039,-4643.830359870921,,5000,1,70638519,ok
Corenflos DPF,20,20,7,131,207.20687424694188,-4776.019777725606,-4645.475587750859,,5000,1,70638520,ok
Corenflos DPF,20,20,7,132,209.53518142201938,-4781.814635816033,-4638.152706106608,,5000,1,70638521,ok
Corenflos DPF,20,20,7,133,211.88766709994525,-4751.660992247314,-4635.937113739083,,5000,1,70638522,ok
Corenflos DPF,20,20,7,134,214.23138449096587,-4769.589067179959,-4630.165327186288,,5000,1,70638523,ok
Corenflos DPF,20,20,7,135,216.55132190301083,-4765.52944401732,-4629.63032232939,,5000,1,70638524,ok
Corenflos DPF,20,20,7,136,218.86486448603682,-4746.811109261268,-4621.067601556485,,5000,1,70638525,ok
Corenflos DPF,20,20,7,137,221.17084575199988,-4737.071824988066,-4625.716812650714,,5000,1,70638526,ok
Corenflos DPF,20,20,7,138,223.5136333249975,-4723.221292469461,-4625.507646247074,,5000,1,70638527,ok
Corenflos DPF,20,20,7,139,225.8183943289332,-4721.625643931738,-4634.6611129149505,,5000,1,70638528,ok
Corenflos DPF,20,20,7,140,228.13194764393847,-4774.324287531133,-4643.606813351351,,5000,1,70638529,ok
Corenflos DPF,20,20,7,141,230.38294534001034,-4815.882804304876,-4649.210874029495,,5000,1,70638530,ok
Corenflos DPF,20,20,7,142,232.7945184429409,-4743.0641157525715,-4652.332302978529,,5000,1,70638531,ok
Corenflos DPF,20,20,7,143,235.0445835730061,-4830.141374363764,-4663.68376898646,,5000,1,70638532,ok
Corenflos DPF,20,20,7,144,237.26479226502124,-4819.197170025909,-4675.02027409589,,5000,1,70638533,ok
Corenflos DPF,20,20,7,145,239.45481851696968,-4865.963246381977,-4682.2570470977535,,5000,1,70638534,ok
Corenflos DPF,20,20,7,146,241.69194772897754,-4910.450194678382,-4687.901289862529,,5000,1,70638535,ok
Corenflos DPF,20,20,7,147,243.88137658301275,-4856.711288721502,-4693.00169846076,,5000,1,70638536,ok
Corenflos DPF,20,20,7,148,246.0175610879669,-4823.615710421693,-4700.64730155883,,5000,1,70638537,ok
Corenflos DPF,20,20,7,149,248.16922887403052,-4905.087640074516,-4707.552280811988,,5000,1,70638538,ok
Corenflos DPF,20,20,7,150,250.3286184759345,-4873.284030410972,-4710.451840164446,,5000,1,70638539,ok
Corenflos DPF,20,20,7,151,252.48800873802975,-4916.817501527201,-4717.709290424973,,5000,1,70638540,ok
Corenflos DPF,20,20,7,152,254.60710334393661,-4918.076256463428,-4717.376186546395,,5000,1,70638541,ok
Corenflos DPF,20,20,7,153,256.9104373420123,-4730.253596283282,-4629.93137746612,,5000,1,70638542,ok
Corenflos DPF,20,20,7,154,259.2309017099906,-4756.263679295447,-4624.519819026674,,5000,1,70638543,ok
Corenflos DPF,20,20,7,155,261.5360685309861,-4741.07379849261,-4629.668045156477,,5000,1,70638544,ok
Corenflos DPF,20,20,7,156,263.83399462897796,-4733.197206468285,-4631.545349525004,,5000,1,70638545,ok
Corenflos DPF,20,20,7,157,266.1700819459511,-4804.399167784593,-4628.797167628137,,5000,1,70638546,ok
Corenflos DPF,20,20,7,158,268.4202576089883,-4707.193942470296,-4628.8599054225015,,5000,1,70638547,ok
Corenflos DPF,20,20,7,159,270.73213204799686,-4773.307742290885,-4627.422607473698,,5000,1,70638548,ok
Corenflos DPF,20,20,7,160,273.00705845595803,-4733.322409686642,-4625.0038958255855,,5000,1,70638549,ok
Corenflos DPF,20,20,7,161,275.3432544579264,-4766.587614345892,-4629.360803620567,,5000,1,70638550,ok
Corenflos DPF,20,20,7,162,277.62489379697945,-4724.72645824274,-4628.571103531082,,5000,1,70638551,ok
Corenflos DPF,20,20,7,163,279.96951514598913,-4755.9395763524135,-4623.413113338771,,5000,1,70638552,ok
Corenflos DPF,20,20,7,164,282.30582346895244,-4758.67298211164,-4623.698228471919,,5000,1,70638553,ok
Corenflos DPF,20,20,7,165,284.6185331179295,-4721.475132640109,-4622.658958509389,,5000,1,70638554,ok
Corenflos DPF,20,20,7,166,286.93989344197325,-4752.595284650436,-4620.98083747184,,5000,1,70638555,ok
Corenflos DPF,20,20,7,167,289.27521559095476,-4798.600338349097,-4621.27420335023,,5000,1,70638556,ok
Corenflos DPF,20,20,7,168,291.58205669699237,-4729.288168270761,-4621.763037092252,,5000,1,70638557,ok
Corenflos DPF,20,20,7,169,293.91083247296046,-4755.9860345808775,-4620.813927605306,,5000,1,70638558,ok
Corenflos DPF,20,20,7,170,296.26143453700934,-4734.720989520456,-4619.663178190221,,5000,1,70638559,ok
Corenflos DPF,20,20,7,171,298.6040768029634,-4726.35387873498,-4620.451596665452,,5000,1,70638560,ok
Corenflos DPF,20,20,7,172,300.9327984190313,-4735.6853085179655,-4621.442249213703,,5000,1,70638561,ok
Corenflos DPF,20,20,7,173,303.2307344620349,-4728.236301130743,-4622.250268057895,,5000,1,70638562,ok
Corenflos DPF,20,20,7,174,305.5279633300379,-4729.160680310064,-4622.336319970758,,5000,1,70638563,ok
Corenflos DPF,20,20,7,175,307.8183556969743,-4748.322352729275,-4624.988329861011,,5000,1,70638564,ok
Corenflos DPF,20,20,7,176,310.16254856600426,-4733.82428396949,-4623.452592141384,,5000,1,70638565,ok
Corenflos DPF,20,20,7,177,312.52166411594953,-4741.746586653552,-4625.366416685233,,5000,1,70638566,ok
Corenflos DPF,20,20,7,178,314.86547719000373,-4728.414335326149,-4623.594840014434,,5000,1,70638567,ok
Corenflos DPF,20,20,7,179,317.2230083469767,-4724.7632171870155,-4624.643256418525,,5000,1,70638568,ok
Corenflos DPF,20,20,7,180,319.56147235794924,-4717.2626498150785,-4627.325120331686,,5000,1,70638569,ok
Corenflos DPF,20,20,7,181,321.8359162280103,-4729.781710669625,-4631.058446752344,,5000,1,70638570,ok
Corenflos DPF,20,20,7,182,324.15742035594303,-4744.795755805626,-4626.200495410451,,5000,1,70638571,ok
Corenflos DPF,20,20,7,183,326.4480534099275,-4732.422823720162,-4623.953243990936,,5000,1,70638572,ok
Corenflos DPF,20,20,7,184,328.7628957820125,-4720.439858092096,-4624.697081553871,,5000,1,70638573,ok
Corenflos DPF,20,20,7,185,331.04476101801265,-4719.1645093085845,-4628.826584141643,,5000,1,70638574,ok
Corenflos DPF,20,20,7,186,333.3028574149357,-4724.306933836215,-4623.3568160803825,,5000,1,70638575,ok
Corenflos DPF,20,20,7,187,335.57715561194345,-4730.525761519337,-4624.909931809849,,5000,1,70638576,ok
Corenflos DPF,20,20,7,188,337.86592270992696,-4737.099657502926,-4624.708710398077,,5000,1,70638577,ok
Corenflos DPF,20,20,7,189,340.164260688005,-4721.353611233955,-4627.368409204641,,5000,1,70638578,ok
Corenflos DPF,20,20,7,190,342.4915289039491,-4729.073189982011,-4625.1997099391365,,5000,1,70638579,ok
Corenflos DPF,20,20,7,191,344.7725279709557,-4729.244054007153,-4626.989412249488,,5000,1,70638580,ok
Corenflos DPF,20,20,7,192,347.07689022494014,-4726.592495722081,-4625.077432930439,,5000,1,70638581,ok
Corenflos DPF,20,20,7,193,349.405797565938,-4741.7150862841445,-4621.881908490048,,5000,1,70638582,ok
Corenflos DPF,20,20,7,194,351.71942354599014,-4702.4427998652955,-4625.040687485034,,5000,1,70638583,ok
Corenflos DPF,20,20,7,195,354.0720577079337,-4748.609513201556,-4623.359576272204,,5000,1,70638584,ok
Corenflos DPF,20,20,7,196,356.383904805989,-4723.458385916834,-4625.913361088992,,5000,1,70638585,ok
Corenflos DPF,20,20,7,197,358.7653803100111,-4720.485256500518,-4618.796415337266,,5000,1,70638586,ok
Corenflos DPF,20,20,7,198,361.1163018220104,-4714.8272587916435,-4624.572148582745,,5000,1,70638587,ok
Corenflos DPF,20,20,7,199,363.4607944249874,-4753.535057947919,-4622.271153452649,,5000,1,70638588,ok
Corenflos DPF,20,20,7,200,365.77302791993134,-4733.181133218422,-4624.052827659863,,5000,1,70638589,ok
Corenflos DPF,20,20,7,201,368.1017849750351,-4713.060799807496,-4626.458404764934,,5000,1,70638590,ok
Corenflos DPF,20,20,7,202,370.43867117294576,-4723.409701391636,-4621.155231800658,,5000,1,70638591,ok
Corenflos DPF,20,20,7,203,372.7984921539901,-4713.820551347136,-4627.508855476267,,5000,1,70638592,ok
Corenflos DPF,20,20,7,204,375.18928823503666,-4740.922357534369,-4620.245782574245,,5000,1,70638593,ok
Corenflos DPF,20,20,7,205,377.5394875180209,-4748.108967301676,-4622.9174072300175,,5000,1,70638594,ok
Corenflos DPF,20,20,7,206,379.86052564601414,-4738.958529736902,-4618.361969073315,,5000,1,70638595,ok
Corenflos DPF,20,20,7,207,382.180456000031,-4730.797902376992,-4618.344362018289,,5000,1,70638596,ok
Corenflos DPF,20,20,7,208,384.4789608520223,-4721.972996302082,-4624.188205559015,,5000,1,70638597,ok
Corenflos DPF,20,20,7,209,386.8840526789427,-4760.761836699718,-4618.235727586653,,5000,1,70638598,ok
Corenflos DPF,20,20,7,210,389.2358082550345,-4751.49227564264,-4619.502351433821,,5000,1,70638599,ok
Corenflos DPF,20,20,7,211,391.5806752309436,-4719.386279637256,-4622.625803614832,,5000,1,70638600,ok
Corenflos DPF,20,20,7,212,393.92627109296154,-4740.255993124025,-4620.613219764137,,5000,1,70638601,ok
Corenflos DPF,20,20,7,213,396.2865275199292,-4747.4312509180945,-4622.062752786541,,5000,1,70638602,ok
Corenflos DPF,20,20,7,214,398.66118485701736,-4724.384449374076,-4624.803295866121,,5000,1,70638603,ok
Corenflos DPF,20,20,7,215,401.02874628303107,-4735.601238517331,-4618.318423587435,,5000,1,70638604,ok
Corenflos DPF,20,20,7,216,403.4199760790216,-4728.572419501017,-4624.8941248660485,,5000,1,70638605,ok
Corenflos DPF,20,20,7,217,405.81130361394025,-4728.452186624783,-4619.630007176378,,5000,1,70638606,ok
Corenflos DPF,20,20,7,218,408.20194243302103,-4732.615930442013,-4623.103240923816,,5000,1,70638607,ok
Corenflos DPF,20,20,7,219,410.6314406689489,-4741.1642271393575,-4623.913799408805,,5000,1,70638608,ok
Corenflos DPF,20,20,7,220,413.0435303490376,-4748.059645873331,-4621.9431252401955,,5000,1,70638609,ok
Corenflos DPF,20,20,7,221,415.4341444770107,-4747.9193153923015,-4618.072668942692,,5000,1,70638610,ok
Corenflos DPF,20,20,7,222,417.79417723196093,-4728.134216966265,-4618.485863073591,,5000,1,70638611,ok
Corenflos DPF,20,20,7,223,420.184527521953,-4746.09131617212,-4618.119655275519,,5000,1,70638612,ok
Corenflos DPF,20,20,7,224,422.5902486569248,-4715.510173593062,-4614.0901556311255,,5000,1,70638613,ok
Corenflos DPF,20,20,7,225,424.86416138801724,-4750.865074261257,-4615.506293102688,,5000,1,70638614,ok
Corenflos DPF,20,20,7,226,427.26336522295605,-4707.499952770084,-4609.3083893471085,,5000,1,70638615,ok
Corenflos DPF,20,20,7,227,429.6615250019822,-4706.007600694964,-4607.719562869574,,5000,1,70638616,ok
Corenflos DPF,20,20,7,228,432.004292884958,-4721.750418579037,-4613.241004996687,,5000,1,70638617,ok
Corenflos DPF,20,20,7,229,434.35648658301216,-4694.262930478925,-4608.578461990715,,5000,1,70638618,ok
Corenflos DPF,20,20,7,230,436.7318759280024,-4706.099447129086,-4606.413241145672,,5000,1,70638619,ok
Corenflos DPF,20,20,7,231,439.1079333500238,-4738.303336833834,-4607.009515270258,,5000,1,70638620,ok
Corenflos DPF,20,20,7,232,441.4525875559775,-4705.627447343848,-4610.861849861817,,5000,1,70638621,ok
Corenflos DPF,20,20,7,233,443.85683561698534,-4700.403961865479,-4605.779200744992,,5000,1,70638622,ok
Corenflos DPF,20,20,7,234,446.23218035593163,-4716.200591522827,-4608.459564056622,,5000,1,70638623,ok
Corenflos DPF,20,20,7,235,448.61510337900836,-4726.118736489466,-4609.229467470886,,5000,1,70638624,ok
Corenflos DPF,20,20,7,236,451.0212905659573,-4724.444437927992,-4607.196602440218,,5000,1,70638625,ok
Corenflos DPF,20,20,7,237,453.3946526859654,-4685.521124580688,-4608.612337325901,,5000,1,70638626,ok
Corenflos DPF,20,20,7,238,455.77662967692595,-4738.581052614494,-4606.524023024908,,5000,1,70638627,ok
Corenflos DPF,20,20,7,239,458.17367557203397,-4691.713144466005,-4604.230268904698,,5000,1,70638628,ok
Corenflos DPF,20,20,7,240,460.5567561449716,-4724.353220568393,-4606.560603890528,,5000,1,70638629,ok
Corenflos DPF,20,20,7,241,462.91679556597956,-4701.17441629784,-4609.246807268997,,5000,1,70638630,ok
Corenflos DPF,20,20,7,242,465.26987724693026,-4708.407900217191,-4601.40918155625,,5000,1,70638631,ok
Corenflos DPF,20,20,7,243,467.623077266966,-4693.489103645277,-4605.7631223672115,,5000,1,70638632,ok
Corenflos DPF,20,20,7,244,470.0059768949868,-4710.647377904146,-4605.124155453235,,5000,1,70638633,ok
Corenflos DPF,20,20,7,245,472.37420145294163,-4680.411279027951,-4604.537082520407,,5000,1,70638634,ok
Corenflos DPF,20,20,7,246,474.7274744269671,-4697.669432894191,-4601.069332783053,,5000,1,70638635,ok
Corenflos DPF,20,20,7,247,477.08725804893766,-4706.078878548633,-4597.442402496819,,5000,1,70638636,ok
Corenflos DPF,20,20,7,248,479.44075134093873,-4693.067736277281,-4601.931849563147,,5000,1,70638637,ok
Corenflos DPF,20,20,7,249,481.8071777439909,-4690.689857075827,-4604.203899108784,,5000,1,70638638,ok
Corenflos DPF,20,20,7,250,484.1816948900232,-4704.253258275817,-4600.633108817479,,5000,1,70638639,ok
Corenflos DPF,20,20,7,251,486.5097269009566,-4703.086338995528,-4600.909217779509,,5000,1,70638640,ok
Corenflos DPF,20,20,7,252,488.8163017659681,-4675.807079116978,-4602.70166105693,,5000,1,70638641,ok
Corenflos DPF,20,20,7,253,491.1523223919794,-4692.758379986177,-4600.321915194964,,5000,1,70638642,ok
Corenflos DPF,20,20,7,254,493.47328756796196,-4682.057032349078,-4603.823224324885,,5000,1,70638643,ok
Corenflos DPF,20,20,7,255,495.80965260998346,-4687.326793287641,-4600.582002732456,,5000,1,70638644,ok
Corenflos DPF,20,20,7,256,498.1465361940209,-4693.913324133515,-4602.457922328803,,5000,1,70638645,ok
Corenflos DPF,20,20,7,257,500.5286692229565,-4749.640838299352,-4601.505780024739,,5000,1,70638646,ok
Corenflos DPF,20,20,7,258,502.8428064190084,-4679.25972780206,-4599.439624818589,,5000,1,70638647,ok
Corenflos DPF,20,20,7,259,505.1725099729374,-4688.800682927918,-4601.529464244983,,5000,1,70638648,ok
Corenflos DPF,20,20,7,260,507.54096940602176,-4694.168541497637,-4599.727632325526,,5000,1,70638649,ok
Corenflos DPF,20,20,7,261,509.86282085394487,-4715.911941925892,-4603.680652099661,,5000,1,70638650,ok
Corenflos DPF,20,20,7,262,512.2465817859629,-4677.033138801971,-4601.6305012466,,5000,1,70638651,ok
Corenflos DPF,20,20,7,263,514.5825868189568,-4692.545947577071,-4599.534184411644,,5000,1,70638652,ok
Corenflos DPF,20,20,7,264,516.9043843860272,-4705.726808909814,-4602.268556001332,,5000,1,70638653,ok
Corenflos DPF,20,20,7,265,519.2176952729933,-4720.418302517468,-4601.812871901066,,5000,1,70638654,ok
Corenflos DPF,20,20,7,266,521.5304659459507,-4702.161846885258,-4601.57874219776,,5000,1,70638655,ok
Corenflos DPF,20,20,7,267,523.8505836599506,-4690.270182600477,-4597.458797887665,,5000,1,70638656,ok
Corenflos DPF,20,20,7,268,526.1801767569268,-4695.252865925706,-4596.813772400103,,5000,1,70638657,ok
Corenflos DPF,20,20,7,269,528.471387099009,-4702.860354778179,-4598.659359566865,,5000,1,70638658,ok
Corenflos DPF,20,20,7,270,530.784120287979,-4698.601010620307,-4597.719025661838,,5000,1,70638659,ok
Corenflos DPF,20,20,7,271,533.1507902089506,-4670.965527382078,-4600.135879513077,,5000,1,70638660,ok
Corenflos DPF,20,20,7,272,535.4727834189544,-4692.058710449113,-4597.336249087161,,5000,1,70638661,ok
Corenflos DPF,20,20,7,273,537.8248045359505,-4693.270298771901,-4597.188690846843,,5000,1,70638662,ok
Corenflos DPF,20,20,7,274,540.1697302829707,-4674.231119921909,-4594.874760384482,,5000,1,70638663,ok
Corenflos DPF,20,20,7,275,542.5221934269648,-4685.29564592505,-4596.324926009693,,5000,1,70638664,ok
Corenflos DPF,20,20,7,276,544.8280962980352,-4697.511982868598,-4593.480685488244,,5000,1,70638665,ok
Corenflos DPF,20,20,7,277,547.1868597540306,-4680.383219049289,-4596.2019350098635,,5000,1,70638666,ok
Corenflos DPF,20,20,7,278,549.5542035469553,-4694.573332008556,-4591.833379151968,,5000,1,70638667,ok
Corenflos DPF,20,20,7,279,551.8680560709909,-4706.896626730312,-4590.275819763696,,5000,1,70638668,ok
Corenflos DPF,20,20,7,280,554.1818511629244,-4673.732606250476,-4590.851564932995,,5000,1,70638669,ok
Corenflos DPF,20,20,7,281,556.549922317965,-4704.223016363741,-4588.836441120333,,5000,1,70638670,ok
Corenflos DPF,20,20,7,282,558.925345222,-4671.099422390469,-4588.409438609043,,5000,1,70638671,ok
Corenflos DPF,20,20,7,283,561.2449515060289,-4717.664183260751,-4587.647790004932,,5000,1,70638672,ok
Corenflos DPF,20,20,7,284,563.6115734999767,-4676.419193068641,-4591.452872172944,,5000,1,70638673,ok
Corenflos DPF,20,20,7,285,565.9945378929842,-4728.010614444449,-4587.652116080641,,5000,1,70638674,ok
Corenflos DPF,20,20,7,286,568.3086067519616,-4664.558001417133,-4589.017211433621,,5000,1,70638675,ok
Corenflos DPF,20,20,7,287,570.7154749759939,-4687.2612849408715,-4587.6513846560365,,5000,1,70638676,ok
Corenflos DPF,20,20,7,288,573.0442771959351,-4680.650399470146,-4589.956150268627,,5000,1,70638677,ok
Corenflos DPF,20,20,7,289,575.419781235978,-4665.297004410575,-4588.359477857007,,5000,1,70638678,ok
Corenflos DPF,20,20,7,290,577.8026081939461,-4691.094125463092,-4588.69337103108,,5000,1,70638679,ok
Corenflos DPF,20,20,7,291,580.1153185309377,-4702.806999080549,-4585.940760513793,,5000,1,70638680,ok
Corenflos DPF,20,20,7,292,582.4738157850225,-4663.352739047224,-4587.526262196554,,5000,1,70638681,ok
Corenflos DPF,20,20,7,293,584.8481885390356,-4688.764897853036,-4587.853790661132,,5000,1,70638682,ok
Corenflos DPF,20,20,7,294,587.2775385139976,-4692.073983969538,-4582.149533597594,,5000,1,70638683,ok
Corenflos DPF,20,20,7,295,589.5832359900232,-4668.885151068942,-4585.156438198543,,5000,1,70638684,ok
Corenflos DPF,20,20,7,296,591.9490674010012,-4659.35995523687,-4585.776384838228,,5000,1,70638685,ok
Corenflos DPF,20,20,7,297,594.3321826149477,-4676.379422672091,-4588.037489973506,,5000,1,70638686,ok
Corenflos DPF,20,20,7,298,596.6601969270268,-4664.026273368639,-4586.86770821163,,5000,1,70638687,ok
Corenflos DPF,20,20,7,299,598.9681374910288,-4646.45259272965,-4585.119787548979,,5000,1,70638688,ok
Corenflos DPF,20,20,7,300,601.3292199569987,-4690.528921201569,-4582.3339240678115,,5000,1,70638689,ok
Corenflos DPF,20,20,7,301,603.6731732529588,-4692.157071957995,-4587.332911166124,,5000,1,70638690,ok
Corenflos DPF,20,20,7,302,605.9939218029613,-4680.499956025308,-4586.629218674366,,5000,1,70638691,ok
Corenflos DPF,20,20,7,303,608.2998598610284,-4696.6622668920845,-4585.477199543218,,5000,1,70638692,ok
Corenflos DPF,20,20,7,304,610.6285818560282,-4697.9612731748675,-4590.779129579804,,5000,1,70638693,ok
Corenflos DPF,20,20,7,305,613.0207383480156,-4739.711921147465,-4581.630734946611,,5000,1,70638694,ok
Corenflos DPF,20,20,7,306,615.3655454149703,-4705.148757234554,-4584.289472759747,,5000,1,70638695,ok
Corenflos DPF,20,20,7,307,617.6795935420087,-4700.226881262228,-4584.188879029906,,5000,1,70638696,ok
Corenflos DPF,20,20,7,308,619.9933272679336,-4689.946274855081,-4586.629347995982,,5000,1,70638697,ok
Corenflos DPF,20,20,7,309,622.2993648949778,-4655.000551999241,-4584.612587512062,,5000,1,70638698,ok
Corenflos DPF,20,20,7,310,624.6501779980026,-4674.834297535638,-4584.494019868173,,5000,1,70638699,ok
Corenflos DPF,20,20,7,311,626.9557649879716,-4682.606199707485,-4587.535430839231,,5000,1,70638700,ok
Corenflos DPF,20,20,7,312,629.2162116569234,-4664.023361008495,-4589.088570275598,,5000,1,70638701,ok
Corenflos DPF,20,20,7,313,631.543773556943,-4699.446509851943,-4589.343059917329,,5000,1,70638702,ok
Corenflos DPF,20,20,7,314,633.8637520009652,-4666.948723067553,-4588.848670281646,,5000,1,70638703,ok
Corenflos DPF,20,20,7,315,636.1846513439668,-4703.904470102262,-4588.90031898509,,5000,1,70638704,ok
Corenflos DPF,20,20,7,316,638.4670727909543,-4651.7977712009015,-4592.0484634556615,,5000,1,70638705,ok
Corenflos DPF,20,20,7,317,640.7420495690312,-4705.755725387075,-4592.4010107009335,,5000,1,70638706,ok
Corenflos DPF,20,20,7,318,643.0703503249679,-4699.236271074715,-4593.273038704613,,5000,1,70638707,ok
Corenflos DPF,20,20,7,319,645.3835556040285,-4673.884742482436,-4594.277371870349,,5000,1,70638708,ok
Corenflos DPF,20,20,7,320,647.6731707199942,-4692.499778132282,-4593.6945029309,,5000,1,70638709,ok
Corenflos DPF,20,20,7,321,649.9556435119594,-4710.522733493024,-4596.64708380532,,5000,1,70638710,ok
Corenflos DPF,20,20,7,322,652.2466234950116,-4697.511319802355,-4594.81294637994,,5000,1,70638711,ok
Corenflos DPF,20,20,7,323,654.4995140410028,-4697.956200906798,-4596.679418127286,,5000,1,70638712,ok
Corenflos DPF,20,20,7,324,656.7806053239619,-4711.412494945056,-4595.845662897716,,5000,1,70638713,ok
Corenflos DPF,20,20,7,325,659.0018972669495,-4767.764184936825,-4590.880926392079,,5000,1,70638714,ok
Corenflos DPF,20,20,7,326,661.2383781479439,-4692.922867174806,-4596.907367681168,,5000,1,70638715,ok
Corenflos DPF,20,20,7,327,663.4979193509789,-4719.203140096029,-4594.209480778789,,5000,1,70638716,ok
Corenflos DPF,20,20,7,328,665.7721820749575,-4736.948134963643,-4600.002585192741,,5000,1,70638717,ok
Corenflos DPF,20,20,7,329,668.001071186969,-4687.013002507947,-4596.519577602149,,5000,1,70638718,ok
Corenflos DPF,20,20,7,330,670.337061145925,-4679.4024702711995,-4587.705767202382,,5000,1,70638719,ok
Corenflos DPF,20,20,7,331,672.681773714954,-4684.938072042251,-4583.890060816455,,5000,1,70638720,ok
Corenflos DPF,20,20,7,332,675.008664367022,-4713.513445919386,-4584.606562190085,,5000,1,70638721,ok
Corenflos DPF,20,20,7,333,677.3441839709412,-4660.413982368283,-4583.090025945152,,5000,1,70638722,ok
Corenflos DPF,20,20,7,334,679.7106611919589,-4683.5285629747395,-4586.159916402826,,5000,1,70638723,ok
Corenflos DPF,20,20,7,335,682.0994169879705,-4692.264866269019,-4582.383889431765,,5000,1,70638724,ok
Corenflos DPF,20,20,7,336,684.5278175149579,-4680.116962809319,-4584.982181698216,,5000,1,70638725,ok
Corenflos DPF,20,20,7,337,686.8947702229489,-4702.767845275897,-4585.978066408135,,5000,1,70638726,ok
Corenflos DPF,20,20,7,338,689.2387957649771,-4675.573320697573,-4583.080853792628,,5000,1,70638727,ok
Corenflos DPF,20,20,7,339,691.6294528009603,-4691.971912146995,-4581.948668688616,,5000,1,70638728,ok
Corenflos DPF,20,20,7,340,694.0129816669505,-4662.642655450856,-4579.273054395097,,5000,1,70638729,ok
Corenflos DPF,20,20,7,341,696.4025808449369,-4719.718887494386,-4581.44908354436,,5000,1,70638730,ok
Corenflos DPF,20,20,7,342,698.7684394259704,-4702.022435475148,-4580.764177261558,,5000,1,70638731,ok
Corenflos DPF,20,20,7,343,701.1352966609411,-4692.9807502198,-4582.177310059314,,5000,1,70638732,ok
Corenflos DPF,20,20,7,344,703.5167533579515,-4678.850804344115,-4581.406242751961,,5000,1,70638733,ok
Corenflos DPF,20,20,7,345,705.8772449590033,-4664.157602249573,-4579.994293588752,,5000,1,70638734,ok
Corenflos DPF,20,20,7,346,708.260501030949,-4682.619753933835,-4581.127377465767,,5000,1,70638735,ok
Corenflos DPF,20,20,7,347,710.5892801899463,-4670.493182542816,-4579.423219167081,,5000,1,70638736,ok
Corenflos DPF,20,20,7,348,712.9560053260066,-4663.2822122632615,-4581.893479885802,,5000,1,70638737,ok
Corenflos DPF,20,20,7,349,715.2986290809931,-4668.763738342818,-4576.851905740359,,5000,1,70638738,ok
Corenflos DPF,20,20,7,350,717.641353990999,-4675.176656778087,-4580.830543960774,,5000,1,70638739,ok
Corenflos DPF,20,20,7,351,720.0015018059639,-4677.818805680017,-4579.640040400373,,5000,1,70638740,ok
Corenflos DPF,20,20,7,352,722.3670254850294,-4662.877104269071,-4580.041830205917,,5000,1,70638741,ok
Corenflos DPF,20,20,7,353,724.7500263289548,-4688.782817781296,-4578.872456683785,,5000,1,70638742,ok
Corenflos DPF,20,20,7,354,727.1234843999846,-4662.858818726976,-4579.581861193388,,5000,1,70638743,ok
Corenflos DPF,20,20,7,355,729.5133967270376,-4704.0421697186375,-4577.657896672052,,5000,1,70638744,ok
Corenflos DPF,20,20,7,356,731.857872226974,-4658.884590688267,-4578.5012231818755,,5000,1,70638745,ok
Corenflos DPF,20,20,7,357,734.2319973689737,-4664.049762159355,-4579.7411492992605,,5000,1,70638746,ok
Corenflos DPF,20,20,7,358,736.6146049259696,-4670.3968566214935,-4575.660800797767,,5000,1,70638747,ok
Corenflos DPF,20,20,7,359,738.9579517589882,-4674.345604540196,-4576.167941654779,,5000,1,70638748,ok
Corenflos DPF,20,20,7,360,741.3635596990352,-4692.391132434585,-4577.629693597275,,5000,1,70638749,ok
Corenflos DPF,20,20,7,361,743.7378674059873,-4672.412057264097,-4577.821454306299,,5000,1,70638750,ok
Corenflos DPF,20,20,7,362,746.120932876016,-4666.627523474961,-4577.415163740152,,5000,1,70638751,ok
Corenflos DPF,20,20,7,363,748.5199267800199,-4689.234883257195,-4575.833675265127,,5000,1,70638752,ok
Corenflos DPF,20,20,7,364,750.9406991129508,-4685.368667660827,-4577.584248195972,,5000,1,70638753,ok
Corenflos DPF,20,20,7,365,753.3542994270101,-4647.545534635626,-4574.960342638678,,5000,1,70638754,ok
Corenflos DPF,20,20,7,366,755.7592143469956,-4683.318103282062,-4572.706825479491,,5000,1,70638755,ok
Corenflos DPF,20,20,7,367,758.1179666200187,-4653.7859073763175,-4572.38714282846,,5000,1,70638756,ok
Corenflos DPF,20,20,7,368,760.4611665490083,-4659.523652819402,-4574.090915198254,,5000,1,70638757,ok
Corenflos DPF,20,20,7,369,762.8210523079615,-4664.257266385486,-4572.6094794350975,,5000,1,70638758,ok
Corenflos DPF,20,20,7,370,765.1726657819236,-4638.509444568203,-4575.154354813659,,5000,1,70638759,ok
Corenflos DPF,20,20,7,371,767.5559333709534,-4663.169736038585,-4574.166298494214,,5000,1,70638760,ok
Corenflos DPF,20,20,7,372,769.9326972910203,-4667.072427956991,-4573.242692504954,,5000,1,70638761,ok
Corenflos DPF,20,20,7,373,772.3539312329376,-4672.574734194361,-4571.142072879666,,5000,1,70638762,ok
Corenflos DPF,20,20,7,374,774.7371540429303,-4692.593944094254,-4573.609982070682,,5000,1,70638763,ok
Corenflos DPF,20,20,7,375,777.1207859560382,-4697.291616944369,-4571.492953021478,,5000,1,70638764,ok
Corenflos DPF,20,20,7,376,779.5102087770356,-4689.26014019363,-4571.384133856632,,5000,1,70638765,ok
Corenflos DPF,20,20,7,377,781.8784249429591,-4656.917920689543,-4569.891027214575,,5000,1,70638766,ok
Corenflos DPF,20,20,7,378,784.2154122060165,-4732.531959401827,-4569.356557895931,,5000,1,70638767,ok
Corenflos DPF,20,20,7,379,786.6128774069948,-4675.469531711153,-4572.890707971163,,5000,1,70638768,ok
Corenflos DPF,20,20,7,380,788.9653748209821,-4657.001572830684,-4569.472892707617,,5000,1,70638769,ok
Corenflos DPF,20,20,7,381,791.393655619002,-4695.105625675087,-4569.102573263388,,5000,1,70638770,ok
Corenflos DPF,20,20,7,382,793.7921898079803,-4662.877711993474,-4569.178346767185,,5000,1,70638771,ok
Corenflos DPF,20,20,7,383,796.1435001649661,-4677.601569583569,-4568.33146519832,,5000,1,70638772,ok
Corenflos DPF,20,20,7,384,798.566143051954,-4692.22606161046,-4566.550698651927,,5000,1,70638773,ok
Corenflos DPF,20,20,7,385,801.0190265940037,-4668.66901270865,-4571.443961393569,,5000,1,70638774,ok
Corenflos DPF,20,20,8,0,2.4453361129853874,-10254.29860748082,-8119.201698327107,,5000,1,70639386,ok
Corenflos DPF,20,20,8,1,4.928659082972445,-9113.547153336198,-7422.7459546803875,,5000,1,70639387,ok
Corenflos DPF,20,20,8,2,7.412201316910796,-8319.552453418915,-7023.892333797734,,5000,1,70639388,ok
Corenflos DPF,20,20,8,3,9.803079762961715,-7848.281603810275,-6693.559179988938,,5000,1,70639389,ok
Corenflos DPF,20,20,8,4,12.233064690954052,-7430.731669066214,-6378.908737987192,,5000,1,70639390,ok
Corenflos DPF,20,20,8,5,14.639626997988671,-7035.867098706991,-6062.3532134443585,,5000,1,70639391,ok
Corenflos DPF,20,20,8,6,17.00744561397005,-6723.897362619036,-5879.509029878124,,5000,1,70639392,ok
Corenflos DPF,20,20,8,7,19.320854249992408,-6428.759768731143,-5667.486741072449,,5000,1,70639393,ok
Corenflos DPF,20,20,8,8,21.5333389849402,-6150.132711076792,-5519.361469170416,,5000,1,70639394,ok
Corenflos DPF,20,20,8,9,23.68259310198482,-5897.4433657881245,-5402.470061210041,,5000,1,70639395,ok
Corenflos DPF,20,20,8,10,25.78715003398247,-5849.532879417171,-5290.134692168522,,5000,1,70639396,ok
Corenflos DPF,20,20,8,11,27.75320803199429,-5649.337123062128,-5236.158274911967,,5000,1,70639397,ok
Corenflos DPF,20,20,8,12,29.726618133019656,-5443.757911936824,-5171.033625096071,,5000,1,70639398,ok
Corenflos DPF,20,20,8,13,31.684860119014047,-5463.510630508207,-5124.790890349232,,5000,1,70639399,ok
Corenflos DPF,20,20,8,14,33.64279141102452,-5317.3978570863,-5097.8619263099445,,5000,1,70639400,ok
Corenflos DPF,20,20,8,15,35.53045935800765,-5235.907001064839,-5076.95984551848,,5000,1,70639401,ok
Corenflos DPF,20,20,8,16,37.39559530001134,-5180.62218980015,-5056.658887831623,,5000,1,70639402,ok
Corenflos DPF,20,20,8,17,39.23750989092514,-5129.10048996317,-5052.127562997565,,5000,1,70639403,ok
Corenflos DPF,20,20,8,18,41.03407797694672,-5107.999836554212,-5042.733579952359,,5000,1,70639404,ok
Corenflos DPF,20,20,8,19,42.82957180892117,-5077.227935482955,-5029.138104941689,,5000,1,70639405,ok
Corenflos DPF,20,20,8,20,44.594231455004774,-5072.5877899029465,-5021.767509834782,,5000,1,70639406,ok
Corenflos DPF,20,20,8,21,46.344467579969205,-5052.63713872345,-5012.410817399921,,5000,1,70639407,ok
Corenflos DPF,20,20,8,22,48.072130676941015,-5039.182064493111,-5005.0516607267555,,5000,1,70639408,ok
Corenflos DPF,20,20,8,23,49.77552056591958,-5029.629202999049,-4997.011564291967,,5000,1,70639409,ok
Corenflos DPF,20,20,8,24,51.50170080899261,-5020.371835813923,-4982.642460284962,,5000,1,70639410,ok
Corenflos DPF,20,20,8,25,53.23617238202132,-5011.694815839619,-4967.234530684502,,5000,1,70639411,ok
Corenflos DPF,20,20,8,26,54.98655776097439,-4979.913197225184,-4947.801798799513,,5000,1,70639412,ok
Corenflos DPF,20,20,8,27,56.7200592039153,-4957.535863273004,-4924.660255268391,,5000,1,70639413,ok
Corenflos DPF,20,20,8,28,58.45558634400368,-4933.402290315837,-4904.0813876367165,,5000,1,70639414,ok
Corenflos DPF,20,20,8,29,60.22135814593639,-4928.312866937617,-4891.120622675884,,5000,1,70639415,ok
Corenflos DPF,20,20,8,30,62.00297890091315,-4917.715776461258,-4885.762455110288,,5000,1,70639416,ok
Corenflos DPF,20,20,8,31,63.7688532989705,-4912.164849484468,-4880.882706007575,,5000,1,70639417,ok
Corenflos DPF,20,20,8,32,65.52677875291556,-4915.956972648939,-4881.013877423916,,5000,1,70639418,ok
Corenflos DPF,20,20,8,33,67.3234693899285,-4913.354144244309,-4885.984822344266,,5000,1,70639419,ok
Corenflos DPF,20,20,8,34,69.08065185998566,-4916.215477320643,-4889.5327559327825,,5000,1,70639420,ok
Corenflos DPF,20,20,8,35,70.85359258693643,-4929.613070791775,-4895.145614151673,,5000,1,70639421,ok
Corenflos DPF,20,20,8,36,72.63455836498179,-4942.2912385931995,-4905.425223229506,,5000,1,70639422,ok
Corenflos DPF,20,20,8,37,74.39906499895733,-4955.507621735776,-4917.6549921909,,5000,1,70639423,ok
Corenflos DPF,20,20,8,38,76.16361412091646,-4972.471428780646,-4934.34048733392,,5000,1,70639424,ok
Corenflos DPF,20,20,8,39,77.92897103598807,-4980.839865873233,-4944.4882458589755,,5000,1,70639425,ok
Corenflos DPF,20,20,8,40,79.67057902691886,-4994.996529667622,-4958.7655139801955,,5000,1,70639426,ok
Corenflos DPF,20,20,8,41,81.42814626195468,-5005.344879075794,-4971.861285616815,,5000,1,70639427,ok
Corenflos DPF,20,20,8,42,83.15414918400347,-5024.074765513145,-4986.765030381594,,5000,1,70639428,ok
Corenflos DPF,20,20,8,43,84.88743926992174,-5048.125938259847,-5003.392493147173,,5000,1,70639429,ok
Corenflos DPF,20,20,8,44,86.63570067496039,-5069.741754506822,-5023.410078995688,,5000,1,70639430,ok
Corenflos DPF,20,20,8,45,88.39363256993238,-5094.928768450236,-5046.098237788706,,5000,1,70639431,ok
Corenflos DPF,20,20,8,46,90.1810984039912,-4923.593765409143,-4879.590248813042,,5000,1,70639432,ok
Corenflos DPF,20,20,8,47,91.93772395898122,-4925.643237515716,-4895.883310703948,,5000,1,70639433,ok
Corenflos DPF,20,20,8,48,93.71023364993744,-4952.480222320647,-4914.422832666351,,5000,1,70639434,ok
Corenflos DPF,20,20,8,49,95.4749218429206,-4969.92629709538,-4934.0447908056785,,5000,1,70639435,ok
Corenflos DPF,20,20,8,50,97.23903984401841,-4996.845573858807,-4953.450186459026,,5000,1,70639436,ok
Corenflos DPF,20,20,8,51,98.98111330100801,-5015.722320150811,-4975.346289036023,,5000,1,70639437,ok
Corenflos DPF,20,20,8,52,100.70745244796854,-5041.734753736448,-4994.811290482272,,5000,1,70639438,ok
Corenflos DPF,20,20,8,53,102.4184139999561,-5055.776858950054,-5018.595281833679,,5000,1,70639439,ok
Corenflos DPF,20,20,8,54,104.09094303997699,-5083.834225899622,-5040.220712736963,,5000,1,70639440,ok
Corenflos DPF,20,20,8,55,105.77913248899858,-5103.042922681398,-5054.865759515963,,5000,1,70639441,ok
Corenflos DPF,20,20,8,56,107.46762597700581,-5113.365708597536,-5063.551049441401,,5000,1,70639442,ok
Corenflos DPF,20,20,8,57,109.14890617597848,-5123.124672592451,-5067.519744291693,,5000,1,70639443,ok
Corenflos DPF,20,20,8,58,110.92116569599602,-4911.926757377036,-4879.952198874865,,5000,1,70639444,ok
Corenflos DPF,20,20,8,59,112.72508085996378,-4903.255339099169,-4873.595913650931,,5000,1,70639445,ok
Corenflos DPF,20,20,8,60,114.50621386000421,-4908.418900128883,-4874.873661931099,,5000,1,70639446,ok
Corenflos DPF,20,20,8,61,116.25624809297733,-4907.927630692702,-4878.346082120114,,5000,1,70639447,ok
Corenflos DPF,20,20,8,62,118.05290334299207,-4918.127084767259,-4883.671512172695,,5000,1,70639448,ok
Corenflos DPF,20,20,8,63,119.83309670398012,-4931.001875562829,-4889.50587891415,,5000,1,70639449,ok
Corenflos DPF,20,20,8,64,121.59860177594237,-4926.290916956046,-4895.070591909723,,5000,1,70639450,ok
Corenflos DPF,20,20,8,65,123.39430355199147,-4932.903533589972,-4898.001652404029,,5000,1,70639451,ok
Corenflos DPF,20,20,8,66,125.1428944549989,-4928.725631807818,-4898.824107974527,,5000,1,70639452,ok
Corenflos DPF,20,20,8,67,126.875784215983,-4930.616745663482,-4900.848890781875,,5000,1,70639453,ok
Corenflos DPF,20,20,8,68,128.64834995695855,-4940.422461833168,-4900.85373878578,,5000,1,70639454,ok
Corenflos DPF,20,20,8,69,130.4359163729241,-4933.496144452931,-4900.035052907894,,5000,1,70639455,ok
Corenflos DPF,20,20,8,70,132.20866898295935,-4933.817592923697,-4897.427951835156,,5000,1,70639456,ok
Corenflos DPF,20,20,8,71,133.98940253502224,-4934.555373148942,-4895.787104595366,,5000,1,70639457,ok
Corenflos DPF,20,20,8,72,135.78353878995404,-4933.935454078735,-4894.780698205404,,5000,1,70639458,ok
Corenflos DPF,20,20,8,73,137.61073619592935,-4932.2105897258725,-4895.120511143564,,5000,1,70639459,ok
Corenflos DPF,20,20,8,74,139.35190037393477,-4930.199552574382,-4897.367769306037,,5000,1,70639460,ok
Corenflos DPF,20,20,8,75,141.1087054159725,-4926.288479394667,-4898.446936362232,,5000,1,70639461,ok
Corenflos DPF,20,20,8,76,142.88962543499656,-4931.385791174285,-4898.959034368089,,5000,1,70639462,ok
Corenflos DPF,20,20,8,77,144.66286508995108,-4941.487738268347,-4901.072540403107,,5000,1,70639463,ok
Corenflos DPF,20,20,8,78,146.45892965199891,-4937.314234351572,-4901.594050225146,,5000,1,70639464,ok
Corenflos DPF,20,20,8,79,148.23917785997037,-4934.735484085661,-4901.3759546988595,,5000,1,70639465,ok
Corenflos DPF,20,20,8,80,150.0581169949146,-4936.356348868318,-4901.213855975965,,5000,1,70639466,ok
Corenflos DPF,20,20,8,81,151.8539703770075,-4943.397900932105,-4902.646415921079,,5000,1,70639467,ok
Corenflos DPF,20,20,8,82,153.6649621729739,-4949.986965292972,-4904.209860088409,,5000,1,70639468,ok
Corenflos DPF,20,20,8,83,155.4838208819274,-4945.139484808698,-4906.986948038784,,5000,1,70639469,ok
Corenflos DPF,20,20,8,84,157.25690835691057,-4939.752337573687,-4907.887963059279,,5000,1,70639470,ok
Corenflos DPF,20,20,8,85,159.04598579893354,-4947.71199221803,-4909.167588086352,,5000,1,70639471,ok
Corenflos DPF,20,20,8,86,160.8575889589265,-4942.73327663118,-4907.564900913697,,5000,1,70639472,ok
Corenflos DPF,20,20,8,87,162.65234797191806,-4905.753408445038,-4873.969769552155,,5000,1,70639473,ok
Corenflos DPF,20,20,8,88,164.4250451970147,-4914.15216112947,-4878.709084881528,,5000,1,70639474,ok
Corenflos DPF,20,20,8,89,166.18144849594682,-4909.830467476624,-4883.114439317814,,5000,1,70639475,ok
Corenflos DPF,20,20,8,90,167.98553538497072,-4921.176977645058,-4886.237216254259,,5000,1,70639476,ok
Corenflos DPF,20,20,8,91,169.75802683399525,-4928.184723924408,-4891.150093473872,,5000,1,70639477,ok
Corenflos DPF,20,20,8,92,171.53127161797602,-4931.073042956235,-4892.241982850244,,5000,1,70639478,ok
Corenflos DPF,20,20,8,93,173.2733589479467,-4923.8234137465515,-4896.457573673861,,5000,1,70639479,ok
Corenflos DPF,20,20,8,94,175.0545182080241,-4931.932522032651,-4899.227754069898,,5000,1,70639480,ok
Corenflos DPF,20,20,8,95,176.82737666298635,-4941.935359439924,-4901.875760084572,,5000,1,70639481,ok
Corenflos DPF,20,20,8,96,178.59301827696618,-4935.9840953588855,-4904.342674835631,,5000,1,70639482,ok
Corenflos DPF,20,20,8,97,180.36501323000994,-4941.331090976814,-4906.168177451769,,5000,1,70639483,ok
Corenflos DPF,20,20,8,98,182.1148737570038,-4936.57866485245,-4906.977828439595,,5000,1,70639484,ok
Corenflos DPF,20,20,8,99,183.8799729659222,-4943.328335011893,-4908.162264413962,,5000,1,70639485,ok
Corenflos DPF,20,20,8,100,185.65136890101712,-4936.2182765002435,-4909.885886134735,,5000,1,70639486,ok
Corenflos DPF,20,20,8,101,187.4089413509937,-4946.471072550301,-4910.483369746136,,5000,1,70639487,ok
Corenflos DPF,20,20,8,102,189.13407115195878,-4943.0945782997915,-4910.497851214864,,5000,1,70639488,ok
Corenflos DPF,20,20,8,103,190.8600681279786,-4943.415945279489,-4912.223481788459,,5000,1,70639489,ok
Corenflos DPF,20,20,8,104,192.6183082589414,-4953.351329521307,-4911.111313849827,,5000,1,70639490,ok
Corenflos DPF,20,20,8,105,194.3978856629692,-4903.103871172811,-4872.675926347531,,5000,1,70639491,ok
Corenflos DPF,20,20,8,106,196.17914042191114,-4900.730335331327,-4876.022671143756,,5000,1,70639492,ok
Corenflos DPF,20,20,8,107,197.92882767796982,-4904.886951662567,-4876.379222398827,,5000,1,70639493,ok
Corenflos DPF,20,20,8,108,199.7019207929261,-4916.158643276372,-4874.3881594089535,,5000,1,70639494,ok
Corenflos DPF,20,20,8,109,201.5442954339087,-4914.5017113697295,-4874.197718294479,,5000,1,70639495,ok
Corenflos DPF,20,20,8,110,203.3083260259591,-4902.613718943938,-4872.758595288836,,5000,1,70639496,ok
Corenflos DPF,20,20,8,111,205.08921203401405,-4905.777955966409,-4873.542915817686,,5000,1,70639497,ok
Corenflos DPF,20,20,8,112,206.87010593595915,-4904.710080285774,-4872.241502000564,,5000,1,70639498,ok
Corenflos DPF,20,20,8,113,208.6812553089112,-4913.969846422127,-4872.257837436961,,5000,1,70639499,ok
Corenflos DPF,20,20,8,114,210.42200276791118,-4908.329651110178,-4872.454046193779,,5000,1,70639500,ok
Corenflos DPF,20,20,8,115,212.22423411696218,-4903.146398975517,-4871.671279631757,,5000,1,70639501,ok
Corenflos DPF,20,20,8,116,214.01219879696146,-4899.5598812721855,-4871.914411941844,,5000,1,70639502,ok
Corenflos DPF,20,20,8,117,215.77678684901912,-4906.595553469703,-4873.396819851498,,5000,1,70639503,ok
Corenflos DPF,20,20,8,118,217.5576680409722,-4908.580460798203,-4872.834828638391,,5000,1,70639504,ok
Corenflos DPF,20,20,8,119,219.33884300896898,-4911.997805301181,-4871.924696139698,,5000,1,70639505,ok
Corenflos DPF,20,20,8,120,221.13576161197852,-4903.055924797487,-4872.02030816584,,5000,1,70639506,ok
Corenflos DPF,20,20,8,121,222.92438877292443,-4904.4705962005555,-4871.890688660201,,5000,1,70639507,ok
Corenflos DPF,20,20,8,122,224.69756039301865,-4902.339613870499,-4870.982306380714,,5000,1,70639508,ok
Corenflos DPF,20,20,8,123,226.47140219295397,-4902.794380423613,-4870.553210795821,,5000,1,70639509,ok
Corenflos DPF,20,20,8,124,228.27486038801726,-4904.638540652761,-4870.53542400649,,5000,1,70639510,ok
Corenflos DPF,20,20,8,125,230.06410492002033,-4902.343071026333,-4869.237954633638,,5000,1,70639511,ok
Corenflos DPF,20,20,8,126,231.85930127697065,-4896.028593115717,-4868.496173461559,,5000,1,70639512,ok
Corenflos DPF,20,20,8,127,233.66360308299772,-4893.843390995109,-4868.187702455043,,5000,1,70639513,ok
Corenflos DPF,20,20,8,128,235.4745098860003,-4895.007178240236,-4867.642690356847,,5000,1,70639514,ok
Corenflos DPF,20,20,8,129,237.25589659193065,-4896.429908076667,-4867.345636868047,,5000,1,70639515,ok
Corenflos DPF,20,20,8,130,239.03701284492854,-4899.1750247982945,-4864.52824270615,,5000,1,70639516,ok
Corenflos DPF,20,20,8,131,240.8102505300194,-4892.627648970738,-4865.559912241344,,5000,1,70639517,ok
Corenflos DPF,20,20,8,132,242.62917575694155,-4900.455337886957,-4863.718734668078,,5000,1,70639518,ok
Corenflos DPF,20,20,8,133,244.42577401793096,-4903.4816339547,-4864.5596300424395,,5000,1,70639519,ok
Corenflos DPF,20,20,8,134,246.22981709998567,-5000.514716482683,-4863.6715588520965,,5000,1,70639520,ok
Corenflos DPF,20,20,8,135,248.0178405919578,-4900.189129429227,-4862.470816417276,,5000,1,70639521,ok
Corenflos DPF,20,20,8,136,249.82145366095938,-4892.836084774349,-4862.883660725101,,5000,1,70639522,ok
Corenflos DPF,20,20,8,137,251.61820956796873,-4903.335090707992,-4862.251862659812,,5000,1,70639523,ok
Corenflos DPF,20,20,8,138,253.45343835197855,-4888.253739570853,-4861.994682929406,,5000,1,70639524,ok
Corenflos DPF,20,20,8,139,255.25766827794723,-4898.533336819761,-4860.849357767566,,5000,1,70639525,ok
Corenflos DPF,20,20,8,140,257.04626900400035,-4891.4308667770965,-4860.651204201869,,5000,1,70639526,ok
Corenflos DPF,20,20,8,141,258.8344784799265,-4886.845324084903,-4859.6539492771135,,5000,1,70639527,ok
Corenflos DPF,20,20,8,142,260.66122780996375,-4891.0755499367815,-4858.879383584177,,5000,1,70639528,ok
Corenflos DPF,20,20,8,143,262.47401408001315,-4884.416960933626,-4858.495900680884,,5000,1,70639529,ok
Corenflos DPF,20,20,8,144,264.2708581229672,-4900.7644730794755,-4857.754827530299,,5000,1,70639530,ok
Corenflos DPF,20,20,8,145,266.0749400949571,-4885.771551262334,-4858.834093351299,,5000,1,70639531,ok
Corenflos DPF,20,20,8,146,267.8857359379763,-4887.254628046435,-4858.488661739061,,5000,1,70639532,ok
Corenflos DPF,20,20,8,147,269.6746198439505,-4885.349352296216,-4855.780395503018,,5000,1,70639533,ok
Corenflos DPF,20,20,8,148,271.51025405491237,-4891.634544645265,-4855.727905901549,,5000,1,70639534,ok
Corenflos DPF,20,20,8,149,273.31327609694563,-4889.52240465644,-4855.008140858151,,5000,1,70639535,ok
Corenflos DPF,20,20,8,150,275.1248021379579,-4895.904950111079,-4855.2512511182085,,5000,1,70639536,ok
Corenflos DPF,20,20,8,151,276.92185779998545,-4877.718916696367,-4852.286406336154,,5000,1,70639537,ok
Corenflos DPF,20,20,8,152,278.7416589129716,-4880.677285017597,-4853.817888119903,,5000,1,70639538,ok
Corenflos DPF,20,20,8,153,280.5528445659438,-4892.075384526947,-4852.419800264933,,5000,1,70639539,ok
Corenflos DPF,20,20,8,154,282.35657430801075,-4881.8613429908855,-4851.540752987499,,5000,1,70639540,ok
Corenflos DPF,20,20,8,155,284.1682954590069,-4889.421435626773,-4850.41049148902,,5000,1,70639541,ok
Corenflos DPF,20,20,8,156,286.0029479470104,-4873.917911508912,-4849.621102180565,,5000,1,70639542,ok
Corenflos DPF,20,20,8,157,287.7846227789996,-4883.2829552157045,-4849.28444341529,,5000,1,70639543,ok
Corenflos DPF,20,20,8,158,289.61125507194083,-4883.742735489685,-4848.780021887662,,5000,1,70639544,ok
Corenflos DPF,20,20,8,159,291.4154226569226,-4884.369804332504,-4848.859219607828,,5000,1,70639545,ok
Corenflos DPF,20,20,8,160,293.24971815093886,-4880.921201153145,-4847.628389883546,,5000,1,70639546,ok
Corenflos DPF,20,20,8,161,295.06187566695735,-4875.639551411153,-4846.958709776782,,5000,1,70639547,ok
Corenflos DPF,20,20,8,162,296.87416212796234,-4889.460447499418,-4847.670371757319,,5000,1,70639548,ok
Corenflos DPF,20,20,8,163,298.70868566900026,-4886.637057127775,-4845.578535152122,,5000,1,70639549,ok
Corenflos DPF,20,20,8,164,300.5511195129948,-4867.3052130949,-4845.800032027927,,5000,1,70639550,ok
Corenflos DPF,20,20,8,165,302.3545688629383,-4873.348538705955,-4844.6328550918615,,5000,1,70639551,ok
Corenflos DPF,20,20,8,166,304.1888505179668,-4888.978527943686,-4844.208741299594,,5000,1,70639552,ok
Corenflos DPF,20,20,8,167,306.00758332491387,-4874.906588632617,-4844.271736701585,,5000,1,70639553,ok
Corenflos DPF,20,20,8,168,307.810179190943,-4878.347879605195,-4842.958207464119,,5000,1,70639554,ok
Corenflos DPF,20,20,8,169,309.6526345659513,-4883.606956597707,-4841.618013144694,,5000,1,70639555,ok
Corenflos DPF,20,20,8,170,311.4872438069433,-4876.592565773859,-4839.767849454204,,5000,1,70639556,ok
Corenflos DPF,20,20,8,171,313.2986324469093,-4882.8430178129875,-4839.625310597356,,5000,1,70639557,ok
Corenflos DPF,20,20,8,172,315.125100109959,-4862.8244814644095,-4838.661966071239,,5000,1,70639558,ok
Corenflos DPF,20,20,8,173,316.97532046597917,-4868.075750502567,-4837.761900495969,,5000,1,70639559,ok
Corenflos DPF,20,20,8,174,318.8174885879271,-4866.722873301143,-4838.180776565493,,5000,1,70639560,ok
Corenflos DPF,20,20,8,175,320.63644491299056,-4871.860902010016,-4835.913780619182,,5000,1,70639561,ok
Corenflos DPF,20,20,8,176,322.45469105092343,-4864.759025197637,-4835.341083010245,,5000,1,70639562,ok
Corenflos DPF,20,20,8,177,324.27450798195787,-4868.531210935718,-4836.350519163325,,5000,1,70639563,ok
Corenflos DPF,20,20,8,178,326.10835253295954,-4864.755445757815,-4834.804598352629,,5000,1,70639564,ok
Corenflos DPF,20,20,8,179,327.9586639109766,-4873.372956784036,-4832.899753267479,,5000,1,70639565,ok
Corenflos DPF,20,20,8,180,329.80202277493663,-4870.4801783775165,-4833.802428654547,,5000,1,70639566,ok
Corenflos DPF,20,20,8,181,331.6210951609537,-4864.725346760437,-4832.168251820895,,5000,1,70639567,ok
Corenflos DPF,20,20,8,182,333.45633317600004,-4863.397736445029,-4832.468972121744,,5000,1,70639568,ok
Corenflos DPF,20,20,8,183,335.2991412709234,-4863.406231117598,-4832.029858692136,,5000,1,70639569,ok
Corenflos DPF,20,20,8,184,337.1568054460222,-4865.663668715293,-4832.1082330381005,,5000,1,70639570,ok
Corenflos DPF,20,20,8,185,339.0143320109928,-4869.674994924567,-4830.761290080795,,5000,1,70639571,ok
Corenflos DPF,20,20,8,186,340.8648385249544,-4860.417953289093,-4832.154681449851,,5000,1,70639572,ok
Corenflos DPF,20,20,8,187,342.6996649039211,-4870.219607433171,-4830.897117509057,,5000,1,70639573,ok
Corenflos DPF,20,20,8,188,344.5422320020152,-4861.07065700949,-4829.59807874089,,5000,1,70639574,ok
Corenflos DPF,20,20,8,189,346.39994408295024,-4857.62716921284,-4829.2655772432345,,5000,1,70639575,ok
Corenflos DPF,20,20,8,190,348.20485313702375,-4849.2348075848495,-4828.30172451875,,5000,1,70639576,ok
Corenflos DPF,20,20,8,191,350.0382413159823,-4868.835290668853,-4828.007574125906,,5000,1,70639577,ok
Corenflos DPF,20,20,8,192,351.90292696398683,-4870.190473867473,-4828.173499447179,,5000,1,70639578,ok
Corenflos DPF,20,20,8,193,353.7459134350065,-4861.922383145975,-4828.253946552031,,5000,1,70639579,ok
Corenflos DPF,20,20,8,194,355.6108124399325,-4863.221573026349,-4828.386220060071,,5000,1,70639580,ok
Corenflos DPF,20,20,8,195,357.43012393196113,-4859.5136650479,-4829.0794226713715,,5000,1,70639581,ok
Corenflos DPF,20,20,8,196,359.2803827020107,-4867.207654635995,-4827.602614251917,,5000,1,70639582,ok
Corenflos DPF,20,20,8,197,361.1309279690031,-4865.128955120463,-4827.625634804314,,5000,1,70639583,ok
Corenflos DPF,20,20,8,198,362.98889827297535,-4867.368351518172,-4826.680942349648,,5000,1,70639584,ok
Corenflos DPF,20,20,8,199,364.8235965149943,-4853.658562223964,-4826.30871162856,,5000,1,70639585,ok
Corenflos DPF,20,20,8,200,366.68834388291,-4863.23626817604,-4825.849078210337,,5000,1,70639586,ok
Corenflos DPF,20,20,8,201,368.5307139889337,-4867.597343229312,-4825.184772439159,,5000,1,70639587,ok
Corenflos DPF,20,20,8,202,370.3818082199432,-4866.009861568281,-4826.5084569060455,,5000,1,70639588,ok
Corenflos DPF,20,20,8,203,372.24830775894225,-4857.864341715629,-4824.51068332794,,5000,1,70639589,ok
Corenflos DPF,20,20,8,204,374.0829174419632,-4861.993992485153,-4823.481797813135,,5000,1,70639590,ok
Corenflos DPF,20,20,8,205,375.964141306933,-4849.256894826967,-4823.897392909866,,5000,1,70639591,ok
Corenflos DPF,20,20,8,206,377.813965876936,-4874.832129016748,-4823.773523022195,,5000,1,70639592,ok
Corenflos DPF,20,20,8,207,379.64057820790913,-4849.7293776537945,-4822.358696611633,,5000,1,70639593,ok
Corenflos DPF,20,20,8,208,381.47442037193105,-4858.3516091735655,-4822.344941652012,,5000,1,70639594,ok
Corenflos DPF,20,20,8,209,383.3387389279669,-4856.635346239746,-4821.3090521136555,,5000,1,70639595,ok
Corenflos DPF,20,20,8,210,385.21298844891135,-4869.5473690811905,-4821.4102157987245,,5000,1,70639596,ok
Corenflos DPF,20,20,8,211,387.0943248119438,-4858.629782681663,-4821.517627519887,,5000,1,70639597,ok
Corenflos DPF,20,20,8,212,388.9449721259298,-4853.973308140803,-4821.167385352801,,5000,1,70639598,ok
Corenflos DPF,20,20,8,213,390.8182889239397,-4860.268456746084,-4819.871717855356,,5000,1,70639599,ok
Corenflos DPF,20,20,8,214,392.6842854049755,-4856.9678784456755,-4820.688686977735,,5000,1,70639600,ok
Corenflos DPF,20,20,8,215,394.5256413789466,-4851.84461329968,-4819.607291061263,,5000,1,70639601,ok
Corenflos DPF,20,20,8,216,396.3912433650112,-4855.013278011137,-4817.6669927835,,5000,1,70639602,ok
Corenflos DPF,20,20,8,217,398.25603286002297,-4853.532537815785,-4818.213055308697,,5000,1,70639603,ok
Corenflos DPF,20,20,8,218,400.0905835039448,-4863.578418902336,-4816.6639098696105,,5000,1,70639604,ok
Corenflos DPF,20,20,8,219,401.9722245510202,-4849.240868429881,-4816.027707448368,,5000,1,70639605,ok
Corenflos DPF,20,20,8,220,403.83057591097895,-4852.156609621618,-4814.511160071605,,5000,1,70639606,ok
Corenflos DPF,20,20,8,221,405.67401677393354,-4848.81222565748,-4813.139266420689,,5000,1,70639607,ok
Corenflos DPF,20,20,8,222,407.52465175592806,-4850.518691415573,-4816.668366613858,,5000,1,70639608,ok
Corenflos DPF,20,20,8,223,409.36750731791835,-4848.808828853152,-4814.929936891298,,5000,1,70639609,ok
Corenflos DPF,20,20,8,224,411.21755872294307,-4843.775398220883,-4814.254538974929,,5000,1,70639610,ok
Corenflos DPF,20,20,8,225,413.11524720699526,-4867.161041867971,-4814.230498914917,,5000,1,70639611,ok
Corenflos DPF,20,20,8,226,414.99573917500675,-4860.037660145921,-4816.184167746922,,5000,1,70639612,ok
Corenflos DPF,20,20,8,227,416.8538413979113,-4851.490723167223,-4815.308314298732,,5000,1,70639613,ok
Corenflos DPF,20,20,8,228,418.69687953591347,-4850.765323930807,-4815.44495371083,,5000,1,70639614,ok
Corenflos DPF,20,20,8,229,420.57815522002056,-4843.25805886529,-4814.550071617828,,5000,1,70639615,ok
Corenflos DPF,20,20,8,230,422.4670085089747,-4858.022992226915,-4814.789175045646,,5000,1,70639616,ok
Corenflos DPF,20,20,8,231,424.37175720895175,-4849.650566171564,-4812.229158362519,,5000,1,70639617,ok
Corenflos DPF,20,20,8,232,426.26109075394925,-4837.517978477359,-4812.213820596815,,5000,1,70639618,ok
Corenflos DPF,20,20,8,233,428.14268988894764,-4848.704945861584,-4812.624043613285,,5000,1,70639619,ok
Corenflos DPF,20,20,8,234,430.0314658319112,-4842.570428962299,-4811.438271434644,,5000,1,70639620,ok
Corenflos DPF,20,20,8,235,431.92107869591564,-4853.5842042497015,-4810.771549413844,,5000,1,70639621,ok
Corenflos DPF,20,20,8,236,433.78681841201615,-4851.920512346787,-4811.105352692138,,5000,1,70639622,ok
Corenflos DPF,20,20,8,237,435.644560658955,-4849.786228316461,-4810.502721239389,,5000,1,70639623,ok
Corenflos DPF,20,20,8,238,437.5247690239921,-4848.335178075487,-4810.690494802146,,5000,1,70639624,ok
Corenflos DPF,20,20,8,239,439.382114034961,-4844.2198978897595,-4808.886142916056,,5000,1,70639625,ok
Corenflos DPF,20,20,8,240,441.240227887989,-4848.106108043508,-4808.872052636427,,5000,1,70639626,ok
Corenflos DPF,20,20,8,241,443.0909277339233,-4830.885973941344,-4809.401506435837,,5000,1,70639627,ok
Corenflos DPF,20,20,8,242,444.9556462429464,-4849.102871087813,-4808.150278115558,,5000,1,70639628,ok
Corenflos DPF,20,20,8,243,446.85243613494094,-4844.545610327214,-4807.944377927325,,5000,1,70639629,ok
Corenflos DPF,20,20,8,244,448.7177866299171,-4835.8349164628435,-4807.618149428441,,5000,1,70639630,ok
Corenflos DPF,20,20,8,245,450.59322730998974,-4839.856903928768,-4807.9721917638935,,5000,1,70639631,ok
Corenflos DPF,20,20,8,246,452.46744341391604,-4846.3131958249505,-4806.460200942284,,5000,1,70639632,ok
Corenflos DPF,20,20,8,247,454.3480070979567,-4834.388245072734,-4806.440835456008,,5000,1,70639633,ok
Corenflos DPF,20,20,8,248,456.19719050393905,-4841.296838709729,-4805.068301309943,,5000,1,70639634,ok
Corenflos DPF,20,20,8,249,458.10818711994216,-4848.015995486828,-4804.48994623733,,5000,1,70639635,ok
Corenflos DPF,20,20,8,250,460.01192227599677,-4844.202602862783,-4803.867272770507,,5000,1,70639636,ok
Corenflos DPF,20,20,8,251,461.9233873899793,-4843.404880528239,-4802.636185615686,,5000,1,70639637,ok
Corenflos DPF,20,20,8,252,463.82813114498276,-4834.466189317127,-4803.071921618225,,5000,1,70639638,ok
Corenflos DPF,20,20,8,253,465.71710862393957,-4835.680768217723,-4803.456630920545,,5000,1,70639639,ok
Corenflos DPF,20,20,8,254,467.57423404592555,-4840.481178869262,-4802.675049455705,,5000,1,70639640,ok
Corenflos DPF,20,20,8,255,469.45603239699267,-4836.072947873271,-4802.2969058597855,,5000,1,70639641,ok
Corenflos DPF,20,20,8,256,471.4143076589098,-4854.718542877929,-4802.359699578479,,5000,1,70639642,ok
Corenflos DPF,20,20,8,257,473.2955123599386,-4836.949204430308,-4801.951923770784,,5000,1,70639643,ok
Corenflos DPF,20,20,8,258,475.18329313292634,-4840.319761271021,-4801.340797302705,,5000,1,70639644,ok
Corenflos DPF,20,20,8,259,477.04135016095825,-4836.504047561995,-4801.70473502974,,5000,1,70639645,ok
Corenflos DPF,20,20,8,260,479.0075841379585,-4837.8464492257635,-4800.338332143263,,5000,1,70639646,ok
Corenflos DPF,20,20,8,261,480.91929591994267,-4838.098005931701,-4801.300761526625,,5000,1,70639647,ok
Corenflos DPF,20,20,8,262,482.83010291995015,-4842.956216215804,-4801.6859705122615,,5000,1,70639648,ok
Corenflos DPF,20,20,8,263,484.7185894709546,-4836.696604305654,-4800.439246873524,,5000,1,70639649,ok
Corenflos DPF,20,20,8,264,486.59897266793996,-4839.753675076947,-4800.156606569352,,5000,1,70639650,ok
Corenflos DPF,20,20,8,265,488.4723044539569,-4840.424243094555,-4798.418399547254,,5000,1,70639651,ok
Corenflos DPF,20,20,8,266,490.3291899829637,-4838.221383907567,-4798.634186409623,,5000,1,70639652,ok
Corenflos DPF,20,20,8,267,492.21808879997116,-4848.672119237994,-4798.815198346685,,5000,1,70639653,ok
Corenflos DPF,20,20,8,268,494.07659386796877,-4816.097610794912,-4798.166503988561,,5000,1,70639654,ok
Corenflos DPF,20,20,8,269,496.0030621129554,-4842.620616258193,-4798.049293917694,,5000,1,70639655,ok
Corenflos DPF,20,20,8,270,497.89941924693994,-4829.898687264917,-4797.22790282531,,5000,1,70639656,ok
Corenflos DPF,20,20,8,271,499.8102763129864,-4830.973009716625,-4797.270793569973,,5000,1,70639657,ok
Corenflos DPF,20,20,8,272,501.7300927309552,-4831.32870602752,-4797.129972269644,,5000,1,70639658,ok
Corenflos DPF,20,20,8,273,503.65757860592566,-4843.141908442808,-4796.0129492228125,,5000,1,70639659,ok
Corenflos DPF,20,20,8,274,505.57732901501004,-4840.829843559328,-4794.516714883733,,5000,1,70639660,ok
Corenflos DPF,20,20,8,275,507.46478918299545,-4838.225793825446,-4794.991513863266,,5000,1,70639661,ok
Corenflos DPF,20,20,8,276,509.3922956169117,-4835.099902053023,-4794.545672877649,,5000,1,70639662,ok
Corenflos DPF,20,20,8,277,511.319186497014,-4830.055551409418,-4794.196743152712,,5000,1,70639663,ok
Corenflos DPF,20,20,8,278,513.2536129020154,-4827.0254970502065,-4793.43736040226,,5000,1,70639664,ok
Corenflos DPF,20,20,8,279,515.1494656169089,-4826.107341042576,-4791.976152553541,,5000,1,70639665,ok
Corenflos DPF,20,20,8,280,517.1071067409357,-4828.461423744121,-4792.582213585684,,5000,1,70639666,ok
Corenflos DPF,20,20,8,281,519.0099341419991,-4827.843294974207,-4791.312956272088,,5000,1,70639667,ok
Corenflos DPF,20,20,8,282,520.9064028109424,-4837.343342793901,-4789.911962602981,,5000,1,70639668,ok
Corenflos DPF,20,20,8,283,522.8113694150234,-4830.038123653433,-4789.071112205911,,5000,1,70639669,ok
Corenflos DPF,20,20,8,284,524.7614856299479,-4848.162290935088,-4790.052950883387,,5000,1,70639670,ok
Corenflos DPF,20,20,8,285,526.6733147850027,-4823.884074543064,-4787.724749926729,,5000,1,70639671,ok
Corenflos DPF,20,20,8,286,528.6004752449226,-4832.426479657097,-4787.119233823137,,5000,1,70639672,ok
Corenflos DPF,20,20,8,287,530.5590220589656,-4831.065113972156,-4787.1183192848675,,5000,1,70639673,ok
Corenflos DPF,20,20,8,288,532.463103987975,-4838.109275672828,-4788.9378809144755,,5000,1,70639674,ok
Corenflos DPF,20,20,8,289,534.3597362439614,-4822.377903798423,-4786.77637673944,,5000,1,70639675,ok
Corenflos DPF,20,20,8,290,536.262831156957,-4826.247873634446,-4785.412569351882,,5000,1,70639676,ok
Corenflos DPF,20,20,8,291,538.1899866840104,-4821.248686357372,-4785.964465948951,,5000,1,70639677,ok
Corenflos DPF,20,20,8,292,540.1240535689285,-4816.629150863334,-4785.616499111676,,5000,1,70639678,ok
Corenflos DPF,20,20,8,293,542.0589687409811,-4819.368694919809,-4784.741700049767,,5000,1,70639679,ok
Corenflos DPF,20,20,8,294,543.9783700689441,-4820.082884330767,-4785.846421196117,,5000,1,70639680,ok
Corenflos DPF,20,20,8,295,545.9210564499954,-4823.429494563519,-4786.288369417345,,5000,1,70639681,ok
Corenflos DPF,20,20,8,296,547.8248708579922,-4822.2045039169425,-4785.086394895965,,5000,1,70639682,ok
Corenflos DPF,20,20,8,297,549.7514625339536,-4817.9812419678055,-4785.8465484477465,,5000,1,70639683,ok
Corenflos DPF,20,20,8,298,551.6638289269758,-4827.009164162692,-4786.53029334127,,5000,1,70639684,ok
Corenflos DPF,20,20,8,299,553.6058305879124,-4817.307823928022,-4785.987283031906,,5000,1,70639685,ok
Corenflos DPF,20,20,8,300,555.5258122779196,-4825.273295250547,-4786.309097045969,,5000,1,70639686,ok
Corenflos DPF,20,20,8,301,557.4920731339371,-4819.9351404434765,-4785.290799918224,,5000,1,70639687,ok
Corenflos DPF,20,20,8,302,559.4195102070225,-4827.455016063219,-4785.913316342894,,5000,1,70639688,ok
Corenflos DPF,20,20,8,303,561.3552169919712,-4819.493962518374,-4783.71071242886,,5000,1,70639689,ok
Corenflos DPF,20,20,8,304,563.3055240679532,-4816.229682380746,-4783.889802018216,,5000,1,70639690,ok
Corenflos DPF,20,20,8,305,565.2182164089754,-4819.707937451587,-4783.827722651734,,5000,1,70639691,ok
Corenflos DPF,20,20,8,306,567.1672588039655,-4822.8481433309535,-4782.842614347416,,5000,1,70639692,ok
Corenflos DPF,20,20,8,307,569.1026638859184,-4828.6413252824395,-4782.233220537392,,5000,1,70639693,ok
Corenflos DPF,20,20,8,308,571.0134977049893,-4818.83996160043,-4781.940546636688,,5000,1,70639694,ok
Corenflos DPF,20,20,8,309,572.9560778759187,-4822.482219377935,-4782.89754603792,,5000,1,70639695,ok
Corenflos DPF,20,20,8,310,574.8516875839559,-4816.3523813731545,-4782.501482512585,,5000,1,70639696,ok
Corenflos DPF,20,20,8,311,576.7548634079285,-4812.1137222976895,-4781.642053195543,,5000,1,70639697,ok
Corenflos DPF,20,20,8,312,578.6669609649107,-4826.146654253145,-4780.972699918118,,5000,1,70639698,ok
Corenflos DPF,20,20,8,313,580.5633456589421,-4817.493447816429,-4781.47569075982,,5000,1,70639699,ok
Corenflos DPF,20,20,8,314,582.4831829259638,-4820.687489696145,-4780.899613737873,,5000,1,70639700,ok
Corenflos DPF,20,20,8,315,584.372504135943,-4821.083630346482,-4783.147131177324,,5000,1,70639701,ok
Corenflos DPF,20,20,8,316,586.2842901839176,-4814.863866976409,-4781.742289019626,,5000,1,70639702,ok
Corenflos DPF,20,20,8,317,588.2112724229228,-4807.277105707117,-4781.760352079825,,5000,1,70639703,ok
Corenflos DPF,20,20,8,318,590.1397237859201,-4807.954137575178,-4781.824046567874,,5000,1,70639704,ok
Corenflos DPF,20,20,8,319,592.0976433519972,-4810.482100537165,-4782.31997508975,,5000,1,70639705,ok
Corenflos DPF,20,20,8,320,594.0566561379237,-4811.144609480454,-4781.224805309314,,5000,1,70639706,ok
Corenflos DPF,20,20,8,321,596.0158874789486,-4835.053227406695,-4782.248995309063,,5000,1,70639707,ok
Corenflos DPF,20,20,8,322,597.9668307579122,-4819.234409686333,-4779.692518392056,,5000,1,70639708,ok
Corenflos DPF,20,20,8,323,599.8933145359624,-4816.158001350807,-4779.090915586686,,5000,1,70639709,ok
Corenflos DPF,20,20,8,324,601.8120290839579,-4819.473631344793,-4780.083003915365,,5000,1,70639710,ok
Corenflos DPF,20,20,8,325,603.7625684309751,-4814.1055410325735,-4779.6922372671,,5000,1,70639711,ok
Corenflos DPF,20,20,8,326,605.7055415610084,-4811.029284536995,-4779.413809697005,,5000,1,70639712,ok
Corenflos DPF,20,20,8,327,607.6252581459703,-4825.4437890681675,-4777.848607152519,,5000,1,70639713,ok
Corenflos DPF,20,20,8,328,609.5826715609292,-4819.968528148951,-4777.732629352522,,5000,1,70639714,ok
Corenflos DPF,20,20,8,329,611.540268740966,-4812.865867859062,-4779.263606049701,,5000,1,70639715,ok
Corenflos DPF,20,20,8,330,613.4984007289167,-4813.636543728926,-4777.7628466230335,,5000,1,70639716,ok
Corenflos DPF,20,20,8,331,615.4191920569865,-4814.151172746993,-4778.214119384806,,5000,1,70639717,ok
Corenflos DPF,20,20,8,332,617.3941030779388,-4816.9999692256915,-4779.430480052019,,5000,1,70639718,ok
Corenflos DPF,20,20,8,333,619.3602108459454,-4807.150208624106,-4778.559112465103,,5000,1,70639719,ok
Corenflos DPF,20,20,8,334,621.2871240209788,-4814.022570867121,-4779.496230029328,,5000,1,70639720,ok
Corenflos DPF,20,20,8,335,623.2612215729896,-4814.697584429322,-4779.445533084044,,5000,1,70639721,ok
Corenflos DPF,20,20,8,336,625.1725263139233,-4810.278073665751,-4777.81550731597,,5000,1,70639722,ok
Corenflos DPF,20,20,8,337,627.11430057697,-4822.818426340356,-4778.59142459291,,5000,1,70639723,ok
Corenflos DPF,20,20,8,338,629.0651496789651,-4803.026747815238,-4779.427006859138,,5000,1,70639724,ok
Corenflos DPF,20,20,8,339,631.0237421899801,-4807.129466920729,-4779.548982750421,,5000,1,70639725,ok
Corenflos DPF,20,20,8,340,632.9729114569491,-4826.4672794541975,-4778.392940459251,,5000,1,70639726,ok
Corenflos DPF,20,20,8,341,634.9549843129935,-4812.101672328767,-4776.998755444347,,5000,1,70639727,ok
Corenflos DPF,20,20,8,342,636.9137027940014,-4817.513648608541,-4778.411549970176,,5000,1,70639728,ok
Corenflos DPF,20,20,8,343,638.8706289419206,-4820.570061213717,-4777.1643279594255,,5000,1,70639729,ok
Corenflos DPF,20,20,8,344,640.821148281917,-4812.861329838265,-4776.649240324187,,5000,1,70639730,ok
Corenflos DPF,20,20,8,345,642.7859276209492,-4811.4463993650925,-4776.248096004378,,5000,1,70639731,ok
Corenflos DPF,20,20,8,346,644.758682334912,-4824.16531596134,-4775.902827325468,,5000,1,70639732,ok
Corenflos DPF,20,20,8,347,646.7082596329274,-4804.203998567538,-4775.233083666545,,5000,1,70639733,ok
Corenflos DPF,20,20,8,348,648.6814381679287,-4801.458663370108,-4775.452547534663,,5000,1,70639734,ok
Corenflos DPF,20,20,8,349,650.6324148150161,-4798.297774640305,-4774.477882237943,,5000,1,70639735,ok
Corenflos DPF,20,20,8,350,652.535605972982,-4811.081172168516,-4775.182624139641,,5000,1,70639736,ok
Corenflos DPF,20,20,8,351,654.5103134909878,-4813.895355617228,-4774.068167786,,5000,1,70639737,ok
Corenflos DPF,20,20,8,352,656.492418888025,-4815.250847175156,-4774.989915998254,,5000,1,70639738,ok
Corenflos DPF,20,20,8,353,658.4116676090052,-4821.072857287429,-4772.933252395849,,5000,1,70639739,ok
Corenflos DPF,20,20,8,354,660.3630732049933,-4815.21729212448,-4773.567622314019,,5000,1,70639740,ok
Corenflos DPF,20,20,8,355,662.3444227249129,-4811.937794300378,-4774.2025350178565,,5000,1,70639741,ok
Corenflos DPF,20,20,8,356,664.3035999069689,-4805.589196954466,-4772.292491506748,,5000,1,70639742,ok
Corenflos DPF,20,20,8,357,666.2702600889606,-4822.033844834793,-4771.193945075697,,5000,1,70639743,ok
Corenflos DPF,20,20,8,358,668.2215302929981,-4804.594373828744,-4772.615123871934,,5000,1,70639744,ok
Corenflos DPF,20,20,8,359,670.1558545869775,-4817.877663708357,-4771.213343656797,,5000,1,70639745,ok
Corenflos DPF,20,20,8,360,672.1448738300242,-4812.36220311649,-4772.607784574432,,5000,1,70639746,ok
Corenflos DPF,20,20,8,361,674.1105923879659,-4810.308032698318,-4773.430714891297,,5000,1,70639747,ok
Corenflos DPF,20,20,8,362,676.0754673680058,-4818.9847064067835,-4772.194972684002,,5000,1,70639748,ok
Corenflos DPF,20,20,8,363,678.032776242937,-4812.847452445918,-4771.096410533465,,5000,1,70639749,ok
Corenflos DPF,20,20,8,364,680.0445350200171,-4819.683567400611,-4770.576000207083,,5000,1,70639750,ok
Corenflos DPF,20,20,8,365,681.9871576819569,-4814.671998874832,-4770.759763886015,,5000,1,70639751,ok
Corenflos DPF,20,20,8,366,683.9687280539656,-4805.406075336531,-4768.994868436932,,5000,1,70639752,ok
Corenflos DPF,20,20,8,367,685.9726684879279,-4810.663420929871,-4770.6467327277805,,5000,1,70639753,ok
Corenflos DPF,20,20,8,368,687.8766108199488,-4808.189891876537,-4771.232762422798,,5000,1,70639754,ok
Corenflos DPF,20,20,8,369,689.8426095859613,-4808.439745764932,-4768.3500715641585,,5000,1,70639755,ok
Corenflos DPF,20,20,8,370,691.8236211019102,-4804.6355927023615,-4771.183458161225,,5000,1,70639756,ok
Corenflos DPF,20,20,8,371,693.7661105989246,-4806.052951550204,-4769.679062281562,,5000,1,70639757,ok
Corenflos DPF,20,20,8,372,695.6932874699123,-4801.436055827692,-4770.451225316454,,5000,1,70639758,ok
Corenflos DPF,20,20,8,373,697.6742315440206,-4817.264730387506,-4771.335081877973,,5000,1,70639759,ok
Corenflos DPF,20,20,8,374,699.6018537029158,-4804.763038369538,-4769.96310902589,,5000,1,70639760,ok
Corenflos DPF,20,20,8,375,701.5604455569992,-4806.920781511431,-4767.122483999108,,5000,1,70639761,ok
Corenflos DPF,20,20,8,376,703.4954002989689,-4807.977538440628,-4768.282309974859,,5000,1,70639762,ok
Corenflos DPF,20,20,8,377,705.4616159849102,-4812.725709441296,-4767.42246350722,,5000,1,70639763,ok
Corenflos DPF,20,20,8,378,707.4118753169896,-4793.034958811964,-4767.758217914085,,5000,1,70639764,ok
Corenflos DPF,20,20,8,379,709.4016134939156,-4809.097686155087,-4766.809735866933,,5000,1,70639765,ok
Corenflos DPF,20,20,8,380,711.3352501059417,-4804.153971727328,-4766.561137372011,,5000,1,70639766,ok
Corenflos DPF,20,20,8,381,713.2549561460037,-4802.055735392025,-4768.306489370491,,5000,1,70639767,ok
Corenflos DPF,20,20,8,382,715.251848194981,-4809.944146562959,-4765.347876622666,,5000,1,70639768,ok
Corenflos DPF,20,20,8,383,717.2404622329632,-4800.683475993495,-4766.323115750325,,5000,1,70639769,ok
Corenflos DPF,20,20,8,384,719.2131716880249,-4806.55085328832,-4767.296719035927,,5000,1,70639770,ok
Corenflos DPF,20,20,8,385,721.2024038679665,-4790.670929149912,-4764.707646746823,,5000,1,70639771,ok
Corenflos DPF,20,20,8,386,723.1450477609178,-4803.832401667569,-4765.4375726661665,,5000,1,70639772,ok
Corenflos DPF,20,20,8,387,725.1026355159702,-4811.5252984399085,-4765.471675993838,,5000,1,70639773,ok
Corenflos DPF,20,20,8,388,727.059555749991,-4795.952757596242,-4762.927022625769,,5000,1,70639774,ok
Corenflos DPF,20,20,8,389,729.0103332059225,-4796.707349256227,-4765.890967521468,,5000,1,70639775,ok
Corenflos DPF,20,20,8,390,731.0003774339566,-4809.582817501814,-4765.166006977581,,5000,1,70639776,ok
Corenflos DPF,20,20,8,391,732.9964361209422,-4802.177307955458,-4766.558124399205,,5000,1,70639777,ok
Corenflos DPF,20,20,8,392,734.9400812509703,-4799.3195315457615,-4765.14055529423,,5000,1,70639778,ok
Corenflos DPF,20,20,8,393,736.9295870289207,-4809.066631201818,-4766.526337519239,,5000,1,70639779,ok
Corenflos DPF,20,20,8,394,738.9026689049788,-4806.530135232258,-4766.041317742105,,5000,1,70639780,ok
Corenflos DPF,20,20,8,395,740.8759908779757,-4807.6605689940725,-4765.804169017108,,5000,1,70639781,ok
Corenflos DPF,20,20,8,396,742.8719153149286,-4813.842117509228,-4766.2037244707735,,5000,1,70639782,ok
Corenflos DPF,20,20,8,397,744.8449941040017,-4806.088323479783,-4765.847364938316,,5000,1,70639783,ok
Corenflos DPF,20,20,8,398,746.8043768079951,-4805.822522496339,-4766.5274895579305,,5000,1,70639784,ok
Corenflos DPF,20,20,8,399,748.8016334689455,-4809.826793058886,-4767.4036017325225,,5000,1,70639785,ok
Corenflos DPF,20,20,8,400,750.7517000269145,-4806.579837107613,-4766.453888424151,,5000,1,70639786,ok
Corenflos DPF,20,20,8,401,752.7093589579454,-4796.238464213931,-4766.617722263413,,5000,1,70639787,ok
Corenflos DPF,20,20,8,402,754.6521652109222,-4806.768846915324,-4768.76667815407,,5000,1,70639788,ok
Corenflos DPF,20,20,8,403,756.6346868929686,-4801.288072640315,-4766.3820530010435,,5000,1,70639789,ok
Corenflos DPF,20,20,8,404,758.6473110070219,-4805.297357980587,-4766.070991778234,,5000,1,70639790,ok
Corenflos DPF,20,20,8,405,760.6218028259464,-4809.4038706304,-4765.636687138661,,5000,1,70639791,ok
Corenflos DPF,20,20,8,406,762.6037611420033,-4801.18727192155,-4766.696340410579,,5000,1,70639792,ok
Corenflos DPF,20,20,8,407,764.5707068529446,-4792.138530865576,-4765.856224846443,,5000,1,70639793,ok
Corenflos DPF,20,20,8,408,766.5291912310058,-4796.996292944919,-4767.302562796848,,5000,1,70639794,ok
Corenflos DPF,20,20,8,409,768.5174911880167,-4797.475771929556,-4765.319580185749,,5000,1,70639795,ok
Corenflos DPF,20,20,8,410,770.491265872959,-4801.9042670649205,-4765.852180156139,,5000,1,70639796,ok
Corenflos DPF,20,20,8,411,772.4961782289902,-4811.941673178748,-4767.867321255551,,5000,1,70639797,ok
Corenflos DPF,20,20,8,412,774.4777329369681,-4806.924516836275,-4766.114249519675,,5000,1,70639798,ok
Corenflos DPF,20,20,8,413,776.4361777459271,-4804.304787093807,-4766.710731882479,,5000,1,70639799,ok
Corenflos DPF,20,20,8,414,778.4265998419141,-4805.569225471343,-4767.871616564219,,5000,1,70639800,ok
Corenflos DPF,20,20,8,415,780.3929045739351,-4797.880537359563,-4767.26967918536,,5000,1,70639801,ok
Corenflos DPF,20,20,8,416,782.3753033350222,-4803.731710554466,-4765.100504944603,,5000,1,70639802,ok
Corenflos DPF,20,20,8,417,784.3338928680168,-4793.971331406554,-4765.924944888126,,5000,1,70639803,ok
Corenflos DPF,20,20,8,418,786.3069698129548,-4799.426458145002,-4765.006109571526,,5000,1,70639804,ok
Corenflos DPF,20,20,8,419,788.3120518329088,-4811.279765609688,-4763.879706335268,,5000,1,70639805,ok
Corenflos DPF,20,20,8,420,790.2781818929361,-4805.071684081708,-4764.663686587352,,5000,1,70639806,ok
Corenflos DPF,20,20,8,421,792.2355742669897,-4805.706135375056,-4764.156666019727,,5000,1,70639807,ok
Corenflos DPF,20,20,8,422,794.2549220540095,-4794.354114944989,-4763.37909293052,,5000,1,70639808,ok
Corenflos DPF,20,20,8,423,796.2742099459283,-4799.663229794609,-4762.765042776439,,5000,1,70639809,ok
Corenflos DPF,20,20,8,424,798.2639725209447,-4805.185458511379,-4763.43704921404,,5000,1,70639810,ok
Corenflos DPF,20,20,8,425,800.28422253998,-4805.819618691214,-4764.650437497827,,5000,1,70639811,ok
Corenflos DPF,20,20,9,0,4.231902205036022,-8109.287728032153,-5773.566581329392,,5000,1,70640383,ok
Corenflos DPF,20,20,9,1,8.52280645899009,-7666.916960562803,-5434.793005603553,,5000,1,70640384,ok
Corenflos DPF,20,20,9,2,12.80574116203934,-7348.526144221894,-5445.980381683936,,5000,1,70640385,ok
Corenflos DPF,20,20,9,3,16.927463183994405,-7652.2578363031125,-5419.6118001549685,,5000,1,70640386,ok
Corenflos DPF,20,20,9,4,21.1116267349571,-7223.358535424106,-5188.1906681990395,,5000,1,70640387,ok
Corenflos DPF,20,20,9,5,25.418778619961813,-6165.51614212831,-5081.922772990749,,5000,1,70640388,ok
Corenflos DPF,20,20,9,6,29.64870052295737,-6468.090063206477,-4958.63113939281,,5000,1,70640389,ok
Corenflos DPF,20,20,9,7,33.9520582749974,-6260.694660223544,-4906.295293519401,,5000,1,70640390,ok
Corenflos DPF,20,20,9,8,38.11151761293877,-5958.449527943949,-4825.963880614654,,5000,1,70640391,ok
Corenflos DPF,20,20,9,9,42.32217210601084,-6022.76916933429,-4675.172672827582,,5000,1,70640392,ok
Corenflos DPF,20,20,9,10,46.55131150002126,-5596.131434445094,-4612.285579938494,,5000,1,70640393,ok
Corenflos DPF,20,20,9,11,50.617746714968234,-6160.382206140915,-4592.840800045292,,5000,1,70640394,ok
Corenflos DPF,20,20,9,12,54.82389139395673,-5462.703367530197,-4558.909155358848,,5000,1,70640395,ok
Corenflos DPF,20,20,9,13,58.95306880201679,-5275.9359725140475,-4540.722373194122,,5000,1,70640396,ok
Corenflos DPF,20,20,9,14,63.04310487094335,-5153.973616197212,-4495.762258431885,,5000,1,70640397,ok
Corenflos DPF,20,20,9,15,67.08664824301377,-5257.382771749719,-4468.036184534275,,5000,1,70640398,ok
Corenflos DPF,20,20,9,16,71.1074562339345,-5168.423295556956,-4427.981985687825,,5000,1,70640399,ok
Corenflos DPF,20,20,9,17,75.10433530795854,-5192.1530662724535,-4391.481649997071,,5000,1,70640400,ok
Corenflos DPF,20,20,9,18,78.9836196260294,-5009.3381402527875,-4356.654521414199,,5000,1,70640401,ok
Corenflos DPF,20,20,9,19,82.89353076694533,-4624.322301352003,-4307.855324375303,,5000,1,70640402,ok
Corenflos DPF,20,20,9,20,86.75164877495263,-4756.107548152617,-4277.58126103256,,5000,1,70640403,ok
Corenflos DPF,20,20,9,21,90.60997294494882,-4451.184286492209,-4245.557227745596,,5000,1,70640404,ok
Corenflos DPF,20,20,9,22,94.39133585500531,-4340.058862971808,-4228.328108301407,,5000,1,70640405,ok
Corenflos DPF,20,20,9,23,98.09578291000798,-4273.008686470555,-4200.703294299018,,5000,1,70640406,ok
Corenflos DPF,20,20,9,24,101.72332225902937,-4247.961340635362,-4173.638015187466,,5000,1,70640407,ok
Corenflos DPF,20,20,9,25,105.34765713603701,-4214.524879197696,-4150.148919439542,,5000,1,70640408,ok
Corenflos DPF,20,20,9,26,108.85854953003582,-4125.279471838741,-4126.559553616134,,5000,1,70640409,ok
Corenflos DPF,20,20,9,27,112.32115677697584,-4101.464192034627,-4115.760869442577,,5000,1,70640410,ok
Corenflos DPF,20,20,9,28,115.70108076394536,-4088.1555600654488,-4100.998546216247,,5000,1,70640411,ok
Corenflos DPF,20,20,9,29,119.06324226502329,-4074.7046138371206,-4090.5689225380115,,5000,1,70640412,ok
Corenflos DPF,20,20,9,30,122.63937804603484,-4089.8701112521703,-4080.8140262921975,,5000,1,70640413,ok
Corenflos DPF,20,20,9,31,125.90282078797463,-4050.24883965954,-4074.6256525186727,,5000,1,70640414,ok
Corenflos DPF,20,20,9,32,129.17414130398538,-4052.916400845951,-4068.1869091792646,,5000,1,70640415,ok
Corenflos DPF,20,20,9,33,132.46950714592822,-4046.922951276096,-4063.838764931486,,5000,1,70640416,ok
Corenflos DPF,20,20,9,34,135.74054813804105,-4023.3216537186395,-4059.8492011677304,,5000,1,70640417,ok
Corenflos DPF,20,20,9,35,139.0179291489767,-4042.2509844090346,-4057.4636306671446,,5000,1,70640418,ok
Corenflos DPF,20,20,9,36,142.31868880498223,-4035.7757902807493,-4056.001161884164,,5000,1,70640419,ok
Corenflos DPF,20,20,9,37,145.53054809500463,-4024.319727488121,-4054.2166491702337,,5000,1,70640420,ok
Corenflos DPF,20,20,9,38,148.78476042998955,-4034.293593929042,-4053.2672310757343,,5000,1,70640421,ok
Corenflos DPF,20,20,9,39,152.0544006199343,-4042.0265618560934,-4050.5756617618717,,5000,1,70640422,ok
Corenflos DPF,20,20,9,40,155.32604283001274,-4035.701984933385,-4049.183701454523,,5000,1,70640423,ok
Corenflos DPF,20,20,9,41,158.52887985203415,-4020.93487403807,-4047.9645615058485,,5000,1,70640424,ok
Corenflos DPF,20,20,9,42,161.7310653149616,-4026.0840043561466,-4047.3410047277393,,5000,1,70640425,ok
Corenflos DPF,20,20,9,43,164.931881736964,-4027.5131694283664,-4046.3195184950987,,5000,1,70640426,ok
Corenflos DPF,20,20,9,44,168.20348278898746,-4020.2073314988384,-4044.731934812536,,5000,1,70640427,ok
Corenflos DPF,20,20,9,45,171.4116946370341,-4025.321059927809,-4042.6754877789717,,5000,1,70640428,ok
Corenflos DPF,20,20,9,46,174.58222599700093,-4019.585153916425,-4042.7754335149943,,5000,1,70640429,ok
Corenflos DPF,20,20,9,47,177.72999560600147,-4015.174372282726,-4041.404616347433,,5000,1,70640430,ok
Corenflos DPF,20,20,9,48,180.93226372101344,-4020.1006285492886,-4039.8667462447743,,5000,1,70640431,ok
Corenflos DPF,20,20,9,49,184.07837371202186,-4019.2813073171014,-4038.564408263517,,5000,1,70640432,ok
Corenflos DPF,20,20,9,50,187.24977808597032,-4036.021754606865,-4039.4559995978457,,5000,1,70640433,ok
Corenflos DPF,20,20,9,51,190.37431218894199,-4028.776489573082,-4039.688191839046,,5000,1,70640434,ok
Corenflos DPF,20,20,9,52,193.52209335798398,-4030.9913550598626,-4038.3866350126787,,5000,1,70640435,ok
Corenflos DPF,20,20,9,53,196.70847999094985,-4038.2895676664325,-4039.0624842182992,,5000,1,70640436,ok
Corenflos DPF,20,20,9,54,199.83247624197975,-4032.3921254911093,-4039.166517603663,,5000,1,70640437,ok
Corenflos DPF,20,20,9,55,202.97312626696657,-4032.3244243456647,-4039.2940704668067,,5000,1,70640438,ok
Corenflos DPF,20,20,9,56,206.1799124609679,-4044.425969331545,-4037.6264831308636,,5000,1,70640439,ok
Corenflos DPF,20,20,9,57,209.32750274601858,-4031.1949512813453,-4036.7289634570584,,5000,1,70640440,ok
Corenflos DPF,20,20,9,58,212.52145463996567,-4025.277613717155,-4036.1988260989488,,5000,1,70640441,ok
Corenflos DPF,20,20,9,59,215.68971990095451,-4031.4495350163807,-4034.3518574830473,,5000,1,70640442,ok
Corenflos DPF,20,20,9,60,218.89153561997227,-4032.694166441186,-4034.2902980745757,,5000,1,70640443,ok
Corenflos DPF,20,20,9,61,222.07588341704104,-4043.099680456665,-4033.301632388795,,5000,1,70640444,ok
Corenflos DPF,20,20,9,62,225.26130818598904,-4038.075089985256,-4031.719625759516,,5000,1,70640445,ok
Corenflos DPF,20,20,9,63,228.44532317703124,-4034.476727196863,-4030.0646483881314,,5000,1,70640446,ok
Corenflos DPF,20,20,9,64,231.68632901797537,-4035.5224436103144,-4028.9977071267344,,5000,1,70640447,ok
Corenflos DPF,20,20,9,65,234.87228638096713,-4032.228981813518,-4029.871287256848,,5000,1,70640448,ok
Corenflos DPF,20,20,9,66,238.0733843400376,-4034.564024207467,-4028.741188073714,,5000,1,70640449,ok
Corenflos DPF,20,20,9,67,241.34505035495386,-4038.076594140263,-4027.2151213610437,,5000,1,70640450,ok
Corenflos DPF,20,20,9,68,244.49107293295674,-4014.062492325699,-4026.753165946671,,5000,1,70640451,ok
Corenflos DPF,20,20,9,69,247.70632543496322,-4033.729505663763,-4024.4569319456523,,5000,1,70640452,ok
Corenflos DPF,20,20,9,70,250.9235848049866,-4029.0284131403914,-4023.765662128807,,5000,1,70640453,ok
Corenflos DPF,20,20,9,71,254.13315721799154,-4031.908135857989,-4023.424978503819,,5000,1,70640454,ok
Corenflos DPF,20,20,9,72,257.37217249698006,-4034.4338691516464,-4022.6083534634313,,5000,1,70640455,ok
Corenflos DPF,20,20,9,73,260.6430595139973,-4041.6792962052846,-4021.898805079225,,5000,1,70640456,ok
Corenflos DPF,20,20,9,74,263.85297253297176,-4024.2411896162857,-4021.8377439168,,5000,1,70640457,ok
Corenflos DPF,20,20,9,75,266.9756799599854,-4004.7912508290383,-4020.245949296311,,5000,1,70640458,ok
Corenflos DPF,20,20,9,76,270.1625716929557,-4023.573823723917,-4019.672277664207,,5000,1,70640459,ok
Corenflos DPF,20,20,9,77,273.38038510701153,-4015.214692001984,-4018.5889254804806,,5000,1,70640460,ok
Corenflos DPF,20,20,9,78,276.59537667699624,-4020.4558330897016,-4017.513701612457,,5000,1,70640461,ok
Corenflos DPF,20,20,9,79,279.86651879700366,-4027.1868106828415,-4016.689657146329,,5000,1,70640462,ok
Corenflos DPF,20,20,9,80,283.1382990969578,-4028.0286777430993,-4016.7098384430087,,5000,1,70640463,ok
Corenflos DPF,20,20,9,81,286.38650596898515,-4019.7659153382647,-4015.587655378699,,5000,1,70640464,ok
Corenflos DPF,20,20,9,82,289.6268011749489,-4021.5723131306218,-4014.820173285305,,5000,1,70640465,ok
Corenflos DPF,20,20,9,83,292.86101252993103,-4021.606979432013,-4014.5565710420465,,5000,1,70640466,ok
Corenflos DPF,20,20,9,84,296.1015985390404,-4041.221783677277,-4014.5697237018894,,5000,1,70640467,ok
Corenflos DPF,20,20,9,85,299.4017948049586,-4024.7618936794734,-4016.0901801581294,,5000,1,70640468,ok
Corenflos DPF,20,20,9,86,302.609247380984,-4014.4237592684285,-4016.103250958051,,5000,1,70640469,ok
Corenflos DPF,20,20,9,87,305.89555546001066,-4037.577203093485,-4017.1794816452843,,5000,1,70640470,ok
Corenflos DPF,20,20,9,88,309.06424496893305,-4026.570252415593,-4019.7280687492735,,5000,1,70640471,ok
Corenflos DPF,20,20,9,89,312.2887938929489,-4040.5406215553235,-4021.032177676145,,5000,1,70640472,ok
Corenflos DPF,20,20,9,90,315.42160241899546,-4015.2479762976154,-4021.333344669804,,5000,1,70640473,ok
Corenflos DPF,20,20,9,91,318.6612232569605,-4032.0843307596774,-4020.67757724765,,5000,1,70640474,ok
Corenflos DPF,20,20,9,92,321.9606503479881,-4057.513227459701,-4020.930236966301,,5000,1,70640475,ok
Corenflos DPF,20,20,9,93,325.19186478096526,-4055.2589578453862,-4019.6593420241347,,5000,1,70640476,ok
Corenflos DPF,20,20,9,94,328.54794530395884,-4054.56567219764,-4019.864249048357,,5000,1,70640477,ok
Corenflos DPF,20,20,9,95,331.8198374629719,-4048.0545312907248,-4018.0011633549416,,5000,1,70640478,ok
Corenflos DPF,20,20,9,96,334.96768534800503,-4020.724204464672,-4017.818117715397,,5000,1,70640479,ok
Corenflos DPF,20,20,9,97,338.24452048400417,-4055.461720617693,-4017.805553031407,,5000,1,70640480,ok
Corenflos DPF,20,20,9,98,341.53674553195015,-4061.418645290378,-4017.8392884918376,,5000,1,70640481,ok
Corenflos DPF,20,20,9,99,344.7618819809286,-4045.8040577044358,-4018.7099546144,,5000,1,70640482,ok
Corenflos DPF,20,20,9,100,348.0327940429561,-4059.1738007807016,-4019.516946607348,,5000,1,70640483,ok
Corenflos DPF,20,20,9,101,351.3192948689684,-4051.5056424954737,-4020.2108346622213,,5000,1,70640484,ok
Corenflos DPF,20,20,9,102,354.62166156899184,-4051.3683333633485,-4019.293042977991,,5000,1,70640485,ok
Corenflos DPF,20,20,9,103,357.8847232219996,-4069.922217719907,-4019.9013426274064,,5000,1,70640486,ok
Corenflos DPF,20,20,9,104,361.15619985794183,-4063.5588121960936,-4021.2723319317365,,5000,1,70640487,ok
Corenflos DPF,20,20,9,105,364.3887646109797,-4076.874702082789,-4024.060581585751,,5000,1,70640488,ok
Corenflos DPF,20,20,9,106,367.6501188100083,-4081.895988624958,-4028.2019860972023,,5000,1,70640489,ok
Corenflos DPF,20,20,9,107,370.88101890601683,-4030.8860451285946,-4020.201635266137,,5000,1,70640490,ok
Corenflos DPF,20,20,9,108,374.1045659669908,-4020.4044275815636,-4017.449776325242,,5000,1,70640491,ok
Corenflos DPF,20,20,9,109,377.3292803229997,-4009.31809668354,-4014.522208335144,,5000,1,70640492,ok
Corenflos DPF,20,20,9,110,380.6062162569724,-4007.977850132755,-4013.0432200573277,,5000,1,70640493,ok
Corenflos DPF,20,20,9,111,383.85472035303246,-4006.9623081765194,-4012.7790980881805,,5000,1,70640494,ok
Corenflos DPF,20,20,9,112,387.15689163003117,-4003.3527232382753,-4010.926320268266,,5000,1,70640495,ok
Corenflos DPF,20,20,9,113,390.4434053079458,-4005.187206921043,-4010.2947994060814,,5000,1,70640496,ok
Corenflos DPF,20,20,9,114,393.72149034496397,-3990.5201192266945,-4009.3311740041936,,5000,1,70640497,ok
Corenflos DPF,20,20,9,115,397.06190557894297,-3995.0464346680287,-4009.592931864135,,5000,1,70640498,ok
Corenflos DPF,20,20,9,116,400.4021208320046,-3992.1262926497147,-4008.980473904925,,5000,1,70640499,ok
Corenflos DPF,20,20,9,117,403.7027762749931,-4009.409313120902,-4008.725375704184,,5000,1,70640500,ok
Corenflos DPF,20,20,9,118,407.0285238670185,-3991.9496465403563,-4007.592911986505,,5000,1,70640501,ok
Corenflos DPF,20,20,9,119,410.3535915269749,-3989.498245740486,-4008.493642767519,,5000,1,70640502,ok
Corenflos DPF,20,20,9,120,413.69483769102953,-3996.706900454774,-4007.7155531727212,,5000,1,70640503,ok
Corenflos DPF,20,20,9,121,417.32993951800745,-4066.345280399886,-4007.3448584246953,,5000,1,70640504,ok
Corenflos DPF,20,20,9,122,420.6868882130366,-3990.350182333061,-4007.3851965861336,,5000,1,70640505,ok
Corenflos DPF,20,20,9,123,424.0196886919439,-3981.7335727826367,-4007.424162881294,,5000,1,70640506,ok
Corenflos DPF,20,20,9,124,427.3610211319756,-3984.9076682732293,-4006.9629625831135,,5000,1,70640507,ok
Corenflos DPF,20,20,9,125,430.73869395896327,-3980.3958247973314,-4007.652587914952,,5000,1,70640508,ok
Corenflos DPF,20,20,9,126,434.15660320501775,-3987.9284262465126,-4006.6289394184278,,5000,1,70640509,ok
Corenflos DPF,20,20,9,127,438.0186289739795,-4069.803754268841,-4006.946719493325,,5000,1,70640510,ok
Corenflos DPF,20,20,9,128,441.44278849102557,-3983.712384148762,-4006.4705033938058,,5000,1,70640511,ok
Corenflos DPF,20,20,9,129,444.8679032640066,-3993.147489544337,-4007.8459135062626,,5000,1,70640512,ok
Corenflos DPF,20,20,9,130,448.27578970999457,-3988.116948109135,-4006.4978434668014,,5000,1,70640513,ok
Corenflos DPF,20,20,9,131,451.68665153102484,-3991.2572045454613,-4006.857149308405,,5000,1,70640514,ok
Corenflos DPF,20,20,9,132,455.118463085033,-3981.8535086231805,-4006.924867637269,,5000,1,70640515,ok
Corenflos DPF,20,20,9,133,458.5209304749733,-3994.3823971932916,-4006.508495617097,,5000,1,70640516,ok
Corenflos DPF,20,20,9,134,461.93151247594506,-3994.8891297095342,-4006.9233856378605,,5000,1,70640517,ok
Corenflos DPF,20,20,9,135,465.3709270480322,-3996.72432009925,-4007.2271496893572,,5000,1,70640518,ok
Corenflos DPF,20,20,9,136,468.7880377799738,-3983.368513621137,-4006.643871694939,,5000,1,70640519,ok
Corenflos DPF,20,20,9,137,472.2118503029924,-3990.384165917071,-4006.4017051521373,,5000,1,70640520,ok
Corenflos DPF,20,20,9,138,475.63005507097114,-3983.318973357108,-4006.4205412408164,,5000,1,70640521,ok
Corenflos DPF,20,20,9,139,478.97616737603676,-3992.021768599841,-4006.348760287897,,5000,1,70640522,ok
Corenflos DPF,20,20,9,140,482.39981329999864,-3980.543033250162,-4006.0531331082643,,5000,1,70640523,ok
Corenflos DPF,20,20,9,141,485.7995983000146,-3983.9054794595017,-4005.302979242917,,5000,1,70640524,ok
Corenflos DPF,20,20,9,142,489.1532417850103,-3982.4990009119538,-4005.5135154029617,,5000,1,70640525,ok
Corenflos DPF,20,20,9,143,492.57837963302154,-3986.8190092920086,-4005.3278024737333,,5000,1,70640526,ok
Corenflos DPF,20,20,9,144,496.011369048967,-3986.7569774057083,-4006.1830792616743,,5000,1,70640527,ok
Corenflos DPF,20,20,9,145,499.383631831035,-3972.16945268377,-4005.3198460897825,,5000,1,70640528,ok
Corenflos DPF,20,20,9,146,502.74724728101864,-3982.197535381006,-4004.5505262704005,,5000,1,70640529,ok
Corenflos DPF,20,20,9,147,506.132571130991,-3982.3594144178096,-4004.4840367987626,,5000,1,70640530,ok
Corenflos DPF,20,20,9,148,509.4964737800183,-3985.3590359405007,-4004.1371946084087,,5000,1,70640531,ok
Corenflos DPF,20,20,9,149,512.8603351869388,-3983.8818334869143,-4004.1552306700028,,5000,1,70640532,ok
Corenflos DPF,20,20,9,150,516.1994576959405,-3978.856763107563,-4003.196449056746,,5000,1,70640533,ok
Corenflos DPF,20,20,9,151,519.5632660739357,-3976.209871467877,-4003.259521953847,,5000,1,70640534,ok
Corenflos DPF,20,20,9,152,522.8869593510171,-3970.9702240762613,-4002.6539813681998,,5000,1,70640535,ok
Corenflos DPF,20,20,9,153,526.2122879909584,-3975.162126987791,-4002.73201901213,,5000,1,70640536,ok
Corenflos DPF,20,20,9,154,529.5918362420052,-3984.6163579509343,-4000.9657544380457,,5000,1,70640537,ok
Corenflos DPF,20,20,9,155,532.963639699039,-3975.1488331817955,-4001.367216517576,,5000,1,70640538,ok
Corenflos DPF,20,20,9,156,536.3132865249645,-3980.699769740054,-4000.8987732997075,,5000,1,70640539,ok
Corenflos DPF,20,20,9,157,539.6620107550407,-3976.7229869546536,-3999.6850128214855,,5000,1,70640540,ok
Corenflos DPF,20,20,9,158,543.0396124409745,-3978.435507100546,-4000.290258745073,,5000,1,70640541,ok
Corenflos DPF,20,20,9,159,546.3786419490352,-3977.214409744507,-4000.4702401452696,,5000,1,70640542,ok
Corenflos DPF,20,20,9,160,549.7640298949555,-3986.809678884293,-3999.9125791689044,,5000,1,70640543,ok
Corenflos DPF,20,20,9,161,553.1435776969884,-3980.1224339320406,-4000.845596881319,,5000,1,70640544,ok
Corenflos DPF,20,20,9,162,556.4922839970095,-3971.701638414974,-4001.33468556165,,5000,1,70640545,ok
Corenflos DPF,20,20,9,163,559.8632675840054,-3969.681030677337,-4001.513859043984,,5000,1,70640546,ok
Corenflos DPF,20,20,9,164,563.2500957379816,-3975.3820436244014,-4000.870720819242,,5000,1,70640547,ok
Corenflos DPF,20,20,9,165,566.6119658709504,-3981.002242504245,-4000.771749264022,,5000,1,70640548,ok
Corenflos DPF,20,20,9,166,570.0204883009428,-3977.5219464716433,-3999.4979344963836,,5000,1,70640549,ok
Corenflos DPF,20,20,9,167,573.4213023380144,-3982.1654174116675,-4001.0485325481336,,5000,1,70640550,ok
Corenflos DPF,20,20,9,168,576.7618550249608,-3978.6503761392696,-3999.2772784025456,,5000,1,70640551,ok
Corenflos DPF,20,20,9,169,580.100390453008,-3977.2024403080277,-3999.744343293937,,5000,1,70640552,ok
Corenflos DPF,20,20,9,170,583.4731947869295,-3967.4748103158645,-4000.3708243072433,,5000,1,70640553,ok
Corenflos DPF,20,20,9,171,586.8449467819883,-3979.5103521908286,-3999.8104335310213,,5000,1,70640554,ok
Corenflos DPF,20,20,9,172,590.1789710980374,-3959.5253846092683,-3999.793249190549,,5000,1,70640555,ok
Corenflos DPF,20,20,9,173,593.5206168729346,-3969.8471178223253,-3998.603832734942,,5000,1,70640556,ok
Corenflos DPF,20,20,9,174,596.9012447670102,-3980.961024715378,-3999.62919840475,,5000,1,70640557,ok
Corenflos DPF,20,20,9,175,600.3051068329951,-3980.2328916964234,-3998.8581357031403,,5000,1,70640558,ok
Corenflos DPF,20,20,9,176,603.6999141690321,-3977.5183443453043,-3998.724244552483,,5000,1,70640559,ok
Corenflos DPF,20,20,9,177,607.048790093977,-3974.0871176389933,-3998.1816426726086,,5000,1,70640560,ok
Corenflos DPF,20,20,9,178,610.3981851380086,-3973.057281793185,-3996.8900770788105,,5000,1,70640561,ok
Corenflos DPF,20,20,9,179,613.7450699940091,-3972.581024471882,-3997.2644533016664,,5000,1,70640562,ok
Corenflos DPF,20,20,9,180,617.0838455479825,-3972.1550836963793,-3995.7612616136266,,5000,1,70640563,ok
Corenflos DPF,20,20,9,181,620.4332838079426,-3967.837370644904,-3996.2480914856,,5000,1,70640564,ok
Corenflos DPF,20,20,9,182,623.7590840449557,-3970.390177385264,-3996.3162554320365,,5000,1,70640565,ok
Corenflos DPF,20,20,9,183,627.0998080029385,-3970.9084046180924,-3996.4862202120007,,5000,1,70640566,ok
Corenflos DPF,20,20,9,184,630.4632076689741,-3972.0535366728245,-3996.0837595172534,,5000,1,70640567,ok
Corenflos DPF,20,20,9,185,633.7817006430123,-3980.904398062705,-3996.010910265285,,5000,1,70640568,ok
Corenflos DPF,20,20,9,186,637.2007207589922,-3983.350302414503,-3997.2824546493066,,5000,1,70640569,ok
Corenflos DPF,20,20,9,187,640.5496494719991,-3972.0973878187974,-3997.5325627887864,,5000,1,70640570,ok
Corenflos DPF,20,20,9,188,643.89758016204,-3978.8257780423883,-3997.0110126821623,,5000,1,70640571,ok
Corenflos DPF,20,20,9,189,647.2690696199425,-3976.9129317603442,-3997.7608210100448,,5000,1,70640572,ok
Corenflos DPF,20,20,9,190,650.6092877029441,-3964.7361592474226,-3998.118000930318,,5000,1,70640573,ok
Corenflos DPF,20,20,9,191,653.9960460469592,-3981.796251910031,-3998.272343807996,,5000,1,70640574,ok
Corenflos DPF,20,20,9,192,657.3672910080059,-3976.4194635176555,-3999.30792008368,,5000,1,70640575,ok
Corenflos DPF,20,20,9,193,660.7441407180158,-3973.1785713495833,-4000.407648315841,,5000,1,70640576,ok
Corenflos DPF,20,20,9,194,664.1470071589574,-3976.9622434981375,-4002.296951834541,,5000,1,70640577,ok
Corenflos DPF,20,20,9,195,667.5551905189641,-3978.385603127864,-4002.196285843395,,5000,1,70640578,ok
Corenflos DPF,20,20,9,196,670.9730114999693,-3986.6686970694554,-4002.8517955864,,5000,1,70640579,ok
Corenflos DPF,20,20,9,197,674.3759432940278,-3970.371518834576,-4003.264037180975,,5000,1,70640580,ok
Corenflos DPF,20,20,9,198,677.7708204209339,-3973.917514360928,-4002.5913851457294,,5000,1,70640581,ok
Corenflos DPF,20,20,9,199,681.1651484409813,-3976.590000651244,-4003.263827365243,,5000,1,70640582,ok
Corenflos DPF,20,20,9,200,684.5678029080154,-3978.8113936495874,-4002.4548046073005,,5000,1,70640583,ok
Corenflos DPF,20,20,9,201,688.0016917829635,-3978.0636837622797,-4003.856048454604,,5000,1,70640584,ok
Corenflos DPF,20,20,9,202,691.4044149069814,-3980.08406187771,-4005.824283900242,,5000,1,70640585,ok
Corenflos DPF,20,20,9,203,694.8435323189478,-4003.520217967941,-4004.4989735506697,,5000,1,70640586,ok
Corenflos DPF,20,20,9,204,698.2766284679528,-3977.940783145266,-4005.8326755010175,,5000,1,70640587,ok
Corenflos DPF,20,20,9,205,701.6416839449666,-3986.4559203525187,-4006.42363641675,,5000,1,70640588,ok
Corenflos DPF,20,20,9,206,705.0674872719683,-3992.2538948251304,-4008.543054894719,,5000,1,70640589,ok
Corenflos DPF,20,20,9,207,708.5007005980005,-3980.9036227579445,-4010.118332494089,,5000,1,70640590,ok
Corenflos DPF,20,20,9,208,711.925031014951,-3977.946288690472,-4010.3393279673764,,5000,1,70640591,ok
Corenflos DPF,20,20,9,209,715.3592661489965,-3982.0365212396778,-4013.044567826455,,5000,1,70640592,ok
Corenflos DPF,20,20,9,210,718.8546735920245,-3981.4077898781084,-4015.193519933572,,5000,1,70640593,ok
Corenflos DPF,20,20,9,211,722.3881696449826,-3991.980417142606,-4015.6163081754103,,5000,1,70640594,ok
Corenflos DPF,20,20,9,212,725.8609204289969,-3990.0577987465504,-4017.2290094879468,,5000,1,70640595,ok
Corenflos DPF,20,20,9,213,729.3559431119356,-4003.219766236578,-4017.9106445770567,,5000,1,70640596,ok
Corenflos DPF,20,20,9,214,732.8827277700184,-3991.4094619050093,-4019.917898002961,,5000,1,70640597,ok
Corenflos DPF,20,20,9,215,736.3863073639804,-3994.687754434409,-4019.889682795281,,5000,1,70640598,ok
Corenflos DPF,20,20,9,216,739.8129004170187,-3988.204218667902,-4021.0515175573933,,5000,1,70640599,ok
Corenflos DPF,20,20,9,217,743.19840818597,-3991.4818373395065,-4020.861536708681,,5000,1,70640600,ok
Corenflos DPF,20,20,9,218,746.6478295009583,-3995.766619239379,-4019.4956856377316,,5000,1,70640601,ok
Corenflos DPF,20,20,9,219,750.1032782249385,-3989.277441706884,-4019.6789077542567,,5000,1,70640602,ok
Corenflos DPF,20,20,9,220,753.5227631740272,-3980.1964849491346,-4018.906825595596,,5000,1,70640603,ok
Corenflos DPF,20,20,9,221,756.9643865620019,-3993.999259326458,-4018.462737279859,,5000,1,70640604,ok
Corenflos DPF,20,20,9,222,760.399092493928,-3979.489766767377,-4017.306343643919,,5000,1,70640605,ok
Corenflos DPF,20,20,9,223,763.9029425999615,-3991.2149009851955,-4016.945900733577,,5000,1,70640606,ok
Corenflos DPF,20,20,9,224,767.3520211449359,-3994.5139371229884,-4016.273085231364,,5000,1,70640607,ok
Corenflos DPF,20,20,9,225,770.8141152689932,-3991.464949261748,-4015.766648757656,,5000,1,70640608,ok
Corenflos DPF,20,20,9,226,774.2683436489897,-3991.9278517078446,-4016.927627233663,,5000,1,70640609,ok
Corenflos DPF,20,20,9,227,777.7093615989434,-3992.035588871122,-4016.9461078196064,,5000,1,70640610,ok
Corenflos DPF,20,20,9,228,781.1583470660262,-3999.4104830903866,-4018.356502096352,,5000,1,70640611,ok
Corenflos DPF,20,20,9,229,784.6129265089985,-3987.942654552311,-4016.2985954096375,,5000,1,70640612,ok
Corenflos DPF,20,20,9,230,788.0053263439331,-3982.4306244528793,-4015.712262092409,,5000,1,70640613,ok
Corenflos DPF,20,20,9,231,791.4329697419889,-3981.952050441805,-4014.680061747223,,5000,1,70640614,ok
Corenflos DPF,20,20,9,232,794.8514930639649,-3990.8720647502255,-4014.064803258975,,5000,1,70640615,ok
Corenflos DPF,20,20,9,233,798.246586653986,-3992.653104429039,-4012.9687428635903,,5000,1,70640616,ok
Corenflos DPF,20,20,9,234,801.6332391379401,-3978.0519438387555,-4012.8414099793326,,5000,1,70640617,ok
