model,start,method,iteration,seconds,loglik,mcse,final,status,ri,rn,f_Si,f_Sn,probi,probn,xi,theta_Sn,theta_Si,theta_P,theta_Ji,theta_Jn,sigIn,sigIi,sigJi,sigJn,sigF,sigP,k_Ii,k_In,k_Si,k_Sn,theta_In_K,theta_In_L,theta_In_M,theta_In_N,theta_In_O,theta_In_P,theta_In_Q,theta_In_S,theta_Ii_K,theta_Ii_L,theta_Ii_M,theta_Ii_N,theta_Ii_O,theta_Ii_P,theta_Ii_Q,theta_Ii_S
daphnia,10,MPIF,0,0.0,-1033.496964966962,1.9664481949491526,False,complete,9.63674540664821,4.1816998571728465,-11.032853112768196,-6.125394656570537,3.5246202762512233,-1.474494362496842,3.9910964588660693,-1.8806187082760313,-3.85246603305241,-3.8324392548508115,-8.254262191656037,-8.358855680108265,-8.32345933806647,-4.170400244275598,-1.6481623333295092,-1.3387684990865407,-1.6715053826347626,-0.9298995895119903,-0.7205345018100597,-0.09736910966531287,1.3617874702155697,1.3555011124006862,-0.7634289530733797,-0.015158663709139299,-0.18120273544006782,-0.6646638286257367,-0.8534467862458106,-0.3575991984940003,-0.4719870904620026,-0.7249033070279945,-0.4688444568511531,-0.8109177695072557,-0.879414278578202,-1.7535112817537666,-1.013511659833444,-1.5177060946891834,-0.7855085351578035,-0.53291975937665
daphnia,10,MPIF,50,48.540638206862184,-871.0699949571567,0.5165950127835971,False,complete,8.330476244103918,3.8770388215756584,-11.135768985465713,-6.455577733848276,3.0346570591627646,-1.793886290017858,2.252570364427884,-2.5029931679341524,-5.283359358358619,-5.30398315408958,-7.159791602115662,-9.7093493475615,-12.615528508800434,-2.4169100168250144,-1.111826554859756,-1.668081859498998,-1.354956583436184,-2.4072078021341676,0.003252918350755863,0.2856036582991966,1.855948980242594,1.4447013516762695,-0.2675115055255465,-0.12759976360180944,-1.1867259002204007,-1.0476573664572093,-0.22266665423490672,-0.8947181404576278,-1.611811124703735,-1.6864280724150844,-0.9971228621253871,-1.2070208023634337,0.0008048312069885601,-1.9712540579815727,-0.19326704420414517,0.38026695107377184,-1.6496235282086344,-2.539989585663414
daphnia,10,MPIF,100,97.08127641372437,-864.8149206874762,1.0452309285378791,False,complete,7.528501904187224,4.078408583363538,-10.228237089208935,-7.038788444605596,2.058296106658021,-0.9614794168455281,3.3169682814903583,-3.7635504968220137,-2.8362808164746713,-5.375408877228705,-6.047136182806676,-8.06548857110484,-9.56509347713141,-2.0356792031148805,-1.2493832709508346,-2.3393035575179275,-2.077783045298246,-1.237371923927309,0.8022367954965773,-0.004197931368723018,1.4295548279795758,1.8188443041982199,-0.03265536270686438,-0.13975539024123654,-0.5959135962604992,-0.7095934682116238,0.26869616683245545,-0.6528542647793116,-1.1892825094784112,-1.495021560389696,-1.0188940424707464,-1.670848775721409,0.134781202500063,-2.3563842065468186,-0.1250026954370557,-0.03271748610058429,-1.74784857642311,-3.4358862184117434
daphnia,10,MPIF,150,145.62191462058655,-867.8067522564268,0.7328619030171694,False,complete,6.226473356025653,3.7062877273250696,-9.141491946602315,-6.804348821971624,1.3611619021820807,-0.7985396822745441,3.7867279208557587,-3.726327682821941,-3.257696360045468,-4.698179985119578,-6.176848243122454,-7.1505030999557855,-10.62709760341005,-4.476265843798882,-1.3640388532703398,-4.346532092574761,-1.7823374527698925,-0.7847819961865238,1.0906557045691536,0.5434213240604449,1.3929812000884085,1.3830357375326798,0.04655925309527597,-0.3491835869721431,-0.5049081057516425,-0.9745399128699714,0.406583116549476,-0.6069377545509765,-1.0954496301445507,-1.5683246474266805,-1.1856880354256139,-1.8634612800020842,-0.5502882387806908,-2.2220846553183606,-0.05944953692180194,-0.19888046379141391,-1.7634179434307085,-3.53710235462602
daphnia,10,MPIF,200,194.16255282744874,-867.0113305459638,0.6576083632963674,False,complete,6.015181702102949,3.8379251666481946,-8.930498434474648,-6.873842661999921,0.7864434761449818,-1.0445423350156966,3.041218376382437,-5.094437117138782,-3.7125609522010303,-3.5646653904803265,-6.890147586814117,-6.401083997370492,-9.752604666528468,-4.891354126271704,-0.9004053785768671,-3.2740227241762687,-2.1994422006929746,-0.9100028192798243,0.822684996331711,0.49354240164565544,1.4806606467774281,1.3095951381788038,-0.11588819167158886,-0.16302514925195835,-0.4313160666787533,-0.6297805525648676,0.4916081049871943,-0.6013591117166294,-1.278214862563746,-1.4319267523790569,-1.154620064840188,-1.5901169158937145,-0.6499440751162102,-2.1199958711520943,-0.34171506491805664,0.04039575002927802,-2.0560089693121846,-3.5672448862667956
daphnia,10,MPIF,250,242.70319103431095,-865.4298731040692,0.48491932156747797,False,complete,5.89181546747827,3.7416373924388924,-8.85495770868785,-6.934755057378747,0.7020231101095318,-0.9805785751509584,3.283904575482978,-6.524999596840095,-4.234298792967837,-3.5279322049004804,-6.454732895409057,-6.039928101205086,-8.787134635241932,-3.842358733442959,-1.022249923203667,-2.703539315278468,-1.5653501926267757,-1.2907563369373212,0.5508243415007449,0.06850942132147977,1.1358396216994018,1.73436338497021,-0.1376903631836276,0.06234611643832328,-0.6115252521881888,-0.644445395011924,0.3416038786428768,-0.5888917910008675,-1.248920941479513,-1.3618605285104066,-1.1469507982588891,-1.5186499354561087,-0.47536850284173293,-2.164924691795107,-0.27306109977178017,-0.05707825479718483,-1.7800600860087723,-3.6341027368529044
daphnia,10,MPIF,300,291.2438292411731,-863.6883924268811,0.42372337836601637,False,complete,5.733512608098763,3.6291275778847374,-8.692539314912459,-6.712493520213498,0.8091070151585228,-1.1125982465380304,3.1395722549758776,-6.516897920232273,-4.725506071151537,-3.2571695520514092,-7.012409187984825,-5.999392171596605,-8.74539720555114,-4.164132943132153,-1.3382862481292688,-2.7810036364555923,-1.6037561850238429,-1.1082892021889845,0.7953299980411611,0.1788433981019691,1.559617788516767,1.2702008880683389,-0.28967326056639275,-0.16738975982099538,-0.5875056803413168,-0.8874726787335534,0.2942226139790609,-0.6128100463289576,-1.2682656171439892,-1.4556890097341963,-1.1572631127812896,-1.5952075312919918,-0.4518603738220301,-2.1663102809175454,-0.31196700839131764,-0.00819264244844904,-1.7810203901220205,-3.742222119033656
daphnia,10,MPIF,350,339.7844674480353,-865.2703356642737,0.5243872430632986,False,complete,5.864940311369386,3.460350209022448,-8.903089055553911,-6.5763954970191225,1.0486922975510966,-1.2344529078256372,2.943218822385351,-6.8197251359913045,-5.210951260441119,-2.682335711043484,-7.030657777598206,-5.728308507788944,-8.692632794269198,-4.841475379580744,-1.4355496503266911,-2.8071584130462357,-1.8264994804259558,-1.1841547562395187,0.684608706474991,0.4767611893541074,1.7813206425528847,1.7060144157675716,-0.2760999768361746,-0.23652429036554343,-0.5478726823399018,-0.7745194802836632,0.18063081781166174,-0.5478574825692691,-1.2027000992333197,-1.4082781817210153,-1.0007333490735597,-1.507363889331517,-0.6019905630785953,-2.16444567910985,-0.40819787282916353,0.013432586118092003,-1.7623666698342964,-3.6323827733517486
daphnia,10,MPIF,400,388.32510565489747,-863.9625869758626,0.8577347681428401,False,complete,6.078346617895809,3.6189969574211567,-8.988481994774508,-6.664982501502574,1.1076880998677985,-1.1253833050474074,3.0549928351357982,-6.57050194179561,-5.222223650162402,-2.5746749440189487,-6.9434812230315455,-5.789991756499747,-8.515811214277553,-4.863442955203763,-1.3399578483359609,-2.8173790382376525,-1.6481865293796834,-1.0943896385142875,0.7921178096206399,0.171406799822813,1.595129536685668,1.6389081768885627,-0.4001790073643647,-0.24422728182815334,-0.6130912280944094,-0.7533169065895178,0.15731957501349603,-0.6028259812926673,-1.2606611407864587,-1.4067354303568107,-1.0375916812256942,-1.5062140192140847,-0.5213237975338709,-2.1052378953172624,-0.2836472691869011,0.08456318760353591,-1.701110800475203,-3.5710884193373094
daphnia,10,MPIF,450,436.8657438617597,-865.355291227522,0.7876327952842761,False,complete,6.072317942810822,3.6093516936435317,-8.83087601487894,-6.570370426017302,1.2021692720142083,-1.1071993669346463,3.261336975790852,-6.482559494679922,-5.452569272859494,-2.6808229060643467,-7.040040402993855,-5.667385441538199,-8.521538490632457,-4.813903030518226,-1.1110558593154238,-2.466833066652482,-1.6367688850960174,-1.1415841894873924,0.897052811435003,0.02626535893489182,1.5405106372481079,1.6477637269404721,-0.4116972860631159,-0.2510496509877442,-0.7456924591156996,-0.6959000011380135,0.13179432555719758,-0.6128391032576652,-1.2970081422227564,-1.394850417567249,-1.0988076652925889,-1.4974960179508219,-0.5960405592029359,-2.064277067306472,-0.27693072468091806,0.04020142668017508,-1.6413206098896502,-3.557133436180627
daphnia,10,MPIF,500,485.4063820686219,-863.9631605370749,0.6707548175967935,False,complete,6.0016631640461275,3.4878284598925355,-8.885898907349377,-6.628034516054912,1.1802048783786743,-1.0412712559970767,3.222758695395273,-6.559013816923225,-5.480723646997534,-2.7228430447977177,-7.107569602521941,-5.5960689430935835,-8.430746472059912,-4.726846463073038,-1.0152635772496812,-2.399994875241649,-1.6834990518746138,-1.1110206127144893,0.9407826266168655,0.1249945143144249,1.694219576957167,1.4571431887745765,-0.3910785827337879,-0.23826372059537487,-0.7341094404254602,-0.7217426259991887,0.0739934704168466,-0.6747206229774411,-1.277263407768313,-1.4182871095573055,-1.1243889292788902,-1.5178849987615304,-0.5963982188961966,-2.1244310893803786,-0.26098044486548067,0.05219334334829719,-1.5184032824268092,-3.5664316208499436
daphnia,10,MPIF,550,533.9470202754841,-862.2449564440765,0.5748875661131885,False,complete,6.054343385607636,3.4319913379474367,-8.978235936720283,-6.633050111168296,1.2525366502099273,-1.0797305314431989,3.2419864653843207,-6.622958411975779,-5.527021684976433,-2.8384242221941967,-7.183825367427672,-5.554088162004876,-8.523773223344083,-4.716027960890756,-0.976289000255927,-2.4006447620789304,-1.66025592202144,-1.094067050484844,1.0019633508924892,-0.0012032095321611468,1.578416259566196,1.448809621532584,-0.40541207167656157,-0.2703089267830837,-0.7608648350780087,-0.7161276948295039,0.138212475692173,-0.6821881846379848,-1.3236601688809535,-1.4177694947209003,-1.1300171078958772,-1.5093775919512784,-0.5981386304752011,-2.1350235435026126,-0.2872636694963494,0.059702017363156695,-1.5352117892360446,-3.5452707857323253
daphnia,10,MPIF,600,582.4876584823462,-862.3747404795504,0.7432991299911106,False,complete,6.038305852935953,3.4666353784541744,-8.998991152227084,-6.609140281637637,1.25664957941273,-1.0498178577023196,3.1986894974288314,-6.6147312876801205,-5.525287344955598,-2.89279586575231,-7.194730112504392,-5.528792071333004,-8.617915052959004,-4.689116653208478,-1.007904122047691,-2.353798202405784,-1.7181168875250958,-1.103983506431226,0.90400877326457,0.04575432337979176,1.5566310360466058,1.5135580658855456,-0.39067078221225016,-0.27975331414818017,-0.7683906551595607,-0.7116089041086539,0.13560974879337032,-0.7080249019850324,-1.366151364303229,-1.424541581749223,-1.1524552486003994,-1.492323917379625,-0.5933823010438518,-2.1573397479720806,-0.31034860852399265,0.07112743282673654,-1.5383243305242613,-3.5008689482166937
daphnia,10,MPIF,650,631.0282966892084,-865.2519586861786,0.7172707038976378,False,complete,6.005670492428682,3.440068501297518,-9.010139540051329,-6.563716812435709,1.240604430104402,-1.1125348019250583,3.172180453413017,-6.6689502577289685,-5.61716844775444,-2.8638918520312857,-7.236348121995543,-5.530043433211443,-8.551171231167046,-4.644335642223013,-1.039102402485372,-2.4071199655365847,-1.7627813172998341,-1.1394901245562448,0.945083796666438,0.07836698123338602,1.5234985698637895,1.4852610660555499,-0.3877357291424997,-0.28464116334012834,-0.7562718062668432,-0.7054063773336892,0.15092971680372952,-0.7025675612589571,-1.3517946393694646,-1.4330826032951183,-1.1781794942709867,-1.5122925483034182,-0.5900862429807359,-2.1230728468631836,-0.3356158881769626,0.0783704601085105,-1.5417252552503469,-3.4767437007560846
daphnia,10,MPIF,680,660.1526796133257,-862.8493135207931,0.19300469321615368,True,complete,6.057202847176406,3.4214970002379728,-8.985075201347476,-6.548392809596349,1.2306353878087148,-1.117480089355082,3.153618606563854,-6.640897211232253,-5.605047464705846,-2.844693334532621,-7.22591170448101,-5.534625280667072,-8.55785483765981,-4.640672958818332,-1.0036509096369977,-2.4052219826939063,-1.7369470577740163,-1.126453915642167,0.996807414679748,0.08915126405899813,1.550797985494899,1.467819767741765,-0.3795987382758325,-0.2805828871580963,-0.7554287569621665,-0.7042583522892408,0.1629414695723045,-0.72525725827704,-1.365958595104877,-1.4355074278252942,-1.1827716703027724,-1.508541773618051,-0.5899785673568217,-2.1341728129060105,-0.3329676217476621,0.059470405698811506,-1.5360661865563658,-3.4857374314212337
daphnia,10,IFAD,0,0.0,-1034.3825773766737,1.491416500529849,False,complete,9.63674540664821,4.1816998571728465,-11.032853112768196,-6.125394656570537,3.5246202762512233,-1.474494362496842,3.9910964588660693,-1.8806187082760313,-3.85246603305241,-3.8324392548508115,-8.254262191656037,-8.358855680108265,-8.32345933806647,-4.170400244275598,-1.6481623333295092,-1.3387684990865407,-1.6715053826347626,-0.9298995895119903,-0.7205345018100597,-0.09736910966531287,1.3617874702155697,1.3555011124006862,-0.7634289530733797,-0.015158663709139299,-0.18120273544006782,-0.6646638286257367,-0.8534467862458106,-0.3575991984940003,-0.4719870904620026,-0.7249033070279945,-0.4688444568511531,-0.8109177695072557,-0.879414278578202,-1.7535112817537666,-1.013511659833444,-1.5177060946891834,-0.7855085351578035,-0.53291975937665
daphnia,10,IFAD,50,47.21745574194938,-871.5857163347769,0.6990625175462863,False,complete,8.728760493907359,3.7858667788608344,-11.627688118423812,-6.926053221075595,3.584726500354656,-1.0738373036052533,3.2232331341497495,-6.353402737158153,-5.323699193690293,-3.9424966899573652,-7.940579555060749,-10.353704317538234,-9.38180787531496,-4.678004172596292,-0.9637428292888636,-1.0693659846509165,-2.2679191891310246,-2.4510266440883286,0.38748861734385076,0.5174014753977684,1.8184775547142709,1.3954200339348215,-0.0756347030914206,-0.1424941472781267,-1.2198793919523963,-1.0012406918560193,-0.03076391690670315,-0.7295291018930142,-1.7193707324168552,-1.5064108567571346,-1.0662852805934462,-1.4365703039500424,-0.5089709216683462,-2.2826300360855623,-0.010812648951347915,0.1761074886307415,-1.695029364286693,-2.9328703977448973
daphnia,10,IFAD,100,94.43491148389876,-869.2663500735981,0.7880395705914688,False,complete,8.402545886792213,3.301495046990542,-11.343346125424247,-6.396539587047324,3.439758653738086,-1.4579522395887248,2.9333677820815325,-8.235946370671062,-8.561237206301989,-3.989578232302882,-12.19699700586832,-12.0290927861368,-10.410498030363218,-4.52602974069452,-0.8631843743558503,-1.3956425570728965,-3.1225024405134656,-0.9430824276437154,0.7525470136104052,-0.29281171987719834,1.5693032962788156,1.188890275302179,-0.3131373210739591,-0.5607042970358419,-1.0757422012790612,-0.9420778508171148,-0.12161451390511006,-0.8219207546778685,-1.5978642797183464,-1.3607315805842115,-1.0406151989576053,-1.6980973074201522,-0.7377313420423326,-2.7907892986618736,-0.6876552195555334,0.012104973965058373,-1.960995965425679,-2.7062922404399905
daphnia,10,IFAD,150,141.65236722584814,-870.7483611022255,0.943285360116304,False,complete,8.761534691989533,3.2877015416463875,-11.961710620479643,-6.654462516083491,4.174061888265441,-1.0210434541941884,3.3426975303667166,-9.124143886374606,-7.988560257922659,-3.1570335588205642,-11.47601763586182,-10.644652915460712,-9.1053044588305,-4.632874625465214,-0.8617603712180993,-1.173213013996137,-2.212303927898196,-1.3543119820236074,1.492489819292407,0.3298672986946125,1.7006228337172278,1.1172031721829718,-0.22409588230242675,-0.3619186519736688,-1.0263668979739178,-1.227208018067509,-0.20105180238140513,-0.8173941573660174,-1.5547609219843226,-1.43079055666903,-1.172384306404927,-1.5365661840801697,-0.9106565316411817,-3.151979353751678,-0.4768102586849209,-0.007413560222652301,-1.9677583797009557,-3.197000611127141
daphnia,10,IFAD,200,188.86982296779752,-866.020589160412,0.7802974293394385,False,complete,8.800667599243006,3.6010450544189596,-11.899096939703112,-6.829805256510458,3.9173090199080036,-1.1803739232549113,3.3286103846833797,-8.950330827972905,-8.51167786638373,-3.5612967512079314,-11.565247578432237,-10.937217363166708,-9.279853810900882,-4.426462217265698,-1.1888561888742133,-1.2697721849265324,-1.9833619592589538,-1.6153468612863653,0.29303237156277323,0.25135116017119824,1.770808983875958,1.3306859102109578,-0.24566499171886091,-0.18156075480688014,-0.8783740994945014,-0.9080223433531189,-0.08148792743508737,-0.649620235876156,-1.54148251321123,-1.3392143464749648,-1.020732481721058,-1.5443556137597083,-0.1203082441914835,-2.661972182604842,-0.45643005208277415,-0.18541943706208144,-1.6030068086267524,-2.8766527095627095
daphnia,10,IFAD,250,266.95425214304123,-862.0570272794016,0.7509121994303718,False,complete,8.886348537002226,3.604825514104832,-11.826775227612636,-6.7522060221313005,3.87533598821417,-1.2225612583734395,3.19071698369078,-8.782109339182536,-8.711625741275133,-3.6987662429651316,-11.40124155289808,-10.546478343103777,-9.24774499699487,-4.666998634693396,-1.0515933402491575,-1.3640979993667728,-1.9767834047412658,-1.2708165155476896,0.6690087513947628,0.21636211382981346,1.60526188748418,1.5322751965435892,-0.242467528661026,-0.1938558753754545,-0.8297011686839436,-0.9550400149387741,-0.10019501058148869,-0.6607232543436878,-1.3868543547897476,-1.3624936333173792,-1.0948393930344393,-1.4586160158494694,-0.41620089825072565,-2.311899781358566,-0.27339018805786464,0.05514487254406165,-1.6142863254118875,-2.7484501669775168
daphnia,10,IFAD,300,345.03868131828494,-861.374440826782,0.5177457207669469,False,complete,8.875954938565883,3.562724606331568,-11.839156267293484,-6.702006605784654,3.867533766806405,-1.234071682779811,3.1943662887307154,-8.634986397917569,-8.822944712842242,-3.8329748221856543,-11.240518782089607,-10.219388485446737,-9.229921466011241,-4.796716049146081,-1.1164951853878948,-1.4572639275525228,-1.9879363499607443,-1.1358419067149623,0.8137229910050677,0.24844097390572423,1.6427986393590206,1.518469228883229,-0.1645782922436791,-0.16256302671236955,-0.8675346146181578,-0.9333306217479679,-0.10420330647890944,-0.6671265115093437,-1.3863774682101229,-1.3411267884594271,-1.0736448682750908,-1.4103279130749828,-0.53618077664553,-2.2956080461163326,-0.2751180856534549,0.02983647504860608,-1.6250833169547354,-2.7713364367038684
daphnia,10,IFAD,350,423.12311049352866,-860.897646634175,0.44938392177638375,False,complete,8.864177623293749,3.539930094408127,-11.837552526515438,-6.686100997453282,3.8978254103938585,-1.228539988060431,3.162947868945366,-8.54731033006503,-8.879330767323747,-3.91106426174583,-11.127668134234332,-10.031488557186144,-9.17521586313576,-4.822740068363372,-1.1485195217831135,-1.4637662088764112,-1.9911642016206534,-1.1123982086554884,0.8339871711093244,0.2359858100966773,1.622531658961749,1.5406753276091298,-0.13750097584115079,-0.16623611933393892,-0.856905469517336,-0.9296474695363719,-0.07068142137261652,-0.6597385173366477,-1.3969741536302132,-1.3332370362232084,-1.0833754333352312,-1.4318845607166357,-0.5699204236120116,-2.3002053382207985,-0.27075492934818607,0.029272420643612868,-1.6677690743434328,-2.768636457752589
daphnia,10,IFAD,400,501.20753966877237,-861.0154749867256,0.21096680575538101,True,complete,8.856471293242684,3.544334943809735,-11.843203636997492,-6.6710556667235945,3.901029652858869,-1.2346545348519693,3.1618243550391854,-8.532186150827489,-8.894982430719327,-3.9316063549437477,-11.077393992094226,-9.968978272728652,-9.155638540293223,-4.849402320709337,-1.1426383919650078,-1.4772794228372381,-1.9891554383978158,-1.116572347580385,0.8360576999498506,0.23594670119907368,1.6173261143184343,1.5379831291166701,-0.1303922081471898,-0.16829547567588496,-0.8769746218508812,-0.9400224674613642,-0.058645766262522527,-0.6561549747759773,-1.408088492194008,-1.329971937587945,-1.076171069165922,-1.4258852679163627,-0.568008130710805,-2.302933622324461,-0.28833311239742637,0.03714151219310966,-1.6797625296864893,-2.7635763559851636
daphnia,10,DS19,0,0.0,-1030.6367397400459,1.8994517831236797,False,complete,9.63674540664821,4.1816998571728465,-11.032853112768196,-6.125394656570537,3.5246202762512233,-1.474494362496842,3.9910964588660693,-1.8806187082760313,-3.85246603305241,-3.8324392548508115,-8.254262191656037,-8.358855680108265,-8.32345933806647,-4.170400244275598,-1.6481623333295092,-1.3387684990865407,-1.6715053826347626,-0.9298995895119903,-0.7205345018100597,-0.09736910966531287,1.3617874702155697,1.3555011124006862,-0.7634289530733797,-0.015158663709139299,-0.18120273544006782,-0.6646638286257367,-0.8534467862458106,-0.3575991984940003,-0.4719870904620026,-0.7249033070279945,-0.4688444568511531,-0.8109177695072557,-0.879414278578202,-1.7535112817537666,-1.013511659833444,-1.5177060946891834,-0.7855085351578035,-0.53291975937665
daphnia,10,DS19,50,47.21745574194938,-870.9359595404435,0.7889957059267312,False,complete,8.728760493907359,3.7858667788608344,-11.627688118423812,-6.926053221075595,3.584726500354656,-1.0738373036052533,3.2232331341497495,-6.353402737158153,-5.323699193690293,-3.9424966899573652,-7.940579555060749,-10.353704317538234,-9.38180787531496,-4.678004172596292,-0.9637428292888636,-1.0693659846509165,-2.2679191891310246,-2.4510266440883286,0.38748861734385076,0.5174014753977684,1.8184775547142709,1.3954200339348215,-0.0756347030914206,-0.1424941472781267,-1.2198793919523963,-1.0012406918560193,-0.03076391690670315,-0.7295291018930142,-1.7193707324168552,-1.5064108567571346,-1.0662852805934462,-1.4365703039500424,-0.5089709216683462,-2.2826300360855623,-0.010812648951347915,0.1761074886307415,-1.695029364286693,-2.9328703977448973
daphnia,10,DS19,100,94.43491148389876,-869.3299810370404,0.5845883724854619,False,complete,8.402545886792213,3.301495046990542,-11.343346125424247,-6.396539587047324,3.439758653738086,-1.4579522395887248,2.9333677820815325,-8.235946370671062,-8.561237206301989,-3.989578232302882,-12.19699700586832,-12.0290927861368,-10.410498030363218,-4.52602974069452,-0.8631843743558503,-1.3956425570728965,-3.1225024405134656,-0.9430824276437154,0.7525470136104052,-0.29281171987719834,1.5693032962788156,1.188890275302179,-0.3131373210739591,-0.5607042970358419,-1.0757422012790612,-0.9420778508171148,-0.12161451390511006,-0.8219207546778685,-1.5978642797183464,-1.3607315805842115,-1.0406151989576053,-1.6980973074201522,-0.7377313420423326,-2.7907892986618736,-0.6876552195555334,0.012104973965058373,-1.960995965425679,-2.7062922404399905
daphnia,10,DS19,150,141.65236722584814,-870.6124633490616,1.0079770704350566,False,complete,8.761534691989533,3.2877015416463875,-11.961710620479643,-6.654462516083491,4.174061888265441,-1.0210434541941884,3.3426975303667166,-9.124143886374606,-7.988560257922659,-3.1570335588205642,-11.47601763586182,-10.644652915460712,-9.1053044588305,-4.632874625465214,-0.8617603712180993,-1.173213013996137,-2.212303927898196,-1.3543119820236074,1.492489819292407,0.3298672986946125,1.7006228337172278,1.1172031721829718,-0.22409588230242675,-0.3619186519736688,-1.0263668979739178,-1.227208018067509,-0.20105180238140513,-0.8173941573660174,-1.5547609219843226,-1.43079055666903,-1.172384306404927,-1.5365661840801697,-0.9106565316411817,-3.151979353751678,-0.4768102586849209,-0.007413560222652301,-1.9677583797009557,-3.197000611127141
daphnia,10,DS19,200,188.86982296779752,-865.2805024572107,0.7799010791762537,False,complete,8.800667599243006,3.6010450544189596,-11.899096939703112,-6.829805256510458,3.9173090199080036,-1.1803739232549113,3.3286103846833797,-8.950330827972905,-8.51167786638373,-3.5612967512079314,-11.565247578432237,-10.937217363166708,-9.279853810900882,-4.426462217265698,-1.1888561888742133,-1.2697721849265324,-1.9833619592589538,-1.6153468612863653,0.29303237156277323,0.25135116017119824,1.770808983875958,1.3306859102109578,-0.24566499171886091,-0.18156075480688014,-0.8783740994945014,-0.9080223433531189,-0.08148792743508737,-0.649620235876156,-1.54148251321123,-1.3392143464749648,-1.020732481721058,-1.5443556137597083,-0.1203082441914835,-2.661972182604842,-0.45643005208277415,-0.18541943706208144,-1.6030068086267524,-2.8766527095627095
daphnia,10,DS19,250,218.50486887292936,-865.9576794358424,0.417289091220866,False,complete,8.799496653467548,3.6111482056351543,-11.912745867895882,-6.826390914974142,3.904418112100969,-1.1684314129688844,3.305113378704925,-8.955557438140575,-8.51457003326518,-3.55510118076472,-11.54162294336472,-10.916982931185295,-9.27161938922582,-4.4389964629691026,-1.2227632718164163,-1.3067477448649083,-1.9980228943879665,-1.6243049397800908,0.33327728343362417,0.21620557762702597,1.7375646884755447,1.3648667525717104,-0.25848764636037935,-0.18670188362749077,-0.8858532684521216,-0.9031212475733285,-0.09550147182137911,-0.6552232686905304,-1.5625485063063802,-1.3296442803351076,-1.0130406788721398,-1.5433945482724452,-0.12348064336220134,-2.6440307238489615,-0.4408575960687543,-0.18569662233505066,-1.5862988913234604,-2.879225480689352
daphnia,10,DS19,300,247.71411883132532,-865.7902211315807,0.6542539493647159,False,complete,8.815342421583251,3.618216750264234,-11.937507396373604,-6.823836420199043,3.8768707073943283,-1.1601840315227028,3.272140988128512,-8.913695506503133,-8.521445378982325,-3.5570379997082626,-11.49279996616414,-10.857074548298353,-9.235558161040643,-4.468743196631708,-1.282462308744557,-1.361169593581913,-2.013821045942813,-1.6391778326870052,0.39390417024051466,0.17136589940552716,1.6688779283871213,1.4203472871372291,-0.23901483148834574,-0.1593606082630223,-0.9311446570826554,-0.9177737570298801,-0.07283977420571916,-0.6762926703443763,-1.5883848039981427,-1.2856647598493867,-1.0195146215773818,-1.5285320846250883,-0.0817647315575162,-2.6202473984186,-0.4739249307594169,-0.15830871791656287,-1.5529868680312502,-2.9046002048005612
daphnia,10,DS19,350,277.042451178655,-866.934606613104,0.5275805701345512,False,complete,8.862757136875963,3.619536577490345,-11.901695773854165,-6.857910406000349,3.905144862655866,-1.1919690319590015,3.239870149890099,-8.87064696880017,-8.542481765806446,-3.597532925802352,-11.461949287941987,-10.796008943090143,-9.202558847425792,-4.473792841479814,-1.3213973164383517,-1.4138245786811232,-2.016154914014222,-1.5970607959218905,0.43694546438686055,0.1466581309692115,1.6146083585503022,1.4585787113734292,-0.2624625827920788,-0.14205198817355102,-0.9149445794758777,-0.9014065924438147,-0.03013931916020827,-0.6906379021194476,-1.6061893936757377,-1.2578552331217312,-0.9844182372588547,-1.5206875370788093,-0.09826955329242087,-2.5966094770916412,-0.512536387995635,-0.14174916323984382,-1.5188956714650708,-2.9468285169992052
daphnia,10,DS19,400,306.2469781059772,-865.4967832969189,0.6109651230281733,False,complete,8.84870618683528,3.6637103378017226,-11.884818766139057,-6.866165083434091,3.9260842848678768,-1.2121058292931426,3.231679739955358,-8.849245212443767,-8.545201125840455,-3.64551666139657,-11.41461056546632,-10.75199160665052,-9.186692484473696,-4.464308285252719,-1.3593192615457408,-1.456512560224061,-2.051554926875502,-1.5546010774671004,0.4720111661619198,0.1423697861295006,1.5772736058171626,1.4874345953752945,-0.2994919878842743,-0.11992684035168061,-0.8811203479628488,-0.9042534072260622,-0.0036123565708148088,-0.6747395556308574,-1.6149290215590555,-1.2347697887762237,-0.9476281542295273,-1.5093528900182456,-0.12702791369926367,-2.567765996093283,-0.5501001978271932,-0.14272903415449462,-1.5026948237701827,-2.963252601041985
daphnia,10,DS19,450,335.3130154875107,-865.7115922767819,0.9769724924294547,False,complete,8.820105185724614,3.702877172045789,-11.869906511041364,-6.874555174057151,3.947659103567031,-1.236205526454695,3.2318748442274137,-8.838649489225055,-8.55178586614218,-3.670034627732222,-11.380210696907016,-10.712831381216832,-9.193233802742997,-4.455103100944673,-1.38882005274233,-1.4916733683548693,-2.095098175048288,-1.5225997280385237,0.49917007555229104,0.15744717526812008,1.5518368216356628,1.5047044485710392,-0.30646278934061194,-0.11049809008458447,-0.8564476457892757,-0.89711967697133,-0.002278960164749133,-0.648957245673722,-1.6105938815553862,-1.225312293782715,-0.9612939522386819,-1.49263604691676,-0.15357004605483934,-2.570564309260451,-0.5688229240942018,-0.15369354206096286,-1.4952744510786542,-2.9816566254048453
daphnia,10,DS19,500,364.245547266677,-867.4118848841429,0.43638196373575955,False,complete,8.791317875192878,3.723602746878284,-11.871945924573428,-6.865459029018267,3.952279506174292,-1.2420467757886375,3.240413254867638,-8.819597406889905,-8.552408482142978,-3.682678163675997,-11.352693980808008,-10.680382202535178,-9.204666826660208,-4.451053128962566,-1.4127741288300202,-1.5135905447704052,-2.1212660118465854,-1.5038712956457363,0.5176088803271893,0.1764783195121242,1.5341919704842726,1.5104064226548704,-0.3157782076789202,-0.11347355374698671,-0.8331272144103077,-0.8765799331598182,-0.0022098564518006508,-0.6369536237064701,-1.594716122324909,-1.2268479896526343,-0.9670167006840239,-1.4737031205925342,-0.17792428830263277,-2.5819722010600334,-0.5778852540173062,-0.16133459810454,-1.489831076096198,-2.990032040002339
daphnia,10,DS19,550,393.32185597904027,-866.2666693965662,0.9954597625326475,False,complete,8.773601019352279,3.7195662599034742,-11.873422890123939,-6.865554973530812,3.9553368084200424,-1.2424710801132821,3.22863652458697,-8.802906918474788,-8.547410168862118,-3.6979952642040717,-11.335165279812339,-10.652297452498665,-9.213495682510029,-4.450299774372709,-1.429515600704626,-1.5279263757491832,-2.1279352121570003,-1.4916107348579544,0.5288391381127168,0.18826760437910206,1.5244375712480946,1.5117345066784986,-0.32032405141049486,-0.12095262372289585,-0.8187268848485035,-0.8508452259751372,-0.0005894476314678828,-0.6338864886758934,-1.5863438304607964,-1.2270079552707367,-0.9690396376467288,-1.4533820985162278,-0.18922852658317424,-2.600024791664471,-0.5778212127935927,-0.16599745392447715,-1.481710911062543,-2.9874694290067496
daphnia,10,DS19,600,422.46713356953114,-867.1238629991796,0.9529807968712533,False,complete,8.7692203251821,3.707190020748699,-11.87454771643004,-6.863329709167254,3.9553274776661906,-1.2386867792108396,3.221473044307419,-8.786416229917013,-8.550644545753185,-3.706104406776165,-11.326441224892577,-10.63167422034753,-9.222235488340704,-4.451323942949297,-1.4417618758439563,-1.5373324022204757,-2.1317645996763153,-1.487203782531999,0.5355343048471097,0.1949068633553772,1.5192554542263084,1.5101525594413316,-0.3225416551548731,-0.13151223607553314,-0.809023259824472,-0.8336468909795066,0.007040055144070101,-0.6423998222347459,-1.5832889829615977,-1.2233475932728683,-0.971023061466342,-1.4373522232903666,-0.19657082241659984,-2.6136036973764503,-0.5830795602056686,-0.15973673900643176,-1.4719202319632465,-2.988940603587451
daphnia,10,DS19,650,451.53736704122275,-866.4058324113821,0.6000648441874344,False,complete,8.772653689078268,3.693094704101898,-11.875788062315001,-6.8596607628955155,3.9531269874096755,-1.2326730187048305,3.2171475710161155,-8.772988135317444,-8.558511149501907,-3.712931930719659,-11.323823983444838,-10.617386959694752,-9.229451030683576,-4.453501177192952,-1.4496224001124238,-1.542997625114305,-2.1328348147040477,-1.48559178330207,0.539836421112235,0.1981506446644497,1.5165452681061435,1.507011334615531,-0.3224975985876284,-0.13798848477735978,-0.8032697957820105,-0.8224993328634685,0.009493960328223668,-0.6531464390213485,-1.5772229289228255,-1.2215595799974688,-0.9733026483143513,-1.4290002944578615,-0.20031290560453405,-2.621731649053167,-0.5837679899339998,-0.15178750436383295,-1.4688473916779372,-2.9909683448346542
daphnia,10,DS19,700,480.3797821216285,-865.728238550455,0.6555584781863536,False,complete,8.778563142722804,3.6830107090349182,-11.875631652978749,-6.858082000780048,3.95163802768018,-1.2287948015048442,3.21307934472016,-8.763932735860639,-8.563979030473389,-3.7179267961885625,-11.324197649981606,-10.607639987869451,-9.233508758629181,-4.454597430205157,-1.4545698016765745,-1.547230160597195,-2.1319959664462202,-1.4872121557535571,0.5426230151510479,0.199034849500552,1.514643464094852,1.5047858202045206,-0.32321028668886154,-0.14059804230782127,-0.8005088031396033,-0.814900288107302,0.012118053956747112,-0.6606282182717478,-1.5743497177307142,-1.2196023276138583,-0.971571181551138,-1.4256739394624722,-0.20188657005363259,-2.626938155980643,-0.5846047952399865,-0.1458355079076636,-1.4643671443204997,-2.9938582136876564
daphnia,10,DS19,736,501.5033940752037,-865.7096646988682,0.2289641138298116,True,complete,8.782622661724892,3.677413660728802,-11.875678216550714,-6.857105848870071,3.950392869876943,-1.2263924552473036,3.210719146515346,-8.75952644510084,-8.566895197420962,-3.720780102656959,-11.324711904259164,-10.602276428802154,-9.235292231654174,-4.454772901927693,-1.457314235698752,-1.549836644972768,-2.132325155353414,-1.4888581177354316,0.5442022604173588,0.1990114453961955,1.5135971771271974,1.5036697584134964,-0.322514201356829,-0.14217429893053746,-0.7993154353931423,-0.8119037157818224,0.013185846998882153,-0.6633138116578183,-1.572961743786341,-1.2187246905479123,-0.9713512337886808,-1.424169882664414,-0.20226772981192961,-2.6285061458808876,-0.5847730759817898,-0.1441274773989242,-1.4611198744408866,-2.995022515571691
daphnia,10,CTDD21,0,0.0,-1035.319697666203,2.0369470254752837,False,complete,9.63674540664821,4.1816998571728465,-11.032853112768196,-6.125394656570537,3.5246202762512233,-1.474494362496842,3.9910964588660693,-1.8806187082760313,-3.85246603305241,-3.8324392548508115,-8.254262191656037,-8.358855680108265,-8.32345933806647,-4.170400244275598,-1.6481623333295092,-1.3387684990865407,-1.6715053826347626,-0.9298995895119903,-0.7205345018100597,-0.09736910966531287,1.3617874702155697,1.3555011124006862,-0.7634289530733797,-0.015158663709139299,-0.18120273544006782,-0.6646638286257367,-0.8534467862458106,-0.3575991984940003,-0.4719870904620026,-0.7249033070279945,-0.4688444568511531,-0.8109177695072557,-0.879414278578202,-1.7535112817537666,-1.013511659833444,-1.5177060946891834,-0.7855085351578035,-0.53291975937665
daphnia,10,CTDD21,50,47.21745574194938,-872.6448011178652,0.7693084075326676,False,complete,8.728760493907359,3.7858667788608344,-11.627688118423812,-6.926053221075595,3.584726500354656,-1.0738373036052533,3.2232331341497495,-6.353402737158153,-5.323699193690293,-3.9424966899573652,-7.940579555060749,-10.353704317538234,-9.38180787531496,-4.678004172596292,-0.9637428292888636,-1.0693659846509165,-2.2679191891310246,-2.4510266440883286,0.38748861734385076,0.5174014753977684,1.8184775547142709,1.3954200339348215,-0.0756347030914206,-0.1424941472781267,-1.2198793919523963,-1.0012406918560193,-0.03076391690670315,-0.7295291018930142,-1.7193707324168552,-1.5064108567571346,-1.0662852805934462,-1.4365703039500424,-0.5089709216683462,-2.2826300360855623,-0.010812648951347915,0.1761074886307415,-1.695029364286693,-2.9328703977448973
daphnia,10,CTDD21,100,94.43491148389876,-869.1135397438046,0.7949794674193957,False,complete,8.402545886792213,3.301495046990542,-11.343346125424247,-6.396539587047324,3.439758653738086,-1.4579522395887248,2.9333677820815325,-8.235946370671062,-8.561237206301989,-3.989578232302882,-12.19699700586832,-12.0290927861368,-10.410498030363218,-4.52602974069452,-0.8631843743558503,-1.3956425570728965,-3.1225024405134656,-0.9430824276437154,0.7525470136104052,-0.29281171987719834,1.5693032962788156,1.188890275302179,-0.3131373210739591,-0.5607042970358419,-1.0757422012790612,-0.9420778508171148,-0.12161451390511006,-0.8219207546778685,-1.5978642797183464,-1.3607315805842115,-1.0406151989576053,-1.6980973074201522,-0.7377313420423326,-2.7907892986618736,-0.6876552195555334,0.012104973965058373,-1.960995965425679,-2.7062922404399905
daphnia,10,CTDD21,150,141.65236722584814,-869.6876180745271,0.850012450542226,False,complete,8.761534691989533,3.2877015416463875,-11.961710620479643,-6.654462516083491,4.174061888265441,-1.0210434541941884,3.3426975303667166,-9.124143886374606,-7.988560257922659,-3.1570335588205642,-11.47601763586182,-10.644652915460712,-9.1053044588305,-4.632874625465214,-0.8617603712180993,-1.173213013996137,-2.212303927898196,-1.3543119820236074,1.492489819292407,0.3298672986946125,1.7006228337172278,1.1172031721829718,-0.22409588230242675,-0.3619186519736688,-1.0263668979739178,-1.227208018067509,-0.20105180238140513,-0.8173941573660174,-1.5547609219843226,-1.43079055666903,-1.172384306404927,-1.5365661840801697,-0.9106565316411817,-3.151979353751678,-0.4768102586849209,-0.007413560222652301,-1.9677583797009557,-3.197000611127141
daphnia,10,CTDD21,200,188.86982296779752,-866.0398219085138,0.28542680173227164,False,complete,8.800667599243006,3.6010450544189596,-11.899096939703112,-6.829805256510458,3.9173090199080036,-1.1803739232549113,3.3286103846833797,-8.950330827972905,-8.51167786638373,-3.5612967512079314,-11.565247578432237,-10.937217363166708,-9.279853810900882,-4.426462217265698,-1.1888561888742133,-1.2697721849265324,-1.9833619592589538,-1.6153468612863653,0.29303237156277323,0.25135116017119824,1.770808983875958,1.3306859102109578,-0.24566499171886091,-0.18156075480688014,-0.8783740994945014,-0.9080223433531189,-0.08148792743508737,-0.649620235876156,-1.54148251321123,-1.3392143464749648,-1.020732481721058,-1.5443556137597083,-0.1203082441914835,-2.661972182604842,-0.45643005208277415,-0.18541943706208144,-1.6030068086267524,-2.8766527095627095
daphnia,10,CTDD21,250,294.1502459892072,-865.2333255419343,0.6930682795708693,False,complete,8.788267010472929,3.598291064274681,-11.886574561774296,-6.810361096695659,3.9474585827562363,-1.1519418993926187,3.2916789705813563,-8.909752137663084,-8.48314353909157,-3.5939111195337605,-11.536670471591004,-10.898738475458352,-9.280412598064368,-4.42951864222145,-1.145041522888584,-1.2296919235677772,-1.997991041435587,-1.5714590071340264,0.2643853193329318,0.207314010962935,1.7274259544369768,1.3175391394597438,-0.2460644639124898,-0.14436898963017916,-0.8375885924109467,-0.8754007019236582,-0.07968688016237846,-0.6785372469725477,-1.50072892500311,-1.3020306486549058,-1.031085353887527,-1.4985234534699834,-0.16108764252493568,-2.619925732794157,-0.4223138465574368,-0.14595648681632944,-1.5605405681387374,-2.8324816416946645
daphnia,10,CTDD21,300,402.4130213474855,-864.032937179438,0.5116185995759758,False,complete,8.785490436157561,3.592764020708875,-11.89075422306973,-6.811580716437184,3.944881725315948,-1.1518528395600938,3.2781722683151893,-8.888067249307767,-8.473421725242689,-3.5976139119158668,-11.524890672668775,-10.87749664230197,-9.278372400744543,-4.425567400712974,-1.1220830153928512,-1.2059805166513267,-2.0030497998911074,-1.5468923825705958,0.25440255848529947,0.18489226512070306,1.7048185114839667,1.3183500742827499,-0.2555907717529903,-0.13209398118837334,-0.8156290479391913,-0.8667315084928227,-0.09253283293924895,-0.6945819597760498,-1.4810208896214268,-1.2912059636313857,-1.0356155578958204,-1.4746428506498563,-0.18484339875758202,-2.598060219966298,-0.4136741550703642,-0.12489694115305781,-1.5375013134555806,-2.808860588807431
daphnia,10,CTDD21,345,502.09056937973946,-864.90298907477,0.12661963877196353,True,complete,8.783823837385793,3.593581210885684,-11.893076291142295,-6.810056436409992,3.9437266258525208,-1.153555245448913,3.2752795134593233,-8.883170562589452,-8.47027539231344,-3.598281351893421,-11.520240375153683,-10.872391645405681,-9.278649498685779,-4.425818103585644,-1.1153825854909265,-1.201479694998392,-2.0056498336852213,-1.5393960667170181,0.2534037641744153,0.17903025205599593,1.6980631485519009,1.3156834209647712,-0.25900110046443114,-0.13016333028021784,-0.809822595370952,-0.8638729466768252,-0.09481411326941407,-0.6979994045115085,-1.4764104436162138,-1.2891335910976707,-1.0402986763239699,-1.4679900598310298,-0.19082004231494998,-2.590931026880863,-0.4102788814284532,-0.11938917733702477,-1.5315331872513127,-2.802101800502137
daphnia,11,MPIF,0,0.0,-958.7420555139404,1.4412805256939318,False,complete,9.302279926673577,3.974490831928661,-11.967088299495797,-6.917327672209125,3.3068362172479913,-1.516609266760717,3.002427457557147,-2.5813036363505115,-3.8518371554430786,-3.688314630906048,-8.522240018080991,-9.275125632076312,-8.649177361858394,-4.060612854567013,-1.5184531433774424,-1.5126688945631537,-1.6608406721637647,-1.805652343605054,0.2239693041984551,-0.3548853489337187,0.8550062868966709,0.9838023901838184,-0.615830032290989,-1.7657193083937184,-0.8964394762934984,-1.3462144384950674,-0.5314736109513623,-1.1365724412663665,-0.4721576654960646,-1.7529562945109236,-0.9976874258951515,-0.9220078784918754,-0.4555442105549653,-0.9495592818434668,-1.9287215633174524,-1.5612974985039332,-1.0310862007539756,-0.6115042456497677
daphnia,11,MPIF,50,47.74007418983862,-876.2890842797436,0.42420045849162485,False,complete,7.756655376300916,4.972287094687413,-10.74467236943859,-7.254929196006705,2.9080017046176785,-0.900979072911964,3.685116703700733,-1.6526300003725958,-5.444687331344825,-7.438759063497455,-6.8353987589771865,-10.35248233091552,-6.549871643165308,-2.8746669644615706,-1.2732353763784616,-1.9165303535000007,-2.5786399911602684,-1.1138599425406015,0.57004900758277,-0.005402897809835503,0.8853254717345336,1.7864773793054478,0.14838157032981963,0.04718485481753349,-1.5713942842484663,-1.5809520117980291,0.16829312602038513,-0.5899545539915856,-1.2812054315597292,-1.5277470138090639,-0.8886455652906519,-1.2920063894045979,-0.5108997404847166,-2.3732779234379104,-0.300456450028202,0.23170808239352525,-1.4962202232353954,-2.439507381955663
daphnia,11,MPIF,100,95.48014837967725,-869.5338511960042,1.362178060215714,False,complete,7.937589221664865,5.206636839796019,-11.073223354451386,-7.765872358140596,2.773372777204273,-0.5362095119538838,3.7188902183138866,-1.8570561111232022,-8.027973654469003,-7.942613898573791,-5.095816056846329,-12.4053577979191,-5.088080023498168,-1.5888505732931688,-0.9911397453988043,-1.8288476397500373,-2.1155507501908306,-0.9017660496534784,1.063494098752576,0.16260274687693552,1.6725017467260141,1.8824881059316805,0.08762954480433634,0.1815730745543248,-1.0763626678145246,-1.279779379690547,-0.07600960122385424,-0.48641464069520424,-1.5716404707435294,-1.2240638998223372,-0.825724061991409,-1.462327810356127,0.14651088061676693,-2.3702411585699634,-0.19297581995892057,0.3816648883844473,-2.0496725470005535,-2.2734968121185024
daphnia,11,MPIF,150,143.22022256951587,-869.1051051527106,0.43508486886296166,False,complete,8.640432372363668,4.677753801197589,-11.664748987556546,-7.049798404180174,3.4687168441781187,-1.377715278100061,3.110013620589968,-1.8629029334744496,-7.417331539295059,-8.524421464794589,-4.056898133970276,-13.360391606288555,-7.311922908130133,-1.9247611059784728,-1.8744124949776306,-1.5869017337221387,-1.890712961418456,-2.056666769325531,0.6761534721949607,0.016486359416013417,1.3817593589260608,1.615414518961196,-0.1483489320650438,0.21691689941111914,-1.6394294301716954,-1.4077814409206961,-0.4086611519594267,-0.7209558672511955,-1.6128622513671091,-1.3977641967117127,-0.8928595626737484,-1.0039307796317583,-0.3958919329329303,-2.380302001369422,-0.379606587404065,0.45577268419725453,-1.7008885564537624,-2.2656655800491015
daphnia,11,MPIF,200,190.9602967593545,-866.6505872395138,0.5860186160444564,False,complete,8.435921281500187,4.071221680426263,-11.356545273717398,-6.784524647975851,3.333148264464639,-1.4956343671072154,3.065088776798454,-2.6098816774728424,-7.823820096923594,-7.746991773658587,-3.7367753078311563,-13.82014069711381,-6.872159563061112,-1.9011240024765967,-1.5128897281046025,-0.8457004553875569,-2.2706518017559443,-1.5219953207999768,0.6941329421354716,0.3427453143097914,1.6586201921762465,1.4395972002411108,-0.14788725257373728,-0.16123505763527063,-1.2837416626651224,-1.414660655385703,-0.16366960770016273,-0.8246479532189587,-1.634721523633818,-1.541293677715938,-1.0431895090248373,-1.312254131013585,-0.6764983537537936,-2.448528931854525,-0.6032404776553513,0.14105015501876558,-1.8522431918554434,-2.4344772442164206
daphnia,11,MPIF,250,238.70037094919311,-865.8942508075978,1.3845653927951442,False,complete,8.653763574868808,3.7212293494514515,-11.547484634564713,-6.640829610762349,3.8169938770371057,-1.4931108418200003,3.0902664212826574,-2.987151008888003,-7.895309747438611,-7.011866043957195,-4.191161070736097,-14.749556998904565,-7.227818618002988,-1.9708326470892827,-0.9689419139256028,-1.1560386874768678,-2.073331066401262,-0.7234372527175168,1.1258532911963164,0.4908544062619873,1.689847212974503,1.4948585414255584,-0.29198590879388725,-0.3122227301789206,-1.2351127856689594,-1.4230449016077371,-0.36288465633911865,-0.921718710459411,-1.5948566343163952,-1.522613474932906,-1.0413042136749149,-1.5235350322325998,-0.5688337021618266,-2.5716544596194253,-0.4366443041692186,0.16912934441288344,-1.78661244014281,-2.496608191395721
daphnia,11,MPIF,300,286.44044513903174,-868.7000336995046,0.5017296812943023,False,complete,8.683884201572793,4.06719743380155,-11.543459738575162,-6.878744842191435,3.3806698752173028,-1.3947883114107507,2.932239157863258,-3.3673199882691334,-7.356524216628059,-7.118351751621212,-4.648911042192,-15.197627732792679,-7.276084486708359,-1.9416214396448717,-0.978955366938082,-0.9095124271214098,-1.5953219832468901,-1.4664674306793153,1.0928855062749467,-0.240725111913716,1.9128290112699515,1.6181952357145022,-0.4038560658784104,-0.3258643149543609,-1.240556733815511,-1.1706136348016658,-0.3307123545933699,-0.7801107753559313,-1.7367315931097884,-1.435966361728776,-1.1780005892971213,-1.5257805395544546,-0.5044269497248676,-2.7415199342585503,-0.41413666305645863,0.21963046401287886,-2.1332658346195386,-2.679959414425949
daphnia,11,MPIF,350,334.1805193288704,-865.8141572668283,0.6366895127480927,False,complete,8.517152425838034,3.837924300964644,-11.428310847139448,-6.705331919002982,3.325514815980246,-1.5349512750719958,2.7885640601727046,-3.5067125284001257,-7.563955894009668,-6.663867202970347,-5.018002556049877,-14.85999217698605,-7.073766387355327,-2.137733097481066,-0.9556944972360538,-1.092865194180643,-1.720472699880659,-1.5362747128816938,1.1831937623128572,0.01948400662016618,1.348800698419275,1.3795327772864634,-0.49446005636782436,-0.17752726756715376,-1.2278274640623508,-1.0861972549630565,-0.36147522859941406,-0.8408564389743077,-1.691605905446675,-1.3988663481919492,-1.1400062796313648,-1.3376501049082408,-0.4455645961199202,-2.6039112081664544,-0.4094417471908176,0.1865053336376213,-2.0623484466175297,-2.70110655951399
daphnia,11,MPIF,400,381.920593518709,-864.0435311887445,0.655437037525985,False,complete,8.561447857916304,3.6653812650050446,-11.513619756367591,-6.6573682251983275,3.4102781338572234,-1.467403798749813,2.7643799289487627,-3.4736250351165654,-7.3848103798666145,-7.239078012417071,-4.883723844287452,-15.391798316662483,-7.467920413872428,-2.0797303657124804,-1.015789756597284,-1.3373970704282454,-1.6599531054683092,-1.4000862252816282,1.3489987536488048,0.3831680987778398,1.609814447096845,1.4109183945158992,-0.3893040270371954,-0.03729354025996835,-1.2323164245000542,-1.2275990651999493,-0.40234556411047157,-0.8578367319739396,-1.7869308405140447,-1.5154364179040722,-1.0992912884297774,-1.4018339708503957,-0.725189964800673,-2.64219213033996,-0.32385434074737773,0.12018348912547848,-2.0925004828072735,-2.6998528714723826
daphnia,11,MPIF,450,429.66066770854763,-864.8562102949695,0.696935429829677,False,complete,8.572625250979163,3.7283982501801396,-11.415464845827296,-6.6467220578068105,3.416730440852915,-1.4958853866043573,2.8551956571866377,-3.4403316128870305,-7.3204890638280204,-7.518006274824371,-5.235163060350552,-15.419182459630285,-7.177774881193242,-2.2731365033401154,-0.9061799893559749,-1.2366983419365667,-1.9291163973984329,-1.3839372438823123,1.5269983664616158,0.21074753866703222,1.7919409344270212,1.5011783578118647,-0.31788780126971117,-0.05554742523341464,-1.2394375789241479,-1.2630779974117698,-0.3544745734914354,-0.8161094103187738,-1.7696794248950172,-1.4729555507359164,-1.096773183790965,-1.3786911510133781,-0.7327219311633631,-2.636458966937321,-0.34402780085702983,0.08615084617715839,-2.0715684305536084,-2.7320751625265123
daphnia,11,MPIF,500,477.40074189838623,-865.0079700390914,0.6781203451303865,False,complete,8.650771178554253,3.728578264928513,-11.489531835244087,-6.59479531743214,3.4929767487090455,-1.46570163758509,2.8748358663817646,-3.46005318807296,-7.3289982627582075,-7.592363903571932,-5.252952368989398,-15.493796202596926,-7.19002594651425,-2.4220588475488096,-0.8060652843152619,-1.0785875756833527,-1.7712876871625653,-1.3494628516174287,1.4125977738306283,0.23964323578092225,1.6911354124877471,1.6411392307738417,-0.32096020267127773,-0.08583568326817685,-1.2352811824085657,-1.2358531880456312,-0.3280034308302162,-0.7834840127559034,-1.7047381160571546,-1.481728060139875,-1.1113941789545665,-1.390038698261648,-0.6889224066540621,-2.604203547962508,-0.37287933514275773,0.06525084231820515,-2.0543232353706733,-2.7714217187197825
daphnia,11,MPIF,550,525.1408160882248,-864.7332215987584,0.7390983131957977,False,complete,8.630246216084474,3.738160521442096,-11.487831682813562,-6.612001162035085,3.477769488135207,-1.5465591536931396,3.023768924678268,-3.375669905443538,-7.315796794074102,-7.347943599622461,-5.350554893270203,-15.499826991099718,-7.2342617076060165,-2.552398676977985,-0.8615499682242528,-1.0236878557254911,-1.8197470285418347,-1.4931467618728682,1.3273838802421807,0.28174986479575764,1.7852572213611921,1.559209861292151,-0.30697497139522045,-0.09681210687636745,-1.1947093180500585,-1.266960853383937,-0.33903037997083274,-0.7739661510131239,-1.6796300038976009,-1.4507583285211905,-1.0772156070559382,-1.3992984417724101,-0.7031419596065365,-2.592170993436028,-0.3712665264305601,0.11365004454830573,-2.008923259605702,-2.7990535279910205
daphnia,11,MPIF,600,572.8808902780635,-865.505659310282,0.5736616013911584,False,complete,8.650531245723819,3.744797024302365,-11.4972766200254,-6.675179872975763,3.5062743272727745,-1.5029914297500082,3.0741327977625095,-3.436218997661824,-7.3318378380892035,-7.290512290509172,-5.406003225625646,-15.567854848234964,-7.208103918339997,-2.5323003918640996,-0.891350571324291,-0.908183455207259,-1.807624821014552,-1.58092253096233,1.3197943750062078,0.22538969108435103,1.7446429518318887,1.6267096621574448,-0.30393806002096274,-0.07103960379621528,-1.1468196183362995,-1.2295097083345454,-0.35842427265142573,-0.8035865214444201,-1.6876417317635855,-1.4410935567452714,-1.043698006658467,-1.3786229906938396,-0.7341183849068806,-2.608540605613653,-0.34944013452371936,0.1259129123347146,-2.041668133628849,-2.7896194190119155
daphnia,11,MPIF,650,620.6209644679021,-864.574723685509,0.4448636884148963,False,complete,8.71416452461925,3.7552519840873537,-11.509737084200422,-6.636481418313193,3.4950262077327174,-1.5074852879350806,3.053908084817271,-3.428643342084221,-7.310207354010798,-7.226158657344102,-5.386690321668302,-15.599678748246921,-7.2715149482997745,-2.47274569686552,-0.9005730123783439,-0.8513912925167753,-1.743280538591274,-1.594909014551016,1.2705193538128465,0.20310712510561327,1.7168674014057952,1.6316818041397678,-0.3223066704912177,-0.08614981644731874,-1.1424292895142825,-1.2232766762785758,-0.3657530723113302,-0.7817667585021035,-1.674652458139056,-1.3969222948555549,-1.0249400063481553,-1.3703130180337668,-0.7323453906768064,-2.6127145777099536,-0.34637382693143637,0.12262575706988825,-2.0430443508892715,-2.768692959587964
daphnia,11,MPIF,680,649.2650089818053,-865.7436387151513,0.14126004163362843,True,complete,8.691048722744634,3.7538430298046994,-11.499075211663325,-6.653032191967322,3.4938829986031195,-1.5274735662636385,3.054682141865281,-3.4553596956690984,-7.31481385163015,-7.220418732605566,-5.377541034659234,-15.59762431058475,-7.31137309284606,-2.4720354399259556,-0.8559615209876853,-0.842138387709398,-1.7233843823956827,-1.5873739358404608,1.2810965870995163,0.19628023264411235,1.6346215873742145,1.6432306818918025,-0.3311760677432657,-0.09716061955634031,-1.1362451821399682,-1.2287671989942337,-0.35948463976800826,-0.7854264821700652,-1.6697499765950794,-1.400540664653129,-1.0259157006814834,-1.385474625118373,-0.7255513460013381,-2.5962326113848517,-0.34424711495420257,0.11784166914790148,-2.037861718599283,-2.765842871430345
daphnia,11,IFAD,0,0.0,-958.2105229866365,1.6429220729682557,False,complete,9.302279926673577,3.974490831928661,-11.967088299495797,-6.917327672209125,3.3068362172479913,-1.516609266760717,3.002427457557147,-2.5813036363505115,-3.8518371554430786,-3.688314630906048,-8.522240018080991,-9.275125632076312,-8.649177361858394,-4.060612854567013,-1.5184531433774424,-1.5126688945631537,-1.6608406721637647,-1.805652343605054,0.2239693041984551,-0.3548853489337187,0.8550062868966709,0.9838023901838184,-0.615830032290989,-1.7657193083937184,-0.8964394762934984,-1.3462144384950674,-0.5314736109513623,-1.1365724412663665,-0.4721576654960646,-1.7529562945109236,-0.9976874258951515,-0.9220078784918754,-0.4555442105549653,-0.9495592818434668,-1.9287215633174524,-1.5612974985039332,-1.0310862007539756,-0.6115042456497677
daphnia,11,IFAD,50,46.68663309048861,-879.6744237409564,1.049576702403496,False,complete,10.763938875605472,4.789486758977109,-13.544503303257814,-7.603712055088882,4.983744489886373,-0.6309136911171548,2.9943720195552097,-3.6553086919309115,-4.231359377845082,-5.207893363692761,-6.837220669065104,-11.703310247236459,-5.512834487623718,-1.61127007529028,-0.9762108244949768,-2.020750389561682,-1.7219171187633204,-0.7098484462783972,0.5582164891731959,0.5997975459488084,1.760799202628175,1.8597921221662175,0.3141164256171015,0.5127391026081363,-0.7549031808640952,-1.0351300236230614,0.9245021672026266,-0.5788562052857068,-0.74776952780741,-1.4675465224313564,-0.7423856846259006,-1.446705939752482,0.3532076187678172,-2.431658693216375,0.2551484061515227,0.27833386518314424,-1.2907688605143022,-3.3925016448560945
daphnia,11,IFAD,100,93.37326618097723,-873.4815763630211,1.1774039611762024,False,complete,12.733479925790602,3.587953456236174,-15.741805909075781,-6.595019538065977,7.1869886688642,-1.7306934905126186,2.3786416525101384,-4.479471811789586,-5.9458377202636,-5.414341713137187,-6.300457195373214,-11.00002440856376,-6.257174086117465,-4.442308182806057,-0.744697539945964,-6.148592059529638,-1.4401231246674593,-1.6828012569690884,1.4971106764387425,0.4442761831418325,1.4909799189939739,1.6807597529806126,-0.05666187730135838,-0.18662921567329238,-0.5987626681701124,-0.9168441260916611,0.30084335433262144,-0.5853593408411328,-1.1852977352041252,-1.3006032262320262,-1.0534703097202365,-1.4607677042852878,0.24216901136248667,-2.2961815891047843,-0.1152619877167815,0.3038287793830498,-1.4773659482308186,-3.040408113339446
daphnia,11,IFAD,150,140.05989927146584,-869.6094981526105,0.8957499286380056,False,complete,11.60486039313403,3.8057054930104153,-14.455313764161213,-6.681149465364022,6.3534407861811655,-1.2752202216289532,2.958589012833878,-3.626355785350857,-4.83112777359897,-5.839151602678013,-5.849204043588007,-11.569667366235496,-6.410227606793838,-4.471427270477212,-0.8055102059300129,-5.038109918106461,-2.1653863479087456,-0.7316950286028834,1.093044324857316,0.3401868836791546,1.6479856845307086,1.8637165076283022,-0.3260160459861972,-0.14739829390970738,-0.6104212233269695,-0.8467806899839404,0.32785554482049967,-0.7770938142012729,-1.3721095614889802,-1.534132863292993,-1.075675257304843,-1.4761915228699292,0.15385580606231822,-2.040678201253032,-0.10967578015954227,0.029924403314405077,-1.9165036527224661,-3.1590127351888766
daphnia,11,IFAD,200,186.74653236195445,-866.5064036017575,0.5697040612249634,False,complete,11.817045181282925,4.346306068496758,-14.776357413372205,-7.146273588231725,6.5142433082815225,-1.032909636926612,3.3308937527367473,-2.565707422491934,-4.1201988298063315,-5.756563940271196,-5.4188697346421435,-11.00442483222928,-6.010320243618466,-3.4806815659437045,-0.8900841754904564,-5.226175330634186,-2.166292666952765,-1.3767293749508,0.6301957134727809,0.22464073069906626,1.8019787168310766,1.7521439657820972,-0.18553026298618028,-0.12202885135538935,-0.3117396973476119,-0.7099965436546034,0.5625417117551982,-0.603575860364344,-1.3527224636610402,-1.5647557585332246,-1.0391257917169898,-1.428947163833553,-0.06294542481405238,-2.3497430941995767,-0.05763425283970779,0.2040550236882243,-1.8854238250579336,-2.834359926732574
daphnia,11,IFAD,250,264.063424312626,-861.3327508470637,0.7743351259923839,False,complete,11.861277253609694,4.336930283735342,-14.746803089611515,-7.111350270593751,6.450888420371975,-0.9864563097512926,3.379486269398486,-2.644979567308859,-4.136456187036269,-6.051666448804722,-5.473848102486095,-10.837686040508228,-6.097681065335284,-3.8433392115160214,-1.0276285202506592,-5.115538507425889,-1.971206935829551,-1.1548346500306772,0.8956269432506448,0.22824714241447816,1.6342604558716853,1.4749226527072274,-0.015044430303894225,-0.09782379885524568,-0.28107809317300286,-0.6632600694728988,0.6593087422831481,-0.4255886149196044,-1.3419026410658461,-1.481011639712839,-1.047110885400711,-1.4476912553671244,-0.13156819497594913,-2.1221787428542638,-0.013270447934660782,0.11681976739270115,-1.8369185155511498,-3.191881809724371
daphnia,11,IFAD,300,341.3803162632976,-861.5939085102501,0.4713183769534855,False,complete,11.856252272652497,4.291155260007546,-14.747265354997335,-7.119841701858384,6.465029168320689,-0.9791787133385393,3.3798426656062417,-2.6791224297831158,-4.1041196715748125,-6.274861897483965,-5.467985809822786,-10.689987107465035,-6.141434067977172,-4.0374165124275265,-1.0184161428333791,-5.031995696444175,-1.9842623858186135,-1.1650007125967143,0.9204302453494031,0.2406129027397607,1.6412276441926203,1.461881993873895,0.001993380831602712,-0.1034359886018422,-0.29236125450359074,-0.6970461311921792,0.7818266609295282,-0.43917975231579126,-1.303315232427262,-1.4817714278467604,-1.0731499364803716,-1.4614968435256734,-0.20672774249640138,-2.1978509894097416,0.015683755542315325,0.08491241860528774,-1.8139900840104985,-3.331891368203601
daphnia,11,IFAD,350,418.69720821396913,-862.7686267912898,0.5909656299458049,False,complete,11.875705507042913,4.297130898125223,-14.729091839087266,-7.102223290420638,6.4600040763995725,-0.9669004263240804,3.396238713145648,-2.7322131866143198,-4.100116937876347,-6.385275735636975,-5.483878674365871,-10.618770464441566,-6.130759315787864,-4.123578861413328,-1.000857625031085,-5.064997964722826,-2.0130592857677545,-1.1553118973648016,0.9143236666305122,0.2316624300324192,1.6447614315147852,1.4642000552769667,-0.02193639295461804,-0.1326724765410192,-0.27399249162845424,-0.6810455427428026,0.7735937679199992,-0.45701515419204847,-1.3057487573938553,-1.4753108601809732,-1.0701865011515714,-1.457860936955052,-0.19020580149413327,-2.187627343353739,-0.0004885656753155482,0.07465766651708976,-1.7894957875449116,-3.384987858023808
daphnia,11,IFAD,400,496.0141001646407,-861.5807435230557,0.18449444122755876,True,complete,11.871416477150895,4.290973197557273,-14.734103444574762,-7.105675117990003,6.4580926112945924,-0.969887650061113,3.38945391924654,-2.7415953251096883,-4.0895723412048115,-6.419750599379316,-5.480510644054844,-10.580931102295638,-6.119222303992408,-4.152373772631217,-1.0014944502420144,-5.084630336508685,-2.008285777520453,-1.143971720663539,0.9235987041636836,0.23231976986625244,1.6591878317074154,1.4656858602553116,-0.015211830808756122,-0.1378670141146742,-0.2809607729685885,-0.6755607876838441,0.7784785870987637,-0.45022412196762757,-1.295203416953601,-1.4779674300050138,-1.0661775542753817,-1.4607254794532696,-0.18722132424522947,-2.184605473697651,0.005088566619836571,0.08117355339951839,-1.797343564364793,-3.4083388795709295
daphnia,11,DS19,0,0.0,-961.4533780031804,1.4415073632967736,False,complete,9.302279926673577,3.974490831928661,-11.967088299495797,-6.917327672209125,3.3068362172479913,-1.516609266760717,3.002427457557147,-2.5813036363505115,-3.8518371554430786,-3.688314630906048,-8.522240018080991,-9.275125632076312,-8.649177361858394,-4.060612854567013,-1.5184531433774424,-1.5126688945631537,-1.6608406721637647,-1.805652343605054,0.2239693041984551,-0.3548853489337187,0.8550062868966709,0.9838023901838184,-0.615830032290989,-1.7657193083937184,-0.8964394762934984,-1.3462144384950674,-0.5314736109513623,-1.1365724412663665,-0.4721576654960646,-1.7529562945109236,-0.9976874258951515,-0.9220078784918754,-0.4555442105549653,-0.9495592818434668,-1.9287215633174524,-1.5612974985039332,-1.0310862007539756,-0.6115042456497677
daphnia,11,DS19,50,46.68663309048861,-877.8166312873725,0.9530542765814237,False,complete,10.763938875605472,4.789486758977109,-13.544503303257814,-7.603712055088882,4.983744489886373,-0.6309136911171548,2.9943720195552097,-3.6553086919309115,-4.231359377845082,-5.207893363692761,-6.837220669065104,-11.703310247236459,-5.512834487623718,-1.61127007529028,-0.9762108244949768,-2.020750389561682,-1.7219171187633204,-0.7098484462783972,0.5582164891731959,0.5997975459488084,1.760799202628175,1.8597921221662175,0.3141164256171015,0.5127391026081363,-0.7549031808640952,-1.0351300236230614,0.9245021672026266,-0.5788562052857068,-0.74776952780741,-1.4675465224313564,-0.7423856846259006,-1.446705939752482,0.3532076187678172,-2.431658693216375,0.2551484061515227,0.27833386518314424,-1.2907688605143022,-3.3925016448560945
daphnia,11,DS19,100,93.37326618097723,-873.3459426239388,1.023112268331057,False,complete,12.733479925790602,3.587953456236174,-15.741805909075781,-6.595019538065977,7.1869886688642,-1.7306934905126186,2.3786416525101384,-4.479471811789586,-5.9458377202636,-5.414341713137187,-6.300457195373214,-11.00002440856376,-6.257174086117465,-4.442308182806057,-0.744697539945964,-6.148592059529638,-1.4401231246674593,-1.6828012569690884,1.4971106764387425,0.4442761831418325,1.4909799189939739,1.6807597529806126,-0.05666187730135838,-0.18662921567329238,-0.5987626681701124,-0.9168441260916611,0.30084335433262144,-0.5853593408411328,-1.1852977352041252,-1.3006032262320262,-1.0534703097202365,-1.4607677042852878,0.24216901136248667,-2.2961815891047843,-0.1152619877167815,0.3038287793830498,-1.4773659482308186,-3.040408113339446
daphnia,11,DS19,150,140.05989927146584,-871.2408990492671,0.9285503284306043,False,complete,11.60486039313403,3.8057054930104153,-14.455313764161213,-6.681149465364022,6.3534407861811655,-1.2752202216289532,2.958589012833878,-3.626355785350857,-4.83112777359897,-5.839151602678013,-5.849204043588007,-11.569667366235496,-6.410227606793838,-4.471427270477212,-0.8055102059300129,-5.038109918106461,-2.1653863479087456,-0.7316950286028834,1.093044324857316,0.3401868836791546,1.6479856845307086,1.8637165076283022,-0.3260160459861972,-0.14739829390970738,-0.6104212233269695,-0.8467806899839404,0.32785554482049967,-0.7770938142012729,-1.3721095614889802,-1.534132863292993,-1.075675257304843,-1.4761915228699292,0.15385580606231822,-2.040678201253032,-0.10967578015954227,0.029924403314405077,-1.9165036527224661,-3.1590127351888766
daphnia,11,DS19,200,186.74653236195445,-866.1963894717528,0.6156570919337133,False,complete,11.817045181282925,4.346306068496758,-14.776357413372205,-7.146273588231725,6.5142433082815225,-1.032909636926612,3.3308937527367473,-2.565707422491934,-4.1201988298063315,-5.756563940271196,-5.4188697346421435,-11.00442483222928,-6.010320243618466,-3.4806815659437045,-0.8900841754904564,-5.226175330634186,-2.166292666952765,-1.3767293749508,0.6301957134727809,0.22464073069906626,1.8019787168310766,1.7521439657820972,-0.18553026298618028,-0.12202885135538935,-0.3117396973476119,-0.7099965436546034,0.5625417117551982,-0.603575860364344,-1.3527224636610402,-1.5647557585332246,-1.0391257917169898,-1.428947163833553,-0.06294542481405238,-2.3497430941995767,-0.05763425283970779,0.2040550236882243,-1.8854238250579336,-2.834359926732574
daphnia,11,DS19,250,215.7713266192004,-866.1469463190392,0.33250391978811483,False,complete,11.814979176518142,4.344106847738892,-14.766425023018027,-7.1516044224896875,6.524826365329506,-1.0410298209267494,3.3436849876570003,-2.569541203161525,-4.1041585041883275,-5.755520476193087,-5.405207000846932,-11.01427949444231,-6.007295595006956,-3.4853382980373193,-0.9340945008011304,-5.2295246863590545,-2.1706725111028278,-1.3788028798874354,0.6584797257078456,0.19850069184090693,1.7904449171699761,1.7039949092097049,-0.17083993444189396,-0.10254888699519443,-0.30049544102783593,-0.7116610408809313,0.5536758568095241,-0.6087959393158943,-1.3672693683876402,-1.567163797002414,-1.0366718972139841,-1.4354665884164437,-0.06315682950839299,-2.3371056774997134,-0.048635591012120415,0.20989047102584843,-1.9026756295611476,-2.8558100628272407
daphnia,11,DS19,300,244.64205788029358,-864.8744822587685,0.6762281427200544,False,complete,11.786569620338708,4.311820914216423,-14.729907202531678,-7.1876225618446865,6.564295958941628,-1.0633760694602046,3.3215285550664375,-2.514829443308901,-4.064057065296232,-5.784810603298154,-5.356760124227206,-10.982092605732106,-5.9991357382007315,-3.525028808742518,-1.0031193270531351,-5.281368263703367,-2.1437357290874974,-1.4137104772265783,0.7069233078311029,0.17613836922135007,1.7963432656411311,1.6350629916329018,-0.15245082823088263,-0.05685863661142077,-0.25063964755074725,-0.7478101480629094,0.5517293491120754,-0.5679814314012214,-1.3485591914238928,-1.541894323202708,-1.025180824032959,-1.393815209204512,-0.11014103760000515,-2.288267974543688,-0.008629507640568034,0.17480972408841366,-1.9391505870502057,-2.8766981957843147
daphnia,11,DS19,350,272.97795458417386,-871.3921403584119,0.7055367982061419,False,complete,11.743516155641279,4.304669121513934,-14.677634024306734,-7.230001718285891,6.618839285504627,-1.1108378884442556,3.326476396522224,-2.4847385841604073,-4.027498393285254,-5.816101054842152,-5.315619205309944,-10.943585445065613,-5.966720174448978,-3.5640226449843184,-1.0553416052599067,-5.333427430469811,-2.1649206771343135,-1.4585639039530478,0.7248867984151469,0.2158740234834176,1.7420560839762298,1.5801922331128568,-0.12837376235341802,-0.006353951667851465,-0.2207825544874424,-0.7871690034407711,0.5980689793329799,-0.5525810022680021,-1.3465085349093102,-1.4917823940465638,-1.0355012572384625,-1.3870825749051097,-0.149910203099801,-2.2324130392585544,0.0108132473789786,0.13898104735293404,-1.9705220914772736,-2.9154562872961503
daphnia,11,DS19,400,301.9180273152888,-871.5804847663267,1.0318594622409971,False,complete,11.682062946023821,4.348251159927954,-14.659424218396513,-7.241011569053682,6.643981744923434,-1.1519140823687344,3.3842552963266557,-2.4513240181352627,-3.984496054925322,-5.798594704197569,-5.264944205225683,-10.915479210966557,-5.943777587655559,-3.591168479191753,-1.0977020618954503,-5.372104241535628,-2.1957453307156043,-1.5216373926190077,0.6874080684468901,0.2337080418580357,1.6936708930376552,1.5354479609754224,-0.08351825811203688,0.028720672761852892,-0.22154383868892066,-0.8246141061251078,0.6123672099898538,-0.507682083104522,-1.3559277122060955,-1.4697768833231868,-1.0934241766411554,-1.3937258917826265,-0.14215101109474312,-2.2005118417633684,0.05057337795237665,0.09244299529598722,-1.9565393722921747,-2.933122481611401
daphnia,11,DS19,450,330.7683362700045,-872.4705499578675,0.5978397080667649,False,complete,11.63741601797618,4.387510237321248,-14.648990602037752,-7.236933555422058,6.661446978337191,-1.1776201415828624,3.420821259560046,-2.4432987895019798,-3.954718964291315,-5.813487322535427,-5.240580137738009,-10.900537197255863,-5.938670995537653,-3.5956043824489448,-1.1308546766607306,-5.397749353778017,-2.206541605322306,-1.5631161273153173,0.6330476307855153,0.1990955413220924,1.655645595643391,1.4999861331955011,-0.055095225498089095,0.044374242622750235,-0.19974609389631245,-0.8529817973312321,0.6052482108853103,-0.4660755897673358,-1.3779927814839734,-1.4658647961682905,-1.1186792722980365,-1.3831227475671342,-0.15332391896872644,-2.173883662834521,0.08256034663574732,0.0485092037338035,-1.9332274563167768,-2.9325729731999406
daphnia,11,DS19,500,359.2826173789799,-874.2396462135272,1.0969738873955366,False,complete,11.618045660517852,4.414244521707936,-14.6452737695845,-7.226443925620594,6.668585376930108,-1.1931409793091519,3.453514159589748,-2.436400126470018,-3.9391854011100627,-5.8338522835865945,-5.267129525117686,-10.897810980378345,-5.9614781217805035,-3.5913709819335398,-1.153773172366773,-5.406392359293439,-2.201367468630226,-1.5915205966226427,0.5940066262013213,0.17511456266490713,1.6364083498329813,1.472682375132732,-0.05069477034736092,0.061026995279604694,-0.17629970158525957,-0.8685726310827918,0.5956040874445099,-0.43771790445421377,-1.3777025412451671,-1.4693546532558075,-1.1208979316010241,-1.3873579886489966,-0.17785173848250174,-2.1558096808689218,0.10176148426121648,0.023747994835046967,-1.9144537960072208,-2.9290157406781745
daphnia,11,DS19,550,387.9675959395245,-875.1239318841053,1.0309495835352984,False,complete,11.616507795795146,4.42719584314293,-14.64819327559726,-7.215311250600881,6.66626501990968,-1.2005799245086266,3.4796448529609187,-2.4291522358853954,-3.9343004415867076,-5.8479040021335535,-5.30558977293802,-10.898099894981778,-5.976529296355023,-3.5893053705134794,-1.16994174711798,-5.4060844130164805,-2.1907916635763245,-1.6066934987224444,0.5675384729470485,0.17334839331626417,1.6295621784932033,1.4518366740451187,-0.05097394073189357,0.0751311940568882,-0.16056894593722332,-0.878877868467054,0.58316658620396,-0.4190911432966134,-1.370852820257242,-1.4671722839830186,-1.1118673308676048,-1.3891456766904298,-0.19310856979864943,-2.140178123730064,0.11290250247115075,0.008464901581449276,-1.9051124207943302,-2.927428844944733
daphnia,11,DS19,600,416.93626407021657,-875.6065637787962,1.1012677846446226,False,complete,11.624457528814858,4.430544959551547,-14.647855793842528,-7.207680562289878,6.664952492800961,-1.203210614607739,3.4950531866469685,-2.4248647534362022,-3.9326964008644936,-5.861663603216959,-5.333882392987015,-10.901272995478916,-5.983601599873999,-3.580515028912528,-1.1810492569813709,-5.403317467346204,-2.184441808868105,-1.6126271261862324,0.5533103621640305,0.1819521315250053,1.6286428756524696,1.4369689684068496,-0.051822945045300314,0.08076573835701079,-0.15164162664424108,-0.8866808698475559,0.5627783524599479,-0.40488675192419626,-1.359860094448522,-1.4741127098204843,-1.1026533169629282,-1.3918860834316784,-0.20316990478454772,-2.1281880638826287,0.12439114373604417,-0.005461563099552031,-1.8999285295335888,-2.927645652811335
daphnia,11,DS19,650,445.8440490732901,-874.8876324846567,0.7889699054076572,False,complete,11.63503966184812,4.426508632230238,-14.647774496757753,-7.203117507542012,6.662733109840643,-1.202538007735605,3.504202654385089,-2.422188309542448,-3.9333089219164012,-5.870112807831513,-5.352286631379292,-10.896756863046232,-5.990868421870949,-3.5761959612391445,-1.1880602003756258,-5.401712944917801,-2.182284146377014,-1.6174244767504644,0.5469069636304671,0.19099961895707498,1.6305951475043428,1.4268224649104282,-0.05216740258745238,0.08243729761317092,-0.14723708719900905,-0.8933417539694156,0.5499141662812259,-0.3945804721311904,-1.3527393455079448,-1.4825926302862176,-1.09501189623014,-1.3924166230631165,-0.20902754866783435,-2.1189139993253043,0.1309669550655921,-0.015287573349085516,-1.8938100693562183,-2.928923681256666
daphnia,11,DS19,700,474.8535285172984,-873.1741555345601,0.4840988598553824,False,complete,11.644137374810226,4.422014424606985,-14.650696958611569,-7.198447925239296,6.657989220970855,-1.1999221018004063,3.5099182645946922,-2.417123486405678,-3.934286710771434,-5.87668360058926,-5.36368821975064,-10.89006596075813,-5.997368143339494,-3.575187495987733,-1.1921969702651907,-5.401087882647831,-2.180671464201604,-1.6195596686072464,0.5446729210147353,0.19583959152956218,1.6327292146833774,1.4200883828877189,-0.05087689347981907,0.08076754072237492,-0.14732107183987495,-0.8965438884060535,0.5433863318942442,-0.387684686329757,-1.3465356699775708,-1.4863834032832033,-1.0895061105333985,-1.389164043933126,-0.20950501848525083,-2.112320060826953,0.13628973992948873,-0.02133735734759883,-1.8872605910414177,-2.9296303098889966
daphnia,11,DS19,736,496.21853892551735,-871.7770493402238,0.2226267971476505,True,complete,11.649677750748017,4.419145963340257,-14.652342917092973,-7.195528903223682,6.655123173426693,-1.1978471557606807,3.512570461388478,-2.4141002831709355,-3.9356362180766573,-5.880752175597949,-5.369682832057985,-10.885422911935251,-5.999875773834956,-3.574206793694196,-1.1944963642855329,-5.401535847519309,-2.1786386723427746,-1.620283203335717,0.544238723670655,0.19784227303783147,1.6340132227766149,1.4162617872483376,-0.050509725943954975,0.07924255396491117,-0.14734361222404843,-0.8977012097637443,0.5399032125918766,-0.38334964875607913,-1.3451480438667494,-1.4888899661552066,-1.08637928510267,-1.388647363764684,-0.2088296705684315,-2.1087560559597307,0.13901923126560672,-0.025618635139272976,-1.8833910313391176,-2.929914688508872
daphnia,11,CTDD21,0,0.0,-958.9571996213936,1.524058405809178,False,complete,9.302279926673577,3.974490831928661,-11.967088299495797,-6.917327672209125,3.3068362172479913,-1.516609266760717,3.002427457557147,-2.5813036363505115,-3.8518371554430786,-3.688314630906048,-8.522240018080991,-9.275125632076312,-8.649177361858394,-4.060612854567013,-1.5184531433774424,-1.5126688945631537,-1.6608406721637647,-1.805652343605054,0.2239693041984551,-0.3548853489337187,0.8550062868966709,0.9838023901838184,-0.615830032290989,-1.7657193083937184,-0.8964394762934984,-1.3462144384950674,-0.5314736109513623,-1.1365724412663665,-0.4721576654960646,-1.7529562945109236,-0.9976874258951515,-0.9220078784918754,-0.4555442105549653,-0.9495592818434668,-1.9287215633174524,-1.5612974985039332,-1.0310862007539756,-0.6115042456497677
daphnia,11,CTDD21,50,46.68663309048861,-878.0825890954154,0.821666509065685,False,complete,10.763938875605472,4.789486758977109,-13.544503303257814,-7.603712055088882,4.983744489886373,-0.6309136911171548,2.9943720195552097,-3.6553086919309115,-4.231359377845082,-5.207893363692761,-6.837220669065104,-11.703310247236459,-5.512834487623718,-1.61127007529028,-0.9762108244949768,-2.020750389561682,-1.7219171187633204,-0.7098484462783972,0.5582164891731959,0.5997975459488084,1.760799202628175,1.8597921221662175,0.3141164256171015,0.5127391026081363,-0.7549031808640952,-1.0351300236230614,0.9245021672026266,-0.5788562052857068,-0.74776952780741,-1.4675465224313564,-0.7423856846259006,-1.446705939752482,0.3532076187678172,-2.431658693216375,0.2551484061515227,0.27833386518314424,-1.2907688605143022,-3.3925016448560945
daphnia,11,CTDD21,100,93.37326618097723,-874.9775533857842,0.8505318634873169,False,complete,12.733479925790602,3.587953456236174,-15.741805909075781,-6.595019538065977,7.1869886688642,-1.7306934905126186,2.3786416525101384,-4.479471811789586,-5.9458377202636,-5.414341713137187,-6.300457195373214,-11.00002440856376,-6.257174086117465,-4.442308182806057,-0.744697539945964,-6.148592059529638,-1.4401231246674593,-1.6828012569690884,1.4971106764387425,0.4442761831418325,1.4909799189939739,1.6807597529806126,-0.05666187730135838,-0.18662921567329238,-0.5987626681701124,-0.9168441260916611,0.30084335433262144,-0.5853593408411328,-1.1852977352041252,-1.3006032262320262,-1.0534703097202365,-1.4607677042852878,0.24216901136248667,-2.2961815891047843,-0.1152619877167815,0.3038287793830498,-1.4773659482308186,-3.040408113339446
daphnia,11,CTDD21,150,140.05989927146584,-869.4135035614355,1.065477996441196,False,complete,11.60486039313403,3.8057054930104153,-14.455313764161213,-6.681149465364022,6.3534407861811655,-1.2752202216289532,2.958589012833878,-3.626355785350857,-4.83112777359897,-5.839151602678013,-5.849204043588007,-11.569667366235496,-6.410227606793838,-4.471427270477212,-0.8055102059300129,-5.038109918106461,-2.1653863479087456,-0.7316950286028834,1.093044324857316,0.3401868836791546,1.6479856845307086,1.8637165076283022,-0.3260160459861972,-0.14739829390970738,-0.6104212233269695,-0.8467806899839404,0.32785554482049967,-0.7770938142012729,-1.3721095614889802,-1.534132863292993,-1.075675257304843,-1.4761915228699292,0.15385580606231822,-2.040678201253032,-0.10967578015954227,0.029924403314405077,-1.9165036527224661,-3.1590127351888766
daphnia,11,CTDD21,200,186.74653236195445,-866.1279965209662,0.7692391332337875,False,complete,11.817045181282925,4.346306068496758,-14.776357413372205,-7.146273588231725,6.5142433082815225,-1.032909636926612,3.3308937527367473,-2.565707422491934,-4.1201988298063315,-5.756563940271196,-5.4188697346421435,-11.00442483222928,-6.010320243618466,-3.4806815659437045,-0.8900841754904564,-5.226175330634186,-2.166292666952765,-1.3767293749508,0.6301957134727809,0.22464073069906626,1.8019787168310766,1.7521439657820972,-0.18553026298618028,-0.12202885135538935,-0.3117396973476119,-0.7099965436546034,0.5625417117551982,-0.603575860364344,-1.3527224636610402,-1.5647557585332246,-1.0391257917169898,-1.428947163833553,-0.06294542481405238,-2.3497430941995767,-0.05763425283970779,0.2040550236882243,-1.8854238250579336,-2.834359926732574
daphnia,11,CTDD21,250,304.96605446515605,-864.1661937663682,0.6199425927858215,False,complete,11.837097412254408,4.331626218935516,-14.769819500059498,-7.141193839618951,6.4818353280076355,-1.0186986696482183,3.3132284605680304,-2.5425539106568427,-4.114701262556164,-5.760854451486998,-5.44808225383794,-10.967033921261496,-6.012745534933486,-3.488201293825414,-0.8499731577447797,-5.23460863615172,-2.1292695059692064,-1.3363315850970758,0.5975846968215895,0.184175297232146,1.7616495428433283,1.7081963328610976,-0.18091046071750463,-0.1264081746684713,-0.2731623622995884,-0.670279147248547,0.5451742015356619,-0.6020339523155647,-1.3313085025579006,-1.5988418925023686,-1.0619454705512161,-1.3862780881298997,-0.10190204223824448,-2.3080839817621834,-0.03234175273139963,0.16885009782631852,-1.8419771646389893,-2.85647049504726
daphnia,11,CTDD21,300,424.1374448570423,-864.9831980394097,0.48244649236336407,False,complete,11.845361967646914,4.334562868462828,-14.76829696024719,-7.137495094261307,6.46833349866199,-1.0176149309084586,3.3075403218246606,-2.5418036971120843,-4.104174866041669,-5.758649953801944,-5.463055803641452,-10.9524880086225,-6.011424034235338,-3.4920147638419246,-0.8280147608950044,-5.234433860644052,-2.1114486721153027,-1.316033688355079,0.584251444023441,0.16748174659225848,1.7449602083129236,1.6874278361704034,-0.18254461240303788,-0.12674763747855175,-0.2549964716654313,-0.6532024272954416,0.5414366055157672,-0.6053375559697916,-1.3263266165911183,-1.613015741767978,-1.0629054922864765,-1.3663659892316362,-0.12131722743675846,-2.288688161397541,-0.017917193862565697,0.15385976371926943,-1.8212989030765203,-2.862833189199385
daphnia,11,CTDD21,329,496.1624200749211,-864.0917286814342,0.16006450493462288,True,complete,11.84684755373812,4.335593985016161,-14.767444428624898,-7.136636210265627,6.466797868185063,-1.017530438761332,3.3062019140019405,-2.5423902253288126,-4.1023497348978335,-5.75903138042986,-5.465243929796465,-10.950382886166631,-6.011314449620762,-3.492490355599838,-0.8240209392202749,-5.234339323055895,-2.1084918094498253,-1.3124718706325755,0.5826213268683167,0.16475036581443903,1.7420445728273746,1.6838215544877562,-0.18198871118139717,-0.1271970665651293,-0.25166585785568296,-0.6506706953926435,0.5406866552072431,-0.6050743054994531,-1.3251674208252768,-1.6154683823111764,-1.062524160530229,-1.3629430029027005,-0.12439327933290369,-2.285179021565043,-0.0163939547049952,0.15169294384860083,-1.8177281377536805,-2.86437382564561
daphnia,12,MPIF,0,0.0,-966.1325799018971,1.6856985062775995,False,complete,8.792837760666261,3.977836331516015,-10.993922427557964,-6.670054615419416,2.506615908330843,-1.0615526936304247,3.682444217931703,-2.1836393338305413,-3.239455005746919,-3.9692788369900702,-9.334499104047493,-9.0032558991158,-8.345716198062375,-4.335686113460441,-1.1606436371374163,-1.532233839090182,-2.2142278875378247,-0.9923524706916284,-0.1694121256126702,0.2150541453199876,1.2647887955598094,1.5798536328377188,-0.18792788634082497,-0.7333980044488645,-0.5524164611315355,-0.7400153815325791,-0.7318096552742438,-0.5163348332489709,-0.19365173065650493,-0.4847651689509346,-0.6064407134006715,-0.6122664111001995,-0.9089520726494487,-0.6053900218447908,-1.7663444578257792,-1.0374759910193208,-1.0594153384648737,-1.1058005706819574
daphnia,12,MPIF,50,47.7113786136033,-872.2053216624713,0.5192058136865978,False,complete,9.709901979068492,3.791168076862323,-12.968802745013623,-6.7759784154532285,5.497801986344708,-0.7868400912310474,3.5522297121862794,-3.9083621122224095,-7.838973169956248,-2.1606030413929886,-11.643472255435386,-11.256154257332913,-6.074038699196993,-4.855602740581711,-1.530824085902714,-0.8620287040936156,-2.354372103063139,-0.6699453674434753,1.0215835826100885,-0.023651491700351437,1.526327447038072,1.508180095848187,-0.18626846200030642,-0.26416413845358494,-1.060640954042466,-1.2237608900512758,-0.022004091945384767,-0.8329571892023437,-1.721112070170882,-1.477423689824345,-0.9203180357195443,-1.5790379977769449,-0.5030322504504979,-2.9950877556227575,-0.461712916533348,-0.06248796348206165,-1.8164220794942922,-3.1565039369367334
daphnia,12,MPIF,100,95.4227572272066,-873.0156444753981,1.2824915452145793,False,complete,9.35653938444339,3.666509569261516,-12.2585964103242,-6.5562689364125495,4.0556770021518505,-1.4263842236620912,2.424742372980958,-4.44709310846119,-5.835071693190213,-3.442864421415464,-13.32426911149184,-14.075331371710732,-6.070354907271388,-8.34625373003431,-1.049620563096994,-1.8314292635186407,-1.2298146109854986,-1.3951672133167257,0.7734776266858194,0.39976637671078064,1.4729543453222949,1.431283631781432,-0.3331819552227941,-0.0877066899547548,-1.3842688590727477,-0.9732257165357391,-0.11797270281284096,-0.8033938786701292,-1.721331922538172,-1.4319342635762216,-1.018910801087783,-1.419631962896012,-0.4962059253888361,-3.136271825320155,-0.184043265831995,0.1594655440365427,-1.9058605718192212,-3.4654810505516584
daphnia,12,MPIF,150,143.1341358408099,-868.1574406054103,1.248849372650165,False,complete,10.036013337971047,3.6230027742676123,-12.621061238443966,-6.431474392617836,4.747997010590018,-1.2259414005168894,2.960364092076924,-3.5070353791809064,-3.027999535924937,-2.772773429082064,-14.2624248770104,-14.549835474797655,-7.456049830018822,-7.254375336032945,-1.2557996631186177,-2.212529858087609,-1.4224851141641903,-1.096028075511819,0.5358584966335443,0.16512813132557677,2.020951513806015,1.4123356438643648,-0.374472591875815,-0.39485355134188654,-0.9080904375327864,-0.9303617742190562,0.16141368707024686,-0.7909873020517559,-1.4646546833398035,-1.7127640092760983,-1.1883816553114144,-1.5676089730948966,-0.5689101903253343,-2.2894873489406584,-0.34811026123153277,-0.07555581879895741,-2.1484567934892893,-3.14804262525456
daphnia,12,MPIF,200,190.8455144544132,-867.4772598208891,0.7495196141256564,False,complete,10.29963555966821,4.074327603330566,-12.807064626938187,-6.758097906350892,5.067882411330955,-0.8610406331953357,3.350841821933358,-2.678564644883649,-2.8211599077166327,-3.1823170066808815,-14.982127952630961,-11.970908545089065,-8.190041638314316,-8.018955669803358,-0.8767276240292474,-1.7302524504756944,-1.8527284212422988,-0.6164736605666649,1.4177669204182473,-0.20677736449574075,1.7248486691758638,1.4734122259635078,-0.06810619509468539,-0.5790632252834031,-0.8375910905358585,-1.1864229633793613,-0.002118686063059759,-0.8849182336017487,-1.1670134967391341,-1.5905851033218246,-1.15789001102181,-1.7555727233440959,-0.644027437943155,-2.73970835235834,-0.21290984906410046,-0.41387461829730443,-1.6390791265461202,-3.1224842993113398
daphnia,12,MPIF,250,238.5568930680165,-868.3670522492446,0.66884816927515,False,complete,10.29874417513902,3.982144636918422,-13.22386229219553,-6.953732438380123,5.316327303988762,-0.8385682153922406,3.3293453604389502,-2.661482985490214,-2.8638686548011605,-3.6731557956181855,-15.695893546265733,-13.02637033575783,-8.24690410840827,-7.184360881534582,-0.9114371150119829,-2.0714576555817623,-1.8389423856200955,-1.0038222099693797,1.3761257791702315,0.36574510501756297,1.4401366262813469,1.3966857460998636,-0.11167855027440943,-0.28567749410584753,-0.8237637449838349,-1.3476679738177926,0.05017733778867866,-0.9516926358657426,-1.3591797647791848,-1.6792580179511725,-1.0943828316575983,-1.5813726674875037,-0.47924551950140076,-2.8426796015325286,-0.458173931179285,-0.1539953784263802,-1.8271310176445672,-3.365919770907906
daphnia,12,MPIF,300,286.2682716816198,-864.7469137096946,1.0431841749047999,False,complete,10.028838216242157,4.096277496989077,-13.0618620459392,-7.062911809463138,5.002625683468484,-0.7350277559309066,3.488099787007409,-2.989447313719033,-4.591226234169189,-3.973459025622212,-15.906188174555693,-12.78622415518448,-9.070536703822144,-7.4798528613048845,-0.9310476481241797,-2.443308634599856,-1.7437031798079086,-1.214246796968666,1.3387592302660296,0.21100280878036973,1.583459990704997,1.3875643492949592,-0.2262570810345278,-0.2756054070841117,-0.8035203367719458,-1.2016009932144927,0.1710774638394389,-0.7284300464235345,-1.4772524380180185,-1.5499551400610636,-1.0955567515945748,-1.4658900865757327,-0.37973551300956426,-2.6941832892850193,-0.3637891800283469,-0.02099181820014831,-2.022801722448463,-3.4497957443238674
daphnia,12,MPIF,350,333.9796502952231,-865.5790155616553,0.3931898167406835,False,complete,10.498250565113157,4.0593083064933495,-13.337077952400728,-6.973234588130574,5.347329722908401,-0.82449364394006,3.3093873000753407,-3.1927986582796817,-4.4384870531655345,-4.185962279829999,-16.370585765040214,-11.927159744952482,-8.775997078108055,-6.8923130909539045,-0.8240673898854932,-2.104786462971703,-1.7083608428508783,-0.9242936180408493,1.2324594825524708,0.16165232505732408,1.4037092997592182,1.3729144402797924,-0.2261366976018568,-0.33782120866157,-0.8204910134186418,-1.2007192685902137,0.23758013942233325,-0.7456672326046431,-1.424470530046143,-1.5123583767058426,-1.1392121182291048,-1.4767692680466034,-0.5699725439798085,-2.657150208170248,-0.2596987114228913,0.001637829553918135,-1.909162346096063,-3.3526803100700935
daphnia,12,MPIF,400,381.6910289088264,-865.3805507508257,0.46123253779736484,False,complete,10.624603709118627,4.082163115582574,-13.381825727755327,-6.944670260221687,5.52230155828689,-0.7524046276036701,3.408576719131943,-3.047562782384421,-4.847218655306995,-4.125774306495438,-16.71608215493756,-11.833807238601748,-8.700067938480833,-6.669179878565602,-0.702674800873633,-2.241686144354992,-1.794305848325859,-0.7354502093247848,1.0951808734424997,0.18441295531983543,1.5761436389959869,1.3999914314874395,-0.20745396889826237,-0.2625530830791728,-0.8803699088462167,-1.0752183256635475,0.1188468668147547,-0.786262566664154,-1.4306239934478007,-1.5323841917148058,-1.1536301382221605,-1.4650733643152412,-0.5899291275108697,-2.7017509082023423,-0.20940802775264858,-0.018418690019281543,-1.9905516455164518,-3.2544932770262722
daphnia,12,MPIF,450,429.4024075224297,-864.0001771158114,0.6373376498394738,False,complete,10.628612719885876,4.029729403335951,-13.411403379605312,-6.8510828647711195,5.35507859218392,-0.9199585669983251,3.333632932201904,-3.044022699007276,-4.67929888666153,-4.124890243729822,-17.05684258195711,-12.164517756764367,-9.214975642592387,-6.527289464340099,-0.9225601138267221,-2.0036576038326834,-1.6927461299696624,-0.8863465974771965,1.1052065320326108,0.15582800772637284,1.6871934029962674,1.7181999036895996,-0.15178982649950318,-0.20555427017633693,-0.9596471548225602,-1.098439520695796,0.1904076784356778,-0.7557126049126324,-1.5646998135417278,-1.5496043977123357,-1.210746625771155,-1.5148676406411627,-0.5745622066309802,-2.7360532910419404,-0.2633512807086077,-0.03356143078687886,-1.9379641926083002,-3.245544215999998
daphnia,12,MPIF,500,477.113786136033,-863.1479950522375,0.739089541939068,False,complete,10.540370146327033,4.019511145060614,-13.543902354442555,-6.971806164117841,5.52229139709006,-0.9198372653672737,3.3740993946525184,-3.1772784716795988,-4.664391792724347,-4.316395343196017,-16.997255100787637,-11.877960415366891,-9.221820601752896,-6.5999470844098305,-0.9030947488203577,-1.8861230778481564,-1.7482069846010144,-0.8583065919956903,0.8891865535889537,0.16341496913458498,1.834507324711541,1.7206181571738548,-0.145838265330025,-0.2246221676328025,-1.003681798278654,-1.0856284354186205,0.20036292979849832,-0.7180579246952847,-1.5539914125067684,-1.5005953425442151,-1.1583300649488484,-1.603233761951624,-0.5801554122434501,-2.687504316418736,-0.2522134688393988,-0.045001242356340815,-1.903981076709107,-3.27602260049994
daphnia,12,MPIF,550,524.8251647496363,-864.0594585571446,0.7894262209337888,False,complete,10.541851432255422,3.9852744614353783,-13.517013311934367,-6.927682612116711,5.544847671373786,-0.9472330181004083,3.329601845682165,-3.052882446367949,-4.739129280870646,-4.466246812705541,-17.17055522747225,-11.971614037597302,-9.219469521564802,-6.662391546396818,-0.9032794963372937,-1.9484995124299056,-1.7437106129033277,-0.8204637514943103,0.9061108946800625,-0.1158537937846945,1.9009719121846873,1.6497979705974115,-0.11394451736525525,-0.20380394668643767,-1.0115972463617262,-1.1212430137297211,0.21371576345215898,-0.7196477058123906,-1.564353356122352,-1.5306129373905155,-1.129597344598655,-1.6225789770512942,-0.6110848466486891,-2.708922647652813,-0.2640467181659487,-0.037161692901304104,-1.9380347849981783,-3.3344881616914117
daphnia,12,MPIF,600,572.5365433632396,-864.6549279630409,0.8164515647733612,False,complete,10.526153133297864,4.048276127406322,-13.556225806014167,-6.988810028239636,5.4796678497020705,-0.9040139260310156,3.3109572450854006,-3.033727111927346,-4.7167051028341245,-4.453483519271541,-17.19754029980185,-12.052824382189444,-9.238124185936847,-6.723856622291907,-0.9482417351348641,-1.9090959047051246,-1.826776419617534,-0.8394357318240646,0.862030336002136,-0.06108309870229762,1.8857123864583123,1.5997588093839343,-0.1377162695410595,-0.2241888210129933,-1.000212623476693,-1.1322132136501273,0.2150721612041535,-0.7111784456260472,-1.5516557796012207,-1.5531203156131457,-1.118976595046487,-1.599205848524562,-0.6155386383202495,-2.684792768184984,-0.28154687259415867,-0.029172169674327574,-1.9485263612132708,-3.334928893948293
daphnia,12,MPIF,650,620.2479219768429,-864.1835487327438,0.7463367018419357,False,complete,10.591336842442452,4.0477586653444435,-13.581558001552414,-7.009867796772486,5.498635848719483,-0.9248876193662336,3.3810849895100574,-3.0522360442027514,-4.695600523601961,-4.479532836888789,-17.222499376754204,-11.999730471313127,-9.211053377103829,-6.702004180544205,-0.9717376140703538,-1.896124172808625,-1.8205311391843564,-0.8475549732905284,0.8847807280262623,-0.08489899262603429,1.8682015781164034,1.5963235858049951,-0.13825789014544126,-0.21356944614137144,-0.9882139574242994,-1.1356312843075609,0.18795370416683482,-0.7032093323292645,-1.5480248627539919,-1.5653885349101162,-1.1195184574631365,-1.5857032303396565,-0.5991824735082478,-2.6645345933290563,-0.2755609492354409,-0.03278152854005595,-1.9434500955107374,-3.3105941009260103
daphnia,12,MPIF,680,648.8747491450049,-863.790313407383,0.16397363173809015,True,complete,10.59626053717971,4.046365313764909,-13.589052430085866,-6.989111128986594,5.509964123052812,-0.9509630305466811,3.357813874349482,-3.054945300439848,-4.683097143380795,-4.498502968127582,-17.223721738270672,-11.98619634654037,-9.16991139814802,-6.69131688228447,-0.9880610831577031,-1.8838368989926566,-1.8483494710560122,-0.8347021857498738,0.8732205450738167,-0.1297966719117724,1.8660322212747258,1.6175648609180866,-0.1313606387317178,-0.22271579206821868,-0.9804192119917043,-1.1273953919168391,0.18610579279330408,-0.696149902685489,-1.5431200453123364,-1.5557091344318228,-1.1038240481684711,-1.5861672514451313,-0.5946130227196026,-2.653529916706617,-0.2740497246635596,-0.03358602719984157,-1.957154669976339,-3.309506269317158
daphnia,12,IFAD,0,0.0,-961.4342741433243,1.5114643699907708,False,complete,8.792837760666261,3.977836331516015,-10.993922427557964,-6.670054615419416,2.506615908330843,-1.0615526936304247,3.682444217931703,-2.1836393338305413,-3.239455005746919,-3.9692788369900702,-9.334499104047493,-9.0032558991158,-8.345716198062375,-4.335686113460441,-1.1606436371374163,-1.532233839090182,-2.2142278875378247,-0.9923524706916284,-0.1694121256126702,0.2150541453199876,1.2647887955598094,1.5798536328377188,-0.18792788634082497,-0.7333980044488645,-0.5524164611315355,-0.7400153815325791,-0.7318096552742438,-0.5163348332489709,-0.19365173065650493,-0.4847651689509346,-0.6064407134006715,-0.6122664111001995,-0.9089520726494487,-0.6053900218447908,-1.7663444578257792,-1.0374759910193208,-1.0594153384648737,-1.1058005706819574
daphnia,12,IFAD,50,47.45609555323608,-870.5068425539022,0.5839214501266459,False,complete,8.581139008404772,3.676230544250666,-11.441949777754996,-6.732325460807316,3.3328045033582674,-1.101221381054597,2.9636089887084727,-5.4089843861519755,-4.480441890397258,-4.122122753156395,-11.126399668026423,-4.474767345480643,-4.972686423394899,-6.294235521359153,-0.8409931393937353,-4.187980463897143,-1.8946965040331696,-0.8230843142907115,0.4450094509594466,0.2891755198534675,1.1942293451922812,1.2288244898210838,0.009063943936313707,0.04797227779775485,-0.3740490741614447,-1.2002198295466209,0.7921514739558403,-0.636397099886498,-1.1041280228232893,-1.6039739395191912,-0.9625915844999048,-1.3833238995477997,-0.4095109064754248,-1.8098883947527993,-0.09180979219783975,0.028873491705101968,-1.6716645507828016,-3.8375268943494696
daphnia,12,IFAD,100,94.91219110647216,-871.1255507060765,0.7347538017734351,False,complete,7.741785448779921,3.6869990166584814,-10.625919556204346,-6.624444318290914,2.2566360606185754,-1.4697479463732834,2.6765696232537115,-4.3538471442289435,-7.978974163601261,-3.4678371846889715,-9.272642412694863,-5.016671917567868,-6.176149559137474,-6.229666492704025,-0.8156858622723065,-6.090675533983326,-1.7601786935105188,-2.348677224705501,0.40254270958953975,0.30649134854298604,2.1386229805300405,1.2340850898011144,-0.31973393519584614,-0.3482376367261048,-0.7506102008436705,-0.7006636053883587,0.17848122939766375,-0.590326172967532,-1.3616606458531495,-1.5121524433438633,-1.0159800786444901,-1.5468107549602697,-0.3736164539548831,-2.326786650155249,-0.43810579694686314,0.10953719392888187,-1.7275341449550758,-3.9803542000013135
daphnia,12,IFAD,150,142.36828665970825,-867.6500264262389,0.973024264631395,False,complete,7.5373796514781795,3.8008195891946666,-10.785801929128757,-7.117154299839177,2.5082108826099057,-0.7845189489724371,3.6281326016184243,-6.093945576018069,-9.256496177444772,-3.9618378180976035,-9.088593457488235,-6.220539028210834,-6.689664626510754,-5.632495745705183,-0.8449399063721242,-7.107395496764622,-1.9279576232342681,-1.1007936551903275,0.6891531049890924,0.48758447846042824,1.2402469419047952,1.330042559543862,-0.03702841860934755,-0.08884299059371444,-0.7267111975715842,-0.7351985368154053,0.41654446757759017,-0.6836818818561534,-1.2074487870617787,-1.2565086876234288,-0.9894942759426635,-1.5581948303463622,-0.35798495736115726,-2.307064509393356,-0.09906127256734162,-0.022836160586351364,-1.7821214587743908,-3.228229915513343
daphnia,12,IFAD,200,189.82438221294433,-866.5870423493808,0.5461823774796305,False,complete,8.180936426184989,3.789308849665095,-11.101902002977038,-6.845219079458026,3.2629029334398276,-0.9598069736414697,3.4712947434678028,-5.713633711028588,-10.123962262082607,-3.923499749607803,-10.364235750043301,-5.582118615624478,-6.741901472179351,-4.061349711980402,-0.898151084358028,-8.073968282125028,-1.2324993272157392,-1.0703348482205273,0.47204960663839296,0.15486650148087217,1.786776996278222,1.6031746808094796,-0.23779489700727735,-0.4981588187458709,-0.39950955202407795,-0.9005637137113387,0.32020685698534673,-0.633531149740008,-1.3517558678444628,-1.4972286669823842,-1.069230688678288,-1.5609017933371097,-0.43711179872265377,-2.191861099413591,-0.2992381284080014,-0.06722017514684603,-1.6422450372085906,-2.8683993378220793
daphnia,12,IFAD,250,265.5864673174219,-862.6224336949189,0.2541767018406309,False,complete,8.249348244193971,3.7737751118651577,-11.12484708326249,-6.837327948457606,3.1429204059733467,-1.022718614028953,3.337178552170005,-5.701352248658983,-10.23788595357436,-3.9964761845523102,-10.48595698084686,-5.238620194669437,-6.784092461132942,-4.331492056195926,-0.9891082211045561,-8.124415823316582,-1.5761514289803544,-1.0354779881445717,0.8172782344249657,0.22035530066702247,1.6898956180020257,1.5024423034013417,-0.16390915826481342,-0.35316341365924386,-0.6012339275106111,-0.7720752153969642,0.2608127574399862,-0.5272829562732201,-1.2722710174469916,-1.341279133953522,-1.08025000078923,-1.473867115931781,-0.4754948963558367,-2.2314231252635084,-0.19584696567623033,0.05380535674758478,-1.6983161574337244,-2.8659797102107762
daphnia,12,IFAD,300,341.3485524218995,-860.0326535282744,0.751340926943945,False,complete,8.198580511568693,3.725420493181626,-11.179983816494785,-6.831099865261525,3.1263090579976636,-1.0736794684352773,3.310847053765174,-5.612652430605432,-10.223697440431932,-4.146744591470931,-10.491292594355073,-4.912759071768466,-6.833748836330027,-4.4160562782518555,-0.9370349872569643,-8.149592539481452,-1.7315902307879845,-1.023648079982808,0.885411352544228,0.22125299788401134,1.6746389827930732,1.5051751625560392,-0.16259967185487667,-0.29201298147134364,-0.5548978817213537,-0.7525119003006355,0.2984883244806585,-0.5534782443895826,-1.2459434580276538,-1.3353055150989335,-1.1053660546685113,-1.4931387376759309,-0.445156663501487,-2.2341937439137998,-0.1746817645705036,0.02997752769721511,-1.6796969187806832,-2.9319118532638053
daphnia,12,IFAD,350,417.1106375263771,-861.026515602749,0.8371095096770221,False,complete,8.22366356690261,3.721192287037376,-11.145671175525482,-6.812211625078746,3.147995618189272,-1.090818523138549,3.3075717579497774,-5.575641662137727,-10.267922255035874,-4.2439110086423595,-10.5132645634424,-4.756079618473785,-6.869450316996648,-4.486719303224402,-0.9537693731622785,-8.16917374083282,-1.8062232592335632,-1.0556295563727132,0.8939067151686999,0.22043038268449242,1.6669930449535175,1.4719188986915186,-0.1800203689626997,-0.3278647069741248,-0.5117819389293299,-0.7563161272999128,0.3136648669180162,-0.5547238805081328,-1.2771301450377288,-1.3355974357604026,-1.1056158749632663,-1.4949221501660899,-0.40588939267431334,-2.219660215111657,-0.15614114802548165,0.019119523970786898,-1.6816379315752603,-2.934849461794436
daphnia,12,IFAD,400,492.8727226308547,-861.0443464472437,0.20606576589821055,True,complete,8.21291874607912,3.7130513939133203,-11.157365727629802,-6.81297035436516,3.143931545225757,-1.101481671981122,3.2967620699347058,-5.546301589534368,-10.265380066347104,-4.268718603297922,-10.505854774707602,-4.686736726174767,-6.866045093755743,-4.521970914253313,-0.9643996550406082,-8.173122643058909,-1.8111286536408626,-1.0396870260305562,0.8982090938190149,0.23061591488315775,1.6703649901297628,1.4677424377169193,-0.1887570841825325,-0.3247173159432608,-0.513501103400372,-0.7477035811396557,0.3071401041956277,-0.5524202532629591,-1.2599990206884641,-1.3412864426469617,-1.109434030719153,-1.4852264247484899,-0.39209372257675346,-2.204510186431416,-0.14878545766968443,0.029520431295453523,-1.657408567459574,-2.9221305522831704
daphnia,12,DS19,0,0.0,-963.2068005787228,1.7799568740243001,False,complete,8.792837760666261,3.977836331516015,-10.993922427557964,-6.670054615419416,2.506615908330843,-1.0615526936304247,3.682444217931703,-2.1836393338305413,-3.239455005746919,-3.9692788369900702,-9.334499104047493,-9.0032558991158,-8.345716198062375,-4.335686113460441,-1.1606436371374163,-1.532233839090182,-2.2142278875378247,-0.9923524706916284,-0.1694121256126702,0.2150541453199876,1.2647887955598094,1.5798536328377188,-0.18792788634082497,-0.7333980044488645,-0.5524164611315355,-0.7400153815325791,-0.7318096552742438,-0.5163348332489709,-0.19365173065650493,-0.4847651689509346,-0.6064407134006715,-0.6122664111001995,-0.9089520726494487,-0.6053900218447908,-1.7663444578257792,-1.0374759910193208,-1.0594153384648737,-1.1058005706819574
daphnia,12,DS19,50,47.45609555323608,-870.0953580278149,0.47682503431103723,False,complete,8.581139008404772,3.676230544250666,-11.441949777754996,-6.732325460807316,3.3328045033582674,-1.101221381054597,2.9636089887084727,-5.4089843861519755,-4.480441890397258,-4.122122753156395,-11.126399668026423,-4.474767345480643,-4.972686423394899,-6.294235521359153,-0.8409931393937353,-4.187980463897143,-1.8946965040331696,-0.8230843142907115,0.4450094509594466,0.2891755198534675,1.1942293451922812,1.2288244898210838,0.009063943936313707,0.04797227779775485,-0.3740490741614447,-1.2002198295466209,0.7921514739558403,-0.636397099886498,-1.1041280228232893,-1.6039739395191912,-0.9625915844999048,-1.3833238995477997,-0.4095109064754248,-1.8098883947527993,-0.09180979219783975,0.028873491705101968,-1.6716645507828016,-3.8375268943494696
daphnia,12,DS19,100,94.91219110647216,-870.8422752291124,0.6893357688605771,False,complete,7.741785448779921,3.6869990166584814,-10.625919556204346,-6.624444318290914,2.2566360606185754,-1.4697479463732834,2.6765696232537115,-4.3538471442289435,-7.978974163601261,-3.4678371846889715,-9.272642412694863,-5.016671917567868,-6.176149559137474,-6.229666492704025,-0.8156858622723065,-6.090675533983326,-1.7601786935105188,-2.348677224705501,0.40254270958953975,0.30649134854298604,2.1386229805300405,1.2340850898011144,-0.31973393519584614,-0.3482376367261048,-0.7506102008436705,-0.7006636053883587,0.17848122939766375,-0.590326172967532,-1.3616606458531495,-1.5121524433438633,-1.0159800786444901,-1.5468107549602697,-0.3736164539548831,-2.326786650155249,-0.43810579694686314,0.10953719392888187,-1.7275341449550758,-3.9803542000013135
daphnia,12,DS19,150,142.36828665970825,-867.997939688307,0.4214345952635328,False,complete,7.5373796514781795,3.8008195891946666,-10.785801929128757,-7.117154299839177,2.5082108826099057,-0.7845189489724371,3.6281326016184243,-6.093945576018069,-9.256496177444772,-3.9618378180976035,-9.088593457488235,-6.220539028210834,-6.689664626510754,-5.632495745705183,-0.8449399063721242,-7.107395496764622,-1.9279576232342681,-1.1007936551903275,0.6891531049890924,0.48758447846042824,1.2402469419047952,1.330042559543862,-0.03702841860934755,-0.08884299059371444,-0.7267111975715842,-0.7351985368154053,0.41654446757759017,-0.6836818818561534,-1.2074487870617787,-1.2565086876234288,-0.9894942759426635,-1.5581948303463622,-0.35798495736115726,-2.307064509393356,-0.09906127256734162,-0.022836160586351364,-1.7821214587743908,-3.228229915513343
daphnia,12,DS19,200,189.82438221294433,-866.2818251789148,0.7195361507745883,False,complete,8.180936426184989,3.789308849665095,-11.101902002977038,-6.845219079458026,3.2629029334398276,-0.9598069736414697,3.4712947434678028,-5.713633711028588,-10.123962262082607,-3.923499749607803,-10.364235750043301,-5.582118615624478,-6.741901472179351,-4.061349711980402,-0.898151084358028,-8.073968282125028,-1.2324993272157392,-1.0703348482205273,0.47204960663839296,0.15486650148087217,1.786776996278222,1.6031746808094796,-0.23779489700727735,-0.4981588187458709,-0.39950955202407795,-0.9005637137113387,0.32020685698534673,-0.633531149740008,-1.3517558678444628,-1.4972286669823842,-1.069230688678288,-1.5609017933371097,-0.43711179872265377,-2.191861099413591,-0.2992381284080014,-0.06722017514684603,-1.6422450372085906,-2.8683993378220793
daphnia,12,DS19,250,218.5795638100244,-865.791513585028,0.7447659886365181,False,complete,8.154550912207528,3.7962146754570805,-11.093948598477015,-6.8584263850630975,3.275636159730417,-0.9753789619721547,3.46671837403082,-5.723127448935867,-10.10651689089308,-3.918858669162778,-10.334479445127071,-5.587840709483313,-6.739410502719182,-4.065684128320836,-0.948563413797881,-8.092474891530705,-1.272472158506896,-1.1028860418017337,0.5137834477656659,0.13821670395685345,1.7644504675095394,1.5732902749142732,-0.23735813282746682,-0.4979334920920579,-0.3918435918497203,-0.8808275776149236,0.31049361942531273,-0.6409311419304228,-1.3592851237569896,-1.502026057507212,-1.0809890094621595,-1.5536463814132986,-0.44311381467579414,-2.197824356987915,-0.30085112981114864,-0.05868348518384054,-1.6603783160436294,-2.876461628372667
daphnia,12,DS19,300,247.33984787203372,-867.037587553953,0.8732416486042596,False,complete,8.12716664778102,3.7809045020990966,-11.112676112762871,-6.848299447391349,3.2610246583765354,-0.974393050626101,3.491116882418035,-5.734862565286097,-10.075853495538984,-3.8834617598014556,-10.301337921361872,-5.578595041435212,-6.765727764688994,-4.090354709708787,-1.0059073618887655,-8.088699851748318,-1.3339874629225572,-1.159294662814382,0.565073873476442,0.12966534909542501,1.7379315176401047,1.5188803264310746,-0.25960669619985843,-0.4747252194420455,-0.3967983960624654,-0.8467882184121995,0.29212346800701305,-0.6946015632370451,-1.36213671686703,-1.5101855739841792,-1.0885661193461924,-1.5682756280721222,-0.4366827016446111,-2.2264468416418466,-0.3107660715540379,-0.010182609384506745,-1.6901991173908735,-2.824156751410006
daphnia,12,DS19,350,276.2197861443274,-866.5614703659635,0.5174427926411485,False,complete,8.092814083156457,3.7638768680933294,-11.156773864062131,-6.821057368298823,3.2198505763665937,-0.9516749356733599,3.5070106862205983,-5.729722305755849,-10.035603373801347,-3.835098062981936,-10.267096798733055,-5.5525736601459155,-6.7700367377687,-4.121735640183615,-1.0549264737129567,-8.093524696881326,-1.384986229380153,-1.2008417579419217,0.611591899840479,0.16109585027739978,1.7099874130460575,1.481082501785763,-0.2669970004920603,-0.4840863044051751,-0.44009473803714483,-0.8361966092062825,0.2506719090711802,-0.7381240992531116,-1.3744775477306,-1.4746756882656649,-1.0766556141452424,-1.573969651520191,-0.4040596491941806,-2.2131317321682817,-0.3256660895507568,0.02238475261313326,-1.6970635916601202,-2.7861957860580016
daphnia,12,DS19,400,305.0557419024408,-867.0074183495308,1.1911632788139903,False,complete,8.093159041808889,3.7184102733774553,-11.182860734748296,-6.8303550743570876,3.1924623323974215,-0.9516576227926916,3.49906573484193,-5.744576555424123,-9.9873650833963,-3.7924005243516072,-10.235003289762304,-5.529210623923787,-6.773478558004512,-4.160402930945609,-1.0959574285459222,-8.079415653496993,-1.4237244572540677,-1.2394127506473058,0.6481800847204917,0.14894359033451518,1.653800250359497,1.4596184547976185,-0.24216263787110043,-0.5206880102478997,-0.46253754958140786,-0.8041691362589426,0.20385943263115866,-0.7792664806647072,-1.4033628255092967,-1.4537766227835722,-1.0904566494512657,-1.5682461621348995,-0.37878746946119757,-2.2392956052706374,-0.28167487697299654,0.06282444127763313,-1.6920308868598022,-2.7634495152132565
daphnia,12,DS19,450,333.5934879658744,-865.097156074857,0.6030384148198473,False,complete,8.112166539562486,3.6717237348085994,-11.19188076568579,-6.8591082562035774,3.180550598495496,-0.9700424829908342,3.4916001355784854,-5.759524589101222,-9.958009519072863,-3.757380798998256,-10.207179606260036,-5.514741462062426,-6.758228191638939,-4.191866000112092,-1.1282973536588077,-8.061517894936493,-1.4576939554120467,-1.2704916032935685,0.6721867340192742,0.10741756353439419,1.606564173861958,1.4562272864418413,-0.2251952295838175,-0.5393856439337943,-0.4521689298590281,-0.7959802982669583,0.17452904866544033,-0.8104156048757779,-1.4095770369938392,-1.4628837315713672,-1.1006303731673197,-1.5707437852486783,-0.3784775011764399,-2.266972512230637,-0.23777498267786842,0.09587711135163099,-1.682228670195953,-2.7531302549919254
daphnia,12,DS19,500,362.3046365901828,-865.6271089482043,0.9965911064338452,False,complete,8.111522445184864,3.647108671173207,-11.192738627322894,-6.883392975267488,3.179707750725455,-0.9872649390743443,3.469336587238867,-5.771979522836477,-9.946517602323702,-3.743242810047123,-10.173949524134247,-5.496390286355066,-6.745016520043306,-4.202208044262713,-1.1537884630160067,-8.045960946878864,-1.4833674168563198,-1.2955040345888702,0.6849644792512214,0.08775142646410944,1.5741108136182889,1.4535001115275086,-0.20834846504894594,-0.541439370082821,-0.44678899545036915,-0.7872119215679143,0.16832222166432473,-0.8289537074417588,-1.42073869468555,-1.4751390978236583,-1.103264879509313,-1.586832726060571,-0.37720348635450335,-2.286739999198043,-0.21963537148344056,0.11690636368020302,-1.6780653766315197,-2.7510570408120456
daphnia,12,DS19,550,391.0952498312108,-864.8496898505643,0.43138511199370627,False,complete,8.09408923161648,3.6361647363465046,-11.192907721052846,-6.899861685686819,3.1819340917276087,-1.000824095940666,3.448994806438957,-5.7676938387097065,-9.9422976343916,-3.733833103480679,-10.142070523733159,-5.482159372927946,-6.7400423597454315,-4.198914430848259,-1.173094475888923,-8.03227359690773,-1.5013468203989984,-1.3165652511417902,0.6917392460419192,0.08963982015407167,1.5545701212360945,1.447706114874042,-0.18964090254078655,-0.5333660297115846,-0.4493329086548804,-0.7805535839758598,0.16969372502656013,-0.8371097639154287,-1.4293722131001985,-1.467347696138869,-1.0988599596238156,-1.6024874569474223,-0.3683468777537264,-2.2979311353143093,-0.2126928240500979,0.12821232664183427,-1.6822384074230932,-2.7556853937349324
daphnia,12,DS19,600,419.9523724219762,-865.193113652611,0.9069624216648219,False,complete,8.074918217309618,3.6359941693117945,-11.18979615737486,-6.911565918790197,3.1881468563768505,-1.0132146316546755,3.433919054067856,-5.773284968766619,-9.936861661392761,-3.7300076419903716,-10.119889021414975,-5.47773956454967,-6.725920310503863,-4.193224839539821,-1.1852990525854212,-8.023269964847023,-1.5132360313348472,-1.329994308280502,0.6958885142427468,0.10090008417628808,1.5437203123608583,1.4430357031490397,-0.17855959122031573,-0.5307376247365766,-0.45371012568758584,-0.7800916068149408,0.17407595294728356,-0.8401758389049553,-1.4418704991745839,-1.4601391763047376,-1.0914202587447235,-1.609664972782405,-0.35965166622847944,-2.306614066485274,-0.2128913371207976,0.13441726195199277,-1.691289202608537,-2.7621124230034892
daphnia,12,DS19,650,448.7624056828208,-866.7708535989116,0.6453073878042752,False,complete,8.060194333423905,3.6422517695153953,-11.188336367487196,-6.915511133534202,3.1923694840562753,-1.0207401879481457,3.428604895603957,-5.778235681009164,-9.932369252055636,-3.727613673114759,-10.105515114357742,-5.47073445243399,-6.719329162960043,-4.190076389921128,-1.193113609877179,-8.021284387784885,-1.52030536602572,-1.3384524350311156,0.6987631879147943,0.11348095161272159,1.5371128829978882,1.4392017544637319,-0.1708418755626243,-0.5331760449618926,-0.45351754457201715,-0.7807325194942215,0.1791918614087911,-0.8424700786906786,-1.4514604666466102,-1.4565179016642296,-1.0859160908897534,-1.611593490944946,-0.3579978251098327,-2.311938809538985,-0.21563288586759163,0.13884564517624182,-1.6942295368583398,-2.7699103932405875
daphnia,12,DS19,700,477.60009713144973,-865.9212897975434,1.0923048885907187,False,complete,8.050378412439883,3.649460196177937,-11.188434800176342,-6.915575860696964,3.194461490112043,-1.0244081836910544,3.425723093486454,-5.784223846866386,-9.9288247005481,-3.7264667179620385,-10.095989442106687,-5.468089759476614,-6.718071465468188,-4.187570522437102,-1.1984973916663897,-8.019512940429792,-1.5249387551213411,-1.344054401300368,0.7007842974185038,0.12251529867136521,1.5332061369216166,1.4360336176839643,-0.16573862773891251,-0.5322818424588419,-0.45289368983321987,-0.7820802285766857,0.1789209166491409,-0.8447396304683594,-1.455880514809509,-1.453424424619852,-1.0832727134643114,-1.6136410327682724,-0.3586625629109533,-2.315594986587424,-0.21409270528331442,0.14172286646857715,-1.6945729949520187,-2.7760323139178156
daphnia,12,DS19,726,493.08110316097736,-865.8703259351233,0.18694465028824003,True,complete,8.046752658343202,3.6526410353162864,-11.188922984459083,-6.915146119571341,3.19487589265725,-1.0254290207409391,3.4237673001282065,-5.786803570471182,-9.927781361850846,-3.726445539516563,-10.092396217589386,-5.466124443743793,-6.718748106823531,-4.186722783372194,-1.200764454404227,-8.016913807278977,-1.5269237813378334,-1.3463378752347717,0.701740060961924,0.12606697227075084,1.5317564799099816,1.4346998242180442,-0.16388657702918494,-0.5312238614985098,-0.45258267656932355,-0.7833620897182869,0.17756954641260228,-0.8458592751448623,-1.45728298699308,-1.4515818324106484,-1.0824945704307223,-1.6150188484907735,-0.35935812952590984,-2.316714688116632,-0.21198238290042748,0.14309121694158816,-1.6936552319487959,-2.7786771765197376
daphnia,12,CTDD21,0,0.0,-962.7222046879062,1.657673321398099,False,complete,8.792837760666261,3.977836331516015,-10.993922427557964,-6.670054615419416,2.506615908330843,-1.0615526936304247,3.682444217931703,-2.1836393338305413,-3.239455005746919,-3.9692788369900702,-9.334499104047493,-9.0032558991158,-8.345716198062375,-4.335686113460441,-1.1606436371374163,-1.532233839090182,-2.2142278875378247,-0.9923524706916284,-0.1694121256126702,0.2150541453199876,1.2647887955598094,1.5798536328377188,-0.18792788634082497,-0.7333980044488645,-0.5524164611315355,-0.7400153815325791,-0.7318096552742438,-0.5163348332489709,-0.19365173065650493,-0.4847651689509346,-0.6064407134006715,-0.6122664111001995,-0.9089520726494487,-0.6053900218447908,-1.7663444578257792,-1.0374759910193208,-1.0594153384648737,-1.1058005706819574
daphnia,12,CTDD21,50,47.45609555323608,-870.2232281153437,0.42907738828616054,False,complete,8.581139008404772,3.676230544250666,-11.441949777754996,-6.732325460807316,3.3328045033582674,-1.101221381054597,2.9636089887084727,-5.4089843861519755,-4.480441890397258,-4.122122753156395,-11.126399668026423,-4.474767345480643,-4.972686423394899,-6.294235521359153,-0.8409931393937353,-4.187980463897143,-1.8946965040331696,-0.8230843142907115,0.4450094509594466,0.2891755198534675,1.1942293451922812,1.2288244898210838,0.009063943936313707,0.04797227779775485,-0.3740490741614447,-1.2002198295466209,0.7921514739558403,-0.636397099886498,-1.1041280228232893,-1.6039739395191912,-0.9625915844999048,-1.3833238995477997,-0.4095109064754248,-1.8098883947527993,-0.09180979219783975,0.028873491705101968,-1.6716645507828016,-3.8375268943494696
daphnia,12,CTDD21,100,94.91219110647216,-871.3271106367937,0.9599458548868174,False,complete,7.741785448779921,3.6869990166584814,-10.625919556204346,-6.624444318290914,2.2566360606185754,-1.4697479463732834,2.6765696232537115,-4.3538471442289435,-7.978974163601261,-3.4678371846889715,-9.272642412694863,-5.016671917567868,-6.176149559137474,-6.229666492704025,-0.8156858622723065,-6.090675533983326,-1.7601786935105188,-2.348677224705501,0.40254270958953975,0.30649134854298604,2.1386229805300405,1.2340850898011144,-0.31973393519584614,-0.3482376367261048,-0.7506102008436705,-0.7006636053883587,0.17848122939766375,-0.590326172967532,-1.3616606458531495,-1.5121524433438633,-1.0159800786444901,-1.5468107549602697,-0.3736164539548831,-2.326786650155249,-0.43810579694686314,0.10953719392888187,-1.7275341449550758,-3.9803542000013135
daphnia,12,CTDD21,150,142.36828665970825,-868.8289203079526,0.8323147115457111,False,complete,7.5373796514781795,3.8008195891946666,-10.785801929128757,-7.117154299839177,2.5082108826099057,-0.7845189489724371,3.6281326016184243,-6.093945576018069,-9.256496177444772,-3.9618378180976035,-9.088593457488235,-6.220539028210834,-6.689664626510754,-5.632495745705183,-0.8449399063721242,-7.107395496764622,-1.9279576232342681,-1.1007936551903275,0.6891531049890924,0.48758447846042824,1.2402469419047952,1.330042559543862,-0.03702841860934755,-0.08884299059371444,-0.7267111975715842,-0.7351985368154053,0.41654446757759017,-0.6836818818561534,-1.2074487870617787,-1.2565086876234288,-0.9894942759426635,-1.5581948303463622,-0.35798495736115726,-2.307064509393356,-0.09906127256734162,-0.022836160586351364,-1.7821214587743908,-3.228229915513343
daphnia,12,CTDD21,200,189.82438221294433,-867.2484762189542,0.49736962522746925,False,complete,8.180936426184989,3.789308849665095,-11.101902002977038,-6.845219079458026,3.2629029334398276,-0.9598069736414697,3.4712947434678028,-5.713633711028588,-10.123962262082607,-3.923499749607803,-10.364235750043301,-5.582118615624478,-6.741901472179351,-4.061349711980402,-0.898151084358028,-8.073968282125028,-1.2324993272157392,-1.0703348482205273,0.47204960663839296,0.15486650148087217,1.786776996278222,1.6031746808094796,-0.23779489700727735,-0.4981588187458709,-0.39950955202407795,-0.9005637137113387,0.32020685698534673,-0.633531149740008,-1.3517558678444628,-1.4972286669823842,-1.069230688678288,-1.5609017933371097,-0.43711179872265377,-2.191861099413591,-0.2992381284080014,-0.06722017514684603,-1.6422450372085906,-2.8683993378220793
daphnia,12,CTDD21,250,312.7953126761131,-864.8436282374334,0.7306360174070192,False,complete,8.193691141866838,3.7918280209871487,-11.105334971283858,-6.8653330772885734,3.226912540089568,-0.9793972515292443,3.4299983625136123,-5.7018367403013395,-10.124386782647871,-3.8906060519509733,-10.383736481248238,-5.548245993672908,-6.740538704019454,-4.068728764514831,-0.8629559783107066,-8.080909719660896,-1.258315447339259,-1.0300495957728146,0.4629403035458348,0.12927979166849946,1.7495290621904414,1.558338608415561,-0.26924199799020626,-0.4685707998845077,-0.39159148968634266,-0.85784691181124,0.28320955557987004,-0.606169915353746,-1.322730964214981,-1.472090512977745,-1.1001086428578484,-1.5247665128375907,-0.4669996596667328,-2.1649617845053672,-0.28206306746978144,-0.026966407110408618,-1.608967876773513,-2.8273509767319527
daphnia,12,CTDD21,300,435.3532941802405,-865.7060217822286,0.6011630568370028,False,complete,8.19752396033341,3.7965604229337546,-11.10754684202819,-6.868124361019994,3.2157337244485893,-0.9825129136920631,3.4126472597933164,-5.7003369900797445,-10.120909353332454,-3.880515541288888,-10.39375069668854,-5.5337215810724265,-6.74160563581377,-4.073158000444408,-0.8445666183426306,-8.081411037729119,-1.2740926006085405,-1.0148569170201063,0.46346146523380494,0.12255274056650978,1.7333955111371278,1.5400273544506855,-0.2812524959687497,-0.45740194123442623,-0.38496975025076696,-0.8396986902547104,0.26918692596342253,-0.5953038133982127,-1.3099179048224214,-1.4598584575498101,-1.1112223449852072,-1.5102797343119994,-0.47761436103682386,-2.1525336861109463,-0.2696019778578792,-0.010677013862369175,-1.592787828960985,-2.80693827895737
daphnia,12,CTDD21,323,493.61362013267353,-865.1500466993016,0.1623196958724266,True,complete,8.19728385411231,3.7979609568319277,-11.108264427311271,-6.867734296608215,3.2148364836951235,-0.9826676633443207,3.410142698447932,-5.700881437618271,-10.119649816708915,-3.8791791616015763,-10.394246894359783,-5.531895484748503,-6.741400357559235,-4.073904399208165,-0.8422275480196038,-8.081846121991273,-1.2761825770504276,-1.0130549494419492,0.4636338283149734,0.12096985915927193,1.731264579007507,1.5372436412410182,-0.28251228039834064,-0.4555103608377704,-0.3840233548540207,-0.8372259528399034,0.26737563533928677,-0.5942737773822814,-1.3078675030560472,-1.4583987266322185,-1.1122791756779558,-1.5078152189075331,-0.4788124873197126,-2.1511566534858932,-0.26765253338255207,-0.008409438822620425,-1.590406959967323,-2.8041242078342603
daphnia,13,MPIF,0,0.0,-933.2759553864566,1.143516566385162,False,complete,9.26678648202136,4.0232523887735,-11.57121315476644,-7.070523683887309,3.423370324374357,-1.763714857678023,2.970485012429033,-2.9126700480232404,-3.7991440628235016,-4.658436375841545,-9.032792034955945,-8.721502317867364,-8.692176762671977,-3.5923984808290625,-0.9040132609539955,-1.2922672008804383,-1.8075344061619127,-0.7235634124831104,-0.3594968962151737,0.4513934936622785,1.784683677363936,0.7343229061533865,-0.7224532245122822,-0.5576587079082175,-0.4731998894816183,-1.1673252314749547,-0.8493494769757997,-0.7245963805524165,-0.5992579986575042,-1.1361443227556522,-0.17244312914471657,-0.8473931452717381,0.15692569498299289,-1.4680710598630353,-0.5095156061090621,-1.4651837142762238,-1.489395349943772,-1.7536277903018078
daphnia,13,MPIF,50,47.02615327492822,-871.9782300531738,0.5577064898393385,False,complete,10.287846683505014,3.373698846065595,-13.39318137891523,-6.5736998476816675,5.328587466372753,-1.5728092011427661,2.876928328459183,-6.7402152709534935,-5.072098254684108,-6.97880841466783,-7.358716238043827,-7.624645272877944,-7.882494404681639,-7.249979109031822,-1.1749357955428297,-0.7189641212390212,-2.3519780069540923,-1.795048941968463,0.03672606508001946,0.42989913420752746,2.618809954708871,1.6838224584637642,-0.4792145654127068,-0.21927904413046484,-1.173049718190261,-0.981119701695218,-0.2986498387180762,-0.7963279995670959,-1.5925740233800698,-1.5416991989746494,-1.1148239077780058,-1.4745981305665101,-0.20878901893602966,-2.1383046129548178,0.07491980363578574,0.018340769034753734,-1.5177422695023586,-3.5007754248739653
daphnia,13,MPIF,100,94.05230654985644,-870.3911072064618,0.7009181173559617,False,complete,9.015763037069162,3.645413975382979,-11.971948847440467,-6.714602362117438,4.280032583074631,-1.0746287998928363,3.3654945920722343,-5.1614988413825476,-7.150376899254946,-4.789109023833471,-4.868323211633535,-10.134231901519849,-9.27627187437368,-8.183373919407007,-1.0786891914287449,-6.618365577311063,-2.121059689605597,-0.6127221406946378,0.8753464937978771,0.7631720829102623,1.6160360549921764,2.078605214690012,-0.01969700045957813,-0.1691185736099731,-0.48750188744239553,-0.7920972963957666,0.1680402385927148,-0.603920007292221,-1.180542942339389,-1.4835708146993218,-1.0804512686670125,-1.437630668527783,0.5121345889486029,-2.2045681868977027,-0.041480580185096844,-0.07182241860544344,-1.7040451186085617,-2.7535718643163727
daphnia,13,MPIF,150,141.07845982478466,-871.0850599411247,1.2920118320448897,False,complete,8.321677365504431,4.1576558052743176,-11.031971347458144,-7.09590615421438,3.0001912396456376,-0.8660887616725784,3.7846918113417876,-5.2597331196556745,-6.357579969892766,-5.755593615479394,-3.5005275456412153,-11.846377362762182,-9.92085071961999,-7.9229478838515925,-1.0566665132357902,-6.316591729955957,-1.5798047829815354,-1.1265736236768118,1.9610944038222393,0.09509961343676303,1.6901078264352571,1.4571729205883577,0.09616636143328157,-0.11717206905286447,-0.4919250043303155,-0.6868803692251768,0.5269220761060088,-0.3640822761169806,-1.3523232426502672,-1.2151278618460444,-1.0571327017286967,-1.579208590625385,0.7392129623110806,-2.2422881136476693,-0.06337426512460438,-0.012017558400421444,-1.7271270997472856,-3.304396523786178
daphnia,13,MPIF,200,188.10461309971288,-870.406620665925,0.8013905508606474,False,complete,7.162643534059705,4.183418422200876,-10.01743514896253,-7.162269500068471,2.017460104966379,-0.652110347243256,3.6037417596523005,-3.7913230883073115,-7.458444014240812,-5.213490643233142,-4.614864905843924,-11.663644374532458,-9.102011661408849,-8.031408631385334,-0.594309714220685,-6.268172368170973,-2.0586776107378992,-0.7876207857646672,1.1548926791273686,-0.031962758361160346,2.369405550486187,1.1878708301723429,0.09170279635194964,-0.22590011984161046,-0.346064857980939,-0.6938395464685626,0.5520247084800338,-0.41065459270652654,-1.2175226828065022,-1.3137197618724366,-1.0484060024037998,-1.5421694117250249,0.36806004765557887,-2.5672878754794195,0.11721223738568043,0.1936469135193596,-1.519537662773577,-3.2266624582770813
daphnia,13,MPIF,250,235.1307663746411,-865.5004938682293,0.7071983199709823,False,complete,8.019166186088196,3.942053661031958,-10.979113539789289,-7.066048883485259,2.7615074072644923,-0.8430396419729319,3.5318522337701075,-4.617166963059598,-8.789729848285258,-4.213374802021785,-4.65701662393031,-11.412182580948066,-9.735567910336812,-8.680107207163804,-0.6681031858390628,-4.054545876342289,-2.01317592476534,-0.9099603958430376,0.54068611908914,0.1624176146640647,1.4937213895236068,1.5241510729353491,-0.04753270931853529,-0.06379490088927715,-0.3049081695564151,-0.7507970048567479,0.6583964117180264,-0.4259856793123408,-1.2544715553440546,-1.300837119008129,-0.9831777030396363,-1.5385088611441065,0.48164895713761646,-2.346329674098176,0.036511854921199696,0.1266633652121742,-1.7370410318901246,-3.500936606501642
daphnia,13,MPIF,300,282.1569196495693,-864.4513609329397,0.8457553619425944,False,complete,8.373146656881948,4.162921319325828,-11.250316689303414,-7.106225112948381,3.270836860734117,-0.737019336401621,3.7881197574767986,-3.3642928350956067,-8.843853479796266,-3.9318931365739784,-4.595229055820251,-11.5889062768964,-9.779993877652092,-8.929070840233743,-0.9198515981356786,-4.087847134768776,-2.157493288970149,-1.0015616535144314,0.7858616029748724,0.17414871099675247,1.2048885599151333,1.5000129660120105,0.0250491602683424,-0.16395976532120718,-0.30193540903513744,-0.7478854750948668,0.6721065811712141,-0.47790896536483435,-1.1298737926518805,-1.2982039919768202,-1.1066108966265067,-1.6021220383100834,0.18256633775946976,-2.387415097481791,0.026178384034232203,0.09962944790328417,-1.6554474958817629,-3.1166507213701395
daphnia,13,MPIF,350,329.18307292449754,-865.935827277987,0.5395398683748257,False,complete,8.304745114608261,4.125122974754384,-11.243785863714761,-7.184299708679729,3.341617774527712,-0.4976172738678757,3.8619339039880227,-3.798412565897964,-8.85287028409324,-3.5189075319967715,-4.5110244705576275,-12.068607370575084,-9.575662463832083,-9.651153328293221,-0.629922498227254,-4.26811702220477,-2.154137785874572,-0.8340007634049484,1.3583665413645905,0.1607016603376434,1.48992751504252,1.345442897169212,-0.15912240692908358,-0.11499635234166164,-0.2802758335991296,-0.7412732846676832,0.5202683978930204,-0.5695438225242796,-1.1873868234445537,-1.3476290589223336,-1.1307942751026954,-1.4732648919517648,0.04427081649070375,-2.381937054203221,0.2583011971183207,-0.04576943910568275,-1.703674806660812,-3.1689460682802713
daphnia,13,MPIF,400,376.20922619942576,-866.1104290859162,0.6523690452837545,False,complete,8.264756564145154,4.091119302821039,-11.22011474053145,-7.177386892676861,3.263361439220676,-0.6479800446079348,3.8507716273652868,-3.708977020530977,-8.796527110145412,-3.8631209917847174,-4.179764490990978,-11.85465845479551,-9.661870595576417,-9.610407759046922,-0.7883177824913264,-4.044786280007418,-2.2555870211040907,-0.7611639637347473,1.34806233582676,0.2735767427786148,1.484424100012307,1.3341799568254662,-0.031443074930296244,-0.1620756537196588,-0.23627629333759034,-0.7537328121834732,0.6416256734757262,-0.4931036842737994,-1.2360909783050102,-1.3265794221214313,-1.1290593205546775,-1.5344452628288545,-0.020016768335235035,-2.4013938849088516,0.2373834856012435,-0.05490257101436678,-1.620053682731458,-3.3172465828196955
daphnia,13,MPIF,450,423.235379474354,-867.2279101377185,0.6349992943122007,False,complete,8.145930433623331,3.9107360203844217,-11.3255381088839,-7.12448507233613,3.4230497038812167,-0.699779265400814,3.964006350516766,-3.6543500822792674,-9.08892473351736,-4.074658544249926,-4.024998777726948,-11.953624262205459,-9.484357712121675,-9.482969945577558,-0.835914906473241,-4.2126649057661885,-2.2447681228312124,-1.0486213774418034,1.1195283694127647,0.1876413196618096,1.5721455736394208,1.35244094352873,0.018798985599399413,-0.15556674748600013,-0.3026013099641036,-0.6988025111960975,0.6389267700166931,-0.4276522504214138,-1.2869406913330528,-1.3110574285002172,-1.087135004462652,-1.5606493054939539,-0.01508884288651952,-2.44209918649024,0.2462038927916024,-0.05990471903478122,-1.6334943281127792,-3.2416763637761035
daphnia,13,MPIF,500,470.2615327492822,-863.3884144750828,0.5818857056591432,False,complete,8.319006763474768,4.098928690758323,-11.316613359890763,-7.183228093631868,3.4185185019574913,-0.6094507606217977,3.894274431611703,-3.754246560898667,-9.087616364506147,-4.1189967692606135,-4.037075120034257,-12.018837090693584,-9.586662714694247,-9.318111267742655,-0.9098010446340893,-4.360068689986126,-2.193573790878226,-0.8730860631879126,0.8960702300930941,0.18314273597238404,1.445726266935019,1.4015581537604342,-0.0033976249126865593,-0.1734617872675306,-0.2992579237591372,-0.7104936534576283,0.685983536542589,-0.47878636876606595,-1.2929060190664117,-1.3183934289045467,-1.1339398691823217,-1.4680399912283506,-0.03472392569928102,-2.3505093461896776,0.2707914376178137,-0.021757457064990417,-1.5936492573986953,-3.2836772724625267
daphnia,13,MPIF,550,517.2876860242104,-864.2420578662557,0.6819578139501572,False,complete,8.239364336757733,4.061897521753548,-11.271261350894726,-7.17906869357932,3.2809170703383614,-0.6025365952924556,3.9502445076567074,-3.742714156143081,-9.121216208283434,-4.2130205179155205,-3.927838376230229,-12.127856309919013,-9.669736397819795,-9.41512893218276,-1.080051479135257,-4.367140205227606,-2.058329427788879,-0.9532019956370428,0.8538345132572353,0.2572695111570878,1.4323111830215036,1.3391783655349587,0.010714515277562883,-0.15244676787245337,-0.3351499334533687,-0.7960686780560885,0.6212944044964491,-0.5008909632610146,-1.2597712081416204,-1.2879374730197457,-1.0618382081724653,-1.4834711271509082,0.019630638955590644,-2.336514480666798,0.30393729699972655,-0.07740200074930309,-1.5958880299674776,-3.3404930433465774
daphnia,13,MPIF,600,564.3138392991386,-866.075965871926,0.479738212092371,False,complete,8.227098333903482,4.032906910587691,-11.198097433671533,-7.12163465895907,3.222375638676643,-0.602202341083422,3.959462719960403,-3.761106742809955,-9.093917648875461,-4.237094163629082,-3.937171910586938,-12.123729252165653,-9.667742155327987,-9.395372254114644,-1.0577083923544,-4.41722863891986,-2.0620023860105814,-0.9152278059692763,0.880621509621752,0.2256774712038122,1.5656416079086684,1.3763233760912688,0.07611941227437662,-0.14104723071207073,-0.34477450330243575,-0.7925080522937444,0.6048593347668956,-0.4750808659283605,-1.253542311296248,-1.2785531610973606,-1.0614189445945048,-1.5016267624252808,0.030942079559363414,-2.3577086510839687,0.32768226943669704,-0.09665594274727156,-1.605414109180237,-3.337771961317182
daphnia,13,MPIF,650,611.3399925740669,-864.1778972547695,0.8483582840599494,False,complete,8.210280478048025,4.025080272169756,-11.18561982602572,-7.129827193390953,3.2654230449021395,-0.6328824611456267,3.9216871670385065,-3.774105428576209,-9.09645506209034,-4.234368784797399,-3.9357586472465282,-12.112696117121208,-9.701836649864575,-9.377831324960313,-1.0445892722020387,-4.391892093615737,-1.9930384399596979,-0.9112970162127554,0.8806498631506774,0.24047385896542012,1.5774589989735923,1.364131647677314,0.06490632913046125,-0.1304491971952606,-0.33859405694539885,-0.8139798912503,0.6089989253719281,-0.45956278047382665,-1.2478971578127058,-1.301859954861632,-1.0652860468232106,-1.5140100752952637,0.05225460246323509,-2.3483415469399684,0.31883384498648554,-0.11024339072340121,-1.6277202331919154,-3.3378759796003346
daphnia,13,MPIF,680,639.5556845390238,-863.6076076262593,0.22234915660684212,True,complete,8.212175195020691,4.015460466551402,-11.213878792301905,-7.130760933629449,3.2834532289396203,-0.6613917250505635,3.8959431320788793,-3.793815015057322,-9.0885716604162,-4.255981176140912,-3.934517666918614,-12.117998850426833,-9.697111077612153,-9.41362064763681,-1.0795946551444209,-4.39256783524609,-1.9765968367551083,-0.9176429028315504,0.8825644755020312,0.2633973025498295,1.5785534598350488,1.3566069523309316,0.05961447958953975,-0.12808548134035327,-0.3422180937459939,-0.817319205889446,0.6143560283754615,-0.4597306826906059,-1.2491112845723644,-1.3166145771744955,-1.066610047668719,-1.509040357935542,0.07173968938140084,-2.357753320244157,0.32555957424467125,-0.09700345475040574,-1.6321162105526226,-3.3480521221301083
daphnia,13,IFAD,0,0.0,-931.3247845217744,1.414319053990553,False,complete,9.26678648202136,4.0232523887735,-11.57121315476644,-7.070523683887309,3.423370324374357,-1.763714857678023,2.970485012429033,-2.9126700480232404,-3.7991440628235016,-4.658436375841545,-9.032792034955945,-8.721502317867364,-8.692176762671977,-3.5923984808290625,-0.9040132609539955,-1.2922672008804383,-1.8075344061619127,-0.7235634124831104,-0.3594968962151737,0.4513934936622785,1.784683677363936,0.7343229061533865,-0.7224532245122822,-0.5576587079082175,-0.4731998894816183,-1.1673252314749547,-0.8493494769757997,-0.7245963805524165,-0.5992579986575042,-1.1361443227556522,-0.17244312914471657,-0.8473931452717381,0.15692569498299289,-1.4680710598630353,-0.5095156061090621,-1.4651837142762238,-1.489395349943772,-1.7536277903018078
daphnia,13,IFAD,50,46.40579601598438,-875.9078459722963,0.8006468198107469,False,complete,9.59982779226836,4.104549235096103,-12.504384285912865,-6.603304329965494,4.226500547937522,-1.8495290219958929,2.261522072898444,-2.820065585049051,-8.575688073764592,-6.916791018057325,-7.849571244665083,-10.380544023505452,-4.333742377873923,-1.7473735718699084,-1.8495211560886873,-1.2709369594672932,-1.9858737224619365,-4.672810680312561,0.19842539253579328,-0.0034372851500712605,1.3557563007619764,1.1703832157532692,0.42006137369455937,0.09612057164398112,-1.2360244471275939,-1.0264543784811948,-0.07858206375107535,-0.6373499197437124,-1.4922717725317511,-1.453327502661328,-0.8608536340796493,-0.9876515028862796,-0.05647145490803329,-2.1617385597082657,-0.608363078899039,0.34244249782779895,-1.986704141330966,-3.623684554257652
daphnia,13,IFAD,100,92.81159203196876,-878.1316618623737,0.5587685894856939,False,complete,8.92300324962681,3.949784872531387,-11.273645738397875,-6.466474744791361,3.072357569013986,-1.8372421863713366,2.6293438159771076,-3.5727258806780027,-8.539562477666891,-11.038332214032527,-6.266200462245101,-10.843206967948996,-1.8602510517542306,-2.452978616032347,-0.8005081958537523,-2.1642794955706823,-1.3584734791794433,-4.017662892405604,0.4773897279901854,-0.1815200320136716,1.5642399183739852,1.5189869937567209,-0.0916705074593305,0.19255709668553062,-0.8972057559822348,-1.0992301081985691,-0.051612087244297375,-0.5213401246912746,-1.315816919408729,-1.2688640894395777,-0.7662455466762875,-1.2254229511021721,0.46480130484688575,-2.1172609752168134,0.02040341940256667,0.46863407132081875,-1.5319923150094716,-3.0439033249970215
daphnia,13,IFAD,150,139.21738804795314,-874.4505837552059,0.7503210511263038,False,complete,7.82572145237425,4.462403790874607,-10.88140283216839,-7.47302839175898,2.3118234277285725,-0.9216410682211127,3.4723884005434575,-3.1563419003280373,-8.563235710884966,-11.176068165526312,-5.823061412248326,-8.5510328654472,-3.617160153424664,-1.9813741337463713,-0.6328607137669737,-1.3799670677392437,-1.7916933532320982,-4.882232005024465,0.3349024352551435,0.4813870598102496,1.1848815544476903,1.8060254157789395,-0.09110067742135479,0.12271589323654335,-1.2567074726836007,-0.5411389504108367,0.0774043133442212,-0.5350408678446007,-1.2174144701387934,-1.4292194293993432,-0.8946452260458425,-1.4345553571628944,0.20921880120430728,-2.299748399384374,-0.18092910076610566,0.20919177442323564,-1.7514398551305155,-3.2591410224940063
daphnia,13,IFAD,200,185.62318406393752,-875.5814970861868,0.617086454507468,False,complete,7.925336896701573,3.7602909720165036,-10.575132481029492,-6.536496638343571,2.2217998104451584,-1.8814497569119166,2.055081309704064,-2.72075901157092,-5.963419018984365,-11.936220806394362,-7.919316957877593,-8.228065007865254,-3.470503211492209,-1.3950338759199605,-0.7445829684933266,-1.2562307842767693,-2.521309287600671,-4.3698117275056045,0.4517362692614534,0.05768900430708342,1.5264842919885655,1.7263968255981783,-0.3186234265694778,0.088896382200526,-1.1603175311764362,-0.8363686227978024,-0.18085765221702862,-0.7455372744394582,-1.2895780073146526,-1.609228373898907,-1.1023331177402385,-1.4849736631616284,-0.007659099021386823,-2.4595570110035267,-0.2656804653513096,0.293217772184158,-1.4754479859555416,-2.9382152077601353
daphnia,13,IFAD,250,258.24255657661706,-866.5096531691129,0.6344815099544753,False,complete,7.798531983569942,3.7896568835957303,-10.644331332792978,-6.488305297467194,2.4458439652480553,-1.8608632918240369,2.3904070081217554,-2.7824882174547416,-5.887716606497463,-12.109827610461558,-7.885075490588266,-8.455798671933133,-3.4208630576281127,-1.7888101276784414,-1.047114712126542,-1.2706659086714363,-2.176465540842051,-4.15235659300289,0.6409774870001528,0.18312582279435624,1.6028356211558399,1.4820129258511077,-0.4960344911335571,0.021731377649300717,-0.9393506346326491,-0.8681377461464559,-0.29898807184381654,-0.8820366000372986,-1.2822128507317396,-1.5263771247584188,-1.0416311976466832,-1.4928920114117639,-0.29332708779887023,-2.3978409469448843,-0.44544964580180724,1.9494324934726332e-05,-1.2635058426691534,-2.9654229957556937
daphnia,13,IFAD,300,330.8619290892966,-865.2062823557505,0.41517615145570097,False,complete,7.767428622560214,3.800561776356994,-10.661507293194955,-6.530062696051033,2.4771878049540463,-1.808120481296768,2.530520142782756,-2.892520733749116,-5.8974885837399045,-12.140691426353769,-7.92536072899576,-8.539219866508263,-3.392534826049217,-2.05978418024393,-1.1726195691618682,-1.371330645753097,-2.016185644841782,-3.880211506210125,0.613668340201143,0.1760599753078769,1.588089608028623,1.4911952460847648,-0.45120247404197533,0.003312497905007924,-0.9598086753254774,-0.8495065114221354,-0.2952400727538681,-0.8220940905654894,-1.3228550206440033,-1.5513620045835097,-1.0463772961268718,-1.37128003477061,-0.2891593418051286,-2.1602043169971217,-0.42558974995092136,0.04943163829386902,-1.2245180446153185,-2.7977636127282715
daphnia,13,IFAD,350,403.48130160197616,-865.3548572728879,0.7794594663810382,False,complete,7.778446734634269,3.784120202019587,-10.6458117782158,-6.564249773842828,2.4915741893945795,-1.7715835875087085,2.573721506147487,-2.9106607140125025,-5.93299238181108,-12.167463204155798,-7.969096094362472,-8.540375379535337,-3.4243663983279817,-2.1806081217019417,-1.202042010410089,-1.3635606739026174,-1.9648696708971936,-3.6879012495401495,0.6226585209137439,0.16762271853571484,1.5697976191882248,1.492520265324966,-0.43500593428003587,0.003183141239281403,-0.9144028405383184,-0.8328816854699558,-0.26024532364912706,-0.8202559539710131,-1.355009290857189,-1.5349581586598893,-1.0398303160095557,-1.3299135829292636,-0.2853640469117205,-2.079245662810312,-0.3784956045891555,0.055297037225625754,-1.2164269026934198,-2.7790373618520365
daphnia,13,IFAD,400,476.1006741146557,-864.7691826897928,0.15446797297945286,True,complete,7.767377636772282,3.795098105270257,-10.655550242631566,-6.565157285956499,2.4917564006407282,-1.7666571772765303,2.5880413382620184,-2.9337837284083306,-5.9276187036815084,-12.171048102098604,-7.972924708854091,-8.54578727466247,-3.4239729451130083,-2.226746048608287,-1.192751725850616,-1.3743853246122617,-1.954707011454059,-3.615249403818359,0.6242533843725692,0.16464050077108058,1.5601323298506014,1.4951889793388087,-0.42576455871256697,0.015407771520142022,-0.9227508829498988,-0.8258187243858905,-0.25214342935873557,-0.8060455726162878,-1.364571196025938,-1.5193370696837583,-1.0352676064842656,-1.3299183752024077,-0.28923784605803304,-2.0677293784280333,-0.3770206909752392,0.0583128866104044,-1.232162430632562,-2.7550987803429217
daphnia,13,DS19,0,0.0,-931.2953258134232,1.3916057982348375,False,complete,9.26678648202136,4.0232523887735,-11.57121315476644,-7.070523683887309,3.423370324374357,-1.763714857678023,2.970485012429033,-2.9126700480232404,-3.7991440628235016,-4.658436375841545,-9.032792034955945,-8.721502317867364,-8.692176762671977,-3.5923984808290625,-0.9040132609539955,-1.2922672008804383,-1.8075344061619127,-0.7235634124831104,-0.3594968962151737,0.4513934936622785,1.784683677363936,0.7343229061533865,-0.7224532245122822,-0.5576587079082175,-0.4731998894816183,-1.1673252314749547,-0.8493494769757997,-0.7245963805524165,-0.5992579986575042,-1.1361443227556522,-0.17244312914471657,-0.8473931452717381,0.15692569498299289,-1.4680710598630353,-0.5095156061090621,-1.4651837142762238,-1.489395349943772,-1.7536277903018078
daphnia,13,DS19,50,46.40579601598438,-875.6641863066961,0.5836216165174147,False,complete,9.59982779226836,4.104549235096103,-12.504384285912865,-6.603304329965494,4.226500547937522,-1.8495290219958929,2.261522072898444,-2.820065585049051,-8.575688073764592,-6.916791018057325,-7.849571244665083,-10.380544023505452,-4.333742377873923,-1.7473735718699084,-1.8495211560886873,-1.2709369594672932,-1.9858737224619365,-4.672810680312561,0.19842539253579328,-0.0034372851500712605,1.3557563007619764,1.1703832157532692,0.42006137369455937,0.09612057164398112,-1.2360244471275939,-1.0264543784811948,-0.07858206375107535,-0.6373499197437124,-1.4922717725317511,-1.453327502661328,-0.8608536340796493,-0.9876515028862796,-0.05647145490803329,-2.1617385597082657,-0.608363078899039,0.34244249782779895,-1.986704141330966,-3.623684554257652
daphnia,13,DS19,100,92.81159203196876,-879.0139374813909,0.6183240383969018,False,complete,8.92300324962681,3.949784872531387,-11.273645738397875,-6.466474744791361,3.072357569013986,-1.8372421863713366,2.6293438159771076,-3.5727258806780027,-8.539562477666891,-11.038332214032527,-6.266200462245101,-10.843206967948996,-1.8602510517542306,-2.452978616032347,-0.8005081958537523,-2.1642794955706823,-1.3584734791794433,-4.017662892405604,0.4773897279901854,-0.1815200320136716,1.5642399183739852,1.5189869937567209,-0.0916705074593305,0.19255709668553062,-0.8972057559822348,-1.0992301081985691,-0.051612087244297375,-0.5213401246912746,-1.315816919408729,-1.2688640894395777,-0.7662455466762875,-1.2254229511021721,0.46480130484688575,-2.1172609752168134,0.02040341940256667,0.46863407132081875,-1.5319923150094716,-3.0439033249970215
daphnia,13,DS19,150,139.21738804795314,-875.2806070070466,0.871127750074843,False,complete,7.82572145237425,4.462403790874607,-10.88140283216839,-7.47302839175898,2.3118234277285725,-0.9216410682211127,3.4723884005434575,-3.1563419003280373,-8.563235710884966,-11.176068165526312,-5.823061412248326,-8.5510328654472,-3.617160153424664,-1.9813741337463713,-0.6328607137669737,-1.3799670677392437,-1.7916933532320982,-4.882232005024465,0.3349024352551435,0.4813870598102496,1.1848815544476903,1.8060254157789395,-0.09110067742135479,0.12271589323654335,-1.2567074726836007,-0.5411389504108367,0.0774043133442212,-0.5350408678446007,-1.2174144701387934,-1.4292194293993432,-0.8946452260458425,-1.4345553571628944,0.20921880120430728,-2.299748399384374,-0.18092910076610566,0.20919177442323564,-1.7514398551305155,-3.2591410224940063
daphnia,13,DS19,200,185.62318406393752,-876.599954917895,0.6719943973851754,False,complete,7.925336896701573,3.7602909720165036,-10.575132481029492,-6.536496638343571,2.2217998104451584,-1.8814497569119166,2.055081309704064,-2.72075901157092,-5.963419018984365,-11.936220806394362,-7.919316957877593,-8.228065007865254,-3.470503211492209,-1.3950338759199605,-0.7445829684933266,-1.2562307842767693,-2.521309287600671,-4.3698117275056045,0.4517362692614534,0.05768900430708342,1.5264842919885655,1.7263968255981783,-0.3186234265694778,0.088896382200526,-1.1603175311764362,-0.8363686227978024,-0.18085765221702862,-0.7455372744394582,-1.2895780073146526,-1.609228373898907,-1.1023331177402385,-1.4849736631616284,-0.007659099021386823,-2.4595570110035267,-0.2656804653513096,0.293217772184158,-1.4754479859555416,-2.9382152077601353
daphnia,13,DS19,250,214.48281318321824,-872.3338875662155,0.40065374911786067,False,complete,7.877948857880384,3.7997935386408024,-10.596313280996963,-6.524029029796823,2.2280538232796494,-1.87367835647139,2.059575940694375,-2.737124247722782,-5.9304812701760365,-11.939262128402044,-7.8728378631113936,-8.271331908130719,-3.4764962096570735,-1.4058229089581986,-0.7909980762357801,-1.2687132585618635,-2.5247156461589557,-4.378029729179441,0.4810076342460956,0.08814364742858215,1.5233960881189943,1.6886345443864639,-0.30918854996504636,0.08090368540890949,-1.1636484193388676,-0.8364365654615553,-0.18744054854775682,-0.7334893784799383,-1.3105599938454215,-1.5936921831313517,-1.0941544889048973,-1.4691283750832866,-0.0020822129270865585,-2.437872062792356,-0.2555177184602705,0.2823795126357561,-1.4800744952926206,-2.925785842183429
daphnia,13,DS19,300,243.34339011460543,-871.9127094149036,0.7630877385265983,False,complete,7.820516777928721,3.845474373735051,-10.653216799749348,-6.473860168344938,2.1961191224156926,-1.8565822375315375,2.1028033011550167,-2.7624829264027966,-5.887326285869129,-11.918601193379823,-7.812913084085879,-8.317574294180654,-3.482224674139004,-1.420900776827156,-0.8530497630872517,-1.3214725054111751,-2.5257240440503543,-4.385956587388499,0.5399525551709499,0.12487780449582264,1.4858885323424178,1.6279631200430984,-0.3314509343392047,0.09701092900877739,-1.1438973361315752,-0.845234275810982,-0.1954178282196,-0.7597073227965137,-1.346384227069802,-1.6153571432769511,-1.0932280778962313,-1.448061010844185,0.004565531851844125,-2.4038111740047,-0.2608460967523829,0.25336039835399415,-1.4926201370780139,-2.9337725199456774
daphnia,13,DS19,350,271.89105131011456,-875.7976216043589,0.47420281973839795,False,complete,7.779830054984194,3.8414098057941364,-10.68678072096415,-6.435754340063455,2.183612335274186,-1.8333119325251173,2.1375598615324365,-2.7479360021584514,-5.869832943749047,-11.901778221988932,-7.763968808099065,-8.33000481497289,-3.494247595756515,-1.4611893997231553,-0.9055050163988346,-1.3678994327421883,-2.516729105163561,-4.399498234280252,0.589403093197659,0.1309283320733285,1.469158834944303,1.5723429998956528,-0.3631889693567828,0.11664204422831356,-1.1140328496415215,-0.8303088824157108,-0.22442799493602633,-0.7510690624860673,-1.3537390528683284,-1.6684378499923638,-1.1107818805984815,-1.4708775457582706,-0.023232676765932905,-2.3721418394447102,-0.28133639971327223,0.2547101593167556,-1.4701104088880852,-2.972141830338083
daphnia,13,DS19,400,300.5757529977709,-874.496328004278,0.5128143097585921,False,complete,7.756375268909214,3.810833922896435,-10.69192887334895,-6.425346638970596,2.2085608962376164,-1.8186198366615332,2.13864965251176,-2.699403758503196,-5.85550340352817,-11.891797988920253,-7.72909096224359,-8.328310218817082,-3.4710152432506844,-1.4981712964170335,-0.9457184184543107,-1.4028236561013152,-2.4829352155719895,-4.404040109719572,0.6211308672351799,0.10405780170432614,1.4528834449502415,1.5335270928131615,-0.37453254480196474,0.12196151264032533,-1.0876567757906244,-0.8033578987914761,-0.2344599971185216,-0.7455961729730355,-1.3573411760871343,-1.6862045842094222,-1.1065318243057196,-1.4768168532229944,-0.05371829611207709,-2.3520440421518787,-0.2881516484381788,0.23549810825098536,-1.459923646035947,-2.9936778707483938
daphnia,13,DS19,450,329.42578808171675,-871.8137342121727,0.4818875017014008,False,complete,7.743102838850768,3.780386958188119,-10.681017482216195,-6.4255275288919815,2.245974678817444,-1.8161691462687632,2.138136645813883,-2.6825413789556567,-5.845840275313405,-11.873110042444424,-7.702688636984643,-8.336134156276755,-3.4405086799258373,-1.519830344731861,-0.9773455172366369,-1.4314998005825235,-2.460691411416482,-4.397831991952376,0.6363406084592044,0.07570208531173439,1.4434128198601126,1.5080873038317202,-0.391069488367349,0.1350046316963735,-1.0626527014201603,-0.7945243292775996,-0.23151108456912992,-0.7470684066686302,-1.3587673080990843,-1.695971257299496,-1.1094545770515254,-1.4744672421095484,-0.07286462809762968,-2.353139409857895,-0.3075605515801648,0.22451138604044257,-1.4586837787046971,-3.006002673735018
daphnia,13,DS19,500,357.7290039691143,-873.1905961064573,0.5187932301890698,False,complete,7.735649764334908,3.7583437092904903,-10.670231538914939,-6.42890643304605,2.2719747152743603,-1.8221363242302884,2.1463665829393967,-2.6770131459922664,-5.844502353037916,-11.856459440008752,-7.683819741733782,-8.357074391757171,-3.420119119212452,-1.5430192118412613,-1.0011785124595518,-1.4480784843240562,-2.4377053838651417,-4.3984460657522115,0.6434643463870364,0.060425140733913536,1.4429432341790094,1.4921701266823404,-0.4067064861563471,0.15264893750216285,-1.031962727217037,-0.7869209790616517,-0.23403486206227148,-0.7474626114095899,-1.3613046721922977,-1.7044386982435114,-1.108568769155557,-1.4678968083108714,-0.08913570022683512,-2.3539950438138804,-0.3377565767046188,0.2186962421193435,-1.4553909714699331,-3.016259583068079
daphnia,13,DS19,550,386.42490910412744,-872.0100840977905,0.5558275386674286,False,complete,7.730487686600532,3.746282320248345,-10.660891964587709,-6.438619612770604,2.291195676558219,-1.8341067944506797,2.1484499460603494,-2.67496435352266,-5.843942603258694,-11.851681476256234,-7.670657102931645,-8.379362380352479,-3.409699428684571,-1.5603672858209179,-1.0182446842537838,-1.4564208592583348,-2.4212040718564793,-4.393679639633571,0.6462214494010818,0.06281721153283744,1.4516245631366034,1.4832038998787227,-0.4151299148985911,0.1665501118572817,-1.0075942388564387,-0.7766040352356809,-0.23173961722855277,-0.7324328285462866,-1.3595674759356964,-1.7112453244643224,-1.1017509710511206,-1.4572154273405593,-0.10350660023238825,-2.3540394307630157,-0.35832440261981163,0.22169232784517529,-1.445647900843165,-3.026040030967834
daphnia,13,DS19,600,415.0000761318952,-871.595043776279,0.851895785358096,False,complete,7.7268106053098995,3.7387956093302646,-10.65615227742499,-6.449344597116929,2.3015171634439,-1.8424112519140914,2.14189018289175,-2.6726297815100275,-5.843075691739659,-11.85169905739746,-7.661868482618716,-8.395870343152412,-3.3992874346042528,-1.5724701833762638,-1.0295143803870765,-1.4621683181293885,-2.409788853478852,-4.388063978748192,0.6472056845326848,0.0705002315043799,1.4601055271777266,1.4790353610092832,-0.4220059712438046,0.18068105419384328,-0.9962556194632785,-0.7707277883990978,-0.2333646125545129,-0.7183542304033108,-1.3554969497722795,-1.7077071715273613,-1.0959437460361254,-1.4475391810763854,-0.11194233924024291,-2.353983608226403,-0.3737239547517188,0.22224942255320596,-1.434456307754639,-3.0243618146099576
daphnia,13,DS19,650,443.27879817178473,-869.8669798746986,0.8391807688192067,False,complete,7.724215243923457,3.7354102701400658,-10.65229182772563,-6.454857900677102,2.309109136072348,-1.8460014985191893,2.1378513732785382,-2.670737226273616,-5.841100657038677,-11.849700257748479,-7.656283675849826,-8.407157767761374,-3.3934253628123154,-1.5805675857383497,-1.036647337785896,-1.4654434707129393,-2.4029904899425363,-4.384063227559681,0.6460995345962809,0.07916530563891716,1.4659351728280177,1.4772938658824581,-0.42576058342335027,0.1876265747628873,-0.9919957937640246,-0.764392677436065,-0.23773659573048714,-0.7123185623077871,-1.3521852879816338,-1.703790988125786,-1.0891618698314989,-1.4424577761896202,-0.12105671086568909,-2.3514941959126667,-0.3832623140204349,0.2211638457589239,-1.4277419885021456,-3.0218977026962066
daphnia,13,DS19,700,471.7521134647541,-870.2011329445791,0.4967101607639302,False,complete,7.722145168065593,3.734117960238602,-10.65120342339378,-6.457861349520647,2.3124012220367707,-1.8489603967834667,2.137133914162575,-2.670792195562307,-5.8391141311602395,-11.846826582132952,-7.652168221564005,-8.414916519788445,-3.3883940783223014,-1.5860313583472527,-1.0416805804195057,-1.4682816648811652,-2.397383171110284,-4.380723403004928,0.6446075896572634,0.08722022263162962,1.4705714652032666,1.4763924952891585,-0.4286719117315135,0.19069665419210366,-0.9878273599479744,-0.7608251314217361,-0.24312816297806825,-0.7081946938123054,-1.349410783379529,-1.7020106195788423,-1.0834682099053654,-1.4406024805831403,-0.12653071746495273,-2.3502111300471804,-0.38873704683343785,0.22068364354816497,-1.4237440039482476,-3.0207931642784662
daphnia,13,DS19,707,476.3274604305625,-869.9682229161831,0.11246452284580122,True,complete,7.72188665349313,3.733984434431273,-10.651214502349363,-6.4583059260567985,2.312625425933551,-1.8493306859561496,2.136931899201517,-2.6709138470380744,-5.838969464477963,-11.846682733592274,-7.651642683081146,-8.415883357689925,-3.3878805903711724,-1.5867361974939171,-1.0423152280135408,-1.4686094539053478,-2.396696929972977,-4.3804251550433975,0.6443852004530466,0.08820659477469289,1.4712138123534597,1.4762965926814073,-0.4289101373667428,0.1908156508706441,-0.9871480801460113,-0.7600860538126331,-0.24392607012715864,-0.7075835774568089,-1.3489833443106192,-1.701899298837835,-1.082726717141745,-1.4403622304226162,-0.12704841213893306,-2.349813056441209,-0.3894971891135598,0.220879527791862,-1.4230375444785188,-3.020830300736846
daphnia,13,CTDD21,0,0.0,-934.1098784622075,0.5756921429374126,False,complete,9.26678648202136,4.0232523887735,-11.57121315476644,-7.070523683887309,3.423370324374357,-1.763714857678023,2.970485012429033,-2.9126700480232404,-3.7991440628235016,-4.658436375841545,-9.032792034955945,-8.721502317867364,-8.692176762671977,-3.5923984808290625,-0.9040132609539955,-1.2922672008804383,-1.8075344061619127,-0.7235634124831104,-0.3594968962151737,0.4513934936622785,1.784683677363936,0.7343229061533865,-0.7224532245122822,-0.5576587079082175,-0.4731998894816183,-1.1673252314749547,-0.8493494769757997,-0.7245963805524165,-0.5992579986575042,-1.1361443227556522,-0.17244312914471657,-0.8473931452717381,0.15692569498299289,-1.4680710598630353,-0.5095156061090621,-1.4651837142762238,-1.489395349943772,-1.7536277903018078
daphnia,13,CTDD21,50,46.40579601598438,-876.2416607138605,0.311083272342722,False,complete,9.59982779226836,4.104549235096103,-12.504384285912865,-6.603304329965494,4.226500547937522,-1.8495290219958929,2.261522072898444,-2.820065585049051,-8.575688073764592,-6.916791018057325,-7.849571244665083,-10.380544023505452,-4.333742377873923,-1.7473735718699084,-1.8495211560886873,-1.2709369594672932,-1.9858737224619365,-4.672810680312561,0.19842539253579328,-0.0034372851500712605,1.3557563007619764,1.1703832157532692,0.42006137369455937,0.09612057164398112,-1.2360244471275939,-1.0264543784811948,-0.07858206375107535,-0.6373499197437124,-1.4922717725317511,-1.453327502661328,-0.8608536340796493,-0.9876515028862796,-0.05647145490803329,-2.1617385597082657,-0.608363078899039,0.34244249782779895,-1.986704141330966,-3.623684554257652
daphnia,13,CTDD21,100,92.81159203196876,-878.379002760836,0.8936185405106686,False,complete,8.92300324962681,3.949784872531387,-11.273645738397875,-6.466474744791361,3.072357569013986,-1.8372421863713366,2.6293438159771076,-3.5727258806780027,-8.539562477666891,-11.038332214032527,-6.266200462245101,-10.843206967948996,-1.8602510517542306,-2.452978616032347,-0.8005081958537523,-2.1642794955706823,-1.3584734791794433,-4.017662892405604,0.4773897279901854,-0.1815200320136716,1.5642399183739852,1.5189869937567209,-0.0916705074593305,0.19255709668553062,-0.8972057559822348,-1.0992301081985691,-0.051612087244297375,-0.5213401246912746,-1.315816919408729,-1.2688640894395777,-0.7662455466762875,-1.2254229511021721,0.46480130484688575,-2.1172609752168134,0.02040341940256667,0.46863407132081875,-1.5319923150094716,-3.0439033249970215
daphnia,13,CTDD21,150,139.21738804795314,-875.5200732093906,0.8699154302011046,False,complete,7.82572145237425,4.462403790874607,-10.88140283216839,-7.47302839175898,2.3118234277285725,-0.9216410682211127,3.4723884005434575,-3.1563419003280373,-8.563235710884966,-11.176068165526312,-5.823061412248326,-8.5510328654472,-3.617160153424664,-1.9813741337463713,-0.6328607137669737,-1.3799670677392437,-1.7916933532320982,-4.882232005024465,0.3349024352551435,0.4813870598102496,1.1848815544476903,1.8060254157789395,-0.09110067742135479,0.12271589323654335,-1.2567074726836007,-0.5411389504108367,0.0774043133442212,-0.5350408678446007,-1.2174144701387934,-1.4292194293993432,-0.8946452260458425,-1.4345553571628944,0.20921880120430728,-2.299748399384374,-0.18092910076610566,0.20919177442323564,-1.7514398551305155,-3.2591410224940063
daphnia,13,CTDD21,200,185.62318406393752,-874.2715978966305,0.6974393196168359,False,complete,7.925336896701573,3.7602909720165036,-10.575132481029492,-6.536496638343571,2.2217998104451584,-1.8814497569119166,2.055081309704064,-2.72075901157092,-5.963419018984365,-11.936220806394362,-7.919316957877593,-8.228065007865254,-3.470503211492209,-1.3950338759199605,-0.7445829684933266,-1.2562307842767693,-2.521309287600671,-4.3698117275056045,0.4517362692614534,0.05768900430708342,1.5264842919885655,1.7263968255981783,-0.3186234265694778,0.088896382200526,-1.1603175311764362,-0.8363686227978024,-0.18085765221702862,-0.7455372744394582,-1.2895780073146526,-1.609228373898907,-1.1023331177402385,-1.4849736631616284,-0.007659099021386823,-2.4595570110035267,-0.2656804653513096,0.293217772184158,-1.4754479859555416,-2.9382152077601353
daphnia,13,CTDD21,250,309.7551383385435,-872.7129249035381,0.2804380792466957,False,complete,7.888347815992574,3.7943627328131306,-10.610824650987377,-6.500252665510452,2.21772242556247,-1.8761182816120743,2.0938997685847176,-2.7354104295126676,-5.924816552559214,-11.954734480643031,-7.8832484811042765,-8.26607106840218,-3.4535535125723174,-1.375323208180483,-0.7059516917090158,-1.2232316960085805,-2.4795398590408055,-4.343141681669388,0.4318648539959585,0.02814251242553004,1.4909116388182972,1.683231669761784,-0.34862985141876635,0.12777499409837412,-1.1234369189347475,-0.8091024209590283,-0.15706381879792192,-0.7825998318142194,-1.318492238205509,-1.5683048891103337,-1.0912985051996311,-1.443300628638414,-0.04109368059882473,-2.4288385551551768,-0.29116541613586117,0.2527232475316846,-1.447096017578752,-2.899830790873438
daphnia,13,CTDD21,300,433.2059034225531,-871.6484879798252,0.6368960305900575,False,complete,7.880639186195698,3.799077551475006,-10.6169020097181,-6.492710131487373,2.223367867699237,-1.875953068514365,2.1097127409779284,-2.7259247561605755,-5.914667831038236,-11.962640544766925,-7.876188390145171,-8.278130081288788,-3.4486620689774354,-1.3835609036472616,-0.696074662074226,-1.2080467491403262,-2.46105685220776,-4.340606191721367,0.4257732948446984,0.023267432450642035,1.4784006097461386,1.6652698059908138,-0.3554398608181697,0.13748242180650552,-1.1050257957999197,-0.8037341066043937,-0.14508486491582737,-0.7969028205935813,-1.3304918480554233,-1.5531839514481804,-1.0831678187025724,-1.429970289328345,-0.05455983424282882,-2.422070085535241,-0.3025288263165217,0.2334561111143785,-1.4359333572210298,-2.8878839281822826
daphnia,13,CTDD21,317,478.1618932248093,-871.9702731022501,0.14367398738568782,True,complete,7.880290288780003,3.7991002813928585,-10.617106687079488,-6.492398498889355,2.22383467851389,-1.8758686683250874,2.111113348777266,-2.724548005290358,-5.914048681274467,-11.96354036323482,-7.875980030512063,-8.279312611982236,-3.448242370978613,-1.3846472117926518,-0.6953442708262862,-1.2061427189172946,-2.459242327175413,-4.340319630692808,0.4251033486450514,0.023193631511674643,1.4769769682783482,1.6635860094544863,-0.3557246298188951,0.1387048828411996,-1.1030692446595236,-0.8033715199466752,-0.1438276093394088,-0.7981783562959273,-1.3318961438765102,-1.5517330923748278,-1.082477815432482,-1.4285153699498827,-0.056386574138386394,-2.421611162135409,-0.3036620568107444,0.23141311102451032,-1.4351907324113098,-2.886755339341127
daphnia,14,MPIF,0,0.0,-1300.840143229775,2.454746085051213,False,complete,8.830673007725578,3.8144119141212234,-10.95165916739258,-6.703637202005929,3.430751956836147,-0.43564800830679223,2.8399568331963723,-1.2863401647695505,-2.777624383009709,-3.485641167397848,-8.676649367333201,-9.081550270215107,-8.219261733528786,-3.4538099782937906,-1.8574957604640696,-1.6487069430399828,-2.2027204678591654,-1.718750220493419,-1.1583309641887143,-0.025389741703059555,0.9743179820459387,1.7446334961178425,-0.3422393920787402,-1.3705730072981035,-0.7490479402023515,-1.0896844482221621,-0.39953109206104465,-0.9076537921030762,-0.5100614647686187,-0.9729171857637265,-0.6994803073738145,-1.1731010400613473,-0.9840341738294782,-1.513241727308935,-1.178435788069173,-1.337345179772385,-0.7854006430443402,-0.6140291268390039
daphnia,14,MPIF,50,47.86881199589355,-870.0651341840841,0.5484633142765828,False,complete,9.096976274102255,3.8461564364125436,-11.770069942764025,-6.465659946455959,3.6096053820496077,-1.4903955909354112,2.7843214714831372,-3.3517390700951095,-5.875928056841995,-8.785928657668894,-11.919479680746766,-7.041424469210322,-13.09417508601325,-4.582949181474159,-0.8193108515051278,-2.2753362940711286,-1.3469190640682234,-0.850896950329508,0.6102920735561966,0.07254348877402667,1.2899022056104177,1.4092790056035558,0.1155860421589287,0.23029873702657,-0.5915314584344219,-1.287258403402733,0.19960761733570268,-0.6364075503046143,-1.2304128945327784,-1.3614837240606137,-0.9184725577750232,-1.4138280635849125,-0.01136473895385103,-2.260162382645854,-0.5077507245825289,0.1177750640252216,-1.825262147254672,-2.25804596974563
daphnia,14,MPIF,100,95.7376239917871,-878.1060740433898,0.6380749715595463,False,complete,9.275794897012208,4.687468441720753,-12.193835222644681,-7.583764743981246,3.8975268708596578,-0.5798147203970935,3.890737222430787,-3.1472892018244596,-4.176589925709434,-14.381624130711527,-11.944236451801197,-6.3973100571138195,-18.322914796346232,-5.14065095768022,-1.044263087349792,-2.7241128559497794,-1.8644449980317934,-2.7638678405600623,0.5040974331122992,0.17662156488246308,1.5658537477113934,1.7415244381858355,-0.14610506773205867,0.2379523451933823,-0.6874792287493001,-0.9766490991338532,0.24143644769925734,-0.5851336772910705,-1.5038113234221009,-1.3687138283807312,-1.036272524516913,-1.4140989297161997,-0.13925915809760664,-2.3533221830989564,-0.11313317595345287,-0.012520782155490962,-2.1228793969914155,-2.3158027857105483
daphnia,14,MPIF,150,143.60643598768067,-866.9731761859447,0.6969058406321907,False,complete,9.168880270075785,4.1738172078905995,-11.945249468968262,-7.014942658303088,3.795894344708714,-0.907476605323284,3.3456866027648955,-3.378667327563377,-3.4455823319063845,-14.159121102296641,-12.233876874747093,-5.756180175051147,-19.135508975748873,-5.406111739766168,-1.152856761622262,-2.327634215570655,-1.94413322739709,-0.6355254890473654,1.227721994468144,-0.037428474845528,1.4108614461140252,1.4244405907694464,-0.044774420292246105,0.008311942041957539,-0.37860494248785714,-0.7771770774607833,0.5987095661427183,-0.46053045559844946,-1.183401726651649,-1.3160424890655575,-0.9778265070020687,-1.1696857853416096,-0.24563147803313692,-2.028896614878391,-0.32791300398901135,0.16204998365172107,-1.9683592241089034,-3.1382402143405925
daphnia,14,MPIF,200,191.4752479835742,-869.3172433707331,0.5728720249014578,False,complete,9.993427361295009,3.7384966502044867,-12.758759508017802,-6.552350042321065,4.810753707610938,-1.6594708693979987,2.6613804115006943,-2.771921132977576,-3.7294278589114582,-13.902537705683162,-12.971223167821748,-6.49488309592036,-19.28450549291873,-6.017485821382566,-0.9750151124518347,-3.3910982938036662,-1.5380219600367087,-0.88107757938435,0.8563591554665988,0.2933288982131628,1.6127064622935516,1.813701531839811,-0.24079069449630716,-0.2975047570718288,-0.5428269539566973,-1.155829406295965,0.8482961001441097,-0.6640295571067505,-1.4109390188457207,-1.6974303429867277,-1.1124183788729052,-1.4544004942526831,0.1805157864473973,-2.346557712905905,0.03950630153073117,0.14434055356426836,-1.7368063374286344,-3.3255486430508507
daphnia,14,MPIF,250,239.34405997946777,-865.0981745992782,0.5708405522350327,False,complete,10.367844115611064,3.8340100213055184,-13.303721638500729,-6.7750984352594665,5.175736313056059,-1.426780628350853,2.8493333757565518,-3.4014186929104375,-4.522697376639314,-14.231524781760049,-14.111613061943084,-5.624739405705792,-19.31806000347755,-5.4337777226032395,-1.0485898082179497,-3.039140990778964,-1.931992449099172,-1.5423806531838944,0.715401643819107,0.18812942881819095,1.1437281284699548,1.2421713882900143,-0.1977983205404674,-0.2687287320852859,-0.7852879972695591,-0.7510768022349262,0.5367954968166908,-0.5390988277976935,-1.3987709707477745,-1.4195023518339418,-1.0235245108843993,-1.5623706491772078,-0.042469922955326055,-1.7023412109198752,0.05762596650785981,0.08641657390682368,-1.6410177130365544,-3.3790728452282637
daphnia,14,MPIF,300,287.21287197536134,-866.3923468350331,0.8186006869254744,False,complete,10.194731902260886,3.7732829214900443,-13.09906034540713,-6.731117254158755,4.876771838544075,-1.4299011984665138,2.939404534620719,-3.5290661053670433,-4.46933882347849,-14.70779576108201,-13.851509896366208,-5.502482155319961,-19.242444254175993,-5.441071118302714,-1.1671445470101764,-2.312537974751434,-1.4953932206610625,-1.5375162644106861,1.105420281339696,0.4281551480134166,1.4608949747343651,2.0458598913887536,-0.1884674369634147,-0.1994055865540685,-0.6769452039470499,-0.8763398344187123,0.27753512893272136,-0.5674469818242855,-1.4174904291626358,-1.4544474095090685,-1.0126275873879078,-1.4389686325824649,0.24392956964756554,-1.7995429376826952,-0.1677819629983682,0.08499613036184338,-1.5595375281498816,-3.577097974831196
daphnia,14,MPIF,350,335.08168397125485,-871.7843990626791,1.1283374981255618,False,complete,9.793706859931284,3.644966730040493,-12.790471485065925,-6.618391553811557,4.873970783329428,-1.5291035667837496,2.9308551884326985,-3.316447643069294,-4.253874563295421,-14.852024640969882,-13.835159923974702,-5.557300878565631,-18.866082263746836,-4.9504463882782614,-1.4604989165852709,-2.448958270002978,-1.258469391458447,-1.2606419745053088,0.816810973918022,0.08956648713346803,1.6203076738716446,2.0546919974934976,-0.3682232803104876,-0.3461603863931714,-0.5339744012269547,-0.8182620663278728,0.14763365114649687,-0.636547578920745,-1.501577958275994,-1.529056187309737,-1.0625603825498722,-1.4962481659099467,0.2645258149719806,-1.9345843153663733,-0.09533836817060119,0.1151566351216007,-1.464926548225319,-3.6247315898365637
daphnia,14,MPIF,400,382.9504959671484,-866.5666229135549,0.6950056622559024,False,complete,10.146090589474113,3.9553398031201894,-12.911551667918129,-6.777352954471067,4.739588072056783,-1.4534569841705818,2.678225391633111,-3.670214727976441,-3.9306194546696482,-14.64709739800778,-13.592771720842034,-6.037226907873564,-18.602038305705772,-5.3381479169857515,-1.6183672491684007,-2.0548137649263785,-1.488146173440233,-1.370404859525842,0.6235714438791045,-0.12230014405829842,1.318757356503125,1.807463936032627,-0.4035143756162343,-0.2721930230356801,-0.5233326098131229,-0.8529976344957405,0.13845244724077918,-0.5296733615186275,-1.4522178008413746,-1.4578330598882747,-1.0791394577355802,-1.3932015275284615,0.2768424495551766,-1.9034164535618283,-0.13776218232432763,0.11441831835118994,-1.4273007703232965,-3.6166459473378714
daphnia,14,MPIF,450,430.819307963042,-864.596899227828,0.9112328146994406,False,complete,10.087492050270848,3.739710250917703,-12.725394215432674,-6.465172075071649,4.695340605984843,-1.5666548936481886,2.7763728750447565,-3.7222714957229446,-3.945389497453203,-14.664595733536322,-13.640437893433264,-6.117733025711402,-18.62504935440796,-5.156278819423915,-1.4424997782036535,-1.938820316047831,-1.617334111762142,-1.1156108255988175,0.780321370083645,0.032358576022386974,1.4835875587943035,1.6139217516803854,-0.3675989091888608,-0.2857275369028699,-0.5422177671468825,-0.8983632536454579,0.07125338784570984,-0.6024611858856983,-1.4321441184259882,-1.432825837182508,-1.0368890695250448,-1.4181142516947072,0.2719806628017311,-1.8838961930670113,-0.05230022389182414,0.08975572215442248,-1.500947936073348,-3.5009863153667156
daphnia,14,MPIF,500,478.68811995893554,-865.972711111106,0.6300439911852888,False,complete,9.990654949330706,3.680979016981531,-12.877502103488714,-6.576721927187657,4.7140340649287555,-1.4553612399227294,2.772232260246353,-3.564298025618743,-4.002773304798025,-14.753610369348335,-13.711430134076728,-6.045839895578288,-18.546271494914073,-5.1958432081129,-1.444532349109475,-1.7354540620321874,-1.6983095005183986,-1.1152166789249163,0.6690360273355271,0.3373549220640828,1.476518057481984,1.7061939147086247,-0.3359485777980711,-0.2709474081686619,-0.5445283345107653,-0.8870302236458248,0.16021544865704274,-0.6185323449053799,-1.4083779901934206,-1.435916027644285,-1.0962355977391616,-1.3856752065631872,0.3273650101011415,-1.971883475375263,-0.014295366500762297,0.07018726123052807,-1.48439260807805,-3.4175354014935393
daphnia,14,MPIF,550,526.5569319548291,-863.960353172548,0.45432821969447945,False,complete,10.059081601312503,3.641710112114181,-12.876000855721765,-6.5677693225129525,4.860979071189694,-1.5500582709744388,2.7526701386060957,-3.542246990042314,-4.053355082066376,-14.794079925604288,-13.597650824644525,-6.004805312683746,-18.559858625243272,-5.27398936528289,-1.4961446157363023,-1.8984708204239957,-1.8498627026262184,-1.0920954090236736,0.6138352830772694,0.2571631614455891,1.6040012846734244,1.5621160456088357,-0.33436501024821136,-0.2538953660914112,-0.5765103488226428,-0.8609472994262933,0.1026095909562706,-0.6028290136944975,-1.3964171574871622,-1.4411609520391233,-1.1271400384282466,-1.352586087848295,0.29636961530482736,-1.9905499587834474,-0.03908843244845611,0.07363192981626322,-1.480067387056106,-3.441618401860607
daphnia,14,MPIF,600,574.4257439507227,-864.3883505788804,0.8253795798564724,False,complete,10.077918521016935,3.7053092931725335,-12.930685249278461,-6.608628136312605,4.758281219335834,-1.6186773430666404,2.814042812382315,-3.5353111496063114,-4.040698453092765,-14.819950381686684,-13.451705863440797,-5.889377658348302,-18.558354116475638,-5.250025315825627,-1.451065525273395,-1.7761020828973062,-1.8389674952211825,-1.1589156560207543,0.6513366454792793,0.270415302645888,1.5787701496713107,1.520926306074338,-0.33677796979912417,-0.2529101772671815,-0.5996773960502614,-0.8449489127097644,0.12352509856206999,-0.5892893559884869,-1.4008408584961491,-1.426838828723198,-1.1052655006998497,-1.3603799464135062,0.29070281628119077,-2.0107668490771373,-0.041683752303449235,0.05391976023192159,-1.4885442490490728,-3.4340180358733936
daphnia,14,MPIF,650,622.2945559466161,-864.6603467076031,0.7530423781121169,False,complete,10.084957840588233,3.6958503911292615,-12.9078750856582,-6.601524789596249,4.754241681483341,-1.6253959930647492,2.7907075656796256,-3.533409831197449,-4.039533694835801,-14.812100870462508,-13.451129980764497,-5.9093977155188195,-18.577061335127475,-5.260702357401167,-1.4598955103432676,-1.7608527554291766,-1.8297687885769043,-1.1514382892365955,0.6102917800615718,0.2004017609771645,1.541537416703118,1.5059866264781154,-0.32738861908607414,-0.2450080105174219,-0.5934157390649898,-0.8242789059497101,0.097296866306618,-0.5905720032697839,-1.3810605621273244,-1.4319988344500678,-1.0973000007312466,-1.3710574121782717,0.30857676220927654,-1.9929290979331098,-0.0449737710764951,0.06225518999300666,-1.5006488373195355,-3.4248115298974646
daphnia,14,MPIF,680,651.0158431441523,-864.4815067940806,0.1834537207612989,True,complete,10.04216883694503,3.6634382726770265,-12.879936747611078,-6.620613184638535,4.763729098545854,-1.6032190822517072,2.8017479321567813,-3.5421762519679527,-4.067407160530467,-14.816030836095255,-13.428290529668246,-5.916070558232208,-18.579779421771406,-5.28544508234653,-1.438506635959732,-1.809427111361726,-1.8334951469930234,-1.176068809035412,0.5794425743746312,0.18172894441280973,1.5589176785922614,1.4934742012018114,-0.3140867097055204,-0.2510435869652133,-0.592047574231444,-0.8166485642781628,0.08403936521083152,-0.593570143967673,-1.372724050360479,-1.4333902493474273,-1.0943329495032803,-1.3792977850954562,0.3144928133794125,-1.9921974646155873,-0.044212245216873315,0.08425597160662776,-1.5005724694952496,-3.4272445647189
daphnia,14,IFAD,0,0.0,-1215.2900431595908,2.4037804899346424,False,complete,8.830673007725578,3.8144119141212234,-10.95165916739258,-6.703637202005929,3.430751956836147,-0.43564800830679223,2.8399568331963723,-1.2863401647695505,-2.777624383009709,-3.485641167397848,-8.676649367333201,-9.081550270215107,-8.219261733528786,-3.4538099782937906,-1.8574957604640696,-1.6487069430399828,-2.2027204678591654,-1.718750220493419,-1.1583309641887143,-0.025389741703059555,0.9743179820459387,1.7446334961178425,-0.3422393920787402,-1.3705730072981035,-0.7490479402023515,-1.0896844482221621,-0.39953109206104465,-0.9076537921030762,-0.5100614647686187,-0.9729171857637265,-0.6994803073738145,-1.1731010400613473,-0.9840341738294782,-1.513241727308935,-1.178435788069173,-1.337345179772385,-0.7854006430443402,-0.6140291268390039
daphnia,14,IFAD,50,46.770975191146135,-879.0379779283683,0.6506512292157997,False,complete,7.930248889652429,3.4014634904680467,-10.696220396302692,-6.374652768335026,3.0383313753035335,-1.4104798025788887,3.0313927190900696,-5.8817440617553265,-7.333979969542262,-2.6546056136055456,-5.230888810329025,-7.993080835424153,-3.7646552055465663,-3.2594426445789746,-0.5675628611765974,-0.5204098879504058,-5.389387358163855,-1.915829833570439,-0.5368694174458615,-0.08024932377182413,1.839501489187116,1.9615192768733196,-0.5207833415964499,-0.41478946387957544,-1.312416739697963,-1.0756276176793451,-0.574923077567617,-1.2110664563864482,-1.7008213728650134,-1.517310356967602,-1.333186486427063,-1.5890444836354571,-0.2448049240726072,-2.9045427331784506,-0.3249456546796115,-0.07496452703734684,-1.9579952434360608,-2.4148175792513964
daphnia,14,IFAD,100,93.54195038229227,-868.6283142839795,0.6731529310130087,False,complete,8.202277065385035,4.010251288785359,-11.028104413180596,-7.020975208335158,2.9533666126063856,-1.11667766291512,3.3987374956644225,-5.677282736207282,-4.437044067638066,-3.2466327400242627,-2.556599916398266,-3.9133105691747745,-3.7752582032741335,-5.058232593940969,-0.6087457499186277,-0.6936986104134325,-5.561212021400776,-1.5363383493120264,0.6859148797532765,0.17157711669598705,1.4365308295144492,1.3962283326280196,-0.24289078115242485,-0.39199169848251375,-1.0374456691726646,-1.0576403334822553,-0.18989671952536574,-0.885028446926959,-1.5609606637055495,-1.4153260954417417,-1.0575790226545596,-1.7906683282959148,-0.8351615485271805,-3.1070118743901536,-0.4930798226246879,-0.15799674079983006,-1.921447437825542,-3.2711460383487694
daphnia,14,IFAD,150,140.3129255734384,-901.6702952164599,1.3492073170219707,False,complete,7.904350052293624,3.632618447063165,-10.66686294217513,-6.755350498467352,2.8912783416930523,-0.9924053326327507,2.842393303274661,-4.632595646934248,-5.484843752218711,-2.4502119060861487,-2.33166667996286,-4.13388661401376,-2.5064665989895936,-6.784689758288644,-0.42757007614263864,-1.3281974599381574,-5.777796560736499,-0.5381437823344911,1.4770249200709733,-0.5048161579258879,2.5363621814295914,2.003513441957359,-0.39577585919910757,-0.08726182665776004,-1.5766299566243616,-1.6220688221313004,0.7190073080838284,-1.1414340516532617,-1.9314035012744195,-1.791356556147493,-1.1924475014900326,-1.3326808924988927,-0.27264124325655403,-2.8360343333056983,-0.5323489520452434,0.1268178668184315,-2.9821926413877486,-3.9137486582812784
daphnia,14,IFAD,200,187.08390076458454,-873.2121646394993,0.9612763094176635,False,complete,8.65393732181361,3.9811258278989574,-11.548166247248725,-6.664636006813862,4.201254102743067,-0.8371976271944511,3.620624606432824,-2.707947573550418,-6.876540867602234,-2.8192940180341948,-2.6287261066992538,-4.229420707340238,-2.0340031982066398,-7.138928187005252,-0.7624409818852436,-1.027348195039008,-5.61724178724317,-0.9389540158041358,1.1102803025228574,-0.0431891016510498,1.5112122165420037,1.3702110432458523,-0.6047296042624803,-0.5260532501371247,-1.3276617650748601,-1.477094917498291,0.0618785492537981,-1.2004260295294091,-2.270008639645923,-1.6740481357342798,-1.201623994195581,-1.7255262831972678,-0.817223321672182,-2.830445395848575,-0.5538479639875281,-0.08951396463603598,-3.211177423177186,-4.20787093030608
daphnia,14,IFAD,250,260.34808758529834,-865.4722476935674,0.6366320536492143,False,complete,8.76124356058168,3.9900695849656453,-11.513962734110187,-6.772198715561357,4.031713308503807,-0.8444189364179109,3.5400889968618925,-2.9016189114205377,-6.995347670076373,-2.8031563455180373,-2.744699994556098,-4.300730745292596,-2.327010371694852,-7.141574033865708,-0.7420810393024182,-0.9741845288580578,-5.545692266962892,-0.7895770638253904,0.8293048035013939,0.25921188131862083,1.7297558216238689,1.4610100368816832,-0.5028022874490491,-0.6339095248638343,-1.4394305683355226,-1.642743561004483,-0.2131022549352611,-1.1625652032668614,-2.130188839952725,-1.677391746715458,-1.1602433423769232,-1.633822910555165,-0.8721263504840989,-2.946263383913591,-0.2833419755494503,-0.1849367666356508,-2.831866943639935,-3.7678484704271398
daphnia,14,IFAD,300,333.61227440601215,-864.1399510116555,0.6585655585084099,False,complete,8.748140570358897,3.989155537448744,-11.51517799039388,-6.818011103862874,4.056727116700906,-0.8271535369409667,3.6688918433649014,-3.0030906929738306,-7.01463171324237,-2.927478358999809,-2.723811012045652,-4.262347231595333,-2.4650403855520246,-7.109516999902614,-0.7128515380197262,-0.9425043471311848,-5.340100370522081,-0.752975837427457,0.8674014257400001,0.27377539633517906,1.7125128416293094,1.459843007511855,-0.5098559491840211,-0.6153734016173451,-1.4105056598615566,-1.628408475500556,-0.26110790989891036,-1.172645104052651,-2.06260243978444,-1.6427498885503573,-1.1755332842848014,-1.6169869476187573,-0.8474925350842696,-2.9550845392743708,-0.26052496523076474,-0.19840807321578757,-2.5131147241983145,-3.4535166576528122
daphnia,14,IFAD,350,406.87646122672595,-863.903804184243,0.5886839663866072,False,complete,8.739314728541254,3.992895160454605,-11.520889957216033,-6.835474132017801,4.064508496982884,-0.7994028875854399,3.6938304978576126,-3.0530835762565376,-7.04333361432897,-2.9837295664774284,-2.715584053288027,-4.229070421685536,-2.5419568155693026,-7.128753009422378,-0.7308083097652919,-0.9422823109924128,-5.288756025580263,-0.7386730586364145,0.8882187259867906,0.28698250842905404,1.7291092445924872,1.479401040096474,-0.4936852140464283,-0.6055325985819148,-1.4248702194595573,-1.620778890348822,-0.29376514342182725,-1.1401302321276052,-2.0698935677436445,-1.6347491879248677,-1.1755348517645057,-1.6353212098278926,-0.8481466762692074,-2.9383923607482663,-0.27476130459118864,-0.17379524419163178,-2.393147035516121,-3.293431929361026
daphnia,14,IFAD,400,480.14064804743975,-863.4905680327763,0.20990824841586198,True,complete,8.736791388354035,3.9936565563353357,-11.520839788673591,-6.84520583855627,4.071477162432436,-0.7936638337412184,3.696034226587147,-3.0722796027297914,-7.058132129023202,-3.002756798559342,-2.7105029346535763,-4.2126305800336326,-2.579328055369091,-7.135304963470379,-0.731387201456847,-0.9350280572414433,-5.254588152359779,-0.7320245449474713,0.898255086447547,0.2819638238794545,1.7275832226352341,1.4754082170378637,-0.49638074510892616,-0.6113253769422148,-1.4334502995679637,-1.6218112334240298,-0.28301288832300325,-1.1420931961226355,-2.0657088700637893,-1.6289910589254983,-1.1748078367829762,-1.63783689095905,-0.8519874905238473,-2.9338270682380903,-0.2719565288899173,-0.17928785763781308,-2.3489898258960853,-3.242629770691778
daphnia,14,DS19,0,0.0,-1277.2699180099612,2.637927011653602,False,complete,8.830673007725578,3.8144119141212234,-10.95165916739258,-6.703637202005929,3.430751956836147,-0.43564800830679223,2.8399568331963723,-1.2863401647695505,-2.777624383009709,-3.485641167397848,-8.676649367333201,-9.081550270215107,-8.219261733528786,-3.4538099782937906,-1.8574957604640696,-1.6487069430399828,-2.2027204678591654,-1.718750220493419,-1.1583309641887143,-0.025389741703059555,0.9743179820459387,1.7446334961178425,-0.3422393920787402,-1.3705730072981035,-0.7490479402023515,-1.0896844482221621,-0.39953109206104465,-0.9076537921030762,-0.5100614647686187,-0.9729171857637265,-0.6994803073738145,-1.1731010400613473,-0.9840341738294782,-1.513241727308935,-1.178435788069173,-1.337345179772385,-0.7854006430443402,-0.6140291268390039
daphnia,14,DS19,50,46.770975191146135,-879.4350802820688,0.7578908760491131,False,complete,7.930248889652429,3.4014634904680467,-10.696220396302692,-6.374652768335026,3.0383313753035335,-1.4104798025788887,3.0313927190900696,-5.8817440617553265,-7.333979969542262,-2.6546056136055456,-5.230888810329025,-7.993080835424153,-3.7646552055465663,-3.2594426445789746,-0.5675628611765974,-0.5204098879504058,-5.389387358163855,-1.915829833570439,-0.5368694174458615,-0.08024932377182413,1.839501489187116,1.9615192768733196,-0.5207833415964499,-0.41478946387957544,-1.312416739697963,-1.0756276176793451,-0.574923077567617,-1.2110664563864482,-1.7008213728650134,-1.517310356967602,-1.333186486427063,-1.5890444836354571,-0.2448049240726072,-2.9045427331784506,-0.3249456546796115,-0.07496452703734684,-1.9579952434360608,-2.4148175792513964
daphnia,14,DS19,100,93.54195038229227,-868.3534959167941,0.7577386225495112,False,complete,8.202277065385035,4.010251288785359,-11.028104413180596,-7.020975208335158,2.9533666126063856,-1.11667766291512,3.3987374956644225,-5.677282736207282,-4.437044067638066,-3.2466327400242627,-2.556599916398266,-3.9133105691747745,-3.7752582032741335,-5.058232593940969,-0.6087457499186277,-0.6936986104134325,-5.561212021400776,-1.5363383493120264,0.6859148797532765,0.17157711669598705,1.4365308295144492,1.3962283326280196,-0.24289078115242485,-0.39199169848251375,-1.0374456691726646,-1.0576403334822553,-0.18989671952536574,-0.885028446926959,-1.5609606637055495,-1.4153260954417417,-1.0575790226545596,-1.7906683282959148,-0.8351615485271805,-3.1070118743901536,-0.4930798226246879,-0.15799674079983006,-1.921447437825542,-3.2711460383487694
daphnia,14,DS19,150,140.3129255734384,-894.0355204722587,1.227277425362985,False,complete,7.904350052293624,3.632618447063165,-10.66686294217513,-6.755350498467352,2.8912783416930523,-0.9924053326327507,2.842393303274661,-4.632595646934248,-5.484843752218711,-2.4502119060861487,-2.33166667996286,-4.13388661401376,-2.5064665989895936,-6.784689758288644,-0.42757007614263864,-1.3281974599381574,-5.777796560736499,-0.5381437823344911,1.4770249200709733,-0.5048161579258879,2.5363621814295914,2.003513441957359,-0.39577585919910757,-0.08726182665776004,-1.5766299566243616,-1.6220688221313004,0.7190073080838284,-1.1414340516532617,-1.9314035012744195,-1.791356556147493,-1.1924475014900326,-1.3326808924988927,-0.27264124325655403,-2.8360343333056983,-0.5323489520452434,0.1268178668184315,-2.9821926413877486,-3.9137486582812784
daphnia,14,DS19,200,187.08390076458454,-874.446934376015,1.049345970973444,False,complete,8.65393732181361,3.9811258278989574,-11.548166247248725,-6.664636006813862,4.201254102743067,-0.8371976271944511,3.620624606432824,-2.707947573550418,-6.876540867602234,-2.8192940180341948,-2.6287261066992538,-4.229420707340238,-2.0340031982066398,-7.138928187005252,-0.7624409818852436,-1.027348195039008,-5.61724178724317,-0.9389540158041358,1.1102803025228574,-0.0431891016510498,1.5112122165420037,1.3702110432458523,-0.6047296042624803,-0.5260532501371247,-1.3276617650748601,-1.477094917498291,0.0618785492537981,-1.2004260295294091,-2.270008639645923,-1.6740481357342798,-1.201623994195581,-1.7255262831972678,-0.817223321672182,-2.830445395848575,-0.5538479639875281,-0.08951396463603598,-3.211177423177186,-4.20787093030608
daphnia,14,DS19,250,215.86474347673357,-870.1119653921696,0.9513851812851689,False,complete,8.677285725739432,3.950308743473491,-11.570788830160586,-6.681253445371443,4.173562532205356,-0.8331513671381292,3.628044110842891,-2.7150531060419585,-6.868056071876408,-2.774988266232436,-2.6539430200890086,-4.195748624504131,-2.052026849658593,-7.141425178638002,-0.8028315638484428,-1.067182582405224,-5.605100386580326,-0.959957080275107,1.0616385111807016,0.007326562955837607,1.545358150541905,1.4029047024065955,-0.6026506180948706,-0.5422090502377286,-1.338140576647243,-1.4820135221532647,0.034936158656379,-1.1915421579655912,-2.2562369938857882,-1.6871985768311688,-1.1996085692839664,-1.7104337373158753,-0.8276047325631889,-2.823692170141509,-0.5513228075511822,-0.1015416434583319,-3.1965377637191335,-4.203529356834589
daphnia,14,DS19,300,244.84136123768985,-870.2807715974816,0.9408230280453399,False,complete,8.718233557029787,3.9150319787594055,-11.562501797348885,-6.713140194339714,4.167275868398552,-0.8634979323898552,3.6474762636842555,-2.7228793288771937,-6.890789293643511,-2.7222348408146115,-2.670950117124217,-4.1492238618513815,-2.0614893663215783,-7.128207260651237,-0.864746959431878,-1.1264696039868514,-5.616530970399859,-1.0055117856824114,1.0025434592810198,0.06337218847072928,1.59311211832312,1.4534852010816717,-0.631722403381245,-0.5387786621908195,-1.3598926745079223,-1.5048533536043864,0.0016255643733518919,-1.1575805915247015,-2.2252182082755696,-1.6845366716978853,-1.1739075534101377,-1.717229422712365,-0.8618064095028901,-2.820480814816939,-0.52561805888342,-0.137168810563966,-3.2070039669034633,-4.214831586955635
daphnia,14,DS19,350,273.8063484951854,-870.6239158828988,0.7982259222738883,False,complete,8.710947865226167,3.906612256504311,-11.579004575595814,-6.73519964184913,4.153574006857625,-0.901132942644984,3.6767855374367544,-2.7570595894695407,-6.910943051727405,-2.6798900473808542,-2.62738121458041,-4.11529573793184,-2.0404899142002733,-7.134790965447906,-0.919305069787172,-1.1738538486713181,-5.620646151860923,-1.048891182443514,0.9558307849629942,0.10541343127816273,1.629796320049149,1.4732972450793864,-0.6526282751077326,-0.5554165367683893,-1.3970835428700643,-1.5370882984556975,-0.02656680709538825,-1.1376052222285893,-2.1955100143650133,-1.6618178051321246,-1.1831340839035605,-1.7236085771789638,-0.8814836696761961,-2.8269132480675006,-0.5107457850013426,-0.18271680732603146,-3.2105906620854934,-4.236317234910977
daphnia,14,DS19,400,302.8061301247217,-872.4562477067005,0.6415773156167363,False,complete,8.713995706267134,3.906472633365559,-11.597317488043226,-6.732956515894506,4.134231132787426,-0.9295409877905781,3.715563102133513,-2.7691564942839864,-6.919113708259157,-2.6467380389872934,-2.5980266124632374,-4.0889552524416555,-2.0327963672687313,-7.162937429645069,-0.9598407044258134,-1.2087623386571222,-5.60294421223717,-1.0888318745214616,0.918565249325037,0.13858175143921556,1.6445501556621496,1.480813861669135,-0.6560934104353888,-0.5690313170299064,-1.421510207498859,-1.5578611058459795,-0.053574930627610484,-1.133373179418921,-2.160012374676308,-1.6398144358141273,-1.194096771765374,-1.728573400068504,-0.8916886166446164,-2.813868716370061,-0.49515887463947195,-0.20903022366212795,-3.2217708585446085,-4.244552158585211
daphnia,14,DS19,450,331.8126167319715,-873.7533248279628,1.2508069140317977,False,complete,8.724015435930239,3.9218426500360155,-11.606734478469194,-6.736785883723213,4.121433580766143,-0.9418855784044425,3.7361434970471192,-2.7812154115446264,-6.925159421866344,-2.6265408744044922,-2.5763669237464923,-4.066307599762681,-2.037937686011836,-7.181102136397871,-0.989143916821639,-1.2362275743036697,-5.586553316182683,-1.1238826428780015,0.8880578434989319,0.16220488532064892,1.6405652993665105,1.4748723234343533,-0.6664086191399066,-0.572868834644891,-1.4356105172302296,-1.5684737503203017,-0.07446719900886385,-1.1217158367992186,-2.1308267221332504,-1.6190123758203157,-1.1839540920988874,-1.7312591932091572,-0.9126011031362,-2.8061422643843104,-0.49016535664456895,-0.21973880246463298,-3.233122502489384,-4.252686182808526
daphnia,14,DS19,500,360.63603310426697,-872.751578736318,0.6289439404244257,False,complete,8.738371019911467,3.936275917383068,-11.615665741917462,-6.7354505686063115,4.107784560651584,-0.934716228207293,3.748015865836317,-2.7842735922058934,-6.932374409084251,-2.617050318634035,-2.5542354983016664,-4.046633770559463,-2.043466715944932,-7.189382146607957,-1.012066352696391,-1.2552273973714199,-5.5670581885036885,-1.149665825204414,0.8654771037622433,0.17867896529157562,1.6243969414768513,1.465571821120941,-0.654040512383078,-0.5822985418297335,-1.4416424922824593,-1.5748031148251733,-0.09215822000671907,-1.1049033055742439,-2.111860363242008,-1.611525767289755,-1.181436952596816,-1.7317375095624907,-0.9308574632717771,-2.8031509665535697,-0.4886121423352311,-0.22750786403859166,-3.2311210328459055,-4.26170784450772
daphnia,14,DS19,550,389.5627131378278,-875.3262028555888,0.8508930136165064,False,complete,8.75102134547509,3.9414708001179877,-11.617353640570197,-6.72569197979912,4.101557173032036,-0.9229755014155518,3.7581052783276507,-2.780470675189826,-6.9352320092047695,-2.6123390845155767,-2.53749000597369,-4.030390501524791,-2.0483060816568517,-7.19547205360049,-1.0288314702925492,-1.2680609910744092,-5.5515611939815965,-1.1659665006010906,0.8495310948714594,0.18815979563387522,1.604622281861428,1.4557606412131239,-0.6357574330008371,-0.5887311591736794,-1.448008380343116,-1.5761540921708255,-0.10858264914355176,-1.0930737155435362,-2.1006208317625283,-1.6037175856497243,-1.1821659758506842,-1.7294910819932605,-0.9424856953827457,-2.804395257438575,-0.4836220757083278,-0.23270881238991514,-3.2270670175716267,-4.2636861087398525
daphnia,14,DS19,600,418.21688160160556,-872.0379938763269,1.437085633521054,False,complete,8.760187789171995,3.942847682805113,-11.616026735903981,-6.724843389935309,4.099397777083651,-0.915398257443292,3.7586121752103767,-2.7805704813849577,-6.93093933692657,-2.61003741079031,-2.526684992949328,-4.017247516304141,-2.0511960988768014,-7.20090885483547,-1.039751496064365,-1.2769876547332233,-5.5406154927512485,-1.1755832377074236,0.8385742380309746,0.19316482141814814,1.5893202324136462,1.4491635859503902,-0.6232859438271501,-0.5911224156735385,-1.4517069099877509,-1.576586944333737,-0.1192687334929676,-1.0854044610905247,-2.091280072688826,-1.5970070973745214,-1.1821407759362255,-1.7276908592388343,-0.9494923319673744,-2.8070581041895375,-0.4803192016441338,-0.2361242719588179,-3.2216086172715532,-4.258929129747163
daphnia,14,DS19,650,446.9301733812317,-873.4684487470084,1.1481159509692764,False,complete,8.766994857837622,3.942263064111739,-11.612792432379626,-6.72718357653802,4.09983284006867,-0.9098874081765157,3.7564446777331253,-2.78345741440469,-6.925645393478772,-2.610166174939922,-2.5196445681392023,-4.008377357058596,-2.051450795456722,-7.202944988343698,-1.0467106845464242,-1.28269560612435,-5.535371391062621,-1.1812919413494438,0.8312620528618428,0.19566715340440233,1.5788765685243011,1.4451963900958837,-0.6145119843101158,-0.592149702090496,-1.454291670657168,-1.575678367573942,-0.12556925250087664,-1.0816872765968943,-2.085181875912755,-1.5941357597842452,-1.1840560487091745,-1.7281191052818634,-0.951453455185962,-2.807771399978417,-0.478778686850961,-0.23778337428742508,-3.2152025286054426,-4.254402173401434
daphnia,14,DS19,700,475.2843570187688,-871.1097531738353,1.4460726989212045,False,complete,8.770870515776094,3.94173612901457,-11.610208573321344,-6.72856718726804,4.100760086472782,-0.905934899235389,3.7540604264832185,-2.784915827162023,-6.921944494269242,-2.611096302407006,-2.5140362842516972,-4.002518587224543,-2.0520635386846586,-7.201638064401689,-1.051400455018495,-1.2866665696377595,-5.532187781537106,-1.1848938446070907,0.8260808046446305,0.19694682715737596,1.5718183978545432,1.4406965523102635,-0.6069903306614625,-0.5922085280218732,-1.4557794950485352,-1.5731982013961123,-0.13009312333439582,-1.0785125464611596,-2.0809668613192605,-1.5916602128453912,-1.1857960108070185,-1.7298961179694146,-0.9539412963079331,-2.8069726830344357,-0.4776495180949189,-0.23888417175437698,-3.2125627615695387,-4.2514517558453795
daphnia,14,DS19,708,480.40572044206783,-870.946562922641,0.2497306627938043,True,complete,8.771451580078738,3.9417308978265635,-11.60989614096951,-6.7289143372216955,4.100827218076739,-0.9052739510696404,3.753524646933072,-2.7851406388973414,-6.921533914281895,-2.6112638045866046,-2.5132212276491437,-4.001715222496694,-2.052266781900873,-7.201266515396445,-1.052084330991955,-1.28723721592647,-5.531755059993379,-1.185374274794576,0.8253357195527042,0.19709970613664862,1.5708501296894006,1.439997208587476,-0.605956543870292,-0.5921501404771666,-1.4560085318287284,-1.5728209027658804,-0.13073607368168275,-1.0780497762465437,-2.080315357792586,-1.5912052823737413,-1.1860052841982924,-1.7301899253391446,-0.9542603105679907,-2.806692330829156,-0.47747787112838064,-0.23898853593797514,-3.212342621852734,-4.251145207964832
daphnia,14,CTDD21,0,0.0,-1263.6107925378992,2.8132319657243783,False,complete,8.830673007725578,3.8144119141212234,-10.95165916739258,-6.703637202005929,3.430751956836147,-0.43564800830679223,2.8399568331963723,-1.2863401647695505,-2.777624383009709,-3.485641167397848,-8.676649367333201,-9.081550270215107,-8.219261733528786,-3.4538099782937906,-1.8574957604640696,-1.6487069430399828,-2.2027204678591654,-1.718750220493419,-1.1583309641887143,-0.025389741703059555,0.9743179820459387,1.7446334961178425,-0.3422393920787402,-1.3705730072981035,-0.7490479402023515,-1.0896844482221621,-0.39953109206104465,-0.9076537921030762,-0.5100614647686187,-0.9729171857637265,-0.6994803073738145,-1.1731010400613473,-0.9840341738294782,-1.513241727308935,-1.178435788069173,-1.337345179772385,-0.7854006430443402,-0.6140291268390039
daphnia,14,CTDD21,50,46.770975191146135,-878.6181759931651,0.9503422635781514,False,complete,7.930248889652429,3.4014634904680467,-10.696220396302692,-6.374652768335026,3.0383313753035335,-1.4104798025788887,3.0313927190900696,-5.8817440617553265,-7.333979969542262,-2.6546056136055456,-5.230888810329025,-7.993080835424153,-3.7646552055465663,-3.2594426445789746,-0.5675628611765974,-0.5204098879504058,-5.389387358163855,-1.915829833570439,-0.5368694174458615,-0.08024932377182413,1.839501489187116,1.9615192768733196,-0.5207833415964499,-0.41478946387957544,-1.312416739697963,-1.0756276176793451,-0.574923077567617,-1.2110664563864482,-1.7008213728650134,-1.517310356967602,-1.333186486427063,-1.5890444836354571,-0.2448049240726072,-2.9045427331784506,-0.3249456546796115,-0.07496452703734684,-1.9579952434360608,-2.4148175792513964
daphnia,14,CTDD21,100,93.54195038229227,-869.966596959367,0.4095323751774336,False,complete,8.202277065385035,4.010251288785359,-11.028104413180596,-7.020975208335158,2.9533666126063856,-1.11667766291512,3.3987374956644225,-5.677282736207282,-4.437044067638066,-3.2466327400242627,-2.556599916398266,-3.9133105691747745,-3.7752582032741335,-5.058232593940969,-0.6087457499186277,-0.6936986104134325,-5.561212021400776,-1.5363383493120264,0.6859148797532765,0.17157711669598705,1.4365308295144492,1.3962283326280196,-0.24289078115242485,-0.39199169848251375,-1.0374456691726646,-1.0576403334822553,-0.18989671952536574,-0.885028446926959,-1.5609606637055495,-1.4153260954417417,-1.0575790226545596,-1.7906683282959148,-0.8351615485271805,-3.1070118743901536,-0.4930798226246879,-0.15799674079983006,-1.921447437825542,-3.2711460383487694
daphnia,14,CTDD21,150,140.3129255734384,-896.0896446460913,1.3031967431181493,False,complete,7.904350052293624,3.632618447063165,-10.66686294217513,-6.755350498467352,2.8912783416930523,-0.9924053326327507,2.842393303274661,-4.632595646934248,-5.484843752218711,-2.4502119060861487,-2.33166667996286,-4.13388661401376,-2.5064665989895936,-6.784689758288644,-0.42757007614263864,-1.3281974599381574,-5.777796560736499,-0.5381437823344911,1.4770249200709733,-0.5048161579258879,2.5363621814295914,2.003513441957359,-0.39577585919910757,-0.08726182665776004,-1.5766299566243616,-1.6220688221313004,0.7190073080838284,-1.1414340516532617,-1.9314035012744195,-1.791356556147493,-1.1924475014900326,-1.3326808924988927,-0.27264124325655403,-2.8360343333056983,-0.5323489520452434,0.1268178668184315,-2.9821926413877486,-3.9137486582812784
daphnia,14,CTDD21,200,187.08390076458454,-873.6674664581176,1.2808478378504677,False,complete,8.65393732181361,3.9811258278989574,-11.548166247248725,-6.664636006813862,4.201254102743067,-0.8371976271944511,3.620624606432824,-2.707947573550418,-6.876540867602234,-2.8192940180341948,-2.6287261066992538,-4.229420707340238,-2.0340031982066398,-7.138928187005252,-0.7624409818852436,-1.027348195039008,-5.61724178724317,-0.9389540158041358,1.1102803025228574,-0.0431891016510498,1.5112122165420037,1.3702110432458523,-0.6047296042624803,-0.5260532501371247,-1.3276617650748601,-1.477094917498291,0.0618785492537981,-1.2004260295294091,-2.270008639645923,-1.6740481357342798,-1.201623994195581,-1.7255262831972678,-0.817223321672182,-2.830445395848575,-0.5538479639875281,-0.08951396463603598,-3.211177423177186,-4.20787093030608
daphnia,14,CTDD21,250,302.48798499209806,-870.9326073384077,0.5318067668627663,False,complete,8.685774423782911,3.946108372649007,-11.546858570090647,-6.704983126540156,4.15809118259319,-0.8793323797918153,3.6283908711761224,-2.672755778963212,-6.90064664528421,-2.7779370667683394,-2.6625157358255334,-4.196430269752681,-2.023975784945174,-7.129244628902246,-0.730142892942619,-0.9862826818108914,-5.617550252450529,-0.894133665220874,1.0649241564850978,-0.0032111326443768364,1.4865452653547149,1.331125395046853,-0.6435024365150497,-0.5461031419331881,-1.3246365829600084,-1.5197957002716802,0.02271765843805978,-1.2274139493797782,-2.2280711107329587,-1.7004551952222076,-1.2409108138571858,-1.6798000768493784,-0.8548784875062937,-2.87028745478081,-0.5599827620726168,-0.13235125216731045,-3.1645383720246167,-4.175011477675015
daphnia,14,CTDD21,300,416.1596639379859,-869.7409266590412,0.9452068046764087,False,complete,8.688604469381424,3.9408947502244542,-11.55833809852015,-6.717811909440457,4.1422014678787145,-0.8944778231282781,3.6129141205424347,-2.6666724482731743,-6.891466298927268,-2.7649209572285325,-2.6657587117730155,-4.192668616287948,-2.0247842949466115,-7.12944192048422,-0.7237062281084813,-0.9690591666000102,-5.613122541266975,-0.8743823869900247,1.042155164461037,0.01513920618269913,1.4761563064457215,1.317680225478906,-0.6554773139543572,-0.5423249509156014,-1.3300893470358974,-1.5340753701967227,0.006159429261613816,-1.2295535916335145,-2.208410367367234,-1.6889766512909976,-1.2585870433637032,-1.6569167339679542,-0.8737780420015958,-2.8765578542330608,-0.5572492138020806,-0.14966853973655284,-3.141870674803091,-4.150165160047741
daphnia,14,CTDD21,328,482.23731077509,-869.4931361506477,0.23323422994626344,True,complete,8.687881958864885,3.9412487601527997,-11.56068918724473,-6.719143128061356,4.139975219671732,-0.8967050108258106,3.6103916187449863,-2.6667147988806676,-6.88852966935233,-2.763095328159608,-2.664866301718688,-4.193113053915471,-2.024983537297518,-7.129216036828149,-0.7227537111405065,-0.9665815817758546,-5.612546361740568,-0.8714349545828539,1.0385382411118556,0.01831838529976417,1.4739308814706236,1.3151186403952455,-0.6570101660206312,-0.540868912190433,-1.3314182261305167,-1.5364050990377356,0.003762160295121903,-1.229553414878562,-2.2047369287331913,-1.6872131620520208,-1.2608471269326424,-1.652883652708892,-0.8763862573182791,-2.876694069921477,-0.5555805314235198,-0.15308970532200447,-3.137870661550897,-4.146735503134291
