elapsed_seconds,median,q10,maximum,source,method
0.5266310146876744,-7484.158203125,-15307.0576171875,-4289.95361328125,IF2 warm start,IF2 warm start
1.0532620293753487,-4115.827392578125,-4944.785986328125,-3840.294921875,IF2 warm start,IF2 warm start
1.5798930440630232,-4046.446166992188,-4897.558154296875,-3823.4140625,IF2 warm start,IF2 warm start
2.106524058750697,-4024.4892578125,-4494.75439453125,-3809.233642578125,IF2 warm start,IF2 warm start
2.633155073438372,-3998.291259765625,-4555.12314453125,-3819.356201171875,IF2 warm start,IF2 warm start
3.1597860881260464,-3973.604614257813,-4251.912353515625,-3801.974609375,IF2 warm start,IF2 warm start
3.6864171028137207,-3980.19921875,-4302.930615234375,-3819.16650390625,IF2 warm start,IF2 warm start
4.213048117501395,-3980.9886474609375,-4251.389697265625,-3808.56982421875,IF2 warm start,IF2 warm start
4.739679132189069,-3968.767578125,-4197.495166015625,-3822.48583984375,IF2 warm start,IF2 warm start
5.266310146876744,-3947.99462890625,-4165.445849609375,-3806.26611328125,IF2 warm start,IF2 warm start
5.792941161564419,-3943.577392578125,-4178.769921875,-3791.377685546875,IF2 warm start,IF2 warm start
6.319572176252093,-3939.34814453125,-4130.47919921875,-3793.715576171875,IF2 warm start,IF2 warm start
6.846203190939767,-3931.7724609375,-4099.617724609375,-3788.818115234375,IF2 warm start,IF2 warm start
7.372834205627441,-3937.728271484375,-4120.04580078125,-3792.25,IF2 warm start,IF2 warm start
7.899465220315116,-3904.43798828125,-4044.8274658203127,-3786.343505859375,IF2 warm start,IF2 warm start
8.42609623500279,-3913.975341796875,-4131.038134765625,-3786.42578125,IF2 warm start,IF2 warm start
8.952727249690465,-3899.3111572265625,-4071.610009765625,-3781.233642578125,IF2 warm start,IF2 warm start
9.479358264378138,-3918.880004882813,-4112.249365234375,-3771.760498046875,IF2 warm start,IF2 warm start
10.005989279065814,-3891.0462646484375,-4093.7141845703127,-3783.880859375,IF2 warm start,IF2 warm start
10.532620293753489,-3911.4384765625,-4035.32490234375,-3779.164794921875,IF2 warm start,IF2 warm start
11.059251308441162,-3905.788818359375,-4017.222216796875,-3771.022705078125,IF2 warm start,IF2 warm start
11.585882323128835,-3902.007690429688,-4082.5738037109377,-3771.015380859375,IF2 warm start,IF2 warm start
12.11251333781651,-3911.0679931640634,-4142.697900390625,-3783.90087890625,IF2 warm start,IF2 warm start
12.639144352504186,-3917.808837890625,-4088.130981445313,-3768.91162109375,IF2 warm start,IF2 warm start
13.16577536719186,-3902.1165771484375,-4060.0255859375,-3778.526611328125,IF2 warm start,IF2 warm start
13.692406381879534,-3901.8646240234375,-3987.365283203125,-3771.65380859375,IF2 warm start,IF2 warm start
14.219037396567208,-3882.69384765625,-4019.977075195312,-3769.107177734375,IF2 warm start,IF2 warm start
14.745668411254885,-3892.401611328125,-4007.496923828125,-3774.699951171875,IF2 warm start,IF2 warm start
15.272299425942558,-3880.50341796875,-4018.46708984375,-3785.136962890625,IF2 warm start,IF2 warm start
15.798930440630231,-3873.928466796875,-4010.47109375,-3773.12646484375,IF2 warm start,IF2 warm start
16.325561455317906,-3872.72705078125,-4014.842431640625,-3772.279296875,IF2 warm start,IF2 warm start
16.85219247000558,-3876.796020507813,-4038.9456787109375,-3782.346923828125,IF2 warm start,IF2 warm start
17.378823484693253,-3871.2327880859375,-4032.16962890625,-3778.528564453125,IF2 warm start,IF2 warm start
17.90545449938093,-3866.9779052734375,-4037.474169921875,-3772.870849609375,IF2 warm start,IF2 warm start
18.432085514068604,-3877.659912109375,-4020.438623046875,-3767.68798828125,IF2 warm start,IF2 warm start
18.95871652875628,-3870.4888916015625,-4061.4160400390624,-3772.890869140625,IF2 warm start,IF2 warm start
19.485347543443957,-3849.865356445313,-3983.3375244140634,-3773.311279296875,IF2 warm start,IF2 warm start
20.011978558131627,-3858.0230712890634,-3991.8873046875,-3771.637451171875,IF2 warm start,IF2 warm start
20.5386095728193,-3860.248291015625,-3988.5656982421874,-3774.87841796875,IF2 warm start,IF2 warm start
21.06524058750697,-3854.781982421875,-3971.979711914063,-3764.26953125,IF2 warm start,IF2 warm start
21.59187160219465,-3851.54052734375,-3962.79482421875,-3769.99267578125,IF2 warm start,IF2 warm start
22.118502616882324,-3844.63427734375,-3996.126123046875,-3771.50048828125,IF2 warm start,IF2 warm start
22.64513363157,-3858.1646728515625,-3994.5663818359376,-3775.84326171875,IF2 warm start,IF2 warm start
23.171764646257675,-3858.5416259765625,-3964.22451171875,-3780.456787109375,IF2 warm start,IF2 warm start
23.698395660945348,-3856.99072265625,-3967.4252197265614,-3771.14111328125,IF2 warm start,IF2 warm start
24.22502667563302,-3852.97900390625,-3944.73916015625,-3762.565673828125,IF2 warm start,IF2 warm start
24.75165769032069,-3849.4085693359375,-3967.3922607421873,-3759.27001953125,IF2 warm start,IF2 warm start
25.27828870500837,-3840.0517578125,-3946.296728515625,-3763.597900390625,IF2 warm start,IF2 warm start
25.804919719696045,-3835.708984375,-3943.9655029296873,-3759.7294921875,IF2 warm start,IF2 warm start
26.33155073438372,-3840.5316162109375,-3964.2291748046873,-3759.306640625,IF2 warm start,IF2 warm start
26.858181749071395,-3830.25244140625,-3930.8329833984376,-3768.568115234375,IF2 warm start,IF2 warm start
27.38481276375907,-3830.4410400390634,-3937.11611328125,-3764.264404296875,IF2 warm start,IF2 warm start
27.911443778446746,-3839.8736572265625,-3957.27490234375,-3765.57763671875,IF2 warm start,IF2 warm start
28.438074793134412,-3828.2099609375,-3944.845458984375,-3762.865966796875,IF2 warm start,IF2 warm start
28.96470580782209,-3822.8662109375,-3925.068627929688,-3753.710693359375,IF2 warm start,IF2 warm start
29.49133682250977,-3825.2955322265625,-3917.5197509765626,-3757.745849609375,IF2 warm start,IF2 warm start
30.01796783719744,-3826.853759765625,-3912.371557617188,-3766.14892578125,IF2 warm start,IF2 warm start
30.54459885188512,-3827.447387695313,-3918.2162353515614,-3759.651123046875,IF2 warm start,IF2 warm start
31.07122986657279,-3817.9970703125,-3934.9501953125,-3764.5009765625,IF2 warm start,IF2 warm start
31.597860881260463,-3809.8521728515625,-3903.956591796875,-3761.403076171875,IF2 warm start,IF2 warm start
32.12449189594814,-3811.921020507813,-3901.984033203125,-3765.759033203125,IF2 warm start,IF2 warm start
32.65112291063581,-3811.3001708984375,-3922.926123046875,-3759.217529296875,IF2 warm start,IF2 warm start
33.177753925323486,-3811.8450927734375,-3883.076293945313,-3762.428466796875,IF2 warm start,IF2 warm start
33.70438494001116,-3809.6859130859375,-3904.404223632812,-3759.474853515625,IF2 warm start,IF2 warm start
34.23101595469883,-3807.9029541015625,-3878.35185546875,-3751.845947265625,IF2 warm start,IF2 warm start
34.757646969386506,-3809.60595703125,-3890.7861328125,-3756.4296875,IF2 warm start,IF2 warm start
35.28427798407419,-3801.9443359375,-3882.1826171875,-3756.1533203125,IF2 warm start,IF2 warm start
35.81090899876186,-3808.4990234375,-3871.077221679688,-3756.842529296875,IF2 warm start,IF2 warm start
36.337540013449534,-3803.6966552734375,-3879.726489257812,-3753.499755859375,IF2 warm start,IF2 warm start
36.86417102813721,-3802.220458984375,-3874.26025390625,-3760.3564453125,IF2 warm start,IF2 warm start
37.39080204282488,-3803.7587890625,-3878.673071289063,-3758.287109375,IF2 warm start,IF2 warm start
37.91743305751256,-3803.2474365234375,-3872.2239990234375,-3756.162109375,IF2 warm start,IF2 warm start
38.44406407220023,-3801.5550537109375,-3869.471752929688,-3758.529296875,IF2 warm start,IF2 warm start
38.97069508688791,-3803.068481445313,-3876.329345703125,-3759.90771484375,IF2 warm start,IF2 warm start
39.49732610157558,-3798.777221679688,-3873.947387695313,-3756.96630859375,IF2 warm start,IF2 warm start
40.02395711626325,-3807.256103515625,-3876.321215820312,-3758.879150390625,IF2 warm start,IF2 warm start
40.55058813095093,-3800.380737304688,-3867.273876953125,-3761.7841796875,IF2 warm start,IF2 warm start
41.0772191456386,-3796.8577880859375,-3893.7399169921873,-3757.36572265625,IF2 warm start,IF2 warm start
41.603850160326274,-3795.191528320313,-3859.96689453125,-3762.72265625,IF2 warm start,IF2 warm start
42.13048117501395,-3793.8629150390634,-3858.3200439453126,-3761.23193359375,IF2 warm start,IF2 warm start
42.65711218970163,-3795.521606445313,-3865.2759521484377,-3755.931884765625,IF2 warm start,IF2 warm start
43.1837432043893,-3793.298950195313,-3863.4457275390623,-3759.641845703125,IF2 warm start,IF2 warm start
43.710374219076975,-3794.2279052734375,-3856.115307617188,-3762.7109375,IF2 warm start,IF2 warm start
44.23700523376465,-3795.179809570313,-3863.142114257813,-3759.392822265625,IF2 warm start,IF2 warm start
44.76363624845232,-3799.441650390625,-3862.2017822265625,-3755.33349609375,IF2 warm start,IF2 warm start
45.29026726314,-3792.2197265625,-3846.407861328125,-3758.088134765625,IF2 warm start,IF2 warm start
45.81689827782767,-3798.5081787109375,-3852.142578125,-3759.727294921875,IF2 warm start,IF2 warm start
46.34352929251535,-3790.332885742188,-3854.230908203125,-3756.264892578125,IF2 warm start,IF2 warm start
46.87016030720302,-3793.03955078125,-3836.8724609375,-3760.568359375,IF2 warm start,IF2 warm start
47.396791321890696,-3789.0699462890634,-3835.38369140625,-3759.50244140625,IF2 warm start,IF2 warm start
47.92342233657837,-3787.38525390625,-3838.090649414063,-3754.536865234375,IF2 warm start,IF2 warm start
48.45005335126604,-3789.0328369140634,-3848.3669189453126,-3754.12548828125,IF2 warm start,IF2 warm start
48.97668436595372,-3785.203369140625,-3841.7853759765626,-3755.40771484375,IF2 warm start,IF2 warm start
49.50331538064139,-3787.022338867188,-3845.56904296875,-3754.7841796875,IF2 warm start,IF2 warm start
50.02994639532907,-3786.44482421875,-3842.87763671875,-3758.69921875,IF2 warm start,IF2 warm start
50.55657741001674,-3785.83251953125,-3838.59111328125,-3759.4326171875,IF2 warm start,IF2 warm start
51.08320842470442,-3783.618041992188,-3838.612377929688,-3756.239990234375,IF2 warm start,IF2 warm start
51.60983943939209,-3782.137451171875,-3833.425024414063,-3754.360595703125,IF2 warm start,IF2 warm start
52.13647045407976,-3786.001098632813,-3832.800610351562,-3757.0419921875,IF2 warm start,IF2 warm start
52.66310146876744,-3784.034301757813,-3836.0530517578127,-3758.214599609375,IF2 warm start,IF2 warm start
53.18973248345511,-3785.3544921875,-3835.95888671875,-3755.647705078125,IF2 warm start,IF2 warm start
53.71636349814279,-3785.08203125,-3831.6412841796873,-3753.552490234375,IF2 warm start,IF2 warm start
54.242994512830464,-3782.6529541015625,-3832.033203125,-3755.09716796875,IF2 warm start,IF2 warm start
54.76962552751814,-3783.156127929688,-3832.3893798828126,-3756.244873046875,IF2 warm start,IF2 warm start
55.29625654220581,-3782.96923828125,-3829.964770507812,-3756.176513671875,IF2 warm start,IF2 warm start
55.82288755689349,-3780.9710693359375,-3822.574365234375,-3756.125244140625,IF2 warm start,IF2 warm start
56.34951857158116,-3782.939331054688,-3829.388940429688,-3753.904296875,IF2 warm start,IF2 warm start
56.87614958626883,-3782.517822265625,-3828.92802734375,-3755.18701171875,IF2 warm start,IF2 warm start
57.40278060095651,-3778.46337890625,-3828.1656982421873,-3754.090576171875,IF2 warm start,IF2 warm start
57.929411615644185,-3777.209838867188,-3831.6073974609376,-3753.4033203125,IF2 warm start,IF2 warm start
58.45604263033186,-3776.587158203125,-3831.215942382813,-3756.335205078125,IF2 warm start,IF2 warm start
58.98267364501953,-3779.2216796875,-3823.657666015625,-3751.779052734375,IF2 warm start,IF2 warm start
59.509304659707205,-3778.127075195313,-3827.340380859375,-3754.510498046875,IF2 warm start,IF2 warm start
60.03593567439488,-3779.1171875,-3829.5719970703126,-3749.353515625,IF2 warm start,IF2 warm start
60.56256668908255,-3775.939697265625,-3820.733203125,-3751.674072265625,IF2 warm start,IF2 warm start
61.08919770377023,-3776.1693115234375,-3817.6891357421873,-3754.651611328125,IF2 warm start,IF2 warm start
61.61582871845791,-3776.4302978515625,-3823.9339599609375,-3750.75927734375,IF2 warm start,IF2 warm start
62.14245973314558,-3777.1292724609375,-3828.125854492188,-3750.20458984375,IF2 warm start,IF2 warm start
62.66909074783325,-3776.601806640625,-3820.274072265625,-3753.435791015625,IF2 warm start,IF2 warm start
63.195721762520925,-3774.95361328125,-3830.128515625,-3755.049072265625,IF2 warm start,IF2 warm start
63.7223527772086,-3775.945068359375,-3830.956494140625,-3750.097412109375,IF2 warm start,IF2 warm start
64.24898379189628,-3775.07666015625,-3826.0298828125,-3750.9931640625,IF2 warm start,IF2 warm start
64.77561480658395,-3775.09423828125,-3825.32119140625,-3751.762451171875,IF2 warm start,IF2 warm start
65.30224582127163,-3775.0736083984375,-3827.5172607421873,-3751.47119140625,IF2 warm start,IF2 warm start
65.82887683595929,-3775.2388916015625,-3826.5728759765625,-3753.38232421875,IF2 warm start,IF2 warm start
66.35550785064697,-3774.13427734375,-3827.041943359375,-3752.648193359375,IF2 warm start,IF2 warm start
66.88213886533465,-3771.802612304688,-3820.5820068359376,-3751.05419921875,IF2 warm start,IF2 warm start
67.40876988002232,-3773.32080078125,-3822.591455078125,-3753.28369140625,IF2 warm start,IF2 warm start
67.93540089471,-3772.4306640625,-3818.1523681640624,-3752.5322265625,IF2 warm start,IF2 warm start
68.46203190939767,-3772.605224609375,-3818.8349853515615,-3752.452392578125,IF2 warm start,IF2 warm start
68.98866292408535,-3773.186767578125,-3820.36484375,-3751.51025390625,IF2 warm start,IF2 warm start
69.51529393877301,-3772.898559570313,-3814.992065429688,-3753.08056640625,IF2 warm start,IF2 warm start
70.0419249534607,-3772.174560546875,-3816.3795654296873,-3752.442138671875,IF2 warm start,IF2 warm start
70.56855596814837,-3770.205322265625,-3817.323364257813,-3751.580322265625,IF2 warm start,IF2 warm start
71.09518698283604,-3772.1669921875,-3818.5433349609375,-3752.781494140625,IF2 warm start,IF2 warm start
71.62181799752372,-3771.4605712890634,-3813.8802734375,-3753.483642578125,IF2 warm start,IF2 warm start
72.14844901221139,-3772.861206054688,-3812.7955322265625,-3751.846923828125,IF2 warm start,IF2 warm start
72.67508002689907,-3770.519775390625,-3812.711083984375,-3750.916259765625,IF2 warm start,IF2 warm start
73.20171104158673,-3771.5435791015625,-3813.2066650390634,-3751.2890625,IF2 warm start,IF2 warm start
73.72834205627441,-3770.982543945313,-3815.423022460937,-3751.415771484375,IF2 warm start,IF2 warm start
74.2549730709621,-3771.901489257813,-3818.365283203125,-3749.78955078125,IF2 warm start,IF2 warm start
74.78160408564976,-3769.549682617188,-3815.48486328125,-3749.56494140625,IF2 warm start,IF2 warm start
75.30823510033744,-3770.60693359375,-3818.0140380859375,-3747.94921875,IF2 warm start,IF2 warm start
75.83486611502511,-3771.625122070313,-3814.433642578125,-3749.849365234375,IF2 warm start,IF2 warm start
76.36149712971279,-3770.8714599609375,-3813.517041015625,-3749.36669921875,IF2 warm start,IF2 warm start
76.88812814440045,-3769.825439453125,-3812.84453125,-3749.867919921875,IF2 warm start,IF2 warm start
77.41475915908813,-3771.043823242188,-3812.6552734375,-3747.36865234375,IF2 warm start,IF2 warm start
77.94139017377582,-3768.361328125,-3811.360791015625,-3749.059814453125,IF2 warm start,IF2 warm start
78.46802118846348,-3768.5836181640634,-3806.907568359375,-3750.042236328125,IF2 warm start,IF2 warm start
78.99465220315116,-3768.951904296875,-3810.037231445313,-3748.913818359375,IF2 warm start,IF2 warm start
79.52128321783883,-3767.608154296875,-3804.6878662109375,-3748.8056640625,IF2 warm start,IF2 warm start
80.04791423252651,-3769.232421875,-3805.5285888671874,-3751.70654296875,IF2 warm start,IF2 warm start
80.57454524721417,-3769.83154296875,-3805.053271484375,-3751.951416015625,IF2 warm start,IF2 warm start
81.10117626190186,-3768.049560546875,-3807.390283203125,-3750.631591796875,IF2 warm start,IF2 warm start
81.62780727658954,-3768.208862304688,-3809.167749023437,-3750.25634765625,IF2 warm start,IF2 warm start
82.1544382912772,-3768.0462646484375,-3807.01240234375,-3751.163818359375,IF2 warm start,IF2 warm start
82.68106930596488,-3768.0736083984375,-3809.756762695312,-3751.14990234375,IF2 warm start,IF2 warm start
83.20770032065255,-3767.023315429688,-3809.569409179688,-3751.46630859375,IF2 warm start,IF2 warm start
83.73433133534023,-3766.396484375,-3807.841015625,-3749.166748046875,IF2 warm start,IF2 warm start
84.2609623500279,-3766.51806640625,-3812.6328125,-3750.529052734375,IF2 warm start,IF2 warm start
84.78759336471558,-3766.931518554688,-3806.6453125,-3752.294677734375,IF2 warm start,IF2 warm start
85.31422437940326,-3767.33837890625,-3806.864892578125,-3749.872314453125,IF2 warm start,IF2 warm start
85.84085539409092,-3768.3626708984375,-3807.5863525390623,-3748.968994140625,IF2 warm start,IF2 warm start
86.3674864087786,-3766.795166015625,-3808.0524658203126,-3750.91552734375,IF2 warm start,IF2 warm start
86.89411742346627,-3768.33251953125,-3803.175048828125,-3748.180419921875,IF2 warm start,IF2 warm start
87.42074843815395,-3766.390869140625,-3806.9351318359377,-3748.847900390625,IF2 warm start,IF2 warm start
87.94737945284162,-3766.805541992188,-3803.6978515625,-3750.364990234375,IF2 warm start,IF2 warm start
88.4740104675293,-3766.2210693359375,-3804.496044921875,-3750.224365234375,IF2 warm start,IF2 warm start
89.00064148221698,-3766.3251953125,-3805.024536132813,-3749.099365234375,IF2 warm start,IF2 warm start
89.52727249690464,-3764.8607177734375,-3806.9013671875,-3748.879638671875,IF2 warm start,IF2 warm start
90.05390351159232,-3765.9488525390634,-3804.7457275390634,-3750.32275390625,IF2 warm start,IF2 warm start
90.58053452628,-3765.274658203125,-3805.522509765625,-3749.3125,IF2 warm start,IF2 warm start
91.10716554096769,-3765.57080078125,-3803.896948242188,-3751.138916015625,IF2 warm start,IF2 warm start
91.63379655565534,-3765.8316650390634,-3803.627124023437,-3751.4619140625,IF2 warm start,IF2 warm start
92.16042757034302,-3764.6907958984375,-3802.098046875,-3749.891845703125,IF2 warm start,IF2 warm start
94.28706995725632,-3766.57373046875,-3805.902221679688,-3750.4794921875,IFAD-0.97,IFAD-0.97
96.4137123441696,-3765.345947265625,-3804.7083251953127,-3748.58984375,IFAD-0.97,IFAD-0.97
98.54035473108291,-3764.1041259765625,-3803.1849609375,-3747.626220703125,IFAD-0.97,IFAD-0.97
100.66699711799622,-3764.9888916015625,-3804.090747070312,-3748.414306640625,IFAD-0.97,IFAD-0.97
102.79363950490952,-3766.6357421875,-3802.244213867188,-3748.142822265625,IFAD-0.97,IFAD-0.97
104.9202818918228,-3765.559692382813,-3804.826440429688,-3746.3642578125,IFAD-0.97,IFAD-0.97
107.04692427873611,-3763.77294921875,-3802.972265625,-3748.309814453125,IFAD-0.97,IFAD-0.97
109.17356666564942,-3763.50732421875,-3810.0664306640624,-3747.71826171875,IFAD-0.97,IFAD-0.97
111.3002090525627,-3764.381591796875,-3814.1361572265614,-3747.099365234375,IFAD-0.97,IFAD-0.97
113.426851439476,-3763.041015625,-3804.924267578125,-3747.984375,IFAD-0.97,IFAD-0.97
115.55349382638931,-3762.167846679688,-3800.204614257813,-3746.814453125,IFAD-0.97,IFAD-0.97
117.68013621330262,-3762.1695556640634,-3799.27333984375,-3747.2490234375,IFAD-0.97,IFAD-0.97
119.8067786002159,-3764.345458984375,-3802.3107421875,-3746.651611328125,IFAD-0.97,IFAD-0.97
121.9334209871292,-3763.413330078125,-3802.5680908203126,-3745.623046875,IFAD-0.97,IFAD-0.97
124.06006337404251,-3761.7359619140634,-3800.00556640625,-3746.555419921875,IFAD-0.97,IFAD-0.97
126.18670576095582,-3761.579345703125,-3805.325952148437,-3746.21240234375,IFAD-0.97,IFAD-0.97
128.3133481478691,-3762.0443115234375,-3806.903759765625,-3746.00390625,IFAD-0.97,IFAD-0.97
130.4399905347824,-3759.3603515625,-3799.270678710937,-3746.3671875,IFAD-0.97,IFAD-0.97
132.5666329216957,-3759.856201171875,-3797.843872070313,-3746.225830078125,IFAD-0.97,IFAD-0.97
134.693275308609,-3760.8447265625,-3799.04541015625,-3744.003173828125,IFAD-0.97,IFAD-0.97
136.8199176955223,-3758.72265625,-3799.0390869140624,-3746.456298828125,IFAD-0.97,IFAD-0.97
138.9465600824356,-3759.6683349609375,-3800.23955078125,-3745.27685546875,IFAD-0.97,IFAD-0.97
141.0732024693489,-3758.492309570313,-3800.84677734375,-3744.962890625,IFAD-0.97,IFAD-0.97
143.19984485626222,-3757.491333007813,-3797.417333984375,-3746.802978515625,IFAD-0.97,IFAD-0.97
145.3264872431755,-3756.352416992188,-3799.130004882813,-3746.4677734375,IFAD-0.97,IFAD-0.97
147.4531296300888,-3756.910888671875,-3800.156372070313,-3746.33447265625,IFAD-0.97,IFAD-0.97
149.5797720170021,-3756.694458007813,-3800.892358398437,-3745.73583984375,IFAD-0.97,IFAD-0.97
151.7064144039154,-3756.755615234375,-3799.4996337890634,-3746.56494140625,IFAD-0.97,IFAD-0.97
153.83305679082872,-3756.3023681640634,-3795.780395507813,-3746.03271484375,IFAD-0.97,IFAD-0.97
155.959699177742,-3755.00390625,-3797.7142822265614,-3745.306640625,IFAD-0.97,IFAD-0.97
158.0863415646553,-3754.55126953125,-3797.044116210937,-3744.35302734375,IFAD-0.97,IFAD-0.97
160.21298395156862,-3754.724731445313,-3794.132592773437,-3745.005859375,IFAD-0.97,IFAD-0.97
162.3396263384819,-3755.267700195313,-3789.925,-3746.55224609375,IFAD-0.97,IFAD-0.97
164.4662687253952,-3754.4398193359375,-3784.6116455078127,-3744.7666015625,IFAD-0.97,IFAD-0.97
166.5929111123085,-3754.574462890625,-3784.983154296875,-3744.227783203125,IFAD-0.97,IFAD-0.97
168.7195534992218,-3754.348388671875,-3785.21962890625,-3745.750732421875,IFAD-0.97,IFAD-0.97
170.8461958861351,-3754.2093505859375,-3787.234326171875,-3746.31591796875,IFAD-0.97,IFAD-0.97
172.9728382730484,-3753.19775390625,-3783.327392578125,-3744.071533203125,IFAD-0.97,IFAD-0.97
175.0994806599617,-3753.164916992188,-3779.9769775390623,-3745.620361328125,IFAD-0.97,IFAD-0.97
177.226123046875,-3752.9066162109375,-3778.3082763671873,-3746.071533203125,IFAD-0.97,IFAD-0.97
179.3527654337883,-3753.146728515625,-3781.14287109375,-3745.863525390625,IFAD-0.97,IFAD-0.97
181.4794078207016,-3753.00732421875,-3780.0111572265614,-3744.691162109375,IFAD-0.97,IFAD-0.97
183.60605020761489,-3752.6708984375,-3779.70263671875,-3743.43896484375,IFAD-0.97,IFAD-0.97
185.7326925945282,-3752.954223632813,-3778.17529296875,-3745.743408203125,IFAD-0.97,IFAD-0.97
187.8593349814415,-3752.462646484375,-3776.398046875,-3745.55712890625,IFAD-0.97,IFAD-0.97
189.9859773683548,-3753.2724609375,-3778.6435302734376,-3744.9560546875,IFAD-0.97,IFAD-0.97
192.1126197552681,-3752.819091796875,-3783.5874755859377,-3744.89892578125,IFAD-0.97,IFAD-0.97
194.23926214218145,-3753.102783203125,-3779.7345947265626,-3745.3564453125,IFAD-0.97,IFAD-0.97
196.36590452909468,-3752.115966796875,-3777.007006835937,-3744.993408203125,IFAD-0.97,IFAD-0.97
198.492546916008,-3751.6429443359375,-3779.4878662109377,-3744.55615234375,IFAD-0.97,IFAD-0.97
200.6191893029213,-3751.8343505859375,-3776.2333984375,-3744.1328125,IFAD-0.97,IFAD-0.97
202.74583168983455,-3752.071166992188,-3776.499462890625,-3744.166259765625,IFAD-0.97,IFAD-0.97
204.8724740767479,-3751.8677978515625,-3776.869018554688,-3743.9462890625,IFAD-0.97,IFAD-0.97
206.9991164636612,-3751.24072265625,-3776.150634765625,-3744.627197265625,IFAD-0.97,IFAD-0.97
209.1257588505745,-3751.557495117188,-3774.666162109375,-3744.301025390625,IFAD-0.97,IFAD-0.97
211.2524012374878,-3751.4107666015625,-3773.999853515625,-3744.19384765625,IFAD-0.97,IFAD-0.97
213.3790436244011,-3751.226318359375,-3774.798388671875,-3745.341552734375,IFAD-0.97,IFAD-0.97
215.5056860113144,-3751.534912109375,-3773.679614257812,-3744.639404296875,IFAD-0.97,IFAD-0.97
217.63232839822768,-3750.956298828125,-3774.8357421875,-3743.780517578125,IFAD-0.97,IFAD-0.97
219.758970785141,-3750.602783203125,-3773.2425537109375,-3743.891845703125,IFAD-0.97,IFAD-0.97
221.8856131720543,-3750.7435302734375,-3770.1644775390623,-3744.1611328125,IFAD-0.97,IFAD-0.97
224.0122555589676,-3750.423095703125,-3770.340185546875,-3744.70556640625,IFAD-0.97,IFAD-0.97
226.1388979458809,-3751.07861328125,-3771.618627929688,-3744.392822265625,IFAD-0.97,IFAD-0.97
228.2655403327942,-3750.962646484375,-3772.236279296875,-3744.06494140625,IFAD-0.97,IFAD-0.97
230.39218271970748,-3750.5009765625,-3770.3079345703127,-3743.994873046875,IFAD-0.97,IFAD-0.97
232.5188251066208,-3750.788330078125,-3769.637451171875,-3744.7021484375,IFAD-0.97,IFAD-0.97
234.64546749353408,-3750.295166015625,-3769.544799804688,-3744.2578125,IFAD-0.97,IFAD-0.97
236.77210988044737,-3750.367431640625,-3773.2497314453126,-3743.94189453125,IFAD-0.97,IFAD-0.97
238.8987522673607,-3750.1373291015625,-3767.664575195312,-3743.673095703125,IFAD-0.97,IFAD-0.97
241.025394654274,-3750.117431640625,-3767.500073242188,-3743.442626953125,IFAD-0.97,IFAD-0.97
243.1520370411873,-3749.983520507813,-3766.2599853515626,-3744.49462890625,IFAD-0.97,IFAD-0.97
245.2786794281006,-3749.64208984375,-3766.160107421875,-3743.91748046875,IFAD-0.97,IFAD-0.97
247.40532181501388,-3749.650512695313,-3771.7219970703127,-3744.767822265625,IFAD-0.97,IFAD-0.97
249.5319642019272,-3749.602416992188,-3774.6122802734376,-3744.5625,IFAD-0.97,IFAD-0.97
251.65860658884048,-3749.979614257813,-3769.940942382813,-3744.510009765625,IFAD-0.97,IFAD-0.97
253.78524897575377,-3749.7464599609375,-3766.79814453125,-3743.939208984375,IFAD-0.97,IFAD-0.97
255.9118913626671,-3750.009887695313,-3766.659936523437,-3744.842529296875,IFAD-0.97,IFAD-0.97
258.0385337495804,-3749.358642578125,-3765.5043212890623,-3744.677490234375,IFAD-0.97,IFAD-0.97
260.16517613649364,-3749.7005615234375,-3765.4623046875,-3743.919677734375,IFAD-0.97,IFAD-0.97
262.29181852340696,-3749.719848632813,-3767.076025390625,-3744.43115234375,IFAD-0.97,IFAD-0.97
264.4184609103203,-3748.991088867188,-3764.078515625,-3744.33056640625,IFAD-0.97,IFAD-0.97
266.5451032972336,-3749.085205078125,-3764.354711914063,-3743.616943359375,IFAD-0.97,IFAD-0.97
268.6717456841469,-3749.3548583984375,-3764.0619140625,-3744.457763671875,IFAD-0.97,IFAD-0.97
270.7983880710602,-3749.292846679688,-3764.744482421875,-3744.211669921875,IFAD-0.97,IFAD-0.97
272.9250304579735,-3749.3017578125,-3764.2523193359375,-3743.873046875,IFAD-0.97,IFAD-0.97
275.05167284488675,-3749.4420166015625,-3765.578173828125,-3744.999755859375,IFAD-0.97,IFAD-0.97
277.17831523180007,-3748.835815429688,-3764.233471679688,-3743.275390625,IFAD-0.97,IFAD-0.97
279.3049576187134,-3748.5511474609375,-3761.240307617188,-3744.104248046875,IFAD-0.97,IFAD-0.97
281.4316000056267,-3748.814331054688,-3761.45361328125,-3744.210205078125,IFAD-0.97,IFAD-0.97
283.55824239254,-3748.886596679688,-3760.050903320313,-3744.25927734375,IFAD-0.97,IFAD-0.97
285.6848847794533,-3748.659912109375,-3762.51904296875,-3744.14453125,IFAD-0.97,IFAD-0.97
287.81152716636655,-3748.7724609375,-3761.77490234375,-3744.045166015625,IFAD-0.97,IFAD-0.97
289.93816955327986,-3748.7308349609375,-3759.6685791015625,-3744.9873046875,IFAD-0.97,IFAD-0.97
292.0648119401932,-3748.64111328125,-3759.14677734375,-3744.523681640625,IFAD-0.97,IFAD-0.97
294.1914543271065,-3748.26171875,-3759.2365478515626,-3743.507568359375,IFAD-0.97,IFAD-0.97
296.3180967140198,-3748.48388671875,-3759.431884765625,-3744.24658203125,IFAD-0.97,IFAD-0.97
298.4447391009331,-3748.7392578125,-3758.102587890625,-3744.718994140625,IFAD-0.97,IFAD-0.97
300.57138148784634,-3748.4814453125,-3757.9351318359377,-3744.63427734375,IFAD-0.97,IFAD-0.97
302.69802387475966,-3748.1578369140634,-3757.03955078125,-3744.312744140625,IFAD-0.97,IFAD-0.97
304.824666261673,-3748.541137695313,-3754.523388671875,-3744.47314453125,IFAD-0.97,IFAD-0.97
306.9513086485863,-3748.4898681640634,-3755.1927001953127,-3743.49169921875,IFAD-0.97,IFAD-0.97
309.0779510354996,-3748.36279296875,-3755.4701171875,-3743.792236328125,IFAD-0.97,IFAD-0.97
311.20459342241287,-3748.343994140625,-3756.9202392578127,-3744.739013671875,IFAD-0.97,IFAD-0.97
313.33123580932613,-3748.134765625,-3757.311596679688,-3743.73095703125,IFAD-0.97,IFAD-0.97
315.45787819623945,-3748.211791992188,-3755.7261962890634,-3743.420654296875,IFAD-0.97,IFAD-0.97
317.5845205831528,-3748.669921875,-3756.946826171875,-3744.8134765625,IFAD-0.97,IFAD-0.97
319.7111629700661,-3748.173706054688,-3755.75810546875,-3744.14111328125,IFAD-0.97,IFAD-0.97
321.8378053569794,-3748.2408447265625,-3755.3955322265615,-3743.971923828125,IFAD-0.97,IFAD-0.97
323.96444774389266,-3748.656127929688,-3753.95859375,-3744.756591796875,IFAD-0.97,IFAD-0.97
326.091090130806,-3748.069580078125,-3756.507080078125,-3744.57177734375,IFAD-0.97,IFAD-0.97
328.21773251771924,-3747.739135742188,-3755.8489013671874,-3743.519287109375,IFAD-0.97,IFAD-0.97
330.34437490463256,-3748.188232421875,-3754.6898681640623,-3744.071533203125,IFAD-0.97,IFAD-0.97
332.4710172915459,-3748.3564453125,-3756.6161865234376,-3744.312255859375,IFAD-0.97,IFAD-0.97
334.5976596784592,-3748.478515625,-3759.0961181640623,-3743.3486328125,IFAD-0.97,IFAD-0.97
336.72430206537246,-3747.958251953125,-3758.2594970703126,-3743.19287109375,IFAD-0.97,IFAD-0.97
338.8509444522858,-3747.6204833984375,-3756.1998291015625,-3743.884765625,IFAD-0.97,IFAD-0.97
340.97758683919903,-3748.245971679688,-3758.219604492188,-3744.01904296875,IFAD-0.97,IFAD-0.97
343.10422922611235,-3747.770751953125,-3756.93125,-3744.628662109375,IFAD-0.97,IFAD-0.97
345.23087161302567,-3748.16357421875,-3755.8414306640634,-3744.037109375,IFAD-0.97,IFAD-0.97
347.357513999939,-3748.2457275390634,-3753.209521484375,-3744.131103515625,IFAD-0.97,IFAD-0.97
349.48415638685225,-3747.6488037109375,-3753.9439697265625,-3743.58935546875,IFAD-0.97,IFAD-0.97
351.6107987737656,-3747.8812255859375,-3753.669677734375,-3744.127197265625,IFAD-0.97,IFAD-0.97
353.7374411606789,-3747.88330078125,-3755.802490234375,-3743.81103515625,IFAD-0.97,IFAD-0.97
355.86408354759214,-3747.989013671875,-3754.66982421875,-3743.64794921875,IFAD-0.97,IFAD-0.97
357.99072593450546,-3747.4273681640634,-3753.3854736328126,-3743.931884765625,IFAD-0.97,IFAD-0.97
360.1173683214188,-3747.3717041015625,-3754.110595703125,-3744.217041015625,IFAD-0.97,IFAD-0.97
362.244010708332,-3747.647705078125,-3754.951342773437,-3743.06005859375,IFAD-0.97,IFAD-0.97
364.37065309524536,-3747.940673828125,-3756.145556640625,-3742.894287109375,IFAD-0.97,IFAD-0.97
366.4972954821587,-3747.7232666015625,-3753.7369384765625,-3744.009521484375,IFAD-0.97,IFAD-0.97
368.623937869072,-3747.3372802734375,-3754.778076171875,-3743.833251953125,IFAD-0.97,IFAD-0.97
370.75058025598526,-3747.999267578125,-3758.257299804688,-3742.73876953125,IFAD-0.97,IFAD-0.97
372.8772226428986,-3748.112426757813,-3757.047387695312,-3743.55712890625,IFAD-0.97,IFAD-0.97
375.00386502981183,-3747.8248291015625,-3755.659643554688,-3742.982177734375,IFAD-0.97,IFAD-0.97
377.1305074167252,-3747.7435302734375,-3753.95791015625,-3743.881591796875,IFAD-0.97,IFAD-0.97
379.25714980363847,-3747.478637695313,-3756.4056396484375,-3743.52392578125,IFAD-0.97,IFAD-0.97
381.3837921905517,-3747.388916015625,-3757.37744140625,-3743.729736328125,IFAD-0.97,IFAD-0.97
383.51043457746505,-3747.863403320313,-3756.216918945313,-3743.82763671875,IFAD-0.97,IFAD-0.97
385.6370769643784,-3747.7239990234375,-3753.2896484375,-3744.201416015625,IFAD-0.97,IFAD-0.97
387.7637193512917,-3747.6031494140634,-3752.1076416015626,-3743.715087890625,IFAD-0.97,IFAD-0.97
389.89036173820494,-3747.0299072265625,-3752.9782470703126,-3744.328369140625,IFAD-0.97,IFAD-0.97
392.0170041251183,-3747.079833984375,-3754.3127197265626,-3743.751953125,IFAD-0.97,IFAD-0.97
394.1436465120316,-3747.829345703125,-3753.767651367188,-3742.6826171875,IFAD-0.97,IFAD-0.97
396.2702888989448,-3748.00830078125,-3753.6574951171874,-3744.098876953125,IFAD-0.97,IFAD-0.97
398.39693128585816,-3747.80078125,-3753.783251953125,-3743.14306640625,IFAD-0.97,IFAD-0.97
400.5235736727715,-3747.0404052734375,-3753.710083007813,-3743.751220703125,IFAD-0.97,IFAD-0.97
402.6502160596848,-3747.0638427734375,-3752.1009033203127,-3743.480712890625,IFAD-0.97,IFAD-0.97
404.77685844659806,-3747.505859375,-3752.28642578125,-3743.86279296875,IFAD-0.97,IFAD-0.97
406.9035008335114,-3747.48193359375,-3753.280493164063,-3744.255859375,IFAD-0.97,IFAD-0.97
409.03014322042463,-3747.4671630859375,-3752.9681640625,-3744.051513671875,IFAD-0.97,IFAD-0.97
411.156785607338,-3747.2392578125,-3753.6637939453126,-3743.230224609375,IFAD-0.97,IFAD-0.97
413.28342799425127,-3747.47216796875,-3752.1539794921873,-3743.5341796875,IFAD-0.97,IFAD-0.97
415.4100703811645,-3747.672607421875,-3753.418994140625,-3743.6796875,IFAD-0.97,IFAD-0.97
417.53671276807785,-3747.319458007813,-3753.4238037109376,-3743.49755859375,IFAD-0.97,IFAD-0.97
419.6633551549912,-3747.171997070313,-3752.3460693359375,-3743.68408203125,IFAD-0.97,IFAD-0.97
421.7899975419044,-3746.9075927734375,-3751.8935791015615,-3742.968017578125,IFAD-0.97,IFAD-0.97
423.91663992881774,-3747.15283203125,-3751.8476806640624,-3743.316162109375,IFAD-0.97,IFAD-0.97
426.0432823157311,-3747.319091796875,-3752.2341064453126,-3744.301513671875,IFAD-0.97,IFAD-0.97
428.1699247026443,-3747.08349609375,-3753.535546875,-3743.226806640625,IFAD-0.97,IFAD-0.97
430.2965670895576,-3746.94287109375,-3754.28515625,-3743.406494140625,IFAD-0.97,IFAD-0.97
432.42320947647096,-3746.8218994140634,-3753.72626953125,-3742.67822265625,IFAD-0.97,IFAD-0.97
434.5498518633842,-3747.26611328125,-3752.5681640625,-3742.943603515625,IFAD-0.97,IFAD-0.97
436.6764942502976,-3747.268310546875,-3752.8128662109375,-3743.17236328125,IFAD-0.97,IFAD-0.97
438.80313663721086,-3746.894409179688,-3752.810473632812,-3743.034423828125,IFAD-0.97,IFAD-0.97
440.9297790241242,-3746.7666015625,-3752.642138671875,-3743.59375,IFAD-0.97,IFAD-0.97
443.05642141103743,-3747.16845703125,-3752.942846679688,-3743.162109375,IFAD-0.97,IFAD-0.97
445.1830637979508,-3747.203857421875,-3752.8466552734376,-3744.12890625,IFAD-0.97,IFAD-0.97
447.30970618486407,-3747.383911132813,-3752.7287353515626,-3743.6884765625,IFAD-0.97,IFAD-0.97
449.4363485717773,-3747.320434570313,-3752.424291992188,-3743.85400390625,IFAD-0.97,IFAD-0.97
451.56299095869065,-3747.537963867188,-3752.221899414063,-3744.10302734375,IFAD-0.97,IFAD-0.97
453.689633345604,-3747.050903320313,-3751.671044921875,-3743.586181640625,IFAD-0.97,IFAD-0.97
455.8162757325172,-3747.052490234375,-3751.20712890625,-3743.132568359375,IFAD-0.97,IFAD-0.97
457.94291811943054,-3747.5374755859375,-3751.810107421875,-3743.111083984375,IFAD-0.97,IFAD-0.97
460.0695605063439,-3747.511596679688,-3753.924853515625,-3743.327880859375,IFAD-0.97,IFAD-0.97
462.1962028932571,-3747.155029296875,-3753.1569580078126,-3744.183349609375,IFAD-0.97,IFAD-0.97
464.3228452801704,-3746.6558837890634,-3751.1588623046873,-3743.73193359375,IFAD-0.97,IFAD-0.97
466.44948766708376,-3746.573974609375,-3750.5962646484377,-3742.9296875,IFAD-0.97,IFAD-0.97
468.576130053997,-3747.1156005859375,-3754.053198242188,-3743.46826171875,IFAD-0.97,IFAD-0.97
470.7027724409104,-3746.93310546875,-3753.170043945313,-3743.908447265625,IFAD-0.97,IFAD-0.97
472.82941482782365,-3747.072265625,-3753.925952148437,-3743.65673828125,IFAD-0.97,IFAD-0.97
474.9560572147369,-3746.981567382813,-3752.3521728515625,-3744.153076171875,IFAD-0.97,IFAD-0.97
477.08269960165023,-3746.832885742188,-3751.837255859375,-3744.044677734375,IFAD-0.97,IFAD-0.97
479.2093419885636,-3747.093994140625,-3751.8085693359376,-3742.19775390625,IFAD-0.97,IFAD-0.97
481.3359843754768,-3746.78515625,-3751.7744384765615,-3742.921142578125,IFAD-0.97,IFAD-0.97
483.4626267623901,-3747.164184570313,-3752.663623046875,-3743.2412109375,IFAD-0.97,IFAD-0.97
485.58926914930345,-3747.100341796875,-3750.852490234375,-3742.36376953125,IFAD-0.97,IFAD-0.97
487.7159115362167,-3746.8072509765625,-3750.1501220703126,-3743.612548828125,IFAD-0.97,IFAD-0.97
489.84255392313,-3746.916015625,-3752.587133789063,-3742.586669921875,IFAD-0.97,IFAD-0.97
491.96919631004334,-3747.11328125,-3753.204956054688,-3743.4560546875,IFAD-0.97,IFAD-0.97
494.0958386969567,-3747.3101806640634,-3752.694482421875,-3742.9794921875,IFAD-0.97,IFAD-0.97
496.2224810838699,-3746.85107421875,-3751.583251953125,-3743.329345703125,IFAD-0.97,IFAD-0.97
498.3491234707832,-3746.7545166015625,-3752.7385009765626,-3743.627685546875,IFAD-0.97,IFAD-0.97
500.47576585769656,-3746.57666015625,-3750.840356445312,-3743.99658203125,IFAD-0.97,IFAD-0.97
502.6024082446098,-3746.45068359375,-3750.383447265625,-3743.701416015625,IFAD-0.97,IFAD-0.97
504.7290506315232,-3746.6627197265625,-3750.4987548828126,-3743.5263671875,IFAD-0.97,IFAD-0.97
506.85569301843645,-3746.682739257813,-3751.055615234375,-3743.9833984375,IFAD-0.97,IFAD-0.97
508.9823354053497,-3746.70458984375,-3751.288525390625,-3743.0830078125,IFAD-0.97,IFAD-0.97
511.10897779226303,-3746.556762695313,-3750.7068359375,-3743.06103515625,IFAD-0.97,IFAD-0.97
513.2356201791763,-3746.506713867188,-3750.74599609375,-3743.2900390625,IFAD-0.97,IFAD-0.97
515.3622625660896,-3746.612060546875,-3751.466845703125,-3742.650634765625,IFAD-0.97,IFAD-0.97
517.4889049530029,-3746.48291015625,-3751.101831054688,-3742.95751953125,IFAD-0.97,IFAD-0.97
519.6155473399162,-3746.4371337890634,-3751.089770507812,-3743.201416015625,IFAD-0.97,IFAD-0.97
521.7421897268296,-3746.54833984375,-3751.1046875,-3743.6005859375,IFAD-0.97,IFAD-0.97
523.8688321137429,-3746.331909179688,-3751.394921875,-3743.811767578125,IFAD-0.97,IFAD-0.97
525.9954745006562,-3746.575927734375,-3749.823193359375,-3743.994140625,IFAD-0.97,IFAD-0.97
528.1221168875694,-3746.56982421875,-3750.2535400390634,-3743.554443359375,IFAD-0.97,IFAD-0.97
530.2487592744827,-3746.338134765625,-3751.215087890625,-3743.845458984375,IFAD-0.97,IFAD-0.97
532.375401661396,-3746.673583984375,-3751.6087890625,-3742.805419921875,IFAD-0.97,IFAD-0.97
534.5020440483092,-3746.642333984375,-3751.632055664063,-3743.835693359375,IFAD-0.97,IFAD-0.97
536.6286864352226,-3746.746826171875,-3751.126879882812,-3743.510498046875,IFAD-0.97,IFAD-0.97
538.7553288221359,-3746.665893554688,-3752.598046875,-3743.650634765625,IFAD-0.97,IFAD-0.97
540.8819712090492,-3746.5009765625,-3750.162109375,-3742.9267578125,IFAD-0.97,IFAD-0.97
543.0086135959625,-3745.950317382813,-3749.962377929688,-3743.498046875,IFAD-0.97,IFAD-0.97
545.1352559828758,-3746.064575195313,-3751.837939453125,-3743.6787109375,IFAD-0.97,IFAD-0.97
547.2618983697892,-3746.1947021484375,-3752.2923828125,-3744.1064453125,IFAD-0.97,IFAD-0.97
549.3885407567025,-3746.801513671875,-3752.156689453125,-3742.723388671875,IFAD-0.97,IFAD-0.97
551.5151831436158,-3746.353271484375,-3750.803784179688,-3742.749267578125,IFAD-0.97,IFAD-0.97
553.6418255305291,-3746.18408203125,-3751.114208984375,-3743.444091796875,IFAD-0.97,IFAD-0.97
555.7684679174423,-3746.3642578125,-3749.710424804688,-3743.552490234375,IFAD-0.97,IFAD-0.97
557.8951103043556,-3746.45556640625,-3750.1972412109376,-3743.39013671875,IFAD-0.97,IFAD-0.97
560.021752691269,-3746.360107421875,-3749.898217773437,-3743.740966796875,IFAD-0.97,IFAD-0.97
562.1483950781821,-3746.0816650390634,-3750.0032958984375,-3743.439453125,IFAD-0.97,IFAD-0.97
564.2750374650955,-3746.0810546875,-3749.665576171875,-3743.4267578125,IFAD-0.97,IFAD-0.97
566.4016798520088,-3746.3470458984375,-3749.883618164063,-3743.660888671875,IFAD-0.97,IFAD-0.97
568.5283222389221,-3746.538818359375,-3749.2721435546873,-3743.615234375,IFAD-0.97,IFAD-0.97
570.6549646258354,-3746.194213867188,-3749.263745117188,-3743.49560546875,IFAD-0.97,IFAD-0.97
572.7816070127487,-3746.340576171875,-3749.745751953125,-3743.06494140625,IFAD-0.97,IFAD-0.97
574.908249399662,-3746.3140869140634,-3750.485986328125,-3743.3408203125,IFAD-0.97,IFAD-0.97
577.0348917865754,-3746.3275146484375,-3749.622119140625,-3743.186279296875,IFAD-0.97,IFAD-0.97
579.1615341734887,-3746.0628662109375,-3749.74365234375,-3743.431396484375,IFAD-0.97,IFAD-0.97
581.2881765604019,-3746.198120117188,-3749.530908203125,-3743.603515625,IFAD-0.97,IFAD-0.97
583.4148189473152,-3746.33740234375,-3749.2955810546873,-3743.258544921875,IFAD-0.97,IFAD-0.97
585.5414613342285,-3746.243896484375,-3748.8314208984375,-3743.815673828125,IFAD-0.97,IFAD-0.97
587.6681037211417,-3746.3677978515625,-3748.809716796875,-3742.67724609375,IFAD-0.97,IFAD-0.97
589.794746108055,-3746.019653320313,-3748.929858398437,-3742.770263671875,IFAD-0.97,IFAD-0.97
591.9213884949684,-3746.2239990234375,-3749.9828125,-3743.104248046875,IFAD-0.97,IFAD-0.97
594.0480308818817,-3746.0181884765625,-3749.488452148437,-3741.58544921875,IFAD-0.97,IFAD-0.97
596.174673268795,-3745.999755859375,-3749.670458984375,-3743.06640625,IFAD-0.97,IFAD-0.97
598.3013156557083,-3746.090942382813,-3749.14208984375,-3742.345458984375,IFAD-0.97,IFAD-0.97
600.4279580426216,-3746.124877929688,-3750.4788330078127,-3743.603271484375,IFAD-0.97,IFAD-0.97
602.554600429535,-3745.9251708984375,-3749.770434570312,-3743.35498046875,IFAD-0.97,IFAD-0.97
604.6812428164482,-3745.93603515625,-3749.592895507813,-3743.53564453125,IFAD-0.97,IFAD-0.97
606.8078852033615,-3746.2008056640634,-3749.880102539063,-3743.59326171875,IFAD-0.97,IFAD-0.97
608.9345275902748,-3746.01171875,-3749.610229492188,-3742.648681640625,IFAD-0.97,IFAD-0.97
611.0611699771881,-3746.12548828125,-3749.6166259765614,-3743.607666015625,IFAD-0.97,IFAD-0.97
613.1878123641014,-3745.781127929688,-3748.9417724609375,-3743.10693359375,IFAD-0.97,IFAD-0.97
615.3144547510148,-3746.1051025390634,-3748.4000732421873,-3742.8388671875,IFAD-0.97,IFAD-0.97
617.441097137928,-3746.132080078125,-3749.790209960937,-3743.46630859375,IFAD-0.97,IFAD-0.97
619.5677395248413,-3745.954956054688,-3749.9474853515626,-3742.64697265625,IFAD-0.97,IFAD-0.97
621.6943819117546,-3746.053833007813,-3750.0843505859375,-3743.436767578125,IFAD-0.97,IFAD-0.97
623.8210242986679,-3745.934814453125,-3749.919458007813,-3743.571533203125,IFAD-0.97,IFAD-0.97
625.9476666855812,-3745.94189453125,-3749.800708007812,-3743.483154296875,IFAD-0.97,IFAD-0.97
628.0743090724945,-3745.9169921875,-3748.661279296875,-3743.221435546875,IFAD-0.97,IFAD-0.97
630.2009514594079,-3746.011962890625,-3749.00419921875,-3743.570556640625,IFAD-0.97,IFAD-0.97
632.3275938463211,-3745.890502929688,-3748.974487304688,-3743.429443359375,IFAD-0.97,IFAD-0.97
634.4542362332344,-3745.805786132813,-3749.222119140625,-3743.232666015625,IFAD-0.97,IFAD-0.97
636.5808786201477,-3745.8441162109375,-3748.799877929688,-3743.603515625,IFAD-0.97,IFAD-0.97
638.707521007061,-3746.096557617188,-3749.067260742188,-3743.281982421875,IFAD-0.97,IFAD-0.97
640.8341633939743,-3745.896484375,-3748.6392333984377,-3743.27001953125,IFAD-0.97,IFAD-0.97
642.9608057808877,-3745.9326171875,-3748.596801757813,-3743.615234375,IFAD-0.97,IFAD-0.97
645.0874481678009,-3745.81396484375,-3749.464404296875,-3741.81396484375,IFAD-0.97,IFAD-0.97
647.2140905547142,-3746.173095703125,-3749.628515625,-3742.641845703125,IFAD-0.97,IFAD-0.97
649.3407329416275,-3745.912841796875,-3748.7630615234375,-3743.384765625,IFAD-0.97,IFAD-0.97
651.4673753285408,-3746.110473632813,-3748.4287109375,-3743.442138671875,IFAD-0.97,IFAD-0.97
653.5940177154541,-3746.0814208984375,-3748.535400390625,-3743.11962890625,IFAD-0.97,IFAD-0.97
655.7206601023674,-3745.893798828125,-3748.466943359375,-3743.638427734375,IFAD-0.97,IFAD-0.97
657.8473024892807,-3745.912353515625,-3748.267724609375,-3743.648193359375,IFAD-0.97,IFAD-0.97
659.973944876194,-3745.848876953125,-3748.284985351562,-3742.94677734375,IFAD-0.97,IFAD-0.97
662.1005872631073,-3745.9993896484375,-3748.701904296875,-3742.383056640625,IFAD-0.97,IFAD-0.97
664.2272296500206,-3746.1949462890634,-3748.633325195312,-3743.489990234375,IFAD-0.97,IFAD-0.97
666.3538720369339,-3745.970947265625,-3749.17041015625,-3743.04296875,IFAD-0.97,IFAD-0.97
668.4805144238472,-3746.004150390625,-3747.821435546875,-3741.447265625,IFAD-0.97,IFAD-0.97
670.6071568107604,-3745.966064453125,-3748.3825439453126,-3743.144287109375,IFAD-0.97,IFAD-0.97
672.7337991976738,-3745.722412109375,-3749.0299560546873,-3742.5419921875,IFAD-0.97,IFAD-0.97
674.8604415845871,-3746.019653320313,-3748.6873046875,-3743.359130859375,IFAD-0.97,IFAD-0.97
676.9870839715004,-3745.707763671875,-3748.7091796875,-3742.37548828125,IFAD-0.97,IFAD-0.97
679.1137263584137,-3745.6431884765625,-3748.68828125,-3743.30908203125,IFAD-0.97,IFAD-0.97
681.240368745327,-3745.7408447265625,-3748.806689453125,-3742.120849609375,IFAD-0.97,IFAD-0.97
683.3670111322403,-3745.596435546875,-3748.4849365234377,-3742.77392578125,IFAD-0.97,IFAD-0.97
685.4936535191536,-3745.74169921875,-3747.910327148437,-3743.196044921875,IFAD-0.97,IFAD-0.97
687.6202959060669,-3745.7708740234375,-3748.59833984375,-3743.057861328125,IFAD-0.97,IFAD-0.97
689.7469382929802,-3745.748291015625,-3748.885961914063,-3742.107421875,IFAD-0.97,IFAD-0.97
691.8735806798935,-3745.642578125,-3748.963916015625,-3742.339599609375,IFAD-0.97,IFAD-0.97
694.0002230668068,-3745.8072509765625,-3748.6103271484376,-3742.9345703125,IFAD-0.97,IFAD-0.97
696.1268654537201,-3745.84765625,-3747.5022705078127,-3743.487060546875,IFAD-0.97,IFAD-0.97
698.2535078406333,-3745.82373046875,-3747.930834960937,-3743.3251953125,IFAD-0.97,IFAD-0.97
700.3801502275467,-3745.683837890625,-3748.381396484375,-3742.572509765625,IFAD-0.97,IFAD-0.97
702.50679261446,-3745.6380615234375,-3748.273779296875,-3742.85205078125,IFAD-0.97,IFAD-0.97
704.6334350013733,-3745.5126953125,-3748.0806396484377,-3742.9052734375,IFAD-0.97,IFAD-0.97
706.7600773882866,-3745.797607421875,-3747.896313476562,-3742.609130859375,IFAD-0.97,IFAD-0.97
708.8867197751999,-3745.8150634765625,-3748.76201171875,-3742.7373046875,IFAD-0.97,IFAD-0.97
711.0133621621131,-3745.813232421875,-3748.3375732421873,-3742.989990234375,IFAD-0.97,IFAD-0.97
713.1400045490265,-3745.658203125,-3748.266137695312,-3743.0302734375,IFAD-0.97,IFAD-0.97
715.2666469359398,-3745.614135742188,-3748.074365234375,-3742.680908203125,IFAD-0.97,IFAD-0.97
717.3932893228531,-3745.7122802734375,-3748.1572509765615,-3742.79052734375,IFAD-0.97,IFAD-0.97
719.5199317097664,-3745.428588867188,-3748.164404296875,-3742.72216796875,IFAD-0.97,IFAD-0.97
721.6465740966797,-3745.360595703125,-3748.0470703125,-3743.3701171875,IFAD-0.97,IFAD-0.97
723.7732164835929,-3745.6107177734375,-3747.8753662109375,-3742.76953125,IFAD-0.97,IFAD-0.97
725.8998588705063,-3745.577270507813,-3748.002221679688,-3743.322021484375,IFAD-0.97,IFAD-0.97
728.0265012574196,-3745.493286132813,-3748.2038330078126,-3743.1220703125,IFAD-0.97,IFAD-0.97
730.1531436443329,-3745.519409179688,-3748.0638916015614,-3742.4638671875,IFAD-0.97,IFAD-0.97
732.2797860312462,-3745.603637695313,-3748.476391601562,-3742.917724609375,IFAD-0.97,IFAD-0.97
734.4064284181595,-3745.556518554688,-3747.837939453125,-3742.614990234375,IFAD-0.97,IFAD-0.97
736.5330708050728,-3745.627075195313,-3747.611474609375,-3742.43310546875,IFAD-0.97,IFAD-0.97
738.659713191986,-3745.346435546875,-3747.367114257812,-3742.70068359375,IFAD-0.97,IFAD-0.97
740.7863555788994,-3745.2984619140634,-3747.9460205078126,-3742.4462890625,IFAD-0.97,IFAD-0.97
742.9129979658127,-3745.617919921875,-3747.739184570312,-3743.22900390625,IFAD-0.97,IFAD-0.97
745.039640352726,-3745.493286132813,-3747.728686523437,-3742.686767578125,IFAD-0.97,IFAD-0.97
747.1662827396393,-3745.333984375,-3747.643212890625,-3743.2119140625,IFAD-0.97,IFAD-0.97
749.2929251265526,-3745.7642822265625,-3747.7663330078126,-3742.840576171875,IFAD-0.97,IFAD-0.97
751.4195675134658,-3745.21826171875,-3747.907421875,-3743.256591796875,IFAD-0.97,IFAD-0.97
753.5462099003792,-3745.299682617188,-3747.851806640625,-3743.17578125,IFAD-0.97,IFAD-0.97
755.6728522872925,-3745.359497070313,-3747.859033203125,-3743.130859375,IFAD-0.97,IFAD-0.97
757.7994946742058,-3745.399658203125,-3747.532080078125,-3742.902587890625,IFAD-0.97,IFAD-0.97
759.9261370611191,-3745.419921875,-3747.411279296875,-3742.801513671875,IFAD-0.97,IFAD-0.97
762.0527794480324,-3745.3511962890634,-3747.3900390625,-3742.249267578125,IFAD-0.97,IFAD-0.97
764.1794218349456,-3745.394409179688,-3747.2294921875,-3742.847412109375,IFAD-0.97,IFAD-0.97
766.306064221859,-3745.334228515625,-3747.50068359375,-3743.51806640625,IFAD-0.97,IFAD-0.97
768.4327066087723,-3745.2972412109375,-3747.7236572265615,-3742.132080078125,IFAD-0.97,IFAD-0.97
770.5593489956856,-3745.3883056640634,-3747.31953125,-3742.390380859375,IFAD-0.97,IFAD-0.97
772.6859913825989,-3745.2431640625,-3747.3916259765615,-3742.50146484375,IFAD-0.97,IFAD-0.97
774.8126337695122,-3745.5013427734375,-3747.4085693359375,-3743.005615234375,IFAD-0.97,IFAD-0.97
776.9392761564254,-3745.542114257813,-3747.435375976562,-3742.515380859375,IFAD-0.97,IFAD-0.97
779.0659185433387,-3745.2867431640634,-3748.4720947265614,-3743.147705078125,IFAD-0.97,IFAD-0.97
781.1925609302521,-3745.400268554688,-3747.642700195313,-3742.7197265625,IFAD-0.97,IFAD-0.97
783.3192033171654,-3745.3427734375,-3747.339453125,-3742.509765625,IFAD-0.97,IFAD-0.97
785.4458457040787,-3745.234497070313,-3747.590112304688,-3743.087158203125,IFAD-0.97,IFAD-0.97
787.572488090992,-3745.0609130859375,-3747.9380615234377,-3742.376708984375,IFAD-0.97,IFAD-0.97
789.6991304779053,-3745.224853515625,-3747.961328125,-3742.58544921875,IFAD-0.97,IFAD-0.97
791.8257728648185,-3745.3167724609375,-3747.748046875,-3743.349853515625,IFAD-0.97,IFAD-0.97
793.9524152517318,-3745.236450195313,-3747.8665283203127,-3742.666748046875,IFAD-0.97,IFAD-0.97
796.0790576386452,-3745.079956054688,-3747.041357421875,-3742.750732421875,IFAD-0.97,IFAD-0.97
798.2057000255585,-3745.2174072265625,-3747.2369873046873,-3742.119384765625,IFAD-0.97,IFAD-0.97
800.3323424124718,-3745.406005859375,-3747.053540039063,-3742.298095703125,IFAD-0.97,IFAD-0.97
802.4589847993851,-3745.2998046875,-3746.7662109375,-3742.487548828125,IFAD-0.97,IFAD-0.97
804.5856271862983,-3745.18017578125,-3747.2011962890624,-3742.70458984375,IFAD-0.97,IFAD-0.97
806.7122695732116,-3745.259765625,-3747.620922851562,-3742.696533203125,IFAD-0.97,IFAD-0.97
808.838911960125,-3745.266357421875,-3747.4478515625,-3743.068359375,IFAD-0.97,IFAD-0.97
810.9655543470383,-3745.292724609375,-3747.620751953125,-3742.3984375,IFAD-0.97,IFAD-0.97
813.0921967339516,-3745.0595703125,-3747.61982421875,-3742.00634765625,IFAD-0.97,IFAD-0.97
815.2188391208649,-3745.096801757813,-3747.2219970703127,-3742.130126953125,IFAD-0.97,IFAD-0.97
817.3454815077781,-3745.0474853515625,-3747.190771484375,-3742.650634765625,IFAD-0.97,IFAD-0.97
819.4721238946914,-3745.1572265625,-3747.0759033203126,-3742.7119140625,IFAD-0.97,IFAD-0.97
821.5987662816048,-3744.9664306640634,-3746.925244140625,-3742.476318359375,IFAD-0.97,IFAD-0.97
823.7254086685181,-3745.1295166015625,-3747.051806640625,-3742.777587890625,IFAD-0.97,IFAD-0.97
825.8520510554314,-3744.9892578125,-3747.072705078125,-3742.6767578125,IFAD-0.97,IFAD-0.97
827.9786934423447,-3745.21142578125,-3746.896411132812,-3742.916259765625,IFAD-0.97,IFAD-0.97
830.1053358292579,-3745.10791015625,-3746.909765625,-3742.514892578125,IFAD-0.97,IFAD-0.97
832.2319782161712,-3745.1572265625,-3746.983154296875,-3742.36083984375,IFAD-0.97,IFAD-0.97
834.3586206030845,-3744.987548828125,-3746.8424072265625,-3742.78662109375,IFAD-0.97,IFAD-0.97
836.4852629899979,-3745.139526367188,-3746.725537109375,-3742.520263671875,IFAD-0.97,IFAD-0.97
838.6119053769112,-3745.0986328125,-3747.7716796875,-3742.88623046875,IFAD-0.97,IFAD-0.97
840.7385477638245,-3745.340698242188,-3747.089208984375,-3743.02001953125,IFAD-0.97,IFAD-0.97
842.8651901507378,-3745.098388671875,-3747.312451171875,-3742.888671875,IFAD-0.97,IFAD-0.97
844.991832537651,-3745.0572509765625,-3747.3083984375,-3742.4716796875,IFAD-0.97,IFAD-0.97
847.1184749245643,-3745.022338867188,-3746.838012695313,-3742.619140625,IFAD-0.97,IFAD-0.97
849.2451173114777,-3745.11572265625,-3747.364379882813,-3743.032958984375,IFAD-0.97,IFAD-0.97
851.371759698391,-3745.075927734375,-3747.1154541015626,-3742.715576171875,IFAD-0.97,IFAD-0.97
853.4984020853043,-3745.316284179688,-3747.108154296875,-3742.594970703125,IFAD-0.97,IFAD-0.97
855.6250444722176,-3745.1419677734375,-3747.4671875,-3742.5595703125,IFAD-0.97,IFAD-0.97
857.7516868591308,-3745.062622070313,-3746.998168945313,-3742.52685546875,IFAD-0.97,IFAD-0.97
859.8783292460441,-3745.355712890625,-3746.918872070312,-3742.9970703125,IFAD-0.97,IFAD-0.97
862.0049716329574,-3745.16650390625,-3747.078173828125,-3742.67626953125,IFAD-0.97,IFAD-0.97
864.1316140198708,-3745.0394287109375,-3747.075634765625,-3742.290771484375,IFAD-0.97,IFAD-0.97
866.2582564067841,-3744.883666992188,-3746.898706054688,-3742.742919921875,IFAD-0.97,IFAD-0.97
868.3848987936974,-3745.1953125,-3747.093872070313,-3742.8544921875,IFAD-0.97,IFAD-0.97
870.5115411806106,-3745.1568603515625,-3747.1751708984375,-3742.7412109375,IFAD-0.97,IFAD-0.97
872.6381835675239,-3745.041259765625,-3746.99765625,-3742.586669921875,IFAD-0.97,IFAD-0.97
874.7648259544372,-3744.849853515625,-3746.873852539063,-3742.940185546875,IFAD-0.97,IFAD-0.97
876.8914683413506,-3745.025512695313,-3747.024658203125,-3742.46875,IFAD-0.97,IFAD-0.97
879.0181107282639,-3745.034912109375,-3747.094018554688,-3742.6513671875,IFAD-0.97,IFAD-0.97
881.1447531151772,-3745.008911132813,-3747.1501953125,-3742.96533203125,IFAD-0.97,IFAD-0.97
883.2713955020904,-3745.039184570313,-3746.845239257813,-3741.991943359375,IFAD-0.97,IFAD-0.97
885.3980378890037,-3745.035400390625,-3747.4013916015615,-3742.7373046875,IFAD-0.97,IFAD-0.97
887.524680275917,-3745.1689453125,-3747.2447509765625,-3742.83251953125,IFAD-0.97,IFAD-0.97
889.6513226628304,-3744.978271484375,-3747.347143554688,-3742.942626953125,IFAD-0.97,IFAD-0.97
891.7779650497437,-3744.88623046875,-3746.943823242188,-3743.11669921875,IFAD-0.97,IFAD-0.97
893.904607436657,-3744.9677734375,-3747.042846679688,-3741.594970703125,IFAD-0.97,IFAD-0.97
896.0312498235703,-3744.943115234375,-3747.348168945312,-3742.44775390625,IFAD-0.97,IFAD-0.97
898.1578922104835,-3744.80126953125,-3746.78916015625,-3742.49951171875,IFAD-0.97,IFAD-0.97
900.2845345973968,-3744.85693359375,-3747.104956054688,-3742.17724609375,IFAD-0.97,IFAD-0.97
902.41117698431,-3745.0269775390634,-3746.8698486328126,-3742.9150390625,IFAD-0.97,IFAD-0.97
904.5378193712236,-3744.901245117188,-3746.7682373046873,-3743.066162109375,IFAD-0.97,IFAD-0.97
906.6644617581368,-3744.890502929688,-3747.1989501953126,-3741.9345703125,IFAD-0.97,IFAD-0.97
908.79110414505,-3744.895385742188,-3746.8950927734377,-3742.868896484375,IFAD-0.97,IFAD-0.97
910.9177465319632,-3744.7730712890634,-3746.8347412109374,-3741.74072265625,IFAD-0.97,IFAD-0.97
913.0443889188766,-3744.828369140625,-3747.085595703125,-3742.540771484375,IFAD-0.97,IFAD-0.97
915.17103130579,-3745.056396484375,-3747.0328857421873,-3742.472900390625,IFAD-0.97,IFAD-0.97
917.2976736927033,-3744.9515380859375,-3747.150903320312,-3743.001220703125,IFAD-0.97,IFAD-0.97
919.4243160796166,-3744.921020507813,-3747.1898681640623,-3742.515869140625,IFAD-0.97,IFAD-0.97
921.55095846653,-3744.74560546875,-3747.1375,-3742.774658203125,IFAD-0.97,IFAD-0.97
923.6776008534432,-3744.9290771484375,-3746.869653320312,-3742.961181640625,IFAD-0.97,IFAD-0.97
925.8042432403564,-3744.9378662109375,-3747.4351318359377,-3742.48388671875,IFAD-0.97,IFAD-0.97
927.9308856272696,-3744.96044921875,-3747.132080078125,-3743.145751953125,IFAD-0.97,IFAD-0.97
930.057528014183,-3745.09814453125,-3747.0191650390634,-3742.89794921875,IFAD-0.97,IFAD-0.97
932.1841704010964,-3744.927001953125,-3747.433837890625,-3742.99072265625,IFAD-0.97,IFAD-0.97
934.3108127880096,-3745.003662109375,-3746.75458984375,-3742.852294921875,IFAD-0.97,IFAD-0.97
936.4374551749228,-3744.96728515625,-3746.962963867188,-3742.731201171875,IFAD-0.97,IFAD-0.97
938.5640975618362,-3744.88232421875,-3747.0054931640634,-3742.231689453125,IFAD-0.97,IFAD-0.97
940.6907399487496,-3744.947509765625,-3747.1513916015615,-3742.56591796875,IFAD-0.97,IFAD-0.97
942.8173823356628,-3745.03857421875,-3746.7722412109374,-3742.5556640625,IFAD-0.97,IFAD-0.97
92.16042757034302,-3766.6391772378993,-3804.331627735626,-3749.296711009243,Corenflos + IF2,CTDD21 + IF2 warm start (J=100)
92.16042757034302,-3766.6391772378993,-3804.331627735626,-3749.296711009243,Ditlevsen + IF2,"DS19 + IF2 warm start (J=1,000)"
96.1364080964122,-3767.4002324752455,-3804.418093709953,-3750.060455529819,Corenflos + IF2,CTDD21 + IF2 warm start (J=100)
100.11883491289336,-3766.4331340981075,-3804.812535276167,-3750.2474552022927,Corenflos + IF2,CTDD21 + IF2 warm start (J=100)
104.0987929168623,-3766.939604313017,-3805.448563363427,-3748.676666675845,Corenflos + IF2,CTDD21 + IF2 warm start (J=100)
108.08458931290079,-3766.7384150277203,-3804.9292415486843,-3748.5404129256417,Corenflos + IF2,CTDD21 + IF2 warm start (J=100)
112.05269021936692,-3767.016133494506,-3804.801077754511,-3749.7979822548887,Corenflos + IF2,CTDD21 + IF2 warm start (J=100)
116.0282290847972,-3767.2412334494456,-3804.758133608325,-3750.691915387698,Corenflos + IF2,CTDD21 + IF2 warm start (J=100)
120.0174597913865,-3767.095868076095,-3805.0245593838417,-3749.454017599366,Corenflos + IF2,CTDD21 + IF2 warm start (J=100)
123.99535172129981,-3766.7610256577527,-3804.0421280528117,-3750.026123067169,Corenflos + IF2,CTDD21 + IF2 warm start (J=100)
127.97035610931925,-3766.829959077085,-3805.1809263179957,-3749.08623807828,Corenflos + IF2,CTDD21 + IF2 warm start (J=100)
131.95484913443215,-3766.8116023745774,-3805.03195104708,-3749.114077642165,Corenflos + IF2,CTDD21 + IF2 warm start (J=100)
135.96251544333063,-3766.3082328535183,-3803.957680924483,-3749.824368986938,Corenflos + IF2,CTDD21 + IF2 warm start (J=100)
139.9296534282621,-3766.4686586484772,-3805.298715790396,-3748.870463533067,Corenflos + IF2,CTDD21 + IF2 warm start (J=100)
143.89402619143948,-3767.5957440719553,-3804.131845789818,-3748.4286218146,Corenflos + IF2,CTDD21 + IF2 warm start (J=100)
147.89463803789113,-3766.5046826253083,-3804.7408362842016,-3750.226324257089,Corenflos + IF2,CTDD21 + IF2 warm start (J=100)
151.85658118489664,-3766.5488002924585,-3805.1856875942276,-3748.386845349586,Corenflos + IF2,CTDD21 + IF2 warm start (J=100)
155.81164701038506,-3766.854349132007,-3805.515326788467,-3748.63319714504,Corenflos + IF2,CTDD21 + IF2 warm start (J=100)
159.78971923491918,-3767.1528519864664,-3804.4989369261903,-3749.36469125134,Corenflos + IF2,CTDD21 + IF2 warm start (J=100)
163.74911637837067,-3766.360822844764,-3805.6769773090728,-3748.81017530948,Corenflos + IF2,CTDD21 + IF2 warm start (J=100)
167.73647234484088,-3766.782179924989,-3805.5633226743034,-3750.527810063,Corenflos + IF2,CTDD21 + IF2 warm start (J=100)
171.6928364043124,-3766.65858247598,-3806.2438843777,-3749.1084633974137,Corenflos + IF2,CTDD21 + IF2 warm start (J=100)
175.6362393773161,-3766.4246589853437,-3804.347148752547,-3748.803765825757,Corenflos + IF2,CTDD21 + IF2 warm start (J=100)
179.61468075739685,-3767.160609906029,-3804.120500978183,-3749.62645741562,Corenflos + IF2,CTDD21 + IF2 warm start (J=100)
183.60994768096134,-3767.0191905133315,-3806.433335883212,-3749.124895888682,Corenflos + IF2,CTDD21 + IF2 warm start (J=100)
187.53007020894438,-3766.0456649617267,-3805.2058417341154,-3750.096129533996,Corenflos + IF2,CTDD21 + IF2 warm start (J=100)
191.51386253791864,-3766.9044147080212,-3805.085770980605,-3749.797360392523,Corenflos + IF2,CTDD21 + IF2 warm start (J=100)
195.48656402691267,-3766.9538719897555,-3805.5878143447458,-3749.296822784084,Corenflos + IF2,CTDD21 + IF2 warm start (J=100)
199.45920125290286,-3766.7715360375064,-3804.9362256317427,-3748.9396675653793,Corenflos + IF2,CTDD21 + IF2 warm start (J=100)
203.42735505348537,-3767.1307168537596,-3806.6169114160757,-3749.585069670118,Corenflos + IF2,CTDD21 + IF2 warm start (J=100)
207.42811010289006,-3766.50008962618,-3804.6589635765918,-3748.994760597965,Corenflos + IF2,CTDD21 + IF2 warm start (J=100)
211.40002370392904,-3766.618558516773,-3804.9898250083324,-3749.321448098248,Corenflos + IF2,CTDD21 + IF2 warm start (J=100)
215.38237767945975,-3766.1660728286442,-3804.411888856648,-3748.962211922733,Corenflos + IF2,CTDD21 + IF2 warm start (J=100)
219.3508772738278,-3766.636011965342,-3803.928489502483,-3748.817637527688,Corenflos + IF2,CTDD21 + IF2 warm start (J=100)
223.33979792241007,-3766.2953187639914,-3804.654110822487,-3748.2481718445983,Corenflos + IF2,CTDD21 + IF2 warm start (J=100)
227.3198730534641,-3766.480170637028,-3803.9033598913365,-3748.631053323456,Corenflos + IF2,CTDD21 + IF2 warm start (J=100)
231.31950691749807,-3766.476118151605,-3806.050438697697,-3749.9597526228263,Corenflos + IF2,CTDD21 + IF2 warm start (J=100)
235.2650226849364,-3766.3746133318436,-3804.0648811611672,-3749.6252114221215,Corenflos + IF2,CTDD21 + IF2 warm start (J=100)
239.26048261090182,-3766.76655492861,-3805.6111388147133,-3749.4093304480753,Corenflos + IF2,CTDD21 + IF2 warm start (J=100)
243.29095431487076,-3766.5723659187006,-3805.9983948164668,-3749.247728237663,Corenflos + IF2,CTDD21 + IF2 warm start (J=100)
247.28287315333728,-3766.894850789279,-3806.2897192710107,-3750.141001367287,Corenflos + IF2,CTDD21 + IF2 warm start (J=100)
251.30822227580938,-3766.6885581623956,-3803.3893882838756,-3749.956052715484,Corenflos + IF2,CTDD21 + IF2 warm start (J=100)
255.33740776090417,-3766.3643541622187,-3805.274011199736,-3748.325442491984,Corenflos + IF2,CTDD21 + IF2 warm start (J=100)
259.3181671258062,-3766.3097772934407,-3804.6930300796603,-3748.816894592329,Corenflos + IF2,CTDD21 + IF2 warm start (J=100)
263.3007520453539,-3766.379779203571,-3805.591130239211,-3749.761705720445,Corenflos + IF2,CTDD21 + IF2 warm start (J=100)
267.2407929133624,-3766.1800249931093,-3805.6414606072626,-3749.042191978621,Corenflos + IF2,CTDD21 + IF2 warm start (J=100)
271.204342242796,-3767.1594512429942,-3805.05164940008,-3747.778764520275,Corenflos + IF2,CTDD21 + IF2 warm start (J=100)
275.19351566943806,-3766.1573279622266,-3804.6828542515814,-3749.317333159403,Corenflos + IF2,CTDD21 + IF2 warm start (J=100)
279.15326257480774,-3767.227231957643,-3804.4590932101064,-3749.584763864244,Corenflos + IF2,CTDD21 + IF2 warm start (J=100)
283.134056881303,-3766.5550001118418,-3804.355610869726,-3750.3207278046007,Corenflos + IF2,CTDD21 + IF2 warm start (J=100)
287.111101569375,-3766.668221944519,-3804.3314980948385,-3749.709754489904,Corenflos + IF2,CTDD21 + IF2 warm start (J=100)
291.08799324545544,-3766.6349816181,-3805.4992857423686,-3749.8053861844846,Corenflos + IF2,CTDD21 + IF2 warm start (J=100)
295.1357568204403,-3766.8872379455106,-3805.32487113872,-3748.2777839491578,Corenflos + IF2,CTDD21 + IF2 warm start (J=100)
299.1170703629032,-3766.825809198456,-3804.533459284425,-3749.485446598759,Corenflos + IF2,CTDD21 + IF2 warm start (J=100)
303.10363184835296,-3766.1023833705067,-3803.9170068651606,-3747.790525033155,Corenflos + IF2,CTDD21 + IF2 warm start (J=100)
307.0787445969181,-3765.956147588834,-3803.590948982185,-3748.560577245045,Corenflos + IF2,CTDD21 + IF2 warm start (J=100)
311.05008934577927,-3766.8453090461626,-3805.3773576760886,-3749.2421920890138,Corenflos + IF2,CTDD21 + IF2 warm start (J=100)
314.9945312079508,-3766.7010860821156,-3804.9304220461163,-3749.172573162167,Corenflos + IF2,CTDD21 + IF2 warm start (J=100)
318.96409765293356,-3766.647978234173,-3804.096745589208,-3749.5626571222647,Corenflos + IF2,CTDD21 + IF2 warm start (J=100)
322.9371939484263,-3766.8855569848447,-3805.271146319059,-3748.2492770204935,Corenflos + IF2,CTDD21 + IF2 warm start (J=100)
326.9265602299711,-3766.7514308663203,-3805.4952471655047,-3749.5863101562886,Corenflos + IF2,CTDD21 + IF2 warm start (J=100)
330.9225721928524,-3766.7833433690403,-3805.466359868119,-3749.5386058873382,Corenflos + IF2,CTDD21 + IF2 warm start (J=100)
334.9070164618315,-3766.4501771440164,-3804.998022927939,-3748.571522266644,Corenflos + IF2,CTDD21 + IF2 warm start (J=100)
338.8992042224854,-3766.0193754461225,-3803.7643121482843,-3748.881792122064,Corenflos + IF2,CTDD21 + IF2 warm start (J=100)
342.87972273281775,-3766.6687118003556,-3804.801068482524,-3749.673643037223,Corenflos + IF2,CTDD21 + IF2 warm start (J=100)
346.8753871949157,-3766.5149579795498,-3803.568298418423,-3748.806449594712,Corenflos + IF2,CTDD21 + IF2 warm start (J=100)
350.88861996738706,-3766.5643806715975,-3803.871476982195,-3748.952894731284,Corenflos + IF2,CTDD21 + IF2 warm start (J=100)
354.8867317843251,-3766.054027757912,-3804.0277001791696,-3749.362514765969,Corenflos + IF2,CTDD21 + IF2 warm start (J=100)
358.90380569989793,-3766.3145911654983,-3806.412726086625,-3748.979527926904,Corenflos + IF2,CTDD21 + IF2 warm start (J=100)
362.88249285379425,-3766.6738999863073,-3804.0416131353254,-3749.1049973194713,Corenflos + IF2,CTDD21 + IF2 warm start (J=100)
366.8631027879892,-3766.7986569159916,-3804.3033485052033,-3749.37474626712,Corenflos + IF2,CTDD21 + IF2 warm start (J=100)
370.83931196737103,-3766.635581228048,-3805.146409643673,-3747.232631299709,Corenflos + IF2,CTDD21 + IF2 warm start (J=100)
374.8274328089319,-3766.2877723223914,-3804.1486881107976,-3749.6052107995074,Corenflos + IF2,CTDD21 + IF2 warm start (J=100)
378.7926414099056,-3766.636182271396,-3805.9308163037613,-3749.5190210866263,Corenflos + IF2,CTDD21 + IF2 warm start (J=100)
382.7614219659008,-3766.440939814143,-3805.4030283327884,-3749.508778663933,Corenflos + IF2,CTDD21 + IF2 warm start (J=100)
386.7215676768683,-3766.3556965479047,-3805.9306153345287,-3748.650648819171,Corenflos + IF2,CTDD21 + IF2 warm start (J=100)
390.68446260644123,-3765.801326976218,-3805.677215842856,-3748.63230708662,Corenflos + IF2,CTDD21 + IF2 warm start (J=100)
394.639427112299,-3766.176169646071,-3804.4851493137808,-3749.4938103969935,Corenflos + IF2,CTDD21 + IF2 warm start (J=100)
398.6235400259029,-3766.295137851681,-3804.6158970437255,-3747.837728243681,Corenflos + IF2,CTDD21 + IF2 warm start (J=100)
402.5746121354168,-3766.4553462830104,-3805.617952575408,-3749.3272245534567,Corenflos + IF2,CTDD21 + IF2 warm start (J=100)
406.5203758063726,-3766.765653161173,-3805.0568613192595,-3749.5031349677815,Corenflos + IF2,CTDD21 + IF2 warm start (J=100)
410.5063311093254,-3766.207261274329,-3804.6185271620147,-3749.427979192724,Corenflos + IF2,CTDD21 + IF2 warm start (J=100)
414.4830008693971,-3766.0301573641746,-3804.5405047809804,-3749.6662457116886,Corenflos + IF2,CTDD21 + IF2 warm start (J=100)
418.4356992628891,-3766.9742715198363,-3806.1011708033807,-3747.966500187276,Corenflos + IF2,CTDD21 + IF2 warm start (J=100)
422.3852400598116,-3766.5211147745076,-3806.265330578216,-3749.198496209991,Corenflos + IF2,CTDD21 + IF2 warm start (J=100)
426.3927999979351,-3766.849236750203,-3804.6487240177426,-3748.23780120018,Corenflos + IF2,CTDD21 + IF2 warm start (J=100)
430.3967510834336,-3766.083960596807,-3805.222461936847,-3749.015536908336,Corenflos + IF2,CTDD21 + IF2 warm start (J=100)
434.38523623382207,-3766.911357272116,-3804.4820185016024,-3748.31589774158,Corenflos + IF2,CTDD21 + IF2 warm start (J=100)
438.34198135940824,-3766.67258530277,-3804.6562495829435,-3749.33621387294,Corenflos + IF2,CTDD21 + IF2 warm start (J=100)
442.30332348286174,-3766.291889914442,-3804.2478014514,-3747.685771921029,Corenflos + IF2,CTDD21 + IF2 warm start (J=100)
446.30650275794324,-3766.9181554703637,-3805.0398384694636,-3748.443365320209,Corenflos + IF2,CTDD21 + IF2 warm start (J=100)
450.24830562237184,-3766.4877447333847,-3804.9116702748306,-3749.123119578681,Corenflos + IF2,CTDD21 + IF2 warm start (J=100)
454.1896759199444,-3766.527342844174,-3805.1912660461585,-3748.906516336668,Corenflos + IF2,CTDD21 + IF2 warm start (J=100)
458.1536516273627,-3766.258301214206,-3806.203367720478,-3749.420334267196,Corenflos + IF2,CTDD21 + IF2 warm start (J=100)
462.1202942113159,-3766.6722708009793,-3805.9486783358752,-3749.115695054002,Corenflos + IF2,CTDD21 + IF2 warm start (J=100)
466.096813710872,-3766.3059261578273,-3805.484959418257,-3748.5419498404303,Corenflos + IF2,CTDD21 + IF2 warm start (J=100)
470.0699977048207,-3766.0266166206857,-3805.8336708330407,-3749.5304254824823,Corenflos + IF2,CTDD21 + IF2 warm start (J=100)
474.0534306933405,-3767.2665270655443,-3805.209579188311,-3747.938544576122,Corenflos + IF2,CTDD21 + IF2 warm start (J=100)
478.0533451018855,-3766.1302339415033,-3805.883088705327,-3748.292138622516,Corenflos + IF2,CTDD21 + IF2 warm start (J=100)
481.9983906033449,-3766.652461776198,-3805.7081600526685,-3749.316933383885,Corenflos + IF2,CTDD21 + IF2 warm start (J=100)
485.99202527094167,-3766.7822287367926,-3805.1196324494035,-3749.013928273087,Corenflos + IF2,CTDD21 + IF2 warm start (J=100)
489.9564532873919,-3766.6403928625414,-3804.621481854923,-3748.9956423164617,Corenflos + IF2,CTDD21 + IF2 warm start (J=100)
493.9100502223009,-3766.158098920478,-3804.8176971637936,-3749.19195815722,Corenflos + IF2,CTDD21 + IF2 warm start (J=100)
497.90169353142846,-3766.2554952191526,-3804.198944823851,-3747.59165020152,Corenflos + IF2,CTDD21 + IF2 warm start (J=100)
501.82031844591256,-3766.630297840654,-3805.209741554992,-3750.18192510214,Corenflos + IF2,CTDD21 + IF2 warm start (J=100)
505.79622303438373,-3766.2865195802797,-3804.0516116177005,-3747.693458499281,Corenflos + IF2,CTDD21 + IF2 warm start (J=100)
509.7956963517936,-3766.0004762757403,-3805.233608419313,-3749.472374737824,Corenflos + IF2,CTDD21 + IF2 warm start (J=100)
513.7621422043303,-3766.4206009389354,-3806.343507424538,-3747.920680908305,Corenflos + IF2,CTDD21 + IF2 warm start (J=100)
517.6960071119247,-3766.7773644150266,-3804.7512419235013,-3747.1940262669737,Corenflos + IF2,CTDD21 + IF2 warm start (J=100)
521.6841063534375,-3766.5696362667213,-3805.235537342687,-3748.5531404849503,Corenflos + IF2,CTDD21 + IF2 warm start (J=100)
525.6757103708806,-3766.736695457118,-3805.434459406861,-3748.9819754418704,Corenflos + IF2,CTDD21 + IF2 warm start (J=100)
529.6402670239331,-3766.5865587241933,-3806.1812372595955,-3748.919987310283,Corenflos + IF2,CTDD21 + IF2 warm start (J=100)
533.6012402833439,-3766.066926880747,-3804.6068488559818,-3749.359025005048,Corenflos + IF2,CTDD21 + IF2 warm start (J=100)
537.5547236779239,-3766.1878858779846,-3806.664650892762,-3749.504001190297,Corenflos + IF2,CTDD21 + IF2 warm start (J=100)
541.5426521399058,-3766.6221585129647,-3805.1402690869895,-3747.994360999015,Corenflos + IF2,CTDD21 + IF2 warm start (J=100)
545.5560118122958,-3766.309460981858,-3803.666072598671,-3749.8799408892655,Corenflos + IF2,CTDD21 + IF2 warm start (J=100)
549.5599404973909,-3766.623393405085,-3805.1877272029833,-3748.8401275047536,Corenflos + IF2,CTDD21 + IF2 warm start (J=100)
553.4932729963912,-3766.4239670448806,-3805.6143808788825,-3748.825934451993,Corenflos + IF2,CTDD21 + IF2 warm start (J=100)
557.4432898024097,-3766.02213661949,-3804.6340402190776,-3748.5604572044113,Corenflos + IF2,CTDD21 + IF2 warm start (J=100)
561.4201236577937,-3766.1650363998133,-3804.69670286974,-3749.571379426901,Corenflos + IF2,CTDD21 + IF2 warm start (J=100)
565.394470920437,-3766.4845661417385,-3803.6057933543666,-3748.433619436944,Corenflos + IF2,CTDD21 + IF2 warm start (J=100)
569.3471669583814,-3766.91550887792,-3804.851050976674,-3748.2353780323474,Corenflos + IF2,CTDD21 + IF2 warm start (J=100)
573.3198834343348,-3766.9244676894095,-3805.947766548949,-3750.016129617568,Corenflos + IF2,CTDD21 + IF2 warm start (J=100)
577.3113389824284,-3766.8353173435016,-3805.4013538686168,-3749.1708932511656,Corenflos + IF2,CTDD21 + IF2 warm start (J=100)
581.2877658348298,-3767.1348779868927,-3804.89797407258,-3748.2756701470166,Corenflos + IF2,CTDD21 + IF2 warm start (J=100)
585.2987777828239,-3766.226590246591,-3805.022811875313,-3748.6518593465607,Corenflos + IF2,CTDD21 + IF2 warm start (J=100)
589.2830991618102,-3766.354406409473,-3805.516073991439,-3748.5212665015024,Corenflos + IF2,CTDD21 + IF2 warm start (J=100)
593.2578568143072,-3766.7747838098967,-3803.9045559042006,-3748.504417321248,Corenflos + IF2,CTDD21 + IF2 warm start (J=100)
597.242182635353,-3766.706786997368,-3804.353851676431,-3747.738694764832,Corenflos + IF2,CTDD21 + IF2 warm start (J=100)
601.1773542544106,-3766.962558091398,-3804.6189109154107,-3748.74220433801,Corenflos + IF2,CTDD21 + IF2 warm start (J=100)
605.1052660739515,-3765.8995690999054,-3805.4930150496866,-3749.089714610377,Corenflos + IF2,CTDD21 + IF2 warm start (J=100)
609.0854745458346,-3766.5974533642257,-3805.234436408055,-3749.511049672239,Corenflos + IF2,CTDD21 + IF2 warm start (J=100)
613.0661178509472,-3766.7740459426986,-3804.24534869836,-3748.676712805333,Corenflos + IF2,CTDD21 + IF2 warm start (J=100)
617.0155620133737,-3766.4780367672174,-3803.8489971884046,-3749.9806314491225,Corenflos + IF2,CTDD21 + IF2 warm start (J=100)
620.9531522403704,-3766.6927117276464,-3805.0717194334884,-3749.2338762048,Corenflos + IF2,CTDD21 + IF2 warm start (J=100)
624.9177664783783,-3766.650679451934,-3804.4607071760424,-3749.057958762421,Corenflos + IF2,CTDD21 + IF2 warm start (J=100)
628.8245789343491,-3766.078112678987,-3806.1793708887794,-3748.7389639036633,Corenflos + IF2,CTDD21 + IF2 warm start (J=100)
632.8476369804703,-3766.043519730748,-3804.4856804890824,-3747.9194926380674,Corenflos + IF2,CTDD21 + IF2 warm start (J=100)
636.8090278259479,-3766.748006807626,-3806.3099343918134,-3749.470055202824,Corenflos + IF2,CTDD21 + IF2 warm start (J=100)
640.758578387904,-3765.927996360838,-3805.198170723957,-3747.097573574756,Corenflos + IF2,CTDD21 + IF2 warm start (J=100)
644.738813834847,-3766.005361266211,-3804.6285829699614,-3747.8505485152928,Corenflos + IF2,CTDD21 + IF2 warm start (J=100)
648.7078757948475,-3766.3516502967454,-3805.0216555471843,-3747.928526481533,Corenflos + IF2,CTDD21 + IF2 warm start (J=100)
652.6376454029232,-3766.027310728721,-3806.2172759724435,-3747.9513803578434,Corenflos + IF2,CTDD21 + IF2 warm start (J=100)
656.6294874179875,-3766.229735328685,-3805.073489511401,-3749.402254492232,Corenflos + IF2,CTDD21 + IF2 warm start (J=100)
660.6481216424145,-3766.837523092678,-3804.9800641222505,-3749.202807169974,Corenflos + IF2,CTDD21 + IF2 warm start (J=100)
664.6432594268117,-3766.794387201816,-3804.9789827325653,-3748.851815775634,Corenflos + IF2,CTDD21 + IF2 warm start (J=100)
668.6506594228558,-3766.1911213734456,-3806.711033895463,-3748.0940338031055,Corenflos + IF2,CTDD21 + IF2 warm start (J=100)
672.6118871823419,-3766.183262885602,-3804.874924777274,-3749.01345384462,Corenflos + IF2,CTDD21 + IF2 warm start (J=100)
676.615107450285,-3767.1079580204114,-3807.284208204462,-3748.945018429712,Corenflos + IF2,CTDD21 + IF2 warm start (J=100)
680.5800952338614,-3766.490583550484,-3805.4656342383564,-3748.6809184166927,Corenflos + IF2,CTDD21 + IF2 warm start (J=100)
684.5212398829171,-3766.5962733809192,-3805.5792161205054,-3749.0007501363184,Corenflos + IF2,CTDD21 + IF2 warm start (J=100)
688.499466559384,-3765.6576649908275,-3805.73004752212,-3748.2925649960193,Corenflos + IF2,CTDD21 + IF2 warm start (J=100)
692.4157562094042,-3766.4112930769616,-3804.8440472295506,-3748.367643547331,Corenflos + IF2,CTDD21 + IF2 warm start (J=100)
696.4152260373812,-3766.5217041570145,-3805.779535667993,-3748.4613172469,Corenflos + IF2,CTDD21 + IF2 warm start (J=100)
700.3488517972874,-3766.523829915629,-3805.4110870557956,-3749.220721795105,Corenflos + IF2,CTDD21 + IF2 warm start (J=100)
704.2979211609345,-3766.111907038975,-3804.9500373967294,-3749.892483922186,Corenflos + IF2,CTDD21 + IF2 warm start (J=100)
708.2294167403597,-3765.177171983868,-3806.5377426160626,-3749.40525022728,Corenflos + IF2,CTDD21 + IF2 warm start (J=100)
712.1843958953395,-3766.837277490163,-3805.2607882928273,-3749.000519089776,Corenflos + IF2,CTDD21 + IF2 warm start (J=100)
716.1529417268466,-3766.468983229634,-3804.7788763919766,-3749.501057682,Corenflos + IF2,CTDD21 + IF2 warm start (J=100)
720.1052867207909,-3766.2712741932173,-3805.4084877406713,-3748.707946752868,Corenflos + IF2,CTDD21 + IF2 warm start (J=100)
724.0619783479488,-3766.5803667077025,-3806.631771744852,-3749.9767317760375,Corenflos + IF2,CTDD21 + IF2 warm start (J=100)
728.0422173679108,-3766.666943392288,-3805.431946368174,-3750.137372175429,Corenflos + IF2,CTDD21 + IF2 warm start (J=100)
732.0026029438013,-3766.687629558058,-3804.8906922277715,-3749.5171498949535,Corenflos + IF2,CTDD21 + IF2 warm start (J=100)
735.9775001993403,-3767.0105379184647,-3805.8151546818945,-3748.6646778488735,Corenflos + IF2,CTDD21 + IF2 warm start (J=100)
739.9729438094655,-3766.982811245676,-3805.874565990171,-3749.267231673507,Corenflos + IF2,CTDD21 + IF2 warm start (J=100)
743.9219363013981,-3766.5453131876293,-3805.765366471256,-3749.768095694806,Corenflos + IF2,CTDD21 + IF2 warm start (J=100)
747.8786800253438,-3765.9382736595608,-3805.6916752354323,-3749.234606198497,Corenflos + IF2,CTDD21 + IF2 warm start (J=100)
751.8512795143761,-3767.0539320020634,-3805.334380652558,-3748.089553285566,Corenflos + IF2,CTDD21 + IF2 warm start (J=100)
755.8117939993972,-3766.4606582752513,-3806.1410018488273,-3748.3486095795856,Corenflos + IF2,CTDD21 + IF2 warm start (J=100)
759.796250215848,-3765.803760135238,-3806.3806297372666,-3749.3426935412367,Corenflos + IF2,CTDD21 + IF2 warm start (J=100)
763.795995535329,-3766.392981673316,-3806.058344266472,-3748.7240375162655,Corenflos + IF2,CTDD21 + IF2 warm start (J=100)
767.7530824973946,-3766.4877504976716,-3805.647445315692,-3748.872321594589,Corenflos + IF2,CTDD21 + IF2 warm start (J=100)
771.709244821337,-3766.5561711698456,-3806.7793122017474,-3748.288875573081,Corenflos + IF2,CTDD21 + IF2 warm start (J=100)
775.6543960788986,-3766.381273193846,-3805.028801153749,-3748.6852957272417,Corenflos + IF2,CTDD21 + IF2 warm start (J=100)
779.6185531248339,-3766.5474959230924,-3805.2712213503014,-3749.465978335793,Corenflos + IF2,CTDD21 + IF2 warm start (J=100)
783.5384600409307,-3766.528880393046,-3805.6514069252016,-3749.106745324507,Corenflos + IF2,CTDD21 + IF2 warm start (J=100)
787.4757624913473,-3766.188382001351,-3806.47359514112,-3748.7977375469736,Corenflos + IF2,CTDD21 + IF2 warm start (J=100)
791.4676507413387,-3766.5308471245853,-3805.7852241175124,-3748.623778893624,Corenflos + IF2,CTDD21 + IF2 warm start (J=100)
795.4283310408937,-3766.264764201313,-3807.2952166816444,-3748.9262745588817,Corenflos + IF2,CTDD21 + IF2 warm start (J=100)
799.3658457404235,-3767.228010759472,-3804.745935250688,-3748.9779658179086,Corenflos + IF2,CTDD21 + IF2 warm start (J=100)
803.3651735648746,-3766.8088862609034,-3805.6049972506225,-3749.207002806446,Corenflos + IF2,CTDD21 + IF2 warm start (J=100)
807.337831259938,-3766.75396754118,-3806.1463071633825,-3748.758490028156,Corenflos + IF2,CTDD21 + IF2 warm start (J=100)
811.3082895133412,-3766.587314477572,-3805.1460674611926,-3749.586060356061,Corenflos + IF2,CTDD21 + IF2 warm start (J=100)
815.2900537758833,-3766.56805644452,-3804.866043427518,-3749.100291156918,Corenflos + IF2,CTDD21 + IF2 warm start (J=100)
819.2392781313974,-3765.9511378160432,-3805.178725220676,-3749.610800060599,Corenflos + IF2,CTDD21 + IF2 warm start (J=100)
823.1945201439084,-3766.630569096622,-3806.049300113127,-3748.808021936026,Corenflos + IF2,CTDD21 + IF2 warm start (J=100)
827.1748803233495,-3766.516076889471,-3806.3492695239656,-3749.566471468961,Corenflos + IF2,CTDD21 + IF2 warm start (J=100)
831.1471223772969,-3766.3756859342957,-3806.0395133582133,-3748.344052507576,Corenflos + IF2,CTDD21 + IF2 warm start (J=100)
835.1307897968218,-3766.891887711463,-3806.84020789634,-3748.180778131634,Corenflos + IF2,CTDD21 + IF2 warm start (J=100)
839.0834796429845,-3766.6403532387803,-3804.521307664307,-3748.4799173658735,Corenflos + IF2,CTDD21 + IF2 warm start (J=100)
843.0326038374333,-3766.3023894169314,-3807.3118361996626,-3748.5654216460152,Corenflos + IF2,CTDD21 + IF2 warm start (J=100)
846.9874211583519,-3766.657324026217,-3805.837253046391,-3750.056460731749,Corenflos + IF2,CTDD21 + IF2 warm start (J=100)
850.9638965498889,-3766.1021638703205,-3806.4918876102797,-3749.119659164013,Corenflos + IF2,CTDD21 + IF2 warm start (J=100)
854.9638067719061,-3765.965406861013,-3806.048264255624,-3749.02786366508,Corenflos + IF2,CTDD21 + IF2 warm start (J=100)
858.944726953865,-3766.156326562541,-3806.3227373036243,-3748.4667083857576,Corenflos + IF2,CTDD21 + IF2 warm start (J=100)
862.9170073048444,-3766.540051028927,-3806.328004438554,-3749.923497438399,Corenflos + IF2,CTDD21 + IF2 warm start (J=100)
866.8975848299451,-3765.889315250829,-3805.8698317084,-3749.455886928003,Corenflos + IF2,CTDD21 + IF2 warm start (J=100)
870.8604988249717,-3766.573754411358,-3805.4571993472823,-3749.574821571738,Corenflos + IF2,CTDD21 + IF2 warm start (J=100)
874.8023220509058,-3766.73019708383,-3805.598529541201,-3749.763007076092,Corenflos + IF2,CTDD21 + IF2 warm start (J=100)
878.7554175383411,-3766.1836161790825,-3806.307570899546,-3750.3643985718422,Corenflos + IF2,CTDD21 + IF2 warm start (J=100)
882.6935693919659,-3766.388188522229,-3806.0178837660746,-3749.386822300217,Corenflos + IF2,CTDD21 + IF2 warm start (J=100)
886.6541202238295,-3766.338944066536,-3805.205576333597,-3748.925390810966,Corenflos + IF2,CTDD21 + IF2 warm start (J=100)
890.6092347723898,-3766.379321474482,-3806.2619759285462,-3749.386822300217,Corenflos + IF2,CTDD21 + IF2 warm start (J=100)
894.5935732494108,-3765.6696888568295,-3805.7263679000453,-3749.386822300217,Corenflos + IF2,CTDD21 + IF2 warm start (J=100)
898.6033276158851,-3766.0920119854754,-3805.464007591438,-3748.61606858985,Corenflos + IF2,CTDD21 + IF2 warm start (J=100)
902.5802405528957,-3766.411876616733,-3806.1990747847344,-3749.301402547118,Corenflos + IF2,CTDD21 + IF2 warm start (J=100)
906.5492061683908,-3765.960324107161,-3805.3319017179833,-3748.977703566016,Corenflos + IF2,CTDD21 + IF2 warm start (J=100)
910.4386266143993,-3766.153747396521,-3805.8970406076487,-3749.386822300217,Corenflos + IF2,CTDD21 + IF2 warm start (J=100)
914.430330262403,-3766.631589029616,-3805.544778723452,-3749.386822300217,Corenflos + IF2,CTDD21 + IF2 warm start (J=100)
918.3974758794066,-3766.1505273940356,-3805.4698484582664,-3748.2837519735017,Corenflos + IF2,CTDD21 + IF2 warm start (J=100)
922.3746496402891,-3766.1429158072706,-3806.8857560240244,-3749.386822300217,Corenflos + IF2,CTDD21 + IF2 warm start (J=100)
926.3319901748328,-3766.823657996498,-3806.149009209344,-3749.386822300217,Corenflos + IF2,CTDD21 + IF2 warm start (J=100)
930.312283450854,-3766.252571384751,-3805.4683962266454,-3748.0031276370096,Corenflos + IF2,CTDD21 + IF2 warm start (J=100)
934.2427000902826,-3766.4836942717893,-3805.603788348234,-3749.386822300217,Corenflos + IF2,CTDD21 + IF2 warm start (J=100)
938.1457600808935,-3766.298391245038,-3806.3286906161284,-3749.386822300217,Corenflos + IF2,CTDD21 + IF2 warm start (J=100)
942.1024253368378,-3766.2069358537437,-3805.426151836849,-3749.386822300217,Corenflos + IF2,CTDD21 + IF2 warm start (J=100)
943.189891426824,-3766.391382535021,-3805.426151836849,-3749.386822300217,Corenflos + IF2,CTDD21 + IF2 warm start (J=100)
943.5947827508207,-3766.0899379746584,-3805.739532655226,-3749.386822300217,Corenflos + IF2,CTDD21 + IF2 warm start (J=100)
943.7932084653294,-3766.3116944994226,-3807.0817744598335,-3749.386822300217,Corenflos + IF2,CTDD21 + IF2 warm start (J=100)
943.92808592238,-3766.0439283712776,-3806.503924413222,-3749.386822300217,Corenflos + IF2,CTDD21 + IF2 warm start (J=100)
943.9829558418132,-3766.377336303461,-3806.503924413222,-3749.386822300217,Corenflos + IF2,CTDD21 + IF2 warm start (J=100)
944.0364801768446,-3766.212818690319,-3806.503924413222,-3749.386822300217,Corenflos + IF2,CTDD21 + IF2 warm start (J=100)
944.4134475487518,-3766.212818690319,-3806.503924413222,-3749.386822300217,Corenflos + IF2,CTDD21 + IF2 warm start (J=100)
944.5063503463753,-3766.212818690319,-3806.503924413222,-3749.386822300217,Corenflos + IF2,CTDD21 + IF2 warm start (J=100)
944.5881001519738,-3766.3782308406917,-3806.503924413222,-3749.386822300217,Corenflos + IF2,CTDD21 + IF2 warm start (J=100)
944.6068836409831,-3766.4817955415037,-3806.503924413222,-3749.386822300217,Corenflos + IF2,CTDD21 + IF2 warm start (J=100)
944.6302347104065,-3766.2515641559057,-3806.503924413222,-3749.386822300217,Corenflos + IF2,CTDD21 + IF2 warm start (J=100)
944.6633425429463,-3766.212818690319,-3806.503924413222,-3749.386822300217,Corenflos + IF2,CTDD21 + IF2 warm start (J=100)
944.6633425429463,-3766.4817955415037,-3806.503924413222,-3749.386822300217,Corenflos + IF2,CTDD21 + IF2 warm start (J=100)
944.6994724393589,-3766.212818690319,-3806.503924413222,-3749.386822300217,Corenflos + IF2,CTDD21 + IF2 warm start (J=100)
944.7616874157684,-3766.212818690319,-3806.503924413222,-3749.386822300217,Corenflos + IF2,CTDD21 + IF2 warm start (J=100)
944.7616874157684,-3766.212818690319,-3806.503924413222,-3749.386822300217,Corenflos + IF2,CTDD21 + IF2 warm start (J=100)
944.7616874157684,-3766.212818690319,-3806.503924413222,-3749.386822300217,Corenflos + IF2,CTDD21 + IF2 warm start (J=100)
944.7616874157684,-3766.212818690319,-3806.503924413222,-3749.386822300217,Corenflos + IF2,CTDD21 + IF2 warm start (J=100)
944.7616874157684,-3766.212818690319,-3806.503924413222,-3749.386822300217,Corenflos + IF2,CTDD21 + IF2 warm start (J=100)
944.7616874157684,-3766.212818690319,-3806.503924413222,-3749.386822300217,Corenflos + IF2,CTDD21 + IF2 warm start (J=100)
944.7616874157684,-3766.212818690319,-3806.503924413222,-3749.386822300217,Corenflos + IF2,CTDD21 + IF2 warm start (J=100)
944.7616874157684,-3766.212818690319,-3806.503924413222,-3749.386822300217,Corenflos + IF2,CTDD21 + IF2 warm start (J=100)
944.7616874157684,-3766.212818690319,-3806.503924413222,-3749.386822300217,Corenflos + IF2,CTDD21 + IF2 warm start (J=100)
944.7616874157684,-3766.212818690319,-3806.503924413222,-3749.386822300217,Corenflos + IF2,CTDD21 + IF2 warm start (J=100)
944.7616874157684,-3766.212818690319,-3806.503924413222,-3749.386822300217,Corenflos + IF2,CTDD21 + IF2 warm start (J=100)
944.7616874157684,-3766.212818690319,-3806.503924413222,-3749.386822300217,Corenflos + IF2,CTDD21 + IF2 warm start (J=100)
944.7616874157684,-3766.212818690319,-3806.503924413222,-3749.386822300217,Corenflos + IF2,CTDD21 + IF2 warm start (J=100)
944.7616874157684,-3766.212818690319,-3806.503924413222,-3749.386822300217,Corenflos + IF2,CTDD21 + IF2 warm start (J=100)
944.7616874157684,-3766.212818690319,-3806.503924413222,-3749.386822300217,Corenflos + IF2,CTDD21 + IF2 warm start (J=100)
944.7616874157684,-3766.212818690319,-3806.503924413222,-3749.386822300217,Corenflos + IF2,CTDD21 + IF2 warm start (J=100)
97.3920987478923,-3767.1739462040823,-3805.5196160646287,-3749.038073502103,Ditlevsen + IF2,"DS19 + IF2 warm start (J=1,000)"
102.24508703127503,-3767.114993802719,-3804.587709223654,-3748.4555896178695,Ditlevsen + IF2,"DS19 + IF2 warm start (J=1,000)"
107.09732466656715,-3767.217881806415,-3804.049636254961,-3749.289926120372,Ditlevsen + IF2,"DS19 + IF2 warm start (J=1,000)"
111.95072060520761,-3766.8244898100616,-3805.5987835354154,-3749.25040701028,Ditlevsen + IF2,"DS19 + IF2 warm start (J=1,000)"
116.80440984084271,-3767.294498988217,-3804.558466903414,-3748.64790360564,Ditlevsen + IF2,"DS19 + IF2 warm start (J=1,000)"
121.65743493381888,-3766.3758140392074,-3804.795182356681,-3748.352325087812,Ditlevsen + IF2,"DS19 + IF2 warm start (J=1,000)"
126.50906432326882,-3766.618617855367,-3805.074104405493,-3748.360406550823,Ditlevsen + IF2,"DS19 + IF2 warm start (J=1,000)"
131.36134638194926,-3766.6419326442538,-3805.4243305797268,-3749.636307537495,Ditlevsen + IF2,"DS19 + IF2 warm start (J=1,000)"
136.2137143134605,-3766.5915847245915,-3804.598685113942,-3749.909696628631,Ditlevsen + IF2,"DS19 + IF2 warm start (J=1,000)"
141.0653158435598,-3767.1263329281737,-3804.9259494562166,-3748.288320025788,Ditlevsen + IF2,"DS19 + IF2 warm start (J=1,000)"
147.06897163693793,-3766.8088168729164,-3803.5446980489905,-3749.92442208625,Ditlevsen + IF2,"DS19 + IF2 warm start (J=1,000)"
151.92104205139913,-3766.3698490682573,-3805.0263466399024,-3748.568875086362,Ditlevsen + IF2,"DS19 + IF2 warm start (J=1,000)"
156.77315138024278,-3767.0385789658376,-3804.738133348272,-3748.932196909147,Ditlevsen + IF2,"DS19 + IF2 warm start (J=1,000)"
161.62643010145985,-3767.2043063063884,-3805.2697976475183,-3748.9136879461175,Ditlevsen + IF2,"DS19 + IF2 warm start (J=1,000)"
166.47947077266872,-3767.020531463127,-3804.971880184744,-3749.025679185672,Ditlevsen + IF2,"DS19 + IF2 warm start (J=1,000)"
171.33241682685912,-3767.119207654378,-3804.2482796230065,-3750.407792936204,Ditlevsen + IF2,"DS19 + IF2 warm start (J=1,000)"
176.18540577124804,-3766.661001679722,-3804.518075203207,-3748.2772632944207,Ditlevsen + IF2,"DS19 + IF2 warm start (J=1,000)"
181.0371786581818,-3766.3720418884063,-3802.894541223097,-3750.724337047432,Ditlevsen + IF2,"DS19 + IF2 warm start (J=1,000)"
185.88950251368806,-3766.4908016885374,-3805.5803632621296,-3748.62957897346,Ditlevsen + IF2,"DS19 + IF2 warm start (J=1,000)"
190.74156643636525,-3766.678734943199,-3804.061821035773,-3749.737653898004,Ditlevsen + IF2,"DS19 + IF2 warm start (J=1,000)"
196.7462579179555,-3767.7454339501837,-3803.347168329609,-3750.063006365086,Ditlevsen + IF2,"DS19 + IF2 warm start (J=1,000)"
201.59951568837278,-3767.2433511431204,-3804.412297058963,-3748.995612049005,Ditlevsen + IF2,"DS19 + IF2 warm start (J=1,000)"
206.45170980575494,-3766.2903169666974,-3804.4816728795267,-3749.5667808129824,Ditlevsen + IF2,"DS19 + IF2 warm start (J=1,000)"
211.30330885993317,-3766.016832169278,-3803.710911330841,-3749.405245833888,Ditlevsen + IF2,"DS19 + IF2 warm start (J=1,000)"
216.15527596068569,-3767.2864676994814,-3803.3376201279375,-3749.9037405839945,Ditlevsen + IF2,"DS19 + IF2 warm start (J=1,000)"
221.00749380979687,-3767.3399133473695,-3804.0616278790635,-3750.1348341126472,Ditlevsen + IF2,"DS19 + IF2 warm start (J=1,000)"
225.8596480737906,-3766.546147591069,-3804.6707088678772,-3750.669194898212,Ditlevsen + IF2,"DS19 + IF2 warm start (J=1,000)"
230.7119554518722,-3767.1752766797217,-3805.1702179371787,-3749.625173444066,Ditlevsen + IF2,"DS19 + IF2 warm start (J=1,000)"
235.56379548227414,-3767.3671593080376,-3804.9515039717207,-3750.534674931955,Ditlevsen + IF2,"DS19 + IF2 warm start (J=1,000)"
240.4155265011359,-3767.3354406385142,-3804.4334649378807,-3750.3570676236704,Ditlevsen + IF2,"DS19 + IF2 warm start (J=1,000)"
246.42462725774385,-3766.802849149647,-3805.4326624219934,-3749.088663652171,Ditlevsen + IF2,"DS19 + IF2 warm start (J=1,000)"
251.27967615099624,-3766.8039399637228,-3804.4481741092795,-3747.851830222166,Ditlevsen + IF2,"DS19 + IF2 warm start (J=1,000)"
256.1414393824525,-3767.0415723905744,-3804.5024786797794,-3749.504178017293,Ditlevsen + IF2,"DS19 + IF2 warm start (J=1,000)"
260.9955813249108,-3767.0345915576327,-3804.7460278300027,-3748.804039568405,Ditlevsen + IF2,"DS19 + IF2 warm start (J=1,000)"
265.8489305009134,-3767.261668341745,-3805.881582573053,-3750.0921095338063,Ditlevsen + IF2,"DS19 + IF2 warm start (J=1,000)"
270.7023683695588,-3766.1562874929864,-3804.3461332431234,-3749.508282331208,Ditlevsen + IF2,"DS19 + IF2 warm start (J=1,000)"
275.55675710132346,-3767.062220202311,-3803.44116300889,-3749.487208914946,Ditlevsen + IF2,"DS19 + IF2 warm start (J=1,000)"
280.4111085208133,-3766.594043560299,-3806.2432191097887,-3749.533442002045,Ditlevsen + IF2,"DS19 + IF2 warm start (J=1,000)"
285.26447102450766,-3766.9369601351286,-3804.202345523156,-3749.901867556602,Ditlevsen + IF2,"DS19 + IF2 warm start (J=1,000)"
290.11980712460354,-3767.3338793032117,-3804.5309894747415,-3750.4674567626025,Ditlevsen + IF2,"DS19 + IF2 warm start (J=1,000)"
296.1260133604519,-3767.155670661962,-3804.559321777915,-3749.512954400558,Ditlevsen + IF2,"DS19 + IF2 warm start (J=1,000)"
300.9791697813198,-3767.1844118120393,-3802.797871892047,-3749.4309950858446,Ditlevsen + IF2,"DS19 + IF2 warm start (J=1,000)"
305.8333359437529,-3767.345282266995,-3804.288793256623,-3748.842625433685,Ditlevsen + IF2,"DS19 + IF2 warm start (J=1,000)"
310.68705880385824,-3767.174777531496,-3805.002975698178,-3749.0117219720782,Ditlevsen + IF2,"DS19 + IF2 warm start (J=1,000)"
315.5405778242275,-3767.061106236919,-3803.8883423651528,-3749.837972370032,Ditlevsen + IF2,"DS19 + IF2 warm start (J=1,000)"
320.39405821240507,-3767.6032853057704,-3804.5408207581713,-3749.1758984817448,Ditlevsen + IF2,"DS19 + IF2 warm start (J=1,000)"
325.24654715438373,-3766.940329643626,-3803.9507595404107,-3748.865591616828,Ditlevsen + IF2,"DS19 + IF2 warm start (J=1,000)"
330.09905393701047,-3767.2381022543595,-3804.5347358114013,-3750.790554692501,Ditlevsen + IF2,"DS19 + IF2 warm start (J=1,000)"
334.9518875759095,-3766.867677160286,-3803.342144358777,-3749.480828743024,Ditlevsen + IF2,"DS19 + IF2 warm start (J=1,000)"
339.8046999522485,-3767.2336906232567,-3805.283234385451,-3748.437783621071,Ditlevsen + IF2,"DS19 + IF2 warm start (J=1,000)"
345.8098612970207,-3767.411716787472,-3802.995945125761,-3750.8000694158422,Ditlevsen + IF2,"DS19 + IF2 warm start (J=1,000)"
350.66268946789205,-3767.4778962361465,-3803.3164739788913,-3750.083481185312,Ditlevsen + IF2,"DS19 + IF2 warm start (J=1,000)"
355.51545801735483,-3767.444934745389,-3802.885568937118,-3750.112092225726,Ditlevsen + IF2,"DS19 + IF2 warm start (J=1,000)"
360.3678234308027,-3766.8936420324508,-3803.6969947382267,-3748.522748640716,Ditlevsen + IF2,"DS19 + IF2 warm start (J=1,000)"
365.22101486544125,-3767.674971147196,-3804.358471857375,-3750.059711716716,Ditlevsen + IF2,"DS19 + IF2 warm start (J=1,000)"
370.07498576678336,-3767.40104058854,-3804.276373970365,-3750.842408548948,Ditlevsen + IF2,"DS19 + IF2 warm start (J=1,000)"
374.9275452212896,-3767.897560936507,-3804.3232920806895,-3750.173530584851,Ditlevsen + IF2,"DS19 + IF2 warm start (J=1,000)"
379.7802175797988,-3766.9621330952004,-3804.098311023945,-3750.0246052047,Ditlevsen + IF2,"DS19 + IF2 warm start (J=1,000)"
384.6333639039658,-3767.3898299672023,-3804.0524242094257,-3749.1724622744655,Ditlevsen + IF2,"DS19 + IF2 warm start (J=1,000)"
389.48656751937233,-3766.7375824461387,-3803.70013636681,-3750.4393969425255,Ditlevsen + IF2,"DS19 + IF2 warm start (J=1,000)"
395.49252419150434,-3767.3910229251487,-3804.053140958869,-3750.573416601457,Ditlevsen + IF2,"DS19 + IF2 warm start (J=1,000)"
400.3454030388966,-3767.346271186969,-3802.492633497985,-3749.0016652495424,Ditlevsen + IF2,"DS19 + IF2 warm start (J=1,000)"
405.2098399323877,-3766.7037985074307,-3803.607201219807,-3749.8551382040496,Ditlevsen + IF2,"DS19 + IF2 warm start (J=1,000)"
410.0624966714531,-3767.2074495504417,-3804.7680466770234,-3750.72336317547,Ditlevsen + IF2,"DS19 + IF2 warm start (J=1,000)"
414.915410052985,-3767.9387932564296,-3803.834768387758,-3751.065915390724,Ditlevsen + IF2,"DS19 + IF2 warm start (J=1,000)"
419.76874158880673,-3766.980952599537,-3803.181461541983,-3750.296088272966,Ditlevsen + IF2,"DS19 + IF2 warm start (J=1,000)"
424.62183120986447,-3766.891113272992,-3805.0193511345606,-3748.409854782509,Ditlevsen + IF2,"DS19 + IF2 warm start (J=1,000)"
429.47496119281277,-3767.3973395825865,-3803.4410649628007,-3750.442072422832,Ditlevsen + IF2,"DS19 + IF2 warm start (J=1,000)"
434.3277428508736,-3766.904638697256,-3804.088154144816,-3749.0359947866696,Ditlevsen + IF2,"DS19 + IF2 warm start (J=1,000)"
439.18067190540023,-3767.2647825742324,-3804.736702701341,-3750.996118354771,Ditlevsen + IF2,"DS19 + IF2 warm start (J=1,000)"
445.18657396850176,-3767.877420307219,-3803.232302787912,-3751.508259318316,Ditlevsen + IF2,"DS19 + IF2 warm start (J=1,000)"
450.03955484344624,-3768.430768074257,-3805.1489627261285,-3750.270354016277,Ditlevsen + IF2,"DS19 + IF2 warm start (J=1,000)"
454.89293336798437,-3767.643001449162,-3804.6616635914415,-3750.0125858694873,Ditlevsen + IF2,"DS19 + IF2 warm start (J=1,000)"
459.74624725431204,-3768.2708530947393,-3802.630669406493,-3750.415903463937,Ditlevsen + IF2,"DS19 + IF2 warm start (J=1,000)"
464.60012885858305,-3767.8255172632653,-3803.1790682449246,-3749.807105598332,Ditlevsen + IF2,"DS19 + IF2 warm start (J=1,000)"
469.4534685597755,-3768.304438695295,-3802.3555273483425,-3748.9252132778574,Ditlevsen + IF2,"DS19 + IF2 warm start (J=1,000)"
474.30712051852606,-3769.0557662478213,-3804.027279475928,-3749.179203536186,Ditlevsen + IF2,"DS19 + IF2 warm start (J=1,000)"
479.1610192810185,-3768.542017004155,-3803.671500499143,-3750.49389189568,Ditlevsen + IF2,"DS19 + IF2 warm start (J=1,000)"
484.01420813356526,-3768.263715620278,-3804.020599215003,-3750.6616266611513,Ditlevsen + IF2,"DS19 + IF2 warm start (J=1,000)"
488.8671461774502,-3767.2612271555454,-3803.617577622857,-3751.239252536184,Ditlevsen + IF2,"DS19 + IF2 warm start (J=1,000)"
494.8737540289294,-3768.2038035397845,-3803.481520304361,-3751.296344058672,Ditlevsen + IF2,"DS19 + IF2 warm start (J=1,000)"
499.7270265163388,-3769.405396437164,-3803.9314595949827,-3750.956284574776,Ditlevsen + IF2,"DS19 + IF2 warm start (J=1,000)"
504.5809784543235,-3768.952385603649,-3803.8642375685627,-3750.253824544823,Ditlevsen + IF2,"DS19 + IF2 warm start (J=1,000)"
509.4349401539657,-3768.2792669843675,-3803.706108844818,-3750.561864259195,Ditlevsen + IF2,"DS19 + IF2 warm start (J=1,000)"
514.2887829649262,-3768.7647853161716,-3804.1441099528984,-3749.010174539404,Ditlevsen + IF2,"DS19 + IF2 warm start (J=1,000)"
519.1420054314658,-3769.1896033242983,-3802.6091585859945,-3748.3990846896,Ditlevsen + IF2,"DS19 + IF2 warm start (J=1,000)"
523.9949381232727,-3768.3951837165323,-3802.548921876602,-3750.7919838968014,Ditlevsen + IF2,"DS19 + IF2 warm start (J=1,000)"
528.8488427589182,-3768.8806900042364,-3803.472985881959,-3750.10443405222,Ditlevsen + IF2,"DS19 + IF2 warm start (J=1,000)"
533.7020778378937,-3768.7639556348176,-3803.6582664167813,-3749.018013186681,Ditlevsen + IF2,"DS19 + IF2 warm start (J=1,000)"
538.5564952390268,-3769.1104358853026,-3804.373168305184,-3749.446579697719,Ditlevsen + IF2,"DS19 + IF2 warm start (J=1,000)"
544.5707712797448,-3768.5214806141275,-3802.3018223238087,-3750.586900449159,Ditlevsen + IF2,"DS19 + IF2 warm start (J=1,000)"
549.42426987621,-3769.341299481772,-3803.816632047919,-3750.853575823316,Ditlevsen + IF2,"DS19 + IF2 warm start (J=1,000)"
554.2774847268593,-3768.6862274934483,-3802.577811210024,-3750.1456363338975,Ditlevsen + IF2,"DS19 + IF2 warm start (J=1,000)"
559.1309434433933,-3768.915785357637,-3803.5366871005153,-3751.167087584277,Ditlevsen + IF2,"DS19 + IF2 warm start (J=1,000)"
563.98448515567,-3768.7640205502626,-3802.9057687241916,-3751.114954412863,Ditlevsen + IF2,"DS19 + IF2 warm start (J=1,000)"
568.838633576408,-3769.666234118943,-3804.7262574913025,-3750.3888065532456,Ditlevsen + IF2,"DS19 + IF2 warm start (J=1,000)"
573.6920806488488,-3768.5621071352275,-3803.0544328678275,-3749.880346628724,Ditlevsen + IF2,"DS19 + IF2 warm start (J=1,000)"
578.5449732153211,-3769.316977665181,-3804.472956562675,-3750.482218797659,Ditlevsen + IF2,"DS19 + IF2 warm start (J=1,000)"
583.398532399442,-3768.4949475826907,-3803.345206243183,-3750.279354782674,Ditlevsen + IF2,"DS19 + IF2 warm start (J=1,000)"
588.2525764228776,-3769.4578229954086,-3803.4385007259157,-3749.690401159959,Ditlevsen + IF2,"DS19 + IF2 warm start (J=1,000)"
594.2592199568171,-3768.4402593380073,-3805.1478472647314,-3750.690866086726,Ditlevsen + IF2,"DS19 + IF2 warm start (J=1,000)"
599.1122849169187,-3768.6376263270167,-3804.791536883648,-3751.50718513124,Ditlevsen + IF2,"DS19 + IF2 warm start (J=1,000)"
603.9655789085664,-3770.1136452361743,-3803.8016959642687,-3750.121773340234,Ditlevsen + IF2,"DS19 + IF2 warm start (J=1,000)"
608.8184838457964,-3769.065177972703,-3802.9846999931656,-3750.0777144380095,Ditlevsen + IF2,"DS19 + IF2 warm start (J=1,000)"
613.6702177063562,-3768.672434173999,-3805.638899286954,-3750.27903278044,Ditlevsen + IF2,"DS19 + IF2 warm start (J=1,000)"
618.517636111239,-3769.163675150005,-3802.7251301310607,-3749.38212933904,Ditlevsen + IF2,"DS19 + IF2 warm start (J=1,000)"
623.3689766498283,-3768.855637887091,-3802.6144387117997,-3750.022694829184,Ditlevsen + IF2,"DS19 + IF2 warm start (J=1,000)"
628.2212277555373,-3769.3878797543603,-3804.8736728765543,-3750.3669713914896,Ditlevsen + IF2,"DS19 + IF2 warm start (J=1,000)"
633.0746844399255,-3769.2143284658455,-3802.189429265987,-3751.154228536486,Ditlevsen + IF2,"DS19 + IF2 warm start (J=1,000)"
637.9270992549136,-3769.72229712436,-3803.3397791205184,-3750.5017771187354,Ditlevsen + IF2,"DS19 + IF2 warm start (J=1,000)"
643.9327899708878,-3769.3144528760367,-3803.8923690843826,-3750.0815227043463,Ditlevsen + IF2,"DS19 + IF2 warm start (J=1,000)"
648.7853954739403,-3768.7517906594367,-3803.0381719677366,-3750.753413974159,Ditlevsen + IF2,"DS19 + IF2 warm start (J=1,000)"
653.638667401392,-3769.028382133133,-3804.3996085900853,-3750.376433329346,Ditlevsen + IF2,"DS19 + IF2 warm start (J=1,000)"
658.4918258029502,-3769.710812989355,-3802.9001823178737,-3750.1044398863055,Ditlevsen + IF2,"DS19 + IF2 warm start (J=1,000)"
663.3450002025347,-3768.965157559371,-3801.850759157273,-3751.401076721006,Ditlevsen + IF2,"DS19 + IF2 warm start (J=1,000)"
668.1981892965268,-3768.9986022766307,-3803.4034335003284,-3749.7225287470974,Ditlevsen + IF2,"DS19 + IF2 warm start (J=1,000)"
673.0508998313453,-3768.6634487627516,-3803.773961338188,-3751.50718513124,Ditlevsen + IF2,"DS19 + IF2 warm start (J=1,000)"
677.9039620673284,-3768.794735476954,-3803.6106417262226,-3751.50718513124,Ditlevsen + IF2,"DS19 + IF2 warm start (J=1,000)"
682.7576778025832,-3768.8096529400873,-3803.960404015807,-3751.50718513124,Ditlevsen + IF2,"DS19 + IF2 warm start (J=1,000)"
687.6109472345561,-3768.8300031260414,-3803.8034089562298,-3751.50718513124,Ditlevsen + IF2,"DS19 + IF2 warm start (J=1,000)"
693.6168302604929,-3769.019783802305,-3804.0296403239386,-3751.182611755431,Ditlevsen + IF2,"DS19 + IF2 warm start (J=1,000)"
698.4706495609134,-3769.244816920069,-3803.692915254868,-3750.230788022493,Ditlevsen + IF2,"DS19 + IF2 warm start (J=1,000)"
703.3234115873929,-3769.407318977229,-3803.273060623942,-3751.403043582239,Ditlevsen + IF2,"DS19 + IF2 warm start (J=1,000)"
708.1708032737952,-3768.5263491656156,-3803.100723632515,-3751.364688852924,Ditlevsen + IF2,"DS19 + IF2 warm start (J=1,000)"
713.0100230528042,-3769.0620757646034,-3804.927388250337,-3750.7983936770897,Ditlevsen + IF2,"DS19 + IF2 warm start (J=1,000)"
717.8628311657812,-3769.6599287090257,-3803.872178830253,-3750.1388505331247,Ditlevsen + IF2,"DS19 + IF2 warm start (J=1,000)"
722.7155685457401,-3769.434759097815,-3803.8098381253717,-3750.124548011236,Ditlevsen + IF2,"DS19 + IF2 warm start (J=1,000)"
727.5684239498805,-3768.5197789254553,-3804.277137226127,-3751.384925468949,Ditlevsen + IF2,"DS19 + IF2 warm start (J=1,000)"
732.420981450472,-3769.716732913509,-3802.374921404508,-3750.440930106641,Ditlevsen + IF2,"DS19 + IF2 warm start (J=1,000)"
737.2741383472458,-3769.50313670353,-3802.77935821738,-3751.477062429742,Ditlevsen + IF2,"DS19 + IF2 warm start (J=1,000)"
743.2796462744009,-3769.3643115672585,-3803.029263539148,-3750.5973889328393,Ditlevsen + IF2,"DS19 + IF2 warm start (J=1,000)"
748.1329577718861,-3769.5177116837986,-3803.728793282186,-3751.50718513124,Ditlevsen + IF2,"DS19 + IF2 warm start (J=1,000)"
752.9860632009804,-3768.7851569330414,-3803.4080276698696,-3750.368683307412,Ditlevsen + IF2,"DS19 + IF2 warm start (J=1,000)"
757.8390455080662,-3768.6245887403893,-3803.811822762305,-3751.106880009255,Ditlevsen + IF2,"DS19 + IF2 warm start (J=1,000)"
762.6918329119217,-3768.844000565997,-3803.778762260353,-3750.321539211768,Ditlevsen + IF2,"DS19 + IF2 warm start (J=1,000)"
767.544906969415,-3769.142977094573,-3803.649506110851,-3750.617642604155,Ditlevsen + IF2,"DS19 + IF2 warm start (J=1,000)"
772.3971743402071,-3770.007180575618,-3804.256018395251,-3751.50718513124,Ditlevsen + IF2,"DS19 + IF2 warm start (J=1,000)"
777.2498719000723,-3769.6883664701354,-3803.9625765857922,-3751.50718513124,Ditlevsen + IF2,"DS19 + IF2 warm start (J=1,000)"
782.1029288689606,-3769.284754452143,-3802.798624333561,-3749.3288565859375,Ditlevsen + IF2,"DS19 + IF2 warm start (J=1,000)"
786.9561327768024,-3769.416565635269,-3803.163887251088,-3751.50718513124,Ditlevsen + IF2,"DS19 + IF2 warm start (J=1,000)"
792.9611716140062,-3768.8967090615824,-3803.4616625106305,-3749.864988740053,Ditlevsen + IF2,"DS19 + IF2 warm start (J=1,000)"
797.814099223353,-3769.3376200448274,-3802.9853906270655,-3751.50718513124,Ditlevsen + IF2,"DS19 + IF2 warm start (J=1,000)"
802.6673016594723,-3769.6396558505157,-3803.0883476554286,-3751.50718513124,Ditlevsen + IF2,"DS19 + IF2 warm start (J=1,000)"
807.5206312048249,-3769.105334403467,-3804.1964056788756,-3751.115020712246,Ditlevsen + IF2,"DS19 + IF2 warm start (J=1,000)"
812.3733527516015,-3769.535828728511,-3805.1632227964756,-3750.926504857174,Ditlevsen + IF2,"DS19 + IF2 warm start (J=1,000)"
817.2259053878952,-3769.5725252676925,-3803.1925964768293,-3751.413800936415,Ditlevsen + IF2,"DS19 + IF2 warm start (J=1,000)"
822.0784251720179,-3770.241884765427,-3805.255022933292,-3750.703284557416,Ditlevsen + IF2,"DS19 + IF2 warm start (J=1,000)"
826.9301299229264,-3769.6424724223825,-3803.8581977495337,-3751.154756518177,Ditlevsen + IF2,"DS19 + IF2 warm start (J=1,000)"
831.7834670294542,-3769.7135134352866,-3802.6740425327744,-3751.50718513124,Ditlevsen + IF2,"DS19 + IF2 warm start (J=1,000)"
836.635941245826,-3769.1781609779077,-3804.223814814415,-3751.50718513124,Ditlevsen + IF2,"DS19 + IF2 warm start (J=1,000)"
842.6414659719449,-3769.583325880038,-3802.8428445611708,-3751.50718513124,Ditlevsen + IF2,"DS19 + IF2 warm start (J=1,000)"
847.4939940897748,-3769.3550192910407,-3803.587025486722,-3750.28424016394,Ditlevsen + IF2,"DS19 + IF2 warm start (J=1,000)"
852.3469129968435,-3769.6337383271384,-3804.0232771218416,-3750.0750696782734,Ditlevsen + IF2,"DS19 + IF2 warm start (J=1,000)"
857.1992691464256,-3769.845430535036,-3803.086729259555,-3750.802459767373,Ditlevsen + IF2,"DS19 + IF2 warm start (J=1,000)"
862.0518975944724,-3770.3399350084765,-3803.4527707302013,-3750.998140052227,Ditlevsen + IF2,"DS19 + IF2 warm start (J=1,000)"
866.9043829864822,-3770.0020870770445,-3802.377823434066,-3751.4010094175865,Ditlevsen + IF2,"DS19 + IF2 warm start (J=1,000)"
871.757520312909,-3769.8921367758994,-3804.121798318886,-3750.7062530257504,Ditlevsen + IF2,"DS19 + IF2 warm start (J=1,000)"
876.6102169789374,-3769.528437929923,-3804.352183488092,-3750.513259526143,Ditlevsen + IF2,"DS19 + IF2 warm start (J=1,000)"
881.4627951323055,-3769.90276516803,-3804.158124970409,-3751.50718513124,Ditlevsen + IF2,"DS19 + IF2 warm start (J=1,000)"
886.3154543102719,-3769.913844310003,-3803.021537707248,-3751.50718513124,Ditlevsen + IF2,"DS19 + IF2 warm start (J=1,000)"
892.3211821948644,-3769.183414867863,-3803.4361823381987,-3751.293735769556,Ditlevsen + IF2,"DS19 + IF2 warm start (J=1,000)"
897.1743649188429,-3769.9343357455564,-3803.4872680499548,-3751.50718513124,Ditlevsen + IF2,"DS19 + IF2 warm start (J=1,000)"
902.0271295178682,-3769.9644973523864,-3802.5520099667465,-3750.270294175526,Ditlevsen + IF2,"DS19 + IF2 warm start (J=1,000)"
906.8802339273971,-3770.084981977452,-3804.8343222111957,-3750.147870526632,Ditlevsen + IF2,"DS19 + IF2 warm start (J=1,000)"
911.7334492327645,-3769.2771697977328,-3802.7213435575395,-3751.50718513124,Ditlevsen + IF2,"DS19 + IF2 warm start (J=1,000)"
916.5868437152822,-3769.879434395678,-3803.2549720318957,-3750.757785787195,Ditlevsen + IF2,"DS19 + IF2 warm start (J=1,000)"
921.4391827939544,-3769.5522717055646,-3803.1469763092464,-3751.50718513124,Ditlevsen + IF2,"DS19 + IF2 warm start (J=1,000)"
926.2937150169164,-3769.46045304121,-3804.2516727921293,-3750.6643919621847,Ditlevsen + IF2,"DS19 + IF2 warm start (J=1,000)"
931.1467808454763,-3770.028042414071,-3803.438724502544,-3750.7129707950353,Ditlevsen + IF2,"DS19 + IF2 warm start (J=1,000)"
936.0003499437588,-3769.6496009334733,-3804.139186089654,-3751.50718513124,Ditlevsen + IF2,"DS19 + IF2 warm start (J=1,000)"
942.0059698459227,-3769.744829196583,-3804.412467683301,-3751.50718513124,Ditlevsen + IF2,"DS19 + IF2 warm start (J=1,000)"
946.5484556308948,-3769.51264447803,-3804.1166132048506,-3751.50718513124,Ditlevsen + IF2,"DS19 + IF2 warm start (J=1,000)"
946.6377298976296,-3769.3752833573226,-3804.1166132048506,-3751.50718513124,Ditlevsen + IF2,"DS19 + IF2 warm start (J=1,000)"
2.439450647449121,-7943.156778616345,-14988.046156966122,-4402.300702263528,Corenflos,CTDD21 (J=100)
4.868895441526547,-7672.209062387225,-14696.383067830307,-4361.79218140148,Corenflos,CTDD21 (J=100)
7.235052885022014,-7467.807085330807,-14333.02772807923,-4344.377439906241,Corenflos,CTDD21 (J=100)
9.63840864947997,-7183.754076041067,-13993.255128646033,-4314.091579815506,Corenflos,CTDD21 (J=100)
12.010313985985704,-6860.572714586597,-13646.289394940104,-4317.144770007036,Corenflos,CTDD21 (J=100)
14.470507924095728,-6702.350815748521,-12973.010476936184,-4301.379699079908,Corenflos,CTDD21 (J=100)
16.846302909427322,-6594.72485209393,-12634.654288990361,-4295.5511386080125,Corenflos,CTDD21 (J=100)
19.20228051446611,-6493.308741618044,-12191.385797558172,-4289.811752574732,Corenflos,CTDD21 (J=100)
21.51154731749557,-6370.764607799903,-12010.365227613178,-4281.237770130522,Corenflos,CTDD21 (J=100)
24.23208456649445,-6250.051286426397,-11855.224957515069,-4258.459252908102,Corenflos,CTDD21 (J=100)
26.759916649956722,-6102.232619087068,-11627.207678869283,-4246.388080781796,Corenflos,CTDD21 (J=100)
29.159210207988508,-6034.1401977147025,-11411.351614160973,-4237.844418906495,Corenflos,CTDD21 (J=100)
31.606990231433883,-5919.329605429229,-11164.259519662064,-4225.523540048713,Corenflos,CTDD21 (J=100)
34.18887984054163,-5876.638293393398,-10978.32138680671,-4220.789426550431,Corenflos,CTDD21 (J=100)
36.71179780102102,-5793.139779977242,-10847.604960077904,-4212.797222420961,Corenflos,CTDD21 (J=100)
39.16953677055426,-5755.719206459107,-10701.948376328563,-4207.608343405228,Corenflos,CTDD21 (J=100)
41.63816577196121,-5726.212757244053,-10533.05190768312,-4204.1342355675215,Corenflos,CTDD21 (J=100)
44.355172028415836,-5676.4386905903175,-10304.723041786841,-4201.982163367586,Corenflos,CTDD21 (J=100)
47.03294572245795,-5634.914245235126,-10251.318984951396,-4198.820652962513,Corenflos,CTDD21 (J=100)
49.78553341596853,-5580.022819239875,-10112.909403569738,-4197.874145171742,Corenflos,CTDD21 (J=100)
52.8105389084667,-5527.846119970385,-9930.944203005227,-4196.624104583886,Corenflos,CTDD21 (J=100)
55.5406260935124,-5470.931867954112,-9868.115119954593,-4195.569904252031,Corenflos,CTDD21 (J=100)
58.48802552052076,-5433.9595213598805,-9756.96333301478,-4196.515902902739,Corenflos,CTDD21 (J=100)
61.44720621051965,-5407.673753828964,-9646.706143665895,-4196.10924765289,Corenflos,CTDD21 (J=100)
64.47404940490378,-5398.877359417435,-9498.723362464996,-4197.415430909714,Corenflos,CTDD21 (J=100)
67.47244438750204,-5382.422817854042,-9443.583521275878,-4175.428645400245,Corenflos,CTDD21 (J=100)
69.73908690892858,-5364.498180194207,-9303.412461957929,-4160.050100756699,Corenflos,CTDD21 (J=100)
72.33518007548992,-5326.005842954851,-9213.669153096365,-4152.223944912252,Corenflos,CTDD21 (J=100)
75.1399147498887,-5292.9959342286,-8922.674271718042,-4133.059446545837,Corenflos,CTDD21 (J=100)
77.69376502092928,-5275.352830934872,-8873.713446234138,-4124.643171066592,Corenflos,CTDD21 (J=100)
80.27481316239573,-5254.806480057821,-8746.058468393836,-4113.979974790295,Corenflos,CTDD21 (J=100)
82.83345127850771,-5241.013778436291,-8616.738568494005,-4105.283081705842,Corenflos,CTDD21 (J=100)
85.41103679244407,-5232.95563095461,-8412.594282347163,-4095.3070177336,Corenflos,CTDD21 (J=100)
87.96856291790027,-5200.897870792895,-8197.375876936825,-4086.521656195498,Corenflos,CTDD21 (J=100)
90.56695030489936,-5207.348095475692,-8012.4601401281225,-4074.881635349898,Corenflos,CTDD21 (J=100)
93.21784946648404,-5185.514633532708,-7930.991900800105,-4068.40334699756,Corenflos,CTDD21 (J=100)
95.86054522695486,-5178.766077104916,-7895.050464532063,-4064.3970702213296,Corenflos,CTDD21 (J=100)
98.51424011599738,-5161.963394740433,-7878.207426052177,-4061.586358366091,Corenflos,CTDD21 (J=100)
101.48930463346188,-5154.121631525084,-7829.172106963414,-4059.61892535508,Corenflos,CTDD21 (J=100)
104.42800460546277,-5142.750673131459,-7728.27898227156,-4057.253446705515,Corenflos,CTDD21 (J=100)
107.34368916135281,-5135.752852229185,-7656.058800989652,-4057.8414048788914,Corenflos,CTDD21 (J=100)
110.33757201151457,-5125.655190328289,-7536.778106705824,-4058.556190090093,Corenflos,CTDD21 (J=100)
113.2999271514127,-5117.248138645588,-7531.117807994087,-4058.863705346029,Corenflos,CTDD21 (J=100)
116.27312895504292,-5142.155383093459,-7423.761690608367,-4057.6755146233577,Corenflos,CTDD21 (J=100)
119.26317962992471,-5124.176176434878,-7350.0725472425365,-4055.746244181832,Corenflos,CTDD21 (J=100)
122.2347403333988,-5113.75057215596,-7258.811579583755,-4053.66036728267,Corenflos,CTDD21 (J=100)
125.2444387683645,-5118.446061896669,-7186.306044850544,-4051.430921778055,Corenflos,CTDD21 (J=100)
128.23822030588053,-5089.810678396474,-7114.184761947188,-4051.223645121645,Corenflos,CTDD21 (J=100)
131.11015749385115,-5120.89993230875,-7009.048120721827,-4051.8348539655663,Corenflos,CTDD21 (J=100)
133.9427934564883,-5110.430254998596,-6975.748763285249,-4051.051556238217,Corenflos,CTDD21 (J=100)
136.73895086348057,-5101.888823074333,-6915.951413169062,-4051.726579678361,Corenflos,CTDD21 (J=100)
139.49022421846166,-5084.180748255656,-6840.430991551717,-4050.320772705205,Corenflos,CTDD21 (J=100)
142.06230898201466,-5071.635568118246,-6743.277361769354,-4049.734458335457,Corenflos,CTDD21 (J=100)
144.6196650665952,-5058.224738032413,-6744.769861054991,-4049.992555166922,Corenflos,CTDD21 (J=100)
147.20774574996904,-5050.410678601176,-6690.967022454841,-4049.6283290278816,Corenflos,CTDD21 (J=100)
149.79200163146015,-5043.874713594663,-6575.537093584718,-4050.0302196232246,Corenflos,CTDD21 (J=100)
152.37194482958876,-5025.046955182439,-6565.650763944141,-4050.688521095677,Corenflos,CTDD21 (J=100)
154.93325147707947,-5037.94071524433,-6483.086626929397,-4050.473659213249,Corenflos,CTDD21 (J=100)
157.5830551625695,-5020.4851625093725,-6426.627235463788,-4051.45954512664,Corenflos,CTDD21 (J=100)
160.1247857696144,-5014.251347913465,-6392.49238265122,-4051.6204874028617,Corenflos,CTDD21 (J=100)
162.66220966551919,-5016.842359857727,-6349.064714765807,-4051.0994405822166,Corenflos,CTDD21 (J=100)
165.24721991363913,-5017.535326009194,-6313.867151095033,-4052.1087269944505,Corenflos,CTDD21 (J=100)
168.15945452306187,-5016.297670243754,-6290.4863287589515,-4052.840564550763,Corenflos,CTDD21 (J=100)
171.1773003495182,-5013.093268461798,-6275.525605438792,-4052.279482034347,Corenflos,CTDD21 (J=100)
174.23501754796598,-5015.880114475482,-6266.256058990219,-4052.518800789614,Corenflos,CTDD21 (J=100)
177.31052388052922,-5023.75233949259,-6242.327838272531,-4052.910428310636,Corenflos,CTDD21 (J=100)
180.3741060140892,-5003.827191917662,-6234.2346109307755,-4054.7985956692864,Corenflos,CTDD21 (J=100)
183.4465091120219,-4997.103940541347,-6143.856847563628,-4055.734310385946,Corenflos,CTDD21 (J=100)
186.5538795835455,-4990.570162772938,-6121.001539603471,-4056.381949198028,Corenflos,CTDD21 (J=100)
189.6832855665707,-4957.739093577584,-6092.334402270477,-4057.051664253592,Corenflos,CTDD21 (J=100)
192.73714240302797,-4934.637494797949,-6072.285032360618,-4061.6396148006384,Corenflos,CTDD21 (J=100)
195.47927417454775,-4937.671307708786,-6039.9710230119945,-4063.15676801316,Corenflos,CTDD21 (J=100)
198.41668723500334,-4933.67729591298,-6020.3159727895545,-4063.42499435187,Corenflos,CTDD21 (J=100)
201.26336789003108,-4926.101875009434,-6003.663346140088,-4066.0568382554056,Corenflos,CTDD21 (J=100)
204.03324894036632,-4916.743638175982,-5995.405169512831,-4068.6606668866234,Corenflos,CTDD21 (J=100)
206.81590336549561,-4906.663661317914,-5995.01115480761,-4068.867650277119,Corenflos,CTDD21 (J=100)
208.80496818746903,-4898.921029757048,-5996.740893551546,-4073.618290814968,Corenflos,CTDD21 (J=100)
210.81284824496834,-4890.527830769658,-5995.59672901114,-4074.6552987993896,Corenflos,CTDD21 (J=100)
212.9190486985608,-4884.963099729268,-5995.611603989203,-4077.153172577234,Corenflos,CTDD21 (J=100)
215.4837382429978,-4879.562096424388,-5994.922505191438,-4077.263157603992,Corenflos,CTDD21 (J=100)
217.95527802704598,-4869.6237703818315,-5995.534496336418,-4077.6482523219374,Corenflos,CTDD21 (J=100)
220.39989138854435,-4862.704726501042,-5994.9977146752235,-4076.355348282905,Corenflos,CTDD21 (J=100)
222.89113557653036,-4853.865230006974,-5992.596564454581,-4073.577293317456,Corenflos,CTDD21 (J=100)
224.50035180756822,-4849.335378627384,-5991.130344996153,-4072.6513612001786,Corenflos,CTDD21 (J=100)
226.17556262749713,-4845.342728493959,-5993.51235990859,-4074.037107003892,Corenflos,CTDD21 (J=100)
229.5494751604274,-4842.065426566824,-5996.394522903264,-4050.240939615885,Corenflos,CTDD21 (J=100)
232.87718309101183,-4838.796620852401,-5998.938344174315,-4047.414227915676,Corenflos,CTDD21 (J=100)
236.18129115598276,-4835.161404288783,-5988.129797675363,-4047.1876495979095,Corenflos,CTDD21 (J=100)
239.46156056050677,-4830.053997390272,-6002.744341899853,-4046.133320683332,Corenflos,CTDD21 (J=100)
242.07892582251225,-4826.023579157395,-5946.32988508818,-4044.932895215871,Corenflos,CTDD21 (J=100)
244.6905732494779,-4826.128979524576,-5946.4970313166195,-4045.2944850084655,Corenflos,CTDD21 (J=100)
247.32824057154357,-4822.414077354088,-5947.886413761505,-4044.746309525093,Corenflos,CTDD21 (J=100)
249.93516853207257,-4818.59972582348,-5947.426361020155,-4044.2632247696174,Corenflos,CTDD21 (J=100)
252.53481057600584,-4820.6232498357585,-5945.722191130747,-4044.0185430835104,Corenflos,CTDD21 (J=100)
255.27613309258595,-4813.906317412551,-5946.0514550723965,-4044.898522733486,Corenflos,CTDD21 (J=100)
258.01098337909207,-4812.917088125824,-5946.019885297031,-4045.1333673802633,Corenflos,CTDD21 (J=100)
260.7233824285213,-4808.002474014877,-5936.685327555384,-4044.7072650121336,Corenflos,CTDD21 (J=100)
263.47527582151815,-4794.40984958525,-5926.154502823503,-4044.691360526606,Corenflos,CTDD21 (J=100)
266.4494114865083,-4790.037524515198,-5925.031265368205,-4044.67987397413,Corenflos,CTDD21 (J=100)
269.42129966057837,-4788.069095222798,-5924.869623017741,-4043.115158948994,Corenflos,CTDD21 (J=100)
272.41096031852067,-4787.588944503258,-5925.075798672499,-4042.658309550453,Corenflos,CTDD21 (J=100)
275.49396931007504,-4784.256677708788,-5926.386910593356,-4041.589257728604,Corenflos,CTDD21 (J=100)
278.4887947635725,-4778.367550048958,-5928.278271568078,-4040.727229704066,Corenflos,CTDD21 (J=100)
281.44777154305484,-4778.177277638621,-5929.793165405332,-4039.17779212269,Corenflos,CTDD21 (J=100)
284.4757043204736,-4770.987925622394,-5932.926022177618,-4036.736767477189,Corenflos,CTDD21 (J=100)
287.43546557601076,-4768.852384094854,-5935.383091162052,-4036.265694696009,Corenflos,CTDD21 (J=100)
290.4417034575017,-4764.853382082354,-5936.875333357317,-4034.4619243119937,Corenflos,CTDD21 (J=100)
293.50498346216045,-4763.908679737408,-5937.463146334717,-4032.643409700715,Corenflos,CTDD21 (J=100)
296.52575469808653,-4764.351037879411,-5939.562584859426,-4032.704751068599,Corenflos,CTDD21 (J=100)
299.5671745460713,-4765.795368413413,-5940.0072097497205,-4030.779415563923,Corenflos,CTDD21 (J=100)
302.63399245252367,-4763.458569208263,-5940.954087560621,-4029.63966524875,Corenflos,CTDD21 (J=100)
305.6974995426135,-4757.62247144697,-5942.447717507446,-4028.931591870375,Corenflos,CTDD21 (J=100)
308.75277620903216,-4760.709255718522,-5943.4857405293205,-4026.896470411974,Corenflos,CTDD21 (J=100)
311.8197218941059,-4747.45028322186,-5947.532986807299,-4026.972242459762,Corenflos,CTDD21 (J=100)
314.8361512100091,-4746.974313696726,-5956.20555937567,-4025.474718943464,Corenflos,CTDD21 (J=100)
317.9348233580822,-4734.815389851477,-5964.193650764214,-4024.7542481221712,Corenflos,CTDD21 (J=100)
321.0093599980464,-4722.503593782178,-5966.712495550566,-4013.166275303476,Corenflos,CTDD21 (J=100)
324.1300663430011,-4718.368173823747,-5952.419898095779,-4001.884252766745,Corenflos,CTDD21 (J=100)
327.2324446600396,-4714.320553969212,-5954.627502661135,-3995.043075891399,Corenflos,CTDD21 (J=100)
330.31482911051717,-4714.877769065066,-5955.881822477306,-3985.255938228279,Corenflos,CTDD21 (J=100)
333.4134395130677,-4712.593396192822,-5956.682536715337,-3977.4186168305646,Corenflos,CTDD21 (J=100)
336.33191905508284,-4716.28858566913,-5957.544602526556,-3970.060810551444,Corenflos,CTDD21 (J=100)
339.2643667255761,-4718.961049672933,-5959.228747373127,-3964.262704144076,Corenflos,CTDD21 (J=100)
342.2003749156138,-4711.452861798529,-5961.07101825349,-3957.199263723135,Corenflos,CTDD21 (J=100)
343.69975614047144,-4682.6812580260375,-5964.02878773551,-3951.632640023207,Corenflos,CTDD21 (J=100)
345.0905480844667,-4675.0991682478025,-5965.273714678192,-3944.840160879307,Corenflos,CTDD21 (J=100)
347.65147779206745,-4677.953907416568,-5967.802640820495,-3938.875530186609,Corenflos,CTDD21 (J=100)
350.57911859988235,-4671.369153151642,-5969.830555956458,-3934.155636214251,Corenflos,CTDD21 (J=100)
353.4815401668893,-4671.39325187108,-5971.689610895544,-3929.8055840094144,Corenflos,CTDD21 (J=100)
356.37826512393076,-4673.650929401583,-5957.351237275052,-3924.9932396053705,Corenflos,CTDD21 (J=100)
359.3144867144292,-4669.9741483671505,-5964.5668269643975,-3920.7105088785606,Corenflos,CTDD21 (J=100)
362.25838855595794,-4663.433097686435,-5970.738263050416,-3917.746012797483,Corenflos,CTDD21 (J=100)
365.20195218303706,-4665.898575773436,-5921.822996441094,-3916.349560516532,Corenflos,CTDD21 (J=100)
368.2073630199302,-4664.624438531546,-5923.345601919564,-3914.554006647618,Corenflos,CTDD21 (J=100)
371.2604855279205,-4659.524310401129,-5922.282859368434,-3915.5736740079824,Corenflos,CTDD21 (J=100)
374.1193466274999,-4659.707357592302,-5923.20496974361,-3913.971222562717,Corenflos,CTDD21 (J=100)
376.7457835000241,-4658.541426805418,-5922.3588135121045,-3914.617658865007,Corenflos,CTDD21 (J=100)
379.38363155850675,-4665.882325567584,-5921.992096018355,-3915.704019919663,Corenflos,CTDD21 (J=100)
382.0297285770066,-4665.118061884201,-5922.393089498463,-3921.438771494672,Corenflos,CTDD21 (J=100)
384.6605803294806,-4664.997834235004,-5922.734342937154,-3930.996013157016,Corenflos,CTDD21 (J=100)
387.2746516329935,-4652.84132382268,-5922.189283754617,-3934.827908731195,Corenflos,CTDD21 (J=100)
389.90923204051796,-4667.488058235151,-5921.46260106905,-3944.667256812039,Corenflos,CTDD21 (J=100)
392.534981103614,-4669.796174426403,-5920.24967712492,-3958.096620154272,Corenflos,CTDD21 (J=100)
395.1607791761635,-4665.522600975832,-5919.700625820091,-3976.680560330629,Corenflos,CTDD21 (J=100)
398.40213208901696,-4663.570642292718,-5919.232316053668,-3990.6956842322634,Corenflos,CTDD21 (J=100)
401.6666209655814,-4665.688772846615,-5919.624469737126,-4006.776423274665,Corenflos,CTDD21 (J=100)
404.9426266886294,-4664.538540198237,-5920.627409987202,-4004.529717156875,Corenflos,CTDD21 (J=100)
408.2342743410263,-4665.4510415975865,-5921.592523939455,-4003.3577243497175,Corenflos,CTDD21 (J=100)
411.5496690105647,-4666.067463550695,-5921.739112010531,-3914.592210342312,Corenflos,CTDD21 (J=100)
414.39505835407186,-4667.461824647318,-5921.485698767863,-3918.510753272079,Corenflos,CTDD21 (J=100)
417.12707705411594,-4666.76307276397,-5922.166377848785,-3925.459940293048,Corenflos,CTDD21 (J=100)
419.83187809650553,-4667.2953474431015,-5922.438327463252,-3932.336992866246,Corenflos,CTDD21 (J=100)
422.54661763913464,-4667.644751679265,-5922.639074309552,-3943.937860098042,Corenflos,CTDD21 (J=100)
425.2970820420305,-4667.36214927778,-5921.538272479519,-3957.745873053252,Corenflos,CTDD21 (J=100)
428.020294507558,-4667.43000780359,-5921.409013076643,-3973.1425006305194,Corenflos,CTDD21 (J=100)
430.7468169670319,-4669.580136320235,-5921.322713134551,-3991.414751544506,Corenflos,CTDD21 (J=100)
433.46628531609895,-4667.062751318075,-5920.229343973532,-3992.665196430444,Corenflos,CTDD21 (J=100)
436.1906506445375,-4669.550157465257,-5920.736048255237,-3991.596604031477,Corenflos,CTDD21 (J=100)
438.2573779344675,-4667.307655565026,-5920.085668219532,-3989.830102427444,Corenflos,CTDD21 (J=100)
439.57428561348934,-4668.238745062231,-5921.637290061252,-3914.7806312245457,Corenflos,CTDD21 (J=100)
440.8947298594867,-4665.475350773331,-5924.975147969178,-3918.279957707076,Corenflos,CTDD21 (J=100)
442.21500223397743,-4665.9289544748635,-5926.315283247904,-3921.105699138103,Corenflos,CTDD21 (J=100)
443.5851257284521,-4665.621143038442,-5926.773415088901,-3924.75037843871,Corenflos,CTDD21 (J=100)
446.08051806344884,-4660.47401090888,-5927.628142956568,-3925.739597280784,Corenflos,CTDD21 (J=100)
448.5594959760201,-4640.120539492023,-5929.014427829114,-3927.5277776228927,Corenflos,CTDD21 (J=100)
451.03851409902563,-4630.683327259829,-5921.6181890522,-3930.611017397964,Corenflos,CTDD21 (J=100)
453.50976435653865,-4627.311637864033,-5923.04632227783,-3932.5772568774014,Corenflos,CTDD21 (J=100)
456.00475458893925,-4631.635807524617,-5923.968136025826,-3935.429245325391,Corenflos,CTDD21 (J=100)
458.4873869114672,-4635.55575950722,-5924.82246034586,-3939.241308095536,Corenflos,CTDD21 (J=100)
461.0118902520044,-4625.770570383909,-5925.838056221376,-3943.9410583367735,Corenflos,CTDD21 (J=100)
463.55955622548936,-4619.684318465099,-5927.321293918661,-3948.593347733304,Corenflos,CTDD21 (J=100)
466.31375525554176,-4621.838601029895,-5928.090710486001,-3913.2409725717503,Corenflos,CTDD21 (J=100)
469.0907668240252,-4622.351986975153,-5929.039398420348,-3915.6940880677,Corenflos,CTDD21 (J=100)
471.4061834339518,-4623.712140081767,-5929.624363257255,-3916.7688195510814,Corenflos,CTDD21 (J=100)
472.8197341579944,-4617.697487949376,-5929.481732059427,-3916.933774669983,Corenflos,CTDD21 (J=100)
474.23370334599167,-4615.638463584612,-5929.467092178228,-3916.741413469156,Corenflos,CTDD21 (J=100)
475.6518829870038,-4614.818528512882,-5930.010746412102,-3916.729414982666,Corenflos,CTDD21 (J=100)
477.0938955959864,-4610.145842154832,-5929.1588806682985,-3915.491413835842,Corenflos,CTDD21 (J=100)
478.5118950699689,-4602.47941586938,-5930.094066726122,-3917.007645429325,Corenflos,CTDD21 (J=100)
481.39662378805224,-4597.183672196545,-5929.4539214689785,-3915.849844478858,Corenflos,CTDD21 (J=100)
484.7647321015829,-4594.174056421124,-5929.808726052936,-3915.18850195124,Corenflos,CTDD21 (J=100)
488.1220452216221,-4597.915830251278,-5930.395950085424,-3915.599724439351,Corenflos,CTDD21 (J=100)
491.46779950452037,-4597.0117567101515,-5931.269771216735,-3916.45516475176,Corenflos,CTDD21 (J=100)
494.7530111640226,-4595.127987160162,-5932.450217857329,-3915.395116876247,Corenflos,CTDD21 (J=100)
496.9657551170094,-4594.604820579208,-5932.260263004198,-3914.398576229631,Corenflos,CTDD21 (J=100)
498.89942902652547,-4595.205622783374,-5932.871618990538,-3914.773410283175,Corenflos,CTDD21 (J=100)
501.67438016296364,-4598.091672449498,-5934.163222185043,-3912.193138071968,Corenflos,CTDD21 (J=100)
504.91945191449486,-4602.322207204408,-5934.765490290673,-3910.064518192582,Corenflos,CTDD21 (J=100)
508.1221667184727,-4605.4674230959145,-5936.517176976838,-3905.968893794196,Corenflos,CTDD21 (J=100)
509.54931920347735,-4602.014688016661,-5936.516989550317,-3901.001491927985,Corenflos,CTDD21 (J=100)
510.85567780502606,-4603.916612419791,-5938.3585511744795,-3896.47180184494,Corenflos,CTDD21 (J=100)
512.1806457334897,-4606.750876106051,-5939.29036101225,-3890.539947104551,Corenflos,CTDD21 (J=100)
513.4899461079622,-4600.727625367953,-5940.193055948604,-3884.4027133683776,Corenflos,CTDD21 (J=100)
514.799300740473,-4605.338735261354,-5941.304268890022,-3878.65486853928,Corenflos,CTDD21 (J=100)
516.0926050534472,-4609.696394030601,-5941.850004454334,-3873.895718906621,Corenflos,CTDD21 (J=100)
518.3582147120032,-4602.863672358677,-5943.3031489978375,-3869.307071582159,Corenflos,CTDD21 (J=100)
520.8607257254189,-4604.127646942458,-5944.0204836282865,-3864.571924548767,Corenflos,CTDD21 (J=100)
523.3595328299562,-4599.367100163274,-5944.23026334105,-3859.0002714674665,Corenflos,CTDD21 (J=100)
525.9143123105168,-4596.32925323438,-5944.964572799559,-3855.1187241901753,Corenflos,CTDD21 (J=100)
528.6839320765575,-4590.8385107978065,-5945.655478375467,-3851.466386650276,Corenflos,CTDD21 (J=100)
531.4538576089544,-4591.478442190008,-5945.940541939316,-3848.414179674976,Corenflos,CTDD21 (J=100)
534.2131344899535,-4591.8004442857655,-5946.849448330823,-3847.034135170569,Corenflos,CTDD21 (J=100)
537.0075124829309,-4588.172484174899,-5946.656462246399,-3844.1718482667898,Corenflos,CTDD21 (J=100)
539.796773606562,-4589.55417473866,-5946.900909355687,-3842.822962027159,Corenflos,CTDD21 (J=100)
541.6266087515978,-4590.005035481113,-5946.219065343604,-3840.8771997668114,Corenflos,CTDD21 (J=100)
544.7896115879994,-4588.204425695878,-5945.745952199381,-3839.1331559757455,Corenflos,CTDD21 (J=100)
548.0045557079138,-4589.401572009874,-5946.1146330311485,-3836.988944817539,Corenflos,CTDD21 (J=100)
551.0294953599805,-4587.016676912985,-5946.453211791188,-3836.455966576632,Corenflos,CTDD21 (J=100)
553.8520276999334,-4585.158019622991,-5946.590216647531,-3836.081863575961,Corenflos,CTDD21 (J=100)
555.617750202422,-4585.285138007861,-5946.8034927535045,-3834.118050173576,Corenflos,CTDD21 (J=100)
556.951770781423,-4584.293254080976,-5946.669026350617,-3833.343500810022,Corenflos,CTDD21 (J=100)
558.3371330825612,-4585.076538055466,-5946.65672315942,-3834.9476978266503,Corenflos,CTDD21 (J=100)
560.9796913908795,-4599.617856464633,-5947.107169371622,-3835.0459936412144,Corenflos,CTDD21 (J=100)
563.605915006483,-4595.398656688652,-5942.027572018526,-3837.0177770617233,Corenflos,CTDD21 (J=100)
566.2437250530347,-4597.849895542672,-5942.471853050563,-3839.39976353246,Corenflos,CTDD21 (J=100)
568.8473834779579,-4598.09923506663,-5942.176697705478,-3844.168781047003,Corenflos,CTDD21 (J=100)
571.4625221075257,-4596.9255208637915,-5942.0220277339795,-3851.799975525923,Corenflos,CTDD21 (J=100)
574.0941160954535,-4598.80188089124,-5942.643986085551,-3860.463387261834,Corenflos,CTDD21 (J=100)
576.7356778504327,-4598.660856754368,-5942.926272556793,-3873.173362759365,Corenflos,CTDD21 (J=100)
579.4042682554573,-4596.541417936251,-5942.54098019125,-3888.167813423433,Corenflos,CTDD21 (J=100)
582.0976158874109,-4595.850059749368,-5942.699793107513,-3886.451653590539,Corenflos,CTDD21 (J=100)
584.805148841464,-4595.048148464608,-5942.934431688898,-3885.4688780810807,Corenflos,CTDD21 (J=100)
587.4701603205176,-4600.276098400368,-5942.9996520043715,-3883.767485624016,Corenflos,CTDD21 (J=100)
590.1698327359045,-4596.667431205067,-5943.254576000303,-3883.4340397160536,Corenflos,CTDD21 (J=100)
591.5218626930146,-4596.020535482369,-5943.333527304296,-3841.584835234596,Corenflos,CTDD21 (J=100)
592.8970388524467,-4597.127893505923,-5942.96774330858,-3840.891804924826,Corenflos,CTDD21 (J=100)
594.287395850406,-4597.729681414863,-5942.702295985283,-3839.543346968592,Corenflos,CTDD21 (J=100)
595.9838768284535,-4598.251881513879,-5943.246896959346,-3840.366685831624,Corenflos,CTDD21 (J=100)
597.1692837870214,-4599.640046576427,-5942.962242747596,-3838.772306888264,Corenflos,CTDD21 (J=100)
598.3779765599174,-4600.017657808664,-5943.1558935190305,-3837.604538508952,Corenflos,CTDD21 (J=100)
599.8520820905687,-4594.269684591474,-5943.060285312401,-3837.127464672033,Corenflos,CTDD21 (J=100)
601.7327831815346,-4597.223603052238,-5943.714499548677,-3837.4915410772496,Corenflos,CTDD21 (J=100)
602.9954718871159,-4597.003108605124,-5943.531338829698,-3836.8118694208088,Corenflos,CTDD21 (J=100)
604.2710316330777,-4596.593793032913,-5943.398486065927,-3835.8068620600607,Corenflos,CTDD21 (J=100)
606.4985793755623,-4598.107425613081,-5944.374884783274,-3836.8455844187615,Corenflos,CTDD21 (J=100)
609.1713510336122,-4596.582960353167,-5944.01353161331,-3835.7403080610297,Corenflos,CTDD21 (J=100)
611.8006742415018,-4598.291852654578,-5944.27270627226,-3836.1098385113855,Corenflos,CTDD21 (J=100)
614.4762538935756,-4597.231841455448,-5944.348394916765,-3835.591644878019,Corenflos,CTDD21 (J=100)
617.1100889134686,-4596.970998920857,-5944.443806104933,-3835.079022514296,Corenflos,CTDD21 (J=100)
619.756398728583,-4594.208547890552,-5944.741374413782,-3834.707876347494,Corenflos,CTDD21 (J=100)
622.3980078796158,-4599.400961768031,-5944.214814994389,-3834.9841603419936,Corenflos,CTDD21 (J=100)
625.0612272350118,-4599.934243366638,-5944.42181386615,-3834.3928837865433,Corenflos,CTDD21 (J=100)
627.6834330920829,-4592.23630492031,-5944.427526896837,-3835.39119120323,Corenflos,CTDD21 (J=100)
630.2981932755793,-4587.881560127922,-5944.699019860305,-3835.531379847881,Corenflos,CTDD21 (J=100)
632.9512444359716,-4581.906807627743,-5944.55172043884,-3835.348590130543,Corenflos,CTDD21 (J=100)
635.6315763159655,-4581.92121534555,-5921.505484338577,-3833.8464580348223,Corenflos,CTDD21 (J=100)
638.3036329344613,-4570.483737321856,-5920.166213554102,-3833.202272698179,Corenflos,CTDD21 (J=100)
640.8663390384754,-4568.502136509145,-5918.924712279441,-3832.584936850477,Corenflos,CTDD21 (J=100)
643.4265444050543,-4565.950282835998,-5918.525365094396,-3832.0538754196814,Corenflos,CTDD21 (J=100)
646.0226182683837,-4560.012264782548,-5918.359944430397,-3832.436777695804,Corenflos,CTDD21 (J=100)
648.613839695463,-4559.746113629944,-5917.04895746788,-3831.791918584467,Corenflos,CTDD21 (J=100)
651.181875383947,-4559.923469048435,-5916.769733114581,-3831.020205625084,Corenflos,CTDD21 (J=100)
653.7551150514046,-4559.488394705009,-5917.157262414166,-3831.268244513281,Corenflos,CTDD21 (J=100)
656.3501221010229,-4559.56811191435,-5916.128720126235,-3830.386442102366,Corenflos,CTDD21 (J=100)
657.6976015694672,-4559.968227188738,-5915.337045378503,-3831.286735191226,Corenflos,CTDD21 (J=100)
660.4358281899476,-4559.629512193953,-5916.117469535088,-3830.716467125484,Corenflos,CTDD21 (J=100)
663.2121885820525,-4559.299881880447,-5915.529338999403,-3830.951245047912,Corenflos,CTDD21 (J=100)
665.9424938193988,-4559.105892913605,-5916.157513582793,-3831.075125735723,Corenflos,CTDD21 (J=100)
668.6701490083942,-4559.322221891986,-5914.767057235863,-3829.786975475206,Corenflos,CTDD21 (J=100)
671.2321109914919,-4559.64910702001,-5914.96446360658,-3829.786975475206,Corenflos,CTDD21 (J=100)
673.665492844535,-4559.47676404473,-5914.530997178038,-3829.786975475206,Corenflos,CTDD21 (J=100)
676.1296210464789,-4559.693111735865,-5914.5127993327005,-3829.786975475206,Corenflos,CTDD21 (J=100)
677.7107428989839,-4559.127337310529,-5913.535138563521,-3829.786975475206,Corenflos,CTDD21 (J=100)
678.9153267260408,-4559.566875987604,-5914.000535742453,-3829.786975475206,Corenflos,CTDD21 (J=100)
680.1164481550222,-4559.604156173424,-5912.524905594962,-3829.786975475206,Corenflos,CTDD21 (J=100)
681.309583351016,-4559.7832487315645,-5912.785180722302,-3829.786975475206,Corenflos,CTDD21 (J=100)
682.4869205985451,-4559.7832487315645,-5912.738684363482,-3829.786975475206,Corenflos,CTDD21 (J=100)
682.7608909580158,-4559.7832487315645,-5912.058308651725,-3829.786975475206,Corenflos,CTDD21 (J=100)
682.7608909580158,-4559.7832487315645,-5912.607457784377,-3829.786975475206,Corenflos,CTDD21 (J=100)
683.8945214949781,-4559.7832487315645,-5912.166982950507,-3829.786975475206,Corenflos,CTDD21 (J=100)
685.4446793249808,-4559.7832487315645,-5913.282897626833,-3829.786975475206,Corenflos,CTDD21 (J=100)
686.9909832434496,-4559.7832487315645,-5911.541089995944,-3829.786975475206,Corenflos,CTDD21 (J=100)
687.858081603481,-4559.7832487315645,-5913.7309701814265,-3829.786975475206,Corenflos,CTDD21 (J=100)
687.858081603481,-4559.7832487315645,-5913.56762696293,-3829.786975475206,Corenflos,CTDD21 (J=100)
688.8237761384225,-4559.7832487315645,-5913.540291145041,-3829.786975475206,Corenflos,CTDD21 (J=100)
690.1364154490293,-4559.7832487315645,-5913.068017045103,-3829.786975475206,Corenflos,CTDD21 (J=100)
691.4838523368817,-4559.7832487315645,-5914.1917004954585,-3829.786975475206,Corenflos,CTDD21 (J=100)
694.0684704665327,-4559.7832487315645,-5913.735852854914,-3829.786975475206,Corenflos,CTDD21 (J=100)
696.5758641539142,-4559.7832487315645,-5914.324310791275,-3829.786975475206,Corenflos,CTDD21 (J=100)
699.160063763964,-4559.7832487315645,-5915.352346704954,-3829.786975475206,Corenflos,CTDD21 (J=100)
700.9245522450656,-4559.7832487315645,-5916.1029960705055,-3829.786975475206,Corenflos,CTDD21 (J=100)
702.1720697184792,-4559.7832487315645,-5915.242268953111,-3829.786975475206,Corenflos,CTDD21 (J=100)
703.4159068140434,-4559.7832487315645,-5915.095595597676,-3829.786975475206,Corenflos,CTDD21 (J=100)
705.0968929034425,-4559.7832487315645,-5914.576525738643,-3829.786975475206,Corenflos,CTDD21 (J=100)
707.6191217069281,-4559.7832487315645,-5916.01708399794,-3829.786975475206,Corenflos,CTDD21 (J=100)
709.6784148230217,-4559.7832487315645,-5915.835895939072,-3828.882543171432,Corenflos,CTDD21 (J=100)
712.3811190330889,-4559.7832487315645,-5915.838465053423,-3828.882543171432,Corenflos,CTDD21 (J=100)
715.1246613825206,-4559.7832487315645,-5916.177005142567,-3828.882543171432,Corenflos,CTDD21 (J=100)
717.6445192475803,-4559.7832487315645,-5916.571276559899,-3828.882543171432,Corenflos,CTDD21 (J=100)
720.2015465350123,-4559.7832487315645,-5916.153473936105,-3828.882543171432,Corenflos,CTDD21 (J=100)
722.716093694442,-4559.7832487315645,-5916.292359755373,-3828.882543171432,Corenflos,CTDD21 (J=100)
725.2226169274654,-4559.7832487315645,-5917.030320411843,-3828.882543171432,Corenflos,CTDD21 (J=100)
727.7421388324583,-4559.7832487315645,-5916.636212574434,-3828.882543171432,Corenflos,CTDD21 (J=100)
729.7666483861394,-4559.7832487315645,-5915.652440200762,-3828.882543171432,Corenflos,CTDD21 (J=100)
731.0100699691102,-4559.7832487315645,-5915.32995718027,-3828.882543171432,Corenflos,CTDD21 (J=100)
732.2617186350981,-4559.7832487315645,-5916.126347527074,-3828.882543171432,Corenflos,CTDD21 (J=100)
733.5207308665849,-4559.7832487315645,-5917.626765909063,-3828.882543171432,Corenflos,CTDD21 (J=100)
734.7759635221446,-4559.7832487315645,-5917.061384280344,-3828.882543171432,Corenflos,CTDD21 (J=100)
736.0158811431611,-4559.7832487315645,-5916.872905070173,-3828.882543171432,Corenflos,CTDD21 (J=100)
737.2864916820545,-4559.7832487315645,-5916.665344824638,-3828.882543171432,Corenflos,CTDD21 (J=100)
738.5263098861324,-4559.7832487315645,-5916.604417021541,-3828.882543171432,Corenflos,CTDD21 (J=100)
739.9748886094894,-4559.7832487315645,-5917.268001973717,-3828.882543171432,Corenflos,CTDD21 (J=100)
742.5158649134682,-4559.7832487315645,-5915.955458249357,-3828.882543171432,Corenflos,CTDD21 (J=100)
744.425432255026,-4559.7832487315645,-5916.191227021619,-3828.882543171432,Corenflos,CTDD21 (J=100)
745.718991183443,-4559.7832487315645,-5915.568313938017,-3828.882543171432,Corenflos,CTDD21 (J=100)
746.9779849309707,-4559.7832487315645,-5916.496095791327,-3828.882543171432,Corenflos,CTDD21 (J=100)
748.2603537780233,-4559.7832487315645,-5916.530001243096,-3828.882543171432,Corenflos,CTDD21 (J=100)
749.5425472760107,-4559.7832487315645,-5917.038518611879,-3828.882543171432,Corenflos,CTDD21 (J=100)
750.8286705520004,-4559.7832487315645,-5917.265821048329,-3828.882543171432,Corenflos,CTDD21 (J=100)
752.1303924469976,-4559.7832487315645,-5917.558076172722,-3828.882543171432,Corenflos,CTDD21 (J=100)
753.400735133444,-4559.7832487315645,-5918.004309897942,-3828.882543171432,Corenflos,CTDD21 (J=100)
755.938320801477,-4559.7832487315645,-5917.606750573561,-3828.882543171432,Corenflos,CTDD21 (J=100)
758.8420939684147,-4559.7832487315645,-5919.192615381806,-3828.882543171432,Corenflos,CTDD21 (J=100)
761.731305738329,-4559.7832487315645,-5917.91136481327,-3828.882543171432,Corenflos,CTDD21 (J=100)
764.6040343234781,-4559.7832487315645,-5917.77034318813,-3828.882543171432,Corenflos,CTDD21 (J=100)
765.9441175573738,-4559.7832487315645,-5918.759977209298,-3828.882543171432,Corenflos,CTDD21 (J=100)
767.225950486958,-4559.7832487315645,-5919.93781508913,-3828.882543171432,Corenflos,CTDD21 (J=100)
768.5001555504277,-4559.7832487315645,-5919.993514389829,-3828.882543171432,Corenflos,CTDD21 (J=100)
769.7935564519139,-4559.7832487315645,-5920.747801609215,-3828.882543171432,Corenflos,CTDD21 (J=100)
770.4852001884719,-4559.7832487315645,-5920.383063690296,-3828.882543171432,Corenflos,CTDD21 (J=100)
770.4852001884719,-4559.7832487315645,-5920.713209753683,-3828.882543171432,Corenflos,CTDD21 (J=100)
770.4852001884719,-4559.7832487315645,-5921.334718054063,-3828.882543171432,Corenflos,CTDD21 (J=100)
770.4852001884719,-4559.7832487315645,-5920.834073996178,-3828.882543171432,Corenflos,CTDD21 (J=100)
771.0319037400186,-4559.7832487315645,-5920.991047675221,-3828.882543171432,Corenflos,CTDD21 (J=100)
772.1712203144561,-4559.7832487315645,-5921.985057711499,-3828.882543171432,Corenflos,CTDD21 (J=100)
773.3112777015194,-4559.7832487315645,-5923.458955374582,-3828.882543171432,Corenflos,CTDD21 (J=100)
774.4695987669984,-4559.7832487315645,-5923.70871178029,-3828.882543171432,Corenflos,CTDD21 (J=100)
775.6242582974955,-4559.7832487315645,-5909.4357754207085,-3828.882543171432,Corenflos,CTDD21 (J=100)
776.7636052919552,-4559.7832487315645,-5909.293567428992,-3828.882543171432,Corenflos,CTDD21 (J=100)
777.9146567409625,-4559.7832487315645,-5909.2566100288095,-3828.882543171432,Corenflos,CTDD21 (J=100)
779.0463450495154,-4559.7832487315645,-5908.873696987865,-3828.882543171432,Corenflos,CTDD21 (J=100)
780.1896260945359,-4559.7832487315645,-5908.517580929722,-3828.882543171432,Corenflos,CTDD21 (J=100)
781.3291929714615,-4559.7832487315645,-5908.616224577013,-3828.882543171432,Corenflos,CTDD21 (J=100)
782.4726081375265,-4559.7832487315645,-5908.616661649779,-3828.882543171432,Corenflos,CTDD21 (J=100)
783.604323284002,-4559.7832487315645,-5908.25954057549,-3828.882543171432,Corenflos,CTDD21 (J=100)
784.7511569755152,-4559.7832487315645,-5907.850800617916,-3828.882543171432,Corenflos,CTDD21 (J=100)
785.3183870705543,-4559.7832487315645,-5908.760870247646,-3828.882543171432,Corenflos,CTDD21 (J=100)
785.4102170820697,-4559.7832487315645,-5908.018759651972,-3828.882543171432,Corenflos,CTDD21 (J=100)
786.4911097810254,-4559.7832487315645,-5909.550536837461,-3828.882543171432,Corenflos,CTDD21 (J=100)
787.5766070715617,-4559.7832487315645,-5908.848751600293,-3828.882543171432,Corenflos,CTDD21 (J=100)
788.6619603660656,-4559.7832487315645,-5910.077740417993,-3828.882543171432,Corenflos,CTDD21 (J=100)
789.7394939815276,-4559.7832487315645,-5909.172854970827,-3828.882543171432,Corenflos,CTDD21 (J=100)
790.8362908595591,-4559.7832487315645,-5909.997065149074,-3828.882543171432,Corenflos,CTDD21 (J=100)
791.9379246975295,-4559.7832487315645,-5910.8361245717015,-3828.882543171432,Corenflos,CTDD21 (J=100)
793.022899505042,-4559.7832487315645,-5911.187313180661,-3828.882543171432,Corenflos,CTDD21 (J=100)
794.0963717245613,-4559.7832487315645,-5910.290389604957,-3828.882543171432,Corenflos,CTDD21 (J=100)
795.1785290010739,-4559.7832487315645,-5911.544384384527,-3828.882543171432,Corenflos,CTDD21 (J=100)
796.2449698410346,-4559.7832487315645,-5912.229595500062,-3828.882543171432,Corenflos,CTDD21 (J=100)
797.5378091434832,-4559.7832487315645,-5912.273971887045,-3828.882543171432,Corenflos,CTDD21 (J=100)
799.015449542494,-4559.7832487315645,-5912.752703210522,-3828.882543171432,Corenflos,CTDD21 (J=100)
800.1372893234948,-4559.7832487315645,-5913.55799815018,-3828.882543171432,Corenflos,CTDD21 (J=100)
800.1872800315032,-4559.7832487315645,-5913.560356672165,-3828.882543171432,Corenflos,CTDD21 (J=100)
800.1872800315032,-4559.7832487315645,-5914.3019715081755,-3828.882543171432,Corenflos,CTDD21 (J=100)
800.1872800315032,-4559.7832487315645,-5913.720735697399,-3828.882543171432,Corenflos,CTDD21 (J=100)
800.1872800315032,-4559.7832487315645,-5914.393312470888,-3828.882543171432,Corenflos,CTDD21 (J=100)
800.1872800315032,-4559.7832487315645,-5914.303347746176,-3828.882543171432,Corenflos,CTDD21 (J=100)
800.1872800315032,-4559.7832487315645,-5914.046560878369,-3828.882543171432,Corenflos,CTDD21 (J=100)
800.1872800315032,-4559.7832487315645,-5915.867995415882,-3828.882543171432,Corenflos,CTDD21 (J=100)
800.1872800315032,-4559.7832487315645,-5914.710365386504,-3828.882543171432,Corenflos,CTDD21 (J=100)
800.1872800315032,-4559.7832487315645,-5915.151593730014,-3828.882543171432,Corenflos,CTDD21 (J=100)
800.1872800315032,-4559.7832487315645,-5914.931286935581,-3828.882543171432,Corenflos,CTDD21 (J=100)
800.1872800315032,-4559.7832487315645,-5916.77034809487,-3828.882543171432,Corenflos,CTDD21 (J=100)
800.1872800315032,-4559.7832487315645,-5916.565024295894,-3828.882543171432,Corenflos,CTDD21 (J=100)
800.1872800315032,-4559.7832487315645,-5916.526175723212,-3828.882543171432,Corenflos,CTDD21 (J=100)
800.1872800315032,-4559.7832487315645,-5908.806165679513,-3828.882543171432,Corenflos,CTDD21 (J=100)
800.1872800315032,-4559.7832487315645,-5909.449163861728,-3828.882543171432,Corenflos,CTDD21 (J=100)
800.1872800315032,-4559.7832487315645,-5911.069012471508,-3828.882543171432,Corenflos,CTDD21 (J=100)
800.1872800315032,-4559.7832487315645,-5910.336859525043,-3828.882543171432,Corenflos,CTDD21 (J=100)
800.1872800315032,-4559.7832487315645,-5911.5324896307875,-3828.882543171432,Corenflos,CTDD21 (J=100)
800.1872800315032,-4559.7832487315645,-5912.108751822238,-3828.882543171432,Corenflos,CTDD21 (J=100)
800.1872800315032,-4559.7832487315645,-5912.649006434625,-3828.882543171432,Corenflos,CTDD21 (J=100)
800.1872800315032,-4559.7832487315645,-5913.007923833174,-3828.882543171432,Corenflos,CTDD21 (J=100)
800.1872800315032,-4559.7832487315645,-5912.344964111903,-3828.882543171432,Corenflos,CTDD21 (J=100)
800.239118035417,-4559.7832487315645,-5912.328504149532,-3828.882543171432,Corenflos,CTDD21 (J=100)
800.3244814969366,-4559.7832487315645,-5913.069317935104,-3828.882543171432,Corenflos,CTDD21 (J=100)
800.3244814969366,-4559.7832487315645,-5914.4106705258055,-3828.882543171432,Corenflos,CTDD21 (J=100)
800.3244814969366,-4559.7832487315645,-5914.80789597348,-3828.882543171432,Corenflos,CTDD21 (J=100)
800.3244814969366,-4559.7832487315645,-5914.53246002358,-3828.882543171432,Corenflos,CTDD21 (J=100)
800.3244814969366,-4559.7832487315645,-5915.499417156868,-3828.882543171432,Corenflos,CTDD21 (J=100)
800.3244814969366,-4559.7832487315645,-5915.42035192944,-3828.882543171432,Corenflos,CTDD21 (J=100)
800.3244814969366,-4559.7832487315645,-5916.215314536155,-3828.882543171432,Corenflos,CTDD21 (J=100)
800.3244814969366,-4559.7832487315645,-5916.704642417598,-3828.882543171432,Corenflos,CTDD21 (J=100)
800.3244814969366,-4559.7832487315645,-5915.792757465241,-3828.882543171432,Corenflos,CTDD21 (J=100)
800.3244814969366,-4559.7832487315645,-5916.98242456375,-3828.882543171432,Corenflos,CTDD21 (J=100)
800.3244814969366,-4559.7832487315645,-5917.818308390382,-3828.882543171432,Corenflos,CTDD21 (J=100)
800.3244814969366,-4559.7832487315645,-5917.729965465281,-3828.882543171432,Corenflos,CTDD21 (J=100)
800.3244814969366,-4559.7832487315645,-5917.649769124929,-3828.882543171432,Corenflos,CTDD21 (J=100)
800.4093465760816,-4559.7832487315645,-5918.32116838235,-3828.882543171432,Corenflos,CTDD21 (J=100)
800.463839566044,-4559.7832487315645,-5919.063449256987,-3828.882543171432,Corenflos,CTDD21 (J=100)
800.463839566044,-4559.7832487315645,-5918.805271494857,-3828.882543171432,Corenflos,CTDD21 (J=100)
800.463839566044,-4559.7832487315645,-5919.573389066853,-3828.882543171432,Corenflos,CTDD21 (J=100)
800.463839566044,-4559.7832487315645,-5919.7870203177945,-3828.882543171432,Corenflos,CTDD21 (J=100)
800.463839566044,-4559.7832487315645,-5921.12005614427,-3828.882543171432,Corenflos,CTDD21 (J=100)
800.463839566044,-4559.7832487315645,-5920.807437353556,-3828.882543171432,Corenflos,CTDD21 (J=100)
800.463839566044,-4559.7832487315645,-5920.952139836851,-3828.882543171432,Corenflos,CTDD21 (J=100)
800.463839566044,-4559.7832487315645,-5922.0226237976,-3828.882543171432,Corenflos,CTDD21 (J=100)
800.463839566044,-4559.7832487315645,-5921.685443195022,-3828.882543171432,Corenflos,CTDD21 (J=100)
800.463839566044,-4559.7832487315645,-5922.004579419978,-3828.882543171432,Corenflos,CTDD21 (J=100)
800.4925602959702,-4559.7832487315645,-5921.906862970359,-3828.882543171432,Corenflos,CTDD21 (J=100)
800.4925602959702,-4559.7832487315645,-5922.472912888315,-3828.882543171432,Corenflos,CTDD21 (J=100)
800.4925602959702,-4559.7832487315645,-5922.3350407467005,-3828.882543171432,Corenflos,CTDD21 (J=100)
800.4925602959702,-4559.7832487315645,-5922.171113535213,-3828.882543171432,Corenflos,CTDD21 (J=100)
800.4925602959702,-4559.7832487315645,-5922.68786901933,-3828.882543171432,Corenflos,CTDD21 (J=100)
800.4925602959702,-4559.7832487315645,-5922.382992958499,-3828.882543171432,Corenflos,CTDD21 (J=100)
800.4925602959702,-4559.7832487315645,-5923.145679748756,-3828.882543171432,Corenflos,CTDD21 (J=100)
800.4925602959702,-4559.7832487315645,-5922.809787383467,-3828.882543171432,Corenflos,CTDD21 (J=100)
800.4925602959702,-4559.7832487315645,-5923.603105810243,-3828.882543171432,Corenflos,CTDD21 (J=100)
800.4925602959702,-4559.7832487315645,-5923.569623428749,-3828.882543171432,Corenflos,CTDD21 (J=100)
800.4925602959702,-4559.7832487315645,-5924.126389218908,-3828.882543171432,Corenflos,CTDD21 (J=100)
800.4925602959702,-4559.7832487315645,-5923.38997343589,-3828.882543171432,Corenflos,CTDD21 (J=100)
800.4925602959702,-4559.7832487315645,-5923.295201395883,-3828.882543171432,Corenflos,CTDD21 (J=100)
800.4925602959702,-4559.7832487315645,-5924.112521685459,-3828.882543171432,Corenflos,CTDD21 (J=100)
800.5215314394445,-4559.7832487315645,-5924.121931861489,-3828.882543171432,Corenflos,CTDD21 (J=100)
800.5215314394445,-4559.7832487315645,-5924.908372976331,-3828.882543171432,Corenflos,CTDD21 (J=100)
800.5215314394445,-4559.7832487315645,-5924.74233134943,-3828.882543171432,Corenflos,CTDD21 (J=100)
800.5215314394445,-4559.7832487315645,-5924.776117225855,-3828.882543171432,Corenflos,CTDD21 (J=100)
800.5215314394445,-4559.7832487315645,-5923.780435693469,-3828.882543171432,Corenflos,CTDD21 (J=100)
800.5215314394445,-4559.7832487315645,-5923.897683737529,-3828.882543171432,Corenflos,CTDD21 (J=100)
800.5215314394445,-4559.7832487315645,-5922.840398058547,-3828.882543171432,Corenflos,CTDD21 (J=100)
800.5215314394445,-4559.7832487315645,-5923.019143186709,-3828.882543171432,Corenflos,CTDD21 (J=100)
800.5215314394445,-4559.7832487315645,-5923.447699717326,-3828.882543171432,Corenflos,CTDD21 (J=100)
800.5215314394445,-4559.7832487315645,-5923.426651756405,-3828.882543171432,Corenflos,CTDD21 (J=100)
800.5215314394445,-4559.7832487315645,-5923.71481801191,-3828.882543171432,Corenflos,CTDD21 (J=100)
800.5215314394445,-4559.7832487315645,-5924.287724032618,-3828.882543171432,Corenflos,CTDD21 (J=100)
800.5215314394445,-4559.7832487315645,-5923.8401999423,-3828.882543171432,Corenflos,CTDD21 (J=100)
800.5215314394445,-4559.7832487315645,-5923.573648020103,-3828.882543171432,Corenflos,CTDD21 (J=100)
800.5215314394445,-4559.7832487315645,-5923.7179035577265,-3828.882543171432,Corenflos,CTDD21 (J=100)
800.5215314394445,-4559.7832487315645,-5923.829410288369,-3828.882543171432,Corenflos,CTDD21 (J=100)
800.5215314394445,-4559.7832487315645,-5923.590206829872,-3828.882543171432,Corenflos,CTDD21 (J=100)
800.5215314394445,-4559.7832487315645,-5923.643094755325,-3828.882543171432,Corenflos,CTDD21 (J=100)
800.5215314394445,-4559.7832487315645,-5923.8294270099395,-3828.882543171432,Corenflos,CTDD21 (J=100)
800.5215314394445,-4559.7832487315645,-5923.599389621121,-3828.882543171432,Corenflos,CTDD21 (J=100)
800.5215314394445,-4559.7832487315645,-5923.231220861852,-3828.882543171432,Corenflos,CTDD21 (J=100)
800.5215314394445,-4559.7832487315645,-5924.408449736994,-3828.882543171432,Corenflos,CTDD21 (J=100)
800.5215314394445,-4559.7832487315645,-5924.97093084973,-3828.882543171432,Corenflos,CTDD21 (J=100)
800.5215314394445,-4559.7832487315645,-5924.5687674197525,-3828.882543171432,Corenflos,CTDD21 (J=100)
800.5215314394445,-4559.7832487315645,-5924.332140115769,-3828.882543171432,Corenflos,CTDD21 (J=100)
800.5215314394445,-4559.7832487315645,-5924.14536489618,-3828.882543171432,Corenflos,CTDD21 (J=100)
800.5215314394445,-4559.7832487315645,-5923.1838835581275,-3828.882543171432,Corenflos,CTDD21 (J=100)
800.5215314394445,-4559.7832487315645,-5923.403272698732,-3828.882543171432,Corenflos,CTDD21 (J=100)
800.5215314394445,-4559.7832487315645,-5922.775298030293,-3828.882543171432,Corenflos,CTDD21 (J=100)
800.5215314394445,-4559.7832487315645,-5923.122468987033,-3828.882543171432,Corenflos,CTDD21 (J=100)
800.5215314394445,-4559.7832487315645,-5923.16813095007,-3828.882543171432,Corenflos,CTDD21 (J=100)
800.5215314394445,-4559.7832487315645,-5923.165227635279,-3828.882543171432,Corenflos,CTDD21 (J=100)
800.5311819264316,-4559.7832487315645,-5923.696205341179,-3828.882543171432,Corenflos,CTDD21 (J=100)
800.5311819264316,-4559.7832487315645,-5923.0998840911525,-3828.882543171432,Corenflos,CTDD21 (J=100)
800.5311819264316,-4559.7832487315645,-5922.703765414024,-3828.882543171432,Corenflos,CTDD21 (J=100)
800.5311819264316,-4559.7832487315645,-5922.699657268448,-3828.882543171432,Corenflos,CTDD21 (J=100)
800.5311819264316,-4559.7832487315645,-5922.460950430234,-3828.882543171432,Corenflos,CTDD21 (J=100)
800.5311819264316,-4559.7832487315645,-5923.025073422686,-3828.882543171432,Corenflos,CTDD21 (J=100)
800.5311819264316,-4559.7832487315645,-5922.860502263363,-3828.882543171432,Corenflos,CTDD21 (J=100)
800.5311819264316,-4559.7832487315645,-5922.306963984316,-3828.882543171432,Corenflos,CTDD21 (J=100)
800.5311819264316,-4559.7832487315645,-5923.348066166891,-3828.882543171432,Corenflos,CTDD21 (J=100)
800.5311819264316,-4559.7832487315645,-5922.333046756403,-3828.882543171432,Corenflos,CTDD21 (J=100)
800.5311819264316,-4559.7832487315645,-5922.820115320603,-3828.882543171432,Corenflos,CTDD21 (J=100)
800.5311819264316,-4559.7832487315645,-5922.761936542785,-3828.882543171432,Corenflos,CTDD21 (J=100)
800.5311819264316,-4559.7832487315645,-5923.66472582744,-3828.882543171432,Corenflos,CTDD21 (J=100)
800.5311819264316,-4559.7832487315645,-5923.909732205477,-3828.882543171432,Corenflos,CTDD21 (J=100)
800.5311819264316,-4559.7832487315645,-5923.053730366617,-3828.882543171432,Corenflos,CTDD21 (J=100)
800.5311819264316,-4559.7832487315645,-5923.985357983612,-3828.882543171432,Corenflos,CTDD21 (J=100)
800.5311819264316,-4559.7832487315645,-5923.676921014804,-3828.882543171432,Corenflos,CTDD21 (J=100)
800.5311819264316,-4559.7832487315645,-5923.832470291784,-3828.882543171432,Corenflos,CTDD21 (J=100)
800.5311819264316,-4559.7832487315645,-5924.383397954629,-3828.882543171432,Corenflos,CTDD21 (J=100)
800.5311819264316,-4559.7832487315645,-5924.283156796834,-3828.882543171432,Corenflos,CTDD21 (J=100)
800.5311819264316,-4559.7832487315645,-5924.581068194526,-3828.882543171432,Corenflos,CTDD21 (J=100)
800.5311819264316,-4559.7832487315645,-5925.457351474516,-3828.882543171432,Corenflos,CTDD21 (J=100)
800.5311819264316,-4559.7832487315645,-5925.206303104479,-3828.882543171432,Corenflos,CTDD21 (J=100)
800.5311819264316,-4559.7832487315645,-5925.249540062423,-3828.882543171432,Corenflos,CTDD21 (J=100)
800.5771964799496,-4559.7832487315645,-5925.225877787014,-3828.882543171432,Corenflos,CTDD21 (J=100)
800.5771964799496,-4559.7832487315645,-5924.447353988582,-3828.882543171432,Corenflos,CTDD21 (J=100)
800.5771964799496,-4559.7832487315645,-5925.036346266569,-3828.882543171432,Corenflos,CTDD21 (J=100)
800.5771964799496,-4559.7832487315645,-5924.78925253293,-3828.882543171432,Corenflos,CTDD21 (J=100)
800.5771964799496,-4559.7832487315645,-5924.030167154775,-3828.882543171432,Corenflos,CTDD21 (J=100)
800.5771964799496,-4559.7832487315645,-5924.308709251101,-3828.882543171432,Corenflos,CTDD21 (J=100)
800.5771964799496,-4559.7832487315645,-5924.706347642111,-3828.882543171432,Corenflos,CTDD21 (J=100)
800.5771964799496,-4559.7832487315645,-5925.380888262521,-3828.882543171432,Corenflos,CTDD21 (J=100)
800.5771964799496,-4559.7832487315645,-5925.492060447903,-3828.882543171432,Corenflos,CTDD21 (J=100)
800.5771964799496,-4559.7832487315645,-5925.017542785815,-3828.882543171432,Corenflos,CTDD21 (J=100)
800.5771964799496,-4559.7832487315645,-5926.36992921574,-3828.882543171432,Corenflos,CTDD21 (J=100)
800.5771964799496,-4559.7832487315645,-5925.4308953320415,-3828.882543171432,Corenflos,CTDD21 (J=100)
800.5771964799496,-4559.7832487315645,-5926.409509663418,-3828.882543171432,Corenflos,CTDD21 (J=100)
800.5771964799496,-4559.7832487315645,-5926.694430588592,-3828.882543171432,Corenflos,CTDD21 (J=100)
800.5771964799496,-4559.7832487315645,-5926.8984610948955,-3828.882543171432,Corenflos,CTDD21 (J=100)
800.5771964799496,-4559.7832487315645,-5927.127230936319,-3828.882543171432,Corenflos,CTDD21 (J=100)
800.5771964799496,-4559.7832487315645,-5926.702810966323,-3828.882543171432,Corenflos,CTDD21 (J=100)
800.5771964799496,-4559.7832487315645,-5928.029009107849,-3828.882543171432,Corenflos,CTDD21 (J=100)
800.5771964799496,-4559.7832487315645,-5928.469037095204,-3828.882543171432,Corenflos,CTDD21 (J=100)
800.5771964799496,-4559.7832487315645,-5927.801313721569,-3828.882543171432,Corenflos,CTDD21 (J=100)
800.5771964799496,-4559.7832487315645,-5928.809956380886,-3828.882543171432,Corenflos,CTDD21 (J=100)
800.5771964799496,-4559.7832487315645,-5929.263917600122,-3828.882543171432,Corenflos,CTDD21 (J=100)
800.5771964799496,-4559.7832487315645,-5929.586008999784,-3828.882543171432,Corenflos,CTDD21 (J=100)
800.5771964799496,-4559.7832487315645,-5929.978153537194,-3828.882543171432,Corenflos,CTDD21 (J=100)
800.5771964799496,-4559.7832487315645,-5930.530014260976,-3828.882543171432,Corenflos,CTDD21 (J=100)
800.5771964799496,-4559.7832487315645,-5930.439777002233,-3828.882543171432,Corenflos,CTDD21 (J=100)
800.5771964799496,-4559.7832487315645,-5931.470876718524,-3828.882543171432,Corenflos,CTDD21 (J=100)
800.5771964799496,-4559.7832487315645,-5931.337803000358,-3828.882543171432,Corenflos,CTDD21 (J=100)
800.5771964799496,-4559.7832487315645,-5930.999675236317,-3828.882543171432,Corenflos,CTDD21 (J=100)
800.5771964799496,-4559.7832487315645,-5931.817267697799,-3828.882543171432,Corenflos,CTDD21 (J=100)
800.5771964799496,-4559.7832487315645,-5931.065584601751,-3828.882543171432,Corenflos,CTDD21 (J=100)
800.5771964799496,-4559.7832487315645,-5931.3668916053875,-3828.882543171432,Corenflos,CTDD21 (J=100)
800.5771964799496,-4559.7832487315645,-5931.391034172668,-3828.882543171432,Corenflos,CTDD21 (J=100)
800.5771964799496,-4559.7832487315645,-5931.254462972499,-3828.882543171432,Corenflos,CTDD21 (J=100)
800.5771964799496,-4559.7832487315645,-5931.6681211849955,-3828.882543171432,Corenflos,CTDD21 (J=100)
800.5771964799496,-4559.7832487315645,-5932.2834422398955,-3828.882543171432,Corenflos,CTDD21 (J=100)
800.5771964799496,-4559.7832487315645,-5932.764659342788,-3828.882543171432,Corenflos,CTDD21 (J=100)
800.5771964799496,-4559.7832487315645,-5933.180039132173,-3828.882543171432,Corenflos,CTDD21 (J=100)
800.5771964799496,-4559.7832487315645,-5933.192166880409,-3828.882543171432,Corenflos,CTDD21 (J=100)
800.5771964799496,-4559.7832487315645,-5933.764644106502,-3828.882543171432,Corenflos,CTDD21 (J=100)
800.5771964799496,-4559.7832487315645,-5934.299200465186,-3828.882543171432,Corenflos,CTDD21 (J=100)
800.5771964799496,-4559.7832487315645,-5934.495771582484,-3828.882543171432,Corenflos,CTDD21 (J=100)
800.5771964799496,-4559.7832487315645,-5934.41306651432,-3828.882543171432,Corenflos,CTDD21 (J=100)
800.5771964799496,-4559.7832487315645,-5935.917342983273,-3828.882543171432,Corenflos,CTDD21 (J=100)
800.5771964799496,-4559.7832487315645,-5936.491891343752,-3828.882543171432,Corenflos,CTDD21 (J=100)
800.5771964799496,-4559.7832487315645,-5914.57082186376,-3828.882543171432,Corenflos,CTDD21 (J=100)
800.5771964799496,-4559.7832487315645,-5914.57082186376,-3828.882543171432,Corenflos,CTDD21 (J=100)
800.5771964799496,-4559.7832487315645,-5914.57082186376,-3828.882543171432,Corenflos,CTDD21 (J=100)
800.5771964799496,-4559.7832487315645,-5914.57082186376,-3828.882543171432,Corenflos,CTDD21 (J=100)
800.5771964799496,-4559.7832487315645,-5914.24654272558,-3828.882543171432,Corenflos,CTDD21 (J=100)
800.5771964799496,-4559.7832487315645,-5914.200589030095,-3828.882543171432,Corenflos,CTDD21 (J=100)
800.5771964799496,-4559.7832487315645,-5914.476698457869,-3828.882543171432,Corenflos,CTDD21 (J=100)
800.5771964799496,-4559.7832487315645,-5914.412582881446,-3828.882543171432,Corenflos,CTDD21 (J=100)
800.5771964799496,-4559.7832487315645,-5914.57082186376,-3828.882543171432,Corenflos,CTDD21 (J=100)
800.5771964799496,-4559.7832487315645,-5914.556776804882,-3828.882543171432,Corenflos,CTDD21 (J=100)
800.5771964799496,-4559.7832487315645,-5914.57082186376,-3828.882543171432,Corenflos,CTDD21 (J=100)
800.5771964799496,-4559.7832487315645,-5914.515958558036,-3828.882543171432,Corenflos,CTDD21 (J=100)
800.5771964799496,-4559.7832487315645,-5914.57082186376,-3828.882543171432,Corenflos,CTDD21 (J=100)
800.5771964799496,-4559.7832487315645,-5914.57082186376,-3828.882543171432,Corenflos,CTDD21 (J=100)
800.5771964799496,-4559.7832487315645,-5914.57082186376,-3828.882543171432,Corenflos,CTDD21 (J=100)
800.5771964799496,-4559.7832487315645,-5914.57082186376,-3828.882543171432,Corenflos,CTDD21 (J=100)
800.5771964799496,-4559.7832487315645,-5914.57082186376,-3828.882543171432,Corenflos,CTDD21 (J=100)
800.6532454099506,-4559.7832487315645,-5914.57082186376,-3828.882543171432,Corenflos,CTDD21 (J=100)
800.6532454099506,-4559.7832487315645,-5914.57082186376,-3828.882543171432,Corenflos,CTDD21 (J=100)
800.6532454099506,-4559.7832487315645,-5914.57082186376,-3828.882543171432,Corenflos,CTDD21 (J=100)
800.6532454099506,-4559.7832487315645,-5914.57082186376,-3828.882543171432,Corenflos,CTDD21 (J=100)
800.6532454099506,-4559.7832487315645,-5914.57082186376,-3828.882543171432,Corenflos,CTDD21 (J=100)
800.6532454099506,-4559.7832487315645,-5914.57082186376,-3828.882543171432,Corenflos,CTDD21 (J=100)
800.6532454099506,-4559.7832487315645,-5914.57082186376,-3828.882543171432,Corenflos,CTDD21 (J=100)
800.6532454099506,-4559.7832487315645,-5914.57082186376,-3828.882543171432,Corenflos,CTDD21 (J=100)
800.6532454099506,-4559.7832487315645,-5914.57082186376,-3828.882543171432,Corenflos,CTDD21 (J=100)
800.6532454099506,-4559.7832487315645,-5914.57082186376,-3828.882543171432,Corenflos,CTDD21 (J=100)
800.6532454099506,-4559.7832487315645,-5914.57082186376,-3828.882543171432,Corenflos,CTDD21 (J=100)
800.6532454099506,-4559.7832487315645,-5914.57082186376,-3828.882543171432,Corenflos,CTDD21 (J=100)
800.6532454099506,-4559.7832487315645,-5914.57082186376,-3828.882543171432,Corenflos,CTDD21 (J=100)
800.6532454099506,-4559.7832487315645,-5914.57082186376,-3828.882543171432,Corenflos,CTDD21 (J=100)
800.6532454099506,-4559.7832487315645,-5914.57082186376,-3828.882543171432,Corenflos,CTDD21 (J=100)
800.6532454099506,-4559.7832487315645,-5914.57082186376,-3828.882543171432,Corenflos,CTDD21 (J=100)
800.6532454099506,-4559.7832487315645,-5914.57082186376,-3828.882543171432,Corenflos,CTDD21 (J=100)
800.6532454099506,-4559.7832487315645,-5914.57082186376,-3828.882543171432,Corenflos,CTDD21 (J=100)
800.6532454099506,-4559.7832487315645,-5914.57082186376,-3828.882543171432,Corenflos,CTDD21 (J=100)
800.6532454099506,-4559.7832487315645,-5914.57082186376,-3828.882543171432,Corenflos,CTDD21 (J=100)
800.6532454099506,-4559.7832487315645,-5914.57082186376,-3828.882543171432,Corenflos,CTDD21 (J=100)
800.6532454099506,-4559.7832487315645,-5914.57082186376,-3828.882543171432,Corenflos,CTDD21 (J=100)
800.6532454099506,-4559.7832487315645,-5914.57082186376,-3828.882543171432,Corenflos,CTDD21 (J=100)
800.6532454099506,-4559.7832487315645,-5914.57082186376,-3828.882543171432,Corenflos,CTDD21 (J=100)
800.6532454099506,-4559.7832487315645,-5914.57082186376,-3828.882543171432,Corenflos,CTDD21 (J=100)
800.6532454099506,-4559.7832487315645,-5914.57082186376,-3828.882543171432,Corenflos,CTDD21 (J=100)
800.6532454099506,-4559.7832487315645,-5914.57082186376,-3828.882543171432,Corenflos,CTDD21 (J=100)
800.6532454099506,-4559.7832487315645,-5914.57082186376,-3828.882543171432,Corenflos,CTDD21 (J=100)
800.6532454099506,-4559.7832487315645,-5914.57082186376,-3828.882543171432,Corenflos,CTDD21 (J=100)
800.6532454099506,-4559.7832487315645,-5914.57082186376,-3828.882543171432,Corenflos,CTDD21 (J=100)
800.6532454099506,-4559.7832487315645,-5914.57082186376,-3828.882543171432,Corenflos,CTDD21 (J=100)
800.6532454099506,-4559.7832487315645,-5914.57082186376,-3828.882543171432,Corenflos,CTDD21 (J=100)
800.6532454099506,-4559.7832487315645,-5914.57082186376,-3828.882543171432,Corenflos,CTDD21 (J=100)
800.6532454099506,-4559.7832487315645,-5914.57082186376,-3828.882543171432,Corenflos,CTDD21 (J=100)
800.6532454099506,-4559.7832487315645,-5914.57082186376,-3828.882543171432,Corenflos,CTDD21 (J=100)
800.6532454099506,-4559.7832487315645,-5914.57082186376,-3828.882543171432,Corenflos,CTDD21 (J=100)
800.6532454099506,-4559.7832487315645,-5914.57082186376,-3828.882543171432,Corenflos,CTDD21 (J=100)
800.6532454099506,-4559.7832487315645,-5914.57082186376,-3828.882543171432,Corenflos,CTDD21 (J=100)
800.6532454099506,-4559.7832487315645,-5914.57082186376,-3828.882543171432,Corenflos,CTDD21 (J=100)
800.6532454099506,-4559.7832487315645,-5914.57082186376,-3828.882543171432,Corenflos,CTDD21 (J=100)
800.6532454099506,-4559.7832487315645,-5914.57082186376,-3828.882543171432,Corenflos,CTDD21 (J=100)
800.6532454099506,-4559.7832487315645,-5914.57082186376,-3828.882543171432,Corenflos,CTDD21 (J=100)
800.6532454099506,-4559.7832487315645,-5914.57082186376,-3828.882543171432,Corenflos,CTDD21 (J=100)
800.6532454099506,-4559.7832487315645,-5914.57082186376,-3828.882543171432,Corenflos,CTDD21 (J=100)
800.6532454099506,-4559.7832487315645,-5914.57082186376,-3828.882543171432,Corenflos,CTDD21 (J=100)
800.6532454099506,-4559.7832487315645,-5914.57082186376,-3828.882543171432,Corenflos,CTDD21 (J=100)
800.6532454099506,-4559.7832487315645,-5914.57082186376,-3828.882543171432,Corenflos,CTDD21 (J=100)
800.6532454099506,-4559.7832487315645,-5914.57082186376,-3828.882543171432,Corenflos,CTDD21 (J=100)
800.6532454099506,-4559.7832487315645,-5914.57082186376,-3828.882543171432,Corenflos,CTDD21 (J=100)
800.6532454099506,-4559.7832487315645,-5914.57082186376,-3828.882543171432,Corenflos,CTDD21 (J=100)
800.6532454099506,-4559.7832487315645,-5914.57082186376,-3828.882543171432,Corenflos,CTDD21 (J=100)
800.6532454099506,-4559.7832487315645,-5914.57082186376,-3828.882543171432,Corenflos,CTDD21 (J=100)
800.6532454099506,-4559.7832487315645,-5914.57082186376,-3828.882543171432,Corenflos,CTDD21 (J=100)
800.6532454099506,-4559.7832487315645,-5914.57082186376,-3828.882543171432,Corenflos,CTDD21 (J=100)
800.6532454099506,-4559.7832487315645,-5914.57082186376,-3828.882543171432,Corenflos,CTDD21 (J=100)
800.6532454099506,-4559.7832487315645,-5914.57082186376,-3828.882543171432,Corenflos,CTDD21 (J=100)
800.6532454099506,-4559.7832487315645,-5914.57082186376,-3828.882543171432,Corenflos,CTDD21 (J=100)
800.6532454099506,-4559.7832487315645,-5914.57082186376,-3828.882543171432,Corenflos,CTDD21 (J=100)
800.6532454099506,-4559.7832487315645,-5914.57082186376,-3828.882543171432,Corenflos,CTDD21 (J=100)
800.6532454099506,-4559.7832487315645,-5914.57082186376,-3828.882543171432,Corenflos,CTDD21 (J=100)
800.6532454099506,-4559.7832487315645,-5914.57082186376,-3828.882543171432,Corenflos,CTDD21 (J=100)
800.6532454099506,-4559.7832487315645,-5914.57082186376,-3828.882543171432,Corenflos,CTDD21 (J=100)
800.6532454099506,-4559.7832487315645,-5914.57082186376,-3828.882543171432,Corenflos,CTDD21 (J=100)
800.6532454099506,-4559.7832487315645,-5914.57082186376,-3828.882543171432,Corenflos,CTDD21 (J=100)
800.6532454099506,-4559.7832487315645,-5914.57082186376,-3828.882543171432,Corenflos,CTDD21 (J=100)
800.6532454099506,-4559.7832487315645,-5914.57082186376,-3828.882543171432,Corenflos,CTDD21 (J=100)
800.6532454099506,-4559.7832487315645,-5914.57082186376,-3828.882543171432,Corenflos,CTDD21 (J=100)
800.6532454099506,-4559.7832487315645,-5914.57082186376,-3828.882543171432,Corenflos,CTDD21 (J=100)
800.6532454099506,-4559.7832487315645,-5914.57082186376,-3828.882543171432,Corenflos,CTDD21 (J=100)
800.6532454099506,-4559.7832487315645,-5914.57082186376,-3828.882543171432,Corenflos,CTDD21 (J=100)
800.6532454099506,-4559.7832487315645,-5914.57082186376,-3828.882543171432,Corenflos,CTDD21 (J=100)
800.6532454099506,-4559.7832487315645,-5914.57082186376,-3828.882543171432,Corenflos,CTDD21 (J=100)
800.6532454099506,-4559.7832487315645,-5914.57082186376,-3828.882543171432,Corenflos,CTDD21 (J=100)
800.6532454099506,-4559.7832487315645,-5914.57082186376,-3828.882543171432,Corenflos,CTDD21 (J=100)
800.6532454099506,-4559.7832487315645,-5914.57082186376,-3828.882543171432,Corenflos,CTDD21 (J=100)
800.6532454099506,-4559.7832487315645,-5914.57082186376,-3828.882543171432,Corenflos,CTDD21 (J=100)
800.6532454099506,-4559.7832487315645,-5914.57082186376,-3828.882543171432,Corenflos,CTDD21 (J=100)
800.6532454099506,-4559.7832487315645,-5914.57082186376,-3828.882543171432,Corenflos,CTDD21 (J=100)
800.6532454099506,-4559.7832487315645,-5914.57082186376,-3828.882543171432,Corenflos,CTDD21 (J=100)
800.6532454099506,-4559.7832487315645,-5914.57082186376,-3828.882543171432,Corenflos,CTDD21 (J=100)
800.6532454099506,-4559.7832487315645,-5914.57082186376,-3828.882543171432,Corenflos,CTDD21 (J=100)
800.6532454099506,-4559.7832487315645,-5914.57082186376,-3828.882543171432,Corenflos,CTDD21 (J=100)
800.6532454099506,-4559.7832487315645,-5914.57082186376,-3828.882543171432,Corenflos,CTDD21 (J=100)
800.6532454099506,-4559.7832487315645,-5914.57082186376,-3828.882543171432,Corenflos,CTDD21 (J=100)
800.6532454099506,-4559.7832487315645,-5914.57082186376,-3828.882543171432,Corenflos,CTDD21 (J=100)
800.6532454099506,-4559.7832487315645,-5914.57082186376,-3828.882543171432,Corenflos,CTDD21 (J=100)
800.6532454099506,-4559.7832487315645,-5914.57082186376,-3828.882543171432,Corenflos,CTDD21 (J=100)
800.6532454099506,-4559.7832487315645,-5914.2112818166015,-3828.882543171432,Corenflos,CTDD21 (J=100)
800.6532454099506,-4559.7832487315645,-5914.293673518561,-3828.882543171432,Corenflos,CTDD21 (J=100)
800.6532454099506,-4559.7832487315645,-5914.111298223836,-3828.882543171432,Corenflos,CTDD21 (J=100)
800.6532454099506,-4559.7832487315645,-5914.100544706441,-3828.882543171432,Corenflos,CTDD21 (J=100)
800.6532454099506,-4559.7832487315645,-5914.15842688309,-3828.882543171432,Corenflos,CTDD21 (J=100)
800.6532454099506,-4559.7832487315645,-5914.311871498407,-3828.882543171432,Corenflos,CTDD21 (J=100)
800.6532454099506,-4559.7832487315645,-5914.142495409238,-3828.882543171432,Corenflos,CTDD21 (J=100)
800.6532454099506,-4559.7832487315645,-5914.300032488696,-3828.882543171432,Corenflos,CTDD21 (J=100)
800.6532454099506,-4559.7832487315645,-5914.293893164034,-3828.882543171432,Corenflos,CTDD21 (J=100)
800.6532454099506,-4559.7832487315645,-5914.377096072578,-3828.882543171432,Corenflos,CTDD21 (J=100)
800.6532454099506,-4559.7832487315645,-5914.303593057814,-3828.882543171432,Corenflos,CTDD21 (J=100)
800.6532454099506,-4559.7832487315645,-5914.2337677255255,-3828.882543171432,Corenflos,CTDD21 (J=100)
800.6532454099506,-4559.7832487315645,-5914.45335402507,-3828.882543171432,Corenflos,CTDD21 (J=100)
800.6532454099506,-4559.7832487315645,-5914.37549835872,-3828.882543171432,Corenflos,CTDD21 (J=100)
800.6532454099506,-4559.7832487315645,-5914.470450500137,-3828.882543171432,Corenflos,CTDD21 (J=100)
800.6532454099506,-4559.7832487315645,-5914.398855691151,-3828.882543171432,Corenflos,CTDD21 (J=100)
800.6532454099506,-4559.7832487315645,-5914.4498571365675,-3828.882543171432,Corenflos,CTDD21 (J=100)
800.6532454099506,-4559.7832487315645,-5914.348439647094,-3828.882543171432,Corenflos,CTDD21 (J=100)
800.6532454099506,-4559.7832487315645,-5914.467337715825,-3828.882543171432,Corenflos,CTDD21 (J=100)
800.6532454099506,-4559.7832487315645,-5914.489460635468,-3828.882543171432,Corenflos,CTDD21 (J=100)
800.6532454099506,-4559.7832487315645,-5914.545533210405,-3828.882543171432,Corenflos,CTDD21 (J=100)
800.6532454099506,-4559.7832487315645,-5914.57082186376,-3828.882543171432,Corenflos,CTDD21 (J=100)
800.6532454099506,-4559.7832487315645,-5914.57082186376,-3828.882543171432,Corenflos,CTDD21 (J=100)
800.6532454099506,-4559.7832487315645,-5914.57082186376,-3828.882543171432,Corenflos,CTDD21 (J=100)
800.6532454099506,-4559.7832487315645,-5914.57082186376,-3828.882543171432,Corenflos,CTDD21 (J=100)
800.6532454099506,-4559.7832487315645,-5914.57082186376,-3828.882543171432,Corenflos,CTDD21 (J=100)
800.6532454099506,-4559.7832487315645,-5914.57082186376,-3828.882543171432,Corenflos,CTDD21 (J=100)
800.6532454099506,-4559.7832487315645,-5914.57082186376,-3828.882543171432,Corenflos,CTDD21 (J=100)
800.6532454099506,-4559.7832487315645,-5914.57082186376,-3828.882543171432,Corenflos,CTDD21 (J=100)
800.6532454099506,-4559.7832487315645,-5914.57082186376,-3828.882543171432,Corenflos,CTDD21 (J=100)
800.6532454099506,-4559.7832487315645,-5914.57082186376,-3828.882543171432,Corenflos,CTDD21 (J=100)
800.6532454099506,-4559.7832487315645,-5914.57082186376,-3828.882543171432,Corenflos,CTDD21 (J=100)
800.6532454099506,-4559.7832487315645,-5914.57082186376,-3828.882543171432,Corenflos,CTDD21 (J=100)
800.6532454099506,-4559.7832487315645,-5914.57082186376,-3828.882543171432,Corenflos,CTDD21 (J=100)
800.6532454099506,-4559.7832487315645,-5914.57082186376,-3828.882543171432,Corenflos,CTDD21 (J=100)
800.6532454099506,-4559.7832487315645,-5914.57082186376,-3828.882543171432,Corenflos,CTDD21 (J=100)
800.6532454099506,-4559.7832487315645,-5914.57082186376,-3828.882543171432,Corenflos,CTDD21 (J=100)
800.6532454099506,-4559.7832487315645,-5914.57082186376,-3828.882543171432,Corenflos,CTDD21 (J=100)
800.6532454099506,-4559.7832487315645,-5914.57082186376,-3828.882543171432,Corenflos,CTDD21 (J=100)
800.6532454099506,-4559.7832487315645,-5914.57082186376,-3828.882543171432,Corenflos,CTDD21 (J=100)
800.6532454099506,-4559.7832487315645,-5914.57082186376,-3828.882543171432,Corenflos,CTDD21 (J=100)
800.6532454099506,-4559.7832487315645,-5914.57082186376,-3828.882543171432,Corenflos,CTDD21 (J=100)
800.6532454099506,-4559.7832487315645,-5914.57082186376,-3828.882543171432,Corenflos,CTDD21 (J=100)
800.6532454099506,-4559.7832487315645,-5914.57082186376,-3828.882543171432,Corenflos,CTDD21 (J=100)
800.6532454099506,-4559.7832487315645,-5914.57082186376,-3828.882543171432,Corenflos,CTDD21 (J=100)
800.6532454099506,-4559.7832487315645,-5914.57082186376,-3828.882543171432,Corenflos,CTDD21 (J=100)
800.6532454099506,-4559.7832487315645,-5914.57082186376,-3828.882543171432,Corenflos,CTDD21 (J=100)
800.6532454099506,-4559.7832487315645,-5914.57082186376,-3828.882543171432,Corenflos,CTDD21 (J=100)
800.6532454099506,-4559.7832487315645,-5914.57082186376,-3828.882543171432,Corenflos,CTDD21 (J=100)
800.6532454099506,-4559.7832487315645,-5914.57082186376,-3828.882543171432,Corenflos,CTDD21 (J=100)
800.6532454099506,-4559.7832487315645,-5914.57082186376,-3828.882543171432,Corenflos,CTDD21 (J=100)
800.6532454099506,-4559.7832487315645,-5914.57082186376,-3828.882543171432,Corenflos,CTDD21 (J=100)
800.6532454099506,-4559.7832487315645,-5914.57082186376,-3828.882543171432,Corenflos,CTDD21 (J=100)
800.6532454099506,-4559.7832487315645,-5914.57082186376,-3828.882543171432,Corenflos,CTDD21 (J=100)
800.6532454099506,-4559.7832487315645,-5914.57082186376,-3828.882543171432,Corenflos,CTDD21 (J=100)
800.6532454099506,-4559.7832487315645,-5914.57082186376,-3828.882543171432,Corenflos,CTDD21 (J=100)
800.6532454099506,-4559.7832487315645,-5914.57082186376,-3828.882543171432,Corenflos,CTDD21 (J=100)
800.6532454099506,-4559.7832487315645,-5914.57082186376,-3828.882543171432,Corenflos,CTDD21 (J=100)
800.6532454099506,-4559.7832487315645,-5914.57082186376,-3828.882543171432,Corenflos,CTDD21 (J=100)
800.6532454099506,-4559.7832487315645,-5914.57082186376,-3828.882543171432,Corenflos,CTDD21 (J=100)
800.6532454099506,-4559.7832487315645,-5914.57082186376,-3828.882543171432,Corenflos,CTDD21 (J=100)
800.6532454099506,-4559.7832487315645,-5914.57082186376,-3828.882543171432,Corenflos,CTDD21 (J=100)
800.6532454099506,-4559.7832487315645,-5914.57082186376,-3828.882543171432,Corenflos,CTDD21 (J=100)
800.6532454099506,-4559.7832487315645,-5914.57082186376,-3828.882543171432,Corenflos,CTDD21 (J=100)
800.6532454099506,-4559.7832487315645,-5914.57082186376,-3828.882543171432,Corenflos,CTDD21 (J=100)
800.6532454099506,-4559.7832487315645,-5914.57082186376,-3828.882543171432,Corenflos,CTDD21 (J=100)
800.6532454099506,-4559.7832487315645,-5914.57082186376,-3828.882543171432,Corenflos,CTDD21 (J=100)
800.6532454099506,-4559.7832487315645,-5914.57082186376,-3828.882543171432,Corenflos,CTDD21 (J=100)
800.6532454099506,-4559.7832487315645,-5914.57082186376,-3828.882543171432,Corenflos,CTDD21 (J=100)
800.6532454099506,-4559.7832487315645,-5914.57082186376,-3828.882543171432,Corenflos,CTDD21 (J=100)
800.6532454099506,-4559.7832487315645,-5914.57082186376,-3828.882543171432,Corenflos,CTDD21 (J=100)
800.6532454099506,-4559.7832487315645,-5914.57082186376,-3828.882543171432,Corenflos,CTDD21 (J=100)
800.6532454099506,-4559.7832487315645,-5914.57082186376,-3828.882543171432,Corenflos,CTDD21 (J=100)
800.6532454099506,-4559.7832487315645,-5914.57082186376,-3828.882543171432,Corenflos,CTDD21 (J=100)
800.6532454099506,-4559.7832487315645,-5914.57082186376,-3828.882543171432,Corenflos,CTDD21 (J=100)
800.6532454099506,-4559.7832487315645,-5914.57082186376,-3828.882543171432,Corenflos,CTDD21 (J=100)
800.6532454099506,-4559.7832487315645,-5914.57082186376,-3828.882543171432,Corenflos,CTDD21 (J=100)
800.6532454099506,-4559.7832487315645,-5914.57082186376,-3828.882543171432,Corenflos,CTDD21 (J=100)
800.6532454099506,-4559.7832487315645,-5914.57082186376,-3828.882543171432,Corenflos,CTDD21 (J=100)
800.6532454099506,-4559.7832487315645,-5914.57082186376,-3828.882543171432,Corenflos,CTDD21 (J=100)
800.6532454099506,-4559.7832487315645,-5914.57082186376,-3828.882543171432,Corenflos,CTDD21 (J=100)
800.6532454099506,-4559.7832487315645,-5914.57082186376,-3828.882543171432,Corenflos,CTDD21 (J=100)
800.6532454099506,-4559.7832487315645,-5914.57082186376,-3828.882543171432,Corenflos,CTDD21 (J=100)
800.6532454099506,-4559.7832487315645,-5914.57082186376,-3828.882543171432,Corenflos,CTDD21 (J=100)
800.6532454099506,-4559.7832487315645,-5914.57082186376,-3828.882543171432,Corenflos,CTDD21 (J=100)
800.6532454099506,-4559.7832487315645,-5914.57082186376,-3828.882543171432,Corenflos,CTDD21 (J=100)
800.6532454099506,-4559.7832487315645,-5914.57082186376,-3828.882543171432,Corenflos,CTDD21 (J=100)
800.6532454099506,-4559.7832487315645,-5914.57082186376,-3828.882543171432,Corenflos,CTDD21 (J=100)
800.6532454099506,-4559.7832487315645,-5914.57082186376,-3828.882543171432,Corenflos,CTDD21 (J=100)
800.6532454099506,-4559.7832487315645,-5914.57082186376,-3828.882543171432,Corenflos,CTDD21 (J=100)
800.6532454099506,-4559.7832487315645,-5914.57082186376,-3828.882543171432,Corenflos,CTDD21 (J=100)
800.6532454099506,-4559.7832487315645,-5914.57082186376,-3828.882543171432,Corenflos,CTDD21 (J=100)
800.6532454099506,-4559.7832487315645,-5914.57082186376,-3828.882543171432,Corenflos,CTDD21 (J=100)
800.6532454099506,-4559.7832487315645,-5914.57082186376,-3828.882543171432,Corenflos,CTDD21 (J=100)
800.6532454099506,-4559.7832487315645,-5914.57082186376,-3828.882543171432,Corenflos,CTDD21 (J=100)
800.6532454099506,-4559.7832487315645,-5914.57082186376,-3828.882543171432,Corenflos,CTDD21 (J=100)
800.6532454099506,-4559.7832487315645,-5914.57082186376,-3828.882543171432,Corenflos,CTDD21 (J=100)
800.6532454099506,-4559.7832487315645,-5914.57082186376,-3828.882543171432,Corenflos,CTDD21 (J=100)
800.6532454099506,-4559.7832487315645,-5914.57082186376,-3828.882543171432,Corenflos,CTDD21 (J=100)
800.6532454099506,-4559.7832487315645,-5914.57082186376,-3828.882543171432,Corenflos,CTDD21 (J=100)
800.6532454099506,-4559.7832487315645,-5914.57082186376,-3828.882543171432,Corenflos,CTDD21 (J=100)
800.6532454099506,-4559.7832487315645,-5914.57082186376,-3828.882543171432,Corenflos,CTDD21 (J=100)
800.6532454099506,-4559.7832487315645,-5914.57082186376,-3828.882543171432,Corenflos,CTDD21 (J=100)
800.6532454099506,-4559.7832487315645,-5914.57082186376,-3828.882543171432,Corenflos,CTDD21 (J=100)
800.6532454099506,-4559.7832487315645,-5914.57082186376,-3828.882543171432,Corenflos,CTDD21 (J=100)
800.6532454099506,-4559.7832487315645,-5914.57082186376,-3828.882543171432,Corenflos,CTDD21 (J=100)
800.6532454099506,-4559.7832487315645,-5914.57082186376,-3828.882543171432,Corenflos,CTDD21 (J=100)
800.6532454099506,-4559.7832487315645,-5914.57082186376,-3828.882543171432,Corenflos,CTDD21 (J=100)
800.6532454099506,-4559.7832487315645,-5914.57082186376,-3828.882543171432,Corenflos,CTDD21 (J=100)
800.6532454099506,-4559.7832487315645,-5914.57082186376,-3828.882543171432,Corenflos,CTDD21 (J=100)
800.6532454099506,-4559.7832487315645,-5914.57082186376,-3828.882543171432,Corenflos,CTDD21 (J=100)
800.6532454099506,-4559.7832487315645,-5914.57082186376,-3828.882543171432,Corenflos,CTDD21 (J=100)
800.6532454099506,-4559.7832487315645,-5914.57082186376,-3828.882543171432,Corenflos,CTDD21 (J=100)
800.6532454099506,-4559.7832487315645,-5914.57082186376,-3828.882543171432,Corenflos,CTDD21 (J=100)
800.6532454099506,-4559.7832487315645,-5914.57082186376,-3828.882543171432,Corenflos,CTDD21 (J=100)
800.6532454099506,-4559.7832487315645,-5914.57082186376,-3828.882543171432,Corenflos,CTDD21 (J=100)
800.6532454099506,-4559.7832487315645,-5914.57082186376,-3828.882543171432,Corenflos,CTDD21 (J=100)
800.6532454099506,-4559.7832487315645,-5914.57082186376,-3828.882543171432,Corenflos,CTDD21 (J=100)
800.6532454099506,-4559.7832487315645,-5914.57082186376,-3828.882543171432,Corenflos,CTDD21 (J=100)
800.6532454099506,-4559.7832487315645,-5914.57082186376,-3828.882543171432,Corenflos,CTDD21 (J=100)
800.6532454099506,-4559.7832487315645,-5914.57082186376,-3828.882543171432,Corenflos,CTDD21 (J=100)
800.6532454099506,-4559.7832487315645,-5914.57082186376,-3828.882543171432,Corenflos,CTDD21 (J=100)
800.6532454099506,-4559.7832487315645,-5914.57082186376,-3828.882543171432,Corenflos,CTDD21 (J=100)
5.2354720931034535,-7979.847955134003,-14999.122794655412,-4414.401809610647,Ditlevsen,"DS19 (J=1,000)"
10.089366372209042,-6596.739033876895,-13086.946131672863,-4278.886794305659,Ditlevsen,"DS19 (J=1,000)"
14.944358080625534,-5890.886654811578,-11647.33493004883,-4240.437001507342,Ditlevsen,"DS19 (J=1,000)"
19.798636625288054,-5559.8670257142985,-10684.372791594915,-4152.999093942308,Ditlevsen,"DS19 (J=1,000)"
24.65152391605079,-5367.952317728175,-9151.512319573088,-4097.78611893421,Ditlevsen,"DS19 (J=1,000)"
29.506823820993304,-5247.364027710403,-8158.123077735889,-4083.935490485249,Ditlevsen,"DS19 (J=1,000)"
34.361221411731094,-5142.120127079094,-7195.084504244032,-4082.7677559323497,Ditlevsen,"DS19 (J=1,000)"
39.21526634902693,-5064.586025223133,-6635.660511675763,-4074.870014080333,Ditlevsen,"DS19 (J=1,000)"
44.07031439850107,-4970.3455192701995,-6342.280587467147,-4072.730086436087,Ditlevsen,"DS19 (J=1,000)"
48.92499532038346,-4885.099308557628,-6281.20638806366,-4074.157820358986,Ditlevsen,"DS19 (J=1,000)"
54.93217244837433,-4816.523457787129,-6188.431734007139,-4077.157747754159,Ditlevsen,"DS19 (J=1,000)"
59.78720919275656,-4760.5189035391095,-6011.806650669112,-4079.6304778422655,Ditlevsen,"DS19 (J=1,000)"
64.64163476182148,-4695.300478233528,-5978.388305423695,-4027.347433343763,Ditlevsen,"DS19 (J=1,000)"
69.49603424407542,-4639.829089404393,-5996.413452109831,-3980.1861850178993,Ditlevsen,"DS19 (J=1,000)"
74.35070004616864,-4568.506861680913,-5999.593752367344,-3966.5677604716616,Ditlevsen,"DS19 (J=1,000)"
79.20552009507082,-4512.752672241968,-5983.2834002267755,-3965.1891151692153,Ditlevsen,"DS19 (J=1,000)"
84.06074668257497,-4479.134050905288,-5916.581909046568,-3976.242477942283,Ditlevsen,"DS19 (J=1,000)"
88.91600104654208,-4447.491288606995,-5898.760823529379,-3992.089373902408,Ditlevsen,"DS19 (J=1,000)"
93.77099395846018,-4415.563916179315,-5880.999347704299,-3986.8632676299408,Ditlevsen,"DS19 (J=1,000)"
98.62551418691874,-4389.256029791941,-5856.702897662361,-3984.9234318477143,Ditlevsen,"DS19 (J=1,000)"
104.64251982746646,-4349.956399196968,-5764.367201670417,-3966.9349440554015,Ditlevsen,"DS19 (J=1,000)"
109.49788412847556,-4308.345898483796,-5743.377535707084,-3939.53814424004,Ditlevsen,"DS19 (J=1,000)"
114.35263002943248,-4293.095398701444,-5712.069188177609,-3904.014874277874,Ditlevsen,"DS19 (J=1,000)"
119.20713039394468,-4273.111286957332,-5672.22908507631,-3869.907585618897,Ditlevsen,"DS19 (J=1,000)"
124.0623038779013,-4269.506063785788,-5666.853915710261,-3853.2260129476113,Ditlevsen,"DS19 (J=1,000)"
128.91716779442504,-4265.7181377382985,-5607.575105131057,-3850.4242180503215,Ditlevsen,"DS19 (J=1,000)"
133.77235281141475,-4250.290155291304,-5520.578860405154,-3851.79428350854,Ditlevsen,"DS19 (J=1,000)"
138.62733443104662,-4233.261156202553,-5515.6590066972885,-3850.076041444762,Ditlevsen,"DS19 (J=1,000)"
143.48231958597898,-4229.536608641996,-5509.071991342561,-3847.28047714852,Ditlevsen,"DS19 (J=1,000)"
148.33816108549945,-4208.147530787626,-5475.250576155583,-3844.937862923471,Ditlevsen,"DS19 (J=1,000)"
154.35604574671015,-4204.749859277268,-5445.236019799548,-3849.025166302208,Ditlevsen,"DS19 (J=1,000)"
159.21132453158498,-4203.111697627144,-5386.2962947180695,-3864.311824018243,Ditlevsen,"DS19 (J=1,000)"
164.06576339760795,-4189.7029672873705,-5386.777092431671,-3858.689497924132,Ditlevsen,"DS19 (J=1,000)"
168.92026867810637,-4176.413969604981,-5379.375992056635,-3843.833519830255,Ditlevsen,"DS19 (J=1,000)"
173.7753734451253,-4170.717417213613,-5393.156101509732,-3835.56789248892,Ditlevsen,"DS19 (J=1,000)"
178.63071857951581,-4164.380302365755,-5309.221145155851,-3838.994339955877,Ditlevsen,"DS19 (J=1,000)"
183.48604954220355,-4159.364826462501,-5275.811744115812,-3846.566574024703,Ditlevsen,"DS19 (J=1,000)"
188.34249548148364,-4148.220835873732,-5320.943056454403,-3850.879414172074,Ditlevsen,"DS19 (J=1,000)"
193.19733677757904,-4137.1095834304015,-5350.746075371419,-3833.4328308583695,Ditlevsen,"DS19 (J=1,000)"
198.05228118342347,-4130.811865512785,-5385.807996616941,-3809.109705439112,Ditlevsen,"DS19 (J=1,000)"
204.19168382021599,-4122.649906823504,-5087.815307954285,-3793.698417171669,Ditlevsen,"DS19 (J=1,000)"
209.06774112954736,-4120.87507109103,-5059.830635154241,-3801.853448532762,Ditlevsen,"DS19 (J=1,000)"
213.92135392315686,-4122.163793735106,-5008.431904814108,-3824.303105416423,Ditlevsen,"DS19 (J=1,000)"
218.77645464614034,-4114.065310746471,-5023.101731523315,-3839.419708341829,Ditlevsen,"DS19 (J=1,000)"
223.6319221102167,-4111.205759706541,-5062.11443066929,-3866.3290900473567,Ditlevsen,"DS19 (J=1,000)"
228.48536421405151,-4090.380946397251,-5113.800646204527,-3860.961177151931,Ditlevsen,"DS19 (J=1,000)"
233.33996207732707,-4082.2923182514396,-5150.036369321704,-3860.831319509927,Ditlevsen,"DS19 (J=1,000)"
238.19196771923453,-4087.3639667624116,-5159.590626045626,-3864.98913491537,Ditlevsen,"DS19 (J=1,000)"
243.05581738124602,-4085.515852604085,-5196.449594251838,-3870.0230327007134,Ditlevsen,"DS19 (J=1,000)"
247.85456448956393,-4082.6972586964307,-5237.137226812719,-3863.7449332593656,Ditlevsen,"DS19 (J=1,000)"
255.72322948114015,-4067.3754074579942,-5170.3506037924535,-3794.519867455231,Ditlevsen,"DS19 (J=1,000)"
260.54952347045764,-4056.7498151864315,-5091.584456865356,-3831.834102141741,Ditlevsen,"DS19 (J=1,000)"
265.37611351301894,-4061.3250348915894,-5077.539493962083,-3864.0252529993218,Ditlevsen,"DS19 (J=1,000)"
270.20261211157776,-4068.8652594324867,-5100.807894146514,-3818.249273207843,Ditlevsen,"DS19 (J=1,000)"
275.0309751415625,-4074.7466908240476,-5165.334275518276,-3812.440625451307,Ditlevsen,"DS19 (J=1,000)"
279.8580203319434,-4085.4977402423683,-5238.812432386354,-3843.0489211288086,Ditlevsen,"DS19 (J=1,000)"
284.68458849098533,-4084.7438427717034,-5301.268561799406,-3855.910480330372,Ditlevsen,"DS19 (J=1,000)"
289.5118830418214,-4086.0319823593,-5368.60098588796,-3854.458542784662,Ditlevsen,"DS19 (J=1,000)"
294.0766802839935,-4081.8834636891906,-5391.331836212944,-3856.925152229744,Ditlevsen,"DS19 (J=1,000)"
298.9179189458955,-4062.2148235183126,-5380.3752441288725,-3832.4384698443496,Ditlevsen,"DS19 (J=1,000)"
306.88954057917,-4023.425970103869,-5162.5281211431975,-3794.913666187279,Ditlevsen,"DS19 (J=1,000)"
311.74364068871364,-4019.5988466309095,-5072.3583694065555,-3845.2653381094447,Ditlevsen,"DS19 (J=1,000)"
316.5974008110352,-4030.5360608003166,-5050.515099562047,-3839.8528106791528,Ditlevsen,"DS19 (J=1,000)"
321.45149337570183,-4042.7686815364514,-5019.432746758461,-3834.131780955334,Ditlevsen,"DS19 (J=1,000)"
326.30541185848415,-4064.459865154095,-5059.845686407838,-3886.537307271745,Ditlevsen,"DS19 (J=1,000)"
331.1591080054641,-4082.138889596858,-5093.769901082083,-3892.3018555471313,Ditlevsen,"DS19 (J=1,000)"
336.01277712057345,-4092.83089327602,-5135.164853882952,-3892.631718693364,Ditlevsen,"DS19 (J=1,000)"
340.8655468400102,-4100.412444427755,-5354.0473339705895,-3853.524600554128,Ditlevsen,"DS19 (J=1,000)"
345.7198059752118,-4099.485368986054,-5339.959948549304,-3879.247563243793,Ditlevsen,"DS19 (J=1,000)"
350.5743344624061,-4089.551453790185,-5320.321750005736,-3859.543428458122,Ditlevsen,"DS19 (J=1,000)"
359.51608615135774,-4007.7744691048215,-4972.193215749908,-3794.091073882362,Ditlevsen,"DS19 (J=1,000)"
364.3637717538513,-4004.9932363978905,-4962.59913008944,-3882.532870300624,Ditlevsen,"DS19 (J=1,000)"
369.2108046549838,-4015.125015865805,-4962.882264655097,-3820.755325441396,Ditlevsen,"DS19 (J=1,000)"
374.0578067053575,-4026.8452088707168,-4970.807034096479,-3818.985739024264,Ditlevsen,"DS19 (J=1,000)"
378.90413167933,-4047.301755809828,-4973.1345350993815,-3870.240362949627,Ditlevsen,"DS19 (J=1,000)"
383.7501718942076,-4065.6956801763313,-4971.834691144152,-3865.333908507997,Ditlevsen,"DS19 (J=1,000)"
388.59713899577036,-4052.127922984777,-4969.874554493159,-3855.040073830532,Ditlevsen,"DS19 (J=1,000)"
393.4444962218404,-4069.141266588167,-4967.254106843089,-3874.6616436529935,Ditlevsen,"DS19 (J=1,000)"
398.29194861184806,-4047.4151812630053,-4962.737395647731,-3866.073301935324,Ditlevsen,"DS19 (J=1,000)"
403.1381984706968,-4055.6075985491198,-4958.590564153096,-3875.217149491991,Ditlevsen,"DS19 (J=1,000)"
411.4476456984412,-4003.526564939002,-4956.349077024277,-3795.203232246312,Ditlevsen,"DS19 (J=1,000)"
416.28743707342073,-4007.1034525072064,-4955.892147824222,-3808.1997846840345,Ditlevsen,"DS19 (J=1,000)"
421.14264210709376,-4007.0568990463275,-4957.328138905902,-3809.956385164215,Ditlevsen,"DS19 (J=1,000)"
426.0021450149361,-4016.0918619829454,-4964.5135228505305,-3840.978593042821,Ditlevsen,"DS19 (J=1,000)"
430.8614635250997,-4050.321460757147,-4971.7118368552165,-3880.3155729596847,Ditlevsen,"DS19 (J=1,000)"
435.720584413968,-4063.7580475653695,-5009.555909217772,-3874.4562441362273,Ditlevsen,"DS19 (J=1,000)"
440.5802562769968,-4083.9880435559544,-5268.220842574763,-3880.3155729596847,Ditlevsen,"DS19 (J=1,000)"
445.4399802254047,-4096.806195596215,-5475.250576155583,-3864.6031031276575,Ditlevsen,"DS19 (J=1,000)"
450.30065700109117,-4087.546077191544,-5475.250576155583,-3850.833780167536,Ditlevsen,"DS19 (J=1,000)"
455.1615462366026,-4097.5061644345715,-5475.250576155583,-3876.272420941899,Ditlevsen,"DS19 (J=1,000)"
462.8864131558221,-3982.631097627578,-4956.228840578368,-3793.539919326056,Ditlevsen,"DS19 (J=1,000)"
467.7405247793067,-3982.4776399167304,-4886.393339184328,-3814.887770806878,Ditlevsen,"DS19 (J=1,000)"
472.59448639978655,-3995.4452636747974,-4831.806176082047,-3848.042189792418,Ditlevsen,"DS19 (J=1,000)"
477.4488293302711,-4006.0646396150205,-4763.994047084296,-3815.359972249775,Ditlevsen,"DS19 (J=1,000)"
482.3033956652507,-4016.7671736970215,-4736.744987560027,-3809.939304351071,Ditlevsen,"DS19 (J=1,000)"
487.15811627171934,-4023.4084560185897,-4685.361566564918,-3819.524705069256,Ditlevsen,"DS19 (J=1,000)"
492.0126772217918,-4029.506198184901,-4667.113008432578,-3817.52360921704,Ditlevsen,"DS19 (J=1,000)"
496.8666208202485,-4031.1587462687185,-4693.456814700641,-3800.735784518836,Ditlevsen,"DS19 (J=1,000)"
501.72051230329083,-4030.678297203375,-4666.322666035744,-3790.4304260357,Ditlevsen,"DS19 (J=1,000)"
506.5735484138131,-4029.5793498883477,-4664.413927932761,-3809.1061541101462,Ditlevsen,"DS19 (J=1,000)"
515.8498897340614,-3992.3502039241566,-4662.93792890635,-3793.6263142163407,Ditlevsen,"DS19 (J=1,000)"
520.7021045105066,-3997.4686627161764,-4661.753574340682,-3790.989495954024,Ditlevsen,"DS19 (J=1,000)"
525.5548840519041,-3999.1370022951096,-4663.432682894667,-3799.133369355415,Ditlevsen,"DS19 (J=1,000)"
530.4071261580102,-3986.394195784809,-4672.557651324358,-3814.441473163855,Ditlevsen,"DS19 (J=1,000)"
535.2599224417936,-3986.8902845982766,-4677.139727593303,-3821.2509784132376,Ditlevsen,"DS19 (J=1,000)"
540.1126787813846,-4009.2728469714275,-4673.713104561356,-3851.637430111896,Ditlevsen,"DS19 (J=1,000)"
544.9653546314221,-4006.3722736758527,-4689.802035313292,-3839.983067553895,Ditlevsen,"DS19 (J=1,000)"
549.817921273876,-4014.8485540195334,-4658.111088771103,-3827.590504254395,Ditlevsen,"DS19 (J=1,000)"
554.6705315853469,-4011.9551973494354,-4657.937180779238,-3827.323315060111,Ditlevsen,"DS19 (J=1,000)"
559.5222626335453,-4022.798401711735,-4657.519501117898,-3850.769093449959,Ditlevsen,"DS19 (J=1,000)"
568.4787784214132,-3980.703945723889,-4657.354733188648,-3794.154405818538,Ditlevsen,"DS19 (J=1,000)"
573.3314774204046,-3962.9546247619596,-4657.164241818508,-3801.663220758981,Ditlevsen,"DS19 (J=1,000)"
578.1844937908463,-3973.8975841245374,-4656.976336798863,-3817.9086065518704,Ditlevsen,"DS19 (J=1,000)"
583.036871239543,-3978.3825748429804,-4656.997189910542,-3842.244956771807,Ditlevsen,"DS19 (J=1,000)"
587.8909879783168,-3981.541476337992,-4656.86753236577,-3826.138074294197,Ditlevsen,"DS19 (J=1,000)"
592.7428324662615,-3983.242202248457,-4657.130516410487,-3817.471346863809,Ditlevsen,"DS19 (J=1,000)"
597.5957538529765,-3983.1658178756625,-4657.699981349708,-3845.737640658066,Ditlevsen,"DS19 (J=1,000)"
602.4484868403524,-3987.292926849414,-4657.692902518336,-3844.474429321296,Ditlevsen,"DS19 (J=1,000)"
607.3011454099324,-4002.4353603514137,-4657.642438150783,-3832.868327636908,Ditlevsen,"DS19 (J=1,000)"
612.153066032799,-4012.4502495689376,-4657.652741657023,-3824.488103778493,Ditlevsen,"DS19 (J=1,000)"
618.6600018115714,-3955.0475716682877,-4657.102278364394,-3794.8461831805994,Ditlevsen,"DS19 (J=1,000)"
623.5117716314271,-3951.286884118357,-4656.712599484303,-3793.247507250721,Ditlevsen,"DS19 (J=1,000)"
628.3641414004378,-3954.2738078691664,-4655.908893152322,-3798.5680191956153,Ditlevsen,"DS19 (J=1,000)"
633.2159227705561,-3959.765332420549,-4654.187417507555,-3808.192646410573,Ditlevsen,"DS19 (J=1,000)"
638.0678990234155,-3967.936113007217,-4653.3495417553795,-3807.648560171175,Ditlevsen,"DS19 (J=1,000)"
642.9203205248341,-3976.3522337071486,-4824.220843990575,-3802.582493655645,Ditlevsen,"DS19 (J=1,000)"
647.7718882421032,-3975.3102762273093,-4825.428588924065,-3837.1931940450927,Ditlevsen,"DS19 (J=1,000)"
652.6242650549393,-3978.2464337598713,-4823.201852201412,-3841.777888599701,Ditlevsen,"DS19 (J=1,000)"
657.4767657888588,-3988.0999337867834,-4816.97720659162,-3837.620889045515,Ditlevsen,"DS19 (J=1,000)"
662.3284724953119,-4004.9346905159186,-4815.261815225451,-3801.441401362653,Ditlevsen,"DS19 (J=1,000)"
670.993679223815,-3955.858145224184,-4651.774298111939,-3794.348874154877,Ditlevsen,"DS19 (J=1,000)"
675.842575880466,-3952.4196847732283,-4651.960607857564,-3809.288258935237,Ditlevsen,"DS19 (J=1,000)"
680.6897994284518,-3954.917713514203,-4651.243446988133,-3812.810392008198,Ditlevsen,"DS19 (J=1,000)"
685.5423959663603,-3963.719297495132,-4650.5231818126485,-3827.614355926733,Ditlevsen,"DS19 (J=1,000)"
690.3906039008871,-3968.6083857708304,-4649.077518179921,-3812.8101069586455,Ditlevsen,"DS19 (J=1,000)"
695.2378029811662,-3984.090374521576,-4647.295514679541,-3798.819904623295,Ditlevsen,"DS19 (J=1,000)"
700.0858137400355,-3987.1125809156247,-4723.295533064736,-3808.281306334537,Ditlevsen,"DS19 (J=1,000)"
704.9332727300934,-3990.210580592452,-4754.560775561479,-3835.5941813266313,Ditlevsen,"DS19 (J=1,000)"
709.7809047310147,-3996.6331843179087,-4732.017848520261,-3834.4875918654407,Ditlevsen,"DS19 (J=1,000)"
714.6292757475749,-4010.7203579444285,-4644.487879840541,-3833.2977240231858,Ditlevsen,"DS19 (J=1,000)"
723.4530876744539,-3949.787312148991,-4644.293054003551,-3793.716231565251,Ditlevsen,"DS19 (J=1,000)"
728.30665354128,-3943.4291115859955,-4644.273590286508,-3793.561893753348,Ditlevsen,"DS19 (J=1,000)"
733.1604831295554,-3939.649247047461,-4644.453057832948,-3804.035375684272,Ditlevsen,"DS19 (J=1,000)"
738.0130490937736,-3945.638687399517,-4644.469096360092,-3810.566134602482,Ditlevsen,"DS19 (J=1,000)"
742.8656078339554,-3953.790918334723,-4644.856960443449,-3833.046966799632,Ditlevsen,"DS19 (J=1,000)"
747.7191915279254,-3965.1205276526343,-4645.059396421306,-3845.006173738186,Ditlevsen,"DS19 (J=1,000)"
752.5726666115224,-3976.718812028449,-4644.965524892232,-3841.384506838772,Ditlevsen,"DS19 (J=1,000)"
757.4260718987789,-3991.7862344156692,-4644.759798114519,-3806.0221173781374,Ditlevsen,"DS19 (J=1,000)"
762.2801801757887,-4006.6481952469844,-4644.379841808809,-3814.960798354341,Ditlevsen,"DS19 (J=1,000)"
767.1342773744836,-3997.219839810967,-4643.593525759646,-3843.5463646083754,Ditlevsen,"DS19 (J=1,000)"
775.0210057769436,-3956.2737879578094,-4641.733080426082,-3793.604536858875,Ditlevsen,"DS19 (J=1,000)"
779.8751060196664,-3955.4083904499103,-4640.564856573245,-3793.206286894907,Ditlevsen,"DS19 (J=1,000)"
784.7299730086233,-3946.872184357544,-4639.278617101132,-3799.657492534876,Ditlevsen,"DS19 (J=1,000)"
789.584988437593,-3943.8574468263787,-4638.00361202222,-3802.051346022571,Ditlevsen,"DS19 (J=1,000)"
794.4388112460729,-3953.8831206893274,-4636.7741802771,-3818.337845437297,Ditlevsen,"DS19 (J=1,000)"
799.292087179143,-3963.625764185326,-4636.348110872693,-3825.71910820534,Ditlevsen,"DS19 (J=1,000)"
801.695764479693,-3962.4843999283466,-4634.769994543048,-3825.71910820534,Ditlevsen,"DS19 (J=1,000)"
802.0416433860082,-3965.922200199595,-4636.844672864457,-3825.71910820534,Ditlevsen,"DS19 (J=1,000)"
802.3375839472283,-3965.827382240384,-4667.113008432578,-3825.71910820534,Ditlevsen,"DS19 (J=1,000)"
802.6135222855955,-3963.670380945362,-4667.113008432578,-3825.71910820534,Ditlevsen,"DS19 (J=1,000)"
802.6517213946208,-3962.4843999283466,-4611.358916851725,-3825.71910820534,Ditlevsen,"DS19 (J=1,000)"
