start,method,iteration,fitting_loglik
0,IF2,0,-405.2420317908382
0,IF2,1,-394.89427858391554
0,IF2,2,-408.41567075945915
0,IF2,3,-395.0566604781275
0,IF2,4,-406.58104596070575
0,IF2,5,-412.37363975343465
0,IF2,6,-406.10992409531974
0,IF2,7,-394.27731228144177
0,IF2,8,-398.1561780793312
0,IF2,9,-405.09415332562554
0,IF2,10,-378.7582991671824
0,IF2,11,-379.27495630873244
0,IF2,12,-389.46763294229737
0,IF2,13,-378.18525223142115
0,IF2,14,-386.58925036359165
0,IF2,15,-371.4759159552895
0,IF2,16,-374.68346303448175
0,IF2,17,-390.1647231334758
0,IF2,18,-370.8189938781855
0,IF2,19,-378.327743131233
0,IF2,20,-388.4656480405849
0,IF2,21,-392.0082278107234
0,IF2,22,-385.16909109477285
0,IF2,23,-382.01031577508996
0,IF2,24,-403.1427235333053
0,IF2,25,-407.57276424465704
0,IF2,26,-384.54694569438175
0,IF2,27,-393.56660813535484
0,IF2,28,-381.8443256560545
0,IF2,29,-386.6575158133418
0,IF2,30,-390.4679412691761
0,IF2,31,-384.89951780658373
0,IF2,32,-380.0522409914977
0,IF2,33,-384.7447558719431
0,IF2,34,-402.9493573415728
0,IF2,35,-390.9314650163608
0,IF2,36,-387.2388739774953
0,IF2,37,-396.41269642959793
0,IF2,38,-379.25698528065647
0,IF2,39,-373.6242670520158
0,IF2,40,-380.96750684832045
0,IF2,41,-386.6738551848813
0,IF2,42,-381.8632185163002
0,IF2,43,-381.2453531427531
0,IF2,44,-377.1175973476298
0,IF2,45,-397.504471218882
0,IF2,46,-393.87769039030445
0,IF2,47,-386.24488294548
0,IF2,48,-401.19135762186596
0,IF2,49,-404.8556907874887
0,IF2,50,-399.7597957704835
0,IF2,51,-396.8180291601026
0,IF2,52,-392.12584359669415
0,IF2,53,-392.22317594776433
0,IF2,54,-407.88417836230303
0,IF2,55,-395.9233632848316
0,IF2,56,-405.20694442706645
0,IF2,57,-387.7778555226508
0,IF2,58,-385.54646932660444
0,IF2,59,-395.2558394514362
0,IF2,60,-415.6959960687896
0,IF2,61,-401.18757533366914
0,IF2,62,-413.8522915216199
0,IF2,63,-386.8986642647405
0,IF2,64,-375.7433568628975
0,IF2,65,-403.4420440918282
0,IF2,66,-393.9700277735632
0,IF2,67,-405.2544344908869
0,IF2,68,-386.3321598910751
0,IF2,69,-390.25897801977874
0,IF2,70,-394.31283031545894
0,IF2,71,-399.96733445990884
0,IF2,72,-378.6395286630253
0,IF2,73,-369.95123509254466
0,IF2,74,-380.19934669932036
0,IF2,75,-385.5861135372689
0,IF2,76,-379.0644310802112
0,IF2,77,-374.08776025212205
0,IF2,78,-365.99222646406594
0,IF2,79,-383.76169799805723
0,IF2,80,-372.2190611995021
0,IF2,81,-376.3525626345293
0,IF2,82,-377.03303752092313
0,IF2,83,-370.99671876424804
0,IF2,84,-381.2244012389983
0,IF2,85,-390.79759457122174
0,IF2,86,-385.5125690343506
0,IF2,87,-388.4933934358955
0,IF2,88,-393.59308265846556
0,IF2,89,-409.85405678679683
0,IF2,90,-398.49289440625506
0,IF2,91,-401.1467595588914
0,IF2,92,-381.900112619908
0,IF2,93,-387.94321450571823
0,IF2,94,-383.9735558336458
0,IF2,95,-376.97189106878017
0,IF2,96,-389.897546364905
0,IF2,97,-381.8016292641371
0,IF2,98,-379.94617179267715
0,IF2,99,-389.47377046260806
0,IF2,100,-389.7280374145015
0,IF2,101,-373.9177582868247
0,IF2,102,-384.00367657531416
0,IF2,103,-391.6997813095848
0,IF2,104,-374.3402562785481
0,IF2,105,-376.50716187883995
0,IF2,106,-392.07487267801986
0,IF2,107,-385.06695114505317
0,IF2,108,-379.8459071754596
0,IF2,109,-400.9772216908091
0,IF2,110,-385.4608516344671
0,IF2,111,-388.54961300920695
0,IF2,112,-388.13217371723664
0,IF2,113,-377.0081503902446
0,IF2,114,-384.14972037289084
0,IF2,115,-386.1112148583324
0,IF2,116,-389.49021105588423
0,IF2,117,-390.4325402464553
0,IF2,118,-390.86214799979336
0,IF2,119,-385.0650289008395
0,IF2,120,-399.01126689436103
0,IF2,121,-405.16441669776054
0,IF2,122,-401.2524572325977
0,IF2,123,-389.4479486663085
0,IF2,124,-389.7244043897904
0,IF2,125,-394.0044125179235
0,IF2,126,-391.84635088167306
0,IF2,127,-388.90655473106517
0,IF2,128,-394.4721367950824
0,IF2,129,-377.388309673386
0,IF2,130,-392.48489031171175
0,IF2,131,-384.3817136134491
0,IF2,132,-400.05144953417744
0,IF2,133,-398.27609767128484
0,IF2,134,-384.3906007756038
0,IF2,135,-382.2203455350262
0,IF2,136,-374.86503156246846
0,IF2,137,-382.7731807880762
0,IF2,138,-385.5759360150707
0,IF2,139,-389.5137713948712
0,IF2,140,-373.05994835049256
0,IF2,141,-370.6513198299943
0,IF2,142,-390.5019215868977
0,IF2,143,-379.61567209298954
0,IF2,144,-384.5374358201378
0,IF2,145,-388.5897405857439
0,IF2,146,-370.9169610350621
0,IF2,147,-388.64944753416717
0,IF2,148,-371.8161844035112
0,IF2,149,-373.91894896207384
0,IF2,150,-370.71040124870024
0,IF2,151,-368.88229858838224
0,IF2,152,-389.7004150056536
0,IF2,153,-387.8894216974231
0,IF2,154,-377.0043676808386
0,IF2,155,-382.6522023097043
0,IF2,156,-387.7961815703998
0,IF2,157,-375.11016432053077
0,IF2,158,-376.11147636808494
0,IF2,159,-369.51216230710446
0,IF2,160,-377.2365954519017
0,IF2,161,-376.5870946967938
0,IF2,162,-379.7682717847055
0,IF2,163,-380.40243821682094
0,IF2,164,-380.8498948291086
0,IF2,165,-369.43998761700027
0,IF2,166,-382.6093362837206
0,IF2,167,-383.4909230502037
0,IF2,168,-373.3861580176819
0,IF2,169,-378.2213899470088
0,IF2,170,-380.70495100641796
0,IF2,171,-386.28591880644353
0,IF2,172,-384.98268128153967
0,IF2,173,-382.359340364792
0,IF2,174,-375.09169536208327
0,IF2,175,-393.5155982293282
0,IF2,176,-374.30831326734267
0,IF2,177,-393.03434136144426
0,IF2,178,-376.5077071459357
0,IF2,179,-380.67388730605785
0,IF2,180,-379.52256345660845
0,IF2,181,-384.12653884790603
0,IF2,182,-377.6890553453566
0,IF2,183,-389.5226954778897
0,IF2,184,-375.64722234822045
0,IF2,185,-370.96901863569644
0,IF2,186,-368.54053502684286
0,IF2,187,-372.0936991375568
0,IF2,188,-374.6865738915716
0,IF2,189,-368.0565149203156
0,IF2,190,-379.1478349914461
0,IF2,191,-372.87417285781055
0,IF2,192,-382.51494891622923
0,IF2,193,-370.61567942296625
0,IF2,194,-377.9049835940279
0,IF2,195,-376.2963568599662
0,IF2,196,-374.45694219745684
0,IF2,197,-379.23374070553695
0,IF2,198,-384.87444005027567
0,IF2,199,-382.96754336828053
0,IF2,200,-379.46826468139653
0,IF2,201,-378.93660748498525
0,IF2,202,-378.98204132755654
0,IF2,203,-383.4010416857973
0,IF2,204,-389.3365236368696
0,IF2,205,-378.73350530978234
0,IF2,206,-375.25752368645817
0,IF2,207,-369.94544103058814
0,IF2,208,-384.5583376295532
0,IF2,209,-380.7823448925309
0,IF2,210,-378.96492263775275
0,IF2,211,-373.6436949427794
0,IF2,212,-376.33350295465846
0,IF2,213,-379.92978455469955
0,IF2,214,-376.90442825119027
0,IF2,215,-376.9620023557954
0,IF2,216,-386.1600732787044
0,IF2,217,-368.8442670947438
0,IF2,218,-385.7507136662379
0,IF2,219,-391.6002298687261
0,IF2,220,-385.5243437762949
0,IF2,221,-381.4283219162619
0,IF2,222,-378.51210499491617
0,IF2,223,-385.602422007956
0,IF2,224,-378.42964781365964
0,IF2,225,-373.44240619385647
0,IF2,226,-375.10917873718984
0,IF2,227,-379.9214557097207
0,IF2,228,-371.6194356111351
0,IF2,229,-374.25655097330804
0,IF2,230,-380.5129744457248
0,IF2,231,-373.74336674200515
0,IF2,232,-372.41219920894736
0,IF2,233,-380.5830479203649
0,IF2,234,-376.47069801615476
0,IF2,235,-375.15311793323775
0,IF2,236,-372.83390409251825
0,IF2,237,-379.3900578070031
0,IF2,238,-375.5984685274329
0,IF2,239,-380.85288776976466
0,IF2,240,-374.35623339302396
0,IF2,241,-372.41207498156894
0,IF2,242,-371.86774333144416
0,IF2,243,-388.3207198724346
0,IF2,244,-375.26978940413846
0,IF2,245,-374.31250471828895
0,IF2,246,-372.30945067171234
0,IF2,247,-381.91373198762227
0,IF2,248,-374.86440217728136
0,IF2,249,-374.40028201049876
0,IF2,250,-362.8264706949963
0,IF2,251,-371.0378977232592
0,IF2,252,-378.9963330432718
0,IF2,253,-372.06722981898434
0,IF2,254,-376.63985782553715
0,IF2,255,-376.0356908364227
0,IF2,256,-375.62304832952753
0,IF2,257,-366.22310925737526
0,IF2,258,-376.27958260875374
0,IF2,259,-379.5130261701975
0,IF2,260,-375.67107428539845
0,IF2,261,-375.4103749489821
0,IF2,262,-366.73244685483377
0,IF2,263,-379.24673289012736
0,IF2,264,-390.3993003364014
0,IF2,265,-381.5081521238043
0,IF2,266,-376.24025512890705
0,IF2,267,-378.5471880220029
0,IF2,268,-370.367759063155
0,IF2,269,-378.7597792414243
0,IF2,270,-383.9504851404959
0,IF2,271,-384.25015450934274
0,IF2,272,-377.3509598861023
0,IF2,273,-381.65323890997274
0,IF2,274,-375.87360490062923
0,IF2,275,-377.2241949741347
0,IF2,276,-373.4326108523334
0,IF2,277,-371.79777442358363
0,IF2,278,-389.2872088753568
0,IF2,279,-379.0615695276528
0,IF2,280,-374.2286710639843
0,IF2,281,-374.3335699897216
0,IF2,282,-374.93057619095015
0,IF2,283,-376.2049730658066
0,IF2,284,-381.5844372680629
0,IF2,285,-373.5535695303459
0,IF2,286,-382.91957212876525
0,IF2,287,-383.007986201535
0,IF2,288,-381.60034120110083
0,IF2,289,-374.8842901422281
0,IF2,290,-386.0708097500419
0,IF2,291,-377.6385895157682
0,IF2,292,-376.5961617502184
0,IF2,293,-377.49068982013847
0,IF2,294,-363.62113726776556
0,IF2,295,-373.36209474467165
0,IF2,296,-382.3568374784666
0,IF2,297,-380.08906265306507
0,IF2,298,-377.50182373885247
0,IF2,299,-377.55989190754855
0,IF2,300,-372.1773237122482
0,IF2,301,-371.04098311147146
0,IF2,302,-389.7382321054144
0,IF2,303,-376.93127939408174
0,IF2,304,-383.22377517568236
0,IF2,305,-370.87918327227965
0,IF2,306,-377.9272204653706
0,IF2,307,-383.9541929358397
0,IF2,308,-380.7348371020984
0,IF2,309,-367.6131686105832
0,IF2,310,-362.9717765278327
0,IF2,311,-367.57791397656536
0,IF2,312,-381.91814203947354
0,IF2,313,-376.0440614755634
0,IF2,314,-368.68767138385806
0,IF2,315,-381.93542877152674
0,IF2,316,-381.78349129263705
0,IF2,317,-374.64728138307305
0,IF2,318,-369.6550056504456
0,IF2,319,-374.7236992316684
0,IF2,320,-372.5183049572821
0,IF2,321,-375.61933515282374
0,IF2,322,-366.3146029864333
0,IF2,323,-381.7872052347103
0,IF2,324,-377.58097496661344
0,IF2,325,-367.47870271410864
0,IF2,326,-377.27018013573144
0,IF2,327,-380.13064160030837
0,IF2,328,-376.6560372583861
0,IF2,329,-374.9332639667418
0,IF2,330,-368.7298134800489
0,IF2,331,-384.592199903269
0,IF2,332,-374.87226499103514
0,IF2,333,-374.2477621179978
0,IF2,334,-377.4817929384405
0,IF2,335,-376.3463366714668
0,IF2,336,-373.4972977383307
0,IF2,337,-386.53845705585815
0,IF2,338,-387.0890552765317
0,IF2,339,-377.72365431813955
0,IF2,340,-374.7463109378607
0,IF2,341,-381.95920175212274
0,IF2,342,-381.7606951089162
0,IF2,343,-377.497503894072
0,IF2,344,-369.3703266874795
0,IF2,345,-381.72677778474855
0,IF2,346,-370.882573362083
0,IF2,347,-375.01424241799765
0,IF2,348,-378.91736189487676
0,IF2,349,-367.24552165387195
0,IF2,350,-382.3515869583658
0,IF2,351,-376.9717616332197
0,IF2,352,-372.3681009754532
0,IF2,353,-385.1937156151729
0,IF2,354,-384.87612263787895
0,IF2,355,-373.98173980998354
0,IF2,356,-383.46487433189645
0,IF2,357,-382.18866799918277
0,IF2,358,-367.7998689321626
0,IF2,359,-385.82863805624646
0,IF2,360,-379.18601647833253
0,IF2,361,-372.264484398236
0,IF2,362,-368.95466885165865
0,IF2,363,-377.43259573886684
0,IF2,364,-382.17110226621946
0,IF2,365,-378.3423071550593
0,IF2,366,-369.46523851762777
0,IF2,367,-387.7584185383211
0,IF2,368,-375.05907899916633
0,IF2,369,-384.43155689142264
0,IF2,370,-371.59646839759796
0,IF2,371,-380.1143923427263
0,IF2,372,-373.6518200737496
0,IF2,373,-393.0830891453514
0,IF2,374,-371.60110725370885
0,IF2,375,-379.3164482543239
0,IF2,376,-374.25737748877555
0,IF2,377,-372.55056116903256
0,IF2,378,-370.59801021840906
0,IF2,379,-383.3304721486705
0,IF2,380,-370.91516461398874
0,IF2,381,-377.5936021207716
0,IF2,382,-372.1536156975784
0,IF2,383,-381.60005396156345
0,IF2,384,-381.74862554259255
0,IF2,385,-373.6938755855448
0,IF2,386,-378.99962358457765
0,IF2,387,-370.08118452007966
0,IF2,388,-387.78164417652516
0,IF2,389,-386.4860998143646
0,IF2,390,-381.2207875954631
0,IF2,391,-382.6450948898207
0,IF2,392,-385.3807462569323
0,IF2,393,-386.8812499901943
0,IF2,394,-384.1176507922649
0,IF2,395,-373.9801136772147
0,IF2,396,-367.7748704879008
0,IF2,397,-368.0217937013085
0,IF2,398,-375.891311274844
0,IF2,399,-378.3089774657737
0,IF2,400,-381.05179745790156
0,IF2,401,-374.6763614150099
0,IF2,402,-370.88388485498353
0,IF2,403,-376.7364512951033
0,IF2,404,-373.2059090566327
0,IF2,405,-370.2239699289681
0,IF2,406,-387.9851117967474
0,IF2,407,-372.50683037146456
0,IF2,408,-388.39555351210157
0,IF2,409,-363.7727802937846
0,IF2,410,-363.9852778383122
0,IF2,411,-373.01563545722615
0,IF2,412,-386.4493104524459
0,IF2,413,-370.9998581565042
0,IF2,414,-386.28365653792343
0,IF2,415,-368.86286944056707
0,IF2,416,-367.29327096688496
0,IF2,417,-378.1460042281969
0,IF2,418,-374.29724342863625
0,IF2,419,-382.92810960794645
0,IF2,420,-372.9113392573736
0,IF2,421,-376.545897848502
0,IF2,422,-376.0172343260597
0,IF2,423,-379.37408352528905
0,IF2,424,-373.92709551520795
0,IF2,425,-390.52582293915697
0,IF2,426,-388.94079406718157
0,IF2,427,-377.1311468956905
0,IF2,428,-379.53782284077374
0,IF2,429,-381.46594734631776
0,IF2,430,-378.9007013086241
0,IF2,431,-384.739889553253
0,IF2,432,-383.32159854415227
0,IF2,433,-377.3196219548164
0,IF2,434,-377.9380441296074
0,IF2,435,-369.08497467600233
0,IF2,436,-377.35011200335265
0,IF2,437,-373.8194526182729
0,IF2,438,-365.2710855428222
0,IF2,439,-381.11233756897303
0,IF2,440,-372.8315511261848
0,IF2,441,-366.90157445007685
0,IF2,442,-373.5957336742665
0,IF2,443,-377.14983176970384
0,IF2,444,-381.836227717046
0,IF2,445,-383.14561681306236
0,IF2,446,-383.43509464602494
0,IF2,447,-373.38431328056487
0,IF2,448,-372.47904904726965
0,IF2,449,-376.0505718028808
0,IF2,450,-381.2278904051339
0,IF2,451,-381.2627312312397
0,IF2,452,-374.7858756984491
0,IF2,453,-371.2554924411844
0,IF2,454,-373.5994150037286
0,IF2,455,-382.9364477235644
0,IF2,456,-368.5456657920804
0,IF2,457,-370.6772161872981
0,IF2,458,-374.79854624429265
0,IF2,459,-373.81726097206115
0,IF2,460,-384.28789213386926
0,IF2,461,-387.2587662673493
0,IF2,462,-382.18308563726237
0,IF2,463,-372.73079864597156
0,IF2,464,-376.14125062296654
0,IF2,465,-367.244431294835
0,IF2,466,-383.86439060096626
0,IF2,467,-370.21199758519344
0,IF2,468,-370.39623819829905
0,IF2,469,-372.7950439062533
0,IF2,470,-369.4597754016334
0,IF2,471,-377.3953143612793
0,IF2,472,-376.154373648684
0,IF2,473,-382.96474394086357
0,IF2,474,-371.02323923176516
0,IF2,475,-364.2830622492921
0,IF2,476,-371.8220467149472
0,IF2,477,-371.67823722258333
0,IF2,478,-376.3819866537587
0,IF2,479,-373.65591039289785
0,IF2,480,-374.77134966139846
0,IF2,481,-382.3382118723388
0,IF2,482,-380.62266089914397
0,IF2,483,-384.76789882161603
0,IF2,484,-381.7972729987992
0,IF2,485,-366.2708051677624
0,IF2,486,-360.42156757721295
0,IF2,487,-380.29132382121315
0,IF2,488,-376.0923878207967
0,IF2,489,-373.30741368063826
0,IF2,490,-384.608864038683
0,IF2,491,-378.5934909292393
0,IF2,492,-369.7786521136736
0,IF2,493,-367.5668732142268
0,IF2,494,-375.56352214681385
0,IF2,495,-368.2590058906172
0,IF2,496,-383.03234140083003
0,IF2,497,-378.9239402871152
0,IF2,498,-381.93043621043984
0,IF2,499,-377.9255389439087
0,IF2,500,-378.1005063289219
0,IF2,501,-381.04620937398835
0,IF2,502,-379.97806986242324
0,IF2,503,-378.26829436660876
0,IF2,504,-387.7320276003808
0,IF2,505,-377.48916545924436
0,IF2,506,-380.4614454854179
0,IF2,507,-372.5381426859302
0,IF2,508,-366.4530647005039
0,IF2,509,-378.1372094890076
0,IF2,510,-363.62985609434
0,IF2,511,-363.79891746872636
0,IF2,512,-387.6568642290709
0,IF2,513,-385.48640100381004
0,IF2,514,-375.9663894890584
0,IF2,515,-372.67772737094754
0,IF2,516,-373.6102148441499
0,IF2,517,-371.6313458371341
0,IF2,518,-365.1224892909224
0,IF2,519,-379.6480626606751
0,IF2,520,-376.0034334573576
0,IF2,521,-381.4543219037426
0,IF2,522,-382.687146747797
0,IF2,523,-381.1914627825257
0,IF2,524,-389.93211774862
0,IF2,525,-378.26221077544704
0,IF2,526,-371.19772833147164
0,IF2,527,-370.01252403777096
0,IF2,528,-366.3160221631248
0,IF2,529,-377.6943745265589
0,IF2,530,-384.5966873614623
0,IF2,531,-371.4644866106288
0,IF2,532,-365.16375167911514
0,IF2,533,-361.09243129187826
0,IF2,534,-361.0355459393849
0,IF2,535,-387.95281606097734
0,IF2,536,-382.3806676789971
0,IF2,537,-387.960138092789
0,IF2,538,-383.78048802324486
0,IF2,539,-381.2241564501714
0,IF2,540,-366.2361788140954
0,IF2,541,-379.0461388171457
0,IF2,542,-363.5037983644281
0,IF2,543,-380.96818394878096
0,IF2,544,-378.72028913662456
0,IF2,545,-368.0505418608099
0,IF2,546,-379.1446705455697
0,IF2,547,-375.83909386998744
0,IF2,548,-371.3841876574735
0,IF2,549,-368.97408471954367
0,IF2,550,-382.081519265859
0,IF2,551,-377.8691397167918
0,IF2,552,-371.95509469796616
0,IF2,553,-375.2666537955646
0,IF2,554,-371.2757019695566
0,IF2,555,-367.4674278363227
0,IF2,556,-379.5086180390165
0,IF2,557,-377.3750819967428
0,IF2,558,-380.7278981718736
0,IF2,559,-374.6836746999971
0,IF2,560,-373.24505918047134
0,IF2,561,-379.7505146420031
0,IF2,562,-382.5199234653028
0,IF2,563,-370.8160211456522
0,IF2,564,-377.01629372864926
0,IF2,565,-382.5460665593653
0,IF2,566,-376.0635346016218
0,IF2,567,-379.59046590502317
0,IF2,568,-385.6008563750684
0,IF2,569,-382.4644582478529
0,IF2,570,-372.96559191949626
0,IF2,571,-386.17031122376414
0,IF2,572,-371.71719813207454
0,IF2,573,-380.87969979817876
0,IF2,574,-379.87272603402783
0,IF2,575,-375.44039696517825
0,IF2,576,-375.2567260303848
0,IF2,577,-376.6742856199726
0,IF2,578,-374.1130383843873
0,IF2,579,-383.9438750711033
0,IF2,580,-375.06018475949776
0,IF2,581,-363.0064891507715
0,IF2,582,-386.87349128317834
0,IF2,583,-373.22959441592064
0,IF2,584,-366.22484612505406
0,IF2,585,-365.9567118700713
0,IF2,586,-381.6017902457327
0,IF2,587,-366.67503517085834
0,IF2,588,-379.95804310310086
0,IF2,589,-381.452665386175
0,IF2,590,-379.2255741997896
0,IF2,591,-376.95238394289953
0,IF2,592,-379.3019829241322
0,IF2,593,-384.9456516793694
0,IF2,594,-371.5327394020255
0,IF2,595,-374.20002148517744
0,IF2,596,-377.0360903373204
0,IF2,597,-377.6815873738666
0,IF2,598,-376.8725275906245
0,IF2,599,-383.18443291781523
0,IFAD,0,-390.9542881437484
0,IFAD,1,-404.5614391792478
0,IFAD,2,-395.74456076768615
0,IFAD,3,-432.1406820043228
0,IFAD,4,-427.68373861085433
0,IFAD,5,-394.9875423588238
0,IFAD,6,-397.4003567697513
0,IFAD,7,-377.7463984324006
0,IFAD,8,-393.43144983091486
0,IFAD,9,-377.5342142085854
0,IFAD,10,-378.80656440032726
0,IFAD,11,-368.37665334276295
0,IFAD,12,-389.2675075080013
0,IFAD,13,-407.1569991853312
0,IFAD,14,-404.74901163678817
0,IFAD,15,-393.2844947637037
0,IFAD,16,-386.0269344717693
0,IFAD,17,-382.45325596474424
0,IFAD,18,-376.0207083976939
0,IFAD,19,-378.64077393698665
0,IFAD,20,-370.5452543037416
0,IFAD,21,-384.69311769370114
0,IFAD,22,-392.38314780533676
0,IFAD,23,-397.1247551797625
0,IFAD,24,-387.0453774533447
0,IFAD,25,-388.08464817767316
0,IFAD,26,-390.44949616776717
0,IFAD,27,-393.22552871689294
0,IFAD,28,-408.476879901812
0,IFAD,29,-393.79176683504124
0,IFAD,30,-407.33353686368474
0,IFAD,31,-408.7620851479016
0,IFAD,32,-386.3774861215283
0,IFAD,33,-392.6567806274156
0,IFAD,34,-378.64855176626884
0,IFAD,35,-380.2228351666248
0,IFAD,36,-378.52545494431064
0,IFAD,37,-376.89477184846487
0,IFAD,38,-382.2432489068338
0,IFAD,39,-394.16653445259914
0,IFAD,40,-399.2841447541766
0,IFAD,41,-404.13600677962063
0,IFAD,42,-419.60593177167743
0,IFAD,43,-424.202588112247
0,IFAD,44,-393.7178870961635
0,IFAD,45,-376.38219024821115
0,IFAD,46,-377.07243836813313
0,IFAD,47,-397.8339230643565
0,IFAD,48,-379.5009456530921
0,IFAD,49,-397.2022833028813
0,IFAD,50,-365.06370738650793
0,IFAD,51,-412.84822857691336
0,IFAD,52,-402.79221317261033
0,IFAD,53,-398.6021343583172
0,IFAD,54,-410.95230591402486
0,IFAD,55,-413.5357987875946
0,IFAD,56,-403.5210043644959
0,IFAD,57,-414.4918686494291
0,IFAD,58,-402.8888208924992
0,IFAD,59,-403.778827288395
0,IFAD,60,-395.61828229189683
0,IFAD,61,-374.2376339974231
0,IFAD,62,-379.464116955365
0,IFAD,63,-373.4014732291974
0,IFAD,64,-378.21106230466575
0,IFAD,65,-382.3512174652718
0,IFAD,66,-380.2456847783144
0,IFAD,67,-388.36835853424765
0,IFAD,68,-377.9317530490907
0,IFAD,69,-378.49034218195163
0,IFAD,70,-387.01254540120516
0,IFAD,71,-398.237499549583
0,IFAD,72,-377.38348540837535
0,IFAD,73,-385.4683482371611
0,IFAD,74,-383.30213092518744
0,IFAD,75,-385.151514384206
0,IFAD,76,-372.6272796544081
0,IFAD,77,-380.05826208404073
0,IFAD,78,-369.6685555328648
0,IFAD,79,-386.50873526554614
0,IFAD,80,-388.3138736125953
0,IFAD,81,-384.1764084822537
0,IFAD,82,-374.12772055396306
0,IFAD,83,-409.26832066120147
0,IFAD,84,-387.04859359121986
0,IFAD,85,-390.189407937863
0,IFAD,86,-385.3537294004764
0,IFAD,87,-373.9371277930376
0,IFAD,88,-378.8052410220537
0,IFAD,89,-370.64040352401975
0,IFAD,90,-376.8186170903369
0,IFAD,91,-391.6990002295226
0,IFAD,92,-380.3601752053985
0,IFAD,93,-385.1333943451026
0,IFAD,94,-380.2659150226886
0,IFAD,95,-385.07040420837166
0,IFAD,96,-380.7984849012892
0,IFAD,97,-395.38755229789626
0,IFAD,98,-383.78710813860596
0,IFAD,99,-391.55963494926687
0,IFAD,100,-368.22681845040205
0,IFAD,101,-384.7434925809995
0,IFAD,102,-377.7299008456167
0,IFAD,103,-371.66547648174014
0,IFAD,104,-372.07684368858827
0,IFAD,105,-381.2966273855763
0,IFAD,106,-369.95466899594254
0,IFAD,107,-381.81983234815925
0,IFAD,108,-379.5404594748305
0,IFAD,109,-383.17148222307935
0,IFAD,110,-376.40076453975007
0,IFAD,111,-375.8464709779803
0,IFAD,112,-379.24747691221194
0,IFAD,113,-380.8798922874176
0,IFAD,114,-384.5317314458011
0,IFAD,115,-376.82566671353106
0,IFAD,116,-366.9582693701178
0,IFAD,117,-372.0551415271939
0,IFAD,118,-386.13750336269095
0,IFAD,119,-369.41943917794316
0,IFAD,120,-367.099902575783
0,IFAD,121,-391.97880478674256
0,IFAD,122,-372.2003979931137
0,IFAD,123,-385.02634594689357
0,IFAD,124,-373.1322300727853
0,IFAD,125,-379.6084690533726
0,IFAD,126,-382.7464836038787
0,IFAD,127,-373.79874010009956
0,IFAD,128,-385.37994801265194
0,IFAD,129,-373.67702700825635
0,IFAD,130,-374.58768744452306
0,IFAD,131,-373.57480609618443
0,IFAD,132,-377.79169098055735
0,IFAD,133,-377.0429802562671
0,IFAD,134,-374.8782497253244
0,IFAD,135,-383.5049097117855
0,IFAD,136,-372.65640635759735
0,IFAD,137,-385.20290274760436
0,IFAD,138,-368.9236278504578
0,IFAD,139,-370.6707177015994
0,IFAD,140,-369.6076611548371
0,IFAD,141,-376.2441354975526
0,IFAD,142,-375.11750614339655
0,IFAD,143,-390.1116154068455
0,IFAD,144,-385.821534810133
0,IFAD,145,-370.6438147186481
0,IFAD,146,-364.7401192124276
0,IFAD,147,-380.63844980980724
0,IFAD,148,-367.3828369652888
0,IFAD,149,-367.03237167016516
0,IFAD,150,-377.290955714698
0,IFAD,151,-374.64990022703347
0,IFAD,152,-376.5225788818336
0,IFAD,153,-386.81576693886444
0,IFAD,154,-381.06096032244784
0,IFAD,155,-378.68218549637845
0,IFAD,156,-378.2037146362102
0,IFAD,157,-378.68417505021256
0,IFAD,158,-380.8975485888174
0,IFAD,159,-378.94509989929037
0,IFAD,160,-366.9200298851757
0,IFAD,161,-376.1428414200676
0,IFAD,162,-375.84724211645727
0,IFAD,163,-366.67353133993134
0,IFAD,164,-387.03559524960207
0,IFAD,165,-388.7635567993287
0,IFAD,166,-367.7506159470448
0,IFAD,167,-380.90013332713494
0,IFAD,168,-357.2198464188613
0,IFAD,169,-376.2860556260292
0,IFAD,170,-368.42463671838823
0,IFAD,171,-384.8572638943749
0,IFAD,172,-371.956399415881
0,IFAD,173,-382.2735330586964
0,IFAD,174,-382.2131755932677
0,IFAD,175,-379.285613072953
0,IFAD,176,-371.54831230151166
0,IFAD,177,-370.1979935067707
0,IFAD,178,-372.1335652398573
0,IFAD,179,-380.6862658332818
0,IFAD,180,-378.92646356171133
0,IFAD,181,-376.8712107975899
0,IFAD,182,-390.06340093807364
0,IFAD,183,-384.51925945554234
0,IFAD,184,-383.2888324189126
0,IFAD,185,-373.89751544740324
0,IFAD,186,-392.76712654210036
0,IFAD,187,-382.325642624168
0,IFAD,188,-372.3198642464085
0,IFAD,189,-365.91515563758736
0,IFAD,190,-377.51238834072797
0,IFAD,191,-381.3935307102959
0,IFAD,192,-381.21277408324477
0,IFAD,193,-370.0277503548125
0,IFAD,194,-380.6966906802576
0,IFAD,195,-378.88662894876785
0,IFAD,196,-371.8571967008504
0,IFAD,197,-384.27994855235676
0,IFAD,198,-383.39592674856146
0,IFAD,199,-367.32258058019715
0,IFAD,200,-374.99600446551375
0,IFAD,201,-369.39422167825256
0,IFAD,202,-377.34563815355716
0,IFAD,203,-374.5865441306957
0,IFAD,204,-375.41535570096016
0,IFAD,205,-377.44316119851214
0,IFAD,206,-376.18468329665507
0,IFAD,207,-377.01122141726734
0,IFAD,208,-380.02389031686573
0,IFAD,209,-384.8452526138469
0,IFAD,210,-379.4571544269292
0,IFAD,211,-383.52223165547025
0,IFAD,212,-371.47888588581856
0,IFAD,213,-368.88822345748633
0,IFAD,214,-367.7824946041058
0,IFAD,215,-366.5444441551879
0,IFAD,216,-377.6914015069485
0,IFAD,217,-378.35811014039297
0,IFAD,218,-375.61499740596815
0,IFAD,219,-383.1803717893423
0,IFAD,220,-379.45691588880186
0,IFAD,221,-373.20791745558176
0,IFAD,222,-371.7973326215072
0,IFAD,223,-381.59732627502495
0,IFAD,224,-373.79712682359354
0,IFAD,225,-382.0117041962898
0,IFAD,226,-373.4210162051694
0,IFAD,227,-378.84082344633026
0,IFAD,228,-367.22211474658303
0,IFAD,229,-374.94046103385426
0,IFAD,230,-387.9889699676406
0,IFAD,231,-374.667080418936
0,IFAD,232,-378.26479890919285
0,IFAD,233,-375.6310157714113
0,IFAD,234,-377.49787787209294
0,IFAD,235,-367.3059918585517
0,IFAD,236,-396.2998906069471
0,IFAD,237,-385.06218460973224
0,IFAD,238,-371.24681623337614
0,IFAD,239,-370.4839200852336
0,IFAD,240,-382.2066286341966
0,IFAD,241,-378.46171327856257
0,IFAD,242,-372.6098545954762
0,IFAD,243,-382.92763316461014
0,IFAD,244,-364.1945244484974
0,IFAD,245,-386.6591859249414
0,IFAD,246,-387.7673640392222
0,IFAD,247,-377.5805892404082
0,IFAD,248,-378.43853608079223
0,IFAD,249,-375.56712586160205
0,IFAD,250,-368.7803995219022
0,IFAD,251,-384.233968097608
0,IFAD,252,-376.1435490911232
0,IFAD,253,-384.543303017758
0,IFAD,254,-378.2741131012295
0,IFAD,255,-380.59985700475704
0,IFAD,256,-380.04698806205784
0,IFAD,257,-382.02560142008895
0,IFAD,258,-370.9240915361384
0,IFAD,259,-390.32097056895645
0,IFAD,260,-368.44153843744976
0,IFAD,261,-381.7946076634321
0,IFAD,262,-376.09831564653564
0,IFAD,263,-378.70336976500107
0,IFAD,264,-391.6352283492489
0,IFAD,265,-372.57115770556186
0,IFAD,266,-385.12879177894365
0,IFAD,267,-374.0732080071617
0,IFAD,268,-381.44752681366
0,IFAD,269,-371.1510091937712
0,IFAD,270,-362.5832724421184
0,IFAD,271,-381.125269495335
0,IFAD,272,-378.8890803044804
0,IFAD,273,-379.9881089409097
0,IFAD,274,-371.5047878747329
0,IFAD,275,-372.6717692161588
0,IFAD,276,-367.265352531225
0,IFAD,277,-378.64430920208434
0,IFAD,278,-379.0442307772257
0,IFAD,279,-377.61763064789915
0,IFAD,280,-381.0035569369878
0,IFAD,281,-369.27892659617083
0,IFAD,282,-375.87120788957594
0,IFAD,283,-371.60002798828356
0,IFAD,284,-364.80052408316794
0,IFAD,285,-369.232267533164
0,IFAD,286,-374.0892715552212
0,IFAD,287,-379.6587168072595
0,IFAD,288,-376.4574048464539
0,IFAD,289,-375.5225773908907
0,IFAD,290,-377.67990590555
0,IFAD,291,-385.5456379891435
0,IFAD,292,-379.10355158512436
0,IFAD,293,-380.2465945319752
0,IFAD,294,-375.06851751563926
0,IFAD,295,-375.70417633701203
0,IFAD,296,-370.872661932149
0,IFAD,297,-365.7504644968556
0,IFAD,298,-365.3532533629109
0,IFAD,299,-377.6347972403163
0,IFAD,300,-391.169530272575
0,IFAD,301,-378.44692762640744
0,IFAD,302,-383.74853429678905
0,IFAD,303,-382.8396997293973
0,IFAD,304,-384.22342695317167
0,IFAD,305,-385.78344966758414
0,IFAD,306,-378.99971907778826
0,IFAD,307,-379.67938293939335
0,IFAD,308,-375.60586874564734
0,IFAD,309,-369.7735757792836
0,IFAD,310,-370.08230269783627
0,IFAD,311,-377.248278503879
0,IFAD,312,-378.68931975586713
0,IFAD,313,-372.4964662942327
0,IFAD,314,-379.4546334973203
0,IFAD,315,-365.65079205343903
0,IFAD,316,-366.12404831320583
0,IFAD,317,-386.1665396126486
0,IFAD,318,-382.56269524333317
0,IFAD,319,-371.04585914947137
0,IFAD,320,-374.9995950839358
0,IFAD,321,-378.051740055267
0,IFAD,322,-381.9958906632521
0,IFAD,323,-366.74616663202
0,IFAD,324,-371.2541199165318
0,IFAD,325,-379.5374406790096
0,IFAD,326,-368.92945052153203
0,IFAD,327,-380.44546137234744
0,IFAD,328,-375.51007009002745
0,IFAD,329,-377.6477841199468
0,IFAD,330,-382.75176536105863
0,IFAD,331,-379.26253153514506
0,IFAD,332,-375.83191238176744
0,IFAD,333,-367.0027887952057
0,IFAD,334,-386.40785572728254
0,IFAD,335,-365.51397296427774
0,IFAD,336,-360.97600231332035
0,IFAD,337,-360.72488078951557
0,IFAD,338,-384.89130837587686
0,IFAD,339,-369.96696982612684
0,IFAD,340,-383.0282121255937
0,IFAD,341,-373.406007438494
0,IFAD,342,-378.69064365456666
0,IFAD,343,-390.1397712622578
0,IFAD,344,-371.87270270418594
0,IFAD,345,-374.1773048080376
0,IFAD,346,-370.16466572368313
0,IFAD,347,-370.00337541474096
0,IFAD,348,-374.7972313837188
0,IFAD,349,-377.7725263486042
0,IFAD,350,-367.1300194753282
0,IFAD,351,-382.03718520510273
0,IFAD,352,-373.40016423159784
0,IFAD,353,-374.5228998325382
0,IFAD,354,-375.68573973184016
0,IFAD,355,-368.7696538530415
0,IFAD,356,-374.018475982221
0,IFAD,357,-371.50100585759367
0,IFAD,358,-375.45790906431
0,IFAD,359,-369.67521665211757
0,IFAD,360,-371.7204133110394
0,IFAD,361,-374.7323935066417
0,IFAD,362,-388.89400283786114
0,IFAD,363,-376.6616982435702
0,IFAD,364,-379.44057425052915
0,IFAD,365,-370.12359849000893
0,IFAD,366,-370.55825000107063
0,IFAD,367,-369.24614497155386
0,IFAD,368,-379.9139214973046
0,IFAD,369,-369.14691784099045
0,IFAD,370,-378.5462842796425
0,IFAD,371,-376.78259501702087
0,IFAD,372,-372.1769373283811
0,IFAD,373,-384.09986170605254
0,IFAD,374,-385.1152819953672
0,IFAD,375,-369.7084995014632
0,IFAD,376,-377.6699886473017
0,IFAD,377,-374.76860607347845
0,IFAD,378,-379.0028797682826
0,IFAD,379,-389.59846250652487
0,IFAD,380,-368.5805021546224
0,IFAD,381,-381.3103017155909
0,IFAD,382,-365.7580782880635
0,IFAD,383,-371.2400927216949
0,IFAD,384,-372.0233049122871
0,IFAD,385,-380.9989261123171
0,IFAD,386,-371.44846784310135
0,IFAD,387,-389.3366652239939
0,IFAD,388,-373.9830575922912
0,IFAD,389,-365.747423655358
0,IFAD,390,-373.1784697753854
0,IFAD,391,-377.8680356489259
0,IFAD,392,-377.65039903223493
0,IFAD,393,-365.11472170503555
0,IFAD,394,-384.9207694104148
0,IFAD,395,-369.7407827222285
0,IFAD,396,-377.7573123921474
0,IFAD,397,-386.64144869950536
0,IFAD,398,-385.5408221862037
0,IFAD,399,-367.42393033328534
1,IF2,0,-413.8692804315404
1,IF2,1,-364.7361094071114
1,IF2,2,-390.752399526361
1,IF2,3,-376.10993202065555
1,IF2,4,-367.41691515362555
1,IF2,5,-382.24154160852896
1,IF2,6,-386.8765467815768
1,IF2,7,-372.04958470282617
1,IF2,8,-384.1261522112192
1,IF2,9,-374.73526790977814
1,IF2,10,-392.63104472656545
1,IF2,11,-391.3906664026956
1,IF2,12,-381.96856222113934
1,IF2,13,-393.2358092022541
1,IF2,14,-394.3005612575503
1,IF2,15,-422.38152208122716
1,IF2,16,-423.33835770342495
1,IF2,17,-443.68463055158935
1,IF2,18,-429.1183490889239
1,IF2,19,-400.9793013904579
1,IF2,20,-400.88645850224515
1,IF2,21,-399.05778856051376
1,IF2,22,-382.2051241436597
1,IF2,23,-373.38849104555766
1,IF2,24,-390.8967801928791
1,IF2,25,-393.7295596949273
1,IF2,26,-384.2497333241761
1,IF2,27,-389.60417196616504
1,IF2,28,-408.33407507524964
1,IF2,29,-389.1754269678261
1,IF2,30,-391.33320035908565
1,IF2,31,-390.14161262223973
1,IF2,32,-401.62205100057014
1,IF2,33,-390.11104198608666
1,IF2,34,-406.9653266592829
1,IF2,35,-393.3587705764104
1,IF2,36,-426.62276658659147
1,IF2,37,-430.2941866435312
1,IF2,38,-409.2380038524252
1,IF2,39,-404.8124200121818
1,IF2,40,-398.71674193624307
1,IF2,41,-394.0885730935858
1,IF2,42,-391.35968315512366
1,IF2,43,-404.7780612781934
1,IF2,44,-406.7157915655425
1,IF2,45,-434.1905838284747
1,IF2,46,-444.9341364315195
1,IF2,47,-492.053760297129
1,IF2,48,-472.68429050973
1,IF2,49,-462.8989591991879
1,IF2,50,-474.12089920299917
1,IF2,51,-459.5170479725194
1,IF2,52,-440.98848230441166
1,IF2,53,-424.0621882294156
1,IF2,54,-436.5453748864772
1,IF2,55,-429.47662505566717
1,IF2,56,-416.90586806312945
1,IF2,57,-423.52661787013903
1,IF2,58,-420.0885757652199
1,IF2,59,-420.4574635933717
1,IF2,60,-409.26278495704645
1,IF2,61,-412.45127949662094
1,IF2,62,-407.334031461749
1,IF2,63,-401.95996359537986
1,IF2,64,-423.3466540606303
1,IF2,65,-409.3225728407362
1,IF2,66,-415.83401766216275
1,IF2,67,-420.4716360089596
1,IF2,68,-412.65925726991236
1,IF2,69,-421.05091001353895
1,IF2,70,-425.2377072569875
1,IF2,71,-403.287324439959
1,IF2,72,-402.47501289007135
1,IF2,73,-409.0937158087924
1,IF2,74,-410.1930669997713
1,IF2,75,-395.07665455322297
1,IF2,76,-394.349381977444
1,IF2,77,-385.03353485625126
1,IF2,78,-385.3288588321608
1,IF2,79,-390.6757323371201
1,IF2,80,-388.86527398224194
1,IF2,81,-397.4597462060901
1,IF2,82,-383.30701766585526
1,IF2,83,-380.09528779821153
1,IF2,84,-376.36952789702303
1,IF2,85,-381.31313927388504
1,IF2,86,-371.36985666577505
1,IF2,87,-383.1773033654639
1,IF2,88,-382.35427401600833
1,IF2,89,-391.3291525174048
1,IF2,90,-403.8792006543639
1,IF2,91,-392.81196881235275
1,IF2,92,-388.1849219709799
1,IF2,93,-383.6734391930368
1,IF2,94,-387.7701941827115
1,IF2,95,-381.09890416255615
1,IF2,96,-393.33348844278976
1,IF2,97,-396.4229310486257
1,IF2,98,-385.5477739089908
1,IF2,99,-398.1479145803764
1,IF2,100,-401.4055798583229
1,IF2,101,-407.87258810603237
1,IF2,102,-403.7333938097631
1,IF2,103,-423.0168291585867
1,IF2,104,-414.8298295780103
1,IF2,105,-409.6615622412481
1,IF2,106,-440.6429990898817
1,IF2,107,-425.7655335623945
1,IF2,108,-420.4803233538106
1,IF2,109,-413.2795983263948
1,IF2,110,-395.1329306437178
1,IF2,111,-393.80063840904313
1,IF2,112,-401.54801770086743
1,IF2,113,-402.75153168242696
1,IF2,114,-392.6370514480438
1,IF2,115,-393.9290040556056
1,IF2,116,-381.72039882072113
1,IF2,117,-393.3568242596116
1,IF2,118,-391.20996498480844
1,IF2,119,-392.08328911237294
1,IF2,120,-401.51809446340826
1,IF2,121,-387.7204252545849
1,IF2,122,-392.24276405891595
1,IF2,123,-383.737195694212
1,IF2,124,-371.85940004094357
1,IF2,125,-390.34806568730147
1,IF2,126,-387.7310299378799
1,IF2,127,-372.66051996190976
1,IF2,128,-383.2836991035939
1,IF2,129,-373.521622428926
1,IF2,130,-378.7739769669715
1,IF2,131,-374.2688779822328
1,IF2,132,-383.56489301380356
1,IF2,133,-390.95746492959177
1,IF2,134,-388.452055765884
1,IF2,135,-394.02156564963474
1,IF2,136,-385.5432938445461
1,IF2,137,-400.2067975269222
1,IF2,138,-387.89736337427735
1,IF2,139,-388.78462022451083
1,IF2,140,-384.498532134449
1,IF2,141,-387.2833196074832
1,IF2,142,-383.8567453381436
1,IF2,143,-385.98969071458424
1,IF2,144,-391.9506460250422
1,IF2,145,-381.1453602375766
1,IF2,146,-378.3034228591154
1,IF2,147,-386.4595234627662
1,IF2,148,-379.7870056306504
1,IF2,149,-379.40659978990647
1,IF2,150,-376.5758140841697
1,IF2,151,-388.27898538469987
1,IF2,152,-395.0345116765961
1,IF2,153,-376.72350343508725
1,IF2,154,-375.8396451806595
1,IF2,155,-380.999211627574
1,IF2,156,-377.0951586281551
1,IF2,157,-372.2449089383762
1,IF2,158,-382.21674621900206
1,IF2,159,-389.57980591095384
1,IF2,160,-381.77711681009345
1,IF2,161,-381.2817137731377
1,IF2,162,-393.86606224167383
1,IF2,163,-389.2716413922532
1,IF2,164,-388.7930379439938
1,IF2,165,-389.28858422809947
1,IF2,166,-378.7625727822218
1,IF2,167,-389.6251400877803
1,IF2,168,-384.6270604112699
1,IF2,169,-387.77597214888175
1,IF2,170,-404.73888179456026
1,IF2,171,-382.8743817677706
1,IF2,172,-390.45479597427675
1,IF2,173,-390.53557006242403
1,IF2,174,-381.7687598687293
1,IF2,175,-395.41091825491014
1,IF2,176,-393.82767022575626
1,IF2,177,-398.6956846820876
1,IF2,178,-396.477235806146
1,IF2,179,-400.7730299979646
1,IF2,180,-397.3288482087021
1,IF2,181,-407.3403597068931
1,IF2,182,-410.031217650631
1,IF2,183,-400.0686350033937
1,IF2,184,-405.833559781011
1,IF2,185,-403.0067045100867
1,IF2,186,-411.49351317388533
1,IF2,187,-416.52906777764787
1,IF2,188,-406.9696373394824
1,IF2,189,-410.79310705039507
1,IF2,190,-402.24393300778087
1,IF2,191,-392.1502440420031
1,IF2,192,-394.6221026622621
1,IF2,193,-407.9092228428948
1,IF2,194,-397.9417515629335
1,IF2,195,-405.9823153654318
1,IF2,196,-405.15778762437094
1,IF2,197,-405.2755005856019
1,IF2,198,-398.6969209740691
1,IF2,199,-405.04900894301574
1,IF2,200,-399.62738815105035
1,IF2,201,-414.82417625898205
1,IF2,202,-411.6976613303028
1,IF2,203,-401.71189393691014
1,IF2,204,-405.54434902246317
1,IF2,205,-410.2662765885934
1,IF2,206,-416.7317469820113
1,IF2,207,-406.5369104003973
1,IF2,208,-409.78145493455924
1,IF2,209,-399.7991383447971
1,IF2,210,-399.3938958528877
1,IF2,211,-406.70566806374006
1,IF2,212,-404.3961133394536
1,IF2,213,-390.71921934047685
1,IF2,214,-399.0105766709267
1,IF2,215,-414.2523374619242
1,IF2,216,-401.29466628531355
1,IF2,217,-407.10242479964177
1,IF2,218,-406.8244133883139
1,IF2,219,-406.2504085553608
1,IF2,220,-401.22347128913145
1,IF2,221,-396.2780887553307
1,IF2,222,-394.8604000397671
1,IF2,223,-407.5035014743548
1,IF2,224,-392.2503594862897
1,IF2,225,-412.5842568386994
1,IF2,226,-411.18303757973945
1,IF2,227,-408.41732094676775
1,IF2,228,-387.7468277742559
1,IF2,229,-397.31078914125345
1,IF2,230,-397.03955953410104
1,IF2,231,-393.00061829911954
1,IF2,232,-408.5745801510937
1,IF2,233,-402.5903043831302
1,IF2,234,-395.6978885953233
1,IF2,235,-389.54822852116035
1,IF2,236,-393.3798304539499
1,IF2,237,-409.05200368674065
1,IF2,238,-393.2549998011697
1,IF2,239,-396.6479159721868
1,IF2,240,-408.90545599861827
1,IF2,241,-396.7691448159905
1,IF2,242,-393.5324273576058
1,IF2,243,-404.35296710209144
1,IF2,244,-398.8497406072688
1,IF2,245,-389.6084494984516
1,IF2,246,-387.8555816641211
1,IF2,247,-399.96680546535714
1,IF2,248,-402.19267165772084
1,IF2,249,-389.8995406587364
1,IF2,250,-402.75377922294484
1,IF2,251,-409.70247208969266
1,IF2,252,-406.9914754012933
1,IF2,253,-390.78935882099364
1,IF2,254,-394.7394729495043
1,IF2,255,-410.2071560686475
1,IF2,256,-404.8304322388668
1,IF2,257,-385.2507788422068
1,IF2,258,-401.4865766098751
1,IF2,259,-404.3458383638907
1,IF2,260,-388.35122006848553
1,IF2,261,-398.017406575771
1,IF2,262,-396.4727759076752
1,IF2,263,-405.98584949889346
1,IF2,264,-397.3700641159812
1,IF2,265,-396.5586880492639
1,IF2,266,-394.3565740312439
1,IF2,267,-394.9132512802977
1,IF2,268,-396.901636599694
1,IF2,269,-399.24826535766516
1,IF2,270,-391.2409703142512
1,IF2,271,-394.2469887556288
1,IF2,272,-386.75875424381417
1,IF2,273,-396.3662597658002
1,IF2,274,-382.74051979260173
1,IF2,275,-405.10867247814383
1,IF2,276,-399.761541620265
1,IF2,277,-395.77984361112345
1,IF2,278,-407.983851206694
1,IF2,279,-399.8510933869352
1,IF2,280,-390.7831516007639
1,IF2,281,-408.12484670575424
1,IF2,282,-392.46798481450975
1,IF2,283,-398.2924350797482
1,IF2,284,-392.599400817587
1,IF2,285,-395.22725007253166
1,IF2,286,-397.9383448534856
1,IF2,287,-388.7594521163816
1,IF2,288,-388.58529707770515
1,IF2,289,-389.80363810380544
1,IF2,290,-393.15694025486215
1,IF2,291,-392.1229230882811
1,IF2,292,-405.0109852241561
1,IF2,293,-402.51320699814846
1,IF2,294,-398.78600138935457
1,IF2,295,-391.3662014976491
1,IF2,296,-397.2062472869348
1,IF2,297,-405.8862533385866
1,IF2,298,-395.8465895130684
1,IF2,299,-399.31842275626076
1,IF2,300,-383.2048701906611
1,IF2,301,-404.84389062222266
1,IF2,302,-392.34136880233973
1,IF2,303,-393.34190546420444
1,IF2,304,-388.65888893046736
1,IF2,305,-396.45616531958234
1,IF2,306,-383.62208401292855
1,IF2,307,-399.315893122033
1,IF2,308,-395.01602997753236
1,IF2,309,-402.867500278263
1,IF2,310,-411.0524104661204
1,IF2,311,-390.07593513644434
1,IF2,312,-392.3480637506514
1,IF2,313,-396.6508641439216
1,IF2,314,-393.06399045522903
1,IF2,315,-397.66582028271347
1,IF2,316,-385.08789105607497
1,IF2,317,-407.18312018873087
1,IF2,318,-397.093415118415
1,IF2,319,-399.5407873464411
1,IF2,320,-398.22391174925804
1,IF2,321,-402.467495280093
1,IF2,322,-395.72109124144527
1,IF2,323,-400.22940909767686
1,IF2,324,-395.2615580999963
1,IF2,325,-397.07306448664195
1,IF2,326,-391.3452954384842
1,IF2,327,-392.030211514057
1,IF2,328,-396.56696604223674
1,IF2,329,-410.43887345582584
1,IF2,330,-395.74637400806444
1,IF2,331,-409.9636745802672
1,IF2,332,-389.52743697108673
1,IF2,333,-386.3329900232569
1,IF2,334,-392.40830031867443
1,IF2,335,-387.84958357244864
1,IF2,336,-395.36551436040014
1,IF2,337,-390.9379451288248
1,IF2,338,-407.6839668303269
1,IF2,339,-393.6372680712046
1,IF2,340,-391.50159484106763
1,IF2,341,-398.97033025858923
1,IF2,342,-403.6552029656762
1,IF2,343,-395.70206251026525
1,IF2,344,-389.7478764928748
1,IF2,345,-389.772994365162
1,IF2,346,-391.7034304285341
1,IF2,347,-393.239085272214
1,IF2,348,-401.3004819078103
1,IF2,349,-385.33590654158684
1,IF2,350,-392.53531212782593
1,IF2,351,-405.6120346858481
1,IF2,352,-396.2110494356962
1,IF2,353,-389.63583959486954
1,IF2,354,-396.888773391551
1,IF2,355,-386.671370872078
1,IF2,356,-405.3892580171795
1,IF2,357,-393.4885480631047
1,IF2,358,-399.1043043719903
1,IF2,359,-399.2491544980791
1,IF2,360,-383.8134908871782
1,IF2,361,-393.31928097613616
1,IF2,362,-390.35703982006225
1,IF2,363,-401.0381096645132
1,IF2,364,-402.8281108487417
1,IF2,365,-390.66306699149334
1,IF2,366,-392.9713280048059
1,IF2,367,-396.59833674457855
1,IF2,368,-397.93034774295796
1,IF2,369,-410.7168185812032
1,IF2,370,-383.26673141004494
1,IF2,371,-393.2235351530689
1,IF2,372,-394.82116400408034
1,IF2,373,-396.51597592466555
1,IF2,374,-388.7036713470804
1,IF2,375,-389.0542327473875
1,IF2,376,-403.5376691388358
1,IF2,377,-397.62814245770124
1,IF2,378,-390.07664612940175
1,IF2,379,-388.55398573562286
1,IF2,380,-392.42178026244426
1,IF2,381,-397.74161427664797
1,IF2,382,-389.9452553895277
1,IF2,383,-398.181078189214
1,IF2,384,-394.47179220674354
1,IF2,385,-395.0134791053494
1,IF2,386,-383.64252889841873
1,IF2,387,-387.1913911134247
1,IF2,388,-394.2195605691163
1,IF2,389,-403.5476174010613
1,IF2,390,-393.62692936002003
1,IF2,391,-401.49180743303435
1,IF2,392,-390.0109695072442
1,IF2,393,-385.8463881664387
1,IF2,394,-395.507197235957
1,IF2,395,-387.18929778593554
1,IF2,396,-398.3257867288674
1,IF2,397,-383.1828933279351
1,IF2,398,-407.9402218047744
1,IF2,399,-391.84203973358865
1,IF2,400,-404.25357011736037
1,IF2,401,-395.0811349383748
1,IF2,402,-386.12272448202947
1,IF2,403,-397.8131550588029
1,IF2,404,-375.09073450150476
1,IF2,405,-376.7838343202917
1,IF2,406,-386.2077479133275
1,IF2,407,-395.4065567546231
1,IF2,408,-398.6533806084299
1,IF2,409,-395.0053763739321
1,IF2,410,-389.6376501709898
1,IF2,411,-395.9546125575084
1,IF2,412,-391.650344859327
1,IF2,413,-385.9683551949458
1,IF2,414,-390.3345023602535
1,IF2,415,-397.99997989700086
1,IF2,416,-398.2880331017998
1,IF2,417,-400.305260243734
1,IF2,418,-401.62307629737955
1,IF2,419,-408.96470741271736
1,IF2,420,-396.1478864285406
1,IF2,421,-392.8991923744242
1,IF2,422,-387.30529698910055
1,IF2,423,-407.804733594705
1,IF2,424,-391.3415107971549
1,IF2,425,-398.07545228390086
1,IF2,426,-400.50227684872647
1,IF2,427,-385.74090341992274
1,IF2,428,-397.72969090970065
1,IF2,429,-410.2214417078498
1,IF2,430,-385.9559124342679
1,IF2,431,-397.97866059632304
1,IF2,432,-392.2559873037417
1,IF2,433,-388.9635509509506
1,IF2,434,-397.74961651608993
1,IF2,435,-391.25255812147253
1,IF2,436,-389.7217416053371
1,IF2,437,-397.6703396194761
1,IF2,438,-402.6721356918076
1,IF2,439,-391.84142284335184
1,IF2,440,-396.5301551520829
1,IF2,441,-389.7363419907471
1,IF2,442,-404.90478070534675
1,IF2,443,-392.2500928288366
1,IF2,444,-394.7545330158284
1,IF2,445,-395.2708382889151
1,IF2,446,-386.5537770389533
1,IF2,447,-396.7118011551711
1,IF2,448,-398.7853386477011
1,IF2,449,-398.14557833426045
1,IF2,450,-383.1876122061244
1,IF2,451,-400.1412305302898
1,IF2,452,-399.1350035624158
1,IF2,453,-403.8471358632432
1,IF2,454,-396.60342809701257
1,IF2,455,-382.4411515030902
1,IF2,456,-389.8841512219301
1,IF2,457,-401.29483535805895
1,IF2,458,-391.13874368411666
1,IF2,459,-397.2823291759225
1,IF2,460,-397.3052808414692
1,IF2,461,-392.8470509512597
1,IF2,462,-391.7165697198384
1,IF2,463,-387.95948189191824
1,IF2,464,-383.3284025952521
1,IF2,465,-401.4893341806411
1,IF2,466,-402.6363485816017
1,IF2,467,-397.1027699023269
1,IF2,468,-382.85528103705957
1,IF2,469,-395.8067316979449
1,IF2,470,-408.925348373503
1,IF2,471,-387.0569037343657
1,IF2,472,-401.52710919431354
1,IF2,473,-400.467554043841
1,IF2,474,-397.6462049553494
1,IF2,475,-386.44800488880924
1,IF2,476,-395.8157050724868
1,IF2,477,-391.8330565790279
1,IF2,478,-393.90607838265237
1,IF2,479,-391.6999827294743
1,IF2,480,-399.8375293519809
1,IF2,481,-391.1161980815951
1,IF2,482,-392.3288190420717
1,IF2,483,-387.3718909216646
1,IF2,484,-395.0538309847082
1,IF2,485,-401.7785431778535
1,IF2,486,-409.3930212489015
1,IF2,487,-386.2889984704415
1,IF2,488,-412.29721284579506
1,IF2,489,-389.87883021217186
1,IF2,490,-395.5685391253831
1,IF2,491,-381.5005705044557
1,IF2,492,-407.5192549240791
1,IF2,493,-390.6714044179142
1,IF2,494,-396.66148459457486
1,IF2,495,-392.21035299741976
1,IF2,496,-392.3303068846488
1,IF2,497,-386.128314064221
1,IF2,498,-399.04045930515247
1,IF2,499,-386.5632476802751
1,IF2,500,-390.0197733086812
1,IF2,501,-400.1650843785117
1,IF2,502,-388.4871214169307
1,IF2,503,-393.30215080966354
1,IF2,504,-390.5225517263665
1,IF2,505,-400.60204294202777
1,IF2,506,-394.28014914195535
1,IF2,507,-396.6676638890546
1,IF2,508,-385.01182095383257
1,IF2,509,-398.4322419733309
1,IF2,510,-400.1859924433204
1,IF2,511,-394.64945901659644
1,IF2,512,-403.08335096892387
1,IF2,513,-402.4051037674886
1,IF2,514,-399.76426876520145
1,IF2,515,-397.1523751778708
1,IF2,516,-401.85329923895057
1,IF2,517,-387.4916646137124
1,IF2,518,-393.3718831190146
1,IF2,519,-401.27932354655974
1,IF2,520,-402.27472767653154
1,IF2,521,-401.10655765183554
1,IF2,522,-398.9943646430395
1,IF2,523,-402.82824543986305
1,IF2,524,-393.0558223142952
1,IF2,525,-393.6209191481137
1,IF2,526,-404.86217235240935
1,IF2,527,-386.17622590235004
1,IF2,528,-398.67174296164995
1,IF2,529,-396.1800349672941
1,IF2,530,-393.9436654495645
1,IF2,531,-403.3189998453414
1,IF2,532,-392.4033720872996
1,IF2,533,-392.86877918776804
1,IF2,534,-391.3591015977805
1,IF2,535,-392.99399579531416
1,IF2,536,-388.8932392815553
1,IF2,537,-392.3854701843152
1,IF2,538,-390.0378001609794
1,IF2,539,-400.2915440789744
1,IF2,540,-389.84841450192704
1,IF2,541,-402.8978970244892
1,IF2,542,-399.6280871886663
1,IF2,543,-398.8541049756588
1,IF2,544,-396.98773513528147
1,IF2,545,-393.4280359183771
1,IF2,546,-405.41344049590526
1,IF2,547,-396.6422693818016
1,IF2,548,-402.6963592629738
1,IF2,549,-381.8522861697538
1,IF2,550,-399.72388900920936
1,IF2,551,-390.92354974137874
1,IF2,552,-399.8507279893355
1,IF2,553,-401.6759737745268
1,IF2,554,-402.35886311008255
1,IF2,555,-387.8383811305361
1,IF2,556,-390.04555323492133
1,IF2,557,-394.8550385364468
1,IF2,558,-394.35848818084474
1,IF2,559,-392.3156453113113
1,IF2,560,-397.8595259058747
1,IF2,561,-403.1987345219864
1,IF2,562,-390.7477428584787
1,IF2,563,-389.8221896393248
1,IF2,564,-399.1650952656076
1,IF2,565,-395.95688297740384
1,IF2,566,-402.33845325497924
1,IF2,567,-390.3813341278588
1,IF2,568,-393.9255938461028
1,IF2,569,-399.3521383274123
1,IF2,570,-384.3980162238722
1,IF2,571,-402.2001523749622
1,IF2,572,-404.2638636352944
1,IF2,573,-395.4542917031785
1,IF2,574,-385.0140268531778
1,IF2,575,-399.06236549441496
1,IF2,576,-397.9397551145592
1,IF2,577,-384.3817426033253
1,IF2,578,-396.35515565904325
1,IF2,579,-398.526792775289
1,IF2,580,-394.93820014479974
1,IF2,581,-393.01435102358516
1,IF2,582,-396.031885593597
1,IF2,583,-404.03189477382716
1,IF2,584,-399.50408318415697
1,IF2,585,-401.4688406064852
1,IF2,586,-390.41794182278016
1,IF2,587,-396.2822783686263
1,IF2,588,-387.4229013972521
1,IF2,589,-399.68387856827985
1,IF2,590,-391.88093678395023
1,IF2,591,-400.55942518614984
1,IF2,592,-383.38465702908644
1,IF2,593,-394.0438314149013
1,IF2,594,-394.29576027653894
1,IF2,595,-397.60719015328783
1,IF2,596,-396.7480032543014
1,IF2,597,-390.97429489268256
1,IF2,598,-393.77065420303853
1,IF2,599,-392.4093974008435
1,IFAD,0,-387.02179400118433
1,IFAD,1,-434.31662712663456
1,IFAD,2,-483.7533693226633
1,IFAD,3,-418.39015611360117
1,IFAD,4,-422.57460394547985
1,IFAD,5,-432.9986809689281
1,IFAD,6,-396.52649388478596
1,IFAD,7,-370.99845008822933
1,IFAD,8,-388.7028079624319
1,IFAD,9,-368.3344861943244
1,IFAD,10,-401.2122677428943
1,IFAD,11,-399.7474512883434
1,IFAD,12,-396.9691150609617
1,IFAD,13,-403.48506122140617
1,IFAD,14,-387.4566566402391
1,IFAD,15,-396.0474741199281
1,IFAD,16,-400.82656031497726
1,IFAD,17,-384.959634862743
1,IFAD,18,-400.297610611405
1,IFAD,19,-390.46734217346165
1,IFAD,20,-380.9813232063323
1,IFAD,21,-379.06081699536236
1,IFAD,22,-379.05649492590686
1,IFAD,23,-375.167363237403
1,IFAD,24,-383.99270623879227
1,IFAD,25,-385.50320398450424
1,IFAD,26,-376.0492255302082
1,IFAD,27,-392.54047948286865
1,IFAD,28,-401.67176017389073
1,IFAD,29,-403.2505952178729
1,IFAD,30,-389.83443216886013
1,IFAD,31,-390.9306873130858
1,IFAD,32,-395.9192923193686
1,IFAD,33,-397.7989814920546
1,IFAD,34,-383.70481276942763
1,IFAD,35,-387.9586863148588
1,IFAD,36,-391.40535366127347
1,IFAD,37,-383.31392726660414
1,IFAD,38,-384.75727072543134
1,IFAD,39,-393.857863342975
1,IFAD,40,-381.09153695469195
1,IFAD,41,-396.7469617483737
1,IFAD,42,-392.0976440605289
1,IFAD,43,-377.58876649514406
1,IFAD,44,-391.59394902704224
1,IFAD,45,-393.1424153632742
1,IFAD,46,-386.73055151606354
1,IFAD,47,-391.1934599291522
1,IFAD,48,-375.193555543026
1,IFAD,49,-390.25384693186226
1,IFAD,50,-369.9882808141541
1,IFAD,51,-396.1153622024847
1,IFAD,52,-388.6623607585099
1,IFAD,53,-378.680041344114
1,IFAD,54,-377.9266691639133
1,IFAD,55,-378.2667266966872
1,IFAD,56,-381.50706011697264
1,IFAD,57,-375.3743198575648
1,IFAD,58,-383.4548501476575
1,IFAD,59,-391.8634605711408
1,IFAD,60,-383.84880359119677
1,IFAD,61,-388.67595690876806
1,IFAD,62,-383.1277449634598
1,IFAD,63,-389.67475383189856
1,IFAD,64,-388.7417861895471
1,IFAD,65,-375.9620438354887
1,IFAD,66,-380.8870580285443
1,IFAD,67,-398.66075852630496
1,IFAD,68,-398.86483138359415
1,IFAD,69,-397.37828095256884
1,IFAD,70,-397.37584351118346
1,IFAD,71,-391.35079832613064
1,IFAD,72,-391.9067881498205
1,IFAD,73,-388.56325104314226
1,IFAD,74,-382.49298030766045
1,IFAD,75,-380.43413129316707
1,IFAD,76,-379.9635509695437
1,IFAD,77,-373.8926998699947
1,IFAD,78,-376.1880951251041
1,IFAD,79,-376.9939827983801
1,IFAD,80,-375.34187197640784
1,IFAD,81,-379.8641248489117
1,IFAD,82,-378.46383943159873
1,IFAD,83,-379.7086946988377
1,IFAD,84,-390.4166148787593
1,IFAD,85,-374.52736825340133
1,IFAD,86,-384.4824482020369
1,IFAD,87,-382.0592658635559
1,IFAD,88,-388.23919562491255
1,IFAD,89,-397.98366106457115
1,IFAD,90,-393.5402978045391
1,IFAD,91,-386.3856268297629
1,IFAD,92,-387.3314845466891
1,IFAD,93,-409.11620964676615
1,IFAD,94,-402.42506885926315
1,IFAD,95,-402.2096590071193
1,IFAD,96,-431.0927202332504
1,IFAD,97,-421.4348886963632
1,IFAD,98,-416.8529505111515
1,IFAD,99,-431.67338000984745
1,IFAD,100,-428.4614407654832
1,IFAD,101,-410.98542340816783
1,IFAD,102,-435.18023148949965
1,IFAD,103,-404.01973146247
1,IFAD,104,-435.77494877799506
1,IFAD,105,-419.2502444361363
1,IFAD,106,-426.8025848709242
1,IFAD,107,-411.2682268815184
1,IFAD,108,-416.14656673895195
1,IFAD,109,-418.32399216607996
1,IFAD,110,-412.64206261685507
1,IFAD,111,-413.7631734666451
1,IFAD,112,-410.2618616102715
1,IFAD,113,-397.5453716354144
1,IFAD,114,-409.23710974252
1,IFAD,115,-411.05502970747256
1,IFAD,116,-401.72652761478184
1,IFAD,117,-422.67226939190573
1,IFAD,118,-421.7207222179713
1,IFAD,119,-415.9801899119383
1,IFAD,120,-405.65649061148736
1,IFAD,121,-398.53205273899067
1,IFAD,122,-397.4347236286574
1,IFAD,123,-391.699969153341
1,IFAD,124,-401.4646340778254
1,IFAD,125,-415.2726363872365
1,IFAD,126,-392.84703935864974
1,IFAD,127,-399.9494727306918
1,IFAD,128,-394.1839250280008
1,IFAD,129,-387.5081408364084
1,IFAD,130,-388.41085991627807
1,IFAD,131,-394.5945665779265
1,IFAD,132,-395.0147137623224
1,IFAD,133,-399.06334029917923
1,IFAD,134,-385.004757083487
1,IFAD,135,-394.3634039261407
1,IFAD,136,-383.3031468064773
1,IFAD,137,-386.9630698798554
1,IFAD,138,-388.58570929720685
1,IFAD,139,-395.8491170075448
1,IFAD,140,-379.92414024447555
1,IFAD,141,-374.2141911110265
1,IFAD,142,-387.64436779864866
1,IFAD,143,-385.0211776761996
1,IFAD,144,-367.7759688617244
1,IFAD,145,-381.7424230199484
1,IFAD,146,-381.420696450629
1,IFAD,147,-386.04655878903276
1,IFAD,148,-376.89933734239554
1,IFAD,149,-389.9502702862493
1,IFAD,150,-383.2266387675242
1,IFAD,151,-390.309748235419
1,IFAD,152,-384.5773729842337
1,IFAD,153,-375.0738249415036
1,IFAD,154,-384.93584375576853
1,IFAD,155,-390.9256779833949
1,IFAD,156,-385.82591835778123
1,IFAD,157,-389.73259441231227
1,IFAD,158,-371.7753091880655
1,IFAD,159,-386.2041404737203
1,IFAD,160,-393.0404277652032
1,IFAD,161,-394.2349621774534
1,IFAD,162,-378.9622963696489
1,IFAD,163,-381.6528617592511
1,IFAD,164,-380.65764556174514
1,IFAD,165,-364.2751441022141
1,IFAD,166,-386.3851234776346
1,IFAD,167,-372.1848652152368
1,IFAD,168,-370.2179291774208
1,IFAD,169,-386.35775513890735
1,IFAD,170,-370.6772891361081
1,IFAD,171,-362.90556951810225
1,IFAD,172,-394.9766127838097
1,IFAD,173,-391.51711710608345
1,IFAD,174,-377.8272959668515
1,IFAD,175,-362.43201114200326
1,IFAD,176,-390.6048470769772
1,IFAD,177,-378.28760835775
1,IFAD,178,-369.53927625611965
1,IFAD,179,-369.1019408821476
1,IFAD,180,-375.3487391371131
1,IFAD,181,-372.0611971696335
1,IFAD,182,-394.74025589637057
1,IFAD,183,-380.29159735090343
1,IFAD,184,-374.352185013411
1,IFAD,185,-383.3986288273696
1,IFAD,186,-369.9564920287808
1,IFAD,187,-379.06681158749717
1,IFAD,188,-380.4061944481001
1,IFAD,189,-389.3671779645413
1,IFAD,190,-383.8899952755797
1,IFAD,191,-385.32749494979146
1,IFAD,192,-376.2925847252721
1,IFAD,193,-374.2107733641838
1,IFAD,194,-374.64527146214573
1,IFAD,195,-375.0669710698496
1,IFAD,196,-381.43395005956006
1,IFAD,197,-375.37766423692443
1,IFAD,198,-375.7667399457083
1,IFAD,199,-372.7500336950844
1,IFAD,200,-370.916167350912
1,IFAD,201,-390.8704143440232
1,IFAD,202,-377.575253733101
1,IFAD,203,-375.8299641230965
1,IFAD,204,-374.7032481231874
1,IFAD,205,-370.94789514484205
1,IFAD,206,-381.54931338973586
1,IFAD,207,-388.4186211874535
1,IFAD,208,-373.44383334544443
1,IFAD,209,-382.4545272689703
1,IFAD,210,-388.8589688746891
1,IFAD,211,-374.3838378766701
1,IFAD,212,-389.6497922258598
1,IFAD,213,-382.10540194899
1,IFAD,214,-381.41212865089994
1,IFAD,215,-381.0355035666471
1,IFAD,216,-380.07980194633603
1,IFAD,217,-376.50074745491327
1,IFAD,218,-364.8522568016402
1,IFAD,219,-376.5428394675583
1,IFAD,220,-382.8628774767033
1,IFAD,221,-381.53960381462406
1,IFAD,222,-369.0588111105313
1,IFAD,223,-387.935642913187
1,IFAD,224,-364.7401358192318
1,IFAD,225,-371.2637421613464
1,IFAD,226,-374.3394923049826
1,IFAD,227,-384.07365582008237
1,IFAD,228,-379.60511961949067
1,IFAD,229,-383.89118485796536
1,IFAD,230,-374.9148462293984
1,IFAD,231,-380.838938034655
1,IFAD,232,-369.369977494753
1,IFAD,233,-376.602638717274
1,IFAD,234,-385.3442346191887
1,IFAD,235,-381.2503748213793
1,IFAD,236,-370.676948578785
1,IFAD,237,-381.53967977184544
1,IFAD,238,-392.52012358888453
1,IFAD,239,-392.7633311369455
1,IFAD,240,-370.4338444819094
1,IFAD,241,-387.11161039894444
1,IFAD,242,-385.65630030687447
1,IFAD,243,-373.04674632710487
1,IFAD,244,-370.20016895962056
1,IFAD,245,-375.0186239882352
1,IFAD,246,-376.02802657632947
1,IFAD,247,-373.67258226112875
1,IFAD,248,-377.611200220919
1,IFAD,249,-385.53732335567014
1,IFAD,250,-385.34184966037947
1,IFAD,251,-367.3767566400234
1,IFAD,252,-380.90608840059787
1,IFAD,253,-376.3506117692487
1,IFAD,254,-369.9976608914354
1,IFAD,255,-378.48527018618273
1,IFAD,256,-381.6276092458653
1,IFAD,257,-377.8519968219604
1,IFAD,258,-378.1784844761242
1,IFAD,259,-379.4272313903467
1,IFAD,260,-370.13504771250274
1,IFAD,261,-362.30199974991206
1,IFAD,262,-380.2020295266127
1,IFAD,263,-374.3120068829808
1,IFAD,264,-368.12920384984386
1,IFAD,265,-389.3466660574919
1,IFAD,266,-372.39171894372515
1,IFAD,267,-380.84155653117824
1,IFAD,268,-379.6515250452788
1,IFAD,269,-381.9692793202312
1,IFAD,270,-373.3819307337847
1,IFAD,271,-373.2777815946403
1,IFAD,272,-379.04983159080416
1,IFAD,273,-364.51701759969507
1,IFAD,274,-379.2578017721693
1,IFAD,275,-378.54526026112137
1,IFAD,276,-376.79245888591106
1,IFAD,277,-369.1400609132248
1,IFAD,278,-377.1254346623206
1,IFAD,279,-378.74045797585325
1,IFAD,280,-390.5000230548656
1,IFAD,281,-377.8912157322424
1,IFAD,282,-379.95743086067375
1,IFAD,283,-379.8411678738448
1,IFAD,284,-373.3175003959402
1,IFAD,285,-367.0074026302233
1,IFAD,286,-380.85350281930516
1,IFAD,287,-378.00913869376825
1,IFAD,288,-379.9700744467043
1,IFAD,289,-368.9967207820179
1,IFAD,290,-386.7814464693627
1,IFAD,291,-379.37729368725456
1,IFAD,292,-375.5436461171474
1,IFAD,293,-376.1086788783247
1,IFAD,294,-372.06552114264133
1,IFAD,295,-376.95234661303084
1,IFAD,296,-362.96513994269424
1,IFAD,297,-363.6116708301546
1,IFAD,298,-375.4593522942334
1,IFAD,299,-365.72901952312696
1,IFAD,300,-382.81731446940245
1,IFAD,301,-374.7672476600326
1,IFAD,302,-377.26424334186885
1,IFAD,303,-375.9975187117542
1,IFAD,304,-371.40731818597993
1,IFAD,305,-384.13162705618623
1,IFAD,306,-386.1877966574064
1,IFAD,307,-378.05007337425417
1,IFAD,308,-386.7111446066694
1,IFAD,309,-368.0572071115963
1,IFAD,310,-371.32624931464454
1,IFAD,311,-380.173345323334
1,IFAD,312,-379.39999896267466
1,IFAD,313,-381.5668000244687
1,IFAD,314,-376.06779412315245
1,IFAD,315,-378.932375413032
1,IFAD,316,-381.42574615187567
1,IFAD,317,-378.206411295533
1,IFAD,318,-377.003932575658
1,IFAD,319,-378.56354900664684
1,IFAD,320,-390.2218880286676
1,IFAD,321,-393.59132243232455
1,IFAD,322,-375.15659584528396
1,IFAD,323,-376.1995142523601
1,IFAD,324,-379.0562533890536
1,IFAD,325,-374.66616491749943
1,IFAD,326,-371.8699956543017
1,IFAD,327,-371.80420664054014
1,IFAD,328,-382.58450736320594
1,IFAD,329,-376.05100649317694
1,IFAD,330,-378.20727300183427
1,IFAD,331,-378.90240857088867
1,IFAD,332,-390.57023302290094
1,IFAD,333,-371.14848253856434
1,IFAD,334,-373.1319895591889
1,IFAD,335,-377.0131358408641
1,IFAD,336,-363.1141842433758
1,IFAD,337,-382.70139547536945
1,IFAD,338,-374.16690918161845
1,IFAD,339,-387.34026908321204
1,IFAD,340,-373.7660126112943
1,IFAD,341,-375.7827682048438
1,IFAD,342,-385.66871737869565
1,IFAD,343,-376.33327795278046
1,IFAD,344,-381.303325094485
1,IFAD,345,-370.3746431667538
1,IFAD,346,-388.3527045980297
1,IFAD,347,-370.5044702367832
1,IFAD,348,-389.88495305140316
1,IFAD,349,-386.48132525764237
1,IFAD,350,-387.63886053267396
1,IFAD,351,-377.7073651825276
1,IFAD,352,-372.5565280229512
1,IFAD,353,-372.07726990315643
1,IFAD,354,-371.5650343473972
1,IFAD,355,-378.3536951303186
1,IFAD,356,-376.7189480898892
1,IFAD,357,-374.9895871767058
1,IFAD,358,-375.4041288495179
1,IFAD,359,-374.02280751857154
1,IFAD,360,-365.8667512044473
1,IFAD,361,-368.56262408043204
1,IFAD,362,-378.60967916703544
1,IFAD,363,-378.7887497480565
1,IFAD,364,-367.5572627666027
1,IFAD,365,-383.00006630994955
1,IFAD,366,-386.77093562035384
1,IFAD,367,-380.8997023680092
1,IFAD,368,-367.7426930957562
1,IFAD,369,-380.30455935793145
1,IFAD,370,-389.62687700434896
1,IFAD,371,-381.43829767140716
1,IFAD,372,-384.52229046741087
1,IFAD,373,-376.95604538226803
1,IFAD,374,-379.6113763964018
1,IFAD,375,-376.049316567711
1,IFAD,376,-371.90130578525736
1,IFAD,377,-379.7712034048478
1,IFAD,378,-377.3870349204478
1,IFAD,379,-372.5740858543295
1,IFAD,380,-386.5593355659363
1,IFAD,381,-380.5857734763602
1,IFAD,382,-368.6486556002103
1,IFAD,383,-368.56865757349146
1,IFAD,384,-373.1550837028456
1,IFAD,385,-372.8780612083195
1,IFAD,386,-376.7849957197153
1,IFAD,387,-378.92860891417916
1,IFAD,388,-370.6771788793362
1,IFAD,389,-369.8846161753707
1,IFAD,390,-373.72882354464167
1,IFAD,391,-364.7685776872044
1,IFAD,392,-374.05325082213267
1,IFAD,393,-373.6095382924508
1,IFAD,394,-383.3576369045363
1,IFAD,395,-372.36071911092455
1,IFAD,396,-369.60811791222267
1,IFAD,397,-376.672459565512
1,IFAD,398,-376.88202680406187
1,IFAD,399,-379.4642305665257
2,IF2,0,-375.5160445255551
2,IF2,1,-385.5254495078228
2,IF2,2,-375.52528764050106
2,IF2,3,-385.57482367663954
2,IF2,4,-386.5497714871363
2,IF2,5,-400.685850767947
2,IF2,6,-410.8817245394744
2,IF2,7,-452.9415616527722
2,IF2,8,-460.2461868373344
2,IF2,9,-421.1006506789568
2,IF2,10,-422.225653513012
2,IF2,11,-448.0201138106866
2,IF2,12,-455.9261378605637
2,IF2,13,-446.93265334260946
2,IF2,14,-418.30877355494005
2,IF2,15,-412.8972754747364
2,IF2,16,-460.0215772459976
2,IF2,17,-441.85893312961844
2,IF2,18,-401.2498830485795
2,IF2,19,-396.6039861043404
2,IF2,20,-386.4652478572176
2,IF2,21,-377.5502925418215
2,IF2,22,-393.5954629819232
2,IF2,23,-382.80904334198027
2,IF2,24,-388.4474116178716
2,IF2,25,-379.71045105213756
2,IF2,26,-391.5509866760617
2,IF2,27,-376.7031825756467
2,IF2,28,-375.5275757182563
2,IF2,29,-374.6854828279041
2,IF2,30,-386.35339737289263
2,IF2,31,-397.89163829390714
2,IF2,32,-406.3372453189319
2,IF2,33,-418.2027493087274
2,IF2,34,-430.0616698416113
2,IF2,35,-434.4279825329019
2,IF2,36,-426.1053355668388
2,IF2,37,-411.65968644630584
2,IF2,38,-400.9870832342911
2,IF2,39,-391.0381946397336
2,IF2,40,-412.7229941109242
2,IF2,41,-379.0043928836846
2,IF2,42,-393.6976031723705
2,IF2,43,-370.19139040732
2,IF2,44,-389.1081372859652
2,IF2,45,-384.33931669507234
2,IF2,46,-376.2887747363706
2,IF2,47,-372.8010637223154
2,IF2,48,-385.0281649915471
2,IF2,49,-386.31448636617534
2,IF2,50,-397.1612224238349
2,IF2,51,-400.1085793383873
2,IF2,52,-410.96883240741374
2,IF2,53,-412.9934647900855
2,IF2,54,-400.2120745811042
2,IF2,55,-408.91724730560117
2,IF2,56,-385.52400211963925
2,IF2,57,-386.9199545792337
2,IF2,58,-388.1070317894751
2,IF2,59,-375.0345829720638
2,IF2,60,-383.50347556504136
2,IF2,61,-373.47206974846796
2,IF2,62,-376.9545830043207
2,IF2,63,-392.45379185471796
2,IF2,64,-373.5703576064435
2,IF2,65,-383.380502310118
2,IF2,66,-387.97832140241565
2,IF2,67,-383.7663077142803
2,IF2,68,-384.29899729153163
2,IF2,69,-382.045149776096
2,IF2,70,-372.5081027060795
2,IF2,71,-383.75400403847675
2,IF2,72,-386.52667125799553
2,IF2,73,-380.79661867425096
2,IF2,74,-389.3409511240397
2,IF2,75,-384.8737618676921
2,IF2,76,-385.7823155358864
2,IF2,77,-379.4992694886725
2,IF2,78,-393.64419321141816
2,IF2,79,-388.7906189357066
2,IF2,80,-399.53460232413056
2,IF2,81,-375.80726137282056
2,IF2,82,-401.4955257055846
2,IF2,83,-396.4618649098403
2,IF2,84,-401.46693602218977
2,IF2,85,-398.3841419819866
2,IF2,86,-415.6971881534069
2,IF2,87,-393.21096673116983
2,IF2,88,-393.99540702780445
2,IF2,89,-390.27001103069273
2,IF2,90,-387.46063497784405
2,IF2,91,-414.5168655062562
2,IF2,92,-433.04796549166724
2,IF2,93,-438.7707527606719
2,IF2,94,-406.6203230757716
2,IF2,95,-401.2259356410786
2,IF2,96,-405.6140018952608
2,IF2,97,-402.5817025415413
2,IF2,98,-395.06547315446005
2,IF2,99,-403.16816194743876
2,IF2,100,-397.11921657908636
2,IF2,101,-412.7611619732673
2,IF2,102,-413.6085514368814
2,IF2,103,-391.15179234226076
2,IF2,104,-403.60349353618653
2,IF2,105,-384.96980138670676
2,IF2,106,-379.86534264381373
2,IF2,107,-395.7422070876526
2,IF2,108,-378.3918398773652
2,IF2,109,-396.40393458025596
2,IF2,110,-379.60747343572825
2,IF2,111,-372.70437561776555
2,IF2,112,-397.38440941649174
2,IF2,113,-381.9162260528114
2,IF2,114,-387.6632221946095
2,IF2,115,-397.6788314601831
2,IF2,116,-397.8787572799045
2,IF2,117,-383.51229501778994
2,IF2,118,-394.7605160767898
2,IF2,119,-397.5689909331327
2,IF2,120,-384.3186466822008
2,IF2,121,-385.6190250406779
2,IF2,122,-379.4636981862853
2,IF2,123,-386.1490555733388
2,IF2,124,-382.75186779885166
2,IF2,125,-398.36461990310585
2,IF2,126,-407.74591231928633
2,IF2,127,-407.74536562859515
2,IF2,128,-408.2277917430373
2,IF2,129,-404.8409637484288
2,IF2,130,-405.00824510427486
2,IF2,131,-395.5292023035792
2,IF2,132,-406.7574458609167
2,IF2,133,-392.7591837332545
2,IF2,134,-393.7441678329788
2,IF2,135,-387.81063457867884
2,IF2,136,-397.62973181170963
2,IF2,137,-400.3844204509826
2,IF2,138,-385.00969723627543
2,IF2,139,-385.7310390801961
2,IF2,140,-401.6825646451137
2,IF2,141,-399.11688505328874
2,IF2,142,-401.38845547261985
2,IF2,143,-398.46499981201777
2,IF2,144,-411.4799780828325
2,IF2,145,-411.41702733900803
2,IF2,146,-401.2814912319326
2,IF2,147,-404.84648458871465
2,IF2,148,-410.88699682284073
2,IF2,149,-404.03168895035145
2,IF2,150,-399.878558266591
2,IF2,151,-415.1549402356391
2,IF2,152,-403.7676986453806
2,IF2,153,-404.6872231960605
2,IF2,154,-407.864188720415
2,IF2,155,-413.66450359220664
2,IF2,156,-413.8688137864045
2,IF2,157,-423.4496478790886
2,IF2,158,-411.74124214168245
2,IF2,159,-411.2559389021532
2,IF2,160,-403.0482353171912
2,IF2,161,-396.38379952010933
2,IF2,162,-402.026311440617
2,IF2,163,-405.1120548282127
2,IF2,164,-406.6537699549306
2,IF2,165,-400.9877277117959
2,IF2,166,-401.8103928610507
2,IF2,167,-425.04141299338
2,IF2,168,-397.8483561863233
2,IF2,169,-410.6389125723576
2,IF2,170,-396.96036876026005
2,IF2,171,-412.0695152228993
2,IF2,172,-418.1342057908082
2,IF2,173,-406.9147570489656
2,IF2,174,-406.19026726489057
2,IF2,175,-397.7711332013034
2,IF2,176,-407.5551576205625
2,IF2,177,-400.2824231812671
2,IF2,178,-412.38349514543887
2,IF2,179,-401.4123890601697
2,IF2,180,-400.5767728648147
2,IF2,181,-385.99690118796724
2,IF2,182,-413.4270128583995
2,IF2,183,-407.0137085438585
2,IF2,184,-395.246718000017
2,IF2,185,-408.4941739868038
2,IF2,186,-404.88228707749954
2,IF2,187,-396.64717244701393
2,IF2,188,-387.5631174614755
2,IF2,189,-385.1816381537809
2,IF2,190,-409.44009148764684
2,IF2,191,-394.4400899743568
2,IF2,192,-389.81817058432256
2,IF2,193,-391.0993057337958
2,IF2,194,-378.5656513711251
2,IF2,195,-397.3304566498091
2,IF2,196,-400.9322109156839
2,IF2,197,-412.6135542933331
2,IF2,198,-392.92879201974654
2,IF2,199,-397.4924480528012
2,IF2,200,-400.627847504245
2,IF2,201,-382.7298280292765
2,IF2,202,-404.29030171147707
2,IF2,203,-392.9410095719125
2,IF2,204,-392.96966927766465
2,IF2,205,-398.7284149789554
2,IF2,206,-393.80931160753204
2,IF2,207,-406.3248400260624
2,IF2,208,-391.35579047174224
2,IF2,209,-399.17978600323454
2,IF2,210,-386.2992778008314
2,IF2,211,-399.37415424854055
2,IF2,212,-388.6169320083784
2,IF2,213,-403.10307083101196
2,IF2,214,-383.6257549575933
2,IF2,215,-394.91024903483526
2,IF2,216,-389.88210004434046
2,IF2,217,-393.7068381052861
2,IF2,218,-404.7604373061993
2,IF2,219,-395.7923766389386
2,IF2,220,-394.8375679725139
2,IF2,221,-402.5949182317388
2,IF2,222,-377.9289148467162
2,IF2,223,-407.5930842751653
2,IF2,224,-398.9361095966086
2,IF2,225,-389.48704591415503
2,IF2,226,-400.5949877836358
2,IF2,227,-404.50239366202925
2,IF2,228,-406.158007549337
2,IF2,229,-397.3396768957598
2,IF2,230,-396.78010382341733
2,IF2,231,-389.6700614862738
2,IF2,232,-409.99297796417795
2,IF2,233,-408.84922642307026
2,IF2,234,-399.90802211267953
2,IF2,235,-391.5087098780708
2,IF2,236,-385.2425875229918
2,IF2,237,-393.78541535369203
2,IF2,238,-384.1459477870302
2,IF2,239,-392.3884855358424
2,IF2,240,-390.1214428872397
2,IF2,241,-379.0124894847851
2,IF2,242,-389.0851855557475
2,IF2,243,-402.5814346559426
2,IF2,244,-389.7682478685158
2,IF2,245,-390.2760470682601
2,IF2,246,-386.73303394808966
2,IF2,247,-395.1942058455015
2,IF2,248,-390.2600246393496
2,IF2,249,-394.46599060695104
2,IF2,250,-399.4401093429121
2,IF2,251,-388.0114086782279
2,IF2,252,-391.0167169722227
2,IF2,253,-386.8469836514437
2,IF2,254,-387.01133599872793
2,IF2,255,-394.0161904288365
2,IF2,256,-394.8011401931205
2,IF2,257,-388.3947625605025
2,IF2,258,-396.92204516877393
2,IF2,259,-386.0619030749424
2,IF2,260,-388.27743345639357
2,IF2,261,-395.3753229893311
2,IF2,262,-396.69812269102886
2,IF2,263,-382.97343469480967
2,IF2,264,-383.67650918544007
2,IF2,265,-392.51669535642685
2,IF2,266,-400.2913195962938
2,IF2,267,-388.21184409101136
2,IF2,268,-385.1288284098187
2,IF2,269,-378.66460643278936
2,IF2,270,-388.2578641122461
2,IF2,271,-390.21488814034484
2,IF2,272,-399.1370724447671
2,IF2,273,-394.26767488132236
2,IF2,274,-392.7900056811831
2,IF2,275,-390.6653966407325
2,IF2,276,-398.4577279111115
2,IF2,277,-392.91311826067465
2,IF2,278,-389.657337766466
2,IF2,279,-408.2412301549848
2,IF2,280,-375.0728374065452
2,IF2,281,-388.02277243519774
2,IF2,282,-386.2441386507857
2,IF2,283,-391.1611913491765
2,IF2,284,-386.20515531074665
2,IF2,285,-394.2436720523142
2,IF2,286,-383.0874697143331
2,IF2,287,-395.8060996442716
2,IF2,288,-387.11703585543734
2,IF2,289,-405.1574119278336
2,IF2,290,-396.863704770635
2,IF2,291,-394.5985252766306
2,IF2,292,-378.9444210908565
2,IF2,293,-397.60380382231057
2,IF2,294,-392.7840320282557
2,IF2,295,-388.7350403186213
2,IF2,296,-383.3899973993603
2,IF2,297,-394.19885385484514
2,IF2,298,-407.68797335256215
2,IF2,299,-396.5686087302053
2,IF2,300,-388.90525618719346
2,IF2,301,-400.1624258149298
2,IF2,302,-381.60914412035
2,IF2,303,-391.4319075458693
2,IF2,304,-393.81763669957036
2,IF2,305,-391.34253494298076
2,IF2,306,-401.8199106169619
2,IF2,307,-388.3172021460324
2,IF2,308,-398.81323365482643
2,IF2,309,-389.3393943071823
2,IF2,310,-405.2936848038999
2,IF2,311,-389.8964269208723
2,IF2,312,-386.77917055319574
2,IF2,313,-384.41108365595846
2,IF2,314,-399.99107519613165
2,IF2,315,-396.79560380458884
2,IF2,316,-389.708740559967
2,IF2,317,-399.3580120391238
2,IF2,318,-394.7423411638699
2,IF2,319,-392.61682883313017
2,IF2,320,-391.5976014114943
2,IF2,321,-394.532919129686
2,IF2,322,-404.3442425720369
2,IF2,323,-381.28405343340154
2,IF2,324,-399.8948856164621
2,IF2,325,-397.95314919531273
2,IF2,326,-370.40073667329796
2,IF2,327,-388.96445042546594
2,IF2,328,-397.80616861157705
2,IF2,329,-399.74162692120194
2,IF2,330,-386.1119852241741
2,IF2,331,-382.68887731010125
2,IF2,332,-403.48953892306207
2,IF2,333,-379.0387100650083
2,IF2,334,-389.97304002163634
2,IF2,335,-397.58140924635984
2,IF2,336,-384.02471879634254
2,IF2,337,-394.6612064912891
2,IF2,338,-385.2411402001179
2,IF2,339,-382.59072408469854
2,IF2,340,-398.43140565863274
2,IF2,341,-398.5546035618166
2,IF2,342,-384.49274372142446
2,IF2,343,-394.2101971841066
2,IF2,344,-383.52788590516394
2,IF2,345,-372.82442211042735
2,IF2,346,-387.2984162168001
2,IF2,347,-397.0882802430522
2,IF2,348,-379.8703479148526
2,IF2,349,-382.2247450930647
2,IF2,350,-401.60504060297563
2,IF2,351,-378.4727821181369
2,IF2,352,-387.987009588588
2,IF2,353,-385.15546620681465
2,IF2,354,-394.54744994357566
2,IF2,355,-384.2040100086042
2,IF2,356,-389.6438850516757
2,IF2,357,-380.58190235610056
2,IF2,358,-387.0436336525812
2,IF2,359,-396.2121608601304
2,IF2,360,-390.0657581220448
2,IF2,361,-393.2874865692368
2,IF2,362,-388.13765037346025
2,IF2,363,-396.45485227662124
2,IF2,364,-389.59237231850983
2,IF2,365,-391.20380515369243
2,IF2,366,-388.990636156893
2,IF2,367,-388.8000905734697
2,IF2,368,-403.79596870255966
2,IF2,369,-393.68588506129447
2,IF2,370,-376.16009403663594
2,IF2,371,-385.61617410991295
2,IF2,372,-400.8862292253365
2,IF2,373,-386.76166758485067
2,IF2,374,-394.15686286373887
2,IF2,375,-393.4259978313253
2,IF2,376,-396.2653214528009
2,IF2,377,-394.2346949142191
2,IF2,378,-386.43010039006913
2,IF2,379,-388.13501509441284
2,IF2,380,-404.9497495393906
2,IF2,381,-372.7132033050388
2,IF2,382,-395.33316748189895
2,IF2,383,-382.8970415137958
2,IF2,384,-382.09498537391204
2,IF2,385,-397.1859469342012
2,IF2,386,-391.17820904142195
2,IF2,387,-389.33285975152614
2,IF2,388,-388.9308002765865
2,IF2,389,-393.5347746223567
2,IF2,390,-387.63771490647997
2,IF2,391,-388.0238489262009
2,IF2,392,-395.6127691941479
2,IF2,393,-404.58007595980064
2,IF2,394,-398.40659882748474
2,IF2,395,-386.830992404838
2,IF2,396,-392.88731546489333
2,IF2,397,-383.16619913629324
2,IF2,398,-380.4496230608934
2,IF2,399,-388.9878684426136
2,IF2,400,-389.28309897261107
2,IF2,401,-396.88744439476596
2,IF2,402,-390.82316269744416
2,IF2,403,-390.6288226649457
2,IF2,404,-395.27052915655855
2,IF2,405,-389.9534752194455
2,IF2,406,-400.7381704040997
2,IF2,407,-398.5848110058211
2,IF2,408,-385.1429964145536
2,IF2,409,-391.7017143782887
2,IF2,410,-397.4848544100764
2,IF2,411,-381.5962352513418
2,IF2,412,-391.9687242059788
2,IF2,413,-400.7420955806177
2,IF2,414,-391.24388782842084
2,IF2,415,-393.74010557731543
2,IF2,416,-405.21802568015255
2,IF2,417,-377.74704108208755
2,IF2,418,-380.39590227596176
2,IF2,419,-378.347036578788
2,IF2,420,-392.82614489056846
2,IF2,421,-382.53990502275997
2,IF2,422,-390.81214894110735
2,IF2,423,-401.6240119585189
2,IF2,424,-377.7977476136098
2,IF2,425,-386.1129138356331
2,IF2,426,-395.6038704885125
2,IF2,427,-388.2563482913102
2,IF2,428,-376.7269939162365
2,IF2,429,-389.0153364667993
2,IF2,430,-401.65311567101435
2,IF2,431,-393.8843256025193
2,IF2,432,-376.3772521804779
2,IF2,433,-386.90443499221675
2,IF2,434,-387.4704021022603
2,IF2,435,-402.9093972788509
2,IF2,436,-385.99798342501145
2,IF2,437,-395.8964655693624
2,IF2,438,-382.72763000320447
2,IF2,439,-395.86614243841234
2,IF2,440,-380.4019427241717
2,IF2,441,-399.1659553291752
2,IF2,442,-399.0093697891833
2,IF2,443,-385.9622890632476
2,IF2,444,-389.4874734713652
2,IF2,445,-392.39429409300675
2,IF2,446,-399.50810650687856
2,IF2,447,-390.39106573286796
2,IF2,448,-394.6255556520182
2,IF2,449,-394.5697162482514
2,IF2,450,-396.26027137795285
2,IF2,451,-392.3484520863342
2,IF2,452,-395.8554193153919
2,IF2,453,-396.9941846492309
2,IF2,454,-390.03588832137143
2,IF2,455,-389.62237875420317
2,IF2,456,-399.02739677889764
2,IF2,457,-378.93747077720127
2,IF2,458,-382.6205757014435
2,IF2,459,-395.99054250319983
2,IF2,460,-388.590962862941
2,IF2,461,-385.95114202110545
2,IF2,462,-394.18389314636795
2,IF2,463,-385.33294208526814
2,IF2,464,-381.6786593830342
2,IF2,465,-384.4825397772445
2,IF2,466,-397.7492954883613
2,IF2,467,-388.74104639441
2,IF2,468,-401.0405980146895
2,IF2,469,-392.68200099622976
2,IF2,470,-391.32693734336493
2,IF2,471,-383.87539102658775
2,IF2,472,-386.5091121684467
2,IF2,473,-394.38721183280967
2,IF2,474,-379.24337250385776
2,IF2,475,-396.7126689708281
2,IF2,476,-385.263253821993
2,IF2,477,-404.7472906106232
2,IF2,478,-378.8591797989288
2,IF2,479,-380.8427757004285
2,IF2,480,-388.29674710952077
2,IF2,481,-386.2409493232605
2,IF2,482,-395.7054158180751
2,IF2,483,-402.46084874395524
2,IF2,484,-394.93918095253576
2,IF2,485,-391.98294533558624
2,IF2,486,-384.46624032940184
2,IF2,487,-386.9528367333799
2,IF2,488,-401.91686146826135
2,IF2,489,-380.2629294353869
2,IF2,490,-384.6136266937407
2,IF2,491,-384.2543490690548
2,IF2,492,-401.3502404016397
2,IF2,493,-395.57627485985023
2,IF2,494,-383.74229099054503
2,IF2,495,-398.7718065262199
2,IF2,496,-391.359034769683
2,IF2,497,-391.49890097840245
2,IF2,498,-380.2174746797726
2,IF2,499,-381.82629215662297
2,IF2,500,-381.22628891067615
2,IF2,501,-391.85226671646245
2,IF2,502,-378.6564395992901
2,IF2,503,-388.2810503289127
2,IF2,504,-385.6131700296263
2,IF2,505,-398.2682466078392
2,IF2,506,-389.0643189931197
2,IF2,507,-391.4220833533712
2,IF2,508,-400.0779770890153
2,IF2,509,-396.9838249293777
2,IF2,510,-382.1826105681216
2,IF2,511,-390.0890671145575
2,IF2,512,-373.1593577078962
2,IF2,513,-396.4186142926768
2,IF2,514,-377.49052122236924
2,IF2,515,-386.53170482960496
2,IF2,516,-385.8440358945711
2,IF2,517,-387.095919166564
2,IF2,518,-390.39150250891436
2,IF2,519,-398.3628308184262
2,IF2,520,-398.68649255110927
2,IF2,521,-390.09825435450904
2,IF2,522,-385.4927877904222
2,IF2,523,-391.16252832764474
2,IF2,524,-385.82332823839454
2,IF2,525,-397.75286207553313
2,IF2,526,-405.3625204026794
2,IF2,527,-398.8186196000559
2,IF2,528,-389.43378759155803
2,IF2,529,-387.6494960267996
2,IF2,530,-381.3126675792049
2,IF2,531,-394.06890228645096
2,IF2,532,-392.53710691434486
2,IF2,533,-388.2104636949574
2,IF2,534,-393.724019326427
2,IF2,535,-394.1841343245101
2,IF2,536,-392.1279249284163
2,IF2,537,-386.98321872546427
2,IF2,538,-395.10843616561453
2,IF2,539,-384.7580714995301
2,IF2,540,-390.3978858090294
2,IF2,541,-392.18244534454976
2,IF2,542,-386.9537850564117
2,IF2,543,-382.19897955323296
2,IF2,544,-393.8300848987872
2,IF2,545,-394.02691961552614
2,IF2,546,-392.9767133876641
2,IF2,547,-425.6239969163316
2,IF2,548,-377.6436604163795
2,IF2,549,-398.5590821163048
2,IF2,550,-397.70637622894816
2,IF2,551,-393.2183478191183
2,IF2,552,-403.3128418550843
2,IF2,553,-399.6381251259113
2,IF2,554,-398.66136500610344
2,IF2,555,-391.77356568426006
2,IF2,556,-396.8461390797369
2,IF2,557,-382.504962757982
2,IF2,558,-394.48577048595894
2,IF2,559,-391.1958912927689
2,IF2,560,-395.31400003566387
2,IF2,561,-403.5124997162331
2,IF2,562,-390.19626256961925
2,IF2,563,-383.66341694017217
2,IF2,564,-394.013607739441
2,IF2,565,-392.5103129822423
2,IF2,566,-404.565423157452
2,IF2,567,-405.77042391624275
2,IF2,568,-392.2694987330994
2,IF2,569,-387.40839402635794
2,IF2,570,-378.998270050016
2,IF2,571,-389.6470260738954
2,IF2,572,-398.2382517669291
2,IF2,573,-387.6372974188551
2,IF2,574,-384.10213418502116
2,IF2,575,-391.3183185118873
2,IF2,576,-381.59156808334376
2,IF2,577,-386.33080305844896
2,IF2,578,-388.8532267353174
2,IF2,579,-393.002200551175
2,IF2,580,-391.4402035732206
2,IF2,581,-405.0207064764771
2,IF2,582,-383.29295561340655
2,IF2,583,-393.4305854663309
2,IF2,584,-383.712713864032
2,IF2,585,-401.17274910402057
2,IF2,586,-388.3013490195389
2,IF2,587,-405.3083822724685
2,IF2,588,-399.34618831939565
2,IF2,589,-385.2202700231945
2,IF2,590,-397.29904228933236
2,IF2,591,-394.0798593452025
2,IF2,592,-398.6140552061846
2,IF2,593,-407.5999172034796
2,IF2,594,-386.86135041349615
2,IF2,595,-378.3605197665513
2,IF2,596,-394.3225782603616
2,IF2,597,-384.3600658415199
2,IF2,598,-406.65369330128397
2,IF2,599,-396.13399837390205
2,IFAD,0,-373.979650598811
2,IFAD,1,-370.19944459727117
2,IFAD,2,-384.4534239429022
2,IFAD,3,-387.50292734162144
2,IFAD,4,-391.72179985170817
2,IFAD,5,-378.63310651043474
2,IFAD,6,-376.49033399462394
2,IFAD,7,-388.7721689003806
2,IFAD,8,-389.29321389856534
2,IFAD,9,-390.57904639691463
2,IFAD,10,-381.7813213190546
2,IFAD,11,-385.414414693185
2,IFAD,12,-376.6489651363371
2,IFAD,13,-373.01480289057486
2,IFAD,14,-380.6470116776125
2,IFAD,15,-386.5909680776997
2,IFAD,16,-385.73793459728427
2,IFAD,17,-395.47498931960683
2,IFAD,18,-396.23215047753564
2,IFAD,19,-388.79785236520956
2,IFAD,20,-389.85832280940195
2,IFAD,21,-388.8037684963475
2,IFAD,22,-376.68820753772314
2,IFAD,23,-384.52470255230094
2,IFAD,24,-412.38840527857843
2,IFAD,25,-395.2893731949251
2,IFAD,26,-384.64892760295584
2,IFAD,27,-390.2275980786274
2,IFAD,28,-366.0931646468567
2,IFAD,29,-380.09799068637415
2,IFAD,30,-371.1122511354591
2,IFAD,31,-377.20945596529896
2,IFAD,32,-407.65588434595054
2,IFAD,33,-382.6084126611171
2,IFAD,34,-386.7914558649369
2,IFAD,35,-392.5522467061917
2,IFAD,36,-368.4939720505151
2,IFAD,37,-383.10704686716093
2,IFAD,38,-373.8543054133839
2,IFAD,39,-382.5476404079759
2,IFAD,40,-377.59655801749057
2,IFAD,41,-390.07207744169244
2,IFAD,42,-385.72345337151785
2,IFAD,43,-390.0169891644459
2,IFAD,44,-386.0077273279873
2,IFAD,45,-367.72590578954805
2,IFAD,46,-389.4728154309696
2,IFAD,47,-371.7199072446444
2,IFAD,48,-368.4187880687925
2,IFAD,49,-374.323152413881
2,IFAD,50,-378.0261904098654
2,IFAD,51,-380.37556322517787
2,IFAD,52,-381.8933471663404
2,IFAD,53,-391.6695482442325
2,IFAD,54,-376.4741219070643
2,IFAD,55,-379.93005481514757
2,IFAD,56,-383.963436443599
2,IFAD,57,-391.89021081662685
2,IFAD,58,-381.7117337945722
2,IFAD,59,-385.65680819956793
2,IFAD,60,-388.19137881033134
2,IFAD,61,-373.868223442306
2,IFAD,62,-387.0225142940431
2,IFAD,63,-394.577618224773
2,IFAD,64,-393.18118840687987
2,IFAD,65,-387.4293062733324
2,IFAD,66,-392.6737163951683
2,IFAD,67,-405.20940958053984
2,IFAD,68,-382.1423133924057
2,IFAD,69,-403.39847492379477
2,IFAD,70,-387.9873607868911
2,IFAD,71,-374.1559039041336
2,IFAD,72,-386.8583333050942
2,IFAD,73,-370.6536046703115
2,IFAD,74,-394.8545930895759
2,IFAD,75,-404.5411358786131
2,IFAD,76,-391.99835168859573
2,IFAD,77,-378.1761923085371
2,IFAD,78,-397.6148766612962
2,IFAD,79,-391.6262625750567
2,IFAD,80,-379.5616447005721
2,IFAD,81,-380.82652829450706
2,IFAD,82,-389.66482533665084
2,IFAD,83,-387.02314463848717
2,IFAD,84,-378.81563653417817
2,IFAD,85,-376.3357777898953
2,IFAD,86,-370.82160973829923
2,IFAD,87,-375.40934921790176
2,IFAD,88,-363.082614430045
2,IFAD,89,-389.42734877856935
2,IFAD,90,-375.6795357218437
2,IFAD,91,-374.333723648352
2,IFAD,92,-385.6629642856376
2,IFAD,93,-383.8679688834242
2,IFAD,94,-388.12687500629204
2,IFAD,95,-387.10769352695866
2,IFAD,96,-385.7688966104167
2,IFAD,97,-370.29705722923313
2,IFAD,98,-378.0809621173457
2,IFAD,99,-377.83127493429834
2,IFAD,100,-370.27426553328064
2,IFAD,101,-376.1573316883733
2,IFAD,102,-385.84890498650293
2,IFAD,103,-376.69217843336975
2,IFAD,104,-377.0598576159717
2,IFAD,105,-374.06117672272694
2,IFAD,106,-374.4274414546464
2,IFAD,107,-379.1012248668288
2,IFAD,108,-376.788674940285
2,IFAD,109,-376.00747932987986
2,IFAD,110,-374.3101206539614
2,IFAD,111,-392.19046421181326
2,IFAD,112,-373.1440874402087
2,IFAD,113,-375.90186503785344
2,IFAD,114,-380.10537127909816
2,IFAD,115,-370.58382186509056
2,IFAD,116,-371.06593166914195
2,IFAD,117,-371.85729069646385
2,IFAD,118,-377.5094618968361
2,IFAD,119,-377.4834512718448
2,IFAD,120,-376.4839422830202
2,IFAD,121,-372.7317644947703
2,IFAD,122,-370.9894543362176
2,IFAD,123,-373.41523854211215
2,IFAD,124,-378.5902762636536
2,IFAD,125,-375.8974503438898
2,IFAD,126,-372.67009339380206
2,IFAD,127,-386.5673565045405
2,IFAD,128,-368.1896220450009
2,IFAD,129,-369.1305969576279
2,IFAD,130,-380.5526937798253
2,IFAD,131,-380.96332186435257
2,IFAD,132,-382.67325084029187
2,IFAD,133,-378.4383310544749
2,IFAD,134,-368.7663529435129
2,IFAD,135,-366.59310912258735
2,IFAD,136,-369.28802178004224
2,IFAD,137,-370.18864730586023
2,IFAD,138,-371.3761537756229
2,IFAD,139,-370.01313202495726
2,IFAD,140,-383.67747875496326
2,IFAD,141,-374.4188453567812
2,IFAD,142,-375.4188726127086
2,IFAD,143,-385.9873287854841
2,IFAD,144,-374.94464750341496
2,IFAD,145,-377.64025727325594
2,IFAD,146,-378.3510711988713
2,IFAD,147,-369.7557051017139
2,IFAD,148,-381.014927767483
2,IFAD,149,-372.0125686473725
2,IFAD,150,-386.17638540703985
2,IFAD,151,-382.86514029314424
2,IFAD,152,-373.73185484762905
2,IFAD,153,-372.3387381301743
2,IFAD,154,-373.4195014330921
2,IFAD,155,-375.91673890998857
2,IFAD,156,-375.8112088821501
2,IFAD,157,-372.4590003826572
2,IFAD,158,-396.3412705681244
2,IFAD,159,-375.74018236972563
2,IFAD,160,-373.0290532111637
2,IFAD,161,-390.1027467478995
2,IFAD,162,-379.28276953746877
2,IFAD,163,-378.7475098052055
2,IFAD,164,-376.9539816045735
2,IFAD,165,-374.38094300720167
2,IFAD,166,-368.97946874848543
2,IFAD,167,-364.0961305567212
2,IFAD,168,-374.6340586075972
2,IFAD,169,-361.2866164161253
2,IFAD,170,-390.60258952410055
2,IFAD,171,-382.24478611163306
2,IFAD,172,-377.9713473408251
2,IFAD,173,-377.02723135534546
2,IFAD,174,-388.80158173210333
2,IFAD,175,-383.1456245418937
2,IFAD,176,-378.35756804115726
2,IFAD,177,-368.9312286151589
2,IFAD,178,-379.08009165863535
2,IFAD,179,-365.0523898490966
2,IFAD,180,-376.2457490096042
2,IFAD,181,-381.38363186358663
2,IFAD,182,-382.861315692715
2,IFAD,183,-363.9977026286124
2,IFAD,184,-374.27779982041596
2,IFAD,185,-376.2906874863245
2,IFAD,186,-380.070994041054
2,IFAD,187,-379.3629824478442
2,IFAD,188,-368.16333168316504
2,IFAD,189,-376.9244811003156
2,IFAD,190,-374.22747848881136
2,IFAD,191,-385.0704500830883
2,IFAD,192,-381.08884017202735
2,IFAD,193,-382.3860488929952
2,IFAD,194,-369.3278692239674
2,IFAD,195,-375.67395550670403
2,IFAD,196,-371.2735538101456
2,IFAD,197,-373.84729538426814
2,IFAD,198,-391.26250399711915
2,IFAD,199,-373.19682245572693
2,IFAD,200,-371.6357225542387
2,IFAD,201,-382.2525249538797
2,IFAD,202,-377.6043858272978
2,IFAD,203,-379.87056856618466
2,IFAD,204,-367.8487875542152
2,IFAD,205,-385.27142362199805
2,IFAD,206,-387.28554209450016
2,IFAD,207,-383.0077545404367
2,IFAD,208,-373.0936135303717
2,IFAD,209,-377.4091512391145
2,IFAD,210,-374.91961611927485
2,IFAD,211,-365.50773727021107
2,IFAD,212,-366.25482650608654
2,IFAD,213,-385.7187189344133
2,IFAD,214,-375.2682649229759
2,IFAD,215,-381.42816535049883
2,IFAD,216,-374.2357722039217
2,IFAD,217,-380.779017400658
2,IFAD,218,-384.5265553328392
2,IFAD,219,-390.3752884532419
2,IFAD,220,-384.2898290839479
2,IFAD,221,-371.7110647834869
2,IFAD,222,-373.0916099458743
2,IFAD,223,-368.9330474217866
2,IFAD,224,-376.41579498932083
2,IFAD,225,-375.56411108058404
2,IFAD,226,-379.72499033337937
2,IFAD,227,-378.4830014694957
2,IFAD,228,-377.1891980873982
2,IFAD,229,-388.92727371585397
2,IFAD,230,-374.16975730352186
2,IFAD,231,-374.433761141879
2,IFAD,232,-375.9521869439269
2,IFAD,233,-370.89793423774984
2,IFAD,234,-381.8942190569663
2,IFAD,235,-377.31004828654625
2,IFAD,236,-375.8059466084422
2,IFAD,237,-389.23046255284567
2,IFAD,238,-371.2699064810893
2,IFAD,239,-378.55414335325867
2,IFAD,240,-368.71211060946655
2,IFAD,241,-382.39420528271245
2,IFAD,242,-365.4518859102326
2,IFAD,243,-375.4816684926965
2,IFAD,244,-377.6912166781588
2,IFAD,245,-371.964815619177
2,IFAD,246,-375.2579432880862
2,IFAD,247,-374.4721720479199
2,IFAD,248,-378.9959160146385
2,IFAD,249,-372.3196107646743
2,IFAD,250,-384.27091394475866
2,IFAD,251,-376.6512406584162
2,IFAD,252,-372.4060930154117
2,IFAD,253,-376.5559085335137
2,IFAD,254,-372.5487897819819
2,IFAD,255,-369.43711841798
2,IFAD,256,-368.9532367561515
2,IFAD,257,-381.85328043824126
2,IFAD,258,-385.365665979414
2,IFAD,259,-369.2450377752408
2,IFAD,260,-357.09046440526396
2,IFAD,261,-371.7098356578663
2,IFAD,262,-373.7661847503089
2,IFAD,263,-369.1711975403111
2,IFAD,264,-379.14801749670136
2,IFAD,265,-383.0764243749773
2,IFAD,266,-362.4240437388268
2,IFAD,267,-381.56119123672374
2,IFAD,268,-382.85604149320835
2,IFAD,269,-380.3201587603214
2,IFAD,270,-381.2785608387948
2,IFAD,271,-375.4542996860562
2,IFAD,272,-389.48503325953385
2,IFAD,273,-374.64859089067374
2,IFAD,274,-366.75703872502817
2,IFAD,275,-380.5917411049169
2,IFAD,276,-381.02921295774945
2,IFAD,277,-370.50538106833477
2,IFAD,278,-382.9923386294832
2,IFAD,279,-370.65144896736183
2,IFAD,280,-370.9433863105636
2,IFAD,281,-387.3433540938759
2,IFAD,282,-366.4124524472405
2,IFAD,283,-368.0811900930138
2,IFAD,284,-375.9993520905584
2,IFAD,285,-372.41330757192515
2,IFAD,286,-388.29859404995887
2,IFAD,287,-370.70558442627544
2,IFAD,288,-387.567471155977
2,IFAD,289,-389.7517335518866
2,IFAD,290,-370.00972832767803
2,IFAD,291,-374.2126120443943
2,IFAD,292,-389.32939007803475
2,IFAD,293,-373.0449438832558
2,IFAD,294,-369.1730292866341
2,IFAD,295,-375.5343247607413
2,IFAD,296,-391.27909059536245
2,IFAD,297,-368.42295836014193
2,IFAD,298,-376.73663397095146
2,IFAD,299,-369.9692630000164
2,IFAD,300,-369.8133656774845
2,IFAD,301,-366.867126646075
2,IFAD,302,-377.15412293344997
2,IFAD,303,-373.07855658520896
2,IFAD,304,-365.499166915793
2,IFAD,305,-385.3377695194671
2,IFAD,306,-372.78304806236997
2,IFAD,307,-381.70788734247185
2,IFAD,308,-369.1516668865346
2,IFAD,309,-381.9399283832409
2,IFAD,310,-367.02860977189465
2,IFAD,311,-379.6375036106048
2,IFAD,312,-366.70807052498105
2,IFAD,313,-375.5904437997569
2,IFAD,314,-369.4107479729732
2,IFAD,315,-372.59553447850544
2,IFAD,316,-363.95153779872345
2,IFAD,317,-371.051999706449
2,IFAD,318,-366.8061920204497
2,IFAD,319,-392.40005767948503
2,IFAD,320,-380.2138516173261
2,IFAD,321,-383.9483241684551
2,IFAD,322,-376.2459423901493
2,IFAD,323,-365.3786916725408
2,IFAD,324,-381.12497796195925
2,IFAD,325,-376.0268730598404
2,IFAD,326,-381.0938778138277
2,IFAD,327,-375.2282512868938
2,IFAD,328,-395.63068742039525
2,IFAD,329,-371.66212143027434
2,IFAD,330,-373.8613010122742
2,IFAD,331,-383.14212320628855
2,IFAD,332,-378.930014182736
2,IFAD,333,-375.2847164992855
2,IFAD,334,-376.54239766206626
2,IFAD,335,-378.7970450273426
2,IFAD,336,-375.75938756219205
2,IFAD,337,-380.4017335020946
2,IFAD,338,-374.85547751605174
2,IFAD,339,-376.10833308048205
2,IFAD,340,-375.91422953294386
2,IFAD,341,-373.41870470640396
2,IFAD,342,-381.2639497036445
2,IFAD,343,-365.00546527507043
2,IFAD,344,-374.57606416457276
2,IFAD,345,-379.690013109349
2,IFAD,346,-373.6303332374408
2,IFAD,347,-378.2093524657267
2,IFAD,348,-375.02397104888263
2,IFAD,349,-368.93435112229196
2,IFAD,350,-371.70661534745864
2,IFAD,351,-374.41162053154204
2,IFAD,352,-383.8209367285512
2,IFAD,353,-383.5655894956415
2,IFAD,354,-378.5088479614916
2,IFAD,355,-378.9280904475745
2,IFAD,356,-373.67043089672995
2,IFAD,357,-383.59934253946574
2,IFAD,358,-364.5393761093234
2,IFAD,359,-373.59694083768505
2,IFAD,360,-375.0859065374823
2,IFAD,361,-371.999057973359
2,IFAD,362,-383.12273159080456
2,IFAD,363,-372.665153764614
2,IFAD,364,-370.96014887115655
2,IFAD,365,-370.4400344812275
2,IFAD,366,-385.11390678825444
2,IFAD,367,-380.21031989199975
2,IFAD,368,-380.16950348918454
2,IFAD,369,-376.5749919088708
2,IFAD,370,-373.30340997294604
2,IFAD,371,-373.44358100911126
2,IFAD,372,-385.64492588573415
2,IFAD,373,-367.73488588353194
2,IFAD,374,-374.1269363222683
2,IFAD,375,-370.38305011649794
2,IFAD,376,-360.71548766692234
2,IFAD,377,-370.4946989136169
2,IFAD,378,-374.83267167108517
2,IFAD,379,-394.90429434489664
2,IFAD,380,-374.3864713099658
2,IFAD,381,-377.25708072439716
2,IFAD,382,-384.28885923136534
2,IFAD,383,-372.21749651236036
2,IFAD,384,-377.50996490679125
2,IFAD,385,-375.47644351441136
2,IFAD,386,-368.4916383404788
2,IFAD,387,-372.2627792524776
2,IFAD,388,-373.6520243094604
2,IFAD,389,-369.45591233227697
2,IFAD,390,-374.3522246048504
2,IFAD,391,-377.6824912899569
2,IFAD,392,-381.52578593439375
2,IFAD,393,-370.94696487867964
2,IFAD,394,-380.8379953079987
2,IFAD,395,-370.79756409894196
2,IFAD,396,-380.40815149810635
2,IFAD,397,-370.4169681174009
2,IFAD,398,-382.8620850824951
2,IFAD,399,-379.7418083167406
3,IF2,0,-384.0325595083739
3,IF2,1,-383.2047371503089
3,IF2,2,-382.3695458463553
3,IF2,3,-382.2373569999217
3,IF2,4,-388.30289275019754
3,IF2,5,-416.3892737633455
3,IF2,6,-406.92190936098
3,IF2,7,-376.8089114524817
3,IF2,8,-396.88673737188043
3,IF2,9,-402.5199016423134
3,IF2,10,-398.83390658626746
3,IF2,11,-398.0532739163872
3,IF2,12,-405.25026529254137
3,IF2,13,-394.67957212668745
3,IF2,14,-385.51488815105
3,IF2,15,-379.420591643802
3,IF2,16,-386.8168074707901
3,IF2,17,-384.41439783893645
3,IF2,18,-386.68105558316154
3,IF2,19,-383.06518089381973
3,IF2,20,-390.19458956064875
3,IF2,21,-384.16933357295835
3,IF2,22,-392.9162576225152
3,IF2,23,-372.8638672268637
3,IF2,24,-375.93814234899475
3,IF2,25,-397.32218217707225
3,IF2,26,-373.47357068189996
3,IF2,27,-386.0472021130946
3,IF2,28,-379.5819394055196
3,IF2,29,-375.28564560068486
3,IF2,30,-375.5027826001232
3,IF2,31,-377.2728400297562
3,IF2,32,-383.1454230014476
3,IF2,33,-378.33418574525996
3,IF2,34,-403.64151183174914
3,IF2,35,-398.65396936857064
3,IF2,36,-389.9049846931429
3,IF2,37,-379.2758009014012
3,IF2,38,-384.62803678132786
3,IF2,39,-380.6812830900846
3,IF2,40,-376.2467873969904
3,IF2,41,-382.3995112856723
3,IF2,42,-370.4455410982203
3,IF2,43,-379.7684131212609
3,IF2,44,-382.49716563513186
3,IF2,45,-388.1316233647408
3,IF2,46,-384.83415119149396
3,IF2,47,-383.6793554614916
3,IF2,48,-384.7351893426741
3,IF2,49,-385.7336055533874
3,IF2,50,-380.7178437976628
3,IF2,51,-381.45402714429554
3,IF2,52,-376.73679033413003
3,IF2,53,-381.39168661038303
3,IF2,54,-382.8099697839098
3,IF2,55,-409.6870051456456
3,IF2,56,-401.8838419829575
3,IF2,57,-403.1223532062703
3,IF2,58,-396.99153953660976
3,IF2,59,-370.8230210764767
3,IF2,60,-379.0087897008003
3,IF2,61,-385.4660955549973
3,IF2,62,-387.9491442985114
3,IF2,63,-391.20777464366995
3,IF2,64,-370.25599111684033
3,IF2,65,-368.39763575751226
3,IF2,66,-380.74315993117864
3,IF2,67,-382.4734201186155
3,IF2,68,-385.62832867065146
3,IF2,69,-397.05947161813975
3,IF2,70,-394.21234924885937
3,IF2,71,-419.75483525227435
3,IF2,72,-400.6737087896877
3,IF2,73,-407.9685741434801
3,IF2,74,-398.16139725250645
3,IF2,75,-391.13150149657986
3,IF2,76,-398.66427651838274
3,IF2,77,-396.0528573767318
3,IF2,78,-404.5345199306249
3,IF2,79,-391.142847392384
3,IF2,80,-392.9118133444109
3,IF2,81,-387.9794130966782
3,IF2,82,-410.58457839806783
3,IF2,83,-400.5432054878843
3,IF2,84,-395.05899092530944
3,IF2,85,-391.49642711834343
3,IF2,86,-410.967892557244
3,IF2,87,-421.80017548334706
3,IF2,88,-405.9071356594098
3,IF2,89,-411.494392932829
3,IF2,90,-413.02353094762077
3,IF2,91,-424.1183273037255
3,IF2,92,-416.68802613008984
3,IF2,93,-409.4044836712472
3,IF2,94,-422.60993004540046
3,IF2,95,-411.8936846909514
3,IF2,96,-405.585827227982
3,IF2,97,-400.3829621452015
3,IF2,98,-390.13943594780113
3,IF2,99,-398.0945243974409
3,IF2,100,-406.4287335979954
3,IF2,101,-411.3280083782965
3,IF2,102,-401.1591715953435
3,IF2,103,-389.4690947855339
3,IF2,104,-385.5605379377232
3,IF2,105,-402.17197498900515
3,IF2,106,-391.7804958197301
3,IF2,107,-387.6832872099926
3,IF2,108,-413.91928481997394
3,IF2,109,-399.99570743391456
3,IF2,110,-399.8187636425229
3,IF2,111,-397.69283107832933
3,IF2,112,-398.9868862522531
3,IF2,113,-377.8242004790979
3,IF2,114,-378.42791083836266
3,IF2,115,-371.77968891033845
3,IF2,116,-381.41543304002647
3,IF2,117,-396.209537796747
3,IF2,118,-380.94132399782956
3,IF2,119,-382.17283999015143
3,IF2,120,-373.284865919951
3,IF2,121,-379.3111885977713
3,IF2,122,-375.71163250541474
3,IF2,123,-381.3184394175541
3,IF2,124,-374.6441577806106
3,IF2,125,-390.9088921273556
3,IF2,126,-371.271794803447
3,IF2,127,-375.1034517311478
3,IF2,128,-381.656171970496
3,IF2,129,-380.7427862459004
3,IF2,130,-374.52528876074865
3,IF2,131,-383.6989212507161
3,IF2,132,-384.2534680285356
3,IF2,133,-369.0141785413081
3,IF2,134,-376.2271277775134
3,IF2,135,-366.9309191249153
3,IF2,136,-370.14098668076093
3,IF2,137,-370.01762828967566
3,IF2,138,-377.0564755623667
3,IF2,139,-381.70889167381563
3,IF2,140,-388.94398854898935
3,IF2,141,-384.6731894000095
3,IF2,142,-377.9716808267564
3,IF2,143,-384.616510560631
3,IF2,144,-375.8017164091921
3,IF2,145,-385.9855130784102
3,IF2,146,-378.56254956339967
3,IF2,147,-380.7034268069893
3,IF2,148,-385.89235738549854
3,IF2,149,-385.3720358587281
3,IF2,150,-373.6785212167436
3,IF2,151,-377.109822759281
3,IF2,152,-389.51548708064485
3,IF2,153,-368.96702349455614
3,IF2,154,-382.95646032238466
3,IF2,155,-379.1297187343826
3,IF2,156,-374.69334993169366
3,IF2,157,-374.93815053716634
3,IF2,158,-390.3608110787036
3,IF2,159,-388.30072938595794
3,IF2,160,-390.1389147043073
3,IF2,161,-374.0937534299934
3,IF2,162,-396.37347301695445
3,IF2,163,-379.74053518248036
3,IF2,164,-386.4657321176638
3,IF2,165,-397.2475284188817
3,IF2,166,-391.360730094146
3,IF2,167,-395.63011596625023
3,IF2,168,-393.1768437125603
3,IF2,169,-387.41658118279423
3,IF2,170,-387.0103818659618
3,IF2,171,-387.52590833589824
3,IF2,172,-390.26428555444846
3,IF2,173,-390.14650148137036
3,IF2,174,-391.52079843786447
3,IF2,175,-382.60111949147904
3,IF2,176,-386.729353128321
3,IF2,177,-386.635411734886
3,IF2,178,-397.0278760227611
3,IF2,179,-393.73427345255266
3,IF2,180,-390.4701755012035
3,IF2,181,-379.2193721062794
3,IF2,182,-384.1986265931247
3,IF2,183,-383.0752083903982
3,IF2,184,-375.73415660413235
3,IF2,185,-398.1589442980168
3,IF2,186,-376.40028915558486
3,IF2,187,-400.1405662866437
3,IF2,188,-386.9317650048205
3,IF2,189,-390.06516003230996
3,IF2,190,-392.51355361791025
3,IF2,191,-387.7425897648863
3,IF2,192,-390.960763269672
3,IF2,193,-397.66334634810744
3,IF2,194,-383.85088014619384
3,IF2,195,-391.1732436459128
3,IF2,196,-380.5891022263631
3,IF2,197,-397.7644302177705
3,IF2,198,-391.16948611013754
3,IF2,199,-387.1942827077072
3,IF2,200,-390.03006454887645
3,IF2,201,-393.16489486249935
3,IF2,202,-382.8084907195639
3,IF2,203,-393.99137411604926
3,IF2,204,-377.9189713098888
3,IF2,205,-384.3408275364046
3,IF2,206,-393.4248923573772
3,IF2,207,-394.556770438979
3,IF2,208,-390.21696221792655
3,IF2,209,-393.976801585871
3,IF2,210,-405.36653784012236
3,IF2,211,-390.6050894271564
3,IF2,212,-388.1189606985784
3,IF2,213,-383.70039678422904
3,IF2,214,-399.17702778410705
3,IF2,215,-410.4046828909922
3,IF2,216,-403.8343944889003
3,IF2,217,-387.87315510237704
3,IF2,218,-394.20063727850686
3,IF2,219,-396.20513203750335
3,IF2,220,-393.42068219298005
3,IF2,221,-392.82356672716924
3,IF2,222,-391.1070588477816
3,IF2,223,-385.62332412205166
3,IF2,224,-403.070548042359
3,IF2,225,-394.03451658581946
3,IF2,226,-396.0880959127384
3,IF2,227,-396.5122006926848
3,IF2,228,-388.49152758181873
3,IF2,229,-383.9281540769529
3,IF2,230,-403.17487784178275
3,IF2,231,-409.2722869997012
3,IF2,232,-400.7751671474977
3,IF2,233,-408.2713400993875
3,IF2,234,-396.8051656489795
3,IF2,235,-396.57226275255306
3,IF2,236,-401.6520807771638
3,IF2,237,-386.14813926236866
3,IF2,238,-383.7037835471372
3,IF2,239,-397.3011404360123
3,IF2,240,-393.68781747803035
3,IF2,241,-390.5740594326684
3,IF2,242,-406.22117137801496
3,IF2,243,-391.3316438663424
3,IF2,244,-408.79197927436843
3,IF2,245,-391.5673475553426
3,IF2,246,-392.7228673798057
3,IF2,247,-395.6372620317825
3,IF2,248,-397.51210794800295
3,IF2,249,-400.975307344335
3,IF2,250,-386.0671966967359
3,IF2,251,-395.3384876267585
3,IF2,252,-395.13896268552435
3,IF2,253,-408.9816874720607
3,IF2,254,-401.5067206585054
3,IF2,255,-385.79013074733444
3,IF2,256,-399.50277657637844
3,IF2,257,-395.2103697730946
3,IF2,258,-397.8879688584665
3,IF2,259,-407.43151587780767
3,IF2,260,-397.4639728041534
3,IF2,261,-399.6234947898378
3,IF2,262,-399.39521778780005
3,IF2,263,-388.09718294611577
3,IF2,264,-400.9014569247225
3,IF2,265,-402.609368417222
3,IF2,266,-396.11533940091965
3,IF2,267,-402.993699601022
3,IF2,268,-393.3993081880681
3,IF2,269,-390.1259527735773
3,IF2,270,-387.63092175214996
3,IF2,271,-391.02450750125985
3,IF2,272,-402.2179561632884
3,IF2,273,-400.62266299860926
3,IF2,274,-396.5709686299894
3,IF2,275,-400.6816041665881
3,IF2,276,-401.97696233475256
3,IF2,277,-392.84828223090767
3,IF2,278,-394.78389187847324
3,IF2,279,-380.1422303202233
3,IF2,280,-409.89063438731733
3,IF2,281,-397.3985813453904
3,IF2,282,-398.0387659387761
3,IF2,283,-401.8143897307395
3,IF2,284,-395.8029611609459
3,IF2,285,-387.035990271491
3,IF2,286,-391.62715064564185
3,IF2,287,-397.2978322391416
3,IF2,288,-388.9322236254351
3,IF2,289,-405.5261958517177
3,IF2,290,-398.42457816620606
3,IF2,291,-397.5392063026321
3,IF2,292,-396.235769549101
3,IF2,293,-395.01023424164146
3,IF2,294,-391.2959857799944
3,IF2,295,-394.2576846964587
3,IF2,296,-392.64739782720494
3,IF2,297,-383.5342226602519
3,IF2,298,-392.58208194998423
3,IF2,299,-404.6411831517932
3,IF2,300,-387.67938888773693
3,IF2,301,-387.17907806444697
3,IF2,302,-395.2825514277608
3,IF2,303,-395.18764613864295
3,IF2,304,-398.91085181198895
3,IF2,305,-391.96394489109224
3,IF2,306,-387.7952318241413
3,IF2,307,-397.0518224577429
3,IF2,308,-394.219797659352
3,IF2,309,-406.09803545623254
3,IF2,310,-401.2445021373021
3,IF2,311,-384.67979645280474
3,IF2,312,-400.06495125302934
3,IF2,313,-395.6787674852637
3,IF2,314,-405.7119178693647
3,IF2,315,-395.01732808244213
3,IF2,316,-389.4053505036381
3,IF2,317,-401.60523217503004
3,IF2,318,-388.7982043474183
3,IF2,319,-390.746134496952
3,IF2,320,-391.30245621744933
3,IF2,321,-396.1574265570812
3,IF2,322,-392.54106938865294
3,IF2,323,-397.30815657291595
3,IF2,324,-389.51468568560296
3,IF2,325,-392.18259246794537
3,IF2,326,-395.134680479999
3,IF2,327,-397.3119125575623
3,IF2,328,-388.7983802357579
3,IF2,329,-390.14420474910673
3,IF2,330,-387.45032397855306
3,IF2,331,-396.2140138114661
3,IF2,332,-391.7485832267624
3,IF2,333,-397.23747898523885
3,IF2,334,-398.4887716872691
3,IF2,335,-395.8137715266431
3,IF2,336,-378.84361030910975
3,IF2,337,-394.2503603923454
3,IF2,338,-387.7728655811878
3,IF2,339,-403.2617094657151
3,IF2,340,-391.96186971231936
3,IF2,341,-385.10773042805215
3,IF2,342,-390.002419500558
3,IF2,343,-405.4758508704193
3,IF2,344,-396.11341691709407
3,IF2,345,-412.1031299114935
3,IF2,346,-390.6199167124403
3,IF2,347,-390.8247263733631
3,IF2,348,-399.4026323747818
3,IF2,349,-391.6520376214489
3,IF2,350,-381.1574414387372
3,IF2,351,-396.2500697677095
3,IF2,352,-390.7842575022664
3,IF2,353,-412.78338120303107
3,IF2,354,-393.17868338879117
3,IF2,355,-395.62685794269055
3,IF2,356,-403.33130569275005
3,IF2,357,-400.4133619177991
3,IF2,358,-385.41629867294637
3,IF2,359,-388.4052929357407
3,IF2,360,-380.60967217697316
3,IF2,361,-387.73960406131454
3,IF2,362,-401.763089540462
3,IF2,363,-392.5303540716646
3,IF2,364,-389.9566400749742
3,IF2,365,-401.49984742785404
3,IF2,366,-388.84276215958675
3,IF2,367,-403.140951064235
3,IF2,368,-385.3298189089418
3,IF2,369,-391.69815556076657
3,IF2,370,-398.69104496002336
3,IF2,371,-375.9959727068986
3,IF2,372,-392.21975440372927
3,IF2,373,-391.93678994677595
3,IF2,374,-391.45399355341794
3,IF2,375,-396.2724719726357
3,IF2,376,-393.9671722879803
3,IF2,377,-385.70448172583497
3,IF2,378,-409.40375954109714
3,IF2,379,-394.14314320491115
3,IF2,380,-394.89535957224183
3,IF2,381,-387.0663141923511
3,IF2,382,-397.4359738680101
3,IF2,383,-390.6226249352287
3,IF2,384,-391.81983825018017
3,IF2,385,-394.72284575724535
3,IF2,386,-398.09742504865176
3,IF2,387,-386.6666802358042
3,IF2,388,-404.4989291754893
3,IF2,389,-398.20079008387694
3,IF2,390,-381.0116668300217
3,IF2,391,-384.1033111658177
3,IF2,392,-397.6642671009533
3,IF2,393,-392.8234011250407
3,IF2,394,-381.5652309435018
3,IF2,395,-392.11285311245445
3,IF2,396,-397.20701341262213
3,IF2,397,-389.67433670238785
3,IF2,398,-399.79824911973213
3,IF2,399,-396.2133200459014
3,IF2,400,-407.275315406962
3,IF2,401,-404.05932268444366
3,IF2,402,-389.7524531523583
3,IF2,403,-392.8281980233331
3,IF2,404,-389.13163169065405
3,IF2,405,-386.9651640337754
3,IF2,406,-391.513627680572
3,IF2,407,-397.62727684198785
3,IF2,408,-382.4751023703473
3,IF2,409,-395.3376740512828
3,IF2,410,-408.0600795116632
3,IF2,411,-392.74500000620134
3,IF2,412,-377.38816981315244
3,IF2,413,-388.888361236459
3,IF2,414,-395.4140495209428
3,IF2,415,-369.4102957249091
3,IF2,416,-398.0831371387052
3,IF2,417,-390.6243217822335
3,IF2,418,-397.99204759986816
3,IF2,419,-380.2508922986832
3,IF2,420,-400.934970570198
3,IF2,421,-391.87031318072286
3,IF2,422,-393.7235748107241
3,IF2,423,-383.83002054308866
3,IF2,424,-395.61008097132196
3,IF2,425,-412.7176513632026
3,IF2,426,-400.31346495855433
3,IF2,427,-388.26440303353934
3,IF2,428,-391.39009325080656
3,IF2,429,-398.11764928126934
3,IF2,430,-397.4692999747643
3,IF2,431,-390.09858302388426
3,IF2,432,-397.4892900182873
3,IF2,433,-382.341637204572
3,IF2,434,-393.87377608298993
3,IF2,435,-397.51844367744957
3,IF2,436,-386.94925679947835
3,IF2,437,-392.7142735812124
3,IF2,438,-406.0355533026537
3,IF2,439,-387.14890437239757
3,IF2,440,-392.9977051727939
3,IF2,441,-400.7860629115115
3,IF2,442,-397.55212425192417
3,IF2,443,-396.8341696555793
3,IF2,444,-400.5297121985879
3,IF2,445,-394.05110976804644
3,IF2,446,-381.2550198412039
3,IF2,447,-385.95273450711767
3,IF2,448,-389.3910229745434
3,IF2,449,-388.8824956256003
3,IF2,450,-397.80084855834053
3,IF2,451,-392.9712981330949
3,IF2,452,-391.78724735920287
3,IF2,453,-376.22619163548734
3,IF2,454,-381.4666014905176
3,IF2,455,-396.27128061660187
3,IF2,456,-387.89483409454976
3,IF2,457,-395.5874983436173
3,IF2,458,-402.51624524152476
3,IF2,459,-389.68368301049435
3,IF2,460,-387.0257629936041
3,IF2,461,-403.1751977453128
3,IF2,462,-390.0435505277295
3,IF2,463,-395.4688287987658
3,IF2,464,-381.94177796218213
3,IF2,465,-389.6268441868751
3,IF2,466,-390.6270055917725
3,IF2,467,-395.5995152065493
3,IF2,468,-393.90543309464164
3,IF2,469,-396.263986530112
3,IF2,470,-386.5766584673925
3,IF2,471,-399.53503616863776
3,IF2,472,-390.75381948174595
3,IF2,473,-387.846383189462
3,IF2,474,-387.0143137411407
3,IF2,475,-394.59070974611643
3,IF2,476,-389.2935082873618
3,IF2,477,-398.74095526970245
3,IF2,478,-387.34188964711393
3,IF2,479,-396.5950554129979
3,IF2,480,-393.6673540320581
3,IF2,481,-382.86557001599687
3,IF2,482,-403.2038048198693
3,IF2,483,-396.26460036346845
3,IF2,484,-390.6309590926834
3,IF2,485,-398.2910962331355
3,IF2,486,-389.832961691609
3,IF2,487,-379.3536561721787
3,IF2,488,-397.5911580861646
3,IF2,489,-382.41060644296505
3,IF2,490,-399.3276228366302
3,IF2,491,-382.1092873328455
3,IF2,492,-399.55978611999416
3,IF2,493,-407.56991177032324
3,IF2,494,-398.05764083439874
3,IF2,495,-390.8539864054856
3,IF2,496,-388.9300525348999
3,IF2,497,-391.00266479594916
3,IF2,498,-392.1935239191342
3,IF2,499,-402.968429620304
3,IF2,500,-397.8879919218595
3,IF2,501,-390.9362574194115
3,IF2,502,-404.5562321447444
3,IF2,503,-401.91721854929744
3,IF2,504,-408.47093952568093
3,IF2,505,-393.0086321208773
3,IF2,506,-398.98986963134905
3,IF2,507,-394.05442239120487
3,IF2,508,-394.13039735548284
3,IF2,509,-407.7337917307345
3,IF2,510,-390.52034343720237
3,IF2,511,-392.42807455530965
3,IF2,512,-390.90587106276917
3,IF2,513,-392.40891806208515
3,IF2,514,-403.15062816547606
3,IF2,515,-399.5298367266445
3,IF2,516,-396.8396408187672
3,IF2,517,-392.522392157133
3,IF2,518,-409.519590227531
3,IF2,519,-389.95900650207557
3,IF2,520,-387.17232134317214
3,IF2,521,-385.84121051555434
3,IF2,522,-384.95299965405746
3,IF2,523,-384.7030457689582
3,IF2,524,-406.5168425298278
3,IF2,525,-394.40686371815906
3,IF2,526,-397.1599364794925
3,IF2,527,-395.33175706489214
3,IF2,528,-396.89002287709326
3,IF2,529,-383.6261776554182
3,IF2,530,-388.2212708823012
3,IF2,531,-390.1297824095233
3,IF2,532,-392.96618173486115
3,IF2,533,-403.6245498479872
3,IF2,534,-404.2827946487664
3,IF2,535,-389.01324451198406
3,IF2,536,-397.5324478117862
3,IF2,537,-399.0844284669952
3,IF2,538,-398.3030651659749
3,IF2,539,-388.6671410300307
3,IF2,540,-385.07444061588865
3,IF2,541,-414.4091006343693
3,IF2,542,-401.09678465246185
3,IF2,543,-394.74393252023
3,IF2,544,-396.17559271716937
3,IF2,545,-393.21052456661306
3,IF2,546,-403.56041205906604
3,IF2,547,-384.8962335660334
3,IF2,548,-389.98459062775777
3,IF2,549,-392.07217821229153
3,IF2,550,-389.2752191926638
3,IF2,551,-393.4455925537615
3,IF2,552,-404.5010317714029
3,IF2,553,-395.159992192115
3,IF2,554,-397.8887072739717
3,IF2,555,-400.794386517419
3,IF2,556,-397.31245461497343
3,IF2,557,-398.63822836835175
3,IF2,558,-401.44105802382904
3,IF2,559,-398.6066161275119
3,IF2,560,-394.0353267211477
3,IF2,561,-391.5815120012368
3,IF2,562,-399.22950101844305
3,IF2,563,-392.1158520271567
3,IF2,564,-393.5909028046052
3,IF2,565,-387.2883390192212
3,IF2,566,-383.9189914440891
3,IF2,567,-386.395010676703
3,IF2,568,-408.52947946780654
3,IF2,569,-402.5479169983303
3,IF2,570,-390.1884380921989
3,IF2,571,-389.17095522497374
3,IF2,572,-400.8194119699851
3,IF2,573,-386.7805838687354
3,IF2,574,-397.3308140093029
3,IF2,575,-384.0445479853024
3,IF2,576,-395.1485075765291
3,IF2,577,-390.73268191839946
3,IF2,578,-390.1326989249595
3,IF2,579,-396.05623196146763
3,IF2,580,-398.9053811204564
3,IF2,581,-396.90117138253163
3,IF2,582,-385.5338359531092
3,IF2,583,-388.7170640599419
3,IF2,584,-408.1400471590963
3,IF2,585,-400.0477521432613
3,IF2,586,-389.77913468222545
3,IF2,587,-398.50699419399103
3,IF2,588,-395.2010180149249
3,IF2,589,-384.3722548392726
3,IF2,590,-394.84756975848893
3,IF2,591,-391.0616303136754
3,IF2,592,-385.36076150827995
3,IF2,593,-395.7454037771978
3,IF2,594,-395.1241186428203
3,IF2,595,-389.892908178816
3,IF2,596,-400.0052476229471
3,IF2,597,-385.92206975630637
3,IF2,598,-390.7160740225501
3,IF2,599,-398.3749661075159
3,IFAD,0,-379.18932150762095
3,IFAD,1,-388.0365167130505
3,IFAD,2,-405.4779774004308
3,IFAD,3,-418.3006718247988
3,IFAD,4,-386.10592750292415
3,IFAD,5,-404.81459455973436
3,IFAD,6,-401.565416832127
3,IFAD,7,-387.9543422105985
3,IFAD,8,-385.7079125471949
3,IFAD,9,-391.7133477654991
3,IFAD,10,-389.63678213021427
3,IFAD,11,-402.02723994675074
3,IFAD,12,-383.4472143791095
3,IFAD,13,-374.31039395276184
3,IFAD,14,-388.77742301602365
3,IFAD,15,-389.46654996098783
3,IFAD,16,-391.3128995318623
3,IFAD,17,-397.9628447981076
3,IFAD,18,-399.7816885192351
3,IFAD,19,-427.4155362785491
3,IFAD,20,-432.3983439539682
3,IFAD,21,-411.12309121685934
3,IFAD,22,-401.0733591805844
3,IFAD,23,-383.16046894492615
3,IFAD,24,-409.1410399237286
3,IFAD,25,-389.9617325037858
3,IFAD,26,-398.249111800069
3,IFAD,27,-377.1988879602945
3,IFAD,28,-380.1218955897974
3,IFAD,29,-374.2331468295722
3,IFAD,30,-379.89246332382163
3,IFAD,31,-381.0179212920927
3,IFAD,32,-386.4792435858644
3,IFAD,33,-384.4967762934928
3,IFAD,34,-380.7944695074027
3,IFAD,35,-398.72065055938685
3,IFAD,36,-406.89128609075715
3,IFAD,37,-401.0613485753149
3,IFAD,38,-395.5382050086917
3,IFAD,39,-401.2415215629512
3,IFAD,40,-399.0979233739416
3,IFAD,41,-406.69929533531683
3,IFAD,42,-414.7822327101165
3,IFAD,43,-424.8306357197778
3,IFAD,44,-445.05332003242364
3,IFAD,45,-423.87044944176364
3,IFAD,46,-398.37479766090945
3,IFAD,47,-421.4435236990419
3,IFAD,48,-407.589218662562
3,IFAD,49,-397.62695660970894
3,IFAD,50,-405.0486895284664
3,IFAD,51,-394.38877822715335
3,IFAD,52,-390.13288905419444
3,IFAD,53,-375.5713017919665
3,IFAD,54,-392.16151795817876
3,IFAD,55,-381.33192013468425
3,IFAD,56,-390.35903970124474
3,IFAD,57,-382.63416624542486
3,IFAD,58,-382.37755875000255
3,IFAD,59,-385.8917587321713
3,IFAD,60,-389.7149073712504
3,IFAD,61,-412.53560594315456
3,IFAD,62,-396.60841288406493
3,IFAD,63,-431.3037917460181
3,IFAD,64,-412.74112716687046
3,IFAD,65,-399.81732114479627
3,IFAD,66,-420.970996051983
3,IFAD,67,-431.19715749356664
3,IFAD,68,-451.3358530898222
3,IFAD,69,-424.98667692466097
3,IFAD,70,-450.21053015823924
3,IFAD,71,-432.07372958335316
3,IFAD,72,-421.47385074460385
3,IFAD,73,-438.01078737911587
3,IFAD,74,-444.6384601601018
3,IFAD,75,-427.68872468872934
3,IFAD,76,-441.05666657591274
3,IFAD,77,-446.61170997475807
3,IFAD,78,-449.0767096178483
3,IFAD,79,-440.28179478524345
3,IFAD,80,-448.3797956239898
3,IFAD,81,-455.96725620024563
3,IFAD,82,-435.6832624707466
3,IFAD,83,-426.3505272449215
3,IFAD,84,-413.07182305183414
3,IFAD,85,-408.12005520653656
3,IFAD,86,-400.92762012092203
3,IFAD,87,-401.1476397157847
3,IFAD,88,-390.8115637410027
3,IFAD,89,-384.4867419148056
3,IFAD,90,-390.0020019468542
3,IFAD,91,-387.7096508606351
3,IFAD,92,-402.8253673700091
3,IFAD,93,-374.21354681872907
3,IFAD,94,-371.04709656996755
3,IFAD,95,-396.6156511252319
3,IFAD,96,-386.9807589907612
3,IFAD,97,-377.8041683804832
3,IFAD,98,-390.5657819527616
3,IFAD,99,-383.7135137341828
3,IFAD,100,-371.99095225028395
3,IFAD,101,-377.4044274552992
3,IFAD,102,-394.3935734681828
3,IFAD,103,-377.41319038513757
3,IFAD,104,-379.77736404649863
3,IFAD,105,-380.7827617478697
3,IFAD,106,-379.6255792794625
3,IFAD,107,-372.50669719682753
3,IFAD,108,-369.79716371818
3,IFAD,109,-376.9814063164441
3,IFAD,110,-378.041738562864
3,IFAD,111,-375.50741506725814
3,IFAD,112,-381.0285114684124
3,IFAD,113,-379.75757786345804
3,IFAD,114,-374.7129465793827
3,IFAD,115,-378.88676340745116
3,IFAD,116,-387.899850502344
3,IFAD,117,-380.55750392697877
3,IFAD,118,-375.0089799601927
3,IFAD,119,-367.7597764967294
3,IFAD,120,-373.85284122735493
3,IFAD,121,-369.6058976648754
3,IFAD,122,-379.04145594906873
3,IFAD,123,-374.3669308019737
3,IFAD,124,-379.620167902039
3,IFAD,125,-386.05133367712637
3,IFAD,126,-377.15207528872907
3,IFAD,127,-378.6407302725831
3,IFAD,128,-377.70331968867407
3,IFAD,129,-378.71200079150907
3,IFAD,130,-370.59960236814084
3,IFAD,131,-378.36051889231055
3,IFAD,132,-382.6600566973463
3,IFAD,133,-381.309372487534
3,IFAD,134,-373.05984534282237
3,IFAD,135,-360.52078853507146
3,IFAD,136,-373.4335192725024
3,IFAD,137,-376.6511070918153
3,IFAD,138,-381.93051983809556
3,IFAD,139,-367.79114096052933
3,IFAD,140,-380.8797041022251
3,IFAD,141,-372.7379588110723
3,IFAD,142,-375.9458321395885
3,IFAD,143,-374.74972627178903
3,IFAD,144,-372.61404464417325
3,IFAD,145,-377.8515865207141
3,IFAD,146,-368.8790918700747
3,IFAD,147,-357.9539721852609
3,IFAD,148,-370.2059731458421
3,IFAD,149,-378.8342897280257
3,IFAD,150,-380.0350252324569
3,IFAD,151,-377.8982780650898
3,IFAD,152,-372.5828958800154
3,IFAD,153,-386.1848475889801
3,IFAD,154,-374.89479555806264
3,IFAD,155,-374.17420412485455
3,IFAD,156,-381.197755753888
3,IFAD,157,-367.5792433112715
3,IFAD,158,-379.8821557490416
3,IFAD,159,-373.05582977768785
3,IFAD,160,-371.16316718843706
3,IFAD,161,-375.6435729250738
3,IFAD,162,-375.80931045379555
3,IFAD,163,-376.45748344281526
3,IFAD,164,-370.6794673648324
3,IFAD,165,-384.77762056683656
3,IFAD,166,-372.4153300207477
3,IFAD,167,-365.1680007181377
3,IFAD,168,-376.6160609398045
3,IFAD,169,-392.7256319011461
3,IFAD,170,-371.5984249917324
3,IFAD,171,-366.76500986205815
3,IFAD,172,-378.8841931441829
3,IFAD,173,-368.3616332282403
3,IFAD,174,-370.05684334730984
3,IFAD,175,-372.7424850458938
3,IFAD,176,-365.22018117796387
3,IFAD,177,-380.0863269725968
3,IFAD,178,-384.718730972362
3,IFAD,179,-375.53581874526765
3,IFAD,180,-380.55349473703535
3,IFAD,181,-374.047979329027
3,IFAD,182,-379.7246868633771
3,IFAD,183,-375.2086602663097
3,IFAD,184,-382.64254656500515
3,IFAD,185,-370.7875947137168
3,IFAD,186,-375.3529294165512
3,IFAD,187,-381.69634462384926
3,IFAD,188,-367.9046991344382
3,IFAD,189,-383.2026393657243
3,IFAD,190,-375.66349118314116
3,IFAD,191,-378.71761950152984
3,IFAD,192,-377.36843685781895
3,IFAD,193,-377.7431773695105
3,IFAD,194,-367.15641575037745
3,IFAD,195,-381.86330712412627
3,IFAD,196,-375.5129135474282
3,IFAD,197,-374.3819798173567
3,IFAD,198,-369.03331234596334
3,IFAD,199,-383.2697096288435
3,IFAD,200,-381.0881122130592
3,IFAD,201,-369.43879660320977
3,IFAD,202,-378.06522880791357
3,IFAD,203,-388.15352361854724
3,IFAD,204,-377.11380180539453
3,IFAD,205,-396.2122224533981
3,IFAD,206,-361.8480290284323
3,IFAD,207,-382.84418790500473
3,IFAD,208,-378.3205184713167
3,IFAD,209,-382.63146533788176
3,IFAD,210,-380.11798187361006
3,IFAD,211,-381.7129569031931
3,IFAD,212,-375.47604359354483
3,IFAD,213,-381.561578879865
3,IFAD,214,-388.4848720250967
3,IFAD,215,-372.9332644462246
3,IFAD,216,-383.637881735791
3,IFAD,217,-374.5473575219958
3,IFAD,218,-392.1677700887305
3,IFAD,219,-368.5357989435736
3,IFAD,220,-387.7718712126159
3,IFAD,221,-372.8324975550043
3,IFAD,222,-375.1157164183389
3,IFAD,223,-375.91644281990017
3,IFAD,224,-370.60403871493776
3,IFAD,225,-369.6748296987624
3,IFAD,226,-372.860974615909
3,IFAD,227,-368.13671532702574
3,IFAD,228,-377.74349649654243
3,IFAD,229,-373.9333697414217
3,IFAD,230,-378.1039912646227
3,IFAD,231,-376.01611868792713
3,IFAD,232,-388.35756028414835
3,IFAD,233,-384.27430463170106
3,IFAD,234,-373.7615536406916
3,IFAD,235,-384.577992193959
3,IFAD,236,-371.6931265499768
3,IFAD,237,-370.99906787495354
3,IFAD,238,-372.4228869530323
3,IFAD,239,-387.0165410687925
3,IFAD,240,-366.65079224404735
3,IFAD,241,-378.0883899147149
3,IFAD,242,-370.9849732733936
3,IFAD,243,-385.98309650439563
3,IFAD,244,-381.394029599853
3,IFAD,245,-380.88423143184866
3,IFAD,246,-368.95209008771855
3,IFAD,247,-372.0024571905724
3,IFAD,248,-364.8652039413457
3,IFAD,249,-375.41673759391284
3,IFAD,250,-392.11643302046747
3,IFAD,251,-375.711159935341
3,IFAD,252,-376.99391626389576
3,IFAD,253,-376.0697339687993
3,IFAD,254,-370.88153012159347
3,IFAD,255,-375.1012420073583
3,IFAD,256,-382.85866217361166
3,IFAD,257,-379.1619164689291
3,IFAD,258,-367.22911663794645
3,IFAD,259,-373.4988771560711
3,IFAD,260,-376.2807496679199
3,IFAD,261,-382.4779481441776
3,IFAD,262,-369.147619709765
3,IFAD,263,-379.3150606391022
3,IFAD,264,-374.1539872959785
3,IFAD,265,-388.79926358063057
3,IFAD,266,-379.9569442398447
3,IFAD,267,-382.49729553187285
3,IFAD,268,-381.090276658878
3,IFAD,269,-389.00099639113506
3,IFAD,270,-369.5385742721865
3,IFAD,271,-366.8544079971769
3,IFAD,272,-374.5007097309527
3,IFAD,273,-376.91339705741257
3,IFAD,274,-371.397741989798
3,IFAD,275,-364.99663453764816
3,IFAD,276,-377.33319515668046
3,IFAD,277,-383.97259662809967
3,IFAD,278,-377.0395649720483
3,IFAD,279,-391.4289876660285
3,IFAD,280,-379.40608156650853
3,IFAD,281,-371.47504315642783
3,IFAD,282,-381.7982792168323
3,IFAD,283,-371.85758139461103
3,IFAD,284,-376.20806005476726
3,IFAD,285,-381.7248164314004
3,IFAD,286,-383.3194323997392
3,IFAD,287,-383.40786682702077
3,IFAD,288,-386.1456858862577
3,IFAD,289,-373.22335269192826
3,IFAD,290,-381.433667651238
3,IFAD,291,-391.7938571063436
3,IFAD,292,-382.3878767965878
3,IFAD,293,-378.8178764863825
3,IFAD,294,-376.13407020648543
3,IFAD,295,-384.0599241482744
3,IFAD,296,-373.0316299700759
3,IFAD,297,-377.5478867387468
3,IFAD,298,-394.2051821712358
3,IFAD,299,-379.47270367377416
3,IFAD,300,-375.82017950978144
3,IFAD,301,-388.319385893659
3,IFAD,302,-378.11867326174604
3,IFAD,303,-370.65701386142644
3,IFAD,304,-366.0582809339389
3,IFAD,305,-375.82874268355505
3,IFAD,306,-367.633033310402
3,IFAD,307,-377.2071484583292
3,IFAD,308,-366.1511003396682
3,IFAD,309,-363.7630119912465
3,IFAD,310,-373.30773334145573
3,IFAD,311,-377.85617321307103
3,IFAD,312,-387.6944040662553
3,IFAD,313,-374.39616493831903
3,IFAD,314,-382.2229772646789
3,IFAD,315,-379.7931145494632
3,IFAD,316,-361.5634292208533
3,IFAD,317,-386.94418812373345
3,IFAD,318,-370.7680807589072
3,IFAD,319,-368.21950149051764
3,IFAD,320,-385.99832452756993
3,IFAD,321,-384.67087429366165
3,IFAD,322,-372.3422038776522
3,IFAD,323,-380.8689919186523
3,IFAD,324,-376.7513418691414
3,IFAD,325,-371.5467951522089
3,IFAD,326,-378.9760677860115
3,IFAD,327,-382.8594090561733
3,IFAD,328,-382.11188719885985
3,IFAD,329,-383.60924514294123
3,IFAD,330,-374.7350325274364
3,IFAD,331,-374.30909343434354
3,IFAD,332,-370.1667152956197
3,IFAD,333,-390.2594630144718
3,IFAD,334,-369.25584329110256
3,IFAD,335,-379.9141257408379
3,IFAD,336,-377.15935926363204
3,IFAD,337,-382.017663987752
3,IFAD,338,-368.419972138653
3,IFAD,339,-373.1349487982971
3,IFAD,340,-374.832683524519
3,IFAD,341,-375.61028237281107
3,IFAD,342,-380.8972909158233
3,IFAD,343,-367.77570410563834
3,IFAD,344,-383.9892071152261
3,IFAD,345,-381.9514301807288
3,IFAD,346,-379.0455096105253
3,IFAD,347,-377.9757429877072
3,IFAD,348,-373.1986041505647
3,IFAD,349,-387.30183550988266
3,IFAD,350,-370.4491145558814
3,IFAD,351,-368.5073530890596
3,IFAD,352,-376.6315207715357
3,IFAD,353,-371.3930456767536
3,IFAD,354,-374.51974941443507
3,IFAD,355,-377.63521429180406
3,IFAD,356,-364.66418991595003
3,IFAD,357,-368.47174642447465
3,IFAD,358,-366.6416723569795
3,IFAD,359,-375.573202664722
3,IFAD,360,-381.48163370954245
3,IFAD,361,-373.2210165280917
3,IFAD,362,-384.5623602379095
3,IFAD,363,-377.54554481619135
3,IFAD,364,-376.9467677204437
3,IFAD,365,-369.6336222783123
3,IFAD,366,-372.6260785659048
3,IFAD,367,-372.9165000211575
3,IFAD,368,-384.0083211981109
3,IFAD,369,-380.9011096760892
3,IFAD,370,-382.7135509209259
3,IFAD,371,-372.08822228315034
3,IFAD,372,-380.33190365034704
3,IFAD,373,-366.28224655194555
3,IFAD,374,-375.4072987904914
3,IFAD,375,-382.45401461734843
3,IFAD,376,-378.8272278951261
3,IFAD,377,-376.48626678511795
3,IFAD,378,-376.2510457469937
3,IFAD,379,-374.00170888068874
3,IFAD,380,-381.3031915685506
3,IFAD,381,-365.99609689971265
3,IFAD,382,-369.56225667256496
3,IFAD,383,-384.3595684425919
3,IFAD,384,-376.0136852586585
3,IFAD,385,-379.99039857231907
3,IFAD,386,-368.54323219510655
3,IFAD,387,-377.58646954963336
3,IFAD,388,-379.59412709218515
3,IFAD,389,-376.7641323055277
3,IFAD,390,-381.30974838443836
3,IFAD,391,-375.0668624593519
3,IFAD,392,-378.82280530873777
3,IFAD,393,-367.8610061517828
3,IFAD,394,-378.1609759574821
3,IFAD,395,-380.3081915216526
3,IFAD,396,-378.53903994134646
3,IFAD,397,-371.9227186735299
3,IFAD,398,-371.60496870860254
3,IFAD,399,-382.19915338404104
4,IF2,0,-374.93479317467467
4,IF2,1,-388.03336903296866
4,IF2,2,-381.32155382923946
4,IF2,3,-386.989217191483
4,IF2,4,-384.40377828319686
4,IF2,5,-385.02712008848613
4,IF2,6,-390.1803699389578
4,IF2,7,-394.4250453871138
4,IF2,8,-368.5281238787596
4,IF2,9,-380.8707510896785
4,IF2,10,-383.3319731241325
4,IF2,11,-373.03526665762456
4,IF2,12,-379.24947895890733
4,IF2,13,-391.11980577823476
4,IF2,14,-431.7808509439111
4,IF2,15,-420.6501838693735
4,IF2,16,-409.22162078217355
4,IF2,17,-437.85194870193044
4,IF2,18,-490.6608883880509
4,IF2,19,-461.99034859511147
4,IF2,20,-444.1082579156348
4,IF2,21,-426.03635808599125
4,IF2,22,-420.2385746371998
4,IF2,23,-389.1089223457677
4,IF2,24,-387.7172172633755
4,IF2,25,-387.2031822269331
4,IF2,26,-402.1761653345337
4,IF2,27,-411.73186276175954
4,IF2,28,-407.459874100811
4,IF2,29,-385.0287885718129
4,IF2,30,-368.57146782467106
4,IF2,31,-385.8412232769186
4,IF2,32,-398.89410074129484
4,IF2,33,-382.66533838441035
4,IF2,34,-370.8108319688462
4,IF2,35,-374.7152449041541
4,IF2,36,-381.8745929740987
4,IF2,37,-390.9042541757625
4,IF2,38,-403.2675068667312
4,IF2,39,-393.0234477356476
4,IF2,40,-387.43782085172677
4,IF2,41,-405.46688393286433
4,IF2,42,-396.14687988255247
4,IF2,43,-391.38138684047965
4,IF2,44,-394.119600458053
4,IF2,45,-404.5493688825123
4,IF2,46,-391.3953539569535
4,IF2,47,-395.07607198492553
4,IF2,48,-383.57473426086966
4,IF2,49,-388.5653839883408
4,IF2,50,-381.52227610190465
4,IF2,51,-393.0060307325399
4,IF2,52,-379.6667286393302
4,IF2,53,-381.03999642811175
4,IF2,54,-383.1579585952541
4,IF2,55,-393.5501255501745
4,IF2,56,-382.28818703980124
4,IF2,57,-377.73130101269754
4,IF2,58,-397.7006809821156
4,IF2,59,-378.46231463770283
4,IF2,60,-393.51593798521867
4,IF2,61,-390.23041769857
4,IF2,62,-362.6062467516606
4,IF2,63,-373.2946045409895
4,IF2,64,-362.2128434932146
4,IF2,65,-390.256319464059
4,IF2,66,-386.63342300534765
4,IF2,67,-397.6624548761309
4,IF2,68,-389.56955972806344
4,IF2,69,-392.0074733786316
4,IF2,70,-385.1783526715357
4,IF2,71,-373.68472324479717
4,IF2,72,-389.702225931267
4,IF2,73,-375.83245046294917
4,IF2,74,-374.5636304577056
4,IF2,75,-393.6424085838568
4,IF2,76,-379.43995822297086
4,IF2,77,-375.0900268121577
4,IF2,78,-391.0899261425977
4,IF2,79,-377.41074635651773
4,IF2,80,-398.00654028738427
4,IF2,81,-388.1793392486083
4,IF2,82,-378.02298842684974
4,IF2,83,-383.42902203680717
4,IF2,84,-399.1140268508869
4,IF2,85,-378.0796894958466
4,IF2,86,-396.3034713567403
4,IF2,87,-408.0712120826298
4,IF2,88,-390.36766058731297
4,IF2,89,-397.3118231163431
4,IF2,90,-396.9933395509004
4,IF2,91,-389.9285563301196
4,IF2,92,-378.32619847714994
4,IF2,93,-375.9141160640262
4,IF2,94,-379.558480451371
4,IF2,95,-395.0944955185326
4,IF2,96,-394.92617536137334
4,IF2,97,-398.0960627620821
4,IF2,98,-378.45357789228643
4,IF2,99,-389.19797659485045
4,IF2,100,-385.4886772375401
4,IF2,101,-410.2284186520014
4,IF2,102,-399.72769396961843
4,IF2,103,-412.9542067642165
4,IF2,104,-400.1844884256615
4,IF2,105,-405.9173546049429
4,IF2,106,-406.5180991756194
4,IF2,107,-396.694457290445
4,IF2,108,-392.3985622885054
4,IF2,109,-392.14322385419024
4,IF2,110,-408.08248908664285
4,IF2,111,-390.18754765256205
4,IF2,112,-383.41999029310676
4,IF2,113,-398.9223963243202
4,IF2,114,-386.30554368852336
4,IF2,115,-401.5946605251008
4,IF2,116,-393.960390224422
4,IF2,117,-399.09706641093464
4,IF2,118,-414.82782895307776
4,IF2,119,-395.3709728620988
4,IF2,120,-394.0969006868802
4,IF2,121,-388.12184899951006
4,IF2,122,-379.75283099237043
4,IF2,123,-385.50703869210093
4,IF2,124,-393.8551182992832
4,IF2,125,-379.2167592056445
4,IF2,126,-378.74249394909646
4,IF2,127,-388.37744497428065
4,IF2,128,-377.53317703194057
4,IF2,129,-367.9524415837556
4,IF2,130,-376.2693701032724
4,IF2,131,-382.6915420422982
4,IF2,132,-373.5852581208096
4,IF2,133,-375.08782097140886
4,IF2,134,-369.2398560554907
4,IF2,135,-379.2812736061784
4,IF2,136,-368.1543843326674
4,IF2,137,-376.8472366721873
4,IF2,138,-386.12187727622774
4,IF2,139,-380.3549056349532
4,IF2,140,-371.2322206656972
4,IF2,141,-377.1483961931956
4,IF2,142,-368.00815873566364
4,IF2,143,-380.52321837468065
4,IF2,144,-382.55671631905216
4,IF2,145,-376.1477319258956
4,IF2,146,-370.7519435539868
4,IF2,147,-370.14919625043495
4,IF2,148,-377.20737232242436
4,IF2,149,-376.705711050738
4,IF2,150,-373.1108432087991
4,IF2,151,-384.28718682144313
4,IF2,152,-384.0771766746229
4,IF2,153,-375.80071726196354
4,IF2,154,-381.5026535549782
4,IF2,155,-387.9463955234166
4,IF2,156,-374.76740386136
4,IF2,157,-372.0397230128115
4,IF2,158,-375.14585741753564
4,IF2,159,-371.2236913406314
4,IF2,160,-386.65359581750096
4,IF2,161,-380.6418080076964
4,IF2,162,-389.430298026649
4,IF2,163,-381.28001047876626
4,IF2,164,-374.9486987643279
4,IF2,165,-374.52559840105505
4,IF2,166,-390.43695277212043
4,IF2,167,-375.9323517894274
4,IF2,168,-376.89373960893363
4,IF2,169,-379.26553180958695
4,IF2,170,-377.7999369464389
4,IF2,171,-366.789769017798
4,IF2,172,-378.9491788364857
4,IF2,173,-376.6048216025294
4,IF2,174,-379.3770137929039
4,IF2,175,-379.7396037192959
4,IF2,176,-366.7014514055673
4,IF2,177,-374.2501497691336
4,IF2,178,-374.91370071091563
4,IF2,179,-379.14638989057613
4,IF2,180,-372.449647375552
4,IF2,181,-369.7603294788499
4,IF2,182,-381.90453989184954
4,IF2,183,-394.21827456752555
4,IF2,184,-384.917631680568
4,IF2,185,-384.64357645412946
4,IF2,186,-373.1376328976623
4,IF2,187,-373.43141640676794
4,IF2,188,-386.4565307129083
4,IF2,189,-381.2528252448155
4,IF2,190,-379.2016593834408
4,IF2,191,-383.90219468165253
4,IF2,192,-377.79410945542116
4,IF2,193,-367.11570695915253
4,IF2,194,-382.44593216833704
4,IF2,195,-381.2112157669512
4,IF2,196,-382.07830091028603
4,IF2,197,-379.1133991545029
4,IF2,198,-380.50136667268373
4,IF2,199,-380.2467466030457
4,IF2,200,-388.3295941285114
4,IF2,201,-370.25814069940776
4,IF2,202,-380.7918215638217
4,IF2,203,-376.2143660076985
4,IF2,204,-379.47446757348496
4,IF2,205,-386.9188694314778
4,IF2,206,-381.381130974788
4,IF2,207,-373.66584482631043
4,IF2,208,-380.60829917947194
4,IF2,209,-380.9314662441752
4,IF2,210,-377.98247443146437
4,IF2,211,-389.00514033072346
4,IF2,212,-383.93789203795717
4,IF2,213,-376.2125377218134
4,IF2,214,-389.3364962172323
4,IF2,215,-377.28080212193845
4,IF2,216,-382.29459970720393
4,IF2,217,-383.4640179345073
4,IF2,218,-372.07575559512867
4,IF2,219,-381.4373541745925
4,IF2,220,-371.022281412088
4,IF2,221,-383.64408041200954
4,IF2,222,-383.81821038199786
4,IF2,223,-391.54159185304616
4,IF2,224,-381.699472250671
4,IF2,225,-371.290898744503
4,IF2,226,-376.2797849939223
4,IF2,227,-374.8395742743253
4,IF2,228,-386.8328204194435
4,IF2,229,-381.8458591329093
4,IF2,230,-384.7069596448377
4,IF2,231,-384.62844827347334
4,IF2,232,-387.03938314969236
4,IF2,233,-384.81436816161744
4,IF2,234,-384.66588115819724
4,IF2,235,-383.2062612279452
4,IF2,236,-390.56175141944686
4,IF2,237,-386.46643564793266
4,IF2,238,-396.8989801714119
4,IF2,239,-379.23027240443326
4,IF2,240,-392.4248687487923
4,IF2,241,-381.6908472931366
4,IF2,242,-384.5481944237226
4,IF2,243,-388.33613148004844
4,IF2,244,-392.53670147388976
4,IF2,245,-387.56435175758037
4,IF2,246,-384.3067092473832
4,IF2,247,-388.34775753598524
4,IF2,248,-391.45140120891716
4,IF2,249,-392.16123570519767
4,IF2,250,-381.7289553916957
4,IF2,251,-388.9016148398466
4,IF2,252,-392.7622500566288
4,IF2,253,-392.8521910458139
4,IF2,254,-393.42524752638604
4,IF2,255,-392.4999082594099
4,IF2,256,-394.88393610939244
4,IF2,257,-402.3612843302139
4,IF2,258,-390.32515980810985
4,IF2,259,-389.23048581264567
4,IF2,260,-378.07791594254564
4,IF2,261,-389.52309589477755
4,IF2,262,-387.48008242538833
4,IF2,263,-387.19325093744953
4,IF2,264,-390.73500580237453
4,IF2,265,-393.8329408506127
4,IF2,266,-389.38070190204843
4,IF2,267,-389.31684797174455
4,IF2,268,-384.50734997001234
4,IF2,269,-396.41527987705047
4,IF2,270,-378.02624315358423
4,IF2,271,-385.48943908556976
4,IF2,272,-386.17889027421654
4,IF2,273,-379.16133344847293
4,IF2,274,-379.3776652890421
4,IF2,275,-399.1286860175264
4,IF2,276,-391.9746304003792
4,IF2,277,-388.78609306514153
4,IF2,278,-387.1357977801127
4,IF2,279,-396.16887266481984
4,IF2,280,-387.5510109803719
4,IF2,281,-390.9876495455302
4,IF2,282,-397.56730872787284
4,IF2,283,-391.0463491462536
4,IF2,284,-381.8925916391632
4,IF2,285,-392.0137045741491
4,IF2,286,-378.11237290245674
4,IF2,287,-392.2390029393073
4,IF2,288,-391.08577766840403
4,IF2,289,-395.77198456365824
4,IF2,290,-401.625006356828
4,IF2,291,-400.8217385608191
4,IF2,292,-400.71199955343536
4,IF2,293,-394.8440221869456
4,IF2,294,-391.3992481172797
4,IF2,295,-393.6892005651355
4,IF2,296,-399.04128839507837
4,IF2,297,-384.63630315724004
4,IF2,298,-392.53178619683587
4,IF2,299,-391.8366214585968
4,IF2,300,-385.3801959305754
4,IF2,301,-384.40252845648763
4,IF2,302,-397.8697650298366
4,IF2,303,-392.15857444656297
4,IF2,304,-397.6934334804788
4,IF2,305,-383.6617094853688
4,IF2,306,-376.1665365123647
4,IF2,307,-397.25854988592926
4,IF2,308,-384.42252195094414
4,IF2,309,-386.00312271875333
4,IF2,310,-396.26819178319613
4,IF2,311,-387.9398964999929
4,IF2,312,-391.2470131143419
4,IF2,313,-391.85887243709425
4,IF2,314,-382.7861807485909
4,IF2,315,-386.6768108484407
4,IF2,316,-393.2324596624644
4,IF2,317,-384.9467825960909
4,IF2,318,-386.33966876218614
4,IF2,319,-388.4703559002245
4,IF2,320,-384.379020937201
4,IF2,321,-390.93108897451185
4,IF2,322,-398.7583936234708
4,IF2,323,-385.3562513135181
4,IF2,324,-384.00600913895636
4,IF2,325,-374.3552679656195
4,IF2,326,-384.75325353037925
4,IF2,327,-387.94857737803227
4,IF2,328,-395.62638414475714
4,IF2,329,-370.7408036540642
4,IF2,330,-392.77883222175086
4,IF2,331,-391.1967820248862
4,IF2,332,-390.6181531282846
4,IF2,333,-385.7642093047205
4,IF2,334,-379.6183180103274
4,IF2,335,-393.97260089644004
4,IF2,336,-380.07222901642456
4,IF2,337,-397.5031090394357
4,IF2,338,-385.6149546793098
4,IF2,339,-397.5952135421554
4,IF2,340,-387.3856491266274
4,IF2,341,-383.01322522258425
4,IF2,342,-395.62705472426364
4,IF2,343,-390.34867832924215
4,IF2,344,-389.631532538257
4,IF2,345,-390.7890895650602
4,IF2,346,-375.99837285034164
4,IF2,347,-389.5734309452819
4,IF2,348,-386.4324467357986
4,IF2,349,-396.54059096030585
4,IF2,350,-393.3733790830926
4,IF2,351,-384.5537926628574
4,IF2,352,-380.5105936309007
4,IF2,353,-391.81505394280885
4,IF2,354,-385.46708889430244
4,IF2,355,-395.54311442608406
4,IF2,356,-380.96288895047934
4,IF2,357,-388.54690776821474
4,IF2,358,-384.75001169551166
4,IF2,359,-379.92439929924836
4,IF2,360,-392.87562624154265
4,IF2,361,-395.18197132666415
4,IF2,362,-382.003726962943
4,IF2,363,-382.1223582271145
4,IF2,364,-384.20660416506433
4,IF2,365,-399.602130018571
4,IF2,366,-381.18387566264147
4,IF2,367,-394.8733429472964
4,IF2,368,-388.753170777515
4,IF2,369,-378.40310979205776
4,IF2,370,-384.3121337585031
4,IF2,371,-390.66837238773144
4,IF2,372,-386.895556817513
4,IF2,373,-384.7977056165532
4,IF2,374,-395.36030963242695
4,IF2,375,-382.9921634765267
4,IF2,376,-397.600704211501
4,IF2,377,-391.902947061264
4,IF2,378,-380.3620517367347
4,IF2,379,-389.13425463587555
4,IF2,380,-376.2292627759471
4,IF2,381,-369.1387637410685
4,IF2,382,-383.5450812275208
4,IF2,383,-393.8659241355713
4,IF2,384,-385.36539596212305
4,IF2,385,-393.5664706978955
4,IF2,386,-383.2485228547309
4,IF2,387,-388.8204148921387
4,IF2,388,-388.4112734765518
4,IF2,389,-393.1389550578053
4,IF2,390,-391.5174462409133
4,IF2,391,-392.4238066702578
4,IF2,392,-381.19954149817113
4,IF2,393,-384.80063585647713
4,IF2,394,-380.3935655954835
4,IF2,395,-389.022341504231
4,IF2,396,-388.7873752824576
4,IF2,397,-382.29475148585897
4,IF2,398,-389.3512128258122
4,IF2,399,-394.80728737038214
4,IF2,400,-379.03084477116755
4,IF2,401,-383.2886556641166
4,IF2,402,-386.5069996788014
4,IF2,403,-383.90115588337164
4,IF2,404,-386.3869224115641
4,IF2,405,-391.74792703813387
4,IF2,406,-386.1686160167135
4,IF2,407,-402.7710067016348
4,IF2,408,-394.2028857161923
4,IF2,409,-385.5193626615671
4,IF2,410,-392.83487224333817
4,IF2,411,-387.57738632970654
4,IF2,412,-394.81531406135673
4,IF2,413,-382.8228276128339
4,IF2,414,-373.6153805004184
4,IF2,415,-385.72132705741615
4,IF2,416,-387.7699851115591
4,IF2,417,-382.17891505750833
4,IF2,418,-387.81486180620504
4,IF2,419,-393.0959067856749
4,IF2,420,-382.3376589935405
4,IF2,421,-413.4405816791319
4,IF2,422,-389.2611729622059
4,IF2,423,-383.4051663564558
4,IF2,424,-396.6942114295544
4,IF2,425,-379.45928422586263
4,IF2,426,-395.4901407692195
4,IF2,427,-375.4196183659578
4,IF2,428,-385.77643278785445
4,IF2,429,-394.46376561827253
4,IF2,430,-395.92241925986195
4,IF2,431,-383.7369144655313
4,IF2,432,-385.68313248158677
4,IF2,433,-406.89836246408817
4,IF2,434,-379.4849756501958
4,IF2,435,-393.81621003667794
4,IF2,436,-390.17977010570064
4,IF2,437,-392.7691461632992
4,IF2,438,-387.40282037402284
4,IF2,439,-390.42055020532354
4,IF2,440,-393.94164090838024
4,IF2,441,-395.2584239552089
4,IF2,442,-386.6283897292435
4,IF2,443,-389.5687372764685
4,IF2,444,-388.68697555776527
4,IF2,445,-408.50912525209606
4,IF2,446,-381.9046283171661
4,IF2,447,-384.62416601868347
4,IF2,448,-390.19435663934064
4,IF2,449,-386.87193929748
4,IF2,450,-389.89957968885756
4,IF2,451,-382.3997946225356
4,IF2,452,-378.6348666393701
4,IF2,453,-383.13060443595646
4,IF2,454,-382.897261469454
4,IF2,455,-385.91298390635
4,IF2,456,-375.8157884163154
4,IF2,457,-379.8272240722466
4,IF2,458,-389.4104584067939
4,IF2,459,-378.0162196339335
4,IF2,460,-383.90861994145723
4,IF2,461,-380.35148246094036
4,IF2,462,-394.0851399788729
4,IF2,463,-398.11138644425654
4,IF2,464,-394.08313404976053
4,IF2,465,-386.4049201619109
4,IF2,466,-394.51618816740176
4,IF2,467,-391.07105362203646
4,IF2,468,-389.26865902063
4,IF2,469,-398.71449605857686
4,IF2,470,-379.34132312927267
4,IF2,471,-392.04186315975574
4,IF2,472,-393.3833617433301
4,IF2,473,-394.71957225056855
4,IF2,474,-385.99095861631605
4,IF2,475,-383.7237374620091
4,IF2,476,-382.86146547763235
4,IF2,477,-404.6148893921154
4,IF2,478,-391.61892529543167
4,IF2,479,-390.95831803495327
4,IF2,480,-382.0691816233606
4,IF2,481,-380.2700242754439
4,IF2,482,-390.74358836269516
4,IF2,483,-387.658892063733
4,IF2,484,-391.71475887868365
4,IF2,485,-404.7530826363841
4,IF2,486,-386.15912142787835
4,IF2,487,-374.56636335009887
4,IF2,488,-386.85401545128695
4,IF2,489,-400.72103798949865
4,IF2,490,-383.559935599242
4,IF2,491,-393.52851658081397
4,IF2,492,-396.19242809729275
4,IF2,493,-403.5782086948715
4,IF2,494,-383.4142873145348
4,IF2,495,-394.84317337695074
4,IF2,496,-388.8480609398615
4,IF2,497,-398.28345253587497
4,IF2,498,-395.7065451911533
4,IF2,499,-388.5748568042296
4,IF2,500,-377.80930087941186
4,IF2,501,-376.66310738442706
4,IF2,502,-385.42530966374414
4,IF2,503,-389.39546191459146
4,IF2,504,-390.76748462695633
4,IF2,505,-385.56899755770417
4,IF2,506,-392.7071132720137
4,IF2,507,-388.7957113209644
4,IF2,508,-398.15991654150116
4,IF2,509,-376.67455247087713
4,IF2,510,-383.0547760588412
4,IF2,511,-394.5559950885614
4,IF2,512,-387.80889947509183
4,IF2,513,-382.1145257211025
4,IF2,514,-404.84975940263416
4,IF2,515,-393.8167963831468
4,IF2,516,-380.2933204012046
4,IF2,517,-389.9786678967855
4,IF2,518,-391.9563311397931
4,IF2,519,-393.96187239617086
4,IF2,520,-375.13004269437715
4,IF2,521,-388.3984269634183
4,IF2,522,-387.24387107704115
4,IF2,523,-392.06672770497346
4,IF2,524,-383.06665202375774
4,IF2,525,-398.19985537100877
4,IF2,526,-390.71076851038407
4,IF2,527,-383.5145021786404
4,IF2,528,-374.1203957564881
4,IF2,529,-380.1492009252021
4,IF2,530,-398.2049547506068
4,IF2,531,-378.1739594612787
4,IF2,532,-400.0191224198482
4,IF2,533,-390.8960686428271
4,IF2,534,-389.52586718368957
4,IF2,535,-376.7903107043234
4,IF2,536,-383.2110392308881
4,IF2,537,-397.9478360185537
4,IF2,538,-392.17027761038804
4,IF2,539,-381.6917822256553
4,IF2,540,-383.3937160488691
4,IF2,541,-389.72478890090605
4,IF2,542,-376.18903410731855
4,IF2,543,-391.02982664709054
4,IF2,544,-382.9372834075693
4,IF2,545,-385.2855551432347
4,IF2,546,-381.727323222359
4,IF2,547,-391.2694560534843
4,IF2,548,-396.30636521633295
4,IF2,549,-385.7888355577393
4,IF2,550,-389.0198829547675
4,IF2,551,-388.0697716671155
4,IF2,552,-390.6950057844218
4,IF2,553,-398.06081518924856
4,IF2,554,-388.7066202719412
4,IF2,555,-376.81087245173256
4,IF2,556,-393.0766234694826
4,IF2,557,-373.5777067915702
4,IF2,558,-384.10725894981823
4,IF2,559,-389.822244871155
4,IF2,560,-379.02185714974155
4,IF2,561,-391.7028353771475
4,IF2,562,-387.73046468280467
4,IF2,563,-380.32908936454425
4,IF2,564,-384.3247832374449
4,IF2,565,-389.5535147616158
4,IF2,566,-381.1473944555831
4,IF2,567,-387.84408904254934
4,IF2,568,-392.27258284564624
4,IF2,569,-384.3313004176396
4,IF2,570,-388.5991424963521
4,IF2,571,-390.3621390685477
4,IF2,572,-382.9834213641812
4,IF2,573,-391.84513742778535
4,IF2,574,-387.17645462906336
4,IF2,575,-378.83303771631796
4,IF2,576,-384.41872474144935
4,IF2,577,-398.59754705892135
4,IF2,578,-382.60206947437985
4,IF2,579,-392.22950696182903
4,IF2,580,-387.7562618906346
4,IF2,581,-375.26043463251403
4,IF2,582,-373.34050231633586
4,IF2,583,-382.6572946202741
4,IF2,584,-388.6777996402024
4,IF2,585,-377.5018807521672
4,IF2,586,-397.34911223292187
4,IF2,587,-391.5412015505274
4,IF2,588,-377.8820359446457
4,IF2,589,-380.5380806285142
4,IF2,590,-388.868576983587
4,IF2,591,-387.71956615807693
4,IF2,592,-382.2124403112162
4,IF2,593,-385.4835350204109
4,IF2,594,-385.205707065561
4,IF2,595,-383.06389247197313
4,IF2,596,-376.7466931357912
4,IF2,597,-383.97379374854995
4,IF2,598,-385.4977462805194
4,IF2,599,-395.66905607749163
4,IFAD,0,-388.9186570387351
4,IFAD,1,-379.006432743515
4,IFAD,2,-395.8702762282149
4,IFAD,3,-417.29553060409
4,IFAD,4,-395.8460535691757
4,IFAD,5,-399.99024127298316
4,IFAD,6,-391.0422395688061
4,IFAD,7,-404.0127176555672
4,IFAD,8,-397.4094354188293
4,IFAD,9,-403.67862144299994
4,IFAD,10,-380.1461663767125
4,IFAD,11,-383.5419390053454
4,IFAD,12,-375.72774459375404
4,IFAD,13,-383.81276812632734
4,IFAD,14,-386.0249476384785
4,IFAD,15,-399.2191288451463
4,IFAD,16,-384.41180923787425
4,IFAD,17,-390.151875395916
4,IFAD,18,-405.9682625101408
4,IFAD,19,-420.99623366196744
4,IFAD,20,-447.291541025146
4,IFAD,21,-433.83782432845334
4,IFAD,22,-404.53047691532726
4,IFAD,23,-375.29483606375885
4,IFAD,24,-392.0102227582199
4,IFAD,25,-402.3116208225409
4,IFAD,26,-389.461059405731
4,IFAD,27,-393.3620871326852
4,IFAD,28,-372.58858967863955
4,IFAD,29,-400.1001448036258
4,IFAD,30,-367.0671335997022
4,IFAD,31,-372.9048829525565
4,IFAD,32,-391.4305882340994
4,IFAD,33,-394.32854513431977
4,IFAD,34,-396.17057228339183
4,IFAD,35,-378.99648403169283
4,IFAD,36,-398.1738744085719
4,IFAD,37,-392.1628798661223
4,IFAD,38,-378.91233119404205
4,IFAD,39,-392.0913327642325
4,IFAD,40,-399.791834545459
4,IFAD,41,-412.78410287322407
4,IFAD,42,-396.69268659115414
4,IFAD,43,-407.82337735850854
4,IFAD,44,-388.3800017494175
4,IFAD,45,-414.3037098936763
4,IFAD,46,-397.60825020855054
4,IFAD,47,-404.4399762271514
4,IFAD,48,-395.61253155222437
4,IFAD,49,-392.9717271875928
4,IFAD,50,-392.71177856039105
4,IFAD,51,-392.0856180301212
4,IFAD,52,-407.0717336731992
4,IFAD,53,-386.6204849297347
4,IFAD,54,-395.75261249345283
4,IFAD,55,-398.00161027581385
4,IFAD,56,-383.74646523890465
4,IFAD,57,-378.86600115990205
4,IFAD,58,-375.1634373429056
4,IFAD,59,-378.23940035689947
4,IFAD,60,-378.30508010611226
4,IFAD,61,-379.41631486000944
4,IFAD,62,-379.5496293062769
4,IFAD,63,-380.08402050755114
4,IFAD,64,-377.240435824248
4,IFAD,65,-373.46081257522945
4,IFAD,66,-380.67998896575875
4,IFAD,67,-382.31373466769656
4,IFAD,68,-375.20180221517074
4,IFAD,69,-384.5358474590977
4,IFAD,70,-396.9010794930011
4,IFAD,71,-384.67699382904186
4,IFAD,72,-392.46540996025124
4,IFAD,73,-397.37878629200617
4,IFAD,74,-399.4294389481743
4,IFAD,75,-388.83506931682393
4,IFAD,76,-391.56571187218896
4,IFAD,77,-387.19774786501995
4,IFAD,78,-376.30188464952926
4,IFAD,79,-387.89044123150643
4,IFAD,80,-396.38315791716724
4,IFAD,81,-391.59548292514324
4,IFAD,82,-396.5613426927368
4,IFAD,83,-402.7130088328984
4,IFAD,84,-414.4755245978639
4,IFAD,85,-408.30774985541575
4,IFAD,86,-407.05489645637584
4,IFAD,87,-405.96636672913945
4,IFAD,88,-387.7947651032772
4,IFAD,89,-381.26414711755416
4,IFAD,90,-403.52446460070047
4,IFAD,91,-392.3215485127868
4,IFAD,92,-387.4906377341366
4,IFAD,93,-377.93004169726777
4,IFAD,94,-400.66838211674445
4,IFAD,95,-382.88088280353486
4,IFAD,96,-383.98432695201217
4,IFAD,97,-396.6485186750446
4,IFAD,98,-390.86462537828027
4,IFAD,99,-389.6640483117358
4,IFAD,100,-400.03465106113305
4,IFAD,101,-397.7706141142122
4,IFAD,102,-399.5443593420226
4,IFAD,103,-381.40584775093083
4,IFAD,104,-388.2535494333845
4,IFAD,105,-399.7177498394588
4,IFAD,106,-388.5274827904278
4,IFAD,107,-388.72930446182465
4,IFAD,108,-369.6279158693049
4,IFAD,109,-396.01289027112665
4,IFAD,110,-386.3804561768066
4,IFAD,111,-393.6670160888106
4,IFAD,112,-394.8298463845856
4,IFAD,113,-392.4305488081192
4,IFAD,114,-390.86246317841625
4,IFAD,115,-389.4411893189035
4,IFAD,116,-395.6021356013555
4,IFAD,117,-372.03974703771746
4,IFAD,118,-384.35513340227743
4,IFAD,119,-389.2073767835573
4,IFAD,120,-380.03304401555636
4,IFAD,121,-389.7774925442589
4,IFAD,122,-385.8907137865238
4,IFAD,123,-387.94213402636325
4,IFAD,124,-387.4702702666896
4,IFAD,125,-377.8146861146427
4,IFAD,126,-383.28811785097497
4,IFAD,127,-385.51870254158786
4,IFAD,128,-387.0035744004515
4,IFAD,129,-383.1358146744644
4,IFAD,130,-378.5120921620751
4,IFAD,131,-376.5765022150925
4,IFAD,132,-379.058076076904
4,IFAD,133,-378.82273428111534
4,IFAD,134,-378.52353771461236
4,IFAD,135,-375.5081188493268
4,IFAD,136,-377.74378053093614
4,IFAD,137,-369.2195376629513
4,IFAD,138,-380.86319454755096
4,IFAD,139,-380.6915262464041
4,IFAD,140,-375.89881846805696
4,IFAD,141,-367.27021542057497
4,IFAD,142,-374.9832710617191
4,IFAD,143,-387.02801466371335
4,IFAD,144,-380.0815732821455
4,IFAD,145,-373.1229785706634
4,IFAD,146,-379.88662133018335
4,IFAD,147,-378.52820294485485
4,IFAD,148,-382.38159252746146
4,IFAD,149,-365.7965382940123
4,IFAD,150,-370.81085766848696
4,IFAD,151,-378.5201641144605
4,IFAD,152,-384.0155039123883
4,IFAD,153,-386.8459235858585
4,IFAD,154,-376.1703134482915
4,IFAD,155,-370.42403140509975
4,IFAD,156,-375.81939631126755
4,IFAD,157,-373.72731324090404
4,IFAD,158,-375.8644891314378
4,IFAD,159,-367.05333963857385
4,IFAD,160,-378.75940280548076
4,IFAD,161,-372.5502586632756
4,IFAD,162,-375.3151211995126
4,IFAD,163,-377.28209970310525
4,IFAD,164,-374.727739496019
4,IFAD,165,-371.57414705823567
4,IFAD,166,-379.1693876407196
4,IFAD,167,-370.1542066961094
4,IFAD,168,-379.0428990271961
4,IFAD,169,-380.92909734202505
4,IFAD,170,-379.07395059208613
4,IFAD,171,-383.7036498159873
4,IFAD,172,-374.96407563364056
4,IFAD,173,-378.56593545761604
4,IFAD,174,-385.5628940444504
4,IFAD,175,-381.8019469411624
4,IFAD,176,-374.916363070449
4,IFAD,177,-367.89913638876334
4,IFAD,178,-372.4397785884674
4,IFAD,179,-370.7886429390232
4,IFAD,180,-385.0923898623809
4,IFAD,181,-371.13053844496466
4,IFAD,182,-382.1384689584658
4,IFAD,183,-375.59773475267787
4,IFAD,184,-377.6718158953543
4,IFAD,185,-371.9172789117899
4,IFAD,186,-375.1005683912977
4,IFAD,187,-374.4872493208305
4,IFAD,188,-369.0319344745343
4,IFAD,189,-381.1265533247162
4,IFAD,190,-373.8179560606201
4,IFAD,191,-376.5656371633837
4,IFAD,192,-371.5680873781146
4,IFAD,193,-370.5276825075571
4,IFAD,194,-378.73942898616315
4,IFAD,195,-373.0286066412639
4,IFAD,196,-376.2437578704944
4,IFAD,197,-367.733626123944
4,IFAD,198,-370.73981529800267
4,IFAD,199,-383.8451651160415
4,IFAD,200,-377.86027382944536
4,IFAD,201,-380.178272806852
4,IFAD,202,-369.8933942135007
4,IFAD,203,-376.3964776857986
4,IFAD,204,-383.08706420722575
4,IFAD,205,-371.6911336387091
4,IFAD,206,-391.301700789256
4,IFAD,207,-380.72901694656997
4,IFAD,208,-385.08671615275375
4,IFAD,209,-378.44142619919904
4,IFAD,210,-375.7845925179098
4,IFAD,211,-368.41813664795114
4,IFAD,212,-368.3006167369871
4,IFAD,213,-384.023877094282
4,IFAD,214,-377.6764485555628
4,IFAD,215,-375.8511674811864
4,IFAD,216,-388.1542400398187
4,IFAD,217,-380.8086445231723
4,IFAD,218,-368.7143785527197
4,IFAD,219,-383.6089201308192
4,IFAD,220,-374.1971608251998
4,IFAD,221,-384.97814567131
4,IFAD,222,-381.5930020060913
4,IFAD,223,-383.8928522506048
4,IFAD,224,-381.71846294973693
4,IFAD,225,-371.45149661830453
4,IFAD,226,-373.99335868035917
4,IFAD,227,-375.9470838299388
4,IFAD,228,-367.7012897935751
4,IFAD,229,-383.12859954351694
4,IFAD,230,-368.03838740646194
4,IFAD,231,-385.42911877815754
4,IFAD,232,-375.3300057033143
4,IFAD,233,-374.0546781312139
4,IFAD,234,-365.8766829207183
4,IFAD,235,-367.70734521249585
4,IFAD,236,-383.7524382880265
4,IFAD,237,-369.9736843299786
4,IFAD,238,-379.9416655807382
4,IFAD,239,-379.5337538543921
4,IFAD,240,-371.95836365065975
4,IFAD,241,-375.4454754169192
4,IFAD,242,-369.3916864842853
4,IFAD,243,-379.3690646880946
4,IFAD,244,-372.1419648655726
4,IFAD,245,-383.121546792311
4,IFAD,246,-373.3780903400558
4,IFAD,247,-364.4032748371647
4,IFAD,248,-376.22108536523973
4,IFAD,249,-382.44823471878976
4,IFAD,250,-376.4777125061819
4,IFAD,251,-375.34372040600965
4,IFAD,252,-389.1890853362899
4,IFAD,253,-382.9499182132303
4,IFAD,254,-376.4873147361696
4,IFAD,255,-378.55514963288243
4,IFAD,256,-370.79904271289854
4,IFAD,257,-373.85596044902456
4,IFAD,258,-388.1722677119201
4,IFAD,259,-376.0337579329384
4,IFAD,260,-375.3507893344309
4,IFAD,261,-366.85703533656175
4,IFAD,262,-365.9721070528993
4,IFAD,263,-382.2920613560656
4,IFAD,264,-377.35582955191063
4,IFAD,265,-374.85623911894083
4,IFAD,266,-367.4785818890436
4,IFAD,267,-373.3417167165023
4,IFAD,268,-387.1547450302669
4,IFAD,269,-374.74035118795376
4,IFAD,270,-376.44361816792883
4,IFAD,271,-381.17608688787755
4,IFAD,272,-361.6462955899555
4,IFAD,273,-376.3306049697378
4,IFAD,274,-372.70554056369446
4,IFAD,275,-387.0256636980959
4,IFAD,276,-380.2389759241441
4,IFAD,277,-383.0715807409321
4,IFAD,278,-375.05389272548996
4,IFAD,279,-383.63608019432525
4,IFAD,280,-372.15915994312854
4,IFAD,281,-376.9216002856036
4,IFAD,282,-372.9201493379419
4,IFAD,283,-366.2538729641728
4,IFAD,284,-374.3626470114294
4,IFAD,285,-369.34392234510676
4,IFAD,286,-375.6099520670955
4,IFAD,287,-381.4014213168178
4,IFAD,288,-372.0073400268969
4,IFAD,289,-366.09012260861414
4,IFAD,290,-376.909766314556
4,IFAD,291,-377.2466091980822
4,IFAD,292,-374.011580059179
4,IFAD,293,-377.6982327905971
4,IFAD,294,-386.2618833289864
4,IFAD,295,-377.407079617446
4,IFAD,296,-379.1750049176463
4,IFAD,297,-374.91879305519063
4,IFAD,298,-366.9885281795907
4,IFAD,299,-386.60880577506384
4,IFAD,300,-382.5198116545087
4,IFAD,301,-375.46457465623104
4,IFAD,302,-383.6591196520786
4,IFAD,303,-375.003520137884
4,IFAD,304,-369.27788884196246
4,IFAD,305,-369.37250088919495
4,IFAD,306,-379.26441809047276
4,IFAD,307,-381.56347452210184
4,IFAD,308,-372.3524887316378
4,IFAD,309,-384.4553699907828
4,IFAD,310,-382.0259917180478
4,IFAD,311,-363.4541240739455
4,IFAD,312,-372.9771351016618
4,IFAD,313,-396.89406925657636
4,IFAD,314,-369.04521962472177
4,IFAD,315,-385.16348119333975
4,IFAD,316,-376.2039932754183
4,IFAD,317,-371.0082113032141
4,IFAD,318,-370.5629077548051
4,IFAD,319,-376.169128311583
4,IFAD,320,-370.4463643684263
4,IFAD,321,-378.843540810625
4,IFAD,322,-376.30617314535345
4,IFAD,323,-386.22272815002293
4,IFAD,324,-383.46851648993686
4,IFAD,325,-383.98307458762173
4,IFAD,326,-383.1320916443401
4,IFAD,327,-377.94977432914544
4,IFAD,328,-385.9252747697789
4,IFAD,329,-377.5255847411627
4,IFAD,330,-384.84727349624495
4,IFAD,331,-370.2226464369711
4,IFAD,332,-372.54140333801314
4,IFAD,333,-375.5044103434845
4,IFAD,334,-375.82619473086436
4,IFAD,335,-378.7949795169178
4,IFAD,336,-381.65084521966804
4,IFAD,337,-377.04224341606056
4,IFAD,338,-386.01227442023765
4,IFAD,339,-388.43624428212627
4,IFAD,340,-371.0697415965411
4,IFAD,341,-375.10988165342866
4,IFAD,342,-377.77863825873914
4,IFAD,343,-373.87192939517547
4,IFAD,344,-378.6524626378011
4,IFAD,345,-378.91728476554846
4,IFAD,346,-382.1464071651317
4,IFAD,347,-386.9763233843678
4,IFAD,348,-376.26433900113364
4,IFAD,349,-377.5864888231955
4,IFAD,350,-378.14452594993196
4,IFAD,351,-376.99779307241005
4,IFAD,352,-379.52751805142816
4,IFAD,353,-379.380209550476
4,IFAD,354,-375.29567380900716
4,IFAD,355,-372.5633079626992
4,IFAD,356,-389.247333823574
4,IFAD,357,-372.8347552677467
4,IFAD,358,-370.43472035301653
4,IFAD,359,-375.27792402449984
4,IFAD,360,-360.7201653931457
4,IFAD,361,-380.64238780646866
4,IFAD,362,-389.72842223181874
4,IFAD,363,-378.8187875178616
4,IFAD,364,-371.955599031108
4,IFAD,365,-378.16518732787364
4,IFAD,366,-380.3832264616806
4,IFAD,367,-382.30894927230327
4,IFAD,368,-380.297299197868
4,IFAD,369,-373.5217769087908
4,IFAD,370,-370.01163594738364
4,IFAD,371,-385.4934803751465
4,IFAD,372,-373.68669212636314
4,IFAD,373,-377.8381917322098
4,IFAD,374,-376.1938668478874
4,IFAD,375,-375.0891580685766
4,IFAD,376,-369.6893509686996
4,IFAD,377,-368.6853110295791
4,IFAD,378,-380.25312873010296
4,IFAD,379,-376.84768344892854
4,IFAD,380,-361.29192516929305
4,IFAD,381,-371.0017209024442
4,IFAD,382,-382.11897879175257
4,IFAD,383,-385.7866655801393
4,IFAD,384,-375.96130138475354
4,IFAD,385,-370.68840774055053
4,IFAD,386,-373.52607673421727
4,IFAD,387,-377.25035270678416
4,IFAD,388,-385.3787046247139
4,IFAD,389,-373.91477258035167
4,IFAD,390,-371.8030611670352
4,IFAD,391,-363.7017783870558
4,IFAD,392,-382.60817349742354
4,IFAD,393,-367.9274575106701
4,IFAD,394,-370.44879633154807
4,IFAD,395,-382.39822193860465
4,IFAD,396,-380.58255026270183
4,IFAD,397,-381.9136170703226
4,IFAD,398,-378.08626277050695
4,IFAD,399,-392.08534762758774
5,IF2,0,-395.66912390013687
5,IF2,1,-400.5066395042631
5,IF2,2,-387.1755320118789
5,IF2,3,-384.14070793762124
5,IF2,4,-403.44166764060947
5,IF2,5,-380.5351177231314
5,IF2,6,-379.7639269506324
5,IF2,7,-363.08757596178015
5,IF2,8,-386.2873117881727
5,IF2,9,-387.4122293674313
5,IF2,10,-426.03030221073595
5,IF2,11,-432.6021048204503
5,IF2,12,-400.2176299728271
5,IF2,13,-394.64747843156687
5,IF2,14,-394.2429998604217
5,IF2,15,-390.9300827921128
5,IF2,16,-403.3462181954415
5,IF2,17,-402.5274960317239
5,IF2,18,-401.5336674389638
5,IF2,19,-385.59937093486025
5,IF2,20,-413.1384416610908
5,IF2,21,-393.3800352740767
5,IF2,22,-373.8402853080579
5,IF2,23,-381.0777253301962
5,IF2,24,-369.34087102509596
5,IF2,25,-378.7859569944474
5,IF2,26,-377.68090563923806
5,IF2,27,-393.2059991538815
5,IF2,28,-371.24261592200406
5,IF2,29,-382.7739204940132
5,IF2,30,-382.70289149924156
5,IF2,31,-386.22995929100745
5,IF2,32,-387.42997838422053
5,IF2,33,-375.2241819236889
5,IF2,34,-375.0308243612529
5,IF2,35,-383.3455118706436
5,IF2,36,-380.5678768522431
5,IF2,37,-366.6360793227902
5,IF2,38,-380.7577535107228
5,IF2,39,-371.08983733485354
5,IF2,40,-384.3564490758953
5,IF2,41,-383.90445468300123
5,IF2,42,-370.0905663770083
5,IF2,43,-388.41850376249823
5,IF2,44,-374.3631030882858
5,IF2,45,-381.5373145523685
5,IF2,46,-377.8139002995861
5,IF2,47,-377.0431459269189
5,IF2,48,-384.4697982145861
5,IF2,49,-383.6755107858349
5,IF2,50,-383.0269534246313
5,IF2,51,-392.43562073810625
5,IF2,52,-381.56865821752604
5,IF2,53,-386.3136989120283
5,IF2,54,-384.1620176595252
5,IF2,55,-379.1640691361263
5,IF2,56,-384.7441744888467
5,IF2,57,-384.5232497214223
5,IF2,58,-376.2955094789893
5,IF2,59,-384.3600704699615
5,IF2,60,-389.2030816546268
5,IF2,61,-372.2868063764075
5,IF2,62,-381.57223269019755
5,IF2,63,-392.0787444893187
5,IF2,64,-415.9905256226419
5,IF2,65,-405.3421717344183
5,IF2,66,-411.6921195495816
5,IF2,67,-400.4809585549908
5,IF2,68,-419.2169287947803
5,IF2,69,-436.2840414256659
5,IF2,70,-420.175674079382
5,IF2,71,-402.5288026744445
5,IF2,72,-393.9949816295248
5,IF2,73,-403.40457876131273
5,IF2,74,-395.69960357006886
5,IF2,75,-401.4588341222853
5,IF2,76,-392.20623738198907
5,IF2,77,-397.76371514352286
5,IF2,78,-394.3865249826305
5,IF2,79,-403.783715669467
5,IF2,80,-379.2208910330737
5,IF2,81,-400.7537234108564
5,IF2,82,-406.71333825554206
5,IF2,83,-385.73098349037366
5,IF2,84,-382.1730502148368
5,IF2,85,-402.08380768279295
5,IF2,86,-392.80530005920025
5,IF2,87,-385.0554403442196
5,IF2,88,-383.5214747222807
5,IF2,89,-406.36715432920386
5,IF2,90,-402.4861545408797
5,IF2,91,-425.0078041091483
5,IF2,92,-404.71091773871797
5,IF2,93,-420.33735387548717
5,IF2,94,-418.05056497109126
5,IF2,95,-400.6132637940336
5,IF2,96,-401.4289518417121
5,IF2,97,-422.78064694412524
5,IF2,98,-413.23283629570693
5,IF2,99,-415.1354106006495
5,IF2,100,-412.74614736757155
5,IF2,101,-417.19679588564253
5,IF2,102,-409.2099523666575
5,IF2,103,-422.1620854694812
5,IF2,104,-431.79993501442465
5,IF2,105,-443.5054506666787
5,IF2,106,-436.2596436957322
5,IF2,107,-450.23620065954583
5,IF2,108,-438.8260969066412
5,IF2,109,-431.558978799125
5,IF2,110,-425.40430649051535
5,IF2,111,-445.08035228087766
5,IF2,112,-432.359747377821
5,IF2,113,-446.0264330104118
5,IF2,114,-435.4880709667297
5,IF2,115,-429.2947675165817
5,IF2,116,-442.6751979021393
5,IF2,117,-437.7347723974719
5,IF2,118,-441.10037696018503
5,IF2,119,-420.92168011242666
5,IF2,120,-426.1364658723325
5,IF2,121,-440.41688705005856
5,IF2,122,-441.13013101482824
5,IF2,123,-434.7668692590799
5,IF2,124,-430.2194515387801
5,IF2,125,-421.07321406091364
5,IF2,126,-428.2441803837553
5,IF2,127,-427.45440908633645
5,IF2,128,-430.5746748149107
5,IF2,129,-425.3149126681608
5,IF2,130,-440.2871459395828
5,IF2,131,-454.7041390757769
5,IF2,132,-435.0711240234101
5,IF2,133,-432.86246947865743
5,IF2,134,-444.490877852333
5,IF2,135,-429.49988564315606
5,IF2,136,-438.53797921290794
5,IF2,137,-431.5949901432475
5,IF2,138,-441.7439682264883
5,IF2,139,-424.5520073652155
5,IF2,140,-431.512344952147
5,IF2,141,-438.6476114372983
5,IF2,142,-447.36918957354084
5,IF2,143,-445.67493487253756
5,IF2,144,-446.488938625899
5,IF2,145,-446.8155455805113
5,IF2,146,-437.00143592750715
5,IF2,147,-455.2608273896403
5,IF2,148,-469.9934959072958
5,IF2,149,-454.14188832638615
5,IF2,150,-455.6100329845784
5,IF2,151,-441.6919003328431
5,IF2,152,-433.78050323795486
5,IF2,153,-446.30555623647643
5,IF2,154,-465.8795198180235
5,IF2,155,-457.11489859039847
5,IF2,156,-452.00522201791176
5,IF2,157,-461.74106319141174
5,IF2,158,-460.4977412327518
5,IF2,159,-450.1799978950366
5,IF2,160,-463.4092397819345
5,IF2,161,-455.2976265584541
5,IF2,162,-431.28668461708196
5,IF2,163,-445.30510313802563
5,IF2,164,-444.01456548841753
5,IF2,165,-446.0284232322426
5,IF2,166,-435.07946762286235
5,IF2,167,-451.3820624997934
5,IF2,168,-445.3375371793661
5,IF2,169,-447.54588884271317
5,IF2,170,-458.1788728544201
5,IF2,171,-453.33362084273386
5,IF2,172,-435.1043433639532
5,IF2,173,-448.58297691641826
5,IF2,174,-444.1704705642255
5,IF2,175,-450.8633086865983
5,IF2,176,-449.9464195475807
5,IF2,177,-461.7276287869007
5,IF2,178,-448.09499412057477
5,IF2,179,-457.8941907973077
5,IF2,180,-432.8859872769571
5,IF2,181,-432.5361731316217
5,IF2,182,-468.7590173898123
5,IF2,183,-454.9325809854109
5,IF2,184,-442.4585539574734
5,IF2,185,-452.6611354883929
5,IF2,186,-445.22106054575784
5,IF2,187,-452.82991129610167
5,IF2,188,-448.1454153591386
5,IF2,189,-442.64285633352017
5,IF2,190,-439.57548124823177
5,IF2,191,-455.3882134340978
5,IF2,192,-444.36858974179137
5,IF2,193,-454.4713471188911
5,IF2,194,-443.0209795912891
5,IF2,195,-433.99048313712996
5,IF2,196,-442.09345776339063
5,IF2,197,-459.13935699009795
5,IF2,198,-426.0779424404819
5,IF2,199,-431.5109396136057
5,IF2,200,-436.5372259178517
5,IF2,201,-427.5459217280541
5,IF2,202,-446.819983155869
5,IF2,203,-439.63688674221845
5,IF2,204,-457.49995802986206
5,IF2,205,-439.46912255572533
5,IF2,206,-432.66219839505186
5,IF2,207,-453.75627363450457
5,IF2,208,-428.2188221050839
5,IF2,209,-438.3254347204805
5,IF2,210,-441.3669243295072
5,IF2,211,-441.5936634721591
5,IF2,212,-429.092539524099
5,IF2,213,-427.9970505611862
5,IF2,214,-447.923765389711
5,IF2,215,-442.9868646004774
5,IF2,216,-430.3572802168452
5,IF2,217,-433.11944256250445
5,IF2,218,-441.0414807053385
5,IF2,219,-437.43371217902774
5,IF2,220,-433.14106364399055
5,IF2,221,-445.28880444375704
5,IF2,222,-442.66850077465796
5,IF2,223,-439.5417470849134
5,IF2,224,-451.8241390618666
5,IF2,225,-453.0007202201077
5,IF2,226,-434.8433165393027
5,IF2,227,-434.2253800322434
5,IF2,228,-425.30829779469684
5,IF2,229,-435.90590086027885
5,IF2,230,-429.40775337138274
5,IF2,231,-449.59440335733996
5,IF2,232,-426.82158609680585
5,IF2,233,-439.7628238784994
5,IF2,234,-428.0663406265886
5,IF2,235,-422.37698685539584
5,IF2,236,-435.2664115536812
5,IF2,237,-421.5967637374192
5,IF2,238,-427.843620592583
5,IF2,239,-433.78243251574236
5,IF2,240,-435.8800262704329
5,IF2,241,-443.06328737890726
5,IF2,242,-427.9916149612634
5,IF2,243,-436.70408697307295
5,IF2,244,-439.4552846093556
5,IF2,245,-437.4049828941977
5,IF2,246,-428.67215464313597
5,IF2,247,-435.4781387293884
5,IF2,248,-434.4034395403632
5,IF2,249,-409.3054774215341
5,IF2,250,-438.2175942558851
5,IF2,251,-435.84208445696095
5,IF2,252,-431.3128463813002
5,IF2,253,-434.9771307011748
5,IF2,254,-421.8971175321274
5,IF2,255,-452.1984055914453
5,IF2,256,-450.2155923322865
5,IF2,257,-408.320430006701
5,IF2,258,-424.4625845565768
5,IF2,259,-431.9413685463163
5,IF2,260,-439.9932358313504
5,IF2,261,-429.3541751325552
5,IF2,262,-437.0106464321283
5,IF2,263,-434.8502964757637
5,IF2,264,-429.10298519440005
5,IF2,265,-416.87208407903694
5,IF2,266,-434.1639005038299
5,IF2,267,-426.50222447341866
5,IF2,268,-436.2957690517167
5,IF2,269,-440.151920576631
5,IF2,270,-425.08367448979897
5,IF2,271,-445.1477404295994
5,IF2,272,-418.70786420544596
5,IF2,273,-427.0891360688547
5,IF2,274,-427.9633054404119
5,IF2,275,-427.1379674685934
5,IF2,276,-420.15487631391125
5,IF2,277,-425.5672262020041
5,IF2,278,-438.00576151902595
5,IF2,279,-421.7547416675347
5,IF2,280,-436.36297459539253
5,IF2,281,-423.1191392977565
5,IF2,282,-424.80515406411166
5,IF2,283,-421.83844747814993
5,IF2,284,-430.30201349400613
5,IF2,285,-419.4154522459139
5,IF2,286,-414.7951296071228
5,IF2,287,-434.66532419476425
5,IF2,288,-423.02818845247003
5,IF2,289,-448.9721470053273
5,IF2,290,-442.6779562663904
5,IF2,291,-441.9968972705626
5,IF2,292,-430.71281539835604
5,IF2,293,-423.07204003372243
5,IF2,294,-440.34450822999423
5,IF2,295,-438.2530781893481
5,IF2,296,-429.5353420422065
5,IF2,297,-423.5059834001048
5,IF2,298,-459.1447712552337
5,IF2,299,-433.84379302917966
5,IF2,300,-450.2292807854558
5,IF2,301,-434.79812522617124
5,IF2,302,-429.67314425166865
5,IF2,303,-431.10633669260966
5,IF2,304,-437.7784310643495
5,IF2,305,-442.48621322777296
5,IF2,306,-427.3098287666833
5,IF2,307,-432.3605355909288
5,IF2,308,-438.8475603170502
5,IF2,309,-443.6115459772608
5,IF2,310,-432.1278021355457
5,IF2,311,-434.5334976609783
5,IF2,312,-446.43421137864044
5,IF2,313,-433.54301323565466
5,IF2,314,-440.78426629373126
5,IF2,315,-434.95565798814874
5,IF2,316,-447.03828015467695
5,IF2,317,-425.62619148440143
5,IF2,318,-440.3730501933395
5,IF2,319,-428.20285672473443
5,IF2,320,-428.7493642286489
5,IF2,321,-426.8274897496355
5,IF2,322,-426.7637622717903
5,IF2,323,-427.17317316793816
5,IF2,324,-429.8475036288424
5,IF2,325,-434.4599738680879
5,IF2,326,-440.80916221826664
5,IF2,327,-432.23040608072176
5,IF2,328,-443.0413748462786
5,IF2,329,-433.2192966343864
5,IF2,330,-418.5968781544768
5,IF2,331,-439.59762730124413
5,IF2,332,-435.28799480389824
5,IF2,333,-426.54809626694214
5,IF2,334,-423.21940856214513
5,IF2,335,-429.35384485404313
5,IF2,336,-420.59672502484966
5,IF2,337,-435.96190958145417
5,IF2,338,-437.22274825818664
5,IF2,339,-444.1203111058544
5,IF2,340,-425.80808084370943
5,IF2,341,-425.5840818827018
5,IF2,342,-426.3955808456253
5,IF2,343,-435.27213012398056
5,IF2,344,-428.9688203570009
5,IF2,345,-424.9927593641843
5,IF2,346,-447.26553895295
5,IF2,347,-427.04346948304857
5,IF2,348,-424.7770437175888
5,IF2,349,-433.00413728456095
5,IF2,350,-433.8345694824013
5,IF2,351,-431.23063929262037
5,IF2,352,-440.0382146896179
5,IF2,353,-443.48661370463236
5,IF2,354,-431.2088830499025
5,IF2,355,-428.0249842639788
5,IF2,356,-437.26801940796275
5,IF2,357,-416.249559287136
5,IF2,358,-425.7790320838777
5,IF2,359,-438.0032354400651
5,IF2,360,-428.0057890277921
5,IF2,361,-432.6910578321281
5,IF2,362,-430.0917757844005
5,IF2,363,-433.3494365103636
5,IF2,364,-433.31818211733815
5,IF2,365,-423.6351568604706
5,IF2,366,-435.4131412575879
5,IF2,367,-421.23177740737987
5,IF2,368,-433.22159513271635
5,IF2,369,-437.35545585181825
5,IF2,370,-434.05271892665473
5,IF2,371,-425.6793558391814
5,IF2,372,-430.0970991686596
5,IF2,373,-446.49166084601944
5,IF2,374,-430.64804785659794
5,IF2,375,-446.6543724472318
5,IF2,376,-449.3925943576068
5,IF2,377,-431.99582522086354
5,IF2,378,-435.51834768874284
5,IF2,379,-426.0715224825987
5,IF2,380,-427.0997939724051
5,IF2,381,-425.2381329669392
5,IF2,382,-431.1597952438525
5,IF2,383,-431.869562168913
5,IF2,384,-431.4298939931829
5,IF2,385,-432.9778869521458
5,IF2,386,-437.52975212825714
5,IF2,387,-451.6017558492747
5,IF2,388,-439.4136887692707
5,IF2,389,-434.0222945556899
5,IF2,390,-431.01569336786986
5,IF2,391,-431.50085688118764
5,IF2,392,-437.0737839780703
5,IF2,393,-423.5370253428652
5,IF2,394,-422.4376151877353
5,IF2,395,-428.2407461750465
5,IF2,396,-428.2510106733527
5,IF2,397,-436.0899626702085
5,IF2,398,-426.191031757385
5,IF2,399,-446.3604985973191
5,IF2,400,-446.15805803583385
5,IF2,401,-428.3723354072796
5,IF2,402,-429.29230222301874
5,IF2,403,-445.2735265234414
5,IF2,404,-421.82978237702247
5,IF2,405,-424.32919475050267
5,IF2,406,-442.3269606118896
5,IF2,407,-441.5790808929262
5,IF2,408,-434.70364684618073
5,IF2,409,-420.8786188468727
5,IF2,410,-422.1874631130819
5,IF2,411,-437.7323472877363
5,IF2,412,-433.78119541532806
5,IF2,413,-439.70475412619857
5,IF2,414,-431.5308982735535
5,IF2,415,-430.9509608266402
5,IF2,416,-441.3538663150183
5,IF2,417,-426.0275905499323
5,IF2,418,-425.7020981583984
5,IF2,419,-433.4929784424185
5,IF2,420,-434.0202301923063
5,IF2,421,-440.8724113536203
5,IF2,422,-437.76167899416714
5,IF2,423,-437.70981196814523
5,IF2,424,-424.86171260671927
5,IF2,425,-430.66786382453137
5,IF2,426,-437.26337886094865
5,IF2,427,-432.6564829412459
5,IF2,428,-430.78941930028003
5,IF2,429,-452.58104750148493
5,IF2,430,-446.8497871083664
5,IF2,431,-435.5148147664063
5,IF2,432,-441.37781776343684
5,IF2,433,-446.9627232903273
5,IF2,434,-442.1238292201626
5,IF2,435,-439.56592279043025
5,IF2,436,-432.7193933461551
5,IF2,437,-447.7368279334896
5,IF2,438,-422.48993285346126
5,IF2,439,-436.4874890489078
5,IF2,440,-431.64343079814284
5,IF2,441,-447.577229882079
5,IF2,442,-427.28551238118735
5,IF2,443,-433.8433381981085
5,IF2,444,-433.45319475257435
5,IF2,445,-429.11125365050844
5,IF2,446,-441.0071283169365
5,IF2,447,-438.40361118617
5,IF2,448,-419.26935135530937
5,IF2,449,-423.1365456267717
5,IF2,450,-426.3367187730189
5,IF2,451,-433.2282609912456
5,IF2,452,-424.9659713400614
5,IF2,453,-423.2535392795667
5,IF2,454,-435.86296731285876
5,IF2,455,-441.4032624195016
5,IF2,456,-428.58918273845956
5,IF2,457,-422.82008496360373
5,IF2,458,-451.23850213856696
5,IF2,459,-431.79129265066456
5,IF2,460,-414.9721769979235
5,IF2,461,-443.6614000675001
5,IF2,462,-437.53735671820044
5,IF2,463,-424.03785263450703
5,IF2,464,-429.02985116698505
5,IF2,465,-428.4364572257809
5,IF2,466,-428.54282495711095
5,IF2,467,-434.958620090041
5,IF2,468,-409.70577740020565
5,IF2,469,-427.3951367745635
5,IF2,470,-441.4090994906012
5,IF2,471,-428.7344968560463
5,IF2,472,-427.0264983988974
5,IF2,473,-446.6920470336787
5,IF2,474,-438.1648859895797
5,IF2,475,-435.25687086697565
5,IF2,476,-441.05820592898476
5,IF2,477,-428.0721822061117
5,IF2,478,-443.37523748875134
5,IF2,479,-439.89213910367823
5,IF2,480,-421.72254520293643
5,IF2,481,-423.74254123355246
5,IF2,482,-424.7706353613458
5,IF2,483,-422.3724040605294
5,IF2,484,-433.13414942483564
5,IF2,485,-422.9068261746544
5,IF2,486,-433.1224730545299
5,IF2,487,-444.0458861517657
5,IF2,488,-434.01335506299176
5,IF2,489,-438.3178377671343
5,IF2,490,-421.71208739047233
5,IF2,491,-431.24298663506454
5,IF2,492,-440.17505007270626
5,IF2,493,-429.87399557453864
5,IF2,494,-434.0832324525019
5,IF2,495,-428.0719641527083
5,IF2,496,-450.789220186103
5,IF2,497,-447.78275256628166
5,IF2,498,-433.80423325466256
5,IF2,499,-437.96550248685907
5,IF2,500,-438.75878821123575
5,IF2,501,-434.11512508056273
5,IF2,502,-433.4391936805865
5,IF2,503,-434.802213584461
5,IF2,504,-419.0248052546308
5,IF2,505,-425.3996849103089
5,IF2,506,-432.95270014715857
5,IF2,507,-434.1483233087119
5,IF2,508,-454.42230675619595
5,IF2,509,-429.0060471847575
5,IF2,510,-425.17196515477536
5,IF2,511,-443.4781521785277
5,IF2,512,-428.1700792446069
5,IF2,513,-435.1214757739885
5,IF2,514,-442.3274445152833
5,IF2,515,-430.6211063246654
5,IF2,516,-442.45532968646035
5,IF2,517,-418.02613237284197
5,IF2,518,-434.5763424607503
5,IF2,519,-430.0809223062594
5,IF2,520,-433.53513135740405
5,IF2,521,-426.0755437048573
5,IF2,522,-448.46990298716366
5,IF2,523,-424.1736818877027
5,IF2,524,-429.0850018070175
5,IF2,525,-441.2883652519806
5,IF2,526,-421.5902633549218
5,IF2,527,-430.2439768312058
5,IF2,528,-429.21254206336215
5,IF2,529,-432.18004757277157
5,IF2,530,-428.2955602056852
5,IF2,531,-440.26070097565974
5,IF2,532,-439.90448461450273
5,IF2,533,-426.1726085102985
5,IF2,534,-417.60695702846044
5,IF2,535,-427.79913110725204
5,IF2,536,-435.146547769316
5,IF2,537,-433.7633831138771
5,IF2,538,-430.2550902890441
5,IF2,539,-423.0541644090708
5,IF2,540,-439.05753844884543
5,IF2,541,-439.3231410063887
5,IF2,542,-435.63651186649963
5,IF2,543,-426.2232886301067
5,IF2,544,-448.94252852682183
5,IF2,545,-432.4628477444517
5,IF2,546,-428.35870092046173
5,IF2,547,-423.2689159257143
5,IF2,548,-427.0560523815524
5,IF2,549,-426.74338908721217
5,IF2,550,-434.5163468872676
5,IF2,551,-424.4420425037401
5,IF2,552,-436.6450512163254
5,IF2,553,-421.512663189409
5,IF2,554,-431.40355867340963
5,IF2,555,-434.18907929273377
5,IF2,556,-433.8827923207068
5,IF2,557,-451.8267648301858
5,IF2,558,-430.185432917755
5,IF2,559,-454.81070914049775
5,IF2,560,-444.91882957887856
5,IF2,561,-442.51134859841176
5,IF2,562,-431.90907296909523
5,IF2,563,-444.47196054772576
5,IF2,564,-433.93491617117354
5,IF2,565,-431.727193792529
5,IF2,566,-430.30331458159156
5,IF2,567,-424.4996500747699
5,IF2,568,-427.648558815568
5,IF2,569,-441.7515189328032
5,IF2,570,-421.2469046548786
5,IF2,571,-432.7849580106477
5,IF2,572,-443.399362383881
5,IF2,573,-438.4478469227883
5,IF2,574,-428.4715457975578
5,IF2,575,-419.51503478666325
5,IF2,576,-436.28857759502523
5,IF2,577,-441.3716424824187
5,IF2,578,-442.1332606088104
5,IF2,579,-440.32059561036715
5,IF2,580,-435.3140136209557
5,IF2,581,-436.08495427973463
5,IF2,582,-450.59839224785946
5,IF2,583,-439.91234528867335
5,IF2,584,-428.4662760626663
5,IF2,585,-425.56381430088163
5,IF2,586,-438.7700373643575
5,IF2,587,-439.4937051151774
5,IF2,588,-435.1796974738538
5,IF2,589,-444.1596071735053
5,IF2,590,-432.55876049505895
5,IF2,591,-441.2340347619512
5,IF2,592,-435.99999454690084
5,IF2,593,-417.2375333555508
5,IF2,594,-439.2396019649306
5,IF2,595,-436.620193927429
5,IF2,596,-435.6600053767718
5,IF2,597,-428.8696187341405
5,IF2,598,-423.01941104028873
5,IF2,599,-419.85998352121226
5,IFAD,0,-389.73555851126986
5,IFAD,1,-389.81068946778555
5,IFAD,2,-388.7172823497962
5,IFAD,3,-374.1932056995707
5,IFAD,4,-378.1145378563981
5,IFAD,5,-388.6501588151743
5,IFAD,6,-381.30544760167504
5,IFAD,7,-390.90921174545036
5,IFAD,8,-391.36826222320997
5,IFAD,9,-386.614115256577
5,IFAD,10,-400.6886633257847
5,IFAD,11,-393.50827616900995
5,IFAD,12,-382.7006790405382
5,IFAD,13,-368.67147367774237
5,IFAD,14,-385.22585726757205
5,IFAD,15,-412.09921128174045
5,IFAD,16,-399.95051145236874
5,IFAD,17,-377.4232128191865
5,IFAD,18,-390.9542257695321
5,IFAD,19,-378.97397393318477
5,IFAD,20,-379.9943897491175
5,IFAD,21,-380.77420598162723
5,IFAD,22,-380.1186991296491
5,IFAD,23,-387.22112899828636
5,IFAD,24,-376.50837334334824
5,IFAD,25,-379.5395333773959
5,IFAD,26,-386.5614037876568
5,IFAD,27,-379.8130672896165
5,IFAD,28,-389.5821580287782
5,IFAD,29,-371.8204533012063
5,IFAD,30,-381.19884327471084
5,IFAD,31,-376.1655206283823
5,IFAD,32,-370.94211408443505
5,IFAD,33,-383.2633372442052
5,IFAD,34,-375.2736126612396
5,IFAD,35,-374.6559363103681
5,IFAD,36,-380.97956778317837
5,IFAD,37,-378.5901439340123
5,IFAD,38,-392.2677446807094
5,IFAD,39,-385.4830268012366
5,IFAD,40,-367.3371613369633
5,IFAD,41,-385.15555693860796
5,IFAD,42,-370.1072168941486
5,IFAD,43,-367.75098572298094
5,IFAD,44,-386.3278755218906
5,IFAD,45,-381.202878819709
5,IFAD,46,-389.37035269720343
5,IFAD,47,-397.50420991592136
5,IFAD,48,-380.9766582953421
5,IFAD,49,-380.67209790755123
5,IFAD,50,-389.8106660829638
5,IFAD,51,-412.13124792618066
5,IFAD,52,-421.4030150381188
5,IFAD,53,-395.1104256109901
5,IFAD,54,-390.65359363082155
5,IFAD,55,-433.06688826580347
5,IFAD,56,-424.8749776054093
5,IFAD,57,-425.74644333574395
5,IFAD,58,-433.48624208273895
5,IFAD,59,-426.75415807116616
5,IFAD,60,-423.5274553575181
5,IFAD,61,-411.11189872277225
5,IFAD,62,-408.0257400066689
5,IFAD,63,-407.4285118313656
5,IFAD,64,-426.4510139392034
5,IFAD,65,-421.5249408181343
5,IFAD,66,-418.03600009618384
5,IFAD,67,-430.2317797154594
5,IFAD,68,-425.68885818069805
5,IFAD,69,-427.77998728406186
5,IFAD,70,-411.3328710305028
5,IFAD,71,-416.554670720198
5,IFAD,72,-425.8818750501781
5,IFAD,73,-422.4733880386475
5,IFAD,74,-418.69752212388227
5,IFAD,75,-431.4104321517795
5,IFAD,76,-424.02919197586465
5,IFAD,77,-418.42141667310534
5,IFAD,78,-408.6031996981562
5,IFAD,79,-411.4589012743956
5,IFAD,80,-398.84747321094045
5,IFAD,81,-394.30321826714453
5,IFAD,82,-393.2233838045102
5,IFAD,83,-390.9939259121274
5,IFAD,84,-395.23460472024465
5,IFAD,85,-402.9233901694642
5,IFAD,86,-403.36367726402665
5,IFAD,87,-405.1166132502062
5,IFAD,88,-392.4904207574358
5,IFAD,89,-388.90078033599
5,IFAD,90,-396.8555045175066
5,IFAD,91,-402.35828420808673
5,IFAD,92,-393.837027763505
5,IFAD,93,-392.2078653652075
5,IFAD,94,-380.1779599028941
5,IFAD,95,-396.49896292089636
5,IFAD,96,-400.1677443552738
5,IFAD,97,-398.01227947596186
5,IFAD,98,-404.5077421223402
5,IFAD,99,-396.76542973327895
5,IFAD,100,-387.8830530057816
5,IFAD,101,-390.6357193412733
5,IFAD,102,-393.22006556218804
5,IFAD,103,-395.68094613256045
5,IFAD,104,-387.47447537860336
5,IFAD,105,-384.552025596994
5,IFAD,106,-373.29565592962143
5,IFAD,107,-384.1687519534045
5,IFAD,108,-381.25037175068513
5,IFAD,109,-391.67415684189837
5,IFAD,110,-381.2695581337103
5,IFAD,111,-378.47293507338173
5,IFAD,112,-374.49851102759953
5,IFAD,113,-379.2570438386874
5,IFAD,114,-389.2358134380207
5,IFAD,115,-384.495548759805
5,IFAD,116,-377.1382479889047
5,IFAD,117,-386.80227207844416
5,IFAD,118,-376.6007254783617
5,IFAD,119,-381.724101609995
5,IFAD,120,-370.5690358970866
5,IFAD,121,-383.9229132833034
5,IFAD,122,-392.52808429281697
5,IFAD,123,-376.1391794055054
5,IFAD,124,-382.9912788604722
5,IFAD,125,-379.35050917540985
5,IFAD,126,-380.1923616037496
5,IFAD,127,-388.3049089261083
5,IFAD,128,-377.9465984683536
5,IFAD,129,-379.1203327819356
5,IFAD,130,-383.1768797321791
5,IFAD,131,-380.6616008982415
5,IFAD,132,-387.16670979534126
5,IFAD,133,-379.020234880466
5,IFAD,134,-385.7429791428742
5,IFAD,135,-365.3855585344466
5,IFAD,136,-378.4274247512281
5,IFAD,137,-379.44986532462946
5,IFAD,138,-381.1866497913705
5,IFAD,139,-373.63447396971327
5,IFAD,140,-378.6577027238106
5,IFAD,141,-376.8951877318382
5,IFAD,142,-376.23241523091815
5,IFAD,143,-383.92509244420194
5,IFAD,144,-383.30348127935395
5,IFAD,145,-372.46459669058595
5,IFAD,146,-372.45488653819524
5,IFAD,147,-367.16832891815216
5,IFAD,148,-379.02186491908134
5,IFAD,149,-378.8555571934486
5,IFAD,150,-381.67735074362326
5,IFAD,151,-375.7468222163639
5,IFAD,152,-381.8269756566204
5,IFAD,153,-389.9752152425388
5,IFAD,154,-375.7202202753071
5,IFAD,155,-377.57821208234185
5,IFAD,156,-379.5752013721176
5,IFAD,157,-371.5732437815886
5,IFAD,158,-380.9464983069625
5,IFAD,159,-366.1778088554123
5,IFAD,160,-374.36370722623525
5,IFAD,161,-372.9210771680086
5,IFAD,162,-382.2327956578187
5,IFAD,163,-375.4125031679787
5,IFAD,164,-377.0437264493271
5,IFAD,165,-362.30485104743326
5,IFAD,166,-370.6539744347301
5,IFAD,167,-375.9339970325406
5,IFAD,168,-382.49618261556003
5,IFAD,169,-375.00365108275787
5,IFAD,170,-381.8779842563452
5,IFAD,171,-379.555913634096
5,IFAD,172,-368.1079585713207
5,IFAD,173,-371.69719753369657
5,IFAD,174,-376.7761906561017
5,IFAD,175,-374.9268686244333
5,IFAD,176,-378.969754652845
5,IFAD,177,-371.6181248763694
5,IFAD,178,-376.878861719609
5,IFAD,179,-377.2358760137538
5,IFAD,180,-377.34775475792566
5,IFAD,181,-376.60536533306237
5,IFAD,182,-380.2336553892084
5,IFAD,183,-389.5519534122552
5,IFAD,184,-370.5904877912768
5,IFAD,185,-367.11991950435106
5,IFAD,186,-375.46018573892866
5,IFAD,187,-392.6393898763168
5,IFAD,188,-371.7426479550699
5,IFAD,189,-371.92135537724295
5,IFAD,190,-370.4231971392863
5,IFAD,191,-368.7048706694178
5,IFAD,192,-387.3158399224607
5,IFAD,193,-374.26005074081223
5,IFAD,194,-372.77674829276236
5,IFAD,195,-372.6379449490519
5,IFAD,196,-363.81268280857734
5,IFAD,197,-378.7820229227023
5,IFAD,198,-379.3088272592027
5,IFAD,199,-373.6134640815685
5,IFAD,200,-370.72681428767515
5,IFAD,201,-380.56815903318017
5,IFAD,202,-364.876599316815
5,IFAD,203,-376.1398069806028
5,IFAD,204,-377.01712189186225
5,IFAD,205,-377.64506674891766
5,IFAD,206,-371.7516535267648
5,IFAD,207,-383.6609745393648
5,IFAD,208,-371.1613419518891
5,IFAD,209,-373.8979783112767
5,IFAD,210,-386.15562382868893
5,IFAD,211,-362.4416448115751
5,IFAD,212,-376.1412850896904
5,IFAD,213,-366.7064980484955
5,IFAD,214,-379.1754176923667
5,IFAD,215,-375.90054568933914
5,IFAD,216,-390.8543198454574
5,IFAD,217,-380.1081907393483
5,IFAD,218,-371.1506081347188
5,IFAD,219,-380.7292655603934
5,IFAD,220,-383.1085032220336
5,IFAD,221,-372.2034435587676
5,IFAD,222,-379.55674570277966
5,IFAD,223,-367.0237557171245
5,IFAD,224,-381.32498356873157
5,IFAD,225,-380.1511233479919
5,IFAD,226,-379.52179423995733
5,IFAD,227,-378.7381615311401
5,IFAD,228,-365.35500542838196
5,IFAD,229,-370.3125325514369
5,IFAD,230,-372.22814358637373
5,IFAD,231,-376.01269623157873
5,IFAD,232,-383.33463115833484
5,IFAD,233,-374.405182114187
5,IFAD,234,-389.67648190927594
5,IFAD,235,-371.0755675045585
5,IFAD,236,-366.41872118393314
5,IFAD,237,-377.1356629223194
5,IFAD,238,-367.71534271101183
5,IFAD,239,-370.6716038537302
5,IFAD,240,-379.2152158966098
5,IFAD,241,-370.6734330595903
5,IFAD,242,-367.0602976352709
5,IFAD,243,-372.476957916245
5,IFAD,244,-390.53780707328457
5,IFAD,245,-378.76459191724723
5,IFAD,246,-370.18481100331627
5,IFAD,247,-373.79860767303836
5,IFAD,248,-380.61322610400384
5,IFAD,249,-381.8346386158117
5,IFAD,250,-374.6384409794602
5,IFAD,251,-376.67022923243485
5,IFAD,252,-369.1532760295501
5,IFAD,253,-372.16602070365536
5,IFAD,254,-378.0799465924348
5,IFAD,255,-371.5732605900308
5,IFAD,256,-374.6712316202643
5,IFAD,257,-375.43071157287164
5,IFAD,258,-385.6329766332088
5,IFAD,259,-370.6198520785769
5,IFAD,260,-379.681550361104
5,IFAD,261,-372.01944941109605
5,IFAD,262,-368.8587544469335
5,IFAD,263,-373.3982924156493
5,IFAD,264,-370.76791245589527
5,IFAD,265,-379.2015769980204
5,IFAD,266,-378.8894384996725
5,IFAD,267,-381.9224709119649
5,IFAD,268,-381.101561556622
5,IFAD,269,-369.9762650954911
5,IFAD,270,-375.0434903598082
5,IFAD,271,-370.51879443545715
5,IFAD,272,-368.20421115645195
5,IFAD,273,-377.74833466252943
5,IFAD,274,-375.9600371699729
5,IFAD,275,-388.5598211457562
5,IFAD,276,-386.1080910147649
5,IFAD,277,-373.9661099439616
5,IFAD,278,-381.0525065068204
5,IFAD,279,-381.6549350541125
5,IFAD,280,-365.1619182298642
5,IFAD,281,-373.3473939839795
5,IFAD,282,-377.2736829041274
5,IFAD,283,-377.2478725774991
5,IFAD,284,-385.1432159238599
5,IFAD,285,-374.328248479472
5,IFAD,286,-373.6497819571246
5,IFAD,287,-375.6161166528455
5,IFAD,288,-375.98174681418476
5,IFAD,289,-370.771298854012
5,IFAD,290,-389.19261312790576
5,IFAD,291,-383.23438519477503
5,IFAD,292,-370.39039823161295
5,IFAD,293,-390.401668396066
5,IFAD,294,-385.94548041877187
5,IFAD,295,-382.00764558432974
5,IFAD,296,-371.38862203160056
5,IFAD,297,-370.90135408438636
5,IFAD,298,-371.46992576863204
5,IFAD,299,-378.1796390114962
5,IFAD,300,-391.5506268694911
5,IFAD,301,-375.53608055009454
5,IFAD,302,-389.24213626787105
5,IFAD,303,-370.10573919418107
5,IFAD,304,-376.55265756735855
5,IFAD,305,-367.5068344322364
5,IFAD,306,-364.67478973582627
5,IFAD,307,-374.2878897370659
5,IFAD,308,-384.9139674711329
5,IFAD,309,-378.8026974001874
5,IFAD,310,-379.8345542128927
5,IFAD,311,-387.19138028905763
5,IFAD,312,-379.9802802889164
5,IFAD,313,-380.83813661270796
5,IFAD,314,-394.42155301082994
5,IFAD,315,-383.5315202463266
5,IFAD,316,-376.2469932232424
5,IFAD,317,-387.12372537763395
5,IFAD,318,-382.30114125347785
5,IFAD,319,-380.6353420909462
5,IFAD,320,-377.5447335359944
5,IFAD,321,-376.1610152937078
5,IFAD,322,-376.83466063666907
5,IFAD,323,-383.62530042559126
5,IFAD,324,-377.07961273211
5,IFAD,325,-381.8575470437421
5,IFAD,326,-375.69391565070543
5,IFAD,327,-388.1885731427821
5,IFAD,328,-384.56453758284965
5,IFAD,329,-389.90397559889954
5,IFAD,330,-371.8659637956563
5,IFAD,331,-377.85132987732527
5,IFAD,332,-372.62226978339595
5,IFAD,333,-381.9620585125721
5,IFAD,334,-382.56452594882893
5,IFAD,335,-386.93769451485736
5,IFAD,336,-368.3899895922214
5,IFAD,337,-396.2485846784235
5,IFAD,338,-371.42223926045637
5,IFAD,339,-383.3561436912897
5,IFAD,340,-367.3335382481476
5,IFAD,341,-372.57842926446546
5,IFAD,342,-374.2406929783717
5,IFAD,343,-369.7201028080635
5,IFAD,344,-355.38257807828757
5,IFAD,345,-384.22497381835353
5,IFAD,346,-377.08488186131797
5,IFAD,347,-371.5675117648145
5,IFAD,348,-375.73891147047726
5,IFAD,349,-374.110705909031
5,IFAD,350,-378.06886193839813
5,IFAD,351,-369.77469066668795
5,IFAD,352,-370.0357744365696
5,IFAD,353,-381.21989905564044
5,IFAD,354,-379.81091631832345
5,IFAD,355,-365.6678814712532
5,IFAD,356,-389.77664381004695
5,IFAD,357,-369.1687085033242
5,IFAD,358,-385.5353539002416
5,IFAD,359,-373.35104066422593
5,IFAD,360,-376.34565107972765
5,IFAD,361,-371.79774327615985
5,IFAD,362,-384.2675346184209
5,IFAD,363,-378.8298558427304
5,IFAD,364,-368.21901549637494
5,IFAD,365,-377.15103828364306
5,IFAD,366,-368.93003309220455
5,IFAD,367,-373.922076956431
5,IFAD,368,-381.74650437862044
5,IFAD,369,-363.9660173378697
5,IFAD,370,-389.0071119594076
5,IFAD,371,-384.3604006625189
5,IFAD,372,-378.19470406860137
5,IFAD,373,-371.7430562166268
5,IFAD,374,-395.04576254474426
5,IFAD,375,-358.1824295916071
5,IFAD,376,-374.68702825201524
5,IFAD,377,-378.53598359609595
5,IFAD,378,-371.57463476271755
5,IFAD,379,-378.4190545365504
5,IFAD,380,-388.2739982070399
5,IFAD,381,-374.83756109468425
5,IFAD,382,-381.8189674903761
5,IFAD,383,-378.57461810407415
5,IFAD,384,-365.75030408294873
5,IFAD,385,-380.5470899887471
5,IFAD,386,-373.7372419927558
5,IFAD,387,-378.2016920342412
5,IFAD,388,-386.0812810062975
5,IFAD,389,-376.3729469834637
5,IFAD,390,-377.61544324270153
5,IFAD,391,-376.5833007400056
5,IFAD,392,-377.15141775025336
5,IFAD,393,-374.58497199185433
5,IFAD,394,-385.36087996314603
5,IFAD,395,-364.15593760255496
5,IFAD,396,-373.0882049265667
5,IFAD,397,-365.68094861518
5,IFAD,398,-375.9634431276748
5,IFAD,399,-389.4970161563385
6,IF2,0,-423.95949964692767
6,IF2,1,-412.86005411633573
6,IF2,2,-406.547801809069
6,IF2,3,-401.38520636981394
6,IF2,4,-403.50561770384644
6,IF2,5,-400.4065675356202
6,IF2,6,-383.56422977373035
6,IF2,7,-384.7484781106258
6,IF2,8,-402.7532103338863
6,IF2,9,-400.03421322950896
6,IF2,10,-419.05542026058174
6,IF2,11,-413.2772597743872
6,IF2,12,-398.1722112924111
6,IF2,13,-402.97342127049484
6,IF2,14,-390.41632498578645
6,IF2,15,-383.2797169597128
6,IF2,16,-382.7783588985119
6,IF2,17,-389.1710555452656
6,IF2,18,-382.4134262015249
6,IF2,19,-381.5049821616802
6,IF2,20,-378.3046040823905
6,IF2,21,-386.0873041453397
6,IF2,22,-383.63032861893987
6,IF2,23,-377.308434846996
6,IF2,24,-374.6978317339064
6,IF2,25,-370.6762960572229
6,IF2,26,-376.1288445152271
6,IF2,27,-380.0415857990804
6,IF2,28,-384.91831132932407
6,IF2,29,-381.7618696972616
6,IF2,30,-377.7964235533879
6,IF2,31,-390.40661272117455
6,IF2,32,-388.94829563991016
6,IF2,33,-398.11500111708995
6,IF2,34,-382.5581537483472
6,IF2,35,-391.08591278651215
6,IF2,36,-386.5242216259252
6,IF2,37,-386.81386571910815
6,IF2,38,-387.39175360878414
6,IF2,39,-381.6296537775574
6,IF2,40,-389.4982638635695
6,IF2,41,-387.16430312869574
6,IF2,42,-386.1928641947527
6,IF2,43,-398.94680672754737
6,IF2,44,-377.1526807710461
6,IF2,45,-397.26110967082417
6,IF2,46,-394.84371390310105
6,IF2,47,-393.54788502183794
6,IF2,48,-395.39432931979326
6,IF2,49,-400.12543544461994
6,IF2,50,-393.64918789535034
6,IF2,51,-388.6654882478141
6,IF2,52,-425.7505713722849
6,IF2,53,-422.2361416443233
6,IF2,54,-424.7935570026927
6,IF2,55,-438.57705843361515
6,IF2,56,-449.83148399359015
6,IF2,57,-441.97558371393285
6,IF2,58,-437.21835598009415
6,IF2,59,-459.5344017161529
6,IF2,60,-444.4313047599597
6,IF2,61,-443.77962911801114
6,IF2,62,-428.54772114696556
6,IF2,63,-425.33169639534793
6,IF2,64,-421.47001371074066
6,IF2,65,-419.2328997562258
6,IF2,66,-405.2373589690631
6,IF2,67,-415.7349328250191
6,IF2,68,-409.7464847141701
6,IF2,69,-413.13760319689175
6,IF2,70,-398.4081297985307
6,IF2,71,-399.843189050764
6,IF2,72,-397.92467218923053
6,IF2,73,-406.3027743219832
6,IF2,74,-409.3002699217515
6,IF2,75,-391.40718099798255
6,IF2,76,-399.1295960542785
6,IF2,77,-415.2238949279507
6,IF2,78,-398.93865755187045
6,IF2,79,-424.0307135212179
6,IF2,80,-394.73945643959877
6,IF2,81,-403.2090256821013
6,IF2,82,-404.87605036997786
6,IF2,83,-393.7439808748222
6,IF2,84,-387.3888837045266
6,IF2,85,-395.24738797284397
6,IF2,86,-397.14190259277285
6,IF2,87,-409.8524618523215
6,IF2,88,-401.0669190469744
6,IF2,89,-409.98912605119773
6,IF2,90,-429.74817569765565
6,IF2,91,-415.29329205466667
6,IF2,92,-440.0764059159164
6,IF2,93,-422.1141198708918
6,IF2,94,-432.1848533295199
6,IF2,95,-431.74105870246325
6,IF2,96,-435.3061891425136
6,IF2,97,-432.69439344551233
6,IF2,98,-426.25371789639945
6,IF2,99,-408.22620846042736
6,IF2,100,-419.95552502602175
6,IF2,101,-427.95821114230495
6,IF2,102,-427.75043532839175
6,IF2,103,-414.29669924735987
6,IF2,104,-404.8568120073804
6,IF2,105,-401.12135394853505
6,IF2,106,-412.4278553306874
6,IF2,107,-407.19354939277207
6,IF2,108,-415.93996717827645
6,IF2,109,-416.6042834525226
6,IF2,110,-427.7696171039285
6,IF2,111,-419.5600091095504
6,IF2,112,-436.72417372010506
6,IF2,113,-459.0702125586926
6,IF2,114,-462.66184194188423
6,IF2,115,-431.2536798745503
6,IF2,116,-438.3576603454649
6,IF2,117,-417.8223336344501
6,IF2,118,-416.8220365463229
6,IF2,119,-424.47440280092275
6,IF2,120,-417.4406972238593
6,IF2,121,-405.9345894038647
6,IF2,122,-402.38367784813113
6,IF2,123,-399.15882198728383
6,IF2,124,-397.6044253402729
6,IF2,125,-379.8726789289252
6,IF2,126,-383.31482073476394
6,IF2,127,-389.4417560291692
6,IF2,128,-387.15846540830205
6,IF2,129,-388.0024534987695
6,IF2,130,-392.5463025816502
6,IF2,131,-399.5386269362684
6,IF2,132,-403.373996052821
6,IF2,133,-390.01930883545486
6,IF2,134,-388.61472790176055
6,IF2,135,-401.7798863921423
6,IF2,136,-400.9102453081904
6,IF2,137,-404.1937839640336
6,IF2,138,-406.2335436750985
6,IF2,139,-390.3824723763598
6,IF2,140,-404.19145571215165
6,IF2,141,-416.1588315822944
6,IF2,142,-406.98531023615254
6,IF2,143,-409.44831435772414
6,IF2,144,-415.0150652881108
6,IF2,145,-395.9409142511205
6,IF2,146,-398.7941529536197
6,IF2,147,-405.25453909909817
6,IF2,148,-414.78129966923325
6,IF2,149,-409.3010208167817
6,IF2,150,-409.82346845464684
6,IF2,151,-409.8413952339427
6,IF2,152,-408.05126117539936
6,IF2,153,-415.3454598434021
6,IF2,154,-419.11773169371634
6,IF2,155,-410.3793704610208
6,IF2,156,-424.8847352893762
6,IF2,157,-415.43264280436335
6,IF2,158,-409.38047935889193
6,IF2,159,-418.32987973954505
6,IF2,160,-431.0781543145252
6,IF2,161,-417.67382172909686
6,IF2,162,-424.70687393083153
6,IF2,163,-418.3755904803773
6,IF2,164,-417.4128973845868
6,IF2,165,-420.22428957037766
6,IF2,166,-428.97960257479593
6,IF2,167,-411.7937772830137
6,IF2,168,-421.6513596757588
6,IF2,169,-435.7569195014929
6,IF2,170,-434.1218239445897
6,IF2,171,-440.23820542401734
6,IF2,172,-434.674893796469
6,IF2,173,-424.9984942555993
6,IF2,174,-433.16625550006773
6,IF2,175,-445.2845143301169
6,IF2,176,-437.44282932365013
6,IF2,177,-449.72092601711427
6,IF2,178,-428.02192141222196
6,IF2,179,-438.44880469556807
6,IF2,180,-445.5835720111464
6,IF2,181,-432.49770962841154
6,IF2,182,-435.41359539201096
6,IF2,183,-441.1629394254051
6,IF2,184,-430.41800286887246
6,IF2,185,-451.5339272686862
6,IF2,186,-440.64815955952133
6,IF2,187,-455.345659934134
6,IF2,188,-432.75346285984915
6,IF2,189,-436.6539821970232
6,IF2,190,-432.49635971619074
6,IF2,191,-423.5188677585119
6,IF2,192,-433.5494024157945
6,IF2,193,-442.63621630943584
6,IF2,194,-439.5777636398053
6,IF2,195,-435.74848975430297
6,IF2,196,-430.40892100201825
6,IF2,197,-434.372719627077
6,IF2,198,-427.1117956111286
6,IF2,199,-440.3280933017851
6,IF2,200,-432.3237925097135
6,IF2,201,-431.2503097080049
6,IF2,202,-438.36882701868257
6,IF2,203,-428.94705427438805
6,IF2,204,-427.564214643619
6,IF2,205,-417.7116585097029
6,IF2,206,-432.06410170674656
6,IF2,207,-430.20282084428055
6,IF2,208,-433.8651816563237
6,IF2,209,-423.61117052677406
6,IF2,210,-428.25131227012946
6,IF2,211,-404.496556646515
6,IF2,212,-422.10314561738676
6,IF2,213,-415.3160487405528
6,IF2,214,-421.14890223319105
6,IF2,215,-430.63863653440825
6,IF2,216,-424.61826758535636
6,IF2,217,-427.1136485702111
6,IF2,218,-431.3272716157778
6,IF2,219,-443.92083026291607
6,IF2,220,-449.27315242980586
6,IF2,221,-437.2750012061844
6,IF2,222,-436.8477282140675
6,IF2,223,-447.9625491382665
6,IF2,224,-443.86996510752
6,IF2,225,-429.9196146446212
6,IF2,226,-446.82469237040215
6,IF2,227,-445.29084914265104
6,IF2,228,-440.5130142401588
6,IF2,229,-439.3516292240391
6,IF2,230,-427.7697235391646
6,IF2,231,-446.26726121931455
6,IF2,232,-429.4744420529552
6,IF2,233,-433.7652767440978
6,IF2,234,-428.7843282448026
6,IF2,235,-444.2625468684562
6,IF2,236,-425.96513778636364
6,IF2,237,-430.0590648988768
6,IF2,238,-433.82575216321226
6,IF2,239,-426.2762512976251
6,IF2,240,-430.33526785992456
6,IF2,241,-426.19154689262115
6,IF2,242,-435.09927935205974
6,IF2,243,-435.5783952183369
6,IF2,244,-421.95190694655685
6,IF2,245,-431.30596127139677
6,IF2,246,-425.66717492529983
6,IF2,247,-427.7545280193301
6,IF2,248,-427.1652331697432
6,IF2,249,-436.4699814436308
6,IF2,250,-439.6054884321925
6,IF2,251,-443.6602900789937
6,IF2,252,-414.3865418120136
6,IF2,253,-434.3014146113998
6,IF2,254,-425.98422735725507
6,IF2,255,-435.6178940276513
6,IF2,256,-438.6996028589359
6,IF2,257,-426.85217105828696
6,IF2,258,-413.75856977421404
6,IF2,259,-434.00513943563124
6,IF2,260,-444.9418192040573
6,IF2,261,-426.4731690581979
6,IF2,262,-427.36284570226167
6,IF2,263,-419.291660653208
6,IF2,264,-427.59690003440596
6,IF2,265,-446.181884292641
6,IF2,266,-436.599932065536
6,IF2,267,-426.0848994610262
6,IF2,268,-436.8397280933554
6,IF2,269,-426.8217800531617
6,IF2,270,-414.1322301380675
6,IF2,271,-436.0843094021911
6,IF2,272,-427.2269404622012
6,IF2,273,-435.08158001520053
6,IF2,274,-442.22570301446194
6,IF2,275,-435.348888932799
6,IF2,276,-421.7932129234276
6,IF2,277,-430.29869179181236
6,IF2,278,-440.2251657204588
6,IF2,279,-434.30991138488173
6,IF2,280,-417.80135415954373
6,IF2,281,-446.79935562103526
6,IF2,282,-416.0926261768259
6,IF2,283,-438.8263724406995
6,IF2,284,-416.4749051180231
6,IF2,285,-427.4508383524034
6,IF2,286,-419.73441132545855
6,IF2,287,-427.6044369420867
6,IF2,288,-435.8798402453538
6,IF2,289,-445.14343846236704
6,IF2,290,-422.85181538215744
6,IF2,291,-436.7594477942922
6,IF2,292,-442.37555259840866
6,IF2,293,-435.4693739948775
6,IF2,294,-431.21889788636526
6,IF2,295,-428.1735043362856
6,IF2,296,-424.30509581436456
6,IF2,297,-429.0934895446549
6,IF2,298,-433.8499873958387
6,IF2,299,-435.22231786649485
6,IF2,300,-449.09686795435374
6,IF2,301,-419.10226957922475
6,IF2,302,-437.92153472561074
6,IF2,303,-422.2955739062825
6,IF2,304,-438.1871002284071
6,IF2,305,-421.5771069211723
6,IF2,306,-447.76995705877124
6,IF2,307,-440.9595700686245
6,IF2,308,-429.926182805995
6,IF2,309,-425.2468070855759
6,IF2,310,-442.08409528478114
6,IF2,311,-428.3137316347883
6,IF2,312,-429.02675772812137
6,IF2,313,-415.7951556291448
6,IF2,314,-438.36141171919263
6,IF2,315,-435.0810954002821
6,IF2,316,-426.0574847660056
6,IF2,317,-446.78881040290986
6,IF2,318,-425.5828715554858
6,IF2,319,-424.00416752008545
6,IF2,320,-417.3765653893026
6,IF2,321,-430.729557706791
6,IF2,322,-429.3479918753099
6,IF2,323,-416.9481202021583
6,IF2,324,-419.132231797192
6,IF2,325,-434.9018763528017
6,IF2,326,-419.20896218562126
6,IF2,327,-432.72508639645514
6,IF2,328,-441.33368658556526
6,IF2,329,-431.4247324525468
6,IF2,330,-438.55539313078344
6,IF2,331,-432.79550988118814
6,IF2,332,-438.1708290369465
6,IF2,333,-420.23849389163144
6,IF2,334,-424.9151372435665
6,IF2,335,-435.1645284773795
6,IF2,336,-421.0552151105286
6,IF2,337,-443.1900704578194
6,IF2,338,-436.84677190968154
6,IF2,339,-430.59747354348644
6,IF2,340,-436.64848885847647
6,IF2,341,-424.2394220902819
6,IF2,342,-427.9134253242643
6,IF2,343,-440.84480842894584
6,IF2,344,-425.97243413754387
6,IF2,345,-444.5117203115284
6,IF2,346,-422.6776968819978
6,IF2,347,-424.39183995555175
6,IF2,348,-438.6385247517833
6,IF2,349,-428.160887986429
6,IF2,350,-428.11446841775967
6,IF2,351,-429.19873364158167
6,IF2,352,-461.9310720920203
6,IF2,353,-438.2373860938296
6,IF2,354,-435.43121351625615
6,IF2,355,-426.28416849600745
6,IF2,356,-412.59697508674174
6,IF2,357,-434.3878163276011
6,IF2,358,-434.4617159720732
6,IF2,359,-447.1251606902602
6,IF2,360,-452.8677686467344
6,IF2,361,-422.5722228818313
6,IF2,362,-424.9114654995463
6,IF2,363,-446.85881469241036
6,IF2,364,-426.6338271076181
6,IF2,365,-432.59201297947465
6,IF2,366,-421.46556249145476
6,IF2,367,-431.5357874104124
6,IF2,368,-430.9955917900818
6,IF2,369,-439.19214144690244
6,IF2,370,-417.6776332001309
6,IF2,371,-424.51852674035666
6,IF2,372,-427.7816039613547
6,IF2,373,-424.5104043720108
6,IF2,374,-432.1631191196364
6,IF2,375,-443.39992857234415
6,IF2,376,-425.38658008931645
6,IF2,377,-430.0997406338463
6,IF2,378,-439.20050090845456
6,IF2,379,-430.40979893862936
6,IF2,380,-433.00617105218043
6,IF2,381,-422.85564896942805
6,IF2,382,-421.0307322944233
6,IF2,383,-442.84700207080755
6,IF2,384,-430.58416244514723
6,IF2,385,-431.5530722657778
6,IF2,386,-423.70669633314867
6,IF2,387,-440.9916344156605
6,IF2,388,-428.37491382423843
6,IF2,389,-439.03343823094445
6,IF2,390,-428.71169108860636
6,IF2,391,-427.22149151213193
6,IF2,392,-440.0037838962786
6,IF2,393,-442.7262579463703
6,IF2,394,-437.66673264904574
6,IF2,395,-425.6338331265341
6,IF2,396,-432.7638602000515
6,IF2,397,-421.28765948081593
6,IF2,398,-431.75730039946734
6,IF2,399,-455.6642340256048
6,IF2,400,-423.979064529004
6,IF2,401,-434.13249675021564
6,IF2,402,-433.3978137385268
6,IF2,403,-422.03960518573535
6,IF2,404,-432.63690493255774
6,IF2,405,-429.5600579766778
6,IF2,406,-431.10206538064136
6,IF2,407,-437.692139730334
6,IF2,408,-447.6526911538185
6,IF2,409,-435.3465530955508
6,IF2,410,-426.18406604227397
6,IF2,411,-434.8260350762212
6,IF2,412,-431.31988749869214
6,IF2,413,-428.5909877063791
6,IF2,414,-444.5070407067897
6,IF2,415,-424.3091513690127
6,IF2,416,-424.91131234602534
6,IF2,417,-436.2908658942176
6,IF2,418,-437.60630313372644
6,IF2,419,-442.73447491337737
6,IF2,420,-433.8050889989846
6,IF2,421,-441.4859507596232
6,IF2,422,-442.02248973057135
6,IF2,423,-437.461694215515
6,IF2,424,-438.5460308173858
6,IF2,425,-445.639799497755
6,IF2,426,-439.3023415224821
6,IF2,427,-421.05266770808436
6,IF2,428,-442.13376328275956
6,IF2,429,-417.8469529982148
6,IF2,430,-426.8997025209397
6,IF2,431,-436.4025287570575
6,IF2,432,-421.04079524742656
6,IF2,433,-431.55020905713184
6,IF2,434,-440.6801737964212
6,IF2,435,-429.7472883987641
6,IF2,436,-428.4462236784731
6,IF2,437,-447.06011044909263
6,IF2,438,-434.1831595088472
6,IF2,439,-431.3225675490069
6,IF2,440,-427.80918514490264
6,IF2,441,-447.3138426879872
6,IF2,442,-440.1735146486009
6,IF2,443,-431.82268387499016
6,IF2,444,-437.4961346019969
6,IF2,445,-441.6792148478672
6,IF2,446,-428.0721823961668
6,IF2,447,-427.68089075150783
6,IF2,448,-435.0574123491132
6,IF2,449,-422.8974697121816
6,IF2,450,-434.3513458036815
6,IF2,451,-451.5988794514308
6,IF2,452,-436.4332962917867
6,IF2,453,-435.67726899361435
6,IF2,454,-449.723922223922
6,IF2,455,-431.78774675381845
6,IF2,456,-441.4360421648624
6,IF2,457,-444.05958863053314
6,IF2,458,-452.30920774733255
6,IF2,459,-445.235432205216
6,IF2,460,-431.1377188355306
6,IF2,461,-432.2318289485672
6,IF2,462,-435.16380110517633
6,IF2,463,-436.7441245417511
6,IF2,464,-425.6406789845753
6,IF2,465,-435.14557537376555
6,IF2,466,-440.1825949258207
6,IF2,467,-428.24403888601734
6,IF2,468,-429.4910761840052
6,IF2,469,-419.4692964936471
6,IF2,470,-431.96261106137365
6,IF2,471,-437.6541191227155
6,IF2,472,-439.71595459711864
6,IF2,473,-427.1055919338941
6,IF2,474,-437.1174940499187
6,IF2,475,-418.34491082989797
6,IF2,476,-422.3677120948736
6,IF2,477,-443.77323545390044
6,IF2,478,-432.24454031993594
6,IF2,479,-437.9335425717739
6,IF2,480,-429.5911085091457
6,IF2,481,-434.9060137378502
6,IF2,482,-423.53793274096444
6,IF2,483,-428.7481935750921
6,IF2,484,-427.13689970263306
6,IF2,485,-449.1817959380894
6,IF2,486,-423.93156458389814
6,IF2,487,-437.17596059996896
6,IF2,488,-430.14905849985803
6,IF2,489,-434.7125672467918
6,IF2,490,-431.9123398744833
6,IF2,491,-427.37941708541456
6,IF2,492,-433.7584817882252
6,IF2,493,-425.9778192272851
6,IF2,494,-421.33528731845865
6,IF2,495,-433.39012774105146
6,IF2,496,-429.111777472819
6,IF2,497,-430.7913892624336
6,IF2,498,-425.6954738119093
6,IF2,499,-435.51598087279183
6,IF2,500,-434.99781416127985
6,IF2,501,-428.99031746078737
6,IF2,502,-429.37446825151295
6,IF2,503,-448.72250682720005
6,IF2,504,-442.08300295055915
6,IF2,505,-444.9868370536773
6,IF2,506,-432.3641908665934
6,IF2,507,-438.0827625538687
6,IF2,508,-433.5358430699793
6,IF2,509,-437.3472820319415
6,IF2,510,-436.077903305726
6,IF2,511,-423.13090198931
6,IF2,512,-437.79010543556143
6,IF2,513,-420.1603089977939
6,IF2,514,-443.36875081301804
6,IF2,515,-431.21607872691317
6,IF2,516,-432.2066643925471
6,IF2,517,-436.8378618329821
6,IF2,518,-430.50875872455026
6,IF2,519,-439.82856580734096
6,IF2,520,-444.8872279936276
6,IF2,521,-418.7067649743671
6,IF2,522,-438.6671862766369
6,IF2,523,-435.86496138661454
6,IF2,524,-433.0977925100448
6,IF2,525,-432.85335451090697
6,IF2,526,-436.9296803084129
6,IF2,527,-431.0109945565952
6,IF2,528,-440.5704027753708
6,IF2,529,-450.1975748326729
6,IF2,530,-434.42027835096354
6,IF2,531,-427.91650985142394
6,IF2,532,-428.3526440778009
6,IF2,533,-423.8965114717715
6,IF2,534,-429.49631475425605
6,IF2,535,-422.15057190006223
6,IF2,536,-420.2879042621308
6,IF2,537,-438.24108677687605
6,IF2,538,-443.01386386891227
6,IF2,539,-432.2796527435855
6,IF2,540,-425.1521120153904
6,IF2,541,-439.3670394157161
6,IF2,542,-436.8290087338242
6,IF2,543,-424.7621916337104
6,IF2,544,-413.46535812079514
6,IF2,545,-445.12342544821144
6,IF2,546,-435.2972067289272
6,IF2,547,-442.5065272062289
6,IF2,548,-435.7282006154301
6,IF2,549,-426.92565177094747
6,IF2,550,-413.6603959802869
6,IF2,551,-431.92278565360897
6,IF2,552,-438.4944640761977
6,IF2,553,-441.7098936936202
6,IF2,554,-426.4317660176782
6,IF2,555,-427.40962805063776
6,IF2,556,-430.9965986053325
6,IF2,557,-426.16613345528907
6,IF2,558,-438.495070937642
6,IF2,559,-432.9845341397713
6,IF2,560,-437.9066696012292
6,IF2,561,-441.5800518873388
6,IF2,562,-429.38941770691076
6,IF2,563,-417.7676993298993
6,IF2,564,-417.7664935458793
6,IF2,565,-440.089187064634
6,IF2,566,-422.3885015776316
6,IF2,567,-416.23677712192233
6,IF2,568,-436.6706944053151
6,IF2,569,-441.5396545861154
6,IF2,570,-419.86838753454646
6,IF2,571,-421.05815412931673
6,IF2,572,-418.3515360398592
6,IF2,573,-435.772668065974
6,IF2,574,-456.0794159280987
6,IF2,575,-439.837297115329
6,IF2,576,-439.5556126942182
6,IF2,577,-427.88575945333764
6,IF2,578,-438.0486711621553
6,IF2,579,-443.7109731064141
6,IF2,580,-439.23185166387213
6,IF2,581,-426.9525848696692
6,IF2,582,-421.15702505673204
6,IF2,583,-441.0467539462354
6,IF2,584,-425.49538938507175
6,IF2,585,-430.97930577725685
6,IF2,586,-430.93852251619865
6,IF2,587,-438.3077923207072
6,IF2,588,-425.91648451158153
6,IF2,589,-434.0105487073188
6,IF2,590,-431.48624651249133
6,IF2,591,-421.69290861810595
6,IF2,592,-438.701297342989
6,IF2,593,-433.22208122029656
6,IF2,594,-430.02895678987204
6,IF2,595,-428.78028264667296
6,IF2,596,-437.7850562982431
6,IF2,597,-438.5295423296086
6,IF2,598,-432.3884618772218
6,IF2,599,-418.8092062773267
6,IFAD,0,-401.25457904157486
6,IFAD,1,-396.02077929202443
6,IFAD,2,-393.55805335079873
6,IFAD,3,-392.9563973106957
6,IFAD,4,-378.50804452415827
6,IFAD,5,-368.2378014570664
6,IFAD,6,-377.7342441972051
6,IFAD,7,-382.7783304223082
6,IFAD,8,-376.33689880726376
6,IFAD,9,-381.8904969177665
6,IFAD,10,-389.39645498336574
6,IFAD,11,-394.58105665144586
6,IFAD,12,-413.7125594036216
6,IFAD,13,-368.47894653729816
6,IFAD,14,-377.2931109051647
6,IFAD,15,-379.8947852283932
6,IFAD,16,-401.2795813199538
6,IFAD,17,-379.8744898367723
6,IFAD,18,-393.8730286260454
6,IFAD,19,-401.7781748050276
6,IFAD,20,-374.6600157543479
6,IFAD,21,-372.85317225245717
6,IFAD,22,-374.69364787445284
6,IFAD,23,-379.5364884770593
6,IFAD,24,-378.1958592264126
6,IFAD,25,-389.45758007383597
6,IFAD,26,-383.2447741550036
6,IFAD,27,-386.27779720927526
6,IFAD,28,-390.52286423347084
6,IFAD,29,-397.0782385833501
6,IFAD,30,-385.6473661149437
6,IFAD,31,-396.2344704843849
6,IFAD,32,-378.35211977218484
6,IFAD,33,-374.33699387113984
6,IFAD,34,-387.1751619806047
6,IFAD,35,-393.6077831293206
6,IFAD,36,-412.9778104634757
6,IFAD,37,-421.944944869117
6,IFAD,38,-432.3375295038006
6,IFAD,39,-446.8848172858841
6,IFAD,40,-421.9561289841996
6,IFAD,41,-398.8187549645626
6,IFAD,42,-371.7245888503577
6,IFAD,43,-390.06068112668356
6,IFAD,44,-377.18869669028146
6,IFAD,45,-370.6421356156776
6,IFAD,46,-386.83434570078884
6,IFAD,47,-390.73151440730305
6,IFAD,48,-383.4681115309335
6,IFAD,49,-388.285460648641
6,IFAD,50,-375.3709990709941
6,IFAD,51,-381.8296666211767
6,IFAD,52,-372.0320785460445
6,IFAD,53,-381.55174836650923
6,IFAD,54,-375.1503693097396
6,IFAD,55,-390.3573922110578
6,IFAD,56,-381.5934341828161
6,IFAD,57,-391.57027991381625
6,IFAD,58,-398.90075204669165
6,IFAD,59,-392.144840358518
6,IFAD,60,-370.74028976594826
6,IFAD,61,-385.99041035739947
6,IFAD,62,-375.50864095798636
6,IFAD,63,-380.5384783313534
6,IFAD,64,-383.21363832433235
6,IFAD,65,-373.8329664330654
6,IFAD,66,-376.4522414281114
6,IFAD,67,-368.1897427659693
6,IFAD,68,-381.7282899005652
6,IFAD,69,-386.4057378116416
6,IFAD,70,-388.7170384038127
6,IFAD,71,-371.81788086487774
6,IFAD,72,-377.55832319029815
6,IFAD,73,-371.3459966412758
6,IFAD,74,-390.86679073571605
6,IFAD,75,-380.1769870460519
6,IFAD,76,-386.66754155091115
6,IFAD,77,-381.6017728632123
6,IFAD,78,-371.36436261704984
6,IFAD,79,-371.209479960671
6,IFAD,80,-378.0606744626181
6,IFAD,81,-391.26339315286737
6,IFAD,82,-397.34656140630176
6,IFAD,83,-376.5964268935289
6,IFAD,84,-379.8042637919933
6,IFAD,85,-385.42672091427323
6,IFAD,86,-382.16187743274963
6,IFAD,87,-394.6268092602969
6,IFAD,88,-393.5169439551316
6,IFAD,89,-389.4695795029091
6,IFAD,90,-376.18632393668395
6,IFAD,91,-388.7758935865503
6,IFAD,92,-379.9668387699543
6,IFAD,93,-383.0369880670797
6,IFAD,94,-393.44765596716894
6,IFAD,95,-385.75650731722817
6,IFAD,96,-391.672322131559
6,IFAD,97,-394.42700840352546
6,IFAD,98,-385.9226276810967
6,IFAD,99,-367.3573197560156
6,IFAD,100,-377.5071759442134
6,IFAD,101,-381.93401994492325
6,IFAD,102,-375.8572476160239
6,IFAD,103,-379.690652382747
6,IFAD,104,-372.88861003187765
6,IFAD,105,-373.3125953973335
6,IFAD,106,-386.32488431506107
6,IFAD,107,-364.1128048834387
6,IFAD,108,-367.8690074862884
6,IFAD,109,-378.63757579602657
6,IFAD,110,-372.1345203790098
6,IFAD,111,-370.3013945239111
6,IFAD,112,-373.62414923896546
6,IFAD,113,-374.3651750870698
6,IFAD,114,-380.66820572528906
6,IFAD,115,-372.60644071592526
6,IFAD,116,-378.1257447500507
6,IFAD,117,-387.0717404624159
6,IFAD,118,-370.35443588582507
6,IFAD,119,-384.80014892538014
6,IFAD,120,-388.4386232457726
6,IFAD,121,-377.75015788683305
6,IFAD,122,-373.6068259911359
6,IFAD,123,-387.85559135534515
6,IFAD,124,-375.9986350625315
6,IFAD,125,-369.75975994361204
6,IFAD,126,-379.4540630223566
6,IFAD,127,-385.19167797065336
6,IFAD,128,-371.97902697394267
6,IFAD,129,-376.46873475137767
6,IFAD,130,-374.16262751444464
6,IFAD,131,-383.031022004901
6,IFAD,132,-386.2263976103165
6,IFAD,133,-379.8382492978406
6,IFAD,134,-383.78401624621966
6,IFAD,135,-379.59933457426405
6,IFAD,136,-369.0484111717633
6,IFAD,137,-375.74013608363606
6,IFAD,138,-376.8305937282821
6,IFAD,139,-377.1708692434517
6,IFAD,140,-377.84375221674264
6,IFAD,141,-372.3020356871176
6,IFAD,142,-380.81295013045735
6,IFAD,143,-374.40356764894995
6,IFAD,144,-383.0550838298454
6,IFAD,145,-382.9201788600073
6,IFAD,146,-376.81231257819763
6,IFAD,147,-369.14673968606184
6,IFAD,148,-375.1085426272969
6,IFAD,149,-381.6561849589582
6,IFAD,150,-378.63889047238183
6,IFAD,151,-378.0854763509474
6,IFAD,152,-368.7262616096961
6,IFAD,153,-367.40838942974705
6,IFAD,154,-380.75027733899486
6,IFAD,155,-374.93685247489043
6,IFAD,156,-379.6703869071613
6,IFAD,157,-381.238496134222
6,IFAD,158,-368.8748431425536
6,IFAD,159,-379.2480914298837
6,IFAD,160,-374.51781255188223
6,IFAD,161,-372.9936124707541
6,IFAD,162,-371.8087311223495
6,IFAD,163,-382.1366282079079
6,IFAD,164,-377.5100989988284
6,IFAD,165,-395.39268251902564
6,IFAD,166,-387.95881030179976
6,IFAD,167,-372.03827328385705
6,IFAD,168,-374.7665445764192
6,IFAD,169,-369.6055041433234
6,IFAD,170,-387.1206047535805
6,IFAD,171,-370.4872393019426
6,IFAD,172,-388.67916377005076
6,IFAD,173,-375.728197891835
6,IFAD,174,-371.39485145112656
6,IFAD,175,-378.7371870701804
6,IFAD,176,-375.48569485427254
6,IFAD,177,-374.7393909998442
6,IFAD,178,-370.56068025397127
6,IFAD,179,-387.7228676923073
6,IFAD,180,-384.1516733039922
6,IFAD,181,-389.2428979432997
6,IFAD,182,-373.87589891488926
6,IFAD,183,-374.1342279007677
6,IFAD,184,-380.17769567214424
6,IFAD,185,-375.9276943747724
6,IFAD,186,-374.4656598898089
6,IFAD,187,-381.6040617625482
6,IFAD,188,-393.6734234970595
6,IFAD,189,-375.18939323790295
6,IFAD,190,-373.51553154186126
6,IFAD,191,-383.22741685113533
6,IFAD,192,-376.1753643689282
6,IFAD,193,-382.6190827154384
6,IFAD,194,-377.12281465184935
6,IFAD,195,-389.7929226368825
6,IFAD,196,-374.46014210885903
6,IFAD,197,-377.47396608405785
6,IFAD,198,-378.9930573200554
6,IFAD,199,-385.5031533338054
6,IFAD,200,-378.9672542372528
6,IFAD,201,-379.9648206287347
6,IFAD,202,-386.1844874141429
6,IFAD,203,-366.25692154840647
6,IFAD,204,-382.49336755124773
6,IFAD,205,-383.76218094713863
6,IFAD,206,-374.5999094121844
6,IFAD,207,-373.08898221910925
6,IFAD,208,-363.2482612417658
6,IFAD,209,-372.5397960754337
6,IFAD,210,-373.3052575633956
6,IFAD,211,-370.63349055960055
6,IFAD,212,-377.25902284600164
6,IFAD,213,-376.54663994935373
6,IFAD,214,-372.0432865026892
6,IFAD,215,-380.1654246717433
6,IFAD,216,-370.37238487186755
6,IFAD,217,-374.4922866107911
6,IFAD,218,-384.8600770706332
6,IFAD,219,-378.0509002439994
6,IFAD,220,-375.8003387592277
6,IFAD,221,-372.92035908199233
6,IFAD,222,-383.6024057126542
6,IFAD,223,-387.62352271690315
6,IFAD,224,-389.3269304784138
6,IFAD,225,-381.01059599113506
6,IFAD,226,-376.1053087369011
6,IFAD,227,-383.34773732129645
6,IFAD,228,-370.32512987923263
6,IFAD,229,-378.76124887256424
6,IFAD,230,-374.7395021666246
6,IFAD,231,-380.59618013733456
6,IFAD,232,-367.7528913788864
6,IFAD,233,-379.94317685637066
6,IFAD,234,-372.91509174137025
6,IFAD,235,-372.0458861427349
6,IFAD,236,-373.36993957712025
6,IFAD,237,-364.88724972060027
6,IFAD,238,-383.1555078257831
6,IFAD,239,-379.6432494733877
6,IFAD,240,-387.197676362692
6,IFAD,241,-378.2998463019492
6,IFAD,242,-374.61610931565525
6,IFAD,243,-373.4380962077043
6,IFAD,244,-371.4755663262272
6,IFAD,245,-384.07409742552386
6,IFAD,246,-374.96441947091193
6,IFAD,247,-371.72795744908433
6,IFAD,248,-380.86299988549604
6,IFAD,249,-379.68604299172506
6,IFAD,250,-361.3137742965951
6,IFAD,251,-377.55236110547355
6,IFAD,252,-381.23010926259315
6,IFAD,253,-378.5568707883004
6,IFAD,254,-378.0294039324926
6,IFAD,255,-361.5595519854837
6,IFAD,256,-378.9285901542324
6,IFAD,257,-370.51088150341826
6,IFAD,258,-372.3575075243388
6,IFAD,259,-370.54752852306297
6,IFAD,260,-380.854941107339
6,IFAD,261,-377.26753029428806
6,IFAD,262,-379.55985354299935
6,IFAD,263,-382.62338480094024
6,IFAD,264,-376.8747437557466
6,IFAD,265,-371.1403468224324
6,IFAD,266,-372.96311730204627
6,IFAD,267,-376.48691684524886
6,IFAD,268,-364.6719993310654
6,IFAD,269,-376.7988006126261
6,IFAD,270,-368.3467851702135
6,IFAD,271,-374.75821637389845
6,IFAD,272,-384.7752442735519
6,IFAD,273,-362.3561780037484
6,IFAD,274,-371.89574658233516
6,IFAD,275,-373.0949874909729
6,IFAD,276,-383.46264820621593
6,IFAD,277,-372.30190583653007
6,IFAD,278,-375.4791757961797
6,IFAD,279,-368.1690689090518
6,IFAD,280,-371.52519564719137
6,IFAD,281,-381.6012734518462
6,IFAD,282,-377.4940630469585
6,IFAD,283,-373.5207670973536
6,IFAD,284,-376.4898856930033
6,IFAD,285,-380.688009292682
6,IFAD,286,-375.71986291748783
6,IFAD,287,-373.3913170126788
6,IFAD,288,-379.16632182665205
6,IFAD,289,-374.4779144032816
6,IFAD,290,-370.38379099475617
6,IFAD,291,-382.7765938518191
6,IFAD,292,-385.03640240502403
6,IFAD,293,-378.21884023435405
6,IFAD,294,-378.45048791734075
6,IFAD,295,-384.1224460800486
6,IFAD,296,-371.44541668273473
6,IFAD,297,-374.03126240548596
6,IFAD,298,-376.2566020614541
6,IFAD,299,-367.8414132468945
6,IFAD,300,-382.5892713753798
6,IFAD,301,-375.1814918523363
6,IFAD,302,-363.7155140078642
6,IFAD,303,-372.54051457148813
6,IFAD,304,-385.68700209233975
6,IFAD,305,-381.52589957614475
6,IFAD,306,-367.18729557886246
6,IFAD,307,-382.6759303391131
6,IFAD,308,-379.6069434763248
6,IFAD,309,-373.9328986400813
6,IFAD,310,-380.01937506338925
6,IFAD,311,-377.88899190988354
6,IFAD,312,-378.0999843682425
6,IFAD,313,-373.97435244221845
6,IFAD,314,-366.44272429863156
6,IFAD,315,-372.6426071199291
6,IFAD,316,-375.097372900363
6,IFAD,317,-358.97890981239294
6,IFAD,318,-388.57972725533426
6,IFAD,319,-371.12698191738934
6,IFAD,320,-381.30162148625
6,IFAD,321,-368.662487659736
6,IFAD,322,-385.22891129729805
6,IFAD,323,-378.2070852125332
6,IFAD,324,-387.1278390032626
6,IFAD,325,-383.2570054933967
6,IFAD,326,-364.1686458311374
6,IFAD,327,-373.98095264684827
6,IFAD,328,-375.78177470715235
6,IFAD,329,-384.98645465337023
6,IFAD,330,-366.95798944905897
6,IFAD,331,-374.98499257784914
6,IFAD,332,-382.9383790011426
6,IFAD,333,-365.9803775659511
6,IFAD,334,-379.5570484060375
6,IFAD,335,-374.62325291422826
6,IFAD,336,-361.9648539399495
6,IFAD,337,-365.76182007514444
6,IFAD,338,-380.00044023992814
6,IFAD,339,-378.06746050277405
6,IFAD,340,-384.98234948543694
6,IFAD,341,-383.65611345961486
6,IFAD,342,-370.8484054265365
6,IFAD,343,-368.3476979981281
6,IFAD,344,-388.7642659859317
6,IFAD,345,-382.6550512104123
6,IFAD,346,-390.86619978249485
6,IFAD,347,-384.9378482939759
6,IFAD,348,-380.0541496646913
6,IFAD,349,-372.1429965855014
6,IFAD,350,-374.5186226726229
6,IFAD,351,-370.61517610905713
6,IFAD,352,-369.65591938516644
6,IFAD,353,-376.08170441508037
6,IFAD,354,-386.74948677580824
6,IFAD,355,-375.8919251987215
6,IFAD,356,-370.06850830390863
6,IFAD,357,-374.25825951829654
6,IFAD,358,-384.3048994338895
6,IFAD,359,-380.9705771594728
6,IFAD,360,-365.1458713627595
6,IFAD,361,-378.724596626262
6,IFAD,362,-369.6001049245307
6,IFAD,363,-381.6107338545407
6,IFAD,364,-370.26406081845295
6,IFAD,365,-381.69715475138185
6,IFAD,366,-393.7393548822076
6,IFAD,367,-383.9690897355126
6,IFAD,368,-378.71904091110815
6,IFAD,369,-372.2465415172324
6,IFAD,370,-377.81830279587535
6,IFAD,371,-367.80983416795
6,IFAD,372,-367.2086741763432
6,IFAD,373,-379.74754451830864
6,IFAD,374,-382.3520260687688
6,IFAD,375,-363.24874161727473
6,IFAD,376,-373.3241911115627
6,IFAD,377,-364.33229396135084
6,IFAD,378,-388.45236281628013
6,IFAD,379,-381.2535730823113
6,IFAD,380,-385.07805229815534
6,IFAD,381,-372.73781717589446
6,IFAD,382,-373.01367379884994
6,IFAD,383,-377.24414400097567
6,IFAD,384,-380.2332938404319
6,IFAD,385,-378.5146847213759
6,IFAD,386,-380.9998684785397
6,IFAD,387,-374.3162599287445
6,IFAD,388,-382.19252343994617
6,IFAD,389,-377.17654877738397
6,IFAD,390,-369.27855435744124
6,IFAD,391,-368.6487089316445
6,IFAD,392,-386.5501848416648
6,IFAD,393,-377.98360122307304
6,IFAD,394,-382.5421659363097
6,IFAD,395,-377.01273673981785
6,IFAD,396,-385.49479011458584
6,IFAD,397,-376.7838713663966
6,IFAD,398,-369.8185725064092
6,IFAD,399,-379.5819707984043
7,IF2,0,-408.8194990432094
7,IF2,1,-419.34475447942873
7,IF2,2,-426.42875163886646
7,IF2,3,-405.51428413427914
7,IF2,4,-405.0673693769254
7,IF2,5,-398.3465724875437
7,IF2,6,-417.6825702022929
7,IF2,7,-398.18685206427614
7,IF2,8,-385.2029986666507
7,IF2,9,-380.5154605094819
7,IF2,10,-385.0691836680546
7,IF2,11,-401.17548805266523
7,IF2,12,-397.4623626422879
7,IF2,13,-396.8421734224644
7,IF2,14,-419.20749286640904
7,IF2,15,-434.24288562732806
7,IF2,16,-402.8669831887716
7,IF2,17,-391.8184087382612
7,IF2,18,-386.7734377244845
7,IF2,19,-373.30308115454164
7,IF2,20,-392.4598380610112
7,IF2,21,-400.79906274088404
7,IF2,22,-391.36340010702514
7,IF2,23,-390.6543569461343
7,IF2,24,-398.64046745507846
7,IF2,25,-388.10422195742524
7,IF2,26,-384.60079130706924
7,IF2,27,-392.3714805867358
7,IF2,28,-381.57071418831316
7,IF2,29,-392.6030799612278
7,IF2,30,-379.2504992646496
7,IF2,31,-396.54139373966086
7,IF2,32,-396.12797564577073
7,IF2,33,-389.56222363995306
7,IF2,34,-379.87373170214033
7,IF2,35,-376.5274910696711
7,IF2,36,-392.1531872428675
7,IF2,37,-389.5298983109423
7,IF2,38,-381.2728934139841
7,IF2,39,-381.69010580999986
7,IF2,40,-365.3117124416136
7,IF2,41,-392.54313541253407
7,IF2,42,-383.160129158858
7,IF2,43,-376.18753295581774
7,IF2,44,-379.0936929845591
7,IF2,45,-367.5431016467002
7,IF2,46,-387.84019784088787
7,IF2,47,-374.1015470025372
7,IF2,48,-399.7060533250236
7,IF2,49,-401.9078834852284
7,IF2,50,-396.56804170907975
7,IF2,51,-391.1705529349098
7,IF2,52,-369.9169303984466
7,IF2,53,-380.07207980416865
7,IF2,54,-376.3804677383123
7,IF2,55,-388.3704719838472
7,IF2,56,-392.9987904015472
7,IF2,57,-392.90848168481233
7,IF2,58,-403.02344466641557
7,IF2,59,-396.3106910578198
7,IF2,60,-390.2777813790966
7,IF2,61,-394.29408525293377
7,IF2,62,-392.79144072931757
7,IF2,63,-400.4855531351889
7,IF2,64,-398.7296134915684
7,IF2,65,-374.3368104576739
7,IF2,66,-388.74434056429783
7,IF2,67,-373.0723899856012
7,IF2,68,-385.8195652768151
7,IF2,69,-385.75329044874553
7,IF2,70,-367.0615334154135
7,IF2,71,-369.717243288122
7,IF2,72,-377.0351166615002
7,IF2,73,-393.605169192698
7,IF2,74,-395.13870873891926
7,IF2,75,-391.69127310373415
7,IF2,76,-400.79885281154327
7,IF2,77,-403.77015556200155
7,IF2,78,-410.8269582504192
7,IF2,79,-395.0749730466896
7,IF2,80,-424.10468711876786
7,IF2,81,-394.3771127539678
7,IF2,82,-419.5083623392862
7,IF2,83,-404.1667816756261
7,IF2,84,-418.44818757839255
7,IF2,85,-413.5864290790445
7,IF2,86,-392.31683057397703
7,IF2,87,-394.75886891044377
7,IF2,88,-406.83024255663406
7,IF2,89,-407.7436049932737
7,IF2,90,-382.8056087569491
7,IF2,91,-384.90127348229754
7,IF2,92,-379.53033723305447
7,IF2,93,-376.1058035977162
7,IF2,94,-370.8767176111432
7,IF2,95,-367.2913349636775
7,IF2,96,-374.6094389986149
7,IF2,97,-375.15486760540097
7,IF2,98,-375.8661536526926
7,IF2,99,-372.4777905141775
7,IF2,100,-378.88015877950215
7,IF2,101,-379.0774511528792
7,IF2,102,-374.9141419703503
7,IF2,103,-387.9792001606498
7,IF2,104,-385.43751208262574
7,IF2,105,-385.3049908183462
7,IF2,106,-391.92297422917153
7,IF2,107,-396.34220974747365
7,IF2,108,-382.3759696307191
7,IF2,109,-385.12388196574716
7,IF2,110,-385.3170729826966
7,IF2,111,-386.60936451172785
7,IF2,112,-386.9109916910803
7,IF2,113,-378.42785025350537
7,IF2,114,-383.24755073986455
7,IF2,115,-382.06745505145307
7,IF2,116,-383.5138619556731
7,IF2,117,-387.186525683699
7,IF2,118,-376.36443065437936
7,IF2,119,-373.7004132125074
7,IF2,120,-381.4731272931298
7,IF2,121,-376.1266007972825
7,IF2,122,-380.4739280371414
7,IF2,123,-370.26560552597437
7,IF2,124,-369.26606765418074
7,IF2,125,-369.0949831605305
7,IF2,126,-390.6786728008392
7,IF2,127,-365.8411296298085
7,IF2,128,-380.018754035758
7,IF2,129,-386.86290678960006
7,IF2,130,-387.94565833202296
7,IF2,131,-377.01818906297297
7,IF2,132,-375.7381301143956
7,IF2,133,-370.26057479186653
7,IF2,134,-391.07013686255925
7,IF2,135,-375.6636713876724
7,IF2,136,-389.4004610756299
7,IF2,137,-392.32580386739176
7,IF2,138,-392.84508343255226
7,IF2,139,-369.5386254078498
7,IF2,140,-396.6032541032973
7,IF2,141,-403.45313243364717
7,IF2,142,-392.4993081644607
7,IF2,143,-387.0602265387917
7,IF2,144,-380.37129114266304
7,IF2,145,-374.1651842476879
7,IF2,146,-382.2721534325715
7,IF2,147,-385.5308955466387
7,IF2,148,-373.02682122550476
7,IF2,149,-372.4872900096577
7,IF2,150,-365.7765235281477
7,IF2,151,-381.3472903238566
7,IF2,152,-375.29148822642554
7,IF2,153,-377.92366533756393
7,IF2,154,-377.1705253283627
7,IF2,155,-372.27691656680963
7,IF2,156,-377.3896098806373
7,IF2,157,-381.67816703170615
7,IF2,158,-388.7967729880865
7,IF2,159,-373.1849406215434
7,IF2,160,-381.4323648837208
7,IF2,161,-376.46231132627815
7,IF2,162,-385.8671819103203
7,IF2,163,-381.69094695162966
7,IF2,164,-390.1481716914718
7,IF2,165,-381.61974992892726
7,IF2,166,-386.6344159049998
7,IF2,167,-369.0756558411988
7,IF2,168,-381.1814418730978
7,IF2,169,-369.623644710293
7,IF2,170,-368.02285300591006
7,IF2,171,-378.9441058964136
7,IF2,172,-373.44877574495905
7,IF2,173,-380.7323088437591
7,IF2,174,-373.888911639496
7,IF2,175,-372.79697809616385
7,IF2,176,-374.41033083894354
7,IF2,177,-372.1267761982321
7,IF2,178,-376.8762959430582
7,IF2,179,-372.64140356597414
7,IF2,180,-363.1400445050077
7,IF2,181,-377.01337647367467
7,IF2,182,-380.9862561349487
7,IF2,183,-379.68657160624537
7,IF2,184,-378.02569009512115
7,IF2,185,-380.7367548684229
7,IF2,186,-371.59443604097714
7,IF2,187,-393.5672828727132
7,IF2,188,-386.5250857571549
7,IF2,189,-393.8731220939576
7,IF2,190,-373.5433432825549
7,IF2,191,-376.2885576975686
7,IF2,192,-392.27879502809645
7,IF2,193,-382.63541792619594
7,IF2,194,-384.51302548213795
7,IF2,195,-392.0256530125484
7,IF2,196,-387.1960388590279
7,IF2,197,-376.6591626445671
7,IF2,198,-381.25682757024776
7,IF2,199,-379.11975909103796
7,IF2,200,-389.1305944719676
7,IF2,201,-377.5833454170485
7,IF2,202,-387.97585718847347
7,IF2,203,-390.62192270472224
7,IF2,204,-388.96447014675255
7,IF2,205,-383.2279408044158
7,IF2,206,-380.86330080666477
7,IF2,207,-382.61674493105005
7,IF2,208,-378.3571080242361
7,IF2,209,-375.7224405545603
7,IF2,210,-376.8364970368036
7,IF2,211,-371.468310922416
7,IF2,212,-381.95699739410384
7,IF2,213,-386.6583876001388
7,IF2,214,-383.98353544005124
7,IF2,215,-374.0114932395434
7,IF2,216,-380.5298507470524
7,IF2,217,-378.2591873748472
7,IF2,218,-390.13613669907045
7,IF2,219,-378.79459245247926
7,IF2,220,-378.9476873269538
7,IF2,221,-376.4135055101158
7,IF2,222,-377.2465395424151
7,IF2,223,-388.6590730207907
7,IF2,224,-379.18506921179
7,IF2,225,-375.32787487876476
7,IF2,226,-380.34003127994674
7,IF2,227,-367.5733227750633
7,IF2,228,-385.9684166857527
7,IF2,229,-381.3684436196516
7,IF2,230,-390.0092152420386
7,IF2,231,-369.91328520455033
7,IF2,232,-377.2913974670708
7,IF2,233,-369.1434945486603
7,IF2,234,-377.9248216025215
7,IF2,235,-381.3148401247348
7,IF2,236,-388.71521787130047
7,IF2,237,-377.27249377340695
7,IF2,238,-386.60786661501544
7,IF2,239,-380.8113259524528
7,IF2,240,-374.11559971286636
7,IF2,241,-378.39504902023737
7,IF2,242,-392.55682629681036
7,IF2,243,-391.5621554261519
7,IF2,244,-387.4703759462298
7,IF2,245,-377.9063021663167
7,IF2,246,-395.4310379365789
7,IF2,247,-385.22072604483327
7,IF2,248,-391.8263991397319
7,IF2,249,-390.2303094259822
7,IF2,250,-393.0894698765063
7,IF2,251,-387.1915766103403
7,IF2,252,-385.2193191810029
7,IF2,253,-385.95271599165795
7,IF2,254,-375.6661557308597
7,IF2,255,-375.1099370357539
7,IF2,256,-395.3193618560379
7,IF2,257,-375.79697320686887
7,IF2,258,-379.49091281343595
7,IF2,259,-371.7513598508472
7,IF2,260,-373.09456865826155
7,IF2,261,-380.44024664260587
7,IF2,262,-383.7695889729698
7,IF2,263,-381.59920140831355
7,IF2,264,-393.09012174418444
7,IF2,265,-389.1615270923215
7,IF2,266,-379.11890417922496
7,IF2,267,-387.0785542722708
7,IF2,268,-383.4463001275512
7,IF2,269,-380.9033241712442
7,IF2,270,-384.4686877013436
7,IF2,271,-379.0568512784998
7,IF2,272,-383.11008486717674
7,IF2,273,-388.2126142527127
7,IF2,274,-388.83727335258743
7,IF2,275,-383.2509666837437
7,IF2,276,-386.67348323787303
7,IF2,277,-383.10080456154975
7,IF2,278,-375.96479637451466
7,IF2,279,-384.39240119021554
7,IF2,280,-386.2993331754457
7,IF2,281,-386.8805422772106
7,IF2,282,-384.17541846309433
7,IF2,283,-379.62455698048734
7,IF2,284,-374.90611657643393
7,IF2,285,-385.615377926148
7,IF2,286,-381.1919999314444
7,IF2,287,-384.05153071384547
7,IF2,288,-384.4814742960577
7,IF2,289,-389.2762473383473
7,IF2,290,-383.6300102795272
7,IF2,291,-382.5060982320056
7,IF2,292,-387.0509442298862
7,IF2,293,-385.75325066269164
7,IF2,294,-392.8725952469371
7,IF2,295,-365.8178927740333
7,IF2,296,-386.40211389800334
7,IF2,297,-380.9846590107815
7,IF2,298,-377.1662199624189
7,IF2,299,-379.51385480689373
7,IF2,300,-387.171223100321
7,IF2,301,-389.9869764461716
7,IF2,302,-389.45250981936493
7,IF2,303,-390.7067143852356
7,IF2,304,-375.24800604865135
7,IF2,305,-378.47662209974095
7,IF2,306,-389.775084870154
7,IF2,307,-379.8856447587417
7,IF2,308,-377.5760837777384
7,IF2,309,-382.121668970473
7,IF2,310,-383.4388468118693
7,IF2,311,-393.237055934906
7,IF2,312,-388.4749320159603
7,IF2,313,-382.05947936664
7,IF2,314,-392.0491406665916
7,IF2,315,-389.4058679285962
7,IF2,316,-375.2119165995879
7,IF2,317,-389.3447884489992
7,IF2,318,-386.3510873655105
7,IF2,319,-380.7132541820299
7,IF2,320,-401.6441720072618
7,IF2,321,-376.5223086833972
7,IF2,322,-386.1902060211285
7,IF2,323,-374.85552061250627
7,IF2,324,-371.29042835741535
7,IF2,325,-382.8229586282201
7,IF2,326,-370.5038417857945
7,IF2,327,-376.59262423411053
7,IF2,328,-384.6207960705381
7,IF2,329,-373.38281703285395
7,IF2,330,-385.2707317130741
7,IF2,331,-372.9091597903476
7,IF2,332,-386.00622701974225
7,IF2,333,-382.120635659766
7,IF2,334,-390.0852209321864
7,IF2,335,-374.0919443395641
7,IF2,336,-381.9488229149365
7,IF2,337,-374.82540332719554
7,IF2,338,-380.9910733238422
7,IF2,339,-382.8465225534266
7,IF2,340,-375.447945314889
7,IF2,341,-384.1403107770115
7,IF2,342,-379.6731380721327
7,IF2,343,-378.8697101711665
7,IF2,344,-381.3698619981534
7,IF2,345,-388.0184759266019
7,IF2,346,-385.00646666363446
7,IF2,347,-389.1485329115579
7,IF2,348,-383.57945379170144
7,IF2,349,-380.7020356246987
7,IF2,350,-389.91300384299933
7,IF2,351,-383.6293475785666
7,IF2,352,-379.24761030472314
7,IF2,353,-383.45363710360454
7,IF2,354,-377.384398186941
7,IF2,355,-377.2463362788454
7,IF2,356,-386.4096434611033
7,IF2,357,-377.57929614855493
7,IF2,358,-379.11601355413023
7,IF2,359,-382.7703549416027
7,IF2,360,-391.21564160368195
7,IF2,361,-384.7045226668639
7,IF2,362,-373.9191116222207
7,IF2,363,-375.0941673377836
7,IF2,364,-392.98146214706117
7,IF2,365,-390.66151099149585
7,IF2,366,-374.44040391694864
7,IF2,367,-389.1712741124132
7,IF2,368,-394.49468303006
7,IF2,369,-383.02472695126863
7,IF2,370,-380.7426510232655
7,IF2,371,-387.09570950970175
7,IF2,372,-377.47927080394675
7,IF2,373,-377.59018274301354
7,IF2,374,-376.54505384797216
7,IF2,375,-375.73909430989886
7,IF2,376,-380.43384098397615
7,IF2,377,-386.3703747666278
7,IF2,378,-379.00099269078186
7,IF2,379,-375.2136953690251
7,IF2,380,-380.04832835741047
7,IF2,381,-391.32005882820107
7,IF2,382,-383.5440048496103
7,IF2,383,-379.41931512770265
7,IF2,384,-390.50070584059637
7,IF2,385,-394.1168109104387
7,IF2,386,-381.7072672679002
7,IF2,387,-375.021934412519
7,IF2,388,-392.6022018613904
7,IF2,389,-378.73897681865594
7,IF2,390,-384.61361347361935
7,IF2,391,-378.82886397525436
7,IF2,392,-378.5053051607769
7,IF2,393,-373.2448833832865
7,IF2,394,-381.5381526308584
7,IF2,395,-372.4708944142201
7,IF2,396,-383.3150162188804
7,IF2,397,-380.1583713130248
7,IF2,398,-382.9528672185033
7,IF2,399,-376.67554640817457
7,IF2,400,-383.4826054706684
7,IF2,401,-375.0867246120056
7,IF2,402,-371.9052924272099
7,IF2,403,-385.43822221411637
7,IF2,404,-391.51058334964426
7,IF2,405,-377.8996782086166
7,IF2,406,-383.30013059195505
7,IF2,407,-378.410998007105
7,IF2,408,-382.7457038033412
7,IF2,409,-390.94935396759337
7,IF2,410,-378.39950630438295
7,IF2,411,-372.842170214396
7,IF2,412,-384.82225730937915
7,IF2,413,-387.49054051410496
7,IF2,414,-376.1914546836273
7,IF2,415,-385.8715061065576
7,IF2,416,-381.0187011009384
7,IF2,417,-384.2378876860587
7,IF2,418,-373.4942986522826
7,IF2,419,-382.09102484348756
7,IF2,420,-378.774948858775
7,IF2,421,-388.9452161723257
7,IF2,422,-389.3240458035696
7,IF2,423,-380.40739285401924
7,IF2,424,-382.6754839876494
7,IF2,425,-382.0115851806553
7,IF2,426,-374.172280289905
7,IF2,427,-374.41022734549887
7,IF2,428,-381.9111180934449
7,IF2,429,-390.455727881998
7,IF2,430,-384.83228871520623
7,IF2,431,-381.26511120496235
7,IF2,432,-375.4835180920136
7,IF2,433,-381.8385958659684
7,IF2,434,-392.48373689070365
7,IF2,435,-390.8494673932394
7,IF2,436,-381.1265163876656
7,IF2,437,-385.7965284616866
7,IF2,438,-391.9717422738479
7,IF2,439,-364.78271378537363
7,IF2,440,-373.6291549959194
7,IF2,441,-378.737254403759
7,IF2,442,-388.31158220234903
7,IF2,443,-386.76929325964625
7,IF2,444,-384.02739981884747
7,IF2,445,-368.28484097759303
7,IF2,446,-390.83346188371064
7,IF2,447,-384.33509192964414
7,IF2,448,-386.9582238583212
7,IF2,449,-388.5590042783595
7,IF2,450,-379.03741354848086
7,IF2,451,-374.6220667874213
7,IF2,452,-374.4455746430532
7,IF2,453,-371.6038023350502
7,IF2,454,-374.796875350617
7,IF2,455,-366.3413342503745
7,IF2,456,-386.4931705398866
7,IF2,457,-379.4629064174622
7,IF2,458,-393.7835407885175
7,IF2,459,-372.4889239032585
7,IF2,460,-382.955576362155
7,IF2,461,-380.2477505069042
7,IF2,462,-383.56684616120606
7,IF2,463,-394.52619292012025
7,IF2,464,-377.6549489315171
7,IF2,465,-364.89886257445767
7,IF2,466,-391.9814546789155
7,IF2,467,-382.86815575903023
7,IF2,468,-383.12558212233546
7,IF2,469,-382.1274504611518
7,IF2,470,-375.00992080690264
7,IF2,471,-373.8280777939289
7,IF2,472,-380.218744288068
7,IF2,473,-384.30510267044986
7,IF2,474,-393.98751937656675
7,IF2,475,-387.03967101834075
7,IF2,476,-384.2188650435664
7,IF2,477,-378.9747631761113
7,IF2,478,-386.71226552634744
7,IF2,479,-375.12657925600627
7,IF2,480,-382.5067700134224
7,IF2,481,-384.51953961462897
7,IF2,482,-380.16266635542866
7,IF2,483,-389.8529573976376
7,IF2,484,-372.012930416656
7,IF2,485,-382.5888312130918
7,IF2,486,-389.6026588782656
7,IF2,487,-376.97260279146707
7,IF2,488,-371.6359105199309
7,IF2,489,-379.63100316040277
7,IF2,490,-392.4964329597521
7,IF2,491,-379.15405665209965
7,IF2,492,-386.52997810064215
7,IF2,493,-379.931285124007
7,IF2,494,-386.17092472021386
7,IF2,495,-377.8434465963056
7,IF2,496,-381.5250594336216
7,IF2,497,-372.8848300941579
7,IF2,498,-384.25438284803255
7,IF2,499,-388.5837188604773
7,IF2,500,-388.0429540563876
7,IF2,501,-395.2957521339896
7,IF2,502,-386.8195186008482
7,IF2,503,-373.7663883653951
7,IF2,504,-393.9586684465533
7,IF2,505,-378.95143740227064
7,IF2,506,-370.7246892915372
7,IF2,507,-384.5235387182288
7,IF2,508,-384.29042611775003
7,IF2,509,-373.20855723563295
7,IF2,510,-390.6509706935628
7,IF2,511,-377.41648276710674
7,IF2,512,-388.1938316143557
7,IF2,513,-386.6982440147329
7,IF2,514,-373.6036385460037
7,IF2,515,-377.1779348094331
7,IF2,516,-373.8189934966518
7,IF2,517,-384.6297468034373
7,IF2,518,-383.4727386378011
7,IF2,519,-374.28907588872653
7,IF2,520,-378.5416634607441
7,IF2,521,-380.50315817255273
7,IF2,522,-385.80597342625913
7,IF2,523,-389.8515063908559
7,IF2,524,-384.4562049139889
7,IF2,525,-383.66045148426343
7,IF2,526,-378.791563263527
7,IF2,527,-379.76248873802365
7,IF2,528,-382.7236216457683
7,IF2,529,-379.15758257110053
7,IF2,530,-379.26006931078956
7,IF2,531,-389.312042108165
7,IF2,532,-372.8457836480051
7,IF2,533,-370.3696267181649
7,IF2,534,-378.0731260935581
7,IF2,535,-406.2858050937848
7,IF2,536,-372.4905952859942
7,IF2,537,-382.81567574562314
7,IF2,538,-382.6180051149066
7,IF2,539,-381.4862888708313
7,IF2,540,-385.00148766263266
7,IF2,541,-378.1722397756797
7,IF2,542,-372.84078453622976
7,IF2,543,-383.53148724939683
7,IF2,544,-384.0862916934723
7,IF2,545,-385.7136303890941
7,IF2,546,-384.18960351172507
7,IF2,547,-390.83255197053944
7,IF2,548,-388.40556663379766
7,IF2,549,-390.74562075719416
7,IF2,550,-394.1164437465754
7,IF2,551,-393.2877585586897
7,IF2,552,-377.0855855320899
7,IF2,553,-378.78615665203625
7,IF2,554,-391.4043417036742
7,IF2,555,-369.09954762732644
7,IF2,556,-382.7165113295513
7,IF2,557,-379.85239751693143
7,IF2,558,-387.9625401020781
7,IF2,559,-379.7703232891644
7,IF2,560,-374.02129425626714
7,IF2,561,-387.9314431628309
7,IF2,562,-377.04642896874515
7,IF2,563,-386.78542735335196
7,IF2,564,-378.7460494050841
7,IF2,565,-383.88324049476466
7,IF2,566,-377.668092838663
7,IF2,567,-384.8173480901462
7,IF2,568,-378.0639347310825
7,IF2,569,-387.37404861249917
7,IF2,570,-379.15588354029865
7,IF2,571,-379.66007169485516
7,IF2,572,-382.5978887355465
7,IF2,573,-387.7824181178443
7,IF2,574,-368.83010141425603
7,IF2,575,-395.92482791387926
7,IF2,576,-380.761238531105
7,IF2,577,-378.24127500144823
7,IF2,578,-389.63334417706506
7,IF2,579,-377.4897448744041
7,IF2,580,-383.02066801752693
7,IF2,581,-388.9668079568639
7,IF2,582,-384.2501692918403
7,IF2,583,-375.18498804198475
7,IF2,584,-384.2038959981736
7,IF2,585,-387.41101034886026
7,IF2,586,-374.1037772676733
7,IF2,587,-380.02860029336915
7,IF2,588,-373.8758375747066
7,IF2,589,-371.2944668479213
7,IF2,590,-380.23578793227006
7,IF2,591,-383.22528395382534
7,IF2,592,-368.0890544861349
7,IF2,593,-370.5315558541383
7,IF2,594,-385.9265276997981
7,IF2,595,-396.1044325681176
7,IF2,596,-379.6033233744081
7,IF2,597,-372.7209836587292
7,IF2,598,-375.1322027726774
7,IF2,599,-386.16869473157004
7,IFAD,0,-456.3314825494915
7,IFAD,1,-391.68168807981635
7,IFAD,2,-398.11652463523603
7,IFAD,3,-388.32737547419515
7,IFAD,4,-387.7978185725494
7,IFAD,5,-383.931445254652
7,IFAD,6,-382.7967806339388
7,IFAD,7,-391.3979460461904
7,IFAD,8,-380.9936038257776
7,IFAD,9,-399.39861037284555
7,IFAD,10,-404.9968943725209
7,IFAD,11,-398.9462740006317
7,IFAD,12,-393.3148708506673
7,IFAD,13,-378.26151038194445
7,IFAD,14,-389.66703464043826
7,IFAD,15,-393.62349247101037
7,IFAD,16,-393.1480187863314
7,IFAD,17,-376.2708707423682
7,IFAD,18,-386.761361781863
7,IFAD,19,-380.93380894636994
7,IFAD,20,-382.68923338572995
7,IFAD,21,-387.93801545064343
7,IFAD,22,-414.8117937736019
7,IFAD,23,-415.4841211570099
7,IFAD,24,-425.89930568049584
7,IFAD,25,-439.8168506958501
7,IFAD,26,-381.1069644639348
7,IFAD,27,-373.34815419731564
7,IFAD,28,-388.4218930443276
7,IFAD,29,-364.25566366403154
7,IFAD,30,-373.74421878733335
7,IFAD,31,-373.3838193393145
7,IFAD,32,-381.639737801586
7,IFAD,33,-393.8982390732271
7,IFAD,34,-381.71717570817015
7,IFAD,35,-382.0709518727988
7,IFAD,36,-389.7742975161162
7,IFAD,37,-385.4877216706041
7,IFAD,38,-369.8124502208502
7,IFAD,39,-374.0067567741342
7,IFAD,40,-380.05189926409093
7,IFAD,41,-379.5428650065737
7,IFAD,42,-376.74452410277024
7,IFAD,43,-389.3119495123203
7,IFAD,44,-380.0321441859036
7,IFAD,45,-381.59807953099903
7,IFAD,46,-393.0844475429346
7,IFAD,47,-398.8655276314359
7,IFAD,48,-393.1815267805917
7,IFAD,49,-393.07603848569704
7,IFAD,50,-390.33329121204855
7,IFAD,51,-403.6944465709343
7,IFAD,52,-401.5012065243268
7,IFAD,53,-377.93825424274775
7,IFAD,54,-367.93627712124896
7,IFAD,55,-385.4730206580844
7,IFAD,56,-392.0240017640246
7,IFAD,57,-393.341218510786
7,IFAD,58,-391.3070827983089
7,IFAD,59,-408.6251084743577
7,IFAD,60,-406.7655777449155
7,IFAD,61,-403.3306828306427
7,IFAD,62,-378.4173093774148
7,IFAD,63,-397.80701243776684
7,IFAD,64,-382.6522423278763
7,IFAD,65,-364.9382482743177
7,IFAD,66,-371.77374210793477
7,IFAD,67,-381.0743336500915
7,IFAD,68,-377.35170926259735
7,IFAD,69,-384.6572295106938
7,IFAD,70,-379.03733707845873
7,IFAD,71,-385.24663937729804
7,IFAD,72,-380.6252357071639
7,IFAD,73,-388.4097055972381
7,IFAD,74,-381.56537486652456
7,IFAD,75,-393.5337463808461
7,IFAD,76,-389.82077602989966
7,IFAD,77,-398.74212890541367
7,IFAD,78,-379.35807171932316
7,IFAD,79,-404.1289515023226
7,IFAD,80,-395.56319118897267
7,IFAD,81,-400.68900826699667
7,IFAD,82,-374.41249262222857
7,IFAD,83,-384.6811819376388
7,IFAD,84,-400.59323675105657
7,IFAD,85,-402.08336527594923
7,IFAD,86,-388.8999063524904
7,IFAD,87,-388.03448528228614
7,IFAD,88,-376.39660663239636
7,IFAD,89,-379.78023530056225
7,IFAD,90,-390.8344021243312
7,IFAD,91,-397.81621544262316
7,IFAD,92,-379.89340022641704
7,IFAD,93,-393.3119419289187
7,IFAD,94,-395.94682708438614
7,IFAD,95,-397.6642753350294
7,IFAD,96,-383.7971434100184
7,IFAD,97,-383.10649444745525
7,IFAD,98,-381.14420223141644
7,IFAD,99,-386.1098060348537
7,IFAD,100,-408.809952326823
7,IFAD,101,-395.80210343735354
7,IFAD,102,-377.43985211701573
7,IFAD,103,-377.10100128264867
7,IFAD,104,-393.19523688927796
7,IFAD,105,-395.6771179096824
7,IFAD,106,-385.18376889574387
7,IFAD,107,-384.3454828158446
7,IFAD,108,-395.62397213813585
7,IFAD,109,-388.84948220649017
7,IFAD,110,-379.406539987926
7,IFAD,111,-398.23119248345046
7,IFAD,112,-379.37691172161334
7,IFAD,113,-390.176513218362
7,IFAD,114,-390.017490369651
7,IFAD,115,-373.3379679080844
7,IFAD,116,-383.8115401072337
7,IFAD,117,-367.4827032616965
7,IFAD,118,-379.7190537301024
7,IFAD,119,-376.6548843239061
7,IFAD,120,-383.4285942397301
7,IFAD,121,-385.68023775141313
7,IFAD,122,-376.8803256582972
7,IFAD,123,-393.70120543548995
7,IFAD,124,-378.0245089047345
7,IFAD,125,-385.4485561698111
7,IFAD,126,-373.8112496529806
7,IFAD,127,-380.50912143583434
7,IFAD,128,-374.85370484688747
7,IFAD,129,-369.76287054910273
7,IFAD,130,-364.47790745512503
7,IFAD,131,-384.4105898209495
7,IFAD,132,-377.88856679545137
7,IFAD,133,-387.8854098619467
7,IFAD,134,-378.12959229233496
7,IFAD,135,-382.9756346920897
7,IFAD,136,-380.14670500752584
7,IFAD,137,-378.2161428377477
7,IFAD,138,-369.4491422114266
7,IFAD,139,-379.91290809135324
7,IFAD,140,-385.7775060940696
7,IFAD,141,-376.6663148511394
7,IFAD,142,-376.3663940039339
7,IFAD,143,-371.03360836325766
7,IFAD,144,-372.8332032764757
7,IFAD,145,-373.471628357961
7,IFAD,146,-391.0053447368096
7,IFAD,147,-374.1658098267806
7,IFAD,148,-384.7969399992907
7,IFAD,149,-379.728992151163
7,IFAD,150,-371.5578384157562
7,IFAD,151,-373.86186801409247
7,IFAD,152,-384.1667448146369
7,IFAD,153,-376.3107332070023
7,IFAD,154,-379.028749412723
7,IFAD,155,-366.5361515344511
7,IFAD,156,-374.08644797774883
7,IFAD,157,-373.785576304421
7,IFAD,158,-373.66207211713544
7,IFAD,159,-384.5150787251861
7,IFAD,160,-362.1524818327583
7,IFAD,161,-385.97401623102786
7,IFAD,162,-359.5206171219722
7,IFAD,163,-376.3472339267359
7,IFAD,164,-373.2255780843385
7,IFAD,165,-364.30361136407413
7,IFAD,166,-372.28741078882416
7,IFAD,167,-380.8402402533857
7,IFAD,168,-375.7472462660978
7,IFAD,169,-385.6024875089924
7,IFAD,170,-382.1256425158221
7,IFAD,171,-387.96744626277615
7,IFAD,172,-368.189308582045
7,IFAD,173,-373.3824018737196
7,IFAD,174,-375.85468096740334
7,IFAD,175,-368.65839074582806
7,IFAD,176,-383.9737579436764
7,IFAD,177,-369.65490444708234
7,IFAD,178,-376.8016385437874
7,IFAD,179,-372.1246904866165
7,IFAD,180,-381.69029824111595
7,IFAD,181,-374.14700670086887
7,IFAD,182,-380.4245494720669
7,IFAD,183,-377.98778515689673
7,IFAD,184,-363.8039736075623
7,IFAD,185,-384.61378448001045
7,IFAD,186,-372.33937916859344
7,IFAD,187,-371.37873686768364
7,IFAD,188,-367.34869683726146
7,IFAD,189,-365.3298130770595
7,IFAD,190,-388.9355892522762
7,IFAD,191,-376.8988343903939
7,IFAD,192,-371.53029672297976
7,IFAD,193,-378.78450825609656
7,IFAD,194,-369.7485885782757
7,IFAD,195,-377.16876765157787
7,IFAD,196,-375.58030070169053
7,IFAD,197,-378.5364411283451
7,IFAD,198,-370.8086778957734
7,IFAD,199,-374.3100553247551
7,IFAD,200,-373.340753842317
7,IFAD,201,-375.85468648154296
7,IFAD,202,-380.4735122815893
7,IFAD,203,-371.033819406439
7,IFAD,204,-384.9669555412805
7,IFAD,205,-367.2849342772129
7,IFAD,206,-376.18649325635556
7,IFAD,207,-381.6708968962889
7,IFAD,208,-385.76049668024723
7,IFAD,209,-383.14639546972035
7,IFAD,210,-381.0911499602354
7,IFAD,211,-372.80624241186604
7,IFAD,212,-371.1920201800804
7,IFAD,213,-380.2963849953531
7,IFAD,214,-377.4871528488923
7,IFAD,215,-393.5382776347654
7,IFAD,216,-381.5169298965794
7,IFAD,217,-377.36436099364903
7,IFAD,218,-364.3595759315314
7,IFAD,219,-374.29096963370466
7,IFAD,220,-380.3364603739339
7,IFAD,221,-367.99394004707966
7,IFAD,222,-376.43151880179926
7,IFAD,223,-379.7066315324377
7,IFAD,224,-376.7982008206521
7,IFAD,225,-376.3353726377006
7,IFAD,226,-375.88721739913734
7,IFAD,227,-383.2758300030446
7,IFAD,228,-381.36604945050624
7,IFAD,229,-378.3491841399987
7,IFAD,230,-387.58259122828537
7,IFAD,231,-373.51085652576086
7,IFAD,232,-378.98265532183467
7,IFAD,233,-372.2214391371185
7,IFAD,234,-384.1214510894334
7,IFAD,235,-381.4523376625599
7,IFAD,236,-374.3571054324264
7,IFAD,237,-376.234243189226
7,IFAD,238,-383.41778467280784
7,IFAD,239,-381.43858664909726
7,IFAD,240,-386.0515615428786
7,IFAD,241,-368.9901033727663
7,IFAD,242,-388.83773687018856
7,IFAD,243,-376.6727692240431
7,IFAD,244,-370.157847985936
7,IFAD,245,-381.99164551556385
7,IFAD,246,-365.06009344852544
7,IFAD,247,-374.54083465493227
7,IFAD,248,-395.47261986569265
7,IFAD,249,-381.02902007171065
7,IFAD,250,-371.91728755293497
7,IFAD,251,-376.4905996456428
7,IFAD,252,-375.89221509219084
7,IFAD,253,-381.93122298990846
7,IFAD,254,-377.2817222461189
7,IFAD,255,-377.2581392263131
7,IFAD,256,-390.3527009700724
7,IFAD,257,-384.07808850094585
7,IFAD,258,-384.83329442105355
7,IFAD,259,-373.67130111715244
7,IFAD,260,-378.10924630013125
7,IFAD,261,-376.8224289957994
7,IFAD,262,-373.7769346371776
7,IFAD,263,-368.08902994050646
7,IFAD,264,-362.1850890653749
7,IFAD,265,-389.3573494162898
7,IFAD,266,-384.8038173140562
7,IFAD,267,-375.6447109282306
7,IFAD,268,-380.8982866694823
7,IFAD,269,-383.3145942641736
7,IFAD,270,-372.8605342537371
7,IFAD,271,-392.4969669773074
7,IFAD,272,-376.102378458752
7,IFAD,273,-363.40256516967395
7,IFAD,274,-386.30170350517204
7,IFAD,275,-360.9588082771254
7,IFAD,276,-362.47077704599275
7,IFAD,277,-379.43296910740094
7,IFAD,278,-371.03218384997666
7,IFAD,279,-383.87055045127966
7,IFAD,280,-382.6665018609749
7,IFAD,281,-366.01435601095886
7,IFAD,282,-371.8020577746723
7,IFAD,283,-378.2022350764729
7,IFAD,284,-373.9281412391597
7,IFAD,285,-369.00314220224897
7,IFAD,286,-379.2084847923499
7,IFAD,287,-387.4219568177546
7,IFAD,288,-380.87232947445347
7,IFAD,289,-397.83520378152673
7,IFAD,290,-377.83062441468957
7,IFAD,291,-371.5592754473224
7,IFAD,292,-376.2695136103893
7,IFAD,293,-372.7069662210817
7,IFAD,294,-373.37732297350465
7,IFAD,295,-377.46635435925026
7,IFAD,296,-375.8286603565015
7,IFAD,297,-369.8806980594634
7,IFAD,298,-374.61271914840916
7,IFAD,299,-362.2492992097134
7,IFAD,300,-377.11658304972605
7,IFAD,301,-390.5038260856831
7,IFAD,302,-377.51626458052795
7,IFAD,303,-382.12040335870694
7,IFAD,304,-371.9905323696376
7,IFAD,305,-380.37371602613433
7,IFAD,306,-380.76163609798573
7,IFAD,307,-369.9904994977227
7,IFAD,308,-374.9105122690475
7,IFAD,309,-372.7519699768859
7,IFAD,310,-385.26792512814467
7,IFAD,311,-378.4935250878289
7,IFAD,312,-372.1700838864944
7,IFAD,313,-369.24767888971786
7,IFAD,314,-371.8013554335814
7,IFAD,315,-378.35614528978533
7,IFAD,316,-379.59117103522027
7,IFAD,317,-380.49953987014055
7,IFAD,318,-375.5686090731247
7,IFAD,319,-381.76825145572286
7,IFAD,320,-376.32435316538687
7,IFAD,321,-381.6013794165786
7,IFAD,322,-367.54593021702584
7,IFAD,323,-374.3682553120371
7,IFAD,324,-371.9467540606537
7,IFAD,325,-380.085532845426
7,IFAD,326,-385.14713734158
7,IFAD,327,-376.0835074415158
7,IFAD,328,-369.0472061100075
7,IFAD,329,-380.53519526623325
7,IFAD,330,-375.41506661255465
7,IFAD,331,-373.2188742020551
7,IFAD,332,-361.005988187281
7,IFAD,333,-367.80762718702147
7,IFAD,334,-383.43280657096693
7,IFAD,335,-368.28391736763143
7,IFAD,336,-378.13586685491396
7,IFAD,337,-379.07066409873283
7,IFAD,338,-372.84240465953684
7,IFAD,339,-371.79171886123595
7,IFAD,340,-375.69366874771123
7,IFAD,341,-368.62133505094414
7,IFAD,342,-376.47481337976734
7,IFAD,343,-382.3667801361911
7,IFAD,344,-380.984369787323
7,IFAD,345,-385.5173520813102
7,IFAD,346,-384.8162558126981
7,IFAD,347,-381.44016015863014
7,IFAD,348,-377.5365408690169
7,IFAD,349,-367.88435438382464
7,IFAD,350,-375.45340223374313
7,IFAD,351,-383.05108300702034
7,IFAD,352,-380.6459968711944
7,IFAD,353,-380.58143143023494
7,IFAD,354,-382.9183664421398
7,IFAD,355,-377.14876103620713
7,IFAD,356,-385.2897642439657
7,IFAD,357,-375.4083133975251
7,IFAD,358,-384.732877810794
7,IFAD,359,-375.6542135495172
7,IFAD,360,-369.2484117596602
7,IFAD,361,-374.189944989212
7,IFAD,362,-374.3201541265357
7,IFAD,363,-386.4865498103773
7,IFAD,364,-370.09738162494796
7,IFAD,365,-375.98213037215663
7,IFAD,366,-375.89831249349453
7,IFAD,367,-368.3437242043189
7,IFAD,368,-383.13046406243984
7,IFAD,369,-378.67227566643805
7,IFAD,370,-376.90581239292123
7,IFAD,371,-369.9282731139552
7,IFAD,372,-368.04371214617
7,IFAD,373,-380.56064179922373
7,IFAD,374,-383.3098048535936
7,IFAD,375,-380.3799259494747
7,IFAD,376,-380.4992024616317
7,IFAD,377,-378.1701392265669
7,IFAD,378,-373.849670544862
7,IFAD,379,-385.0157175027896
7,IFAD,380,-371.93277171482134
7,IFAD,381,-376.2571844909818
7,IFAD,382,-382.23083048306825
7,IFAD,383,-365.7342845888366
7,IFAD,384,-370.6816854792141
7,IFAD,385,-376.0487738553804
7,IFAD,386,-371.11948521769506
7,IFAD,387,-390.93525969180166
7,IFAD,388,-376.319121340332
7,IFAD,389,-370.00673727402017
7,IFAD,390,-380.88804022475074
7,IFAD,391,-377.0925060491686
7,IFAD,392,-375.7753047486509
7,IFAD,393,-381.08522161748317
7,IFAD,394,-382.0064234014231
7,IFAD,395,-380.9863462641734
7,IFAD,396,-369.09343460899436
7,IFAD,397,-378.55737525383495
7,IFAD,398,-384.1848119190407
7,IFAD,399,-376.1275381056989
8,IF2,0,-399.21762145055766
8,IF2,1,-400.01098530194065
8,IF2,2,-398.3137323054541
8,IF2,3,-433.2285499955709
8,IF2,4,-403.35013080495617
8,IF2,5,-387.6131729661896
8,IF2,6,-391.7094889812434
8,IF2,7,-413.17187242459664
8,IF2,8,-392.9928236199786
8,IF2,9,-373.285370184996
8,IF2,10,-376.3154423947549
8,IF2,11,-391.88736683814346
8,IF2,12,-390.25227846079963
8,IF2,13,-374.4430732072112
8,IF2,14,-378.6804348435379
8,IF2,15,-403.979621485163
8,IF2,16,-372.0218617309465
8,IF2,17,-377.1263587551637
8,IF2,18,-398.3818215239088
8,IF2,19,-382.95450814610206
8,IF2,20,-388.2900124068119
8,IF2,21,-408.8297543487853
8,IF2,22,-399.46170917614137
8,IF2,23,-400.7641333099027
8,IF2,24,-405.62603285567224
8,IF2,25,-399.23384592163484
8,IF2,26,-389.65968373397044
8,IF2,27,-388.27251194667696
8,IF2,28,-385.7585724438053
8,IF2,29,-385.09319444296705
8,IF2,30,-367.05610870446867
8,IF2,31,-366.4950381437841
8,IF2,32,-374.1265963890287
8,IF2,33,-376.11513090056496
8,IF2,34,-379.86403567371065
8,IF2,35,-393.52077547813036
8,IF2,36,-382.3642493474714
8,IF2,37,-369.87756338545233
8,IF2,38,-378.7264265250217
8,IF2,39,-388.2639896109582
8,IF2,40,-379.3881332449939
8,IF2,41,-383.62207947382177
8,IF2,42,-375.35783195332374
8,IF2,43,-384.09159984307087
8,IF2,44,-378.8939954067968
8,IF2,45,-376.5341713026296
8,IF2,46,-389.4107030611246
8,IF2,47,-391.6903925854803
8,IF2,48,-389.910253686957
8,IF2,49,-379.4609711408963
8,IF2,50,-374.0230500810012
8,IF2,51,-387.2370991867524
8,IF2,52,-370.6292629901165
8,IF2,53,-378.16258691398815
8,IF2,54,-378.638969694501
8,IF2,55,-380.8193170768948
8,IF2,56,-381.2209900159376
8,IF2,57,-392.4171486256546
8,IF2,58,-388.64018154998433
8,IF2,59,-381.74801987641155
8,IF2,60,-389.96493508218197
8,IF2,61,-400.10022995295134
8,IF2,62,-391.58747275883957
8,IF2,63,-385.29708939968657
8,IF2,64,-383.2765651205631
8,IF2,65,-405.12768845085174
8,IF2,66,-375.75580948753714
8,IF2,67,-377.49709678898785
8,IF2,68,-384.9970776508222
8,IF2,69,-387.69609203556547
8,IF2,70,-377.9202633471569
8,IF2,71,-397.95802162610823
8,IF2,72,-395.5325044820488
8,IF2,73,-381.078155298612
8,IF2,74,-382.4194430303357
8,IF2,75,-380.68842008396433
8,IF2,76,-369.35001944090993
8,IF2,77,-378.0003166183262
8,IF2,78,-378.7863139811979
8,IF2,79,-370.52714338559764
8,IF2,80,-370.79560281362825
8,IF2,81,-377.0923551542826
8,IF2,82,-373.92622017965
8,IF2,83,-385.2762824751756
8,IF2,84,-376.7570591046595
8,IF2,85,-374.32849796293084
8,IF2,86,-372.1520105326029
8,IF2,87,-380.83066020731695
8,IF2,88,-378.90015995811217
8,IF2,89,-398.13907310266694
8,IF2,90,-410.42058943619725
8,IF2,91,-423.5907782706003
8,IF2,92,-417.58887944314466
8,IF2,93,-408.3061162436979
8,IF2,94,-405.861209949599
8,IF2,95,-384.67625644023093
8,IF2,96,-383.90162169180235
8,IF2,97,-390.3834507718699
8,IF2,98,-388.50352364927556
8,IF2,99,-403.2785787962249
8,IF2,100,-402.6477857142499
8,IF2,101,-393.5989103905897
8,IF2,102,-396.5327083829457
8,IF2,103,-397.8548358772748
8,IF2,104,-381.78148197892887
8,IF2,105,-384.77299886253826
8,IF2,106,-384.55403329490883
8,IF2,107,-374.95132884877046
8,IF2,108,-376.04926065333916
8,IF2,109,-377.10604053022604
8,IF2,110,-377.17374006929674
8,IF2,111,-397.30728064764844
8,IF2,112,-383.27674035076507
8,IF2,113,-386.5645443122538
8,IF2,114,-375.9645151313109
8,IF2,115,-375.46374150465834
8,IF2,116,-383.20792174129605
8,IF2,117,-372.5552285861826
8,IF2,118,-383.24261846767035
8,IF2,119,-380.8736980226759
8,IF2,120,-376.71221678101074
8,IF2,121,-367.22132660467616
8,IF2,122,-380.5543334843842
8,IF2,123,-382.64491134806036
8,IF2,124,-366.5621501920576
8,IF2,125,-373.4852304283272
8,IF2,126,-380.81439227875904
8,IF2,127,-375.9112697023423
8,IF2,128,-384.21959516817026
8,IF2,129,-379.4470016404168
8,IF2,130,-388.6287781106973
8,IF2,131,-387.99575175178313
8,IF2,132,-380.9175562808253
8,IF2,133,-380.62562668321414
8,IF2,134,-392.9453780946728
8,IF2,135,-365.7256467941982
8,IF2,136,-375.2075004102422
8,IF2,137,-386.40168476205815
8,IF2,138,-390.79948481345554
8,IF2,139,-379.61937357426484
8,IF2,140,-386.50602265473015
8,IF2,141,-386.28090012782974
8,IF2,142,-398.3561392195729
8,IF2,143,-395.00787019244166
8,IF2,144,-376.1266257876215
8,IF2,145,-375.4793068765482
8,IF2,146,-389.89749627479443
8,IF2,147,-377.9509925013808
8,IF2,148,-384.0228486234433
8,IF2,149,-382.87087567841905
8,IF2,150,-381.0736337522317
8,IF2,151,-384.961452283243
8,IF2,152,-382.74240854129357
8,IF2,153,-378.7241810921961
8,IF2,154,-382.3230907176123
8,IF2,155,-378.38014484577405
8,IF2,156,-384.40722471890115
8,IF2,157,-395.17152980790087
8,IF2,158,-394.83065636647143
8,IF2,159,-380.4857193063951
8,IF2,160,-393.7758903362844
8,IF2,161,-382.9166153155037
8,IF2,162,-391.58422022632163
8,IF2,163,-386.52891051291067
8,IF2,164,-392.6148878713151
8,IF2,165,-391.67385627840696
8,IF2,166,-393.1689897697276
8,IF2,167,-380.46846624828277
8,IF2,168,-380.7009332701205
8,IF2,169,-383.29724050723183
8,IF2,170,-379.30994782877997
8,IF2,171,-379.1633058471386
8,IF2,172,-392.9766677295547
8,IF2,173,-385.2125290103188
8,IF2,174,-387.2914525036319
8,IF2,175,-373.7674520227145
8,IF2,176,-394.05330021887266
8,IF2,177,-384.03773523287333
8,IF2,178,-380.38987146771444
8,IF2,179,-384.953840467935
8,IF2,180,-375.6731483146128
8,IF2,181,-380.21870164510176
8,IF2,182,-389.20706388648415
8,IF2,183,-373.1457824003552
8,IF2,184,-378.53415507042394
8,IF2,185,-382.9859967868801
8,IF2,186,-388.299124205284
8,IF2,187,-381.6678872292888
8,IF2,188,-377.46237122831565
8,IF2,189,-375.3407375031812
8,IF2,190,-389.23541324344785
8,IF2,191,-387.8923684355648
8,IF2,192,-381.6038212959413
8,IF2,193,-390.5858543360951
8,IF2,194,-386.5657727751169
8,IF2,195,-369.77337865740105
8,IF2,196,-381.8152611525458
8,IF2,197,-376.1635181161435
8,IF2,198,-382.6823096133671
8,IF2,199,-376.4395392789695
8,IF2,200,-382.9767698097018
8,IF2,201,-394.18530515308885
8,IF2,202,-387.8441447857761
8,IF2,203,-385.0110635611004
8,IF2,204,-384.1901905617212
8,IF2,205,-389.4244547486024
8,IF2,206,-364.1570516631011
8,IF2,207,-377.6785730833056
8,IF2,208,-385.7968986924117
8,IF2,209,-387.7827396303053
8,IF2,210,-387.9112632634981
8,IF2,211,-387.66939793216454
8,IF2,212,-379.56695941742936
8,IF2,213,-378.20456155363865
8,IF2,214,-388.7149238725472
8,IF2,215,-379.2338811435259
8,IF2,216,-402.22624832561047
8,IF2,217,-393.9555700781187
8,IF2,218,-380.7156501001105
8,IF2,219,-386.055860568574
8,IF2,220,-386.2089917388782
8,IF2,221,-387.75357680614496
8,IF2,222,-385.8482881379547
8,IF2,223,-381.78239073415375
8,IF2,224,-376.44552246265255
8,IF2,225,-391.76030807097555
8,IF2,226,-383.7632408974837
8,IF2,227,-385.689332042885
8,IF2,228,-381.45378032324464
8,IF2,229,-378.05607464693924
8,IF2,230,-382.3797322143896
8,IF2,231,-385.6753195558116
8,IF2,232,-384.78162152508935
8,IF2,233,-387.03884761213453
8,IF2,234,-397.2111344104425
8,IF2,235,-391.4892941306884
8,IF2,236,-376.05170725640085
8,IF2,237,-382.97951564462903
8,IF2,238,-386.9077018001533
8,IF2,239,-384.66603543004817
8,IF2,240,-385.1640601160918
8,IF2,241,-390.32660559084803
8,IF2,242,-380.5717296471845
8,IF2,243,-390.23162809427026
8,IF2,244,-377.67306476245625
8,IF2,245,-382.8029468355867
8,IF2,246,-387.3203263976162
8,IF2,247,-383.67160586803016
8,IF2,248,-382.4498898622176
8,IF2,249,-402.54065667386675
8,IF2,250,-383.808068595616
8,IF2,251,-387.8767728201116
8,IF2,252,-380.1531674552551
8,IF2,253,-385.3245611086578
8,IF2,254,-380.93339256949184
8,IF2,255,-380.95867531114715
8,IF2,256,-388.4864347590654
8,IF2,257,-373.97171665558
8,IF2,258,-377.0201832518814
8,IF2,259,-386.81693317448435
8,IF2,260,-391.6330928333381
8,IF2,261,-378.38976128684254
8,IF2,262,-388.06527570745004
8,IF2,263,-386.46185833300785
8,IF2,264,-379.9351682626708
8,IF2,265,-386.2930287726146
8,IF2,266,-373.8413740072704
8,IF2,267,-398.8963037588569
8,IF2,268,-385.7555168676868
8,IF2,269,-377.54976367224714
8,IF2,270,-381.99051960598484
8,IF2,271,-378.2535289040115
8,IF2,272,-374.89740744346943
8,IF2,273,-376.37127285206026
8,IF2,274,-385.9437371472812
8,IF2,275,-383.06039274399285
8,IF2,276,-378.17177358821715
8,IF2,277,-389.34732344304933
8,IF2,278,-372.2120276690513
8,IF2,279,-382.36459755396703
8,IF2,280,-383.19140843891364
8,IF2,281,-381.21478419768096
8,IF2,282,-383.0140030214839
8,IF2,283,-385.1411642800957
8,IF2,284,-383.75973557036417
8,IF2,285,-399.7648895011629
8,IF2,286,-382.3722991092814
8,IF2,287,-382.9844211942405
8,IF2,288,-380.93277020740544
8,IF2,289,-390.56008643553326
8,IF2,290,-385.2064902343947
8,IF2,291,-377.57184998840603
8,IF2,292,-361.07146602156183
8,IF2,293,-377.8086356732274
8,IF2,294,-374.22537637374484
8,IF2,295,-388.7898434076876
8,IF2,296,-374.6082031219246
8,IF2,297,-390.65719193755433
8,IF2,298,-375.5950110918449
8,IF2,299,-381.7774330945649
8,IF2,300,-382.8439648489416
8,IF2,301,-388.8464430500942
8,IF2,302,-378.9821320688913
8,IF2,303,-373.61704144347175
8,IF2,304,-373.8188990132413
8,IF2,305,-380.3911845710743
8,IF2,306,-382.8431337258986
8,IF2,307,-383.73102559376616
8,IF2,308,-376.61285105283105
8,IF2,309,-382.92202038540387
8,IF2,310,-392.07126582467885
8,IF2,311,-381.9916322045832
8,IF2,312,-374.7901052527171
8,IF2,313,-389.5331316754745
8,IF2,314,-369.6158135267006
8,IF2,315,-379.1466981730584
8,IF2,316,-383.0350186104661
8,IF2,317,-382.76676758273203
8,IF2,318,-378.2493238453578
8,IF2,319,-392.84984523444325
8,IF2,320,-383.6847836582183
8,IF2,321,-380.6039323120734
8,IF2,322,-379.55995788781127
8,IF2,323,-375.95680731838183
8,IF2,324,-390.2601646187154
8,IF2,325,-377.78645415192796
8,IF2,326,-377.7981223735126
8,IF2,327,-387.5876437534235
8,IF2,328,-395.7521845603353
8,IF2,329,-379.1643908217808
8,IF2,330,-374.7702216065985
8,IF2,331,-379.8183281411575
8,IF2,332,-394.00735509191065
8,IF2,333,-379.5484333965188
8,IF2,334,-381.5760577592147
8,IF2,335,-379.6333900233393
8,IF2,336,-379.1018983667494
8,IF2,337,-383.9343494473282
8,IF2,338,-381.89498114832253
8,IF2,339,-381.69792623501104
8,IF2,340,-385.8896296416168
8,IF2,341,-387.8993297308573
8,IF2,342,-391.1697768325182
8,IF2,343,-399.19236299868453
8,IF2,344,-395.6651401166227
8,IF2,345,-368.4370324349593
8,IF2,346,-377.6364166245901
8,IF2,347,-371.5992844849246
8,IF2,348,-380.59005741170586
8,IF2,349,-383.05307333292546
8,IF2,350,-372.6407820284799
8,IF2,351,-377.87550375365896
8,IF2,352,-386.56532030073055
8,IF2,353,-388.1532859779934
8,IF2,354,-384.0746610496195
8,IF2,355,-394.5827709470243
8,IF2,356,-393.22738385097557
8,IF2,357,-385.4172987207498
8,IF2,358,-387.71220436921726
8,IF2,359,-387.8059004104981
8,IF2,360,-371.408189813466
8,IF2,361,-381.2096980628566
8,IF2,362,-385.4186556132382
8,IF2,363,-386.54865517493124
8,IF2,364,-379.0572775462039
8,IF2,365,-385.20020033342087
8,IF2,366,-384.2458173935455
8,IF2,367,-390.67952795438583
8,IF2,368,-385.8784968836052
8,IF2,369,-378.42207662391405
8,IF2,370,-378.65385222644727
8,IF2,371,-400.43889996931557
8,IF2,372,-378.7176098191912
8,IF2,373,-376.54484083126783
8,IF2,374,-388.6606780987458
8,IF2,375,-395.1168158843077
8,IF2,376,-383.82691431928214
8,IF2,377,-390.88021493900783
8,IF2,378,-382.42283294962965
8,IF2,379,-385.5532335293675
8,IF2,380,-387.203412045746
8,IF2,381,-382.1085339864883
8,IF2,382,-382.84665375392365
8,IF2,383,-386.88286561026996
8,IF2,384,-382.1855569392256
8,IF2,385,-380.1899470945705
8,IF2,386,-374.36377031373246
8,IF2,387,-387.9963810662646
8,IF2,388,-390.9121997784539
8,IF2,389,-393.176739062239
8,IF2,390,-380.11405685944277
8,IF2,391,-390.1285934134752
8,IF2,392,-382.0900698615499
8,IF2,393,-378.92306883781924
8,IF2,394,-374.9392316331408
8,IF2,395,-373.36078182373814
8,IF2,396,-390.1036288517763
8,IF2,397,-382.14881337633625
8,IF2,398,-395.4189000745757
8,IF2,399,-390.11620201313275
8,IF2,400,-389.13064872853363
8,IF2,401,-403.26369702227527
8,IF2,402,-384.28787774497675
8,IF2,403,-380.36673171062347
8,IF2,404,-393.23192453000587
8,IF2,405,-383.5072188107855
8,IF2,406,-385.7439225958312
8,IF2,407,-385.7592604059764
8,IF2,408,-380.81575250983093
8,IF2,409,-367.77532370335626
8,IF2,410,-380.2486714475122
8,IF2,411,-383.0507702355263
8,IF2,412,-387.6445656775717
8,IF2,413,-383.33537227991786
8,IF2,414,-382.0621708046609
8,IF2,415,-385.41552584348887
8,IF2,416,-374.5109047233725
8,IF2,417,-381.15790033358775
8,IF2,418,-380.5773523936756
8,IF2,419,-386.98196204389495
8,IF2,420,-385.35213842638
8,IF2,421,-385.33578043466883
8,IF2,422,-387.4618619722901
8,IF2,423,-382.55406783264135
8,IF2,424,-394.3605939823441
8,IF2,425,-388.97591054587434
8,IF2,426,-388.2478641369992
8,IF2,427,-387.06454299633066
8,IF2,428,-382.66274248454374
8,IF2,429,-388.10683303582533
8,IF2,430,-388.48296525282063
8,IF2,431,-381.7437240873784
8,IF2,432,-375.6264968865028
8,IF2,433,-388.2832613065607
8,IF2,434,-380.6461133216595
8,IF2,435,-395.0032911183036
8,IF2,436,-378.44606230520674
8,IF2,437,-382.338051360577
8,IF2,438,-383.6357495527982
8,IF2,439,-388.3598794046729
8,IF2,440,-396.958790770123
8,IF2,441,-384.74423415495505
8,IF2,442,-386.5153008138878
8,IF2,443,-381.949512235075
8,IF2,444,-392.7987366170627
8,IF2,445,-382.1629805716745
8,IF2,446,-396.430266733583
8,IF2,447,-388.7373731784011
8,IF2,448,-377.1089938783299
8,IF2,449,-373.33007263116195
8,IF2,450,-385.0529201072665
8,IF2,451,-374.04940717631877
8,IF2,452,-384.9808215842344
8,IF2,453,-380.12947003473516
8,IF2,454,-390.661843464279
8,IF2,455,-380.0185518507941
8,IF2,456,-386.03046401538364
8,IF2,457,-382.93436116448214
8,IF2,458,-392.6326900955028
8,IF2,459,-391.510713496485
8,IF2,460,-392.15017783149415
8,IF2,461,-380.17054622446756
8,IF2,462,-392.613336016013
8,IF2,463,-385.90870628723917
8,IF2,464,-385.6820297187082
8,IF2,465,-376.3821870715212
8,IF2,466,-396.4331653284578
8,IF2,467,-384.1800749621292
8,IF2,468,-379.1481586205242
8,IF2,469,-388.28371767774183
8,IF2,470,-387.2373823897918
8,IF2,471,-386.73799443215756
8,IF2,472,-386.0786931320306
8,IF2,473,-382.02276911099233
8,IF2,474,-369.30259816695417
8,IF2,475,-367.9178119407815
8,IF2,476,-374.35183399479104
8,IF2,477,-392.5491651358591
8,IF2,478,-383.7185263948758
8,IF2,479,-390.31569296183636
8,IF2,480,-390.53094414792685
8,IF2,481,-376.9586958571317
8,IF2,482,-388.4915283395601
8,IF2,483,-378.8227854589389
8,IF2,484,-378.41651534710456
8,IF2,485,-385.1188436154218
8,IF2,486,-377.154168035534
8,IF2,487,-387.14209579587964
8,IF2,488,-392.93302959815566
8,IF2,489,-392.2294259316063
8,IF2,490,-370.2375746739192
8,IF2,491,-372.6799899826244
8,IF2,492,-393.6408015160203
8,IF2,493,-377.2807582951048
8,IF2,494,-395.26651016726026
8,IF2,495,-393.4071853871955
8,IF2,496,-390.5225444023324
8,IF2,497,-381.4856508087649
8,IF2,498,-389.79603865441663
8,IF2,499,-390.26618523915806
8,IF2,500,-402.1975940810781
8,IF2,501,-394.33701259492375
8,IF2,502,-398.1443649479264
8,IF2,503,-372.4759803996176
8,IF2,504,-380.8355893878723
8,IF2,505,-382.0347384195835
8,IF2,506,-399.32104652416655
8,IF2,507,-381.06444604959717
8,IF2,508,-387.6663684361373
8,IF2,509,-376.2905299662469
8,IF2,510,-391.7353156058808
8,IF2,511,-377.90883164444847
8,IF2,512,-378.06348808458534
8,IF2,513,-387.592849325082
8,IF2,514,-387.039700362717
8,IF2,515,-397.4835448436036
8,IF2,516,-379.84571185602493
8,IF2,517,-380.5828140279756
8,IF2,518,-386.5919531952528
8,IF2,519,-379.60729918553994
8,IF2,520,-384.2728302275898
8,IF2,521,-383.29468820269494
8,IF2,522,-383.11325313127156
8,IF2,523,-377.5743576802955
8,IF2,524,-382.4165331319628
8,IF2,525,-375.96416721035143
8,IF2,526,-383.1988994681554
8,IF2,527,-382.21842320050575
8,IF2,528,-391.9536222829752
8,IF2,529,-379.2972821827154
8,IF2,530,-386.54245311555644
8,IF2,531,-381.4708199385008
8,IF2,532,-379.0062737037334
8,IF2,533,-386.02382179216676
8,IF2,534,-383.77638121841284
8,IF2,535,-371.2348161766013
8,IF2,536,-383.5953309663485
8,IF2,537,-393.6442131024017
8,IF2,538,-385.49191262638374
8,IF2,539,-391.14240843807534
8,IF2,540,-380.2589063223997
8,IF2,541,-394.84625578449436
8,IF2,542,-380.94355969109876
8,IF2,543,-384.9034595824734
8,IF2,544,-385.93214324682293
8,IF2,545,-385.80193761020877
8,IF2,546,-383.78946467103657
8,IF2,547,-398.04285109253215
8,IF2,548,-376.2193952079781
8,IF2,549,-388.69367165361103
8,IF2,550,-389.16349204134445
8,IF2,551,-376.46823113956003
8,IF2,552,-388.01981878756186
8,IF2,553,-374.77209602650595
8,IF2,554,-393.7451305264582
8,IF2,555,-387.42675057915517
8,IF2,556,-398.21268234545175
8,IF2,557,-401.27312091319476
8,IF2,558,-386.83393762990386
8,IF2,559,-388.8887192245584
8,IF2,560,-393.91917047493155
8,IF2,561,-382.4235952173686
8,IF2,562,-382.66470014165736
8,IF2,563,-378.15491367213923
8,IF2,564,-386.22453975631487
8,IF2,565,-402.34218970318676
8,IF2,566,-387.84505237293513
8,IF2,567,-389.3563519054967
8,IF2,568,-388.36068273807444
8,IF2,569,-381.2003325011471
8,IF2,570,-383.7455475898503
8,IF2,571,-385.59562560443743
8,IF2,572,-382.5620330603134
8,IF2,573,-385.675566055734
8,IF2,574,-381.10233175650217
8,IF2,575,-380.85181272131393
8,IF2,576,-392.89493891555054
8,IF2,577,-380.7645958514856
8,IF2,578,-390.83379674911464
8,IF2,579,-390.3484141226367
8,IF2,580,-394.5172120030884
8,IF2,581,-385.33409045435957
8,IF2,582,-379.75450702078456
8,IF2,583,-373.97685014815096
8,IF2,584,-382.3262219038637
8,IF2,585,-380.3290038070288
8,IF2,586,-385.78553636643915
8,IF2,587,-384.7279774683685
8,IF2,588,-389.57936323974695
8,IF2,589,-386.3509241616406
8,IF2,590,-380.51610847454066
8,IF2,591,-387.39762351602724
8,IF2,592,-392.9374276121277
8,IF2,593,-389.0266049791982
8,IF2,594,-392.9358268974808
8,IF2,595,-380.9908995037884
8,IF2,596,-380.15783480527256
8,IF2,597,-388.53885226591717
8,IF2,598,-380.9562061289295
8,IF2,599,-397.0317548096255
8,IFAD,0,-374.89537510989186
8,IFAD,1,-397.5464049747334
8,IFAD,2,-389.71266847269214
8,IFAD,3,-391.6065265352472
8,IFAD,4,-383.94621285760144
8,IFAD,5,-400.0256443389465
8,IFAD,6,-386.70437762344534
8,IFAD,7,-383.1982930627731
8,IFAD,8,-377.38924974811476
8,IFAD,9,-390.2278559346816
8,IFAD,10,-387.7435716936452
8,IFAD,11,-379.5700884354268
8,IFAD,12,-395.9067055272561
8,IFAD,13,-385.90973275421857
8,IFAD,14,-372.2666319390107
8,IFAD,15,-381.3084882545621
8,IFAD,16,-384.46020005794173
8,IFAD,17,-384.25171707571894
8,IFAD,18,-378.98506189209417
8,IFAD,19,-379.9598605827393
8,IFAD,20,-382.4667929874255
8,IFAD,21,-388.21575844599016
8,IFAD,22,-395.6387102342653
8,IFAD,23,-388.25301407865584
8,IFAD,24,-385.5979805498493
8,IFAD,25,-388.4441357750632
8,IFAD,26,-377.7365063073658
8,IFAD,27,-375.85641728166087
8,IFAD,28,-382.9072608424501
8,IFAD,29,-396.19037411825605
8,IFAD,30,-413.050660521195
8,IFAD,31,-385.31339574652594
8,IFAD,32,-379.1016587455419
8,IFAD,33,-388.6869406225363
8,IFAD,34,-387.7377782321414
8,IFAD,35,-391.9252364792578
8,IFAD,36,-393.5788631752814
8,IFAD,37,-397.1226039230879
8,IFAD,38,-403.13890787896065
8,IFAD,39,-383.2459343263705
8,IFAD,40,-387.6071021223858
8,IFAD,41,-379.2707651348115
8,IFAD,42,-388.66021222367874
8,IFAD,43,-380.98572529221633
8,IFAD,44,-376.7624461813815
8,IFAD,45,-397.45646762062836
8,IFAD,46,-372.3321189603318
8,IFAD,47,-369.9377861713064
8,IFAD,48,-384.9494847273783
8,IFAD,49,-389.84224922228384
8,IFAD,50,-390.13382906865536
8,IFAD,51,-389.28037762842195
8,IFAD,52,-406.70610646102756
8,IFAD,53,-408.3053338399274
8,IFAD,54,-394.83141305819834
8,IFAD,55,-378.7626113573698
8,IFAD,56,-385.7791305822918
8,IFAD,57,-382.6635688338577
8,IFAD,58,-376.2635691516015
8,IFAD,59,-378.79176315884547
8,IFAD,60,-392.4910684622964
8,IFAD,61,-388.47738237977484
8,IFAD,62,-384.7101138415423
8,IFAD,63,-370.35643799514423
8,IFAD,64,-393.9630322270232
8,IFAD,65,-379.56282927589007
8,IFAD,66,-395.14726352410105
8,IFAD,67,-395.2862938616531
8,IFAD,68,-386.90770433671094
8,IFAD,69,-380.44715136875743
8,IFAD,70,-375.0962572251611
8,IFAD,71,-376.84398539871444
8,IFAD,72,-381.64761144245796
8,IFAD,73,-386.5714831548523
8,IFAD,74,-381.7716014002085
8,IFAD,75,-382.63940291935813
8,IFAD,76,-376.41020508636683
8,IFAD,77,-370.5031373955227
8,IFAD,78,-380.42484162268784
8,IFAD,79,-377.23015219562006
8,IFAD,80,-393.01755065428375
8,IFAD,81,-407.3230972045822
8,IFAD,82,-419.34608151153185
8,IFAD,83,-400.13413239224406
8,IFAD,84,-401.94749009414767
8,IFAD,85,-383.58218242297596
8,IFAD,86,-391.9343063915375
8,IFAD,87,-381.2338474597266
8,IFAD,88,-399.89847939167475
8,IFAD,89,-388.25322353794724
8,IFAD,90,-390.0967066758549
8,IFAD,91,-394.40061020505505
8,IFAD,92,-383.40706950906247
8,IFAD,93,-392.78437967377045
8,IFAD,94,-402.7026838153008
8,IFAD,95,-398.20309945200364
8,IFAD,96,-391.8543127405482
8,IFAD,97,-420.92799893011534
8,IFAD,98,-409.3587797015357
8,IFAD,99,-401.53859285928166
8,IFAD,100,-403.5189734319261
8,IFAD,101,-404.41802602364817
8,IFAD,102,-419.33506623696
8,IFAD,103,-410.08714842305875
8,IFAD,104,-390.18920828690744
8,IFAD,105,-400.06263158238266
8,IFAD,106,-407.14953634969106
8,IFAD,107,-399.4242289821334
8,IFAD,108,-411.0811825677113
8,IFAD,109,-414.88536195992054
8,IFAD,110,-400.3764449214982
8,IFAD,111,-389.5834562337318
8,IFAD,112,-405.23009993348757
8,IFAD,113,-396.33019579837253
8,IFAD,114,-391.2149959738204
8,IFAD,115,-393.0774649730225
8,IFAD,116,-395.60374809845536
8,IFAD,117,-387.9530895978936
8,IFAD,118,-380.46208750334137
8,IFAD,119,-392.00651660118484
8,IFAD,120,-402.15410858522176
8,IFAD,121,-394.45672730396313
8,IFAD,122,-399.66032374615315
8,IFAD,123,-392.36378575830315
8,IFAD,124,-393.916941632279
8,IFAD,125,-402.1041433306571
8,IFAD,126,-395.8581527464417
8,IFAD,127,-385.83643747200597
8,IFAD,128,-403.42016714846653
8,IFAD,129,-400.25777834114257
8,IFAD,130,-395.6883972617587
8,IFAD,131,-391.88814746638747
8,IFAD,132,-392.079729199812
8,IFAD,133,-368.5716661364192
8,IFAD,134,-398.9240512982315
8,IFAD,135,-386.58907606834686
8,IFAD,136,-380.10652468604974
8,IFAD,137,-398.2811921481351
8,IFAD,138,-376.1476376507156
8,IFAD,139,-381.47465245212095
8,IFAD,140,-368.1907054838748
8,IFAD,141,-390.8689431535186
8,IFAD,142,-369.4075754322646
8,IFAD,143,-375.3563085208901
8,IFAD,144,-373.9324014640348
8,IFAD,145,-367.11154196435785
8,IFAD,146,-372.59682193443547
8,IFAD,147,-373.1776157138108
8,IFAD,148,-379.7782749559041
8,IFAD,149,-378.2756573236272
8,IFAD,150,-375.8733564017633
8,IFAD,151,-384.1832991738326
8,IFAD,152,-371.4035865173647
8,IFAD,153,-385.1190997044099
8,IFAD,154,-370.75401007249786
8,IFAD,155,-385.68692118286026
8,IFAD,156,-370.80072794296353
8,IFAD,157,-376.49895671586614
8,IFAD,158,-381.2665242055263
8,IFAD,159,-378.83929956126894
8,IFAD,160,-381.9276935807877
8,IFAD,161,-378.93830872837935
8,IFAD,162,-388.2236558243969
8,IFAD,163,-389.2508111510338
8,IFAD,164,-382.01550062767654
8,IFAD,165,-374.49707539507904
8,IFAD,166,-393.0974541951958
8,IFAD,167,-385.71152683621466
8,IFAD,168,-373.0279283398317
8,IFAD,169,-379.77929434327297
8,IFAD,170,-384.76435021531665
8,IFAD,171,-364.42511201722465
8,IFAD,172,-377.43960208509395
8,IFAD,173,-381.3628740617112
8,IFAD,174,-381.1366709560592
8,IFAD,175,-370.9484713474772
8,IFAD,176,-370.9825655388343
8,IFAD,177,-378.9444726839907
8,IFAD,178,-378.72879335763986
8,IFAD,179,-371.42305491091116
8,IFAD,180,-377.673234643559
8,IFAD,181,-380.9931096919445
8,IFAD,182,-375.17740775725457
8,IFAD,183,-369.21150413833107
8,IFAD,184,-376.5766551332352
8,IFAD,185,-380.22119887472536
8,IFAD,186,-375.50434539812306
8,IFAD,187,-373.5307482372827
8,IFAD,188,-385.401505224504
8,IFAD,189,-379.28090379624183
8,IFAD,190,-366.48671623461087
8,IFAD,191,-379.08503101669004
8,IFAD,192,-377.5074661347832
8,IFAD,193,-376.2462707290128
8,IFAD,194,-380.1565018346557
8,IFAD,195,-372.6514980074475
8,IFAD,196,-374.78119311648436
8,IFAD,197,-369.0858685720492
8,IFAD,198,-375.4607812657753
8,IFAD,199,-375.9465675180953
8,IFAD,200,-362.73850789678585
8,IFAD,201,-371.0702587327639
8,IFAD,202,-376.4765198941506
8,IFAD,203,-370.66672536758205
8,IFAD,204,-368.67297679415674
8,IFAD,205,-385.75006017528443
8,IFAD,206,-372.6947504573872
8,IFAD,207,-368.44221201305373
8,IFAD,208,-372.6084862659806
8,IFAD,209,-367.19494301731015
8,IFAD,210,-390.0260088572369
8,IFAD,211,-368.2255616699973
8,IFAD,212,-364.10882827184156
8,IFAD,213,-382.1148570463356
8,IFAD,214,-375.6381400669463
8,IFAD,215,-371.00374630209996
8,IFAD,216,-384.57985858848843
8,IFAD,217,-375.338287645549
8,IFAD,218,-372.60611995990513
8,IFAD,219,-377.4690557155916
8,IFAD,220,-376.0837372260353
8,IFAD,221,-374.88954614490905
8,IFAD,222,-372.14858357100087
8,IFAD,223,-384.9952201436654
8,IFAD,224,-382.3095014303185
8,IFAD,225,-388.15322390090677
8,IFAD,226,-379.62088542371237
8,IFAD,227,-381.33767750174457
8,IFAD,228,-385.46568192008414
8,IFAD,229,-372.90063159469133
8,IFAD,230,-375.6522560596483
8,IFAD,231,-365.1356934053166
8,IFAD,232,-381.5626225122692
8,IFAD,233,-374.3568048179377
8,IFAD,234,-380.7868238957431
8,IFAD,235,-380.58305430488974
8,IFAD,236,-388.68391192922195
8,IFAD,237,-385.4893656180904
8,IFAD,238,-374.27987193490554
8,IFAD,239,-375.8570679066592
8,IFAD,240,-377.4073245998005
8,IFAD,241,-381.651634207374
8,IFAD,242,-371.4784538070154
8,IFAD,243,-373.1857537619397
8,IFAD,244,-375.1849447027519
8,IFAD,245,-374.7600948331222
8,IFAD,246,-371.50155786652954
8,IFAD,247,-372.0160900482566
8,IFAD,248,-386.67264324338873
8,IFAD,249,-393.95460170715785
8,IFAD,250,-369.8769866137572
8,IFAD,251,-376.80285367568763
8,IFAD,252,-368.7411865074845
8,IFAD,253,-386.2163389692055
8,IFAD,254,-376.96292104721243
8,IFAD,255,-373.74040619972163
8,IFAD,256,-374.9934407250424
8,IFAD,257,-379.1851807557347
8,IFAD,258,-378.747922232245
8,IFAD,259,-380.9650014631302
8,IFAD,260,-378.40971241427064
8,IFAD,261,-383.71372981211186
8,IFAD,262,-380.8378986132621
8,IFAD,263,-388.1996846618982
8,IFAD,264,-367.5279568643994
8,IFAD,265,-375.8781308292676
8,IFAD,266,-371.9515919762405
8,IFAD,267,-378.11001190140485
8,IFAD,268,-377.9708820442027
8,IFAD,269,-372.28584204920867
8,IFAD,270,-370.63152677014887
8,IFAD,271,-371.0759274688701
8,IFAD,272,-378.4539524372794
8,IFAD,273,-374.3792278778742
8,IFAD,274,-370.95359770534844
8,IFAD,275,-375.5223175550359
8,IFAD,276,-380.14742051056976
8,IFAD,277,-378.582859260042
8,IFAD,278,-371.30402427535677
8,IFAD,279,-382.7007148852194
8,IFAD,280,-378.4471504810873
8,IFAD,281,-378.73889805039937
8,IFAD,282,-369.8440498634621
8,IFAD,283,-365.37956492404453
8,IFAD,284,-376.37161072680584
8,IFAD,285,-366.5316094814051
8,IFAD,286,-385.5394212658699
8,IFAD,287,-391.11884979503003
8,IFAD,288,-379.22834505964886
8,IFAD,289,-378.41665823223775
8,IFAD,290,-388.61829488429265
8,IFAD,291,-380.8131686684107
8,IFAD,292,-381.04511358659863
8,IFAD,293,-384.98434770122196
8,IFAD,294,-368.45800246987704
8,IFAD,295,-377.6090704693743
8,IFAD,296,-375.33257187503875
8,IFAD,297,-381.81308366462696
8,IFAD,298,-365.21286794040526
8,IFAD,299,-373.3798180149234
8,IFAD,300,-385.23071862101244
8,IFAD,301,-380.5942550255817
8,IFAD,302,-377.92595345875225
8,IFAD,303,-387.02060506924596
8,IFAD,304,-381.63414925655337
8,IFAD,305,-369.5804348229017
8,IFAD,306,-373.48333466693185
8,IFAD,307,-371.644954473014
8,IFAD,308,-382.35866748142575
8,IFAD,309,-372.86904646958396
8,IFAD,310,-375.07954144487894
8,IFAD,311,-371.4455913746479
8,IFAD,312,-386.4693349154303
8,IFAD,313,-369.22005983337635
8,IFAD,314,-381.5062645667913
8,IFAD,315,-377.32724132745506
8,IFAD,316,-385.7012913151579
8,IFAD,317,-367.5399697146181
8,IFAD,318,-372.71279766369156
8,IFAD,319,-378.16679450020314
8,IFAD,320,-366.4475830930668
8,IFAD,321,-376.37137978226394
8,IFAD,322,-381.6392448816939
8,IFAD,323,-385.9136445845006
8,IFAD,324,-370.7711995395461
8,IFAD,325,-378.0555272160799
8,IFAD,326,-379.25406961795665
8,IFAD,327,-373.32132752827357
8,IFAD,328,-366.93900963152856
8,IFAD,329,-371.8481360211332
8,IFAD,330,-382.64666437115625
8,IFAD,331,-373.5571828420888
8,IFAD,332,-367.50594575799494
8,IFAD,333,-367.65671401597956
8,IFAD,334,-381.255179034221
8,IFAD,335,-366.89739734358875
8,IFAD,336,-375.35307734348385
8,IFAD,337,-379.07554307567983
8,IFAD,338,-366.67580840855476
8,IFAD,339,-375.97024116475404
8,IFAD,340,-382.6532944810478
8,IFAD,341,-373.5786520694649
8,IFAD,342,-372.8372870749124
8,IFAD,343,-381.55887875956967
8,IFAD,344,-369.99158476967574
8,IFAD,345,-389.600380605317
8,IFAD,346,-380.5195175900681
8,IFAD,347,-365.9226039191951
8,IFAD,348,-376.7359271156068
8,IFAD,349,-371.74108042164255
8,IFAD,350,-375.3303493924674
8,IFAD,351,-373.6077005989396
8,IFAD,352,-369.91942963783737
8,IFAD,353,-374.89197040004814
8,IFAD,354,-374.41428708456573
8,IFAD,355,-370.60626207806905
8,IFAD,356,-389.91005473141166
8,IFAD,357,-372.35451556869737
8,IFAD,358,-384.36358015882576
8,IFAD,359,-379.1662970695897
8,IFAD,360,-376.57795130639926
8,IFAD,361,-377.6060469733046
8,IFAD,362,-371.9706972253649
8,IFAD,363,-372.7482488039394
8,IFAD,364,-383.7048241185559
8,IFAD,365,-378.45910454906476
8,IFAD,366,-382.42635506383357
8,IFAD,367,-372.9476973651195
8,IFAD,368,-381.61446395205434
8,IFAD,369,-361.7142125541262
8,IFAD,370,-377.5139104776163
8,IFAD,371,-388.71083395209433
8,IFAD,372,-370.98340983274295
8,IFAD,373,-374.44313620026173
8,IFAD,374,-385.34277032050755
8,IFAD,375,-370.46790543498145
8,IFAD,376,-379.5624858230853
8,IFAD,377,-367.91408738776755
8,IFAD,378,-385.12280287453524
8,IFAD,379,-378.20169165226827
8,IFAD,380,-379.45264690460306
8,IFAD,381,-371.2911597429182
8,IFAD,382,-387.93174844346754
8,IFAD,383,-386.1328946455503
8,IFAD,384,-380.6777572641113
8,IFAD,385,-381.4617733393446
8,IFAD,386,-362.436686846804
8,IFAD,387,-385.52316312792345
8,IFAD,388,-381.0540094146294
8,IFAD,389,-379.25476657577445
8,IFAD,390,-366.8570155552567
8,IFAD,391,-373.618290477262
8,IFAD,392,-381.3000834968696
8,IFAD,393,-395.37748264657665
8,IFAD,394,-380.5954768786768
8,IFAD,395,-364.87531514056775
8,IFAD,396,-379.2482251099954
8,IFAD,397,-378.4315906047643
8,IFAD,398,-380.7628008210556
8,IFAD,399,-383.2989110427466
9,IF2,0,-375.71797547179386
9,IF2,1,-391.8734871180974
9,IF2,2,-434.4496289743593
9,IF2,3,-427.5508292988393
9,IF2,4,-419.5859711421959
9,IF2,5,-388.24992130800985
9,IF2,6,-377.1854472732583
9,IF2,7,-374.5140361234195
9,IF2,8,-393.13860007657183
9,IF2,9,-379.2861264954965
9,IF2,10,-383.70498981150917
9,IF2,11,-393.6908553653285
9,IF2,12,-393.14969449864566
9,IF2,13,-388.731034849228
9,IF2,14,-376.9259941294169
9,IF2,15,-387.49180444596203
9,IF2,16,-377.3986745748473
9,IF2,17,-408.5733288323569
9,IF2,18,-406.37252914048776
9,IF2,19,-391.47932706308416
9,IF2,20,-415.3415164580872
9,IF2,21,-393.0488523546043
9,IF2,22,-374.5765652649495
9,IF2,23,-375.7957101364809
9,IF2,24,-378.14445322345443
9,IF2,25,-383.7762949788247
9,IF2,26,-373.14950922928887
9,IF2,27,-381.2239893869895
9,IF2,28,-376.5443150858919
9,IF2,29,-387.1624651794335
9,IF2,30,-378.62218283840394
9,IF2,31,-381.88732618575153
9,IF2,32,-383.43449406334724
9,IF2,33,-385.5225908199417
9,IF2,34,-378.7289002567343
9,IF2,35,-383.4632517776809
9,IF2,36,-383.34622693578456
9,IF2,37,-381.5473531239562
9,IF2,38,-373.98053355355603
9,IF2,39,-382.86937858166664
9,IF2,40,-372.4089862846845
9,IF2,41,-389.15412594744686
9,IF2,42,-382.0623161816445
9,IF2,43,-376.00640298797697
9,IF2,44,-376.78766302321253
9,IF2,45,-377.27446262357375
9,IF2,46,-373.18828500668616
9,IF2,47,-384.0939839523949
9,IF2,48,-376.9621444745511
9,IF2,49,-367.99370284863363
9,IF2,50,-373.4494740060943
9,IF2,51,-372.44355778926297
9,IF2,52,-391.04538454995435
9,IF2,53,-381.0197647858407
9,IF2,54,-382.40081187055546
9,IF2,55,-386.22853492460763
9,IF2,56,-372.75911924527014
9,IF2,57,-377.23530983980015
9,IF2,58,-387.47886180712214
9,IF2,59,-387.3522979701518
9,IF2,60,-371.8273292087982
9,IF2,61,-383.3788054744622
9,IF2,62,-373.90556577882745
9,IF2,63,-395.2048397719728
9,IF2,64,-376.0996239059126
9,IF2,65,-386.01439479617466
9,IF2,66,-395.76190454778657
9,IF2,67,-397.820826919307
9,IF2,68,-392.78733558530183
9,IF2,69,-384.7830724385262
9,IF2,70,-411.4406839540062
9,IF2,71,-400.61852661897444
9,IF2,72,-399.56373861172364
9,IF2,73,-383.29984902568884
9,IF2,74,-390.6300304651659
9,IF2,75,-394.7450461470167
9,IF2,76,-386.6469328545136
9,IF2,77,-382.9297879251612
9,IF2,78,-378.8169342759247
9,IF2,79,-363.47465279898466
9,IF2,80,-378.8942067626638
9,IF2,81,-377.21801795634235
9,IF2,82,-380.6300768031339
9,IF2,83,-387.71503458779335
9,IF2,84,-377.94628978557114
9,IF2,85,-385.7123397316478
9,IF2,86,-392.0319525728005
9,IF2,87,-378.8771192096063
9,IF2,88,-381.65011805782024
9,IF2,89,-370.7290969528077
9,IF2,90,-380.8581124297297
9,IF2,91,-360.8024718833329
9,IF2,92,-376.8227515191638
9,IF2,93,-375.1224968753672
9,IF2,94,-390.38472030691713
9,IF2,95,-383.23552216127894
9,IF2,96,-374.12196773247115
9,IF2,97,-379.45049787747763
9,IF2,98,-377.72763816515305
9,IF2,99,-389.6742720495428
9,IF2,100,-372.76079695945384
9,IF2,101,-382.7954426457162
9,IF2,102,-375.1388274260559
9,IF2,103,-379.3607017090345
9,IF2,104,-383.79157245094143
9,IF2,105,-381.02667697665225
9,IF2,106,-373.1006859801203
9,IF2,107,-376.1934914288539
9,IF2,108,-385.0800948801754
9,IF2,109,-382.0706672593611
9,IF2,110,-389.51871541735335
9,IF2,111,-389.9287161215438
9,IF2,112,-399.85655561260273
9,IF2,113,-388.20746281595996
9,IF2,114,-389.44169934961025
9,IF2,115,-400.82619331924474
9,IF2,116,-394.4246024279702
9,IF2,117,-409.81299472907847
9,IF2,118,-393.2978613310184
9,IF2,119,-416.1110220148289
9,IF2,120,-408.38591037688326
9,IF2,121,-406.1889927692447
9,IF2,122,-412.1020635153365
9,IF2,123,-404.8669793444812
9,IF2,124,-391.5449312625352
9,IF2,125,-413.60979861080284
9,IF2,126,-404.64239921686146
9,IF2,127,-415.7424775468059
9,IF2,128,-398.83848997080406
9,IF2,129,-386.93729134848024
9,IF2,130,-400.5481204816699
9,IF2,131,-407.90512874425235
9,IF2,132,-392.5381962941781
9,IF2,133,-402.55028761900127
9,IF2,134,-403.8110961330824
9,IF2,135,-405.67085057195504
9,IF2,136,-403.39867488328167
9,IF2,137,-388.60742296419124
9,IF2,138,-397.60209127447627
9,IF2,139,-388.66893952439074
9,IF2,140,-388.17379293198536
9,IF2,141,-371.2935328461924
9,IF2,142,-386.782373066108
9,IF2,143,-386.80635828397453
9,IF2,144,-373.0219339526589
9,IF2,145,-371.05765554626157
9,IF2,146,-372.1182018934193
9,IF2,147,-373.6242038384133
9,IF2,148,-377.3718657662732
9,IF2,149,-402.13194292431524
9,IF2,150,-395.20938617680685
9,IF2,151,-389.4764431912193
9,IF2,152,-380.3578346954246
9,IF2,153,-385.7467990571521
9,IF2,154,-378.5795119801082
9,IF2,155,-391.21985396568084
9,IF2,156,-373.99296525241766
9,IF2,157,-379.5960920184689
9,IF2,158,-376.58165872908455
9,IF2,159,-377.3526460946303
9,IF2,160,-370.34460329948485
9,IF2,161,-371.5699838147864
9,IF2,162,-383.0069521016247
9,IF2,163,-374.49525548060564
9,IF2,164,-385.0661802815965
9,IF2,165,-372.9446698571287
9,IF2,166,-369.51508714921556
9,IF2,167,-376.4931727306074
9,IF2,168,-376.20752986918484
9,IF2,169,-373.48957684557
9,IF2,170,-381.0721225598694
9,IF2,171,-382.4875820455978
9,IF2,172,-380.1670164822281
9,IF2,173,-374.36137119636055
9,IF2,174,-382.7444068633479
9,IF2,175,-376.838853750281
9,IF2,176,-376.79741276885693
9,IF2,177,-383.5433257355458
9,IF2,178,-374.03623493049815
9,IF2,179,-375.4505189717907
9,IF2,180,-372.60824207564315
9,IF2,181,-378.2984249953944
9,IF2,182,-371.91571737495013
9,IF2,183,-370.65628248629184
9,IF2,184,-376.91213032358445
9,IF2,185,-371.2997811396072
9,IF2,186,-384.3257682043086
9,IF2,187,-375.01615851006
9,IF2,188,-376.99090693306835
9,IF2,189,-383.78069699777683
9,IF2,190,-375.69055050268673
9,IF2,191,-371.20495247717
9,IF2,192,-370.8764121352845
9,IF2,193,-364.40853206789996
9,IF2,194,-382.4649289580026
9,IF2,195,-382.0375956667225
9,IF2,196,-378.5667262155713
9,IF2,197,-371.21270991455356
9,IF2,198,-372.0114362452516
9,IF2,199,-376.3038606192911
9,IF2,200,-383.4556424075838
9,IF2,201,-381.2361374262674
9,IF2,202,-371.620523919785
9,IF2,203,-376.6375847126363
9,IF2,204,-378.12502835249194
9,IF2,205,-371.74956051781925
9,IF2,206,-375.15914127293973
9,IF2,207,-368.2231038224808
9,IF2,208,-383.27113189441764
9,IF2,209,-381.5883581929063
9,IF2,210,-389.2983351847582
9,IF2,211,-372.9760177467372
9,IF2,212,-386.83802297375195
9,IF2,213,-376.8279248109137
9,IF2,214,-368.43690423172325
9,IF2,215,-375.2442624049789
9,IF2,216,-368.7720057073946
9,IF2,217,-375.35830019403664
9,IF2,218,-383.095123534959
9,IF2,219,-385.7762389087132
9,IF2,220,-372.02105838051165
9,IF2,221,-377.6287400744994
9,IF2,222,-380.474988440581
9,IF2,223,-376.9130172714236
9,IF2,224,-368.6388298630347
9,IF2,225,-374.711203321232
9,IF2,226,-378.5474224837968
9,IF2,227,-379.0554716405582
9,IF2,228,-368.4944559726895
9,IF2,229,-369.89438958501216
9,IF2,230,-374.55745286082606
9,IF2,231,-376.37808168211893
9,IF2,232,-377.37163930120255
9,IF2,233,-376.88304389473336
9,IF2,234,-384.4448952156248
9,IF2,235,-377.7758451681062
9,IF2,236,-390.343624218792
9,IF2,237,-383.3791277725349
9,IF2,238,-376.7115577854729
9,IF2,239,-368.36619156755967
9,IF2,240,-382.94604384363475
9,IF2,241,-380.239542692119
9,IF2,242,-380.867104259441
9,IF2,243,-371.44286421776627
9,IF2,244,-381.3593406639901
9,IF2,245,-367.2088285565809
9,IF2,246,-389.19169345236
9,IF2,247,-372.6746952464252
9,IF2,248,-371.94297556097786
9,IF2,249,-387.00128123985235
9,IF2,250,-386.4418011858578
9,IF2,251,-367.53277747199223
9,IF2,252,-369.89738375418654
9,IF2,253,-373.4107812929606
9,IF2,254,-393.2714042789127
9,IF2,255,-374.6306401728651
9,IF2,256,-375.274878036156
9,IF2,257,-389.3615674312012
9,IF2,258,-373.7539173654149
9,IF2,259,-375.59408832085046
9,IF2,260,-372.34177250291384
9,IF2,261,-387.411256334961
9,IF2,262,-380.63206877496464
9,IF2,263,-381.4287140639981
9,IF2,264,-386.97054808739966
9,IF2,265,-378.34338824001935
9,IF2,266,-370.0637052552031
9,IF2,267,-371.3104788923144
9,IF2,268,-384.24971318474456
9,IF2,269,-377.08626098942557
9,IF2,270,-389.07836758669947
9,IF2,271,-380.64233905249716
9,IF2,272,-385.13047135523095
9,IF2,273,-386.73992733943953
9,IF2,274,-390.54163588578615
9,IF2,275,-369.97453692103755
9,IF2,276,-381.09870050089256
9,IF2,277,-389.4099216718435
9,IF2,278,-383.40660153831175
9,IF2,279,-378.474894559608
9,IF2,280,-370.901626500557
9,IF2,281,-376.21166251777714
9,IF2,282,-368.123830672119
9,IF2,283,-377.87632593542304
9,IF2,284,-372.1639146443516
9,IF2,285,-379.35563929272905
9,IF2,286,-379.90133890266816
9,IF2,287,-373.49026868311705
9,IF2,288,-372.32901231669393
9,IF2,289,-389.02701695888936
9,IF2,290,-375.44987309641095
9,IF2,291,-369.54819466183466
9,IF2,292,-371.2086045531518
9,IF2,293,-382.7574743504068
9,IF2,294,-369.3304225616134
9,IF2,295,-388.0836926241844
9,IF2,296,-374.2339705565516
9,IF2,297,-382.25653611823725
9,IF2,298,-389.4012873270901
9,IF2,299,-364.35604523896995
9,IF2,300,-381.0090189822775
9,IF2,301,-387.8673708248429
9,IF2,302,-365.4935112223589
9,IF2,303,-386.07353784206316
9,IF2,304,-377.1043998879758
9,IF2,305,-366.60914459734215
9,IF2,306,-372.7885764501905
9,IF2,307,-382.4305774246359
9,IF2,308,-369.7191421861938
9,IF2,309,-382.36373160981196
9,IF2,310,-380.1224466994286
9,IF2,311,-371.93132230136797
9,IF2,312,-378.4592891861052
9,IF2,313,-378.5944164290846
9,IF2,314,-365.76577458677724
9,IF2,315,-376.6501805553372
9,IF2,316,-372.35718805792226
9,IF2,317,-377.19478246242267
9,IF2,318,-381.0632968285006
9,IF2,319,-372.8827774778111
9,IF2,320,-383.0725522775057
9,IF2,321,-374.4836362061243
9,IF2,322,-373.2514422214294
9,IF2,323,-374.4493916419709
9,IF2,324,-376.9119071164713
9,IF2,325,-376.58191659793005
9,IF2,326,-378.39755561819027
9,IF2,327,-372.30747397925785
9,IF2,328,-381.5873659768665
9,IF2,329,-380.0558619239383
9,IF2,330,-376.38111214985787
9,IF2,331,-383.3126178213586
9,IF2,332,-371.8987599731527
9,IF2,333,-375.21761510365405
9,IF2,334,-384.3943726469851
9,IF2,335,-375.39122182651863
9,IF2,336,-382.22026467870825
9,IF2,337,-377.6962749108124
9,IF2,338,-378.40722205528454
9,IF2,339,-384.43244166209706
9,IF2,340,-374.58971762120973
9,IF2,341,-383.55498356881293
9,IF2,342,-384.19324551034424
9,IF2,343,-378.7742950146134
9,IF2,344,-375.07787000209635
9,IF2,345,-380.0105384297928
9,IF2,346,-377.4104547137125
9,IF2,347,-375.4909666723631
9,IF2,348,-384.1227388552012
9,IF2,349,-395.750314832558
9,IF2,350,-360.36620259936797
9,IF2,351,-378.4785228978952
9,IF2,352,-385.1857506468811
9,IF2,353,-366.44851479010214
9,IF2,354,-380.1751830798613
9,IF2,355,-375.41506859464306
9,IF2,356,-371.1551753994844
9,IF2,357,-381.46864594255226
9,IF2,358,-376.4414642963935
9,IF2,359,-370.29568999016203
9,IF2,360,-372.58865302485253
9,IF2,361,-376.4438768705404
9,IF2,362,-382.21944470964945
9,IF2,363,-372.3133065018272
9,IF2,364,-368.18519521880694
9,IF2,365,-366.02530258695356
9,IF2,366,-378.45785068170517
9,IF2,367,-368.84101163335396
9,IF2,368,-375.0939954392016
9,IF2,369,-371.671024022878
9,IF2,370,-377.8466622295467
9,IF2,371,-382.29695696517894
9,IF2,372,-374.8424728523983
9,IF2,373,-375.0251723811766
9,IF2,374,-377.7343950053723
9,IF2,375,-378.76694200515936
9,IF2,376,-369.19084706029275
9,IF2,377,-372.10640330981755
9,IF2,378,-390.2679414367242
9,IF2,379,-375.2743955322156
9,IF2,380,-381.9423047504686
9,IF2,381,-382.03973707670525
9,IF2,382,-387.83688635789105
9,IF2,383,-377.8009553964355
9,IF2,384,-375.580997574469
9,IF2,385,-374.93682333900574
9,IF2,386,-369.81739999367176
9,IF2,387,-373.4445454003617
9,IF2,388,-367.6760087735229
9,IF2,389,-381.6122004277258
9,IF2,390,-379.0542778618637
9,IF2,391,-379.7022205480267
9,IF2,392,-381.6908326246021
9,IF2,393,-381.1503629271964
9,IF2,394,-382.46660036851637
9,IF2,395,-367.99876800249
9,IF2,396,-371.03093936425273
9,IF2,397,-377.12496641722765
9,IF2,398,-373.81228467148424
9,IF2,399,-380.56294501173124
9,IF2,400,-381.77893907460134
9,IF2,401,-376.5000437873316
9,IF2,402,-372.77868718446405
9,IF2,403,-380.28700409567693
9,IF2,404,-377.0670164379521
9,IF2,405,-379.0151562846957
9,IF2,406,-383.8574831462694
9,IF2,407,-376.418397948043
9,IF2,408,-372.77075989044386
9,IF2,409,-371.00166409341256
9,IF2,410,-372.0424661990085
9,IF2,411,-379.03154871461004
9,IF2,412,-372.01527459601573
9,IF2,413,-371.6329690149302
9,IF2,414,-387.2316487311742
9,IF2,415,-370.15510671941126
9,IF2,416,-378.85085355559244
9,IF2,417,-368.765841894367
9,IF2,418,-381.70584560715906
9,IF2,419,-366.5866781854871
9,IF2,420,-375.27845456558083
9,IF2,421,-392.47294975132826
9,IF2,422,-376.0460236975949
9,IF2,423,-360.6894298064541
9,IF2,424,-369.05260554444686
9,IF2,425,-375.1850195393113
9,IF2,426,-377.086776309203
9,IF2,427,-385.171860337337
9,IF2,428,-374.8375332798589
9,IF2,429,-367.5987010446807
9,IF2,430,-378.9730486551052
9,IF2,431,-376.51647286602145
9,IF2,432,-377.0981562231064
9,IF2,433,-373.74426888628614
9,IF2,434,-358.37333944923796
9,IF2,435,-385.7219972767722
9,IF2,436,-381.3217985349647
9,IF2,437,-379.26551010161444
9,IF2,438,-377.0390595296367
9,IF2,439,-372.1121190866696
9,IF2,440,-376.9086999574349
9,IF2,441,-375.93241572552984
9,IF2,442,-378.98043674608317
9,IF2,443,-372.2921555001882
9,IF2,444,-379.6095892587911
9,IF2,445,-381.5886885678986
9,IF2,446,-375.31288560201637
9,IF2,447,-375.4411198320364
9,IF2,448,-381.6680033540179
9,IF2,449,-381.32337761399356
9,IF2,450,-380.3519310032611
9,IF2,451,-378.43292555874405
9,IF2,452,-383.7835131712479
9,IF2,453,-377.2837602413993
9,IF2,454,-372.30461475077743
9,IF2,455,-371.71356273847175
9,IF2,456,-376.6702312522584
9,IF2,457,-374.35932393905875
9,IF2,458,-377.80906969865003
9,IF2,459,-373.0226192054449
9,IF2,460,-372.317344825229
9,IF2,461,-384.50242774926477
9,IF2,462,-373.98896358279325
9,IF2,463,-378.5645527176793
9,IF2,464,-377.36308648842567
9,IF2,465,-371.45126366155375
9,IF2,466,-391.53265588153715
9,IF2,467,-372.37101047515137
9,IF2,468,-370.12581403883996
9,IF2,469,-367.4899729704719
9,IF2,470,-378.40577901985756
9,IF2,471,-367.8992509773814
9,IF2,472,-383.7872195564822
9,IF2,473,-371.8926844301051
9,IF2,474,-374.26288870663024
9,IF2,475,-384.03048153186995
9,IF2,476,-375.04645565628454
9,IF2,477,-377.3192224666757
9,IF2,478,-383.416285079306
9,IF2,479,-385.0523594981034
9,IF2,480,-368.4571215424473
9,IF2,481,-380.2541852373818
9,IF2,482,-380.5823196284694
9,IF2,483,-374.5457286748895
9,IF2,484,-381.3013387137017
9,IF2,485,-377.78817719657735
9,IF2,486,-373.4695268598632
9,IF2,487,-375.63051823958136
9,IF2,488,-376.8427969483305
9,IF2,489,-377.228208018128
9,IF2,490,-394.3387318510198
9,IF2,491,-377.36939180220054
9,IF2,492,-391.7101830749975
9,IF2,493,-373.5974267963229
9,IF2,494,-378.4356609469251
9,IF2,495,-365.40107432894337
9,IF2,496,-378.40542738488244
9,IF2,497,-390.81891585166716
9,IF2,498,-377.549266218622
9,IF2,499,-363.9367758935883
9,IF2,500,-375.8081979645404
9,IF2,501,-374.3486599127043
9,IF2,502,-380.56337678066615
9,IF2,503,-374.13408979943887
9,IF2,504,-376.58728154269573
9,IF2,505,-369.8345799526543
9,IF2,506,-384.74929245156426
9,IF2,507,-369.0207889960849
9,IF2,508,-377.80129984229296
9,IF2,509,-385.7710790615114
9,IF2,510,-379.2334095365806
9,IF2,511,-380.71564650060833
9,IF2,512,-377.2407437521999
9,IF2,513,-372.6035715053743
9,IF2,514,-373.38449915785213
9,IF2,515,-376.25254934924806
9,IF2,516,-368.08423703036914
9,IF2,517,-372.1582344757201
9,IF2,518,-368.470381417736
9,IF2,519,-375.3145525283857
9,IF2,520,-378.91748095059216
9,IF2,521,-370.42641706829124
9,IF2,522,-366.77242314801475
9,IF2,523,-380.2593199945569
9,IF2,524,-381.32580284141716
9,IF2,525,-369.20634626803786
9,IF2,526,-390.2485794421833
9,IF2,527,-386.28648461504633
9,IF2,528,-383.7872835881938
9,IF2,529,-379.3916656667946
9,IF2,530,-376.6905378171442
9,IF2,531,-372.9180523058118
9,IF2,532,-369.0362677000399
9,IF2,533,-381.88073571861526
9,IF2,534,-383.46812305294566
9,IF2,535,-374.8489719876901
9,IF2,536,-370.0621040964494
9,IF2,537,-375.2777303156141
9,IF2,538,-378.9336247296164
9,IF2,539,-363.8785077623414
9,IF2,540,-370.67511902098676
9,IF2,541,-377.5236082092441
9,IF2,542,-380.2716446110701
9,IF2,543,-373.916905895006
9,IF2,544,-374.2552103886395
9,IF2,545,-377.5291997921201
9,IF2,546,-374.2199888644572
9,IF2,547,-380.5915368666411
9,IF2,548,-378.9714763891073
9,IF2,549,-383.1695787877836
9,IF2,550,-378.27331274152067
9,IF2,551,-367.6336529692005
9,IF2,552,-362.02006505487645
9,IF2,553,-384.7276929450281
9,IF2,554,-386.3638107324549
9,IF2,555,-378.9970898228521
9,IF2,556,-379.83334306659265
9,IF2,557,-376.4436786360536
9,IF2,558,-385.02922231900607
9,IF2,559,-371.9294148506455
9,IF2,560,-364.4691324281387
9,IF2,561,-384.4721341385868
9,IF2,562,-381.98777471529763
9,IF2,563,-380.67712255042073
9,IF2,564,-373.6896298693499
9,IF2,565,-378.0673122619651
9,IF2,566,-374.8153024654114
9,IF2,567,-380.1574315343903
9,IF2,568,-373.7839971765085
9,IF2,569,-375.3582293141501
9,IF2,570,-382.22403741885256
9,IF2,571,-373.8470986440679
9,IF2,572,-375.70869743261875
9,IF2,573,-378.46978335091075
9,IF2,574,-372.06531247102834
9,IF2,575,-379.14441031898
9,IF2,576,-374.74142790818144
9,IF2,577,-381.41514846151017
9,IF2,578,-381.60870557929996
9,IF2,579,-374.4919217809913
9,IF2,580,-372.5100797747858
9,IF2,581,-376.06108700320294
9,IF2,582,-372.9454043925546
9,IF2,583,-379.32260602603367
9,IF2,584,-373.4875231302115
9,IF2,585,-377.915344198077
9,IF2,586,-381.82804252994003
9,IF2,587,-378.31648991883105
9,IF2,588,-374.5711112140665
9,IF2,589,-386.5969866294643
9,IF2,590,-378.13112245427544
9,IF2,591,-374.6659215130966
9,IF2,592,-378.3526425861585
9,IF2,593,-383.033944574991
9,IF2,594,-385.53897027738924
9,IF2,595,-382.3353436695699
9,IF2,596,-381.67169261580335
9,IF2,597,-381.7917204343089
9,IF2,598,-382.06680415791317
9,IF2,599,-376.72444281687274
9,IFAD,0,-390.67344338173234
9,IFAD,1,-381.10564761305375
9,IFAD,2,-384.1339565861671
9,IFAD,3,-391.799221670686
9,IFAD,4,-389.748796651396
9,IFAD,5,-394.4964638014384
9,IFAD,6,-403.630519378658
9,IFAD,7,-403.2264695876594
9,IFAD,8,-394.3506645632652
9,IFAD,9,-379.0849140093508
9,IFAD,10,-371.06879899542366
9,IFAD,11,-389.1330755121601
9,IFAD,12,-391.44621601299673
9,IFAD,13,-394.44777780751605
9,IFAD,14,-380.09311960771925
9,IFAD,15,-403.28505988491435
9,IFAD,16,-377.32504778512686
9,IFAD,17,-388.5620652414237
9,IFAD,18,-390.5374954176221
9,IFAD,19,-395.64752626289555
9,IFAD,20,-380.4485185426383
9,IFAD,21,-385.34369771846843
9,IFAD,22,-386.03279915681776
9,IFAD,23,-391.48260000512886
9,IFAD,24,-395.44253800483233
9,IFAD,25,-381.0683729030676
9,IFAD,26,-381.16508299970565
9,IFAD,27,-390.62319977246506
9,IFAD,28,-386.0667165183666
9,IFAD,29,-374.5910336001899
9,IFAD,30,-406.23645198550975
9,IFAD,31,-391.9419748598228
9,IFAD,32,-373.62842642431934
9,IFAD,33,-384.14987494771896
9,IFAD,34,-397.3639217942095
9,IFAD,35,-392.75686921164026
9,IFAD,36,-384.9336975034453
9,IFAD,37,-383.73081862952773
9,IFAD,38,-379.37495009521945
9,IFAD,39,-390.3987778577729
9,IFAD,40,-367.35559035847695
9,IFAD,41,-396.09957670269085
9,IFAD,42,-383.4437921993318
9,IFAD,43,-378.8110504203806
9,IFAD,44,-387.5756745495401
9,IFAD,45,-375.82240371347575
9,IFAD,46,-379.30218826727577
9,IFAD,47,-382.6647786332999
9,IFAD,48,-392.9272278775607
9,IFAD,49,-378.0185711656784
9,IFAD,50,-382.80092726885226
9,IFAD,51,-382.41777902994437
9,IFAD,52,-389.93007735640583
9,IFAD,53,-389.08853632086084
9,IFAD,54,-371.87626441888443
9,IFAD,55,-387.3781421749016
9,IFAD,56,-386.1849016697221
9,IFAD,57,-376.2507603966934
9,IFAD,58,-385.79179799833264
9,IFAD,59,-392.7755533266597
9,IFAD,60,-382.27373379722775
9,IFAD,61,-378.02780656761485
9,IFAD,62,-384.11512989992787
9,IFAD,63,-398.83832649725576
9,IFAD,64,-382.01003366524805
9,IFAD,65,-380.26393228384217
9,IFAD,66,-386.72246344090314
9,IFAD,67,-385.4567070299854
9,IFAD,68,-382.76818255983983
9,IFAD,69,-402.2371358839335
9,IFAD,70,-406.5611369664115
9,IFAD,71,-379.799952864046
9,IFAD,72,-383.5723252907732
9,IFAD,73,-382.8871634006004
9,IFAD,74,-398.2434104334543
9,IFAD,75,-381.8225954309509
9,IFAD,76,-399.5546942239949
9,IFAD,77,-379.28487869763705
9,IFAD,78,-386.07752241165076
9,IFAD,79,-392.8154706794869
9,IFAD,80,-378.4089464070821
9,IFAD,81,-391.8655681203721
9,IFAD,82,-384.1371071246602
9,IFAD,83,-391.5501544380288
9,IFAD,84,-383.2125978995827
9,IFAD,85,-377.44300725755596
9,IFAD,86,-391.49335066639094
9,IFAD,87,-379.38901147878
9,IFAD,88,-383.23002192689484
9,IFAD,89,-382.04413305876045
9,IFAD,90,-396.33436174724443
9,IFAD,91,-400.0784040304627
9,IFAD,92,-394.9264349676613
9,IFAD,93,-400.82117049622644
9,IFAD,94,-388.95447716526706
9,IFAD,95,-384.142312947759
9,IFAD,96,-376.10359872049924
9,IFAD,97,-387.20794949857964
9,IFAD,98,-374.988411425721
9,IFAD,99,-401.3466172433595
9,IFAD,100,-387.8664393888406
9,IFAD,101,-384.1932793743833
9,IFAD,102,-380.1711182252317
9,IFAD,103,-384.2382293353284
9,IFAD,104,-368.5645249416572
9,IFAD,105,-376.20279861110583
9,IFAD,106,-364.20004143168995
9,IFAD,107,-372.7339349233394
9,IFAD,108,-386.7207490339436
9,IFAD,109,-385.54175079477443
9,IFAD,110,-376.7858567356365
9,IFAD,111,-372.00190028856207
9,IFAD,112,-372.00670725304957
9,IFAD,113,-389.1527089382441
9,IFAD,114,-382.18628120284797
9,IFAD,115,-379.5592961198358
9,IFAD,116,-390.22117063988054
9,IFAD,117,-391.9938490298242
9,IFAD,118,-372.6816964373102
9,IFAD,119,-372.67946610578554
9,IFAD,120,-378.76129116856265
9,IFAD,121,-370.0749851979344
9,IFAD,122,-379.4313307939765
9,IFAD,123,-382.93159943625255
9,IFAD,124,-366.94282373557076
9,IFAD,125,-375.36318112946384
9,IFAD,126,-373.1294865892237
9,IFAD,127,-380.00373880937076
9,IFAD,128,-373.35727963957027
9,IFAD,129,-370.2348421257933
9,IFAD,130,-376.044986795366
9,IFAD,131,-396.58848743965603
9,IFAD,132,-365.62374733160345
9,IFAD,133,-394.80645953712167
9,IFAD,134,-370.1702647068779
9,IFAD,135,-394.4005874094821
9,IFAD,136,-377.25393681359003
9,IFAD,137,-371.1832729310177
9,IFAD,138,-376.7058806863569
9,IFAD,139,-380.9994664348264
9,IFAD,140,-376.0741112809005
9,IFAD,141,-361.2012283811225
9,IFAD,142,-397.24196515084657
9,IFAD,143,-377.26847111948933
9,IFAD,144,-382.25164676143237
9,IFAD,145,-370.2978154914316
9,IFAD,146,-368.89686219072365
9,IFAD,147,-380.4140511221894
9,IFAD,148,-380.247638028494
9,IFAD,149,-376.58516154254556
9,IFAD,150,-380.7411083430068
9,IFAD,151,-390.62340379037704
9,IFAD,152,-372.587727667451
9,IFAD,153,-368.8599343189192
9,IFAD,154,-380.6438486527715
9,IFAD,155,-380.59370076614243
9,IFAD,156,-381.69973740808
9,IFAD,157,-374.3236203987053
9,IFAD,158,-372.19634328175783
9,IFAD,159,-375.9777020739541
9,IFAD,160,-387.45366929735354
9,IFAD,161,-380.5138247815832
9,IFAD,162,-369.78623891733463
9,IFAD,163,-388.09764346066197
9,IFAD,164,-384.07791202350023
9,IFAD,165,-379.5404814609968
9,IFAD,166,-378.31353319861825
9,IFAD,167,-371.31380705325
9,IFAD,168,-373.283843334223
9,IFAD,169,-377.327252588203
9,IFAD,170,-371.20228776255243
9,IFAD,171,-383.47791345557636
9,IFAD,172,-368.4367768630348
9,IFAD,173,-372.2497258537633
9,IFAD,174,-368.9275903937709
9,IFAD,175,-364.22028388458176
9,IFAD,176,-391.8177254833649
9,IFAD,177,-382.19714173562295
9,IFAD,178,-380.51207517004383
9,IFAD,179,-389.0090073892892
9,IFAD,180,-376.93344737338
9,IFAD,181,-373.9276907584582
9,IFAD,182,-372.07147329254434
9,IFAD,183,-382.1933512942289
9,IFAD,184,-369.6743035658025
9,IFAD,185,-373.41074809805525
9,IFAD,186,-370.9668614907639
9,IFAD,187,-377.41910307772224
9,IFAD,188,-388.9896840819416
9,IFAD,189,-379.82106022031246
9,IFAD,190,-373.3956253272983
9,IFAD,191,-397.0616134161085
9,IFAD,192,-368.3573767137972
9,IFAD,193,-382.35491937879175
9,IFAD,194,-384.2351660671997
9,IFAD,195,-383.12537112150113
9,IFAD,196,-383.0506503512181
9,IFAD,197,-381.9738990616121
9,IFAD,198,-376.17614135098825
9,IFAD,199,-366.30508798158155
9,IFAD,200,-361.896240325483
9,IFAD,201,-378.32377943312764
9,IFAD,202,-382.178622260637
9,IFAD,203,-378.61491020301617
9,IFAD,204,-370.55810343009034
9,IFAD,205,-381.97508266096526
9,IFAD,206,-384.51372715084415
9,IFAD,207,-368.54657170011046
9,IFAD,208,-378.20959264328
9,IFAD,209,-394.0560347892048
9,IFAD,210,-394.07162597344455
9,IFAD,211,-368.80982895943896
9,IFAD,212,-381.69048858107135
9,IFAD,213,-386.6097999544875
9,IFAD,214,-376.3906834615055
9,IFAD,215,-363.55461264411844
9,IFAD,216,-379.451633470768
9,IFAD,217,-379.9888521706987
9,IFAD,218,-367.25199186805736
9,IFAD,219,-374.28625136438654
9,IFAD,220,-377.47063271902084
9,IFAD,221,-377.4915225712027
9,IFAD,222,-372.93535790887785
9,IFAD,223,-371.19898503264113
9,IFAD,224,-370.1369048656403
9,IFAD,225,-379.7773659640298
9,IFAD,226,-382.39975465938994
9,IFAD,227,-373.3454569186792
9,IFAD,228,-371.61093568667013
9,IFAD,229,-376.0765252226384
9,IFAD,230,-370.65540968807625
9,IFAD,231,-367.42337943587654
9,IFAD,232,-377.59543759745264
9,IFAD,233,-371.97087323518815
9,IFAD,234,-366.87538398565016
9,IFAD,235,-372.89708780265545
9,IFAD,236,-377.3883611448106
9,IFAD,237,-373.82581099098445
9,IFAD,238,-372.00478980234914
9,IFAD,239,-374.7492963557918
9,IFAD,240,-379.9032363626905
9,IFAD,241,-382.98933404433996
9,IFAD,242,-375.89837865432594
9,IFAD,243,-380.8621062789973
9,IFAD,244,-378.02738990982994
9,IFAD,245,-376.84557696553304
9,IFAD,246,-373.92504735447517
9,IFAD,247,-378.2221718822095
9,IFAD,248,-369.91827078884126
9,IFAD,249,-370.2848869035294
9,IFAD,250,-375.2408422176392
9,IFAD,251,-378.9986141761685
9,IFAD,252,-376.0188493645707
9,IFAD,253,-384.1674691130201
9,IFAD,254,-380.9014501860407
9,IFAD,255,-359.17878710572484
9,IFAD,256,-371.1198243312866
9,IFAD,257,-375.4251568149125
9,IFAD,258,-369.46445871930547
9,IFAD,259,-375.19339732062195
9,IFAD,260,-372.843648784484
9,IFAD,261,-376.61198521194376
9,IFAD,262,-377.68995500873075
9,IFAD,263,-376.44862065374434
9,IFAD,264,-384.3509269378074
9,IFAD,265,-372.6026364975428
9,IFAD,266,-380.6115325735088
9,IFAD,267,-373.0462276516272
9,IFAD,268,-378.1507326739707
9,IFAD,269,-377.13807094094244
9,IFAD,270,-372.6374295036386
9,IFAD,271,-370.05387666723743
9,IFAD,272,-378.2020894497216
9,IFAD,273,-369.09744009061507
9,IFAD,274,-379.3704654723703
9,IFAD,275,-390.2631900774093
9,IFAD,276,-373.00193941275666
9,IFAD,277,-369.9090787269863
9,IFAD,278,-378.8092301732915
9,IFAD,279,-377.5487185913612
9,IFAD,280,-374.5314905175624
9,IFAD,281,-365.149698039116
9,IFAD,282,-374.36650582131597
9,IFAD,283,-382.29687503960696
9,IFAD,284,-376.9923446304754
9,IFAD,285,-367.47957105012375
9,IFAD,286,-365.7867881341591
9,IFAD,287,-387.46975949402514
9,IFAD,288,-386.93843267409585
9,IFAD,289,-376.1640633096506
9,IFAD,290,-382.3896595299214
9,IFAD,291,-374.22084270380157
9,IFAD,292,-386.2112673466539
9,IFAD,293,-373.4603254422637
9,IFAD,294,-366.9076731296714
9,IFAD,295,-374.87138007015375
9,IFAD,296,-366.36206786653645
9,IFAD,297,-381.5901663234958
9,IFAD,298,-374.9542889441887
9,IFAD,299,-380.5938800646697
9,IFAD,300,-361.7116558343108
9,IFAD,301,-381.8960244460925
9,IFAD,302,-372.23970070364606
9,IFAD,303,-374.7721567490737
9,IFAD,304,-389.17850906845337
9,IFAD,305,-374.78981592184874
9,IFAD,306,-387.80269858559694
9,IFAD,307,-375.2746259260615
9,IFAD,308,-375.49611553800486
9,IFAD,309,-378.20249302780843
9,IFAD,310,-375.3757098453933
9,IFAD,311,-372.94490662287603
9,IFAD,312,-371.84278541058615
9,IFAD,313,-378.3137222535705
9,IFAD,314,-365.6929327773027
9,IFAD,315,-378.56121713883516
9,IFAD,316,-378.1471765938829
9,IFAD,317,-375.60167089595706
9,IFAD,318,-374.2165802950166
9,IFAD,319,-386.71080219788143
9,IFAD,320,-381.07973447232166
9,IFAD,321,-378.84235188816706
9,IFAD,322,-365.0857942470942
9,IFAD,323,-370.8721003142738
9,IFAD,324,-387.1643551296858
9,IFAD,325,-373.3327622456948
9,IFAD,326,-372.62801355904594
9,IFAD,327,-368.8232244142146
9,IFAD,328,-372.8486859946659
9,IFAD,329,-373.03355328337
9,IFAD,330,-375.40346278694767
9,IFAD,331,-378.72523795661044
9,IFAD,332,-375.3298972468895
9,IFAD,333,-372.91115556856664
9,IFAD,334,-375.43756699587556
9,IFAD,335,-391.33716486789206
9,IFAD,336,-390.9930668246919
9,IFAD,337,-380.5415630880934
9,IFAD,338,-370.9395851943955
9,IFAD,339,-390.9897396080427
9,IFAD,340,-374.00143592495596
9,IFAD,341,-377.66448491078216
9,IFAD,342,-378.74331502051103
9,IFAD,343,-379.9461657493414
9,IFAD,344,-377.71665979416264
9,IFAD,345,-376.4401520140331
9,IFAD,346,-369.31878446048495
9,IFAD,347,-380.7408277536518
9,IFAD,348,-377.4996067993621
9,IFAD,349,-374.7496578645076
9,IFAD,350,-380.00468106347375
9,IFAD,351,-378.9704893231732
9,IFAD,352,-370.8964918177592
9,IFAD,353,-374.20641282084534
9,IFAD,354,-376.93380676115754
9,IFAD,355,-375.41370567855034
9,IFAD,356,-376.89343946997394
9,IFAD,357,-376.5446000585236
9,IFAD,358,-377.82944521673215
9,IFAD,359,-359.98441296043796
9,IFAD,360,-374.60679348497604
9,IFAD,361,-380.5256951398326
9,IFAD,362,-370.70752669332137
9,IFAD,363,-370.02249313685627
9,IFAD,364,-380.1924960430318
9,IFAD,365,-380.9572993104486
9,IFAD,366,-377.71994746898616
9,IFAD,367,-378.91979408219856
9,IFAD,368,-385.3035476386471
9,IFAD,369,-379.93518912168827
9,IFAD,370,-367.8065775019932
9,IFAD,371,-395.24605581681107
9,IFAD,372,-368.6234345619729
9,IFAD,373,-376.45743427975316
9,IFAD,374,-369.0979174006759
9,IFAD,375,-383.6719300288815
9,IFAD,376,-371.3631845135815
9,IFAD,377,-383.7384939690978
9,IFAD,378,-379.33742386497994
9,IFAD,379,-389.13874294625987
9,IFAD,380,-376.42092446932224
9,IFAD,381,-385.3045620576594
9,IFAD,382,-374.89694359751735
9,IFAD,383,-384.6206703960303
9,IFAD,384,-376.6081477876757
9,IFAD,385,-371.10154553154064
9,IFAD,386,-372.36746779599395
9,IFAD,387,-369.7947185932287
9,IFAD,388,-380.4932014415101
9,IFAD,389,-378.92248415499273
9,IFAD,390,-377.0104665206284
9,IFAD,391,-373.16063012517367
9,IFAD,392,-387.0547334619957
9,IFAD,393,-377.7798132447093
9,IFAD,394,-374.3390692149714
9,IFAD,395,-374.0782309899906
9,IFAD,396,-363.59991197196575
9,IFAD,397,-382.4477806376984
9,IFAD,398,-366.3708976617696
9,IFAD,399,-385.29111035591797
10,IF2,0,-384.3672612570223
10,IF2,1,-389.03960900839746
10,IF2,2,-387.5356258504633
10,IF2,3,-381.50056945921915
10,IF2,4,-376.83775036617396
10,IF2,5,-382.73527805615396
10,IF2,6,-389.26940528476706
10,IF2,7,-386.7019369748691
10,IF2,8,-387.97328913994323
10,IF2,9,-407.2925244679569
10,IF2,10,-410.4279473141261
10,IF2,11,-409.3951611372431
10,IF2,12,-416.49734380771
10,IF2,13,-444.08750675501994
10,IF2,14,-418.8689512516304
10,IF2,15,-395.6131040492069
10,IF2,16,-392.46879220781904
10,IF2,17,-399.6437524147773
10,IF2,18,-372.70109309150166
10,IF2,19,-370.91678495595795
10,IF2,20,-403.7063906745402
10,IF2,21,-375.1799314534472
10,IF2,22,-385.7797172884323
10,IF2,23,-378.75890305964185
10,IF2,24,-379.2591145572118
10,IF2,25,-383.28751448066004
10,IF2,26,-378.58486283110955
10,IF2,27,-371.68104174372525
10,IF2,28,-383.4398033479013
10,IF2,29,-371.89869702921516
10,IF2,30,-384.622130907293
10,IF2,31,-378.5724618407423
10,IF2,32,-373.6942412291052
10,IF2,33,-374.6206840495183
10,IF2,34,-376.25512123515875
10,IF2,35,-392.6519637887547
10,IF2,36,-415.9060387930599
10,IF2,37,-416.3804954129267
10,IF2,38,-416.19442516189537
10,IF2,39,-400.35960059201835
10,IF2,40,-406.2120644821416
10,IF2,41,-385.8349741634439
10,IF2,42,-402.10417455171495
10,IF2,43,-395.79907072258396
10,IF2,44,-409.9553124031069
10,IF2,45,-388.0073033364093
10,IF2,46,-385.20128288109925
10,IF2,47,-373.6058521873741
10,IF2,48,-372.1094181651216
10,IF2,49,-378.8461874050345
10,IF2,50,-377.47098913419603
10,IF2,51,-385.4290890712795
10,IF2,52,-389.92092640350546
10,IF2,53,-377.9545108369751
10,IF2,54,-380.5245188998161
10,IF2,55,-371.69539265918496
10,IF2,56,-382.20013064537227
10,IF2,57,-379.503170019505
10,IF2,58,-385.24838652584384
10,IF2,59,-371.17857364394894
10,IF2,60,-381.76994571126585
10,IF2,61,-360.83266236178923
10,IF2,62,-392.6829219587987
10,IF2,63,-388.29763069396955
10,IF2,64,-376.96182154605475
10,IF2,65,-380.78896665817916
10,IF2,66,-375.75906365861033
10,IF2,67,-386.33250871012245
10,IF2,68,-381.34373481500944
10,IF2,69,-388.3210498399148
10,IF2,70,-381.08213619162075
10,IF2,71,-372.40840322919007
10,IF2,72,-383.7991953886956
10,IF2,73,-376.81622603967685
10,IF2,74,-381.00385613491363
10,IF2,75,-385.8273221751671
10,IF2,76,-399.51653406666173
10,IF2,77,-390.8795735293258
10,IF2,78,-385.0487463329831
10,IF2,79,-382.5092192223655
10,IF2,80,-385.6501588077551
10,IF2,81,-374.6724447047495
10,IF2,82,-375.96111398836433
10,IF2,83,-392.58856450472075
10,IF2,84,-392.64800814966594
10,IF2,85,-384.2864152650392
10,IF2,86,-407.91439672815386
10,IF2,87,-399.46049947277487
10,IF2,88,-377.6140275872426
10,IF2,89,-380.43309852365115
10,IF2,90,-392.8289402978015
10,IF2,91,-390.03691223863217
10,IF2,92,-380.8696672434056
10,IF2,93,-389.00940446291276
10,IF2,94,-387.1643310023451
10,IF2,95,-390.9754738091052
10,IF2,96,-405.2039508882175
10,IF2,97,-405.9811968035196
10,IF2,98,-407.27929466607577
10,IF2,99,-406.0948494700771
10,IF2,100,-415.15068961156254
10,IF2,101,-388.46703777200787
10,IF2,102,-413.68667594066625
10,IF2,103,-413.70698896543735
10,IF2,104,-390.2468140766163
10,IF2,105,-398.737152571441
10,IF2,106,-385.6537830427109
10,IF2,107,-405.5808276352418
10,IF2,108,-389.53432168072226
10,IF2,109,-372.6954887063862
10,IF2,110,-389.93775706477044
10,IF2,111,-396.12851187400906
10,IF2,112,-407.65721055451644
10,IF2,113,-367.18342944243227
10,IF2,114,-377.0755760334415
10,IF2,115,-401.4341780565849
10,IF2,116,-387.7093995136441
10,IF2,117,-389.98822603415755
10,IF2,118,-374.2266179679509
10,IF2,119,-392.34857543887296
10,IF2,120,-370.4036330089866
10,IF2,121,-370.71003190005746
10,IF2,122,-378.77185182900683
10,IF2,123,-379.7492071054264
10,IF2,124,-387.87802260767006
10,IF2,125,-373.81065328830766
10,IF2,126,-390.66256838969207
10,IF2,127,-369.5532229365155
10,IF2,128,-371.9752388210203
10,IF2,129,-375.760602888472
10,IF2,130,-382.4384768252871
10,IF2,131,-377.2207337479758
10,IF2,132,-377.4019557017414
10,IF2,133,-383.65703552862914
10,IF2,134,-376.90914085023087
10,IF2,135,-383.3150419648498
10,IF2,136,-377.2071695494782
10,IF2,137,-381.69979043923945
10,IF2,138,-380.6234141698495
10,IF2,139,-369.26328466797986
10,IF2,140,-376.8626907157009
10,IF2,141,-383.0334312806788
10,IF2,142,-383.23693047346495
10,IF2,143,-376.8422824617964
10,IF2,144,-384.714291316283
10,IF2,145,-374.14716588165123
10,IF2,146,-369.46019337966476
10,IF2,147,-378.33553459113534
10,IF2,148,-369.64258378777015
10,IF2,149,-381.9410873914826
10,IF2,150,-384.9488213439656
10,IF2,151,-372.26983418667777
10,IF2,152,-372.51148524823515
10,IF2,153,-379.21344563219134
10,IF2,154,-379.09697532931506
10,IF2,155,-391.7915584875135
10,IF2,156,-389.7365604362771
10,IF2,157,-376.82245606941484
10,IF2,158,-367.31792407759025
10,IF2,159,-364.7458305728874
10,IF2,160,-383.99663855659554
10,IF2,161,-387.81212011426004
10,IF2,162,-398.79101131049265
10,IF2,163,-374.44966656022086
10,IF2,164,-389.5118186981563
10,IF2,165,-394.2829638398539
10,IF2,166,-380.7831884727629
10,IF2,167,-377.5096784682263
10,IF2,168,-381.12907070306954
10,IF2,169,-390.8071922440436
10,IF2,170,-378.7760129951789
10,IF2,171,-385.94830660111796
10,IF2,172,-373.33586141318807
10,IF2,173,-388.65389464121193
10,IF2,174,-371.67422601438255
10,IF2,175,-382.34562911002854
10,IF2,176,-389.6774825002031
10,IF2,177,-377.6949007754142
10,IF2,178,-368.56312714203193
10,IF2,179,-383.6889593303619
10,IF2,180,-379.4551022166699
10,IF2,181,-382.9590992933397
10,IF2,182,-401.4067204496195
10,IF2,183,-384.5339631602753
10,IF2,184,-383.22450975230777
10,IF2,185,-382.37557239194587
10,IF2,186,-389.9107367269328
10,IF2,187,-381.12210538362257
10,IF2,188,-386.884816508801
10,IF2,189,-388.19057937181753
10,IF2,190,-385.12066386547195
10,IF2,191,-395.19605664465115
10,IF2,192,-386.2906000558229
10,IF2,193,-375.38290044636375
10,IF2,194,-376.99414227222735
10,IF2,195,-390.3665935475599
10,IF2,196,-383.7829740784771
10,IF2,197,-384.3789475384173
10,IF2,198,-385.8945325973475
10,IF2,199,-387.92263812416985
10,IF2,200,-382.0958771988847
10,IF2,201,-389.72734698938575
10,IF2,202,-383.8375676296699
10,IF2,203,-377.8064428445766
10,IF2,204,-388.2314515373065
10,IF2,205,-382.5141235680297
10,IF2,206,-375.70851419039474
10,IF2,207,-380.6408324013476
10,IF2,208,-386.5389015012838
10,IF2,209,-375.67406898071675
10,IF2,210,-386.5897828646271
10,IF2,211,-369.760815558486
10,IF2,212,-388.70631463533687
10,IF2,213,-380.89745424301907
10,IF2,214,-382.0085301238277
10,IF2,215,-378.2511275420427
10,IF2,216,-385.537675824283
10,IF2,217,-383.9316044435007
10,IF2,218,-381.6311340466461
10,IF2,219,-383.74869041622856
10,IF2,220,-378.4823132911638
10,IF2,221,-386.5609337213002
10,IF2,222,-389.7776584333547
10,IF2,223,-384.4420502140555
10,IF2,224,-384.5040686502362
10,IF2,225,-384.1448561603249
10,IF2,226,-380.0597568093295
10,IF2,227,-372.6103917130953
10,IF2,228,-381.23308946302103
10,IF2,229,-393.96750456572346
10,IF2,230,-374.2040369014419
10,IF2,231,-380.4193869694416
10,IF2,232,-376.3250543722848
10,IF2,233,-404.4010522393979
10,IF2,234,-377.8290946825753
10,IF2,235,-388.49895767915666
10,IF2,236,-396.0920500215771
10,IF2,237,-366.75506629089153
10,IF2,238,-389.6398531763493
10,IF2,239,-388.80271058059935
10,IF2,240,-385.26005076854545
10,IF2,241,-377.849526366466
10,IF2,242,-387.8537074743686
10,IF2,243,-381.7076702492166
10,IF2,244,-395.29675589489483
10,IF2,245,-394.35357391098285
10,IF2,246,-383.02750102040517
10,IF2,247,-395.1257579035017
10,IF2,248,-384.6967106088661
10,IF2,249,-386.7778970849557
10,IF2,250,-390.2500690917699
10,IF2,251,-395.56781091187054
10,IF2,252,-388.52144572178815
10,IF2,253,-386.93372006331975
10,IF2,254,-384.5889186326704
10,IF2,255,-375.37308256562034
10,IF2,256,-404.17422905181934
10,IF2,257,-392.03744202844354
10,IF2,258,-376.69095121994866
10,IF2,259,-396.0834174852887
10,IF2,260,-391.0487076745694
10,IF2,261,-392.6263422985467
10,IF2,262,-396.68573007149536
10,IF2,263,-400.60848378994416
10,IF2,264,-387.1689470371499
10,IF2,265,-404.6963857244564
10,IF2,266,-386.3222735513992
10,IF2,267,-394.6464608439742
10,IF2,268,-391.6544926073683
10,IF2,269,-378.7995020695695
10,IF2,270,-391.70157406540056
10,IF2,271,-393.5076932888891
10,IF2,272,-383.4641217010418
10,IF2,273,-390.79772816830666
10,IF2,274,-393.87265443395836
10,IF2,275,-401.4817508657238
10,IF2,276,-396.65370392127676
10,IF2,277,-382.2326793433862
10,IF2,278,-393.0577128917602
10,IF2,279,-382.82554745030296
10,IF2,280,-393.2230669931315
10,IF2,281,-375.84959593571415
10,IF2,282,-392.8729283346027
10,IF2,283,-387.51886500444
10,IF2,284,-388.07131970522005
10,IF2,285,-394.9007383248142
10,IF2,286,-392.37853212493275
10,IF2,287,-397.12454126166733
10,IF2,288,-395.57694947119774
10,IF2,289,-388.2682950336278
10,IF2,290,-394.3826128235288
10,IF2,291,-384.3847421074511
10,IF2,292,-390.10446587107725
10,IF2,293,-388.8214832888946
10,IF2,294,-391.9433601454966
10,IF2,295,-383.7488578084441
10,IF2,296,-386.8821892176321
10,IF2,297,-390.88254553024007
10,IF2,298,-395.9580348954376
10,IF2,299,-399.14164459124146
10,IF2,300,-394.43165178968763
10,IF2,301,-383.75051482128794
10,IF2,302,-388.2236650914273
10,IF2,303,-406.1993281230814
10,IF2,304,-389.7025028593583
10,IF2,305,-394.9077749632891
10,IF2,306,-386.47817775808494
10,IF2,307,-392.77148648244145
10,IF2,308,-383.03807286339344
10,IF2,309,-408.0140034898681
10,IF2,310,-375.41449943628726
10,IF2,311,-372.34845060986834
10,IF2,312,-389.5352701826438
10,IF2,313,-404.04432840156375
10,IF2,314,-387.1210096240343
10,IF2,315,-387.6578910272517
10,IF2,316,-382.62348013250966
10,IF2,317,-398.90904868395984
10,IF2,318,-401.7416676330415
10,IF2,319,-396.6117206050431
10,IF2,320,-397.0586539587582
10,IF2,321,-399.37919702378315
10,IF2,322,-397.75403263458986
10,IF2,323,-398.28220385838324
10,IF2,324,-397.2585288310012
10,IF2,325,-402.21876944903096
10,IF2,326,-391.2072512041018
10,IF2,327,-410.02134474657555
10,IF2,328,-395.7973976396161
10,IF2,329,-396.8640386346534
10,IF2,330,-386.9129514450447
10,IF2,331,-391.61518729934926
10,IF2,332,-385.83603463417364
10,IF2,333,-388.4162243952571
10,IF2,334,-398.7528456210908
10,IF2,335,-394.1517007290208
10,IF2,336,-384.588239383719
10,IF2,337,-395.174375356214
10,IF2,338,-400.55030853676277
10,IF2,339,-400.6034172609066
10,IF2,340,-380.71217607412564
10,IF2,341,-391.3204522856195
10,IF2,342,-382.1649246983165
10,IF2,343,-382.66237510217337
10,IF2,344,-392.97502242017714
10,IF2,345,-392.61403750982015
10,IF2,346,-376.63274766863293
10,IF2,347,-396.00550822828814
10,IF2,348,-376.8767042290783
10,IF2,349,-382.1204932365089
10,IF2,350,-387.5716535474897
10,IF2,351,-390.4406059379454
10,IF2,352,-374.36311666723634
10,IF2,353,-381.80404044823683
10,IF2,354,-374.98021871686905
10,IF2,355,-394.44600174307516
10,IF2,356,-410.6520622964621
10,IF2,357,-393.44285455467303
10,IF2,358,-389.293093930843
10,IF2,359,-393.21615959398497
10,IF2,360,-378.3319673094077
10,IF2,361,-386.9684228417833
10,IF2,362,-393.9242321321825
10,IF2,363,-402.31496743797607
10,IF2,364,-403.59487998944684
10,IF2,365,-391.5709548920874
10,IF2,366,-398.88589181874005
10,IF2,367,-389.79644750482254
10,IF2,368,-393.29168093804554
10,IF2,369,-387.38613718778373
10,IF2,370,-392.6566457857602
10,IF2,371,-388.1369113297899
10,IF2,372,-394.2205171073406
10,IF2,373,-387.7408687091266
10,IF2,374,-386.095382758489
10,IF2,375,-384.15263407905337
10,IF2,376,-399.25518842822737
10,IF2,377,-387.2528838148188
10,IF2,378,-386.7607921004318
10,IF2,379,-384.08100585513495
10,IF2,380,-391.3520890799022
10,IF2,381,-389.43239245900634
10,IF2,382,-383.3158515290371
10,IF2,383,-383.67942169260994
10,IF2,384,-374.1344532134993
10,IF2,385,-387.90826258790275
10,IF2,386,-372.92703779377007
10,IF2,387,-385.58855742051304
10,IF2,388,-385.897555120338
10,IF2,389,-386.7274640177245
10,IF2,390,-388.8399594437431
10,IF2,391,-399.53514152825977
10,IF2,392,-393.1085512781493
10,IF2,393,-389.49546825917264
10,IF2,394,-385.9109811416438
10,IF2,395,-393.14259820922484
10,IF2,396,-380.0380928228843
10,IF2,397,-380.28400587982236
10,IF2,398,-392.07384221666507
10,IF2,399,-386.4921803719269
10,IF2,400,-392.68444147683226
10,IF2,401,-390.09337678111973
10,IF2,402,-403.0304776397622
10,IF2,403,-392.18110496818383
10,IF2,404,-390.325548012971
10,IF2,405,-388.4284319184168
10,IF2,406,-390.385722320481
10,IF2,407,-396.4679130985045
10,IF2,408,-377.7638962998037
10,IF2,409,-390.91165843950824
10,IF2,410,-394.50563470046205
10,IF2,411,-400.7319392440058
10,IF2,412,-382.0863324863519
10,IF2,413,-404.2412824853181
10,IF2,414,-406.64269915354646
10,IF2,415,-398.65668932213526
10,IF2,416,-399.13679817614866
10,IF2,417,-401.8897202499912
10,IF2,418,-383.8226263531247
10,IF2,419,-383.0709552895741
10,IF2,420,-385.07728705239225
10,IF2,421,-389.6432904575873
10,IF2,422,-387.13740488710636
10,IF2,423,-392.73269700214547
10,IF2,424,-387.4764092915866
10,IF2,425,-389.4730574302578
10,IF2,426,-387.671186796072
10,IF2,427,-391.70429568447673
10,IF2,428,-395.19753695875477
10,IF2,429,-396.57572239363833
10,IF2,430,-398.1944529143302
10,IF2,431,-392.1040104819221
10,IF2,432,-388.53626574909913
10,IF2,433,-379.72346260876975
10,IF2,434,-386.945868306551
10,IF2,435,-403.2887005433652
10,IF2,436,-396.08621754167626
10,IF2,437,-385.41949545606616
10,IF2,438,-383.83653124207484
10,IF2,439,-381.98096420392375
10,IF2,440,-392.99959133387705
10,IF2,441,-385.48974684049165
10,IF2,442,-402.44722205441883
10,IF2,443,-384.74714753849844
10,IF2,444,-399.2439795760485
10,IF2,445,-398.8570497961403
10,IF2,446,-379.03937191289185
10,IF2,447,-396.9205311185448
10,IF2,448,-396.47855897148725
10,IF2,449,-395.9140595582963
10,IF2,450,-400.8426772784376
10,IF2,451,-389.1309372251411
10,IF2,452,-393.1550514609912
10,IF2,453,-381.07974125024936
10,IF2,454,-387.17007409067793
10,IF2,455,-385.8553736810636
10,IF2,456,-405.8683736095966
10,IF2,457,-397.8693653600104
10,IF2,458,-388.9777164883655
10,IF2,459,-387.16258014002267
10,IF2,460,-389.8151773508182
10,IF2,461,-389.6064136545047
10,IF2,462,-383.52493369081117
10,IF2,463,-386.8031625221265
10,IF2,464,-389.29385173456916
10,IF2,465,-404.15791161838484
10,IF2,466,-396.9938254452805
10,IF2,467,-389.6380190473421
10,IF2,468,-386.0252833120394
10,IF2,469,-398.10572735124106
10,IF2,470,-387.10079411304633
10,IF2,471,-403.6678864233484
10,IF2,472,-391.2956533695737
10,IF2,473,-380.928019450726
10,IF2,474,-384.8331229342364
10,IF2,475,-394.11574460409685
10,IF2,476,-385.9193477785527
10,IF2,477,-410.53083726403355
10,IF2,478,-384.5963164716444
10,IF2,479,-389.43617577368616
10,IF2,480,-411.04017660236883
10,IF2,481,-403.67579330638176
10,IF2,482,-397.3187662637043
10,IF2,483,-394.2171997814737
10,IF2,484,-402.3586637752853
10,IF2,485,-392.7417038750434
10,IF2,486,-393.7840715317171
10,IF2,487,-392.67110103231363
10,IF2,488,-369.9164850111536
10,IF2,489,-386.955891603962
10,IF2,490,-409.58555484503495
10,IF2,491,-384.9147111435212
10,IF2,492,-394.2030895102629
10,IF2,493,-398.9476333214013
10,IF2,494,-397.4101000985602
10,IF2,495,-386.5284298680515
10,IF2,496,-397.50333804219036
10,IF2,497,-384.223164257126
10,IF2,498,-402.30896889835645
10,IF2,499,-386.2216368606373
10,IF2,500,-399.5982276561966
10,IF2,501,-391.3588495847342
10,IF2,502,-399.8589161192473
10,IF2,503,-387.42752288365574
10,IF2,504,-393.43335501241216
10,IF2,505,-391.7028886129661
10,IF2,506,-402.9548962990882
10,IF2,507,-393.98208390079793
10,IF2,508,-388.3393086306037
10,IF2,509,-384.98865155175577
10,IF2,510,-391.1033997689148
10,IF2,511,-385.54878870784853
10,IF2,512,-395.7494726750165
10,IF2,513,-396.1632913125705
10,IF2,514,-401.6983874309009
10,IF2,515,-392.4671969616519
10,IF2,516,-382.8402278982075
10,IF2,517,-380.1009047103902
10,IF2,518,-401.76146813749295
10,IF2,519,-385.94414051315385
10,IF2,520,-397.9242645585924
10,IF2,521,-394.7329537623168
10,IF2,522,-395.7579805911777
10,IF2,523,-406.954469026061
10,IF2,524,-381.0841900792649
10,IF2,525,-399.43398744098783
10,IF2,526,-398.77212835965634
10,IF2,527,-390.2279336993893
10,IF2,528,-376.540865166505
10,IF2,529,-384.5724375187693
10,IF2,530,-401.469921736829
10,IF2,531,-388.55417487026466
10,IF2,532,-388.20655310574534
10,IF2,533,-399.00127027882723
10,IF2,534,-388.8486347512558
10,IF2,535,-396.80070408492077
10,IF2,536,-400.41021775487764
10,IF2,537,-380.53022819513575
10,IF2,538,-388.306634775462
10,IF2,539,-387.30687578644324
10,IF2,540,-390.5907587976005
10,IF2,541,-384.36357516372016
10,IF2,542,-382.9149426566423
10,IF2,543,-397.594902434152
10,IF2,544,-395.74550817594
10,IF2,545,-390.0047868000737
10,IF2,546,-385.80245778247655
10,IF2,547,-393.35871309409896
10,IF2,548,-393.65457826417867
10,IF2,549,-394.998384276233
10,IF2,550,-384.73070906284045
10,IF2,551,-413.00754291521514
10,IF2,552,-398.80332707126604
10,IF2,553,-398.5069459952728
10,IF2,554,-403.89180194399074
10,IF2,555,-384.07741548924463
10,IF2,556,-397.8286118314775
10,IF2,557,-388.7035117835029
10,IF2,558,-395.4084329076759
10,IF2,559,-396.1963559443659
10,IF2,560,-396.3099277727822
10,IF2,561,-395.74874447250363
10,IF2,562,-401.1332710453639
10,IF2,563,-397.9566628735757
10,IF2,564,-392.62990032775673
10,IF2,565,-401.1261601163517
10,IF2,566,-381.63980861156057
10,IF2,567,-404.61579879367486
10,IF2,568,-391.4672749849497
10,IF2,569,-394.4835472049197
10,IF2,570,-389.78220344306914
10,IF2,571,-394.10174845543037
10,IF2,572,-390.402681412233
10,IF2,573,-396.7792568151073
10,IF2,574,-406.11920549868
10,IF2,575,-396.2109481444618
10,IF2,576,-384.79883460924054
10,IF2,577,-400.41618719364544
10,IF2,578,-385.41791512279383
10,IF2,579,-397.6670807389444
10,IF2,580,-385.6008834853302
10,IF2,581,-382.9092282125811
10,IF2,582,-388.3489340377915
10,IF2,583,-392.948532371748
10,IF2,584,-396.21551314229805
10,IF2,585,-390.1115009799044
10,IF2,586,-396.06951985956374
10,IF2,587,-395.0505430921192
10,IF2,588,-388.1506152844425
10,IF2,589,-393.3520708464621
10,IF2,590,-395.32711258786
10,IF2,591,-386.57112607310034
10,IF2,592,-387.35601823072477
10,IF2,593,-385.4545897151714
10,IF2,594,-386.7691973076576
10,IF2,595,-396.3962844236654
10,IF2,596,-381.28731443068574
10,IF2,597,-400.43090932037904
10,IF2,598,-389.60194307179523
10,IF2,599,-391.3868069836151
10,IFAD,0,-429.044739897388
10,IFAD,1,-388.4578962429861
10,IFAD,2,-378.96158437158294
10,IFAD,3,-372.38947394467783
10,IFAD,4,-375.35819238663066
10,IFAD,5,-387.4812177265311
10,IFAD,6,-391.97681060310293
10,IFAD,7,-368.62516419074836
10,IFAD,8,-387.0029853607082
10,IFAD,9,-375.4682096168608
10,IFAD,10,-382.7702245801835
10,IFAD,11,-373.6089645417484
10,IFAD,12,-390.04734012546464
10,IFAD,13,-395.4584913606527
10,IFAD,14,-382.32383519056225
10,IFAD,15,-381.685294427401
10,IFAD,16,-401.4800502175375
10,IFAD,17,-418.9863007642423
10,IFAD,18,-388.37152304005235
10,IFAD,19,-377.3822999527544
10,IFAD,20,-372.3435862839306
10,IFAD,21,-384.4366902749077
10,IFAD,22,-382.0106118057498
10,IFAD,23,-378.73227009641613
10,IFAD,24,-377.4233501981808
10,IFAD,25,-420.61552649234653
10,IFAD,26,-406.6241932096599
10,IFAD,27,-401.2360641586399
10,IFAD,28,-406.4716639233581
10,IFAD,29,-385.0938296837334
10,IFAD,30,-392.16734718510685
10,IFAD,31,-389.8562969676745
10,IFAD,32,-403.58903043274177
10,IFAD,33,-389.3190221100023
10,IFAD,34,-393.6342408270566
10,IFAD,35,-384.9268045592144
10,IFAD,36,-379.95926790164987
10,IFAD,37,-366.36290726464455
10,IFAD,38,-385.57542797686403
10,IFAD,39,-378.9463091048362
10,IFAD,40,-377.17136402486165
10,IFAD,41,-389.23607515625383
10,IFAD,42,-410.639128215438
10,IFAD,43,-396.78492508448625
10,IFAD,44,-403.93493292735087
10,IFAD,45,-421.632371438397
10,IFAD,46,-424.9636356544575
10,IFAD,47,-416.1616533035718
10,IFAD,48,-413.21796616548545
10,IFAD,49,-424.55427070298134
10,IFAD,50,-423.2478122479382
10,IFAD,51,-421.42811500072037
10,IFAD,52,-407.4472286633188
10,IFAD,53,-398.2003961278324
10,IFAD,54,-405.20516848991065
10,IFAD,55,-418.3852675074343
10,IFAD,56,-441.7996142835637
10,IFAD,57,-445.016935786185
10,IFAD,58,-437.763266370664
10,IFAD,59,-444.659640461569
10,IFAD,60,-431.970420994618
10,IFAD,61,-401.8300244995766
10,IFAD,62,-406.07200277555086
10,IFAD,63,-409.4812370461653
10,IFAD,64,-392.5938920848883
10,IFAD,65,-412.4760681338157
10,IFAD,66,-395.52956814004466
10,IFAD,67,-403.7697385043004
10,IFAD,68,-399.59331253051147
10,IFAD,69,-399.9970077354991
10,IFAD,70,-397.84768536496034
10,IFAD,71,-440.19673368899015
10,IFAD,72,-444.800705769437
10,IFAD,73,-422.4857046367753
10,IFAD,74,-419.1140881498042
10,IFAD,75,-422.20458090983743
10,IFAD,76,-396.3063617611697
10,IFAD,77,-404.57313446488735
10,IFAD,78,-411.81109976394396
10,IFAD,79,-398.0514149335627
10,IFAD,80,-402.59313618879395
10,IFAD,81,-411.72279660995815
10,IFAD,82,-388.3129265538324
10,IFAD,83,-386.02666516594564
10,IFAD,84,-372.63887095104593
10,IFAD,85,-389.91809774767177
10,IFAD,86,-389.3836341172385
10,IFAD,87,-388.190301024025
10,IFAD,88,-374.09679824772445
10,IFAD,89,-380.9530172557567
10,IFAD,90,-392.73378907736225
10,IFAD,91,-361.0064481979823
10,IFAD,92,-366.2893945787789
10,IFAD,93,-386.67394920497367
10,IFAD,94,-374.7555492736819
10,IFAD,95,-390.2869595196466
10,IFAD,96,-383.826738888089
10,IFAD,97,-373.1832540285742
10,IFAD,98,-369.1298239429045
10,IFAD,99,-370.36280148708664
10,IFAD,100,-376.4535224384342
10,IFAD,101,-372.45693834430875
10,IFAD,102,-375.02514182521094
10,IFAD,103,-375.69760357749897
10,IFAD,104,-381.01154728328527
10,IFAD,105,-377.777549666801
10,IFAD,106,-370.54965851999356
10,IFAD,107,-385.2603363484448
10,IFAD,108,-367.3553766562334
10,IFAD,109,-374.9562205188261
10,IFAD,110,-376.82862057928816
10,IFAD,111,-389.14999999901596
10,IFAD,112,-378.47745514330273
10,IFAD,113,-386.439274024797
10,IFAD,114,-376.3021077713426
10,IFAD,115,-375.75321503869793
10,IFAD,116,-377.5637326300579
10,IFAD,117,-374.8412333766881
10,IFAD,118,-372.66072058573377
10,IFAD,119,-378.3898683689501
10,IFAD,120,-382.010145796259
10,IFAD,121,-377.3384926509714
10,IFAD,122,-388.61810133000654
10,IFAD,123,-372.3787948334775
10,IFAD,124,-383.5920892620532
10,IFAD,125,-373.8410638722064
10,IFAD,126,-376.5946525779245
10,IFAD,127,-392.1023020737077
10,IFAD,128,-379.66480195967927
10,IFAD,129,-369.85095998533626
10,IFAD,130,-382.38994778805124
10,IFAD,131,-361.41113354546644
10,IFAD,132,-381.9349081025262
10,IFAD,133,-387.5555909240779
10,IFAD,134,-376.92867208943005
10,IFAD,135,-372.3957267150243
10,IFAD,136,-385.79841101015785
10,IFAD,137,-368.5672969729727
10,IFAD,138,-380.9770046920806
10,IFAD,139,-374.754332947145
10,IFAD,140,-369.3296219666529
10,IFAD,141,-376.2032436124792
10,IFAD,142,-374.778104289985
10,IFAD,143,-362.32935711332027
10,IFAD,144,-378.24135526176354
10,IFAD,145,-380.7789481281151
10,IFAD,146,-374.5308119629471
10,IFAD,147,-377.12923529101784
10,IFAD,148,-371.5527605463778
10,IFAD,149,-388.8261571666767
10,IFAD,150,-381.9756077092288
10,IFAD,151,-372.46080576041305
10,IFAD,152,-377.1696932642429
10,IFAD,153,-369.671022136697
10,IFAD,154,-380.70528999463886
10,IFAD,155,-372.48202096863736
10,IFAD,156,-375.7852321726044
10,IFAD,157,-376.1091323698285
10,IFAD,158,-377.9254227276374
10,IFAD,159,-390.9008592527654
10,IFAD,160,-380.00314821280966
10,IFAD,161,-360.79181303279347
10,IFAD,162,-381.93170537890745
10,IFAD,163,-383.9414124243167
10,IFAD,164,-388.07419635782463
10,IFAD,165,-376.237159299116
10,IFAD,166,-375.24206992492157
10,IFAD,167,-388.1199053356325
10,IFAD,168,-380.46103207163685
10,IFAD,169,-381.39214753288655
10,IFAD,170,-383.5912198005106
10,IFAD,171,-383.85065676041194
10,IFAD,172,-372.2263524944428
10,IFAD,173,-362.6881807961582
10,IFAD,174,-369.53753653774805
10,IFAD,175,-385.9809698575856
10,IFAD,176,-374.9373762054451
10,IFAD,177,-372.36416926985316
10,IFAD,178,-377.03291327892333
10,IFAD,179,-376.17898687929625
10,IFAD,180,-383.425967241361
10,IFAD,181,-369.31952597944957
10,IFAD,182,-371.8752194663906
10,IFAD,183,-379.47464929779466
10,IFAD,184,-368.94254261293446
10,IFAD,185,-377.92749730736557
10,IFAD,186,-387.1754522413248
10,IFAD,187,-382.450728819525
10,IFAD,188,-384.0559052052291
10,IFAD,189,-380.12358251724055
10,IFAD,190,-374.0063481893569
10,IFAD,191,-370.48837661320624
10,IFAD,192,-370.2263976114632
10,IFAD,193,-377.0495311284847
10,IFAD,194,-371.4490527483412
10,IFAD,195,-373.42497859901556
10,IFAD,196,-369.5877804779655
10,IFAD,197,-374.2831499171344
10,IFAD,198,-374.7572355729452
10,IFAD,199,-391.0727635739566
10,IFAD,200,-377.2756957920686
10,IFAD,201,-376.3466360303209
10,IFAD,202,-373.231024475758
10,IFAD,203,-371.15302758730763
10,IFAD,204,-384.94914010493943
10,IFAD,205,-375.81302784321053
10,IFAD,206,-381.22527431644704
10,IFAD,207,-378.11852167448995
10,IFAD,208,-360.21226910309986
10,IFAD,209,-369.5408779303158
10,IFAD,210,-364.07127816743315
10,IFAD,211,-370.2011129466055
10,IFAD,212,-365.98183043232984
10,IFAD,213,-379.1012033963936
10,IFAD,214,-376.55036515851657
10,IFAD,215,-376.15373175251705
10,IFAD,216,-381.95885310768233
10,IFAD,217,-372.6467250493315
10,IFAD,218,-384.46356568247114
10,IFAD,219,-374.3826081966184
10,IFAD,220,-378.5272872834196
10,IFAD,221,-379.10499045122253
10,IFAD,222,-385.2593274658729
10,IFAD,223,-378.40825405576857
10,IFAD,224,-377.3814885470137
10,IFAD,225,-382.7223084387174
10,IFAD,226,-369.1114033673434
10,IFAD,227,-372.94391038629357
10,IFAD,228,-365.88222794008703
10,IFAD,229,-386.0013585190852
10,IFAD,230,-369.88084382014597
10,IFAD,231,-385.97442887167466
10,IFAD,232,-382.87192126180906
10,IFAD,233,-381.1743825596718
10,IFAD,234,-369.2145535463594
10,IFAD,235,-370.8702045015152
10,IFAD,236,-377.977728317957
10,IFAD,237,-381.5911954702277
10,IFAD,238,-378.4195630240642
10,IFAD,239,-369.33445443951325
10,IFAD,240,-382.21638328131917
10,IFAD,241,-371.01947994058753
10,IFAD,242,-381.1099005159144
10,IFAD,243,-384.34894303476034
10,IFAD,244,-375.29913837675895
10,IFAD,245,-371.9075832018207
10,IFAD,246,-382.23614153622
10,IFAD,247,-376.062527188195
10,IFAD,248,-370.94870482723144
10,IFAD,249,-382.48909889240485
10,IFAD,250,-382.94054140482774
10,IFAD,251,-380.82305173324204
10,IFAD,252,-375.57194096399087
10,IFAD,253,-385.64776492950097
10,IFAD,254,-365.964019330716
10,IFAD,255,-370.41892363811746
10,IFAD,256,-368.56687641147863
10,IFAD,257,-376.6233470555396
10,IFAD,258,-384.08335754521767
10,IFAD,259,-366.23712721908316
10,IFAD,260,-377.37535555715215
10,IFAD,261,-377.63739974808175
10,IFAD,262,-371.1097290269926
10,IFAD,263,-370.70494334973125
10,IFAD,264,-376.58947334801303
10,IFAD,265,-369.2732232288495
10,IFAD,266,-372.1538329777732
10,IFAD,267,-378.2027572968232
10,IFAD,268,-364.7483841685274
10,IFAD,269,-380.042901878663
10,IFAD,270,-372.3480065172804
10,IFAD,271,-379.89931324965477
10,IFAD,272,-373.968555264179
10,IFAD,273,-385.19076563030256
10,IFAD,274,-388.98042606649295
10,IFAD,275,-382.82196327899015
10,IFAD,276,-368.1417107813408
10,IFAD,277,-371.3144093271998
10,IFAD,278,-375.76816038190714
10,IFAD,279,-380.733947546622
10,IFAD,280,-382.0086846826646
10,IFAD,281,-374.51669613436377
10,IFAD,282,-372.1583553042744
10,IFAD,283,-378.1727760608075
10,IFAD,284,-380.7652308095345
10,IFAD,285,-373.615320655421
10,IFAD,286,-383.43603155182313
10,IFAD,287,-364.03007146761917
10,IFAD,288,-375.0291093559698
10,IFAD,289,-375.6794043185481
10,IFAD,290,-370.76782993901196
10,IFAD,291,-380.85540830491925
10,IFAD,292,-393.86119460122137
10,IFAD,293,-363.07883415759596
10,IFAD,294,-381.0577215280626
10,IFAD,295,-372.15763268987666
10,IFAD,296,-377.28615403891575
10,IFAD,297,-356.86161218716006
10,IFAD,298,-369.0911747177159
10,IFAD,299,-391.2554861146283
10,IFAD,300,-367.3562603443826
10,IFAD,301,-378.7863810993903
10,IFAD,302,-370.7163331181966
10,IFAD,303,-379.64186739976293
10,IFAD,304,-381.67072786461046
10,IFAD,305,-370.85191902763455
10,IFAD,306,-368.1623019467865
10,IFAD,307,-376.92524056734976
10,IFAD,308,-370.5191662003395
10,IFAD,309,-376.0588170275377
10,IFAD,310,-379.0527184758261
10,IFAD,311,-373.6338894685913
10,IFAD,312,-377.6433976869346
10,IFAD,313,-373.3241382624916
10,IFAD,314,-374.1935585972536
10,IFAD,315,-377.67737041856276
10,IFAD,316,-385.6973479750888
10,IFAD,317,-372.1444819397279
10,IFAD,318,-376.5306995731615
10,IFAD,319,-381.62953490602916
10,IFAD,320,-377.8919619205678
10,IFAD,321,-382.05556651045123
10,IFAD,322,-379.6753020101826
10,IFAD,323,-370.7501049304813
10,IFAD,324,-374.15720708462356
10,IFAD,325,-375.9516906873597
10,IFAD,326,-371.5089011377948
10,IFAD,327,-380.4283790244044
10,IFAD,328,-360.8403965667352
10,IFAD,329,-392.17226953113027
10,IFAD,330,-374.40998299553365
10,IFAD,331,-370.71276139674256
10,IFAD,332,-377.1016659759034
10,IFAD,333,-371.3982118407945
10,IFAD,334,-381.6261988977617
10,IFAD,335,-384.9815302013038
10,IFAD,336,-375.60509868474435
10,IFAD,337,-374.13515638567105
10,IFAD,338,-378.8498023475571
10,IFAD,339,-370.7554611534196
10,IFAD,340,-375.621625317247
10,IFAD,341,-375.6183256329845
10,IFAD,342,-375.10834682991674
10,IFAD,343,-388.7059688344314
10,IFAD,344,-378.31216928217066
10,IFAD,345,-374.02681100303107
10,IFAD,346,-379.25584563692956
10,IFAD,347,-374.99358716488246
10,IFAD,348,-369.13034498017385
10,IFAD,349,-376.80751075632776
10,IFAD,350,-376.5232404566385
10,IFAD,351,-378.16813786512967
10,IFAD,352,-374.60456199326836
10,IFAD,353,-375.1715139503409
10,IFAD,354,-369.67738413032043
10,IFAD,355,-380.3403645759302
10,IFAD,356,-386.720108358361
10,IFAD,357,-374.20115941546095
10,IFAD,358,-386.90835989046303
10,IFAD,359,-380.05182128205337
10,IFAD,360,-378.5533342453863
10,IFAD,361,-367.0714113161343
10,IFAD,362,-373.3870901049174
10,IFAD,363,-378.9474076092261
10,IFAD,364,-384.9351285279909
10,IFAD,365,-359.64942442902736
10,IFAD,366,-384.0613935803854
10,IFAD,367,-375.54839155013997
10,IFAD,368,-374.1512374146578
10,IFAD,369,-374.33226606937944
10,IFAD,370,-369.9651818128302
10,IFAD,371,-378.7587587205134
10,IFAD,372,-373.7397092754911
10,IFAD,373,-373.80953732178045
10,IFAD,374,-374.00960332408556
10,IFAD,375,-386.0046124861614
10,IFAD,376,-377.1814150613858
10,IFAD,377,-376.80681089850765
10,IFAD,378,-382.46204773923307
10,IFAD,379,-383.4578813156791
10,IFAD,380,-369.4068759071336
10,IFAD,381,-376.13209954562257
10,IFAD,382,-378.19501645013344
10,IFAD,383,-392.99202533457265
10,IFAD,384,-373.39659555882037
10,IFAD,385,-382.0386257465309
10,IFAD,386,-376.84432044354116
10,IFAD,387,-376.4777087202115
10,IFAD,388,-378.69101926458035
10,IFAD,389,-372.37345467569503
10,IFAD,390,-371.40250314870576
10,IFAD,391,-362.51804479139344
10,IFAD,392,-373.17032389767775
10,IFAD,393,-382.17097425994507
10,IFAD,394,-368.3189561749463
10,IFAD,395,-377.4784122506526
10,IFAD,396,-381.5822291802489
10,IFAD,397,-382.24775317312043
10,IFAD,398,-371.54211056842576
10,IFAD,399,-365.1646312881
11,IF2,0,-384.808709207784
11,IF2,1,-424.46863894407767
11,IF2,2,-383.75482190674995
11,IF2,3,-389.0239614596542
11,IF2,4,-384.56075824917326
11,IF2,5,-390.5031747226435
11,IF2,6,-409.58738724986614
11,IF2,7,-404.77222490168947
11,IF2,8,-450.6708743025135
11,IF2,9,-484.04810025305085
11,IF2,10,-440.2061747296191
11,IF2,11,-412.5676558932078
11,IF2,12,-392.0314375965314
11,IF2,13,-396.93833696284935
11,IF2,14,-388.7373269343482
11,IF2,15,-386.13715628320955
11,IF2,16,-387.6494487719918
11,IF2,17,-389.3338801350478
11,IF2,18,-385.600233311487
11,IF2,19,-405.2604394610102
11,IF2,20,-398.64846369168583
11,IF2,21,-393.32515054294197
11,IF2,22,-377.3762412256647
11,IF2,23,-371.10424186414446
11,IF2,24,-382.1187457480181
11,IF2,25,-387.1085887673714
11,IF2,26,-407.1566500879823
11,IF2,27,-417.3755763456185
11,IF2,28,-424.6929726187299
11,IF2,29,-413.7218670716247
11,IF2,30,-412.7072920863857
11,IF2,31,-388.1904941905031
11,IF2,32,-393.8973063700686
11,IF2,33,-397.7874293349002
11,IF2,34,-398.231506500043
11,IF2,35,-410.3100060456545
11,IF2,36,-396.977754696288
11,IF2,37,-404.125302458853
11,IF2,38,-380.45309844228024
11,IF2,39,-387.79444360411
11,IF2,40,-386.4093265086016
11,IF2,41,-379.13059636137194
11,IF2,42,-385.5079897475168
11,IF2,43,-392.8668962290912
11,IF2,44,-380.1911467797613
11,IF2,45,-373.8529985183879
11,IF2,46,-384.9728473181412
11,IF2,47,-373.4609016481285
11,IF2,48,-381.15833796890075
11,IF2,49,-381.66784448917
11,IF2,50,-371.3254328650784
11,IF2,51,-376.6326105039386
11,IF2,52,-378.4971842631771
11,IF2,53,-376.2560504018894
11,IF2,54,-374.2443586217395
11,IF2,55,-378.4145482643914
11,IF2,56,-390.8865036849797
11,IF2,57,-400.1115270232597
11,IF2,58,-411.9471506075254
11,IF2,59,-394.04655565113734
11,IF2,60,-397.823038103814
11,IF2,61,-385.7481039923698
11,IF2,62,-376.9172984341465
11,IF2,63,-382.01707779443996
11,IF2,64,-372.4794339370941
11,IF2,65,-385.72637378437713
11,IF2,66,-390.21513192902114
11,IF2,67,-372.6258493202314
11,IF2,68,-396.30026787869514
11,IF2,69,-373.13312511344225
11,IF2,70,-389.8295983604493
11,IF2,71,-385.15800077426167
11,IF2,72,-380.0095776877212
11,IF2,73,-378.42946799170596
11,IF2,74,-382.5987705513731
11,IF2,75,-368.4855160364088
11,IF2,76,-388.11073722916524
11,IF2,77,-390.1599471923418
11,IF2,78,-395.11795310747743
11,IF2,79,-397.82299830009003
11,IF2,80,-414.3277035079205
11,IF2,81,-389.9763914707232
11,IF2,82,-394.7805684075497
11,IF2,83,-386.03385066324415
11,IF2,84,-381.3813024818164
11,IF2,85,-380.21583086056205
11,IF2,86,-389.49818681937575
11,IF2,87,-389.596098798536
11,IF2,88,-394.0662864658104
11,IF2,89,-391.7404103507268
11,IF2,90,-375.4409699155498
11,IF2,91,-391.0598502916345
11,IF2,92,-384.2670352820476
11,IF2,93,-388.2043175020388
11,IF2,94,-410.75043904921586
11,IF2,95,-379.25422114911834
11,IF2,96,-380.7281730383689
11,IF2,97,-381.37443834535765
11,IF2,98,-382.6249328330521
11,IF2,99,-385.17900045952615
11,IF2,100,-377.76120547801906
11,IF2,101,-382.61576330551236
11,IF2,102,-389.25890861310626
11,IF2,103,-379.8062314571367
11,IF2,104,-372.5203347914118
11,IF2,105,-386.0538901331526
11,IF2,106,-378.29199279561175
11,IF2,107,-376.87033167576317
11,IF2,108,-367.7608681588602
11,IF2,109,-384.1400147330424
11,IF2,110,-381.9496231044769
11,IF2,111,-382.7712288116559
11,IF2,112,-370.41718835856267
11,IF2,113,-381.3852581647247
11,IF2,114,-394.03540653080285
11,IF2,115,-364.1931932488683
11,IF2,116,-384.48831971089777
11,IF2,117,-381.4828399246549
11,IF2,118,-380.6686267196611
11,IF2,119,-382.4209192650345
11,IF2,120,-368.2986800543444
11,IF2,121,-374.80731640013386
11,IF2,122,-365.0338031779525
11,IF2,123,-373.7226985105146
11,IF2,124,-394.9578121379928
11,IF2,125,-386.0171274863019
11,IF2,126,-385.72949300064556
11,IF2,127,-381.81138749662364
11,IF2,128,-388.38948409270137
11,IF2,129,-379.4967876587664
11,IF2,130,-379.1327505185855
11,IF2,131,-377.9815771492656
11,IF2,132,-372.8895380252032
11,IF2,133,-388.48552673555224
11,IF2,134,-377.2701922733397
11,IF2,135,-378.8412213438886
11,IF2,136,-384.83172215835276
11,IF2,137,-378.389566918658
11,IF2,138,-371.52205584554565
11,IF2,139,-374.81905015222463
11,IF2,140,-381.0549140580926
11,IF2,141,-378.18039572694664
11,IF2,142,-379.03929512209544
11,IF2,143,-371.06340877742844
11,IF2,144,-380.4791312697158
11,IF2,145,-377.18698619865415
11,IF2,146,-376.21670246344814
11,IF2,147,-380.4571843972599
11,IF2,148,-375.8476715742718
11,IF2,149,-385.12652019593867
11,IF2,150,-371.93855006364896
11,IF2,151,-378.70557930834997
11,IF2,152,-371.9904639053272
11,IF2,153,-372.96222399394054
11,IF2,154,-382.3238001558473
11,IF2,155,-377.27685943225094
11,IF2,156,-382.14811485100955
11,IF2,157,-375.8315624607468
11,IF2,158,-378.72492770540504
11,IF2,159,-372.30769873535405
11,IF2,160,-388.01787687252437
11,IF2,161,-392.91188198387175
11,IF2,162,-379.98670819814873
11,IF2,163,-372.58946384285633
11,IF2,164,-381.74151840238926
11,IF2,165,-375.46761530924437
11,IF2,166,-381.63269791553665
11,IF2,167,-384.6548672716276
11,IF2,168,-383.9538211735058
11,IF2,169,-385.16503266317363
11,IF2,170,-394.3832995290276
11,IF2,171,-394.2833139626578
11,IF2,172,-375.1834659781739
11,IF2,173,-378.1880690272563
11,IF2,174,-368.77247017558034
11,IF2,175,-371.7197240756584
11,IF2,176,-386.64868799853843
11,IF2,177,-390.4724202965367
11,IF2,178,-403.1408378421681
11,IF2,179,-382.3538857042214
11,IF2,180,-391.7127291451707
11,IF2,181,-363.8734872327667
11,IF2,182,-384.40496541025556
11,IF2,183,-378.50160002899605
11,IF2,184,-381.6523983082094
11,IF2,185,-381.357962353148
11,IF2,186,-364.21595986811144
11,IF2,187,-383.54420400394145
11,IF2,188,-371.4914782366815
11,IF2,189,-372.33583366457526
11,IF2,190,-388.62282709255913
11,IF2,191,-378.12575987077844
11,IF2,192,-370.8243647323205
11,IF2,193,-366.95943188125307
11,IF2,194,-356.7273252140142
11,IF2,195,-374.7420075347696
11,IF2,196,-375.8166082997449
11,IF2,197,-368.99994397026046
11,IF2,198,-369.73093621786694
11,IF2,199,-386.7049355248835
11,IF2,200,-387.10099449131343
11,IF2,201,-380.72020850821
11,IF2,202,-382.8234110348149
11,IF2,203,-381.34952397927356
11,IF2,204,-376.7958816763258
11,IF2,205,-375.79372480019447
11,IF2,206,-380.16764973568115
11,IF2,207,-383.6396445648654
11,IF2,208,-385.8153077166757
11,IF2,209,-376.11925371372297
11,IF2,210,-368.9209292301413
11,IF2,211,-382.3270851898276
11,IF2,212,-371.515333023885
11,IF2,213,-378.8537200892672
11,IF2,214,-368.0440447297631
11,IF2,215,-385.6237615688566
11,IF2,216,-380.3354868879071
11,IF2,217,-377.09855548759026
11,IF2,218,-376.2665653197875
11,IF2,219,-377.3958201862388
11,IF2,220,-376.94398981397205
11,IF2,221,-364.77693216473153
11,IF2,222,-375.6559987845268
11,IF2,223,-373.51889734707726
11,IF2,224,-373.0940864658395
11,IF2,225,-379.76793815644754
11,IF2,226,-370.4136839350085
11,IF2,227,-365.67888026141696
11,IF2,228,-365.30552926770775
11,IF2,229,-363.5829833451938
11,IF2,230,-381.49892277334385
11,IF2,231,-383.5089819819175
11,IF2,232,-374.3213083741806
11,IF2,233,-372.072380275329
11,IF2,234,-369.5770959718576
11,IF2,235,-377.7235457619562
11,IF2,236,-376.4377877409924
11,IF2,237,-369.03561346631346
11,IF2,238,-386.3285743233114
11,IF2,239,-371.7891164002773
11,IF2,240,-379.0662129119356
11,IF2,241,-366.0356558431078
11,IF2,242,-375.98160721796467
11,IF2,243,-384.3634731499121
11,IF2,244,-384.0486269958058
11,IF2,245,-379.6497264899078
11,IF2,246,-389.3577418639213
11,IF2,247,-366.1510176829757
11,IF2,248,-379.37081556918304
11,IF2,249,-382.09162178110324
11,IF2,250,-370.8236717578926
11,IF2,251,-378.7936475451225
11,IF2,252,-379.24685861603143
11,IF2,253,-377.561108265711
11,IF2,254,-374.59718545343526
11,IF2,255,-369.8810405954281
11,IF2,256,-376.872965118709
11,IF2,257,-384.0996826659207
11,IF2,258,-376.2788377163199
11,IF2,259,-371.0785036672119
11,IF2,260,-381.82513170356293
11,IF2,261,-378.41358545949754
11,IF2,262,-366.01416098689396
11,IF2,263,-372.37589049158015
11,IF2,264,-374.58338430729776
11,IF2,265,-372.3297160962893
11,IF2,266,-378.90465288104923
11,IF2,267,-379.8269902275679
11,IF2,268,-373.2177231686811
11,IF2,269,-370.11394311303656
11,IF2,270,-372.6139523501451
11,IF2,271,-375.4186413035819
11,IF2,272,-373.2475922415441
11,IF2,273,-378.8151371385664
11,IF2,274,-373.74960436151605
11,IF2,275,-382.3185135540666
11,IF2,276,-371.635255078647
11,IF2,277,-376.92993360378125
11,IF2,278,-371.7663775608191
11,IF2,279,-368.83756714939756
11,IF2,280,-385.4219345424311
11,IF2,281,-377.54712829696126
11,IF2,282,-382.0168718972611
11,IF2,283,-366.55004989805036
11,IF2,284,-376.76214341431324
11,IF2,285,-366.95159295728604
11,IF2,286,-380.63192199183425
11,IF2,287,-375.14606089220683
11,IF2,288,-370.062123357391
11,IF2,289,-370.2986544984211
11,IF2,290,-373.835583800016
11,IF2,291,-381.6099978460941
11,IF2,292,-367.73268364007686
11,IF2,293,-374.19945510937396
11,IF2,294,-388.8248861133776
11,IF2,295,-375.97661952599304
11,IF2,296,-368.935489724626
11,IF2,297,-375.89628879892734
11,IF2,298,-373.7230720466921
11,IF2,299,-369.11672615518864
11,IF2,300,-384.4277829499378
11,IF2,301,-370.5157173684102
11,IF2,302,-386.60657500514094
11,IF2,303,-386.9766356741565
11,IF2,304,-370.59905445574844
11,IF2,305,-374.36672152173173
11,IF2,306,-387.6226057235692
11,IF2,307,-374.31096995226386
11,IF2,308,-374.6186783994467
11,IF2,309,-374.7126432241674
11,IF2,310,-382.47900141351124
11,IF2,311,-382.3190142280859
11,IF2,312,-380.20117212673983
11,IF2,313,-380.4807585117796
11,IF2,314,-385.4818683449734
11,IF2,315,-371.84611817978663
11,IF2,316,-377.49564864725676
11,IF2,317,-372.5204233696248
11,IF2,318,-377.33059475369225
11,IF2,319,-367.0835184117382
11,IF2,320,-370.7170696627226
11,IF2,321,-363.67299562253163
11,IF2,322,-379.256515985967
11,IF2,323,-378.97646563342664
11,IF2,324,-382.49060382206255
11,IF2,325,-381.4404756743784
11,IF2,326,-369.66296748279933
11,IF2,327,-369.1477687060096
11,IF2,328,-378.7223392225091
11,IF2,329,-374.5668610068989
11,IF2,330,-376.54542251462044
11,IF2,331,-382.62665365979007
11,IF2,332,-376.7843210572832
11,IF2,333,-380.81484607197825
11,IF2,334,-378.0284325855166
11,IF2,335,-364.9166071959064
11,IF2,336,-375.1258349793475
11,IF2,337,-377.19203474133724
11,IF2,338,-379.5817838206714
11,IF2,339,-381.49787776598924
11,IF2,340,-373.7167097765727
11,IF2,341,-378.4405212794581
11,IF2,342,-396.7427677641549
11,IF2,343,-383.0803614447356
11,IF2,344,-375.5541108546873
11,IF2,345,-386.0724662808052
11,IF2,346,-374.14160039432863
11,IF2,347,-382.6141544920253
11,IF2,348,-388.4440581349792
11,IF2,349,-384.87319630621033
11,IF2,350,-390.72097418879673
11,IF2,351,-377.3404822001264
11,IF2,352,-369.17342595165877
11,IF2,353,-373.0967007186926
11,IF2,354,-373.0939561205893
11,IF2,355,-382.3609707666942
11,IF2,356,-382.3079063062409
11,IF2,357,-379.5097971307475
11,IF2,358,-379.42473382007785
11,IF2,359,-374.1355578318768
11,IF2,360,-376.33315247183356
11,IF2,361,-373.12507787688
11,IF2,362,-380.32701104979657
11,IF2,363,-379.58788334567686
11,IF2,364,-390.6547054264234
11,IF2,365,-375.75814134617167
11,IF2,366,-379.0619131926184
11,IF2,367,-370.1601948242591
11,IF2,368,-370.747308334355
11,IF2,369,-378.05998644043194
11,IF2,370,-383.0301181542232
11,IF2,371,-366.6456791110128
11,IF2,372,-374.6613310558587
11,IF2,373,-380.6894405110899
11,IF2,374,-371.16748192419107
11,IF2,375,-373.9494546212933
11,IF2,376,-377.9064671503787
11,IF2,377,-370.3377117087295
11,IF2,378,-380.40204753391436
11,IF2,379,-376.72183801854203
11,IF2,380,-382.9824838145339
11,IF2,381,-370.45924829134566
11,IF2,382,-384.79477833888524
11,IF2,383,-381.52383597546896
11,IF2,384,-374.08480560327666
11,IF2,385,-368.2168362369624
11,IF2,386,-388.8911585246276
11,IF2,387,-379.4189245836356
11,IF2,388,-367.21134778117477
11,IF2,389,-380.0037876163249
11,IF2,390,-371.73467343058644
11,IF2,391,-373.3075659313227
11,IF2,392,-377.606123161603
11,IF2,393,-363.12121235768336
11,IF2,394,-375.2345095253604
11,IF2,395,-380.5255503576373
11,IF2,396,-381.8159130008774
11,IF2,397,-396.1630963463419
11,IF2,398,-373.40585419521125
11,IF2,399,-384.52632592800364
11,IF2,400,-385.8069501608931
11,IF2,401,-370.8645943387147
11,IF2,402,-375.66028754514014
11,IF2,403,-383.1700178186836
11,IF2,404,-372.59725591796405
11,IF2,405,-386.4524884613887
11,IF2,406,-385.91423998211604
11,IF2,407,-391.91161763985485
11,IF2,408,-384.1857644578859
11,IF2,409,-373.20550030759404
11,IF2,410,-377.28723827400245
11,IF2,411,-377.92571439719194
11,IF2,412,-366.340635594292
11,IF2,413,-381.1216927029947
11,IF2,414,-377.3532654283608
11,IF2,415,-368.6052320455361
11,IF2,416,-375.7997626672833
11,IF2,417,-377.3739479594272
11,IF2,418,-367.8630063151681
11,IF2,419,-384.5097693806914
11,IF2,420,-374.06557064055164
11,IF2,421,-369.7267855420005
11,IF2,422,-368.3670490351711
11,IF2,423,-371.79367133688
11,IF2,424,-373.6238494323095
11,IF2,425,-371.2312794551809
11,IF2,426,-382.60735764356247
11,IF2,427,-373.4380474540092
11,IF2,428,-374.0202826431083
11,IF2,429,-377.30134939552687
11,IF2,430,-385.2824430855164
11,IF2,431,-371.4677192592031
11,IF2,432,-381.34825849804633
11,IF2,433,-370.95030904358106
11,IF2,434,-371.56072342286075
11,IF2,435,-375.2532154314861
11,IF2,436,-373.2896145624877
11,IF2,437,-379.28913843671387
11,IF2,438,-376.39231439672614
11,IF2,439,-378.31728114752207
11,IF2,440,-379.1327611234211
11,IF2,441,-373.041944155178
11,IF2,442,-372.76397560587145
11,IF2,443,-379.76107663851985
11,IF2,444,-382.8747424319756
11,IF2,445,-386.5445536356571
11,IF2,446,-367.0843089713255
11,IF2,447,-362.4972845862345
11,IF2,448,-382.707611441775
11,IF2,449,-373.54357906411934
11,IF2,450,-367.59760247135614
11,IF2,451,-388.68107257936146
11,IF2,452,-373.9717634984105
11,IF2,453,-374.68018773852407
11,IF2,454,-359.0534102169137
11,IF2,455,-379.80429741983363
11,IF2,456,-374.8748425137702
11,IF2,457,-379.10236400160136
11,IF2,458,-388.2256053151883
11,IF2,459,-378.41966520370914
11,IF2,460,-373.86996659618273
11,IF2,461,-387.16128435419665
11,IF2,462,-368.5178661200883
11,IF2,463,-379.0891199289953
11,IF2,464,-377.1936207627788
11,IF2,465,-375.324800930778
11,IF2,466,-375.2326464200987
11,IF2,467,-379.35806018002404
11,IF2,468,-381.1003591480296
11,IF2,469,-376.1325499954027
11,IF2,470,-379.13395591347603
11,IF2,471,-369.0132246893388
11,IF2,472,-377.5518439343433
11,IF2,473,-362.6521763941431
11,IF2,474,-373.1822802297678
11,IF2,475,-374.49605316405354
11,IF2,476,-371.41022242272925
11,IF2,477,-377.3106616894217
11,IF2,478,-365.74242896900654
11,IF2,479,-369.36942325907705
11,IF2,480,-377.15166104318456
11,IF2,481,-390.3115940093717
11,IF2,482,-373.44157867972825
11,IF2,483,-385.75419926450815
11,IF2,484,-372.0049878160839
11,IF2,485,-372.32023321459826
11,IF2,486,-387.46317993499434
11,IF2,487,-387.5197757085786
11,IF2,488,-393.6529950040843
11,IF2,489,-395.33975872431785
11,IF2,490,-374.0082111073987
11,IF2,491,-367.98494944912227
11,IF2,492,-376.9961113219994
11,IF2,493,-373.2552538499752
11,IF2,494,-367.36628165922315
11,IF2,495,-370.4709300513181
11,IF2,496,-384.278018900939
11,IF2,497,-380.82548703934776
11,IF2,498,-386.03155295999795
11,IF2,499,-376.13601458986716
11,IF2,500,-383.0485762813511
11,IF2,501,-368.6160793166123
11,IF2,502,-361.7865594894387
11,IF2,503,-374.6067039013441
11,IF2,504,-390.8522613715323
11,IF2,505,-370.44460314282645
11,IF2,506,-384.75643298427786
11,IF2,507,-376.29463248131776
11,IF2,508,-372.871691488833
11,IF2,509,-365.43654487169965
11,IF2,510,-375.9909501148594
11,IF2,511,-368.584904542974
11,IF2,512,-367.46807710411514
11,IF2,513,-378.1715067924677
11,IF2,514,-366.06019303510135
11,IF2,515,-378.42945256927027
11,IF2,516,-374.4574240770522
11,IF2,517,-383.13803797251614
11,IF2,518,-375.0527411912374
11,IF2,519,-372.5805024186021
11,IF2,520,-368.4740930935805
11,IF2,521,-376.68289468158264
11,IF2,522,-383.03638192361814
11,IF2,523,-383.6156172130657
11,IF2,524,-376.743981023948
11,IF2,525,-375.8002446610108
11,IF2,526,-377.9532889811286
11,IF2,527,-375.9548572306524
11,IF2,528,-381.112363845223
11,IF2,529,-375.3394171037475
11,IF2,530,-379.3702291726358
11,IF2,531,-382.40665868326766
11,IF2,532,-368.78791690289773
11,IF2,533,-370.87703846400734
11,IF2,534,-372.6086487754683
11,IF2,535,-388.228004883803
11,IF2,536,-378.9174846949845
11,IF2,537,-382.87796944864414
11,IF2,538,-387.23514377050753
11,IF2,539,-385.25111771991897
11,IF2,540,-368.8657853324696
11,IF2,541,-372.1081296981119
11,IF2,542,-394.5261113288685
11,IF2,543,-378.44823208538963
11,IF2,544,-392.3736424874533
11,IF2,545,-374.80808533131403
11,IF2,546,-372.5993882967634
11,IF2,547,-379.5925567567584
11,IF2,548,-381.25186657080764
11,IF2,549,-371.8498051672477
11,IF2,550,-381.425730151437
11,IF2,551,-369.5994028900339
11,IF2,552,-374.65902117641025
11,IF2,553,-386.43132854676554
11,IF2,554,-361.1303333038163
11,IF2,555,-374.82009348831
11,IF2,556,-382.08363380507467
11,IF2,557,-377.2535119832231
11,IF2,558,-371.2425411382896
11,IF2,559,-374.7260090496258
11,IF2,560,-391.82814110780345
11,IF2,561,-401.76351846267744
11,IF2,562,-386.2286624746559
11,IF2,563,-368.33782644987605
11,IF2,564,-371.9186938458583
11,IF2,565,-374.6841974005958
11,IF2,566,-368.6120603809706
11,IF2,567,-386.38678746450324
11,IF2,568,-374.2627984405883
11,IF2,569,-374.60584132329063
11,IF2,570,-371.26983580612807
11,IF2,571,-376.6358335460259
11,IF2,572,-382.64313908109006
11,IF2,573,-372.57593265062417
11,IF2,574,-382.123412780508
11,IF2,575,-375.4540357146482
11,IF2,576,-377.37944825388115
11,IF2,577,-383.6349859962049
11,IF2,578,-374.5894807128534
11,IF2,579,-376.6539790796793
11,IF2,580,-376.3126730023549
11,IF2,581,-374.31960102416525
11,IF2,582,-372.94847938520394
11,IF2,583,-391.2220490565212
11,IF2,584,-380.21216537508013
11,IF2,585,-378.1378424199444
11,IF2,586,-366.674034001031
11,IF2,587,-387.74186394352984
11,IF2,588,-365.06587767194696
11,IF2,589,-375.8217046714785
11,IF2,590,-380.4053194043727
11,IF2,591,-376.0115059397432
11,IF2,592,-370.139085413757
11,IF2,593,-376.89488004607057
11,IF2,594,-371.19327959553465
11,IF2,595,-376.26783243128557
11,IF2,596,-376.65168356346464
11,IF2,597,-376.4815093125148
11,IF2,598,-384.6501663030488
11,IF2,599,-379.0432274573296
11,IFAD,0,-412.8067786978162
11,IFAD,1,-380.8596968025433
11,IFAD,2,-380.5040971873573
11,IFAD,3,-381.5539425011617
11,IFAD,4,-371.39658664859263
11,IFAD,5,-390.44234843165555
11,IFAD,6,-389.4697953903732
11,IFAD,7,-390.46056939586873
11,IFAD,8,-384.93096007847186
11,IFAD,9,-386.71968773034877
11,IFAD,10,-401.31906148275846
11,IFAD,11,-389.77022206547576
11,IFAD,12,-387.22548056711423
11,IFAD,13,-394.21080509494317
11,IFAD,14,-396.88388857334166
11,IFAD,15,-401.2353544540623
11,IFAD,16,-381.1621782499042
11,IFAD,17,-389.1420588470446
11,IFAD,18,-399.58163680505606
11,IFAD,19,-403.46370270004957
11,IFAD,20,-386.29955490058325
11,IFAD,21,-380.54978310981966
11,IFAD,22,-391.6872167328479
11,IFAD,23,-388.1872215131808
11,IFAD,24,-381.93415982859
11,IFAD,25,-391.58343087423157
11,IFAD,26,-435.58324159879925
11,IFAD,27,-434.99721441054226
11,IFAD,28,-426.0780796661384
11,IFAD,29,-421.2444329484318
11,IFAD,30,-414.23666400429767
11,IFAD,31,-420.83186089451374
11,IFAD,32,-419.4575362854919
11,IFAD,33,-451.62893987837487
11,IFAD,34,-461.16417760940993
11,IFAD,35,-478.3544457860382
11,IFAD,36,-449.2684088651227
11,IFAD,37,-469.10374303000566
11,IFAD,38,-442.36039961714823
11,IFAD,39,-417.81663662648407
11,IFAD,40,-411.7764074458069
11,IFAD,41,-428.10107989348535
11,IFAD,42,-405.2515293361804
11,IFAD,43,-417.6369379713165
11,IFAD,44,-408.14789896077775
11,IFAD,45,-431.6013933381047
11,IFAD,46,-424.5070288679129
11,IFAD,47,-416.7643236049019
11,IFAD,48,-407.4123935687184
11,IFAD,49,-403.5551241995661
11,IFAD,50,-391.4019133135575
11,IFAD,51,-386.15422928760177
11,IFAD,52,-385.0535259755257
11,IFAD,53,-396.88131772826245
11,IFAD,54,-382.7600933119783
11,IFAD,55,-381.19717396865894
11,IFAD,56,-375.9880974984504
11,IFAD,57,-385.7990458786006
11,IFAD,58,-372.0270222736243
11,IFAD,59,-386.9571508000583
11,IFAD,60,-387.8153608505688
11,IFAD,61,-393.11526429956064
11,IFAD,62,-392.75854533774617
11,IFAD,63,-379.6963275469318
11,IFAD,64,-403.2521467910475
11,IFAD,65,-391.3496735059197
11,IFAD,66,-399.55284862513713
11,IFAD,67,-387.94876168234794
11,IFAD,68,-396.9347542767792
11,IFAD,69,-379.22443119258617
11,IFAD,70,-395.93779930280664
11,IFAD,71,-408.8396101065024
11,IFAD,72,-396.30412092323195
11,IFAD,73,-375.46173208737804
11,IFAD,74,-393.61650194191986
11,IFAD,75,-388.68814950322445
11,IFAD,76,-392.8410727934787
11,IFAD,77,-377.4783664952781
11,IFAD,78,-397.6264230112614
11,IFAD,79,-386.3618384369324
11,IFAD,80,-382.194626595005
11,IFAD,81,-385.60099608174363
11,IFAD,82,-379.5509505239958
11,IFAD,83,-381.7283623763888
11,IFAD,84,-396.50197299431653
11,IFAD,85,-435.6138372188116
11,IFAD,86,-399.42713276756734
11,IFAD,87,-400.40543554588794
11,IFAD,88,-399.57511175351016
11,IFAD,89,-412.4712885206721
11,IFAD,90,-409.3217031625393
11,IFAD,91,-395.7750639832542
11,IFAD,92,-392.8672445793031
11,IFAD,93,-410.01043499876505
11,IFAD,94,-411.60877777920274
11,IFAD,95,-421.02390412134724
11,IFAD,96,-424.01007448566315
11,IFAD,97,-392.41468357168986
11,IFAD,98,-392.58601461605684
11,IFAD,99,-403.3603045130718
11,IFAD,100,-387.83778473605474
11,IFAD,101,-384.6996305719704
11,IFAD,102,-386.0724454024698
11,IFAD,103,-398.7438129442738
11,IFAD,104,-387.07689052999336
11,IFAD,105,-390.0629204015196
11,IFAD,106,-398.0756168231971
11,IFAD,107,-382.7183591389688
11,IFAD,108,-386.59293442362804
11,IFAD,109,-403.9300304013902
11,IFAD,110,-384.0141658141425
11,IFAD,111,-393.75411780851283
11,IFAD,112,-380.74965452008075
11,IFAD,113,-391.0633481195952
11,IFAD,114,-380.6282382946423
11,IFAD,115,-385.66282440075065
11,IFAD,116,-382.8673555788878
11,IFAD,117,-387.3897205000499
11,IFAD,118,-392.5911611691768
11,IFAD,119,-376.28112986261914
11,IFAD,120,-383.12347710279755
11,IFAD,121,-372.8256888986645
11,IFAD,122,-382.9455388496209
11,IFAD,123,-376.1465339991692
11,IFAD,124,-382.4798649598986
11,IFAD,125,-384.31328252244026
11,IFAD,126,-375.00809053348667
11,IFAD,127,-377.361774415404
11,IFAD,128,-373.03740338829857
11,IFAD,129,-375.76963502691683
11,IFAD,130,-377.79666697080177
11,IFAD,131,-387.45455897195103
11,IFAD,132,-376.7588306118362
11,IFAD,133,-380.0039985049792
11,IFAD,134,-377.28068538020995
11,IFAD,135,-385.92577249375023
11,IFAD,136,-372.6683043028468
11,IFAD,137,-375.58971670171036
11,IFAD,138,-376.9862958988277
11,IFAD,139,-377.684558711172
11,IFAD,140,-379.52938259896456
11,IFAD,141,-374.82491981318225
11,IFAD,142,-371.1722688488988
11,IFAD,143,-378.8247437528828
11,IFAD,144,-373.2958174287207
11,IFAD,145,-378.9896159499372
11,IFAD,146,-377.55755876666245
11,IFAD,147,-372.0161973859946
11,IFAD,148,-376.9757843139674
11,IFAD,149,-378.20869200506826
11,IFAD,150,-376.63357006034687
11,IFAD,151,-381.2360290158596
11,IFAD,152,-391.8425551099122
11,IFAD,153,-373.11720694863544
11,IFAD,154,-373.1475211662768
11,IFAD,155,-381.45873597779797
11,IFAD,156,-374.10891621709914
11,IFAD,157,-368.1585987468136
11,IFAD,158,-374.6117360971769
11,IFAD,159,-374.4375670777084
11,IFAD,160,-380.33254947168894
11,IFAD,161,-371.4697674648742
11,IFAD,162,-376.28738996237263
11,IFAD,163,-377.7347870662414
11,IFAD,164,-372.08411399714777
11,IFAD,165,-373.1358723992558
11,IFAD,166,-378.8243157508552
11,IFAD,167,-377.8547293965052
11,IFAD,168,-371.2577164504888
11,IFAD,169,-378.46501216433217
11,IFAD,170,-382.4462692445197
11,IFAD,171,-378.1228343803026
11,IFAD,172,-388.7054792841397
11,IFAD,173,-378.7240544361428
11,IFAD,174,-381.24210438574744
11,IFAD,175,-368.6061578838586
11,IFAD,176,-381.9124340864309
11,IFAD,177,-375.56657334635486
11,IFAD,178,-374.6539950945056
11,IFAD,179,-369.9941896996648
11,IFAD,180,-379.35732531492613
11,IFAD,181,-373.0536622394792
11,IFAD,182,-361.95031277703396
11,IFAD,183,-384.6097572552567
11,IFAD,184,-372.747200277587
11,IFAD,185,-372.3790969497903
11,IFAD,186,-388.87980837513027
11,IFAD,187,-376.02937895732333
11,IFAD,188,-386.3803851875853
11,IFAD,189,-377.3183332180439
11,IFAD,190,-372.31913801426333
11,IFAD,191,-390.67468041942675
11,IFAD,192,-381.3698558025877
11,IFAD,193,-378.3315231795296
11,IFAD,194,-371.9222515239957
11,IFAD,195,-381.73612356264675
11,IFAD,196,-389.5887502626592
11,IFAD,197,-384.98388649744084
11,IFAD,198,-373.3022599199831
11,IFAD,199,-378.6509852704087
11,IFAD,200,-389.5411216814684
11,IFAD,201,-377.233573913074
11,IFAD,202,-376.43154300723245
11,IFAD,203,-365.6050837455667
11,IFAD,204,-384.0891652508723
11,IFAD,205,-370.4081370181015
11,IFAD,206,-374.95171305149154
11,IFAD,207,-398.1693253171601
11,IFAD,208,-370.94978585654326
11,IFAD,209,-388.84949807438755
11,IFAD,210,-370.8337560492927
11,IFAD,211,-375.79013310284995
11,IFAD,212,-379.4056002909095
11,IFAD,213,-365.0754356667068
11,IFAD,214,-368.49096238872437
11,IFAD,215,-387.0726564345421
11,IFAD,216,-367.09257076875497
11,IFAD,217,-385.58050566478283
11,IFAD,218,-373.2543137493954
11,IFAD,219,-366.17501684641786
11,IFAD,220,-366.960764148683
11,IFAD,221,-382.9426544861705
11,IFAD,222,-370.10504395325313
11,IFAD,223,-380.83600067835545
11,IFAD,224,-372.5385105928638
11,IFAD,225,-375.3135581677566
11,IFAD,226,-366.2172241024012
11,IFAD,227,-382.00769417365785
11,IFAD,228,-379.0757919944713
11,IFAD,229,-374.3668526785052
11,IFAD,230,-376.10946488047307
11,IFAD,231,-370.58355035833415
11,IFAD,232,-370.77577387750557
11,IFAD,233,-372.1558121025686
11,IFAD,234,-373.51330472466515
11,IFAD,235,-375.9926820970049
11,IFAD,236,-364.1902649508844
11,IFAD,237,-381.143016939007
11,IFAD,238,-367.9713040829094
11,IFAD,239,-374.9593883468936
11,IFAD,240,-373.6664564387777
11,IFAD,241,-367.3616103023541
11,IFAD,242,-371.01015823462114
11,IFAD,243,-379.4861112708558
11,IFAD,244,-386.9716358375507
11,IFAD,245,-371.9628307161105
11,IFAD,246,-369.390269991854
11,IFAD,247,-375.86885246697005
11,IFAD,248,-371.43638782988046
11,IFAD,249,-379.5701843722376
11,IFAD,250,-369.55201713335197
11,IFAD,251,-361.11242642085904
11,IFAD,252,-381.1585637954601
11,IFAD,253,-371.69608580407595
11,IFAD,254,-373.93000693306504
11,IFAD,255,-373.039925562201
11,IFAD,256,-385.9669581594103
11,IFAD,257,-378.1481757920657
11,IFAD,258,-384.99855825644516
11,IFAD,259,-371.08740143545714
11,IFAD,260,-384.8800863602135
11,IFAD,261,-373.0702150315252
11,IFAD,262,-375.6581807868312
11,IFAD,263,-372.6908489514145
11,IFAD,264,-387.02518659056085
11,IFAD,265,-371.36090452936435
11,IFAD,266,-383.50502330776476
11,IFAD,267,-372.57784119160704
11,IFAD,268,-379.20648204042357
11,IFAD,269,-381.23935997186607
11,IFAD,270,-369.3153325340577
11,IFAD,271,-371.64446178478124
11,IFAD,272,-375.27486308821665
11,IFAD,273,-384.19468295956693
11,IFAD,274,-380.21204991521313
11,IFAD,275,-377.7652817067188
11,IFAD,276,-381.29515398816426
11,IFAD,277,-366.7964307773272
11,IFAD,278,-380.56070083303393
11,IFAD,279,-369.23267431146775
11,IFAD,280,-382.94576345018754
11,IFAD,281,-387.1099112684992
11,IFAD,282,-372.0173708881618
11,IFAD,283,-381.5549555782893
11,IFAD,284,-378.5475373719199
11,IFAD,285,-382.82272717278175
11,IFAD,286,-377.51901425450126
11,IFAD,287,-382.1152303654004
11,IFAD,288,-390.21228094007563
11,IFAD,289,-381.6656466300806
11,IFAD,290,-381.2208960985729
11,IFAD,291,-372.2403736939633
11,IFAD,292,-388.2259711934634
11,IFAD,293,-365.39153973317866
11,IFAD,294,-375.2474437360251
11,IFAD,295,-384.5579921501543
11,IFAD,296,-385.2630461013509
11,IFAD,297,-380.4918800482434
11,IFAD,298,-371.6598456954697
11,IFAD,299,-375.4825362370356
11,IFAD,300,-365.4516707930654
11,IFAD,301,-370.38604063645647
11,IFAD,302,-373.0438727367832
11,IFAD,303,-371.9896276898722
11,IFAD,304,-386.70673967296705
11,IFAD,305,-368.5749052743474
11,IFAD,306,-376.7237623994886
11,IFAD,307,-366.561125744851
11,IFAD,308,-377.56239140044096
11,IFAD,309,-383.88303249021465
11,IFAD,310,-371.2764151342255
11,IFAD,311,-372.5416984852671
11,IFAD,312,-390.4780915332377
11,IFAD,313,-386.6567707790563
11,IFAD,314,-380.2736786851014
11,IFAD,315,-385.5282460848685
11,IFAD,316,-377.9220282821197
11,IFAD,317,-380.273313459071
11,IFAD,318,-374.8456470234567
11,IFAD,319,-379.1259830529276
11,IFAD,320,-368.10931060753614
11,IFAD,321,-372.68860333884345
11,IFAD,322,-385.8560145330914
11,IFAD,323,-379.563433681248
11,IFAD,324,-370.46218678942324
11,IFAD,325,-378.5758603277416
11,IFAD,326,-372.84893210872224
11,IFAD,327,-379.1070147379779
11,IFAD,328,-373.26248854661634
11,IFAD,329,-368.4827838350124
11,IFAD,330,-381.84819565936925
11,IFAD,331,-377.3607465706363
11,IFAD,332,-381.33089771321323
11,IFAD,333,-383.4554229571004
11,IFAD,334,-375.46834516293796
11,IFAD,335,-375.82291329780054
11,IFAD,336,-375.716154927997
11,IFAD,337,-364.2387339086646
11,IFAD,338,-385.3740732195748
11,IFAD,339,-378.42322595611904
11,IFAD,340,-382.1711249466565
11,IFAD,341,-373.14304820569845
11,IFAD,342,-376.1205082406645
11,IFAD,343,-371.4743653498079
11,IFAD,344,-370.5262970437993
11,IFAD,345,-362.0662894588777
11,IFAD,346,-366.4792615492079
11,IFAD,347,-370.519930938132
11,IFAD,348,-375.71686263135985
11,IFAD,349,-377.46060012681096
11,IFAD,350,-370.7090902576623
11,IFAD,351,-362.9875253848845
11,IFAD,352,-381.42330590268557
11,IFAD,353,-367.37020695904164
11,IFAD,354,-387.92875316969105
11,IFAD,355,-368.1169632187014
11,IFAD,356,-370.23205466535876
11,IFAD,357,-373.9452474887136
11,IFAD,358,-384.3248159100999
11,IFAD,359,-376.3326263525085
11,IFAD,360,-383.09664455285343
11,IFAD,361,-374.7555806386711
11,IFAD,362,-374.53556671098875
11,IFAD,363,-377.25043252402935
11,IFAD,364,-365.63615392152604
11,IFAD,365,-372.6995283423002
11,IFAD,366,-374.6862938327185
11,IFAD,367,-376.91208210176734
11,IFAD,368,-378.1750648630689
11,IFAD,369,-379.3929163325354
11,IFAD,370,-371.7175097517489
11,IFAD,371,-374.85488017753977
11,IFAD,372,-379.3520738395348
11,IFAD,373,-376.01864484383674
11,IFAD,374,-371.5728167923552
11,IFAD,375,-370.9321017239043
11,IFAD,376,-377.2622478554606
11,IFAD,377,-379.81470828256636
11,IFAD,378,-369.3959127146531
11,IFAD,379,-378.9921669304459
11,IFAD,380,-373.427986198147
11,IFAD,381,-381.3350085999465
11,IFAD,382,-375.08420378401667
11,IFAD,383,-368.4843400532511
11,IFAD,384,-360.76155832532436
11,IFAD,385,-376.5433771116275
11,IFAD,386,-379.30984300922046
11,IFAD,387,-374.1149141484884
11,IFAD,388,-368.6408980752657
11,IFAD,389,-377.9140119450383
11,IFAD,390,-373.53339176772784
11,IFAD,391,-372.9343983323865
11,IFAD,392,-363.6614358931327
11,IFAD,393,-378.6147384836799
11,IFAD,394,-372.56429352882634
11,IFAD,395,-366.56592442560543
11,IFAD,396,-382.43987786120584
11,IFAD,397,-395.0545808642266
11,IFAD,398,-375.5795540636367
11,IFAD,399,-375.46662430987936
12,IF2,0,-420.9360543790867
12,IF2,1,-474.6682374696177
12,IF2,2,-426.9437780291129
12,IF2,3,-394.74530932178
12,IF2,4,-391.85535586158676
12,IF2,5,-393.79039541991744
12,IF2,6,-394.61835907246405
12,IF2,7,-390.2934266850486
12,IF2,8,-388.3484855360208
12,IF2,9,-381.5028226500592
12,IF2,10,-382.4004280073492
12,IF2,11,-386.4069489886375
12,IF2,12,-377.8516433624474
12,IF2,13,-370.97524532717654
12,IF2,14,-376.83137095296354
12,IF2,15,-369.7771734866226
12,IF2,16,-380.2206892994295
12,IF2,17,-375.10201760595186
12,IF2,18,-377.978242362075
12,IF2,19,-392.2466194542791
12,IF2,20,-400.1369041751762
12,IF2,21,-376.1365484520308
12,IF2,22,-381.65921885657815
12,IF2,23,-386.06360453195333
12,IF2,24,-375.6292955354932
12,IF2,25,-399.6181102604178
12,IF2,26,-396.77546326495195
12,IF2,27,-385.6885746371649
12,IF2,28,-385.47868200233387
12,IF2,29,-399.38072020358425
12,IF2,30,-396.33885735592696
12,IF2,31,-377.0071125227059
12,IF2,32,-396.81441729463836
12,IF2,33,-384.7899902942706
12,IF2,34,-367.66377355925016
12,IF2,35,-396.69958331840735
12,IF2,36,-390.7852932021419
12,IF2,37,-383.2717453360972
12,IF2,38,-381.3887301429326
12,IF2,39,-378.35377744975386
12,IF2,40,-371.5147116428347
12,IF2,41,-384.7859372818187
12,IF2,42,-385.9800242462095
12,IF2,43,-369.78827451242074
12,IF2,44,-382.4740831566574
12,IF2,45,-381.7414155446473
12,IF2,46,-376.53516080403415
12,IF2,47,-377.55453537716573
12,IF2,48,-387.2635447251806
12,IF2,49,-376.3394024434865
12,IF2,50,-381.2927295387851
12,IF2,51,-374.86313960833223
12,IF2,52,-382.0180105189814
12,IF2,53,-384.3559176702224
12,IF2,54,-379.3818365733058
12,IF2,55,-391.8169469027927
12,IF2,56,-379.77676579735237
12,IF2,57,-391.42212301825487
12,IF2,58,-389.96495494922704
12,IF2,59,-375.5026334447017
12,IF2,60,-383.25335470476455
12,IF2,61,-388.52083962720616
12,IF2,62,-382.7897522171073
12,IF2,63,-393.52129282291145
12,IF2,64,-413.031886209093
12,IF2,65,-406.4114425209633
12,IF2,66,-412.5227099258035
12,IF2,67,-420.7219222843818
12,IF2,68,-416.8122599518971
12,IF2,69,-408.6366000611963
12,IF2,70,-402.24961966311525
12,IF2,71,-388.37459437892795
12,IF2,72,-397.200842424093
12,IF2,73,-380.8762933622341
12,IF2,74,-382.7670043224772
12,IF2,75,-385.682705227154
12,IF2,76,-375.2236716527441
12,IF2,77,-375.50502445897393
12,IF2,78,-380.5566332224817
12,IF2,79,-371.50726317568336
12,IF2,80,-373.3500833792817
12,IF2,81,-398.17703976446506
12,IF2,82,-383.0131461320523
12,IF2,83,-392.45564305618456
12,IF2,84,-387.6840810170382
12,IF2,85,-382.33593769320095
12,IF2,86,-380.60109829275143
12,IF2,87,-383.6414815261897
12,IF2,88,-398.7450342479872
12,IF2,89,-381.1361560639049
12,IF2,90,-392.05908858378785
12,IF2,91,-385.0356925502458
12,IF2,92,-393.30733022779896
12,IF2,93,-394.4049732522125
12,IF2,94,-384.79452579021284
12,IF2,95,-398.2218027986138
12,IF2,96,-395.93706803008473
12,IF2,97,-394.824705273562
12,IF2,98,-414.18193472288584
12,IF2,99,-409.3154831431262
12,IF2,100,-389.1983358947665
12,IF2,101,-389.3251811849096
12,IF2,102,-407.6394927853534
12,IF2,103,-393.14236235263877
12,IF2,104,-386.08385369101273
12,IF2,105,-383.5731543415406
12,IF2,106,-380.23821138641625
12,IF2,107,-378.60824034288436
12,IF2,108,-382.175949956615
12,IF2,109,-380.6780917023784
12,IF2,110,-378.98314056441336
12,IF2,111,-390.8858074571862
12,IF2,112,-396.01956038118846
12,IF2,113,-374.06211657273826
12,IF2,114,-375.56814121826915
12,IF2,115,-374.4760806209346
12,IF2,116,-393.7448628838704
12,IF2,117,-363.94657016876283
12,IF2,118,-384.0373020216614
12,IF2,119,-374.17803243231685
12,IF2,120,-380.21150114623674
12,IF2,121,-371.7392224367366
12,IF2,122,-376.3067813451318
12,IF2,123,-378.1580253252448
12,IF2,124,-384.02192828273695
12,IF2,125,-376.6112934734233
12,IF2,126,-379.2101684260758
12,IF2,127,-381.8219756565657
12,IF2,128,-385.1811718113426
12,IF2,129,-381.13417766182675
12,IF2,130,-377.51494490952086
12,IF2,131,-388.1753421433926
12,IF2,132,-384.8442681202624
12,IF2,133,-384.0598231169276
12,IF2,134,-383.73347673834184
12,IF2,135,-373.2998215702184
12,IF2,136,-373.2502289143913
12,IF2,137,-387.37812454619603
12,IF2,138,-379.94244250214325
12,IF2,139,-386.45695933356114
12,IF2,140,-377.4901788642875
12,IF2,141,-377.06209817598517
12,IF2,142,-376.90573167715013
12,IF2,143,-374.7173574177612
12,IF2,144,-375.36192751498464
12,IF2,145,-384.6554806761496
12,IF2,146,-380.9560299664784
12,IF2,147,-382.30769229147154
12,IF2,148,-385.3935546246785
12,IF2,149,-374.640168836052
12,IF2,150,-375.2676839586827
12,IF2,151,-380.83585697972023
12,IF2,152,-380.0259452916144
12,IF2,153,-363.7697482527673
12,IF2,154,-385.26185835939685
12,IF2,155,-378.71585373296324
12,IF2,156,-378.38651457136353
12,IF2,157,-373.5701887044438
12,IF2,158,-394.2723990897651
12,IF2,159,-371.4220335801659
12,IF2,160,-370.46175714478704
12,IF2,161,-367.9689468296743
12,IF2,162,-367.3338506942352
12,IF2,163,-366.20618620277264
12,IF2,164,-372.02418970647153
12,IF2,165,-386.3641650396562
12,IF2,166,-375.1735753314298
12,IF2,167,-366.83498289411364
12,IF2,168,-370.9918738142548
12,IF2,169,-370.23810000185586
12,IF2,170,-381.0511139774221
12,IF2,171,-371.24943973666427
12,IF2,172,-375.2184132932676
12,IF2,173,-379.14482438872807
12,IF2,174,-375.8810145397628
12,IF2,175,-389.19300471548894
12,IF2,176,-369.86388533132344
12,IF2,177,-376.0482934654489
12,IF2,178,-382.08341555868117
12,IF2,179,-379.2870165556417
12,IF2,180,-382.13177449025943
12,IF2,181,-380.3352867045794
12,IF2,182,-373.7032101278455
12,IF2,183,-380.23921074855775
12,IF2,184,-371.24495703689564
12,IF2,185,-384.9923669406071
12,IF2,186,-379.4417409461507
12,IF2,187,-376.9981747065837
12,IF2,188,-369.12034752054785
12,IF2,189,-380.1901097452946
12,IF2,190,-383.2441201378397
12,IF2,191,-367.84421621683487
12,IF2,192,-377.4301385152415
12,IF2,193,-383.57570318553815
12,IF2,194,-372.4584160664084
12,IF2,195,-377.0040006020376
12,IF2,196,-382.8278955203819
12,IF2,197,-374.4756278659511
12,IF2,198,-379.76543688091687
12,IF2,199,-380.95152109445286
12,IF2,200,-366.61175465236755
12,IF2,201,-373.44476334934427
12,IF2,202,-378.5868276658185
12,IF2,203,-376.65698385289426
12,IF2,204,-374.7063783216057
12,IF2,205,-361.92099895713983
12,IF2,206,-378.363392647192
12,IF2,207,-369.7102648846938
12,IF2,208,-375.8889924328629
12,IF2,209,-382.07159128866647
12,IF2,210,-376.706933674157
12,IF2,211,-373.5910556806107
12,IF2,212,-385.1890701930833
12,IF2,213,-383.7147827019035
12,IF2,214,-373.3209311457301
12,IF2,215,-385.4440015186881
12,IF2,216,-388.8478711898176
12,IF2,217,-369.7546887345381
12,IF2,218,-388.9170731440705
12,IF2,219,-379.4322607784842
12,IF2,220,-373.82660898357847
12,IF2,221,-375.5426703282043
12,IF2,222,-380.33215826860607
12,IF2,223,-362.1177940899249
12,IF2,224,-382.84888128079206
12,IF2,225,-375.3041578493394
12,IF2,226,-383.35302563945913
12,IF2,227,-378.4932566286336
12,IF2,228,-387.2917634035369
12,IF2,229,-384.9037494988629
12,IF2,230,-383.69167912113
12,IF2,231,-369.04302572024505
12,IF2,232,-367.6938230143117
12,IF2,233,-373.9402743836583
12,IF2,234,-370.24976596561675
12,IF2,235,-378.81546967419786
12,IF2,236,-378.18075816523225
12,IF2,237,-377.7851595426027
12,IF2,238,-373.44400905272585
12,IF2,239,-372.41039297273966
12,IF2,240,-373.36098968821483
12,IF2,241,-372.11991654394706
12,IF2,242,-382.5876982995232
12,IF2,243,-377.51837222075756
12,IF2,244,-374.45777378472064
12,IF2,245,-381.1969333792145
12,IF2,246,-384.70327042112575
12,IF2,247,-374.1962728486044
12,IF2,248,-385.6569358328715
12,IF2,249,-380.62194664205964
12,IF2,250,-370.91991379620873
12,IF2,251,-370.1134325540574
12,IF2,252,-368.5300442434129
12,IF2,253,-378.331155542626
12,IF2,254,-382.8008171585687
12,IF2,255,-375.80678251054053
12,IF2,256,-371.43467103191256
12,IF2,257,-379.32864736698235
12,IF2,258,-377.02261146142575
12,IF2,259,-377.8793418585491
12,IF2,260,-376.6363486030193
12,IF2,261,-379.0467559529914
12,IF2,262,-371.8664105161027
12,IF2,263,-383.36785857848776
12,IF2,264,-380.9316106769939
12,IF2,265,-370.9582851825254
12,IF2,266,-378.9583802507781
12,IF2,267,-380.6503221814292
12,IF2,268,-374.5614692934124
12,IF2,269,-373.3186985603179
12,IF2,270,-378.2234434207262
12,IF2,271,-373.89025890808693
12,IF2,272,-371.65765247036353
12,IF2,273,-377.2644105214452
12,IF2,274,-379.12780294584155
12,IF2,275,-374.6803072959319
12,IF2,276,-367.49402335722806
12,IF2,277,-373.27061879960763
12,IF2,278,-372.1099619887427
12,IF2,279,-374.1424539200035
12,IF2,280,-379.1417750071714
12,IF2,281,-377.6785875797861
12,IF2,282,-382.8455693141085
12,IF2,283,-369.6910270758906
12,IF2,284,-375.33617578728024
12,IF2,285,-369.7230367564908
12,IF2,286,-386.61034937495947
12,IF2,287,-377.8632599373176
12,IF2,288,-383.7105136684651
12,IF2,289,-382.962992314365
12,IF2,290,-383.89512678532566
12,IF2,291,-377.7125521758379
12,IF2,292,-380.93494390941885
12,IF2,293,-389.1393588615992
12,IF2,294,-382.59569691024353
12,IF2,295,-378.2119206043785
12,IF2,296,-372.7239639290957
12,IF2,297,-381.38318979314903
12,IF2,298,-385.29702476344073
12,IF2,299,-371.48752922559817
12,IF2,300,-376.2687114686428
12,IF2,301,-379.86788982626257
12,IF2,302,-374.20179769992154
12,IF2,303,-370.36136039009017
12,IF2,304,-375.0263964230691
12,IF2,305,-367.492721021222
12,IF2,306,-388.17159198959655
12,IF2,307,-378.6804696371861
12,IF2,308,-375.29906490306956
12,IF2,309,-371.03991265766945
12,IF2,310,-384.13821049772946
12,IF2,311,-378.8582008347394
12,IF2,312,-382.00707376586945
12,IF2,313,-368.02274883164597
12,IF2,314,-369.30521416191016
12,IF2,315,-371.650855514909
12,IF2,316,-375.14354567371623
12,IF2,317,-379.3730369113684
12,IF2,318,-373.21466315489636
12,IF2,319,-372.3755119985009
12,IF2,320,-378.57418853363527
12,IF2,321,-368.3645106670301
12,IF2,322,-380.15696934774456
12,IF2,323,-380.15194294195595
12,IF2,324,-375.81515304660024
12,IF2,325,-382.0217250022985
12,IF2,326,-384.6410200802406
12,IF2,327,-368.5030571379985
12,IF2,328,-391.7211876828464
12,IF2,329,-375.67076028256713
12,IF2,330,-377.42293843378195
12,IF2,331,-371.04670710007673
12,IF2,332,-365.4001174894198
12,IF2,333,-389.3989137830075
12,IF2,334,-376.2098551697685
12,IF2,335,-372.8450607552969
12,IF2,336,-378.32734492163416
12,IF2,337,-375.5379695367236
12,IF2,338,-377.0658964755749
12,IF2,339,-385.1895561904687
12,IF2,340,-375.3062907888438
12,IF2,341,-384.79146098053855
12,IF2,342,-379.0703921499394
12,IF2,343,-383.44730219398224
12,IF2,344,-373.85487276797505
12,IF2,345,-384.5565358132605
12,IF2,346,-386.7026138496701
12,IF2,347,-375.58467814560913
12,IF2,348,-384.6451290466045
12,IF2,349,-373.89598183746034
12,IF2,350,-377.0926040878053
12,IF2,351,-373.9998159293551
12,IF2,352,-387.7685516273861
12,IF2,353,-374.1313905933742
12,IF2,354,-379.094563247749
12,IF2,355,-370.73738838429387
12,IF2,356,-380.78331376672884
12,IF2,357,-377.10471513000044
12,IF2,358,-377.90879760641246
12,IF2,359,-375.908560472866
12,IF2,360,-384.4430779507077
12,IF2,361,-379.96443938334136
12,IF2,362,-383.0268403968278
12,IF2,363,-365.69094274785414
12,IF2,364,-374.47051225428936
12,IF2,365,-375.5048881288864
12,IF2,366,-371.56980309848444
12,IF2,367,-376.4767890408945
12,IF2,368,-371.0967098915087
12,IF2,369,-390.42005023743343
12,IF2,370,-378.0277117869664
12,IF2,371,-380.6009351069874
12,IF2,372,-374.4843193901062
12,IF2,373,-372.74664415842085
12,IF2,374,-377.99031009325904
12,IF2,375,-369.4543259515852
12,IF2,376,-377.7397842037076
12,IF2,377,-377.4563646572849
12,IF2,378,-371.9500639247261
12,IF2,379,-377.6644248138503
12,IF2,380,-382.43259413431497
12,IF2,381,-385.09222988780294
12,IF2,382,-365.670838240519
12,IF2,383,-370.9906516693572
12,IF2,384,-378.6246522083321
12,IF2,385,-376.0037014664483
12,IF2,386,-375.7510075531651
12,IF2,387,-381.48115140098383
12,IF2,388,-377.5527314367257
12,IF2,389,-383.70501240232414
12,IF2,390,-385.38409924127956
12,IF2,391,-380.5364291519202
12,IF2,392,-387.71229664908014
12,IF2,393,-374.9889008482697
12,IF2,394,-369.5820633875081
12,IF2,395,-366.5487138575196
12,IF2,396,-382.24857256561927
12,IF2,397,-385.085161072044
12,IF2,398,-378.62323492789955
12,IF2,399,-378.6604653766003
12,IF2,400,-374.7381238559669
12,IF2,401,-370.53653799551864
12,IF2,402,-380.843142224242
12,IF2,403,-372.916852995032
12,IF2,404,-379.63578563517046
12,IF2,405,-385.124336238765
12,IF2,406,-375.3411246379387
12,IF2,407,-385.7245588586021
12,IF2,408,-364.33752463272236
12,IF2,409,-380.76670281134005
12,IF2,410,-386.0746682765118
12,IF2,411,-380.0571151329149
12,IF2,412,-375.34178368630415
12,IF2,413,-381.2687609627678
12,IF2,414,-374.73424085753913
12,IF2,415,-374.187413052788
12,IF2,416,-373.5148830353021
12,IF2,417,-376.91143126657477
12,IF2,418,-381.1615812980823
12,IF2,419,-384.4507659921073
12,IF2,420,-382.64254483300357
12,IF2,421,-377.32380533349067
12,IF2,422,-373.3256383604054
12,IF2,423,-379.42913807098
12,IF2,424,-382.15297143021456
12,IF2,425,-374.89297832529235
12,IF2,426,-381.03140414022835
12,IF2,427,-382.246790289866
12,IF2,428,-369.06450895912633
12,IF2,429,-371.8337929023211
12,IF2,430,-370.0844168260778
12,IF2,431,-376.4769302749909
12,IF2,432,-374.163051675126
12,IF2,433,-385.8786135668864
12,IF2,434,-372.30168380204555
12,IF2,435,-372.9451666038498
12,IF2,436,-373.47797553633853
12,IF2,437,-379.3013447216688
12,IF2,438,-375.63160949956585
12,IF2,439,-373.1785611628391
12,IF2,440,-380.4099508979198
12,IF2,441,-375.98341408761945
12,IF2,442,-378.30328819616904
12,IF2,443,-379.6672316681497
12,IF2,444,-378.76269569234364
12,IF2,445,-382.0435100489793
12,IF2,446,-374.29731945689593
12,IF2,447,-377.72827685155704
12,IF2,448,-372.67292774245254
12,IF2,449,-381.4661677764219
12,IF2,450,-384.3593821274947
12,IF2,451,-364.9489795191672
12,IF2,452,-378.40931772933357
12,IF2,453,-370.86902243988027
12,IF2,454,-370.3959882867147
12,IF2,455,-376.00430405723307
12,IF2,456,-372.74800344758285
12,IF2,457,-380.81785652268314
12,IF2,458,-373.74345837052255
12,IF2,459,-367.48233214733233
12,IF2,460,-388.14957782618575
12,IF2,461,-369.57648604635654
12,IF2,462,-373.82244596772523
12,IF2,463,-376.6598414396353
12,IF2,464,-378.2951660587357
12,IF2,465,-368.7822015688341
12,IF2,466,-372.85882227060574
12,IF2,467,-370.40380879723676
12,IF2,468,-382.4039165009896
12,IF2,469,-367.36604300266157
12,IF2,470,-372.16229514371383
12,IF2,471,-383.60903369788224
12,IF2,472,-373.81823101220107
12,IF2,473,-384.05346155367585
12,IF2,474,-369.37115094901725
12,IF2,475,-380.6949458149052
12,IF2,476,-374.74169657688645
12,IF2,477,-379.30505543054545
12,IF2,478,-380.9701115957037
12,IF2,479,-372.688789629453
12,IF2,480,-378.9168182774337
12,IF2,481,-383.08180058438643
12,IF2,482,-375.70391356038215
12,IF2,483,-387.998745775953
12,IF2,484,-370.9741653873332
12,IF2,485,-377.8944275965738
12,IF2,486,-388.37155252536706
12,IF2,487,-373.6260670435327
12,IF2,488,-375.36340871041534
12,IF2,489,-381.52696174055427
12,IF2,490,-374.4295398245141
12,IF2,491,-362.8691033402848
12,IF2,492,-371.2148800717719
12,IF2,493,-378.05547567354904
12,IF2,494,-373.8001198763072
12,IF2,495,-384.66876355614903
12,IF2,496,-388.04923580519045
12,IF2,497,-384.9142608599726
12,IF2,498,-381.0485550162785
12,IF2,499,-380.90556172833226
12,IF2,500,-376.920909687495
12,IF2,501,-375.6462894333443
12,IF2,502,-384.7721316795834
12,IF2,503,-379.6514616126987
12,IF2,504,-366.541782393338
12,IF2,505,-375.90004027062406
12,IF2,506,-366.11851522973
12,IF2,507,-369.58518193359646
12,IF2,508,-380.0854942578514
12,IF2,509,-378.4959860651754
12,IF2,510,-362.85314663637047
12,IF2,511,-378.65064946871564
12,IF2,512,-377.36423092975804
12,IF2,513,-368.8777753763951
12,IF2,514,-384.2130509644785
12,IF2,515,-385.49399897099556
12,IF2,516,-379.28675874250735
12,IF2,517,-366.4473030338887
12,IF2,518,-373.7648722690331
12,IF2,519,-380.09816674073727
12,IF2,520,-370.1095938865387
12,IF2,521,-383.47158873448944
12,IF2,522,-380.86099840550196
12,IF2,523,-381.5905587257586
12,IF2,524,-377.1304138281533
12,IF2,525,-382.21066505336717
12,IF2,526,-378.5978002913211
12,IF2,527,-379.0314081513701
12,IF2,528,-376.53408432719476
12,IF2,529,-371.7324626990919
12,IF2,530,-368.898518919099
12,IF2,531,-387.87422228298436
12,IF2,532,-372.76093522333105
12,IF2,533,-378.09720596464626
12,IF2,534,-381.6852615793187
12,IF2,535,-377.3590070403608
12,IF2,536,-378.5753342034048
12,IF2,537,-376.5473140328529
12,IF2,538,-382.35494710051194
12,IF2,539,-378.55415818713925
12,IF2,540,-374.9860083345723
12,IF2,541,-369.6591110494927
12,IF2,542,-368.13234537247286
12,IF2,543,-382.5166952875767
12,IF2,544,-378.4555793838034
12,IF2,545,-392.224058578336
12,IF2,546,-387.7482499553875
12,IF2,547,-385.16006317150413
12,IF2,548,-376.1917703987354
12,IF2,549,-385.49634295884806
12,IF2,550,-380.692204221963
12,IF2,551,-372.4251624086706
12,IF2,552,-383.3019735222114
12,IF2,553,-375.6986439315676
12,IF2,554,-369.7521442551187
12,IF2,555,-387.6311942375502
12,IF2,556,-372.94682999242474
12,IF2,557,-376.4279073608603
12,IF2,558,-379.39867139775623
12,IF2,559,-386.2057658526893
12,IF2,560,-387.5445803330247
12,IF2,561,-359.96562753404214
12,IF2,562,-367.1061534012282
12,IF2,563,-391.3323824348891
12,IF2,564,-379.7932634530634
12,IF2,565,-380.67257628513727
12,IF2,566,-391.6697725679269
12,IF2,567,-380.7706373820495
12,IF2,568,-379.096263366593
12,IF2,569,-372.94640633136777
12,IF2,570,-377.50591123472924
12,IF2,571,-369.75741350496173
12,IF2,572,-372.7224901276149
12,IF2,573,-379.6794659881086
12,IF2,574,-373.18849353634164
12,IF2,575,-380.8358056361408
12,IF2,576,-360.96754846052573
12,IF2,577,-378.1794664193135
12,IF2,578,-367.82675267862857
12,IF2,579,-368.4730422175424
12,IF2,580,-375.09270496313354
12,IF2,581,-370.3572289087436
12,IF2,582,-370.2886330623146
12,IF2,583,-373.26710321194406
12,IF2,584,-362.30752793052176
12,IF2,585,-384.8747701432447
12,IF2,586,-370.7175114253864
12,IF2,587,-378.8630590880396
12,IF2,588,-384.97739604330474
12,IF2,589,-365.24939413718903
12,IF2,590,-377.55430580907904
12,IF2,591,-380.9558674707316
12,IF2,592,-386.59584671161025
12,IF2,593,-381.8859498638207
12,IF2,594,-367.7625800465087
12,IF2,595,-379.44585944534776
12,IF2,596,-365.3121578051914
12,IF2,597,-390.59962950992156
12,IF2,598,-368.853171773558
12,IF2,599,-376.9254616549299
12,IFAD,0,-422.14980116181255
12,IFAD,1,-407.8585903927329
12,IFAD,2,-387.7673618598681
12,IFAD,3,-387.6795737428
12,IFAD,4,-397.4169754350297
12,IFAD,5,-427.19916177995145
12,IFAD,6,-396.9362345557285
12,IFAD,7,-398.54477256340346
12,IFAD,8,-404.47531566788206
12,IFAD,9,-439.2090410241017
12,IFAD,10,-403.7943749552032
12,IFAD,11,-408.27115964862344
12,IFAD,12,-400.85337733234803
12,IFAD,13,-398.5065402503259
12,IFAD,14,-385.92550385904445
12,IFAD,15,-392.7844313660493
12,IFAD,16,-379.3384591854678
12,IFAD,17,-381.48248414320693
12,IFAD,18,-404.9701618521622
12,IFAD,19,-415.9618260707981
12,IFAD,20,-417.11611993099905
12,IFAD,21,-396.1884691850708
12,IFAD,22,-380.2517716436138
12,IFAD,23,-379.9002418642761
12,IFAD,24,-387.1730855868692
12,IFAD,25,-377.8972663148551
12,IFAD,26,-373.7007898559843
12,IFAD,27,-388.4700061141071
12,IFAD,28,-411.1956848248767
12,IFAD,29,-408.2427708556026
12,IFAD,30,-406.46748293042555
12,IFAD,31,-399.1198186816157
12,IFAD,32,-384.7593869155608
12,IFAD,33,-405.6796135757163
12,IFAD,34,-394.857157633606
12,IFAD,35,-397.1578989419275
12,IFAD,36,-399.84121907830365
12,IFAD,37,-388.79920154623153
12,IFAD,38,-385.00978222069136
12,IFAD,39,-394.085853167433
12,IFAD,40,-391.50303192109084
12,IFAD,41,-383.1591939304489
12,IFAD,42,-354.70369972357804
12,IFAD,43,-379.9262306472512
12,IFAD,44,-380.973780333135
12,IFAD,45,-384.49323440622993
12,IFAD,46,-393.9571699608103
12,IFAD,47,-375.1033283822278
12,IFAD,48,-371.69130973714687
12,IFAD,49,-366.3421613683684
12,IFAD,50,-386.05265740109894
12,IFAD,51,-367.64165468856777
12,IFAD,52,-372.41899648500794
12,IFAD,53,-377.41653440239685
12,IFAD,54,-397.57162919644355
12,IFAD,55,-398.4385790484029
12,IFAD,56,-389.5024621496407
12,IFAD,57,-383.8200571239713
12,IFAD,58,-382.29804968953596
12,IFAD,59,-373.2498233900164
12,IFAD,60,-374.37924573881355
12,IFAD,61,-375.8300441229783
12,IFAD,62,-387.8539919002356
12,IFAD,63,-382.45974503839966
12,IFAD,64,-404.7347545801367
12,IFAD,65,-396.00861389348194
12,IFAD,66,-373.0980261091537
12,IFAD,67,-383.0239715565836
12,IFAD,68,-383.249309719531
12,IFAD,69,-381.1616066202235
12,IFAD,70,-392.81236828619
12,IFAD,71,-382.46557509004407
12,IFAD,72,-372.4692549160789
12,IFAD,73,-362.52439993641246
12,IFAD,74,-385.89111293436497
12,IFAD,75,-389.4727266890897
12,IFAD,76,-383.1156270061573
12,IFAD,77,-382.82052593678117
12,IFAD,78,-379.9842155039914
12,IFAD,79,-385.55500015325197
12,IFAD,80,-391.0693152154548
12,IFAD,81,-377.02969373342864
12,IFAD,82,-382.4703561366703
12,IFAD,83,-373.0807240344866
12,IFAD,84,-373.15541447092556
12,IFAD,85,-373.17523568304
12,IFAD,86,-372.73490703036595
12,IFAD,87,-369.3681434746981
12,IFAD,88,-389.40673260729716
12,IFAD,89,-387.8998047076243
12,IFAD,90,-375.87983121435326
12,IFAD,91,-382.4505391391177
12,IFAD,92,-386.54261079876443
12,IFAD,93,-386.977853669521
12,IFAD,94,-382.0947016203942
12,IFAD,95,-367.48553977086306
12,IFAD,96,-375.66452839666863
12,IFAD,97,-377.91099089231676
12,IFAD,98,-376.5173366676716
12,IFAD,99,-380.4067008408945
12,IFAD,100,-372.2974842658754
12,IFAD,101,-372.6578480497908
12,IFAD,102,-376.02565588773706
12,IFAD,103,-390.0787376880969
12,IFAD,104,-383.60979834996505
12,IFAD,105,-378.71561682773745
12,IFAD,106,-380.347107355141
12,IFAD,107,-375.4304325029612
12,IFAD,108,-388.29177704340947
12,IFAD,109,-374.303156761818
12,IFAD,110,-365.6947513156057
12,IFAD,111,-376.5266525485653
12,IFAD,112,-371.2468518622789
12,IFAD,113,-383.3826186413417
12,IFAD,114,-382.0040620256274
12,IFAD,115,-378.93710888961385
12,IFAD,116,-380.7458873007043
12,IFAD,117,-373.78493574062594
12,IFAD,118,-381.9201043068913
12,IFAD,119,-371.4266184614142
12,IFAD,120,-377.38315732342545
12,IFAD,121,-364.5678350318168
12,IFAD,122,-379.07505546213906
12,IFAD,123,-374.44325084733305
12,IFAD,124,-384.9571376111056
12,IFAD,125,-384.72356648584827
12,IFAD,126,-371.93688025109867
12,IFAD,127,-363.43027967037625
12,IFAD,128,-382.738715752836
12,IFAD,129,-366.3117578048147
12,IFAD,130,-380.640459861314
12,IFAD,131,-377.4960759890078
12,IFAD,132,-383.5779475905134
12,IFAD,133,-383.42495905534395
12,IFAD,134,-384.4717694788795
12,IFAD,135,-383.6705380520746
12,IFAD,136,-370.0907928315809
12,IFAD,137,-373.21602682679315
12,IFAD,138,-388.40051207572657
12,IFAD,139,-366.2294692532696
12,IFAD,140,-371.56496214286426
12,IFAD,141,-378.8296353656361
12,IFAD,142,-374.0416843085907
12,IFAD,143,-374.62063514362836
12,IFAD,144,-373.1284919648969
12,IFAD,145,-362.92134386894344
12,IFAD,146,-372.2182194774259
12,IFAD,147,-380.5669282795173
12,IFAD,148,-383.8292627960465
12,IFAD,149,-375.02961753907624
12,IFAD,150,-387.11812206356143
12,IFAD,151,-377.83899977113
12,IFAD,152,-384.9876237606969
12,IFAD,153,-385.21217456567166
12,IFAD,154,-387.0097682235005
12,IFAD,155,-367.5252163695607
12,IFAD,156,-385.46027480222864
12,IFAD,157,-360.54595234287245
12,IFAD,158,-385.0962783453944
12,IFAD,159,-384.917795575825
12,IFAD,160,-374.6546146586579
12,IFAD,161,-377.789940368579
12,IFAD,162,-370.20170301282906
12,IFAD,163,-385.3583351031578
12,IFAD,164,-379.86060193160046
12,IFAD,165,-373.9949209779577
12,IFAD,166,-369.60384538065586
12,IFAD,167,-382.0635291444408
12,IFAD,168,-377.13675239879734
12,IFAD,169,-373.5287180984825
12,IFAD,170,-363.67923169732416
12,IFAD,171,-379.2593429474256
12,IFAD,172,-368.9237986113219
12,IFAD,173,-364.602264477069
12,IFAD,174,-379.76653707275716
12,IFAD,175,-368.55174883009374
12,IFAD,176,-374.69115845312365
12,IFAD,177,-373.96876360237064
12,IFAD,178,-388.1163821502072
12,IFAD,179,-377.072150054005
12,IFAD,180,-388.4103038379721
12,IFAD,181,-370.2812400553356
12,IFAD,182,-382.37611358016335
12,IFAD,183,-377.50349933736004
12,IFAD,184,-384.0486329949085
12,IFAD,185,-377.9708168534795
12,IFAD,186,-381.25903324461973
12,IFAD,187,-381.18083343142257
12,IFAD,188,-370.8303291514547
12,IFAD,189,-376.9027753357766
12,IFAD,190,-376.53597663514375
12,IFAD,191,-365.7728612101711
12,IFAD,192,-379.46042151013
12,IFAD,193,-380.69648163219006
12,IFAD,194,-373.31629744184136
12,IFAD,195,-383.6830894670134
12,IFAD,196,-386.3460394557291
12,IFAD,197,-372.99178681144906
12,IFAD,198,-371.1804239355585
12,IFAD,199,-383.04698241858495
12,IFAD,200,-377.8910103157635
12,IFAD,201,-384.12838309412007
12,IFAD,202,-362.89482471402175
12,IFAD,203,-388.9608312116839
12,IFAD,204,-376.45502755067383
12,IFAD,205,-379.8257455897354
12,IFAD,206,-375.8159776109052
12,IFAD,207,-381.48429740107935
12,IFAD,208,-373.79462684565107
12,IFAD,209,-380.6736442105599
12,IFAD,210,-374.7168552496449
12,IFAD,211,-367.29156338517384
12,IFAD,212,-377.451819692277
12,IFAD,213,-359.25591466130635
12,IFAD,214,-374.0642894484702
12,IFAD,215,-371.66040647443134
12,IFAD,216,-379.1367751239605
12,IFAD,217,-375.33302957526206
12,IFAD,218,-365.9232261122648
12,IFAD,219,-369.37175111362603
12,IFAD,220,-373.74790306002086
12,IFAD,221,-375.3202870665835
12,IFAD,222,-376.67669735332373
12,IFAD,223,-380.876815078638
12,IFAD,224,-364.01677071880795
12,IFAD,225,-372.5879663786765
12,IFAD,226,-374.689074279478
12,IFAD,227,-372.47164214345287
12,IFAD,228,-369.1579785161846
12,IFAD,229,-368.4654116036309
12,IFAD,230,-384.2055214901787
12,IFAD,231,-369.2629705043247
12,IFAD,232,-389.1909244327133
12,IFAD,233,-383.92144215774294
12,IFAD,234,-377.4863058430263
12,IFAD,235,-379.58414835486326
12,IFAD,236,-377.95857048617074
12,IFAD,237,-383.50273116620014
12,IFAD,238,-373.15263990508396
12,IFAD,239,-386.1708719221437
12,IFAD,240,-376.90938738348484
12,IFAD,241,-374.87335925535626
12,IFAD,242,-391.39172159228076
12,IFAD,243,-371.5651489104927
12,IFAD,244,-377.3628930537108
12,IFAD,245,-381.30965768493843
12,IFAD,246,-365.9440807248011
12,IFAD,247,-372.9334105430514
12,IFAD,248,-374.18092423386486
12,IFAD,249,-369.8890458422472
12,IFAD,250,-382.67581540822084
12,IFAD,251,-375.29890400476074
12,IFAD,252,-377.6156225681198
12,IFAD,253,-373.4681529473855
12,IFAD,254,-373.3343596315094
12,IFAD,255,-369.3675628259167
12,IFAD,256,-375.6652096834522
12,IFAD,257,-371.82470875589746
12,IFAD,258,-371.5684769281395
12,IFAD,259,-370.51070987831275
12,IFAD,260,-388.1206922576503
12,IFAD,261,-377.34617671174294
12,IFAD,262,-372.6473650334682
12,IFAD,263,-382.365362529739
12,IFAD,264,-377.38332974671414
12,IFAD,265,-372.2606811446833
12,IFAD,266,-371.73689996036296
12,IFAD,267,-382.68823626610146
12,IFAD,268,-375.0410463317033
12,IFAD,269,-372.6497593994134
12,IFAD,270,-379.2486355268792
12,IFAD,271,-375.9137598553313
12,IFAD,272,-385.21220738113107
12,IFAD,273,-377.0751998293044
12,IFAD,274,-373.6396360029462
12,IFAD,275,-381.7541935344072
12,IFAD,276,-368.50941242198036
12,IFAD,277,-375.8622663229019
12,IFAD,278,-390.4508112246068
12,IFAD,279,-389.4845116526696
12,IFAD,280,-380.5265983820753
12,IFAD,281,-382.3833556103636
12,IFAD,282,-372.535506782935
12,IFAD,283,-370.35926647882
12,IFAD,284,-375.3755337734535
12,IFAD,285,-377.12112573248794
12,IFAD,286,-379.75813476056226
12,IFAD,287,-370.1994750569086
12,IFAD,288,-376.06810014443886
12,IFAD,289,-377.6904698965092
12,IFAD,290,-371.43856195177466
12,IFAD,291,-377.4932467296225
12,IFAD,292,-377.3002448360337
12,IFAD,293,-367.83258690918655
12,IFAD,294,-383.6981898317615
12,IFAD,295,-379.40806690236315
12,IFAD,296,-377.88037604134774
12,IFAD,297,-381.26323771899916
12,IFAD,298,-385.26820526330533
12,IFAD,299,-385.14729640641525
12,IFAD,300,-375.74646738908694
12,IFAD,301,-375.18832069755473
12,IFAD,302,-381.87980918575965
12,IFAD,303,-376.55113578473043
12,IFAD,304,-371.05405086587746
12,IFAD,305,-382.978273147544
12,IFAD,306,-382.08485919875096
12,IFAD,307,-375.8066772908393
12,IFAD,308,-382.0806426304643
12,IFAD,309,-386.8094375191969
12,IFAD,310,-374.37647321625855
12,IFAD,311,-381.74928994266475
12,IFAD,312,-375.70200182449736
12,IFAD,313,-370.53164917747625
12,IFAD,314,-375.75818721718775
12,IFAD,315,-384.9900316139044
12,IFAD,316,-380.7868185804704
12,IFAD,317,-378.2052934874449
12,IFAD,318,-382.1326130204853
12,IFAD,319,-372.23661068960365
12,IFAD,320,-361.91774853003994
12,IFAD,321,-384.9030004770254
12,IFAD,322,-389.4803567258969
12,IFAD,323,-371.57827932756067
12,IFAD,324,-373.9539028295046
12,IFAD,325,-381.7829736845898
12,IFAD,326,-374.87357450253836
12,IFAD,327,-368.93137609111596
12,IFAD,328,-371.93674033591196
12,IFAD,329,-366.784522814035
12,IFAD,330,-392.756902502856
12,IFAD,331,-377.3513872179613
12,IFAD,332,-373.6523043624581
12,IFAD,333,-376.486522277453
12,IFAD,334,-375.43275813732976
12,IFAD,335,-372.75670586227227
12,IFAD,336,-370.8487688777692
12,IFAD,337,-381.3960946590271
12,IFAD,338,-375.24234054401313
12,IFAD,339,-381.5837463862012
12,IFAD,340,-366.7333979087677
12,IFAD,341,-381.5919659962656
12,IFAD,342,-374.0426374870921
12,IFAD,343,-365.6860501795794
12,IFAD,344,-378.2961913761273
12,IFAD,345,-373.9723980920512
12,IFAD,346,-364.974934927758
12,IFAD,347,-376.5362780142286
12,IFAD,348,-374.08769595219036
12,IFAD,349,-372.1511933524681
12,IFAD,350,-382.3056177903209
12,IFAD,351,-373.50073529206867
12,IFAD,352,-369.40504061099176
12,IFAD,353,-362.40239534925064
12,IFAD,354,-370.5952721353522
12,IFAD,355,-370.019323797528
12,IFAD,356,-382.4070501925209
12,IFAD,357,-359.15000240251373
12,IFAD,358,-372.63752828531454
12,IFAD,359,-376.6797687640326
12,IFAD,360,-366.6545731689812
12,IFAD,361,-381.38439157594905
12,IFAD,362,-382.0374857329559
12,IFAD,363,-370.7153435557542
12,IFAD,364,-370.8588963140748
12,IFAD,365,-376.93807179830645
12,IFAD,366,-378.42938465188945
12,IFAD,367,-376.63919311805216
12,IFAD,368,-370.12404903890507
12,IFAD,369,-380.56991743703327
12,IFAD,370,-381.9776110596414
12,IFAD,371,-384.36781102336744
12,IFAD,372,-387.30115674186374
12,IFAD,373,-374.4930248737785
12,IFAD,374,-375.92423666141667
12,IFAD,375,-367.3659236544905
12,IFAD,376,-385.25854838991245
12,IFAD,377,-372.52025539501176
12,IFAD,378,-382.8532694167251
12,IFAD,379,-377.6700202749976
12,IFAD,380,-371.83286891755677
12,IFAD,381,-374.30959214540945
12,IFAD,382,-380.7148482303105
12,IFAD,383,-382.3158915199742
12,IFAD,384,-377.36003350359636
12,IFAD,385,-366.5370736740118
12,IFAD,386,-368.6504020868626
12,IFAD,387,-373.8566578156005
12,IFAD,388,-377.59028844853907
12,IFAD,389,-377.63622505544816
12,IFAD,390,-375.7385135175457
12,IFAD,391,-380.09419850050205
12,IFAD,392,-374.3242197382453
12,IFAD,393,-371.7862935888701
12,IFAD,394,-385.7655895866127
12,IFAD,395,-374.69812951961774
12,IFAD,396,-376.1437606796635
12,IFAD,397,-369.63412980789104
12,IFAD,398,-369.2338996012416
12,IFAD,399,-378.51399710355986
13,IF2,0,-371.60365404382975
13,IF2,1,-378.3642121191539
13,IF2,2,-369.8396002695805
13,IF2,3,-395.3319981308233
13,IF2,4,-393.3228208951401
13,IF2,5,-383.18962710842055
13,IF2,6,-377.4225991062609
13,IF2,7,-416.8928497643905
13,IF2,8,-397.06266674293147
13,IF2,9,-385.2464144942724
13,IF2,10,-386.24335243571386
13,IF2,11,-394.3852881194911
13,IF2,12,-398.6964228949441
13,IF2,13,-389.0402252947134
13,IF2,14,-409.1656238508814
13,IF2,15,-405.1832781807471
13,IF2,16,-400.651788071275
13,IF2,17,-379.49510557063286
13,IF2,18,-380.64949454072047
13,IF2,19,-370.9473407492085
13,IF2,20,-397.7820747410833
13,IF2,21,-398.8059617916321
13,IF2,22,-383.2282370175123
13,IF2,23,-374.13791536473923
13,IF2,24,-374.0407709741504
13,IF2,25,-381.2304683938469
13,IF2,26,-377.9401555498797
13,IF2,27,-390.01003445045444
13,IF2,28,-388.7533085376075
13,IF2,29,-421.223813689777
13,IF2,30,-394.6844806134653
13,IF2,31,-396.463663129478
13,IF2,32,-390.25178884576945
13,IF2,33,-404.60853668901666
13,IF2,34,-399.1114537463169
13,IF2,35,-404.393533569743
13,IF2,36,-409.3706688126279
13,IF2,37,-398.14496959836947
13,IF2,38,-411.582615634603
13,IF2,39,-401.28262583475583
13,IF2,40,-393.71586876613657
13,IF2,41,-382.75781727390233
13,IF2,42,-378.21753322643053
13,IF2,43,-389.8624407540588
13,IF2,44,-405.60201058886616
13,IF2,45,-403.90415821647264
13,IF2,46,-409.721912151325
13,IF2,47,-418.29468013962725
13,IF2,48,-419.6178488164389
13,IF2,49,-430.6409497230078
13,IF2,50,-443.66999654906726
13,IF2,51,-415.21792373453894
13,IF2,52,-409.30990299428413
13,IF2,53,-417.90415005441065
13,IF2,54,-403.9884532390264
13,IF2,55,-413.48599403060575
13,IF2,56,-413.86471346703917
13,IF2,57,-403.64138340269
13,IF2,58,-415.6259367573996
13,IF2,59,-401.4082067611289
13,IF2,60,-391.6986764188383
13,IF2,61,-392.5436360810097
13,IF2,62,-392.55223300951144
13,IF2,63,-384.9159611081128
13,IF2,64,-375.5440484282565
13,IF2,65,-378.35815898384755
13,IF2,66,-389.864459344377
13,IF2,67,-378.26928243347527
13,IF2,68,-380.5756428373486
13,IF2,69,-390.7707490831681
13,IF2,70,-374.7906436505353
13,IF2,71,-355.43017554215993
13,IF2,72,-373.31980990828686
13,IF2,73,-385.3194111580677
13,IF2,74,-374.31162994536396
13,IF2,75,-383.4127881328769
13,IF2,76,-371.88601320224143
13,IF2,77,-382.6118037942808
13,IF2,78,-388.8179896456927
13,IF2,79,-381.8245074374955
13,IF2,80,-385.039519799109
13,IF2,81,-395.3452439817464
13,IF2,82,-373.25612507594843
13,IF2,83,-387.57987324778753
13,IF2,84,-397.9889268703501
13,IF2,85,-383.3534512753478
13,IF2,86,-389.9989190700095
13,IF2,87,-366.8104969564443
13,IF2,88,-376.24389947787927
13,IF2,89,-370.6440398425906
13,IF2,90,-380.3160812693851
13,IF2,91,-382.2800000142113
13,IF2,92,-356.15174867215813
13,IF2,93,-372.9575340635498
13,IF2,94,-366.1783424034706
13,IF2,95,-374.1648131180299
13,IF2,96,-373.613882199033
13,IF2,97,-376.30844960153183
13,IF2,98,-389.49707957296704
13,IF2,99,-381.88855577926546
13,IF2,100,-369.04473119741755
13,IF2,101,-382.8951941873162
13,IF2,102,-381.2763186461293
13,IF2,103,-383.032825412596
13,IF2,104,-390.01415003469396
13,IF2,105,-382.90471051386004
13,IF2,106,-379.2677022999647
13,IF2,107,-371.8699282106138
13,IF2,108,-389.98408411799727
13,IF2,109,-377.1654840395047
13,IF2,110,-377.35011063985485
13,IF2,111,-383.39390202075975
13,IF2,112,-378.9693313483429
13,IF2,113,-384.5166931463696
13,IF2,114,-401.72112103345876
13,IF2,115,-380.3812112558795
13,IF2,116,-389.835090947076
13,IF2,117,-385.78601728276243
13,IF2,118,-372.66677220455153
13,IF2,119,-380.5565299947148
13,IF2,120,-380.4201717035835
13,IF2,121,-377.5816986257471
13,IF2,122,-377.0616371393969
13,IF2,123,-382.2033634629498
13,IF2,124,-386.9348436564977
13,IF2,125,-379.49081416018777
13,IF2,126,-368.85476916435334
13,IF2,127,-391.7726207897281
13,IF2,128,-375.72535771761693
13,IF2,129,-374.9208690525253
13,IF2,130,-377.3742494515604
13,IF2,131,-386.68093887724734
13,IF2,132,-365.05512298016845
13,IF2,133,-385.59429239341466
13,IF2,134,-370.37464115712595
13,IF2,135,-377.2165002158978
13,IF2,136,-377.87372608780737
13,IF2,137,-374.6939457020548
13,IF2,138,-396.42168434827005
13,IF2,139,-387.4060491465938
13,IF2,140,-378.8228850304972
13,IF2,141,-393.1762378004375
13,IF2,142,-379.6315410310899
13,IF2,143,-390.0663855444406
13,IF2,144,-381.4962234553631
13,IF2,145,-382.74871302861624
13,IF2,146,-378.4303882929589
13,IF2,147,-399.87271844999617
13,IF2,148,-395.57938373239887
13,IF2,149,-397.79892108375793
13,IF2,150,-410.12323934560646
13,IF2,151,-416.41040508020734
13,IF2,152,-406.1669291112296
13,IF2,153,-397.67449436576095
13,IF2,154,-383.6730174728221
13,IF2,155,-401.69893888528014
13,IF2,156,-392.2423884597234
13,IF2,157,-396.75997491923704
13,IF2,158,-400.22649712364193
13,IF2,159,-383.98576749957704
13,IF2,160,-389.6435503773865
13,IF2,161,-405.3287641266096
13,IF2,162,-391.1352169584758
13,IF2,163,-401.27806791112675
13,IF2,164,-397.1983467040031
13,IF2,165,-389.86862584680034
13,IF2,166,-391.7822858535033
13,IF2,167,-395.18094573592873
13,IF2,168,-394.64335522211644
13,IF2,169,-392.81245712131664
13,IF2,170,-404.18007912074773
13,IF2,171,-426.840705857651
13,IF2,172,-407.722563511314
13,IF2,173,-410.84294899497104
13,IF2,174,-414.28276997331886
13,IF2,175,-416.49483751468597
13,IF2,176,-397.09038490953924
13,IF2,177,-409.3840741326265
13,IF2,178,-406.1607586652767
13,IF2,179,-416.7473246853724
13,IF2,180,-422.7886407153153
13,IF2,181,-413.4851543352961
13,IF2,182,-411.330598361283
13,IF2,183,-422.0303443007092
13,IF2,184,-396.7923342552608
13,IF2,185,-397.0925628914756
13,IF2,186,-398.92005308486193
13,IF2,187,-421.5114143557779
13,IF2,188,-399.3336218009102
13,IF2,189,-397.6639465174189
13,IF2,190,-401.3472439646571
13,IF2,191,-400.77467033161224
13,IF2,192,-413.73714109807753
13,IF2,193,-398.0259478180177
13,IF2,194,-400.35218526711503
13,IF2,195,-398.12766406170437
13,IF2,196,-413.61713096837207
13,IF2,197,-398.8493063471466
13,IF2,198,-401.7551716164048
13,IF2,199,-390.9864483215186
13,IF2,200,-413.02165845345024
13,IF2,201,-407.66934998391133
13,IF2,202,-390.3193967593031
13,IF2,203,-412.95916720954256
13,IF2,204,-404.6304962464511
13,IF2,205,-407.4836693484231
13,IF2,206,-404.5016900672259
13,IF2,207,-402.4869310892324
13,IF2,208,-401.64735985143943
13,IF2,209,-403.32039759773653
13,IF2,210,-390.7607269108156
13,IF2,211,-400.96433433216237
13,IF2,212,-380.2836070097047
13,IF2,213,-403.9449815856738
13,IF2,214,-396.9369522825523
13,IF2,215,-390.7779848636093
13,IF2,216,-403.4715820778869
13,IF2,217,-386.2265538749571
13,IF2,218,-407.5001085891993
13,IF2,219,-400.58066724915045
13,IF2,220,-386.9956303442871
13,IF2,221,-390.81309148603043
13,IF2,222,-402.85193185640577
13,IF2,223,-402.1548452624599
13,IF2,224,-395.1723118163508
13,IF2,225,-389.572496915589
13,IF2,226,-391.51073660722705
13,IF2,227,-401.31358274493095
13,IF2,228,-410.1930861181331
13,IF2,229,-390.2861120461688
13,IF2,230,-373.68927104814594
13,IF2,231,-396.06849238469266
13,IF2,232,-392.1568894184957
13,IF2,233,-390.2638724558677
13,IF2,234,-389.7929365017716
13,IF2,235,-386.1830961914855
13,IF2,236,-394.49468729990025
13,IF2,237,-400.60331223478744
13,IF2,238,-401.62642669926817
13,IF2,239,-389.12440527943323
13,IF2,240,-407.69837508043054
13,IF2,241,-404.51925967034344
13,IF2,242,-390.80619016923
13,IF2,243,-410.86712402724487
13,IF2,244,-384.25027654358047
13,IF2,245,-390.0525317449241
13,IF2,246,-397.35169533103124
13,IF2,247,-401.272811298782
13,IF2,248,-387.98524888645295
13,IF2,249,-392.682938401381
13,IF2,250,-395.674446460953
13,IF2,251,-385.47427234656635
13,IF2,252,-398.3397884667675
13,IF2,253,-392.06540291361114
13,IF2,254,-386.0601687952182
13,IF2,255,-402.9024755302526
13,IF2,256,-399.0772138961743
13,IF2,257,-407.8068654910914
13,IF2,258,-396.1792220553325
13,IF2,259,-401.04036107743747
13,IF2,260,-408.9165497881529
13,IF2,261,-392.2849964577388
13,IF2,262,-400.73233630621286
13,IF2,263,-396.00221412093384
13,IF2,264,-397.2434750221336
13,IF2,265,-391.85338940870764
13,IF2,266,-401.6110828597172
13,IF2,267,-392.177167647606
13,IF2,268,-401.81687984923025
13,IF2,269,-400.1418575993784
13,IF2,270,-404.4326566374262
13,IF2,271,-390.93238429579407
13,IF2,272,-393.43374204276523
13,IF2,273,-398.6507953576948
13,IF2,274,-406.5823000768185
13,IF2,275,-381.4234734827055
13,IF2,276,-413.62309291883054
13,IF2,277,-392.06451217178767
13,IF2,278,-403.8556857275468
13,IF2,279,-409.8732120739137
13,IF2,280,-402.14049790177677
13,IF2,281,-405.21710329083186
13,IF2,282,-402.2306148793951
13,IF2,283,-406.0106569344557
13,IF2,284,-395.9087459671344
13,IF2,285,-420.33084089655665
13,IF2,286,-397.2577541955815
13,IF2,287,-396.4509857544398
13,IF2,288,-395.7072490664627
13,IF2,289,-393.56797010398736
13,IF2,290,-411.60666872626257
13,IF2,291,-409.32658349168116
13,IF2,292,-384.44823880300805
13,IF2,293,-391.9670116889437
13,IF2,294,-401.0676253667722
13,IF2,295,-405.63035207227614
13,IF2,296,-402.393725411292
13,IF2,297,-388.5742473346282
13,IF2,298,-385.43304878221437
13,IF2,299,-405.68089340593906
13,IF2,300,-394.77494478895693
13,IF2,301,-411.23636135741486
13,IF2,302,-408.6878747002675
13,IF2,303,-389.2700606902298
13,IF2,304,-394.53328254437866
13,IF2,305,-411.137297701823
13,IF2,306,-388.900810950401
13,IF2,307,-407.9827680937855
13,IF2,308,-395.44231114001195
13,IF2,309,-394.7165074989268
13,IF2,310,-381.93567770753936
13,IF2,311,-410.83141203093857
13,IF2,312,-413.27026582975645
13,IF2,313,-394.9618525701575
13,IF2,314,-404.61307005360254
13,IF2,315,-390.4394106271276
13,IF2,316,-405.16229208054204
13,IF2,317,-391.9888482662453
13,IF2,318,-404.1426709624751
13,IF2,319,-404.23239348198535
13,IF2,320,-403.7920006370227
13,IF2,321,-399.2775538084917
13,IF2,322,-396.0549012583253
13,IF2,323,-401.27609944954094
13,IF2,324,-405.49148022660694
13,IF2,325,-391.97346450777195
13,IF2,326,-402.5192759232558
13,IF2,327,-393.993720808868
13,IF2,328,-393.2241677482182
13,IF2,329,-398.88086552871016
13,IF2,330,-394.464266182379
13,IF2,331,-397.9909644089329
13,IF2,332,-387.7056568024928
13,IF2,333,-397.9848336684648
13,IF2,334,-396.27030728699515
13,IF2,335,-399.16469412346174
13,IF2,336,-386.52712996779417
13,IF2,337,-416.621755321621
13,IF2,338,-402.8484081012178
13,IF2,339,-387.50164859951127
13,IF2,340,-397.27783865878223
13,IF2,341,-405.8436857254894
13,IF2,342,-395.9669496149234
13,IF2,343,-409.76688755287705
13,IF2,344,-394.54631421627727
13,IF2,345,-393.1796033532803
13,IF2,346,-389.82703508691316
13,IF2,347,-392.4438705016646
13,IF2,348,-396.4230387237302
13,IF2,349,-404.1221514624126
13,IF2,350,-394.51056641985974
13,IF2,351,-404.6946608755451
13,IF2,352,-403.4269257296928
13,IF2,353,-388.20069056202215
13,IF2,354,-390.3311461331143
13,IF2,355,-390.3433670090608
13,IF2,356,-396.8056928431522
13,IF2,357,-396.3570599853794
13,IF2,358,-388.2768429557355
13,IF2,359,-389.3799196257664
13,IF2,360,-386.7153970069633
13,IF2,361,-385.67172633636335
13,IF2,362,-382.04753293912086
13,IF2,363,-398.7553980763463
13,IF2,364,-392.72170827835845
13,IF2,365,-391.0877544312754
13,IF2,366,-405.86667782226596
13,IF2,367,-403.04437871761513
13,IF2,368,-390.7011440207617
13,IF2,369,-391.70149274837064
13,IF2,370,-395.97415070044497
13,IF2,371,-404.159331716864
13,IF2,372,-393.8312462399541
13,IF2,373,-395.3568925855796
13,IF2,374,-395.1031645221402
13,IF2,375,-397.3397500311266
13,IF2,376,-396.7455095058483
13,IF2,377,-396.06387940260623
13,IF2,378,-407.9623435491002
13,IF2,379,-390.43172182557277
13,IF2,380,-395.46515195647817
13,IF2,381,-406.6999822062372
13,IF2,382,-399.6480259202902
13,IF2,383,-384.3586410089688
13,IF2,384,-405.5985361017605
13,IF2,385,-395.878793277181
13,IF2,386,-401.58848583802035
13,IF2,387,-397.89400456555853
13,IF2,388,-399.1470324795826
13,IF2,389,-403.71796388218587
13,IF2,390,-395.6551688075685
13,IF2,391,-399.8483610363944
13,IF2,392,-380.82047054397214
13,IF2,393,-412.74442177033603
13,IF2,394,-394.6805491127254
13,IF2,395,-391.47008670847356
13,IF2,396,-399.7342096476469
13,IF2,397,-396.1983349844854
13,IF2,398,-394.8095214014752
13,IF2,399,-404.50125142779507
13,IF2,400,-408.41932492045777
13,IF2,401,-399.6498570375512
13,IF2,402,-396.98382531557735
13,IF2,403,-401.1353716291488
13,IF2,404,-405.13814394598865
13,IF2,405,-388.6797446286935
13,IF2,406,-403.53242361355035
13,IF2,407,-399.09067082465344
13,IF2,408,-406.37932833927
13,IF2,409,-399.1100872610232
13,IF2,410,-395.98679778139433
13,IF2,411,-391.25835976131253
13,IF2,412,-401.68913595891735
13,IF2,413,-392.48600049064754
13,IF2,414,-398.6907164213116
13,IF2,415,-391.5408049131991
13,IF2,416,-387.37309938953973
13,IF2,417,-399.177263689517
13,IF2,418,-398.17677061712556
13,IF2,419,-386.1781115157845
13,IF2,420,-387.34229003770565
13,IF2,421,-391.36545253422094
13,IF2,422,-394.86176415892896
13,IF2,423,-396.7582628485764
13,IF2,424,-397.3653841477849
13,IF2,425,-410.91760640180934
13,IF2,426,-390.5886991628133
13,IF2,427,-395.0632017675434
13,IF2,428,-401.5822844051635
13,IF2,429,-411.25360200866606
13,IF2,430,-406.44978018704944
13,IF2,431,-389.00568565760113
13,IF2,432,-406.9030764664366
13,IF2,433,-398.6647206078977
13,IF2,434,-393.3413289625345
13,IF2,435,-389.6012384308209
13,IF2,436,-402.45480316354906
13,IF2,437,-397.3794047811253
13,IF2,438,-400.7329829516305
13,IF2,439,-399.35972430799853
13,IF2,440,-395.5882381779775
13,IF2,441,-392.77580864530705
13,IF2,442,-390.06495163028984
13,IF2,443,-411.6510180362281
13,IF2,444,-404.4064408321317
13,IF2,445,-382.0145867106222
13,IF2,446,-386.81795408752646
13,IF2,447,-406.8198802817235
13,IF2,448,-400.26812096307793
13,IF2,449,-383.7981606944961
13,IF2,450,-411.7085496840465
13,IF2,451,-401.20652106399365
13,IF2,452,-413.2976779109224
13,IF2,453,-396.2128731680095
13,IF2,454,-397.3510106772795
13,IF2,455,-403.0330562768965
13,IF2,456,-396.83395902467754
13,IF2,457,-407.2636772410126
13,IF2,458,-411.64707734049716
13,IF2,459,-379.25259634415517
13,IF2,460,-393.33009929613684
13,IF2,461,-394.81125138630443
13,IF2,462,-387.26438902500956
13,IF2,463,-391.2632289001367
13,IF2,464,-378.17324664796854
13,IF2,465,-404.65731109347536
13,IF2,466,-398.93399899371104
13,IF2,467,-401.8678016330053
13,IF2,468,-403.7876637828261
13,IF2,469,-394.6349929508167
13,IF2,470,-398.6772895229432
13,IF2,471,-404.2675911536819
13,IF2,472,-396.92821110832386
13,IF2,473,-386.2210350356194
13,IF2,474,-395.14471883995947
13,IF2,475,-407.2402989143854
13,IF2,476,-389.03226280540815
13,IF2,477,-388.78101676415974
13,IF2,478,-398.2374869052466
13,IF2,479,-408.27443232086995
13,IF2,480,-392.92339843216575
13,IF2,481,-403.4157575749631
13,IF2,482,-387.0320079469818
13,IF2,483,-390.53819897820546
13,IF2,484,-403.37241779151384
13,IF2,485,-390.81720401367943
13,IF2,486,-403.08250064882935
13,IF2,487,-398.25578925778757
13,IF2,488,-390.68292375344095
13,IF2,489,-402.14840532246666
13,IF2,490,-407.86728767777186
13,IF2,491,-399.59606001823914
13,IF2,492,-406.3598645885348
13,IF2,493,-393.5309045286684
13,IF2,494,-404.21784190800173
13,IF2,495,-403.7097589390836
13,IF2,496,-410.1510569569341
13,IF2,497,-403.31144384435504
13,IF2,498,-399.2435471077994
13,IF2,499,-386.03416148300846
13,IF2,500,-402.3706562999546
13,IF2,501,-387.87497292703694
13,IF2,502,-388.9235278763029
13,IF2,503,-404.9782457476581
13,IF2,504,-400.99215953690043
13,IF2,505,-387.16577596437077
13,IF2,506,-405.8435238942732
13,IF2,507,-386.44831213458787
13,IF2,508,-400.22248073956916
13,IF2,509,-396.2372473572811
13,IF2,510,-392.28792234046983
13,IF2,511,-381.47854352907154
13,IF2,512,-394.94352094261234
13,IF2,513,-398.0410122148354
13,IF2,514,-378.8054510534353
13,IF2,515,-402.60538278958
13,IF2,516,-394.387970940884
13,IF2,517,-394.10937077102585
13,IF2,518,-396.6488053985836
13,IF2,519,-395.42069979013115
13,IF2,520,-386.96268694873106
13,IF2,521,-387.24522074097274
13,IF2,522,-400.6331918569184
13,IF2,523,-391.0602915620712
13,IF2,524,-402.4406891654783
13,IF2,525,-396.5328476311477
13,IF2,526,-387.86540028677774
13,IF2,527,-377.7865130507147
13,IF2,528,-386.36526444488373
13,IF2,529,-403.95226235005475
13,IF2,530,-394.5136518491959
13,IF2,531,-408.2298985945684
13,IF2,532,-394.917295351381
13,IF2,533,-392.0332066923617
13,IF2,534,-385.9754808072688
13,IF2,535,-407.75629056750535
13,IF2,536,-407.6638177329812
13,IF2,537,-392.4647647040762
13,IF2,538,-399.0090821119979
13,IF2,539,-413.2980820845465
13,IF2,540,-384.8721491725566
13,IF2,541,-385.5479131799415
13,IF2,542,-393.9764530355684
13,IF2,543,-384.5334064281734
13,IF2,544,-397.2210076003539
13,IF2,545,-382.95808833833684
13,IF2,546,-400.47282550855545
13,IF2,547,-399.5520438349422
13,IF2,548,-392.27545742017946
13,IF2,549,-385.7579851934314
13,IF2,550,-390.2297923512072
13,IF2,551,-390.9314053418757
13,IF2,552,-385.9231018755468
13,IF2,553,-390.64187343157306
13,IF2,554,-390.58666898301453
13,IF2,555,-406.98943131576556
13,IF2,556,-383.97594804930617
13,IF2,557,-384.1679670509916
13,IF2,558,-405.8418652808328
13,IF2,559,-396.23093892030266
13,IF2,560,-407.79025807948847
13,IF2,561,-406.2787617092211
13,IF2,562,-390.0392916897929
13,IF2,563,-383.894318282541
13,IF2,564,-392.38561757606396
13,IF2,565,-405.7610779513866
13,IF2,566,-391.90970871975463
13,IF2,567,-382.8425460288677
13,IF2,568,-400.17636533066747
13,IF2,569,-392.36029606659685
13,IF2,570,-399.6582229738652
13,IF2,571,-406.4031391312154
13,IF2,572,-388.21836352656203
13,IF2,573,-388.7362155202538
13,IF2,574,-403.52967771607956
13,IF2,575,-400.69901054050854
13,IF2,576,-399.3868509701091
13,IF2,577,-402.00532505956477
13,IF2,578,-401.4075315196973
13,IF2,579,-403.12197238117824
13,IF2,580,-406.0671296158326
13,IF2,581,-392.9458865350822
13,IF2,582,-400.0398653427298
13,IF2,583,-410.37462992535285
13,IF2,584,-392.8119193303285
13,IF2,585,-391.0844358005778
13,IF2,586,-394.35382577930227
13,IF2,587,-402.29003729856623
13,IF2,588,-404.53738195433465
13,IF2,589,-395.8358926447273
13,IF2,590,-390.16684163177257
13,IF2,591,-410.0023296821373
13,IF2,592,-387.2876542658972
13,IF2,593,-403.6406576158551
13,IF2,594,-397.13405146752166
13,IF2,595,-392.2579998305241
13,IF2,596,-393.3400696278693
13,IF2,597,-409.87155220393316
13,IF2,598,-404.1786952397751
13,IF2,599,-398.7656762728986
13,IFAD,0,-372.8182168205097
13,IFAD,1,-387.57416080090655
13,IFAD,2,-381.4900778645217
13,IFAD,3,-378.9310112567505
13,IFAD,4,-378.84167686193894
13,IFAD,5,-372.0981898210967
13,IFAD,6,-389.1118805787333
13,IFAD,7,-373.06468617679167
13,IFAD,8,-376.4007987651397
13,IFAD,9,-404.1323539378405
13,IFAD,10,-399.40918069876693
13,IFAD,11,-389.3746098275898
13,IFAD,12,-378.5656492470481
13,IFAD,13,-368.8929595613149
13,IFAD,14,-385.84510351308063
13,IFAD,15,-379.5000033842174
13,IFAD,16,-390.887650807108
13,IFAD,17,-386.9195351442011
13,IFAD,18,-369.4342560939699
13,IFAD,19,-378.4105465244984
13,IFAD,20,-372.0048074259434
13,IFAD,21,-380.04994195290976
13,IFAD,22,-382.08606066384016
13,IFAD,23,-371.85159209307983
13,IFAD,24,-408.4482969527623
13,IFAD,25,-395.47526765635433
13,IFAD,26,-406.26466248992136
13,IFAD,27,-408.10882645014266
13,IFAD,28,-397.88823247659656
13,IFAD,29,-407.2728937812592
13,IFAD,30,-416.25309426257394
13,IFAD,31,-398.4788430413962
13,IFAD,32,-372.7381544040853
13,IFAD,33,-373.5063201328988
13,IFAD,34,-375.527023341073
13,IFAD,35,-382.41967009613745
13,IFAD,36,-374.80946623328595
13,IFAD,37,-385.3937070316942
13,IFAD,38,-396.12840301497613
13,IFAD,39,-382.9269341345016
13,IFAD,40,-376.1973165849542
13,IFAD,41,-387.0024046554326
13,IFAD,42,-376.78430089016035
13,IFAD,43,-389.22984989620954
13,IFAD,44,-386.199435493056
13,IFAD,45,-397.87084444484685
13,IFAD,46,-378.0273836881308
13,IFAD,47,-376.57507337543046
13,IFAD,48,-374.12513518253536
13,IFAD,49,-373.8378909547481
13,IFAD,50,-381.98242215498453
13,IFAD,51,-383.44371244472734
13,IFAD,52,-383.5322172310512
13,IFAD,53,-378.02547956401145
13,IFAD,54,-375.10679300661644
13,IFAD,55,-380.08880607091857
13,IFAD,56,-377.02664587136445
13,IFAD,57,-387.14274775098687
13,IFAD,58,-383.37163337900813
13,IFAD,59,-381.64911966699054
13,IFAD,60,-375.71606492242745
13,IFAD,61,-376.73470482306334
13,IFAD,62,-396.1438495382617
13,IFAD,63,-396.092325107298
13,IFAD,64,-385.58056943209436
13,IFAD,65,-380.5482554269156
13,IFAD,66,-388.3606569570076
13,IFAD,67,-399.1011057402274
13,IFAD,68,-393.3571998794272
13,IFAD,69,-383.32634173707055
13,IFAD,70,-373.6690484173434
13,IFAD,71,-369.6800690744278
13,IFAD,72,-383.0274350883269
13,IFAD,73,-381.2602797601422
13,IFAD,74,-391.297241907208
13,IFAD,75,-388.39499478904395
13,IFAD,76,-375.44283826984383
13,IFAD,77,-376.55950826637337
13,IFAD,78,-379.04879272582593
13,IFAD,79,-395.2029842149475
13,IFAD,80,-379.99052826862345
13,IFAD,81,-378.7400060003915
13,IFAD,82,-378.22818402240057
13,IFAD,83,-389.94270721985976
13,IFAD,84,-379.73320424753484
13,IFAD,85,-396.1281565197571
13,IFAD,86,-381.4842109672131
13,IFAD,87,-380.0108265299463
13,IFAD,88,-379.4246896410924
13,IFAD,89,-384.8998838711659
13,IFAD,90,-383.21089520735774
13,IFAD,91,-399.1782592408119
13,IFAD,92,-409.0446428087791
13,IFAD,93,-394.7841874084737
13,IFAD,94,-382.0356005702076
13,IFAD,95,-385.03147997401055
13,IFAD,96,-374.6951463570274
13,IFAD,97,-377.16266406551136
13,IFAD,98,-398.60065991762235
13,IFAD,99,-394.7155658297827
13,IFAD,100,-386.64322093880156
13,IFAD,101,-402.25780121036723
13,IFAD,102,-369.82992787605224
13,IFAD,103,-387.0824464161716
13,IFAD,104,-384.0851404563519
13,IFAD,105,-404.85355745391536
13,IFAD,106,-384.5995412332048
13,IFAD,107,-380.2268758243266
13,IFAD,108,-393.39776416208133
13,IFAD,109,-381.4230328392037
13,IFAD,110,-375.71279198905967
13,IFAD,111,-380.2292073114361
13,IFAD,112,-391.6720540933553
13,IFAD,113,-386.7339382897511
13,IFAD,114,-375.5778434519222
13,IFAD,115,-376.75765367033046
13,IFAD,116,-375.42642281040605
13,IFAD,117,-381.10940607296254
13,IFAD,118,-403.2163858571759
13,IFAD,119,-380.6599871798107
13,IFAD,120,-376.7165028637292
13,IFAD,121,-377.7361117799097
13,IFAD,122,-383.40082277850547
13,IFAD,123,-371.469255710358
13,IFAD,124,-385.09839326618663
13,IFAD,125,-384.2759656406818
13,IFAD,126,-377.204782413832
13,IFAD,127,-391.84820474678247
13,IFAD,128,-380.2222865123658
13,IFAD,129,-380.6434314582044
13,IFAD,130,-375.9785021152631
13,IFAD,131,-364.99605609247254
13,IFAD,132,-382.7850478044287
13,IFAD,133,-371.28168281266016
13,IFAD,134,-377.78011511995396
13,IFAD,135,-381.37659289467325
13,IFAD,136,-378.21469928215004
13,IFAD,137,-375.06041068196186
13,IFAD,138,-372.80874114365474
13,IFAD,139,-378.271407730843
13,IFAD,140,-370.06246712304534
13,IFAD,141,-386.5855103828361
13,IFAD,142,-383.4184236905084
13,IFAD,143,-376.35590132350757
13,IFAD,144,-379.32127402566994
13,IFAD,145,-383.0619564191001
13,IFAD,146,-372.44811310222843
13,IFAD,147,-371.27147569136656
13,IFAD,148,-378.7970775028944
13,IFAD,149,-369.45028969872396
13,IFAD,150,-384.8485300694563
13,IFAD,151,-383.4931366340303
13,IFAD,152,-374.27550984145955
13,IFAD,153,-370.416938063875
13,IFAD,154,-365.5359808058505
13,IFAD,155,-370.7512856136095
13,IFAD,156,-390.91073940582453
13,IFAD,157,-373.7668874233624
13,IFAD,158,-378.4382596991529
13,IFAD,159,-377.914839149382
13,IFAD,160,-384.63822538002614
13,IFAD,161,-378.19513288286964
13,IFAD,162,-384.15236087562465
13,IFAD,163,-383.69596311626043
13,IFAD,164,-375.6251163753747
13,IFAD,165,-379.66420812688995
13,IFAD,166,-370.6455499574688
13,IFAD,167,-374.468553590188
13,IFAD,168,-366.25937977607754
13,IFAD,169,-379.67677100014953
13,IFAD,170,-377.36072238304257
13,IFAD,171,-370.24110330479147
13,IFAD,172,-371.6115748889814
13,IFAD,173,-370.79897098339603
13,IFAD,174,-391.3382329295332
13,IFAD,175,-369.7632837258631
13,IFAD,176,-376.12556604697835
13,IFAD,177,-380.59167900500785
13,IFAD,178,-375.298683047062
13,IFAD,179,-371.0674716641388
13,IFAD,180,-376.8922494922576
13,IFAD,181,-365.414633283314
13,IFAD,182,-377.7526396609394
13,IFAD,183,-378.4666878309804
13,IFAD,184,-364.4811253382342
13,IFAD,185,-378.7218005076736
13,IFAD,186,-376.7079110603174
13,IFAD,187,-382.5908997481046
13,IFAD,188,-382.9580324203796
13,IFAD,189,-372.8794697755077
13,IFAD,190,-374.93354861768313
13,IFAD,191,-370.8035498909042
13,IFAD,192,-380.9914303986076
13,IFAD,193,-374.1891253803938
13,IFAD,194,-379.9098515837587
13,IFAD,195,-369.55567200349805
13,IFAD,196,-369.7918700498347
13,IFAD,197,-381.636081073762
13,IFAD,198,-370.53370767098073
13,IFAD,199,-371.5933793433346
13,IFAD,200,-376.24998830664566
13,IFAD,201,-382.7544030280414
13,IFAD,202,-365.42684856865446
13,IFAD,203,-372.8383060811822
13,IFAD,204,-373.5140036298765
13,IFAD,205,-374.2637722378345
13,IFAD,206,-379.81692608328694
13,IFAD,207,-377.94325650369757
13,IFAD,208,-381.3621697981179
13,IFAD,209,-377.94807249989873
13,IFAD,210,-367.8442812235793
13,IFAD,211,-366.5922413897212
13,IFAD,212,-388.7963832800186
13,IFAD,213,-366.94665325905567
13,IFAD,214,-389.83237437951857
13,IFAD,215,-372.0753143174349
13,IFAD,216,-374.4432902991164
13,IFAD,217,-367.03608542021794
13,IFAD,218,-380.08332208687204
13,IFAD,219,-384.8601796851944
13,IFAD,220,-381.6064067393115
13,IFAD,221,-387.2026277908922
13,IFAD,222,-374.9661666577645
13,IFAD,223,-383.1911114806038
13,IFAD,224,-370.45471501540516
13,IFAD,225,-382.2024335463491
13,IFAD,226,-378.6712802657738
13,IFAD,227,-379.90144006264705
13,IFAD,228,-387.337268541212
13,IFAD,229,-377.1240874625037
13,IFAD,230,-365.6477050899335
13,IFAD,231,-377.2339831181499
13,IFAD,232,-379.6361974533933
13,IFAD,233,-378.7415832780291
13,IFAD,234,-374.41924418344985
13,IFAD,235,-377.5120807334674
13,IFAD,236,-372.23647050625374
13,IFAD,237,-377.40023829689665
13,IFAD,238,-385.07013158826305
13,IFAD,239,-379.8999526112615
13,IFAD,240,-378.1800649484775
13,IFAD,241,-375.4846456072776
13,IFAD,242,-366.9633657380403
13,IFAD,243,-379.5654933012497
13,IFAD,244,-379.7880047555639
13,IFAD,245,-377.1244044412801
13,IFAD,246,-367.67219574824355
13,IFAD,247,-363.21094228606285
13,IFAD,248,-379.18801145234363
13,IFAD,249,-376.76923388854783
13,IFAD,250,-386.4122582984849
13,IFAD,251,-371.8814082179298
13,IFAD,252,-379.0754067282869
13,IFAD,253,-376.3957687732596
13,IFAD,254,-365.6824076785964
13,IFAD,255,-375.9188993020449
13,IFAD,256,-391.46974511102616
13,IFAD,257,-378.7023912924189
13,IFAD,258,-369.1584950777275
13,IFAD,259,-384.18741181471063
13,IFAD,260,-370.02632189642065
13,IFAD,261,-373.61732233676514
13,IFAD,262,-379.4672101411141
13,IFAD,263,-372.6353277966549
13,IFAD,264,-388.3630248765776
13,IFAD,265,-382.87062306779495
13,IFAD,266,-375.1782102038305
13,IFAD,267,-385.44283208482875
13,IFAD,268,-369.33757674745
13,IFAD,269,-383.60352199994554
13,IFAD,270,-392.09305286360154
13,IFAD,271,-378.55375964951145
13,IFAD,272,-374.270396247971
13,IFAD,273,-374.5925419622268
13,IFAD,274,-386.83897983440517
13,IFAD,275,-372.0296714162107
13,IFAD,276,-384.58856864801874
13,IFAD,277,-374.8009477332355
13,IFAD,278,-383.5183629938107
13,IFAD,279,-374.8670612235152
13,IFAD,280,-385.33889090860947
13,IFAD,281,-384.12899849462434
13,IFAD,282,-376.0376354757335
13,IFAD,283,-380.48358066384026
13,IFAD,284,-384.2001470386472
13,IFAD,285,-381.17999841846074
13,IFAD,286,-384.42589913135214
13,IFAD,287,-372.5955475931063
13,IFAD,288,-374.0691279883866
13,IFAD,289,-387.1102040044865
13,IFAD,290,-368.3983665964824
13,IFAD,291,-382.0741343230142
13,IFAD,292,-369.8802917636665
13,IFAD,293,-381.2360290465401
13,IFAD,294,-395.3680248957032
13,IFAD,295,-378.08294985351125
13,IFAD,296,-385.18509605419314
13,IFAD,297,-374.0506654531312
13,IFAD,298,-389.8200531300168
13,IFAD,299,-376.51758251078735
13,IFAD,300,-378.8777907859653
13,IFAD,301,-375.55269701644005
13,IFAD,302,-376.41711039562745
13,IFAD,303,-369.1039929301963
13,IFAD,304,-383.02839578499356
13,IFAD,305,-372.39780955185586
13,IFAD,306,-374.21671922989304
13,IFAD,307,-375.3405021495306
13,IFAD,308,-386.0479711861819
13,IFAD,309,-377.5842451121341
13,IFAD,310,-378.5348896424412
13,IFAD,311,-379.9730157695059
13,IFAD,312,-386.0574709963055
13,IFAD,313,-382.8315050406319
13,IFAD,314,-374.3838753243983
13,IFAD,315,-376.72171905532036
13,IFAD,316,-382.0432071088171
13,IFAD,317,-381.2078729945488
13,IFAD,318,-380.4323831074181
13,IFAD,319,-379.002507610656
13,IFAD,320,-388.54642993402706
13,IFAD,321,-382.8679308090827
13,IFAD,322,-377.6109240681761
13,IFAD,323,-367.12117553294536
13,IFAD,324,-388.6112326253763
13,IFAD,325,-380.7442669238792
13,IFAD,326,-373.0514992166852
13,IFAD,327,-381.3170137976735
13,IFAD,328,-373.37128366061455
13,IFAD,329,-375.355395107066
13,IFAD,330,-377.0570966907447
13,IFAD,331,-369.6225474461808
13,IFAD,332,-380.27114839188374
13,IFAD,333,-368.97423421814676
13,IFAD,334,-375.00042439223347
13,IFAD,335,-367.9442469844495
13,IFAD,336,-384.18930415735616
13,IFAD,337,-365.6314396937816
13,IFAD,338,-383.2037677910455
13,IFAD,339,-375.70921214817434
13,IFAD,340,-370.95624242852256
13,IFAD,341,-376.55092797900187
13,IFAD,342,-374.8786048613509
13,IFAD,343,-374.33017049852145
13,IFAD,344,-381.05958719743506
13,IFAD,345,-373.1345329171628
13,IFAD,346,-365.6174772902783
13,IFAD,347,-377.7830320721131
13,IFAD,348,-366.8247562898473
13,IFAD,349,-379.60211741340527
13,IFAD,350,-381.9528602792647
13,IFAD,351,-382.87592045161796
13,IFAD,352,-377.0984024250909
13,IFAD,353,-375.1494019657508
13,IFAD,354,-359.20256928051475
13,IFAD,355,-378.28292000752384
13,IFAD,356,-384.21026869859867
13,IFAD,357,-385.41762797083305
13,IFAD,358,-370.8850542766797
13,IFAD,359,-381.1792385082311
13,IFAD,360,-366.833373311759
13,IFAD,361,-376.6195060181047
13,IFAD,362,-379.11862562520685
13,IFAD,363,-372.25805769582746
13,IFAD,364,-370.33218625262975
13,IFAD,365,-367.0139171471593
13,IFAD,366,-372.8436869347269
13,IFAD,367,-363.72201020666745
13,IFAD,368,-381.0227898819019
13,IFAD,369,-377.0041839913644
13,IFAD,370,-374.0918338642612
13,IFAD,371,-389.4134697577069
13,IFAD,372,-378.9139866936024
13,IFAD,373,-375.2272066238751
13,IFAD,374,-370.74388312520637
13,IFAD,375,-372.326522662095
13,IFAD,376,-376.88971987728104
13,IFAD,377,-377.42454455456897
13,IFAD,378,-373.0907671840735
13,IFAD,379,-372.99282292398306
13,IFAD,380,-375.6766854488708
13,IFAD,381,-370.69089029854865
13,IFAD,382,-375.44507622210034
13,IFAD,383,-372.9575195757482
13,IFAD,384,-382.4399111751574
13,IFAD,385,-374.439764276066
13,IFAD,386,-373.49796240427014
13,IFAD,387,-381.4220693040924
13,IFAD,388,-371.80575750289097
13,IFAD,389,-373.1436995759892
13,IFAD,390,-376.5735400944285
13,IFAD,391,-379.8965532696624
13,IFAD,392,-375.9226061328723
13,IFAD,393,-366.56964840845563
13,IFAD,394,-371.75955774754
13,IFAD,395,-368.8194198992076
13,IFAD,396,-374.35531302868566
13,IFAD,397,-368.62117578711855
13,IFAD,398,-377.6198033707901
13,IFAD,399,-385.43163310521294
14,IF2,0,-372.2302390674144
14,IF2,1,-381.5258891123299
14,IF2,2,-381.27385492467164
14,IF2,3,-375.9768018316262
14,IF2,4,-390.39311635941215
14,IF2,5,-386.9665430258427
14,IF2,6,-382.8288671641848
14,IF2,7,-391.1472593194742
14,IF2,8,-452.41682384935797
14,IF2,9,-425.82735284465446
14,IF2,10,-392.8425026307192
14,IF2,11,-389.22989614662447
14,IF2,12,-387.7145834394779
14,IF2,13,-383.5698786671232
14,IF2,14,-376.3709560345303
14,IF2,15,-392.7427374283463
14,IF2,16,-393.08360428804787
14,IF2,17,-373.5314972146618
14,IF2,18,-396.59749848375185
14,IF2,19,-372.4773304465689
14,IF2,20,-371.4517319944314
14,IF2,21,-390.61944393592665
14,IF2,22,-384.3847602589776
14,IF2,23,-392.9790867474039
14,IF2,24,-389.7033568605487
14,IF2,25,-383.1028359289777
14,IF2,26,-378.09562486769227
14,IF2,27,-379.5140602566025
14,IF2,28,-371.1839133390486
14,IF2,29,-379.28205255947864
14,IF2,30,-385.0554915265486
14,IF2,31,-369.4639744347656
14,IF2,32,-391.0386209775795
14,IF2,33,-385.24609093464716
14,IF2,34,-388.6022889097334
14,IF2,35,-401.9922001310789
14,IF2,36,-403.1504837109554
14,IF2,37,-400.17668863812526
14,IF2,38,-387.5350661662471
14,IF2,39,-382.99090273663535
14,IF2,40,-376.19681736428066
14,IF2,41,-388.9864411495213
14,IF2,42,-391.1361899464163
14,IF2,43,-400.430561693588
14,IF2,44,-405.2597052880484
14,IF2,45,-396.55389525317514
14,IF2,46,-393.7467598317687
14,IF2,47,-391.43560527400706
14,IF2,48,-392.50485763567366
14,IF2,49,-377.69945912575474
14,IF2,50,-378.45688960982966
14,IF2,51,-385.401526617613
14,IF2,52,-384.1050828952566
14,IF2,53,-388.10787870836316
14,IF2,54,-384.38631941878367
14,IF2,55,-379.5967397260479
14,IF2,56,-388.24908738664436
14,IF2,57,-412.4794476926726
14,IF2,58,-395.22095122630583
14,IF2,59,-398.7816738675278
14,IF2,60,-402.7947703221538
14,IF2,61,-409.756874987432
14,IF2,62,-398.3897607988262
14,IF2,63,-392.0516128891677
14,IF2,64,-402.46875358233035
14,IF2,65,-398.4328235703531
14,IF2,66,-398.56189852811053
14,IF2,67,-385.4442493734945
14,IF2,68,-376.728325266735
14,IF2,69,-379.8415922574852
14,IF2,70,-379.73036558114353
14,IF2,71,-388.41545251658687
14,IF2,72,-380.8908985405488
14,IF2,73,-375.17700023453637
14,IF2,74,-387.2315786238124
14,IF2,75,-403.60752040423637
14,IF2,76,-404.7974029368599
14,IF2,77,-410.64313449479295
14,IF2,78,-397.8257566237785
14,IF2,79,-416.9842361094644
14,IF2,80,-394.2028783343889
14,IF2,81,-386.532809368616
14,IF2,82,-381.53350623253823
14,IF2,83,-390.25422431073156
14,IF2,84,-393.5161673506002
14,IF2,85,-394.1027601173143
14,IF2,86,-409.4683753705071
14,IF2,87,-411.65061747036845
14,IF2,88,-409.38177302172846
14,IF2,89,-396.03428861759767
14,IF2,90,-402.2018054018245
14,IF2,91,-395.35309546391164
14,IF2,92,-394.2600104089397
14,IF2,93,-412.4056332180104
14,IF2,94,-393.45125793437455
14,IF2,95,-391.1532545976825
14,IF2,96,-401.0384589291599
14,IF2,97,-384.64751750749036
14,IF2,98,-376.56461054700236
14,IF2,99,-381.7469675638338
14,IF2,100,-367.1344927371018
14,IF2,101,-364.6873521221694
14,IF2,102,-372.4130058399851
14,IF2,103,-382.72710310086535
14,IF2,104,-382.7930551800645
14,IF2,105,-376.31857819399664
14,IF2,106,-370.2667393028839
14,IF2,107,-373.02979481594747
14,IF2,108,-368.64116908750134
14,IF2,109,-361.56729248804146
14,IF2,110,-372.49755590508846
14,IF2,111,-380.6089426904036
14,IF2,112,-379.0859497560233
14,IF2,113,-395.0086895618413
14,IF2,114,-374.50955548433365
14,IF2,115,-373.04368341940545
14,IF2,116,-369.77418456344674
14,IF2,117,-373.8140131094047
14,IF2,118,-374.86461448440923
14,IF2,119,-391.7451585678642
14,IF2,120,-383.9253603014624
14,IF2,121,-377.721752827637
14,IF2,122,-385.30885580603075
14,IF2,123,-385.43233056109426
14,IF2,124,-385.8670128208266
14,IF2,125,-390.7201101923962
14,IF2,126,-382.1390161193769
14,IF2,127,-385.3995553662177
14,IF2,128,-381.90769414459936
14,IF2,129,-373.00000190915034
14,IF2,130,-377.61364911315
14,IF2,131,-379.8792894974713
14,IF2,132,-392.6889712527411
14,IF2,133,-382.9670762716057
14,IF2,134,-382.22661981698883
14,IF2,135,-378.23682836889003
14,IF2,136,-387.31807360240833
14,IF2,137,-371.51520036292607
14,IF2,138,-369.80731432910636
14,IF2,139,-396.50101579035874
14,IF2,140,-378.2570740243534
14,IF2,141,-380.8695712714816
14,IF2,142,-384.0437191039233
14,IF2,143,-377.1862031611445
14,IF2,144,-379.6295369079652
14,IF2,145,-372.66260237166676
14,IF2,146,-385.5266783987277
14,IF2,147,-372.24359888895214
14,IF2,148,-366.7957831666358
14,IF2,149,-370.9561586753165
14,IF2,150,-381.6420773740541
14,IF2,151,-381.328960820829
14,IF2,152,-370.8173100333468
14,IF2,153,-371.0342488451451
14,IF2,154,-369.39590073668694
14,IF2,155,-370.3763353917495
14,IF2,156,-373.4696216305142
14,IF2,157,-384.24984363362125
14,IF2,158,-379.1866425484905
14,IF2,159,-380.32140228691827
14,IF2,160,-372.4654340696839
14,IF2,161,-380.0387492425611
14,IF2,162,-378.1248993145101
14,IF2,163,-377.11201253172914
14,IF2,164,-378.58273689749035
14,IF2,165,-384.3998000328083
14,IF2,166,-383.4368866434363
14,IF2,167,-383.86106484844544
14,IF2,168,-384.6140840277293
14,IF2,169,-382.6806588968471
14,IF2,170,-399.19153469922094
14,IF2,171,-383.7905694606965
14,IF2,172,-377.0806240143358
14,IF2,173,-377.9124491235897
14,IF2,174,-376.5162452885249
14,IF2,175,-371.1580747259767
14,IF2,176,-375.7815807317508
14,IF2,177,-370.6372511811621
14,IF2,178,-378.4744087438206
14,IF2,179,-378.08961592400055
14,IF2,180,-367.4367824058611
14,IF2,181,-382.18535546504563
14,IF2,182,-377.3599598714901
14,IF2,183,-383.75803058577895
14,IF2,184,-373.38957069841564
14,IF2,185,-383.1246919686812
14,IF2,186,-374.62363008965576
14,IF2,187,-389.8753306238497
14,IF2,188,-373.59546498184943
14,IF2,189,-368.22474366842357
14,IF2,190,-373.27559663702885
14,IF2,191,-375.51728493619265
14,IF2,192,-380.89434775953686
14,IF2,193,-371.99322484910306
14,IF2,194,-378.9827276996775
14,IF2,195,-382.07170265124574
14,IF2,196,-379.37733455454605
14,IF2,197,-367.5362457403823
14,IF2,198,-382.34602500856585
14,IF2,199,-386.6437110356144
14,IF2,200,-376.76613322658955
14,IF2,201,-382.61013118243096
14,IF2,202,-376.2132164984183
14,IF2,203,-379.0562605713626
14,IF2,204,-374.37508801803614
14,IF2,205,-368.5394837459569
14,IF2,206,-382.93985661366213
14,IF2,207,-365.52685112922603
14,IF2,208,-369.8737822019639
14,IF2,209,-381.5235017320537
14,IF2,210,-376.82065894823916
14,IF2,211,-367.92112694984974
14,IF2,212,-371.51262681446593
14,IF2,213,-379.41826573672864
14,IF2,214,-364.2115295231399
14,IF2,215,-385.19270870320145
14,IF2,216,-384.4331399608608
14,IF2,217,-382.15624899603864
14,IF2,218,-377.2277627476998
14,IF2,219,-378.25110547943297
14,IF2,220,-380.5861167175532
14,IF2,221,-375.3164967895144
14,IF2,222,-382.10024037020673
14,IF2,223,-382.9281934616085
14,IF2,224,-383.58957889785677
14,IF2,225,-379.1561681243386
14,IF2,226,-374.7791977447727
14,IF2,227,-374.24477794687
14,IF2,228,-382.1731519160636
14,IF2,229,-388.762167914035
14,IF2,230,-375.57849603089136
14,IF2,231,-388.92304868986264
14,IF2,232,-374.57466588706114
14,IF2,233,-387.2231319619687
14,IF2,234,-390.7442024662558
14,IF2,235,-393.66124429155707
14,IF2,236,-380.28896260628835
14,IF2,237,-384.6103190572905
14,IF2,238,-371.67138951861625
14,IF2,239,-377.4321180896498
14,IF2,240,-377.85879907693766
14,IF2,241,-375.28695861277043
14,IF2,242,-387.12510008113117
14,IF2,243,-365.8676826655483
14,IF2,244,-379.68626426969365
14,IF2,245,-374.7132750600966
14,IF2,246,-375.9084390452747
14,IF2,247,-377.7173760685523
14,IF2,248,-379.80215266955986
14,IF2,249,-374.09763542794957
14,IF2,250,-369.55139628565405
14,IF2,251,-380.11798820699516
14,IF2,252,-374.78143332655935
14,IF2,253,-382.3301559449772
14,IF2,254,-377.7635879206061
14,IF2,255,-389.3792526605072
14,IF2,256,-387.9875311452043
14,IF2,257,-372.10379537910205
14,IF2,258,-376.61765101807396
14,IF2,259,-380.39313294075833
14,IF2,260,-369.996826415454
14,IF2,261,-388.5589319655471
14,IF2,262,-376.99710868885984
14,IF2,263,-383.9003408277031
14,IF2,264,-373.53312949802597
14,IF2,265,-380.10166204017594
14,IF2,266,-367.3438353183175
14,IF2,267,-376.37703856823987
14,IF2,268,-382.62417729856395
14,IF2,269,-378.50786555801017
14,IF2,270,-382.8142237605087
14,IF2,271,-389.89359407876026
14,IF2,272,-363.72255811521075
14,IF2,273,-388.52599640975615
14,IF2,274,-375.8105430989367
14,IF2,275,-378.8711451707128
14,IF2,276,-381.90622991486873
14,IF2,277,-382.4574312739499
14,IF2,278,-371.1280940189192
14,IF2,279,-395.82674532116243
14,IF2,280,-374.60284821943566
14,IF2,281,-376.4623334419768
14,IF2,282,-370.78780436580837
14,IF2,283,-378.13228837920144
14,IF2,284,-388.0808052690773
14,IF2,285,-371.168414057283
14,IF2,286,-381.54482270630217
14,IF2,287,-376.0547639264478
14,IF2,288,-380.37036350499255
14,IF2,289,-377.68005559067996
14,IF2,290,-383.11716351354
14,IF2,291,-384.53551803964336
14,IF2,292,-380.23209411440956
14,IF2,293,-385.5548245660485
14,IF2,294,-396.38261264924216
14,IF2,295,-374.5542433506564
14,IF2,296,-376.17681392729395
14,IF2,297,-372.6305573494327
14,IF2,298,-380.3673178253081
14,IF2,299,-376.23454946778327
14,IF2,300,-379.15192102098723
14,IF2,301,-372.08947767978907
14,IF2,302,-388.916574444581
14,IF2,303,-378.78904074818837
14,IF2,304,-376.5707137339849
14,IF2,305,-374.75986621134814
14,IF2,306,-377.59560584115167
14,IF2,307,-368.15929319657084
14,IF2,308,-372.8446623445255
14,IF2,309,-379.3660162634159
14,IF2,310,-380.36145269139104
14,IF2,311,-368.2571969397931
14,IF2,312,-383.3408577181895
14,IF2,313,-372.26067650555865
14,IF2,314,-388.26876866820834
14,IF2,315,-377.39073214795604
14,IF2,316,-391.9827922558683
14,IF2,317,-372.8947510616777
14,IF2,318,-385.0271698234145
14,IF2,319,-369.1497210270967
14,IF2,320,-372.15384088762664
14,IF2,321,-378.33679022163153
14,IF2,322,-378.7753803756092
14,IF2,323,-377.3876645060736
14,IF2,324,-385.3957045856069
14,IF2,325,-387.76540451159934
14,IF2,326,-381.19867945460464
14,IF2,327,-377.7041421874657
14,IF2,328,-378.2528021775069
14,IF2,329,-378.9637107747773
14,IF2,330,-388.6878000513365
14,IF2,331,-388.89235354993764
14,IF2,332,-388.0489647736215
14,IF2,333,-372.2359235095872
14,IF2,334,-367.60154431308894
14,IF2,335,-380.65474755673597
14,IF2,336,-381.97554336262726
14,IF2,337,-388.7094556448978
14,IF2,338,-382.0546181701285
14,IF2,339,-373.8985058051868
14,IF2,340,-381.4210460947632
14,IF2,341,-373.15797117552916
14,IF2,342,-387.4373336851486
14,IF2,343,-377.32604251148064
14,IF2,344,-380.4165778463546
14,IF2,345,-389.72385959656054
14,IF2,346,-372.9234528561532
14,IF2,347,-372.648172887477
14,IF2,348,-383.21186429251657
14,IF2,349,-378.16955215299555
14,IF2,350,-385.0319254932743
14,IF2,351,-375.2621253173647
14,IF2,352,-385.0348526091053
14,IF2,353,-373.78050453292957
14,IF2,354,-374.4727759725312
14,IF2,355,-381.4149705529817
14,IF2,356,-386.6557231117016
14,IF2,357,-385.01377602815097
14,IF2,358,-401.33286470062654
14,IF2,359,-385.45532186422065
14,IF2,360,-379.44734770617805
14,IF2,361,-372.04778034997656
14,IF2,362,-381.3461605294316
14,IF2,363,-372.3088430593333
14,IF2,364,-386.44830635006866
14,IF2,365,-386.2957422061847
14,IF2,366,-372.4479619330456
14,IF2,367,-387.3824753480207
14,IF2,368,-374.5015321416422
14,IF2,369,-377.4983287278942
14,IF2,370,-377.67398582870766
14,IF2,371,-377.4770950736701
14,IF2,372,-380.202063838591
14,IF2,373,-365.07215812851695
14,IF2,374,-371.3661888713153
14,IF2,375,-386.84536178416585
14,IF2,376,-373.5779876189876
14,IF2,377,-376.8037744453856
14,IF2,378,-383.2739815912908
14,IF2,379,-382.8286780251263
14,IF2,380,-380.3662335424124
14,IF2,381,-372.5009215840817
14,IF2,382,-389.85290738715946
14,IF2,383,-377.29453549855464
14,IF2,384,-396.2424186321684
14,IF2,385,-367.79213693788347
14,IF2,386,-371.7045253484107
14,IF2,387,-388.0840894888844
14,IF2,388,-385.37910507901927
14,IF2,389,-381.6331233899053
14,IF2,390,-385.50071388996554
14,IF2,391,-386.69314647701657
14,IF2,392,-384.02454138462366
14,IF2,393,-383.74539092735813
14,IF2,394,-385.9106043668848
14,IF2,395,-366.0958312186736
14,IF2,396,-390.539866021493
14,IF2,397,-380.6931067525778
14,IF2,398,-375.43505268882
14,IF2,399,-392.8053628239086
14,IF2,400,-376.0244625502531
14,IF2,401,-375.5228861617134
14,IF2,402,-385.6933600800561
14,IF2,403,-376.16847720261313
14,IF2,404,-383.7940775289322
14,IF2,405,-384.0393542141628
14,IF2,406,-390.00616128009614
14,IF2,407,-382.6301313252047
14,IF2,408,-371.78597020637596
14,IF2,409,-386.08490487619434
14,IF2,410,-377.3884789636644
14,IF2,411,-375.1317249232036
14,IF2,412,-367.5532713326598
14,IF2,413,-375.4223219018696
14,IF2,414,-380.17839882356975
14,IF2,415,-380.786988077405
14,IF2,416,-389.82862475996023
14,IF2,417,-380.95522093792533
14,IF2,418,-382.52741908286146
14,IF2,419,-380.0825408933556
14,IF2,420,-380.339446235733
14,IF2,421,-374.6198311020061
14,IF2,422,-375.90533024206
14,IF2,423,-387.5954788720901
14,IF2,424,-384.91210880979
14,IF2,425,-374.05599845398433
14,IF2,426,-379.3439526007902
14,IF2,427,-375.2324328797945
14,IF2,428,-372.91579873602507
14,IF2,429,-369.51446155643197
14,IF2,430,-378.10849347149923
14,IF2,431,-381.0149941450333
14,IF2,432,-383.22713863653223
14,IF2,433,-376.13071875536895
14,IF2,434,-385.966427984868
14,IF2,435,-380.5283601646734
14,IF2,436,-371.7215532292869
14,IF2,437,-373.7700451072962
14,IF2,438,-383.1113939467275
14,IF2,439,-381.5198524842855
14,IF2,440,-386.2330015722616
14,IF2,441,-380.873916362767
14,IF2,442,-384.96191477713796
14,IF2,443,-383.46481836245397
14,IF2,444,-376.17543272856653
14,IF2,445,-365.03177522733915
14,IF2,446,-374.48820939441526
14,IF2,447,-375.46505579832296
14,IF2,448,-383.8148437420215
14,IF2,449,-378.88694259444594
14,IF2,450,-376.41487566569253
14,IF2,451,-375.282525597765
14,IF2,452,-378.99329597701836
14,IF2,453,-387.9566468113039
14,IF2,454,-380.5561537529914
14,IF2,455,-387.9351911813458
14,IF2,456,-394.33404026718836
14,IF2,457,-376.28856492077637
14,IF2,458,-392.8077177531632
14,IF2,459,-377.7394389153979
14,IF2,460,-378.3799578080644
14,IF2,461,-375.4385211865323
14,IF2,462,-382.8656311703258
14,IF2,463,-394.1098675824375
14,IF2,464,-379.2081104056934
14,IF2,465,-377.0175651578117
14,IF2,466,-363.5595255044531
14,IF2,467,-385.90001490690514
14,IF2,468,-379.23564745691027
14,IF2,469,-378.70637042375483
14,IF2,470,-382.8653489446188
14,IF2,471,-405.58230138579023
14,IF2,472,-364.5884575003333
14,IF2,473,-385.9602544953669
14,IF2,474,-394.46695162015425
14,IF2,475,-372.68452960814267
14,IF2,476,-376.72206156204675
14,IF2,477,-377.18315151748044
14,IF2,478,-366.4856067896665
14,IF2,479,-388.38230310640637
14,IF2,480,-386.04962197960924
14,IF2,481,-383.7056419479505
14,IF2,482,-379.03856889273754
14,IF2,483,-374.1104390339443
14,IF2,484,-377.37969083134277
14,IF2,485,-366.1724087075167
14,IF2,486,-380.0666806081074
14,IF2,487,-376.1816179038059
14,IF2,488,-380.3567404982179
14,IF2,489,-370.1572415065292
14,IF2,490,-390.2444911402073
14,IF2,491,-372.04621254150857
14,IF2,492,-374.781902452871
14,IF2,493,-373.92166026736396
14,IF2,494,-369.6791349058175
14,IF2,495,-378.592717500626
14,IF2,496,-376.8960403498982
14,IF2,497,-383.3412750545535
14,IF2,498,-382.63313217175454
14,IF2,499,-375.4336967319327
14,IF2,500,-388.69875276789315
14,IF2,501,-374.71828960247734
14,IF2,502,-392.32232711980384
14,IF2,503,-383.27900811322536
14,IF2,504,-372.00478947172087
14,IF2,505,-384.7370335139105
14,IF2,506,-381.89543224740646
14,IF2,507,-371.70770381611914
14,IF2,508,-385.0672568652349
14,IF2,509,-371.2659114985212
14,IF2,510,-370.8894170345337
14,IF2,511,-386.31414840793224
14,IF2,512,-372.5763134302001
14,IF2,513,-378.82518438033486
14,IF2,514,-378.6409604727876
14,IF2,515,-369.9270836195549
14,IF2,516,-369.29919398666203
14,IF2,517,-377.8832640719441
14,IF2,518,-378.6211226835848
14,IF2,519,-387.2297056914472
14,IF2,520,-370.74691533733335
14,IF2,521,-374.9851494042805
14,IF2,522,-390.4012413425928
14,IF2,523,-374.4834738214514
14,IF2,524,-380.4586252621154
14,IF2,525,-375.5601283868538
14,IF2,526,-372.6702724251989
14,IF2,527,-375.8229346676592
14,IF2,528,-371.40036253210155
14,IF2,529,-379.7600522197609
14,IF2,530,-392.996071963042
14,IF2,531,-379.10050344350657
14,IF2,532,-378.9319364557276
14,IF2,533,-376.8774397321366
14,IF2,534,-377.12071043901733
14,IF2,535,-385.0782933417606
14,IF2,536,-391.7435089330644
14,IF2,537,-378.6443164946859
14,IF2,538,-375.2480928267568
14,IF2,539,-385.82533780549005
14,IF2,540,-373.5475379359112
14,IF2,541,-383.64403744953484
14,IF2,542,-374.74328813862445
14,IF2,543,-380.2438157972127
14,IF2,544,-387.95631712462153
14,IF2,545,-380.71071538791665
14,IF2,546,-374.80158336279544
14,IF2,547,-376.8246846402444
14,IF2,548,-374.01801135818937
14,IF2,549,-373.9783192903514
14,IF2,550,-377.24964123411536
14,IF2,551,-374.56015332462147
14,IF2,552,-374.16608006241387
14,IF2,553,-378.70441881381817
14,IF2,554,-377.15185320688937
14,IF2,555,-388.7677858110801
14,IF2,556,-379.19817865849706
14,IF2,557,-378.4990680667933
14,IF2,558,-382.8006736450575
14,IF2,559,-370.7400731556296
14,IF2,560,-383.61847235002324
14,IF2,561,-375.7128806169659
14,IF2,562,-370.4711415244641
14,IF2,563,-374.994227315282
14,IF2,564,-381.50718778538703
14,IF2,565,-382.5656924666057
14,IF2,566,-381.41669274307327
14,IF2,567,-380.13211313512966
14,IF2,568,-397.14148888345545
14,IF2,569,-374.7818336787985
14,IF2,570,-378.5808764327593
14,IF2,571,-373.3330844479612
14,IF2,572,-386.9904687110841
14,IF2,573,-381.25839159300426
14,IF2,574,-380.50394962455994
14,IF2,575,-376.67764980179055
14,IF2,576,-390.8794628779893
14,IF2,577,-384.13181385937145
14,IF2,578,-374.5857787152692
14,IF2,579,-383.9094878870342
14,IF2,580,-377.3370834132157
14,IF2,581,-380.29101083227613
14,IF2,582,-387.56954013971796
14,IF2,583,-377.63931280705344
14,IF2,584,-379.8378188286868
14,IF2,585,-381.9473998652468
14,IF2,586,-372.3373472967933
14,IF2,587,-371.29251920973746
14,IF2,588,-386.6542607885238
14,IF2,589,-370.85849926794845
14,IF2,590,-372.7314577452773
14,IF2,591,-386.563616609144
14,IF2,592,-388.6648044465737
14,IF2,593,-392.93463238823557
14,IF2,594,-381.06825652380485
14,IF2,595,-373.56337437303836
14,IF2,596,-381.5891805658834
14,IF2,597,-380.6636264661114
14,IF2,598,-392.0046493512448
14,IF2,599,-375.01565390010444
14,IFAD,0,-382.88118844494244
14,IFAD,1,-381.2259405755691
14,IFAD,2,-385.5058720955783
14,IFAD,3,-393.359120664933
14,IFAD,4,-381.90916632600545
14,IFAD,5,-397.1190887852778
14,IFAD,6,-379.51952174025865
14,IFAD,7,-385.9942538036034
14,IFAD,8,-395.3600959121261
14,IFAD,9,-385.11969233406796
14,IFAD,10,-384.376956098622
14,IFAD,11,-380.3166687465084
14,IFAD,12,-383.06648823548755
14,IFAD,13,-389.9294622731043
14,IFAD,14,-389.53884274086494
14,IFAD,15,-379.5734307232266
14,IFAD,16,-377.30975894652846
14,IFAD,17,-396.73040815728183
14,IFAD,18,-396.02903817814496
14,IFAD,19,-395.9819315455462
14,IFAD,20,-391.0651099193991
14,IFAD,21,-392.91296953367834
14,IFAD,22,-392.0148829620421
14,IFAD,23,-381.8225042960926
14,IFAD,24,-381.3371542866481
14,IFAD,25,-380.5646778857846
14,IFAD,26,-380.56986168741525
14,IFAD,27,-392.2123118363877
14,IFAD,28,-389.33960422564957
14,IFAD,29,-384.9202181447142
14,IFAD,30,-386.37850126355875
14,IFAD,31,-381.8736768296385
14,IFAD,32,-375.379334251021
14,IFAD,33,-377.26410918913075
14,IFAD,34,-380.77222199209416
14,IFAD,35,-383.6447719657499
14,IFAD,36,-386.3280391144379
14,IFAD,37,-411.10962348981315
14,IFAD,38,-408.03359039379114
14,IFAD,39,-417.16949959267134
14,IFAD,40,-415.2290325298308
14,IFAD,41,-428.17545886151555
14,IFAD,42,-428.53840520455344
14,IFAD,43,-428.5697468156777
14,IFAD,44,-429.14783412053293
14,IFAD,45,-414.9945004482874
14,IFAD,46,-405.0457233815995
14,IFAD,47,-414.65885019020834
14,IFAD,48,-407.49510156939124
14,IFAD,49,-388.64050602696994
14,IFAD,50,-394.85074349140075
14,IFAD,51,-394.7592484743185
14,IFAD,52,-384.41348586264115
14,IFAD,53,-399.915638941791
14,IFAD,54,-412.75853454091805
14,IFAD,55,-416.80725703818257
14,IFAD,56,-419.3430935975142
14,IFAD,57,-425.7222615297148
14,IFAD,58,-410.91380612954515
14,IFAD,59,-415.80696725231974
14,IFAD,60,-418.7841164177431
14,IFAD,61,-403.19549567169827
14,IFAD,62,-418.53211775688334
14,IFAD,63,-406.81721384226694
14,IFAD,64,-430.26455086575663
14,IFAD,65,-419.2394440650336
14,IFAD,66,-400.8519603812434
14,IFAD,67,-407.4529924121444
14,IFAD,68,-409.13529670976914
14,IFAD,69,-420.17369488096125
14,IFAD,70,-418.5933881193724
14,IFAD,71,-446.41251878672745
14,IFAD,72,-449.3965606133004
14,IFAD,73,-409.3147159079492
14,IFAD,74,-402.8317601132169
14,IFAD,75,-394.43261402849845
14,IFAD,76,-387.3050685045758
14,IFAD,77,-397.5403167513086
14,IFAD,78,-404.0303568219372
14,IFAD,79,-394.70575121306797
14,IFAD,80,-393.1363537233663
14,IFAD,81,-398.51999150879885
14,IFAD,82,-411.7969508889159
14,IFAD,83,-393.05891015043176
14,IFAD,84,-423.7898018061767
14,IFAD,85,-415.84349540096116
14,IFAD,86,-403.5250628190146
14,IFAD,87,-418.85644231314814
14,IFAD,88,-421.72464750292573
14,IFAD,89,-421.3842885033327
14,IFAD,90,-420.70321503585757
14,IFAD,91,-419.4579274436473
14,IFAD,92,-425.01640073799194
14,IFAD,93,-423.62947713177317
14,IFAD,94,-424.1128085844542
14,IFAD,95,-424.44272781661965
14,IFAD,96,-412.95595602165633
14,IFAD,97,-412.5564753692107
14,IFAD,98,-422.8631986216678
14,IFAD,99,-412.53679804689784
14,IFAD,100,-420.9125849380654
14,IFAD,101,-408.0934722439857
14,IFAD,102,-411.05390472540296
14,IFAD,103,-410.59676134266437
14,IFAD,104,-406.609165148063
14,IFAD,105,-411.4398288493984
14,IFAD,106,-395.8189428041296
14,IFAD,107,-410.58647439341473
14,IFAD,108,-405.8939528320202
14,IFAD,109,-408.3431534599897
14,IFAD,110,-403.0666677888904
14,IFAD,111,-399.6055454761777
14,IFAD,112,-402.96819338199293
14,IFAD,113,-412.8682654776844
14,IFAD,114,-397.4064938415635
14,IFAD,115,-393.15801435002624
14,IFAD,116,-411.7147130790132
14,IFAD,117,-398.73976791560625
14,IFAD,118,-393.8983331445091
14,IFAD,119,-382.98901471034503
14,IFAD,120,-393.00240364499604
14,IFAD,121,-385.8840231709363
14,IFAD,122,-386.728626309851
14,IFAD,123,-390.2959317790389
14,IFAD,124,-387.5790075364061
14,IFAD,125,-394.43175379387924
14,IFAD,126,-387.3236807856542
14,IFAD,127,-378.8247399595589
14,IFAD,128,-387.7991652024372
14,IFAD,129,-381.89763258888894
14,IFAD,130,-389.11257783825874
14,IFAD,131,-393.4297486711672
14,IFAD,132,-386.4595642791061
14,IFAD,133,-376.0716322607939
14,IFAD,134,-375.0890364332336
14,IFAD,135,-379.7373920261426
14,IFAD,136,-377.3531553051554
14,IFAD,137,-386.1504261469706
14,IFAD,138,-388.58527262205286
14,IFAD,139,-385.7496580795421
14,IFAD,140,-377.76718813530795
14,IFAD,141,-387.5044906001181
14,IFAD,142,-370.2524605570745
14,IFAD,143,-391.3420074689325
14,IFAD,144,-382.27486093879145
14,IFAD,145,-378.47049131413496
14,IFAD,146,-372.54657265698864
14,IFAD,147,-378.3154437594233
14,IFAD,148,-389.3859893473723
14,IFAD,149,-383.02366483295054
14,IFAD,150,-379.87425370464064
14,IFAD,151,-370.68149928454983
14,IFAD,152,-375.8925580679549
14,IFAD,153,-365.5560209110002
14,IFAD,154,-373.32424999433385
14,IFAD,155,-383.2807456631815
14,IFAD,156,-384.1729039391544
14,IFAD,157,-380.93700290930207
14,IFAD,158,-385.5485337282794
14,IFAD,159,-370.4036857431592
14,IFAD,160,-366.4079495559031
14,IFAD,161,-361.95111799518986
14,IFAD,162,-378.419237948176
14,IFAD,163,-377.0635566243358
14,IFAD,164,-379.9655912845172
14,IFAD,165,-383.35006842197635
14,IFAD,166,-376.23620667398853
14,IFAD,167,-379.0239314754605
14,IFAD,168,-374.40952171853286
14,IFAD,169,-380.72523415946483
14,IFAD,170,-377.5361384038418
14,IFAD,171,-369.19375073944366
14,IFAD,172,-381.40970577033374
14,IFAD,173,-363.7240750674057
14,IFAD,174,-378.928084873567
14,IFAD,175,-375.6868247115836
14,IFAD,176,-376.5417118855995
14,IFAD,177,-385.8811876562117
14,IFAD,178,-385.49547241947863
14,IFAD,179,-378.54711487248096
14,IFAD,180,-370.34491215530875
14,IFAD,181,-388.0554698350851
14,IFAD,182,-379.7198542685291
14,IFAD,183,-368.2057039051638
14,IFAD,184,-370.54005651004434
14,IFAD,185,-374.7620492775643
14,IFAD,186,-381.269762491709
14,IFAD,187,-378.7495527441201
14,IFAD,188,-381.93782179928144
14,IFAD,189,-371.45351865089486
14,IFAD,190,-366.0919278744213
14,IFAD,191,-374.1567011874661
14,IFAD,192,-371.3086787940019
14,IFAD,193,-371.35850533458586
14,IFAD,194,-375.90441747112607
14,IFAD,195,-378.9128283600484
14,IFAD,196,-373.45071204472293
14,IFAD,197,-375.06478224581343
14,IFAD,198,-377.79046826725966
14,IFAD,199,-366.60357244288673
14,IFAD,200,-354.44325338752475
14,IFAD,201,-381.1081211499193
14,IFAD,202,-381.98102459832853
14,IFAD,203,-386.4360108374848
14,IFAD,204,-369.95677123043
14,IFAD,205,-385.9384750089256
14,IFAD,206,-383.56739113487265
14,IFAD,207,-380.87469592714
14,IFAD,208,-376.1746173054951
14,IFAD,209,-363.4483645896898
14,IFAD,210,-380.8769185348448
14,IFAD,211,-377.3996274835403
14,IFAD,212,-358.45357540341706
14,IFAD,213,-373.38111926921067
14,IFAD,214,-366.0063381902702
14,IFAD,215,-380.0343549462495
14,IFAD,216,-381.65814076370066
14,IFAD,217,-380.5064234349857
14,IFAD,218,-381.13252540313596
14,IFAD,219,-372.01761957730037
14,IFAD,220,-377.34386419497287
14,IFAD,221,-365.8978232133005
14,IFAD,222,-373.6134454523649
14,IFAD,223,-371.7924015009322
14,IFAD,224,-365.9687430535178
14,IFAD,225,-369.1369486028808
14,IFAD,226,-385.4788527255523
14,IFAD,227,-381.5687904491471
14,IFAD,228,-379.2284281571426
14,IFAD,229,-369.2198154368507
14,IFAD,230,-370.96264200230655
14,IFAD,231,-366.69037071409355
14,IFAD,232,-366.775903931991
14,IFAD,233,-373.4729627030477
14,IFAD,234,-387.1849765086514
14,IFAD,235,-375.0223110362127
14,IFAD,236,-383.63676176188096
14,IFAD,237,-382.91637274948545
14,IFAD,238,-376.0177167970838
14,IFAD,239,-381.6178823729159
14,IFAD,240,-378.01081776989037
14,IFAD,241,-369.7408519586863
14,IFAD,242,-380.0928995297663
14,IFAD,243,-363.54173996223494
14,IFAD,244,-381.82162914672955
14,IFAD,245,-379.5888918582681
14,IFAD,246,-373.0317522242239
14,IFAD,247,-382.79534948391796
14,IFAD,248,-382.85121252764225
14,IFAD,249,-383.3656755070289
14,IFAD,250,-381.8949351385643
14,IFAD,251,-368.2525179921569
14,IFAD,252,-369.28837681268607
14,IFAD,253,-374.85518103179334
14,IFAD,254,-375.1376138452889
14,IFAD,255,-367.3077628320177
14,IFAD,256,-376.62423893019235
14,IFAD,257,-380.23531258310874
14,IFAD,258,-367.636030489847
14,IFAD,259,-383.515386351425
14,IFAD,260,-378.7128819622282
14,IFAD,261,-380.8509151889949
14,IFAD,262,-380.8052895534208
14,IFAD,263,-369.0167985002406
14,IFAD,264,-377.70748589845107
14,IFAD,265,-376.81283161055654
14,IFAD,266,-378.00411620146633
14,IFAD,267,-365.0318225776323
14,IFAD,268,-372.9048589580906
14,IFAD,269,-369.7693202851884
14,IFAD,270,-376.34464792057264
14,IFAD,271,-372.4194109741299
14,IFAD,272,-371.23329804542317
14,IFAD,273,-378.2846670668358
14,IFAD,274,-374.6423009749969
14,IFAD,275,-366.2921450077238
14,IFAD,276,-379.719722083419
14,IFAD,277,-389.1166902400191
14,IFAD,278,-382.905662724387
14,IFAD,279,-376.0997887137212
14,IFAD,280,-376.5902031007358
14,IFAD,281,-375.00583563984884
14,IFAD,282,-379.9915145595745
14,IFAD,283,-369.5471280297894
14,IFAD,284,-376.8613445926224
14,IFAD,285,-380.4321041906244
14,IFAD,286,-375.0107374912148
14,IFAD,287,-377.2515842429867
14,IFAD,288,-379.6139695284512
14,IFAD,289,-374.89974491743544
14,IFAD,290,-368.93905336216636
14,IFAD,291,-376.3739353038935
14,IFAD,292,-380.536747881488
14,IFAD,293,-377.4266299105078
14,IFAD,294,-369.95607938675516
14,IFAD,295,-366.9609064449742
14,IFAD,296,-390.2231621662556
14,IFAD,297,-373.4151732590339
14,IFAD,298,-368.03670457005944
14,IFAD,299,-379.60558286985116
14,IFAD,300,-368.1333150303552
14,IFAD,301,-383.79458064950967
14,IFAD,302,-379.54951968226106
14,IFAD,303,-370.03362490302237
14,IFAD,304,-376.3313897061766
14,IFAD,305,-379.2159291165762
14,IFAD,306,-374.8967134397931
14,IFAD,307,-371.7878510314532
14,IFAD,308,-375.4259479380536
14,IFAD,309,-372.4293918253494
14,IFAD,310,-381.6448571971288
14,IFAD,311,-387.2564192074822
14,IFAD,312,-387.31856442430666
14,IFAD,313,-389.12325960614544
14,IFAD,314,-359.1346294488883
14,IFAD,315,-374.07341480375413
14,IFAD,316,-364.365339008055
14,IFAD,317,-374.6615595880601
14,IFAD,318,-380.73183877631243
14,IFAD,319,-368.94658027813045
14,IFAD,320,-375.0069962272483
14,IFAD,321,-380.73563394084636
14,IFAD,322,-369.43540479199794
14,IFAD,323,-367.1888095651909
14,IFAD,324,-379.9350339451965
14,IFAD,325,-381.9684465762347
14,IFAD,326,-377.1938576483063
14,IFAD,327,-373.22996265051927
14,IFAD,328,-376.66420954723964
14,IFAD,329,-389.10911188164744
14,IFAD,330,-370.16842993422847
14,IFAD,331,-378.04025742060617
14,IFAD,332,-369.2325389615097
14,IFAD,333,-379.18410601520327
14,IFAD,334,-379.59572773546296
14,IFAD,335,-394.76678223356856
14,IFAD,336,-359.89892817628345
14,IFAD,337,-371.8496330087671
14,IFAD,338,-369.4397961980216
14,IFAD,339,-369.0724955862597
14,IFAD,340,-378.7435313220134
14,IFAD,341,-372.5011317646468
14,IFAD,342,-381.5754105392899
14,IFAD,343,-374.3255600342304
14,IFAD,344,-368.95465631074575
14,IFAD,345,-375.7350278805296
14,IFAD,346,-384.4028418613807
14,IFAD,347,-385.8078680754275
14,IFAD,348,-369.0663419003898
14,IFAD,349,-373.1366956386118
14,IFAD,350,-367.2317746650789
14,IFAD,351,-379.27657893519574
14,IFAD,352,-384.74992385082413
14,IFAD,353,-380.22701253050747
14,IFAD,354,-381.59440081680447
14,IFAD,355,-387.9984629199008
14,IFAD,356,-374.6825076686802
14,IFAD,357,-385.4689426162707
14,IFAD,358,-374.76610979672023
14,IFAD,359,-373.3314468078881
14,IFAD,360,-379.26296421719996
14,IFAD,361,-386.72769860162833
14,IFAD,362,-389.5873484763896
14,IFAD,363,-389.8350352635961
14,IFAD,364,-375.0679804337118
14,IFAD,365,-382.530413302504
14,IFAD,366,-369.5560152930212
14,IFAD,367,-382.9536138778491
14,IFAD,368,-365.7258592328707
14,IFAD,369,-373.46686858820004
14,IFAD,370,-382.59854368657346
14,IFAD,371,-378.3103338784078
14,IFAD,372,-375.534233408412
14,IFAD,373,-382.5044044149331
14,IFAD,374,-362.9778833560008
14,IFAD,375,-370.964732496678
14,IFAD,376,-389.72346405009614
14,IFAD,377,-374.7361104761221
14,IFAD,378,-380.7609883832986
14,IFAD,379,-373.3841164332601
14,IFAD,380,-374.29850548194554
14,IFAD,381,-368.91436255263966
14,IFAD,382,-371.36543503276243
14,IFAD,383,-379.9925038634257
14,IFAD,384,-369.20907268342785
14,IFAD,385,-369.89767490619846
14,IFAD,386,-378.4908615632773
14,IFAD,387,-381.0538238528279
14,IFAD,388,-375.2933606711977
14,IFAD,389,-378.30026653802634
14,IFAD,390,-377.9684252162076
14,IFAD,391,-376.08674660546865
14,IFAD,392,-368.9380283732344
14,IFAD,393,-375.15445100113334
14,IFAD,394,-379.9565969436253
14,IFAD,395,-365.9291846711997
14,IFAD,396,-380.94296373726667
14,IFAD,397,-398.79755568916823
14,IFAD,398,-372.48339036002983
14,IFAD,399,-368.9849484659037
15,IF2,0,-415.6521204014706
15,IF2,1,-387.0921905445918
15,IF2,2,-383.4391080894457
15,IF2,3,-384.8817940074314
15,IF2,4,-387.3624562293658
15,IF2,5,-378.30483664644845
15,IF2,6,-364.6823068484412
15,IF2,7,-375.4273759510803
15,IF2,8,-398.52752216102994
15,IF2,9,-386.7974409410114
15,IF2,10,-389.7806002281944
15,IF2,11,-383.71435665610863
15,IF2,12,-395.23152955746514
15,IF2,13,-388.2948464831989
15,IF2,14,-388.354353871078
15,IF2,15,-389.6189217375271
15,IF2,16,-388.59758920616093
15,IF2,17,-376.88922853217304
15,IF2,18,-376.16204297924315
15,IF2,19,-384.451344276703
15,IF2,20,-396.42900023749473
15,IF2,21,-403.389219333455
15,IF2,22,-405.915354050379
15,IF2,23,-401.2966686595661
15,IF2,24,-382.14667867563384
15,IF2,25,-374.23942798910343
15,IF2,26,-375.30151283514186
15,IF2,27,-370.4258330154118
15,IF2,28,-363.34603872864113
15,IF2,29,-388.3164731920142
15,IF2,30,-388.2315116395263
15,IF2,31,-375.6563020357019
15,IF2,32,-387.68588469848225
15,IF2,33,-403.9551172069004
15,IF2,34,-391.3704925754951
15,IF2,35,-403.8722897041453
15,IF2,36,-390.67501023617655
15,IF2,37,-401.0850230697408
15,IF2,38,-388.33012006014525
15,IF2,39,-379.4538305385266
15,IF2,40,-371.37517042605094
15,IF2,41,-385.9906602579334
15,IF2,42,-394.6146288468911
15,IF2,43,-407.63417408304093
15,IF2,44,-430.7736929439019
15,IF2,45,-407.71408807077785
15,IF2,46,-404.4755855858907
15,IF2,47,-400.2175593010113
15,IF2,48,-376.35337056772806
15,IF2,49,-375.84555993363824
15,IF2,50,-406.8682394052177
15,IF2,51,-400.9768343095215
15,IF2,52,-404.28367725140555
15,IF2,53,-379.4354817029816
15,IF2,54,-374.91353245923716
15,IF2,55,-383.8644677930178
15,IF2,56,-377.5930563287242
15,IF2,57,-400.0440331401079
15,IF2,58,-367.90779546371573
15,IF2,59,-377.39197057656423
15,IF2,60,-389.62057890100067
15,IF2,61,-382.0906081573916
15,IF2,62,-395.15134946970807
15,IF2,63,-384.8763553316368
15,IF2,64,-371.3835875177254
15,IF2,65,-380.6641175095816
15,IF2,66,-371.18887845946404
15,IF2,67,-375.76184799661104
15,IF2,68,-370.0871616669248
15,IF2,69,-365.4521165147707
15,IF2,70,-370.09414137696587
15,IF2,71,-368.59571464102305
15,IF2,72,-373.1839879440281
15,IF2,73,-373.4222520833194
15,IF2,74,-364.97538737888243
15,IF2,75,-370.872766707832
15,IF2,76,-371.8890793211276
15,IF2,77,-380.81031887390577
15,IF2,78,-386.6001417066782
15,IF2,79,-378.01655099199127
15,IF2,80,-378.543510008174
15,IF2,81,-383.1178348187727
15,IF2,82,-393.2773147023626
15,IF2,83,-382.2500231471662
15,IF2,84,-395.0801326554964
15,IF2,85,-387.5649736906367
15,IF2,86,-398.549366241232
15,IF2,87,-430.3276814450599
15,IF2,88,-427.34937732353535
15,IF2,89,-410.6955757584129
15,IF2,90,-413.8124874267954
15,IF2,91,-423.0750295823681
15,IF2,92,-401.74375182893783
15,IF2,93,-423.50224443450725
15,IF2,94,-406.57519173957445
15,IF2,95,-422.6697772330574
15,IF2,96,-410.4245409360256
15,IF2,97,-413.1092377094089
15,IF2,98,-421.76015586785644
15,IF2,99,-422.4130291240733
15,IF2,100,-423.6817221382032
15,IF2,101,-431.0185872619165
15,IF2,102,-427.4099064416541
15,IF2,103,-427.92066454941
15,IF2,104,-405.41955737482544
15,IF2,105,-421.546309655406
15,IF2,106,-419.34572506115353
15,IF2,107,-411.54502940430893
15,IF2,108,-393.21750468631336
15,IF2,109,-396.76656251126434
15,IF2,110,-405.9221968489334
15,IF2,111,-404.76944098199743
15,IF2,112,-404.14226815018264
15,IF2,113,-377.6204033356295
15,IF2,114,-390.6091021185553
15,IF2,115,-382.0701732815036
15,IF2,116,-387.5618839124374
15,IF2,117,-387.04259870341275
15,IF2,118,-383.3689820360442
15,IF2,119,-395.1892626887361
15,IF2,120,-404.0786088767264
15,IF2,121,-401.235846067807
15,IF2,122,-388.0704009217211
15,IF2,123,-396.4282161704653
15,IF2,124,-384.77588680046495
15,IF2,125,-393.25090085027745
15,IF2,126,-398.85186594535594
15,IF2,127,-398.15371352845943
15,IF2,128,-390.66492794373295
15,IF2,129,-385.95039239372136
15,IF2,130,-385.9473157386742
15,IF2,131,-406.10886666450807
15,IF2,132,-394.52022098849113
15,IF2,133,-383.4217075154013
15,IF2,134,-396.3549632278635
15,IF2,135,-403.3177505680434
15,IF2,136,-393.0059143669979
15,IF2,137,-386.4744287860178
15,IF2,138,-408.79872554319246
15,IF2,139,-396.7619304647449
15,IF2,140,-379.389845907126
15,IF2,141,-383.9747022364912
15,IF2,142,-398.95223476142735
15,IF2,143,-388.15656693247394
15,IF2,144,-386.0546220753407
15,IF2,145,-387.27632768216733
15,IF2,146,-402.93758793802266
15,IF2,147,-386.8909948620415
15,IF2,148,-381.273718490347
15,IF2,149,-391.72991378427037
15,IF2,150,-392.01188496585206
15,IF2,151,-381.2903063576019
15,IF2,152,-386.70594905144685
15,IF2,153,-393.3576790890123
15,IF2,154,-391.6684462378415
15,IF2,155,-382.1104319630249
15,IF2,156,-383.8920562602578
15,IF2,157,-375.03171509481416
15,IF2,158,-381.49246700638133
15,IF2,159,-375.5554811607339
15,IF2,160,-386.2394901435179
15,IF2,161,-389.4145790498972
15,IF2,162,-383.0875023885331
15,IF2,163,-377.35535781185837
15,IF2,164,-388.8278082396608
15,IF2,165,-403.1186894073584
15,IF2,166,-387.97595760724596
15,IF2,167,-387.3139521300119
15,IF2,168,-397.00043856749994
15,IF2,169,-392.72757917434313
15,IF2,170,-398.40204729544917
15,IF2,171,-391.39985674118856
15,IF2,172,-392.6338626953807
15,IF2,173,-384.5634704560898
15,IF2,174,-385.7061433507102
15,IF2,175,-385.1641560724472
15,IF2,176,-396.42463558812193
15,IF2,177,-397.81923822033355
15,IF2,178,-394.95775899498
15,IF2,179,-387.7869263477795
15,IF2,180,-387.4022977577758
15,IF2,181,-398.7611026768799
15,IF2,182,-390.3309137037262
15,IF2,183,-387.18852006137047
15,IF2,184,-392.48338711446854
15,IF2,185,-392.08709757849033
15,IF2,186,-390.7362754148124
15,IF2,187,-379.5448669872472
15,IF2,188,-388.1352907344854
15,IF2,189,-383.627328984161
15,IF2,190,-384.32955702379707
15,IF2,191,-389.08686761482215
15,IF2,192,-392.72763648406783
15,IF2,193,-381.79064487651164
15,IF2,194,-382.3973720124648
15,IF2,195,-382.23604355868054
15,IF2,196,-403.53507916145605
15,IF2,197,-395.05538821479274
15,IF2,198,-373.42600301105864
15,IF2,199,-382.9067788615348
15,IF2,200,-381.06689284990637
15,IF2,201,-390.4372667399357
15,IF2,202,-385.922187947945
15,IF2,203,-394.37124148918025
15,IF2,204,-384.94511207457623
15,IF2,205,-386.23269720083
15,IF2,206,-400.4700519047132
15,IF2,207,-376.07511142019877
15,IF2,208,-392.7591522704998
15,IF2,209,-379.3648300412587
15,IF2,210,-404.05524703804167
15,IF2,211,-380.26288942203763
15,IF2,212,-402.4807806852656
15,IF2,213,-371.8860635330264
15,IF2,214,-386.9324952159074
15,IF2,215,-384.28233478640567
15,IF2,216,-387.7414044094193
15,IF2,217,-383.7633398709296
15,IF2,218,-384.0304051837024
15,IF2,219,-386.5660456511381
15,IF2,220,-385.196116481134
15,IF2,221,-377.6214289791889
15,IF2,222,-383.38657689132054
15,IF2,223,-390.7383197311811
15,IF2,224,-378.67987593768163
15,IF2,225,-385.98728732648533
15,IF2,226,-384.2546662949609
15,IF2,227,-386.52718802225064
15,IF2,228,-382.6425993571478
15,IF2,229,-391.8927462083424
15,IF2,230,-378.33230375314673
15,IF2,231,-382.7092927133482
15,IF2,232,-391.0116300692158
15,IF2,233,-380.8737162224827
15,IF2,234,-380.4245188896945
15,IF2,235,-370.82922364674346
15,IF2,236,-370.98265305117786
15,IF2,237,-382.8803656101572
15,IF2,238,-388.11850381473033
15,IF2,239,-371.3106916719758
15,IF2,240,-384.76696590708167
15,IF2,241,-389.8744424127363
15,IF2,242,-380.4605850721544
15,IF2,243,-372.7279701096222
15,IF2,244,-385.56235436524014
15,IF2,245,-384.29988666930666
15,IF2,246,-385.51910041214165
15,IF2,247,-387.06904614142087
15,IF2,248,-384.2674738867697
15,IF2,249,-377.0847002718189
15,IF2,250,-389.4021454805013
15,IF2,251,-382.80760274582434
15,IF2,252,-381.4791823318812
15,IF2,253,-391.54071111677246
15,IF2,254,-372.33427457293163
15,IF2,255,-378.40876156155963
15,IF2,256,-391.48315880834144
15,IF2,257,-379.5272493171474
15,IF2,258,-375.0589950370728
15,IF2,259,-380.7582467567947
15,IF2,260,-374.45555842294766
15,IF2,261,-365.7732064566955
15,IF2,262,-388.4084469120616
15,IF2,263,-377.6570346319725
15,IF2,264,-390.1542352198164
15,IF2,265,-369.7776975295777
15,IF2,266,-385.3239079414383
15,IF2,267,-378.2650517861843
15,IF2,268,-377.2530818402819
15,IF2,269,-377.19363089556987
15,IF2,270,-379.71949059248317
15,IF2,271,-387.48751510053984
15,IF2,272,-371.7062681578402
15,IF2,273,-382.9973214786386
15,IF2,274,-396.92628288124854
15,IF2,275,-377.6127386543658
15,IF2,276,-383.7245398709271
15,IF2,277,-394.37246165055024
15,IF2,278,-378.49924955459767
15,IF2,279,-387.6427757441928
15,IF2,280,-390.34951536552416
15,IF2,281,-392.09700237598054
15,IF2,282,-384.7805064049538
15,IF2,283,-374.3794670907521
15,IF2,284,-385.51065485444667
15,IF2,285,-383.97100439213136
15,IF2,286,-388.331885576402
15,IF2,287,-378.24551918738666
15,IF2,288,-370.13460465631135
15,IF2,289,-375.1331732486707
15,IF2,290,-385.59332433236324
15,IF2,291,-386.4443561139439
15,IF2,292,-386.27240029735873
15,IF2,293,-378.3322411138994
15,IF2,294,-382.39883413409024
15,IF2,295,-382.0734687451559
15,IF2,296,-375.38338176562786
15,IF2,297,-386.6833708164108
15,IF2,298,-373.6913019168559
15,IF2,299,-374.94565574689227
15,IF2,300,-384.8568054191968
15,IF2,301,-384.79570216377414
15,IF2,302,-383.1948370858285
15,IF2,303,-389.82928283746975
15,IF2,304,-377.24865027519974
15,IF2,305,-379.69197849407243
15,IF2,306,-376.82533882578605
15,IF2,307,-382.5516904793996
15,IF2,308,-384.9446941475729
15,IF2,309,-376.0905639925843
15,IF2,310,-384.32742182285284
15,IF2,311,-393.3586610765683
15,IF2,312,-369.52976056652665
15,IF2,313,-381.2076658939825
15,IF2,314,-398.2922689643328
15,IF2,315,-383.36042788885214
15,IF2,316,-382.7869981038382
15,IF2,317,-390.727643138018
15,IF2,318,-400.71179136205916
15,IF2,319,-385.46980915469186
15,IF2,320,-388.74761687286014
15,IF2,321,-380.781207927563
15,IF2,322,-386.6988315968593
15,IF2,323,-383.7495230364293
15,IF2,324,-376.88314554467
15,IF2,325,-375.88126489181684
15,IF2,326,-374.9126400472741
15,IF2,327,-379.1817059319627
15,IF2,328,-375.7673623452694
15,IF2,329,-376.0342228097735
15,IF2,330,-385.0401990331597
15,IF2,331,-379.9911742657277
15,IF2,332,-388.596567473
15,IF2,333,-388.3278162365656
15,IF2,334,-384.30044056102366
15,IF2,335,-376.4470223864389
15,IF2,336,-384.1262258486261
15,IF2,337,-372.55562730942563
15,IF2,338,-374.0275603709061
15,IF2,339,-377.0641959142578
15,IF2,340,-379.51317009048404
15,IF2,341,-381.0991762601137
15,IF2,342,-381.4694555631775
15,IF2,343,-371.6203994881726
15,IF2,344,-361.37647200049537
15,IF2,345,-376.8276997648113
15,IF2,346,-380.2603455510041
15,IF2,347,-380.34128720456636
15,IF2,348,-378.2450764330405
15,IF2,349,-384.15886984905273
15,IF2,350,-381.8991928437084
15,IF2,351,-382.56510714154336
15,IF2,352,-374.1443281608714
15,IF2,353,-378.67758609255424
15,IF2,354,-379.248455608007
15,IF2,355,-375.96251281944564
15,IF2,356,-382.4447488962833
15,IF2,357,-384.7486378143317
15,IF2,358,-380.2985304392317
15,IF2,359,-380.9485209033747
15,IF2,360,-396.18232335093626
15,IF2,361,-372.0289605582119
15,IF2,362,-373.31639553164825
15,IF2,363,-381.194494044439
15,IF2,364,-395.05417096482216
15,IF2,365,-386.4194600124536
15,IF2,366,-379.76651540582196
15,IF2,367,-378.7299817599746
15,IF2,368,-384.47518687630463
15,IF2,369,-388.69885989560873
15,IF2,370,-390.36288655261114
15,IF2,371,-379.7403890916891
15,IF2,372,-384.21654847312027
15,IF2,373,-384.9626518807777
15,IF2,374,-383.9403031725921
15,IF2,375,-385.06709158449786
15,IF2,376,-389.9122912655398
15,IF2,377,-369.67360185628667
15,IF2,378,-386.0123685045971
15,IF2,379,-377.34656808308296
15,IF2,380,-399.94812652471177
15,IF2,381,-391.60797779461336
15,IF2,382,-382.9332133342154
15,IF2,383,-395.15447071896165
15,IF2,384,-380.5446600039036
15,IF2,385,-391.87571173422907
15,IF2,386,-386.36926760200515
15,IF2,387,-387.2933146248667
15,IF2,388,-384.5065799896713
15,IF2,389,-393.23593276597416
15,IF2,390,-386.75594220387774
15,IF2,391,-382.6309400084438
15,IF2,392,-393.1401768659962
15,IF2,393,-378.86565967106674
15,IF2,394,-374.76071350256603
15,IF2,395,-386.75980393119306
15,IF2,396,-380.96800701017725
15,IF2,397,-398.4795359510082
15,IF2,398,-385.0183396755387
15,IF2,399,-374.06992552671255
15,IF2,400,-389.54575018954796
15,IF2,401,-385.54403042635647
15,IF2,402,-388.5737078536779
15,IF2,403,-373.9176738471169
15,IF2,404,-378.97928236569686
15,IF2,405,-375.4382330901015
15,IF2,406,-386.16125663017516
15,IF2,407,-387.5016493433926
15,IF2,408,-394.4916470547025
15,IF2,409,-382.05921757729755
15,IF2,410,-371.7478289907146
15,IF2,411,-374.82158069394535
15,IF2,412,-384.65277811511805
15,IF2,413,-377.85658516688153
15,IF2,414,-382.1026885137362
15,IF2,415,-381.1297215340855
15,IF2,416,-386.98673576546906
15,IF2,417,-376.95237795165275
15,IF2,418,-378.27891648785794
15,IF2,419,-375.52800465523484
15,IF2,420,-380.3117002554783
15,IF2,421,-379.28224702075994
15,IF2,422,-391.6268477410812
15,IF2,423,-391.9549682468967
15,IF2,424,-381.69695388005044
15,IF2,425,-385.19519359766946
15,IF2,426,-378.164469824328
15,IF2,427,-384.01169362335287
15,IF2,428,-383.15811785107417
15,IF2,429,-377.80261793129347
15,IF2,430,-385.07372120066964
15,IF2,431,-386.530789910989
15,IF2,432,-378.75736899799006
15,IF2,433,-389.11463030843123
15,IF2,434,-380.67657254972517
15,IF2,435,-373.31477136605054
15,IF2,436,-379.8586882412732
15,IF2,437,-396.98815015661086
15,IF2,438,-386.26139770366507
15,IF2,439,-389.9701653240079
15,IF2,440,-388.8028164661585
15,IF2,441,-384.5535793283005
15,IF2,442,-394.5706674373214
15,IF2,443,-388.2901262176709
15,IF2,444,-377.13761493789775
15,IF2,445,-379.05458343972924
15,IF2,446,-393.2256586643206
15,IF2,447,-400.54052380028224
15,IF2,448,-379.7330713452164
15,IF2,449,-366.7787801373569
15,IF2,450,-372.98407177931585
15,IF2,451,-373.8025404089534
15,IF2,452,-370.1873585810614
15,IF2,453,-376.5305059001257
15,IF2,454,-374.602802946224
15,IF2,455,-388.02497135174747
15,IF2,456,-382.0523413707737
15,IF2,457,-392.8164859514317
15,IF2,458,-385.59098108894136
15,IF2,459,-393.9698222177791
15,IF2,460,-384.34115761616937
15,IF2,461,-370.3106535965091
15,IF2,462,-391.21060253984507
15,IF2,463,-386.6292225478436
15,IF2,464,-395.93669981326553
15,IF2,465,-376.9658778685108
15,IF2,466,-379.6326386820429
15,IF2,467,-389.92964787477814
15,IF2,468,-388.21579445775427
15,IF2,469,-379.2520676205978
15,IF2,470,-380.5152578388577
15,IF2,471,-383.80685478096433
15,IF2,472,-386.72905615742803
15,IF2,473,-372.3953503921082
15,IF2,474,-372.00814573857593
15,IF2,475,-374.2575786440785
15,IF2,476,-402.7448865463249
15,IF2,477,-379.25407799452637
15,IF2,478,-392.49686326613545
15,IF2,479,-372.48792187811586
15,IF2,480,-390.29865669558126
15,IF2,481,-381.54674383086405
15,IF2,482,-380.9275297440755
15,IF2,483,-384.54931524691665
15,IF2,484,-376.24295183132614
15,IF2,485,-384.52514293644134
15,IF2,486,-400.6905271053055
15,IF2,487,-388.9392947954519
15,IF2,488,-386.71488513338153
15,IF2,489,-395.82416933323526
15,IF2,490,-381.8179580171802
15,IF2,491,-387.3044692357221
15,IF2,492,-378.1439821365959
15,IF2,493,-388.19884905660797
15,IF2,494,-386.9156361634533
15,IF2,495,-389.29627216929435
15,IF2,496,-387.59043767744345
15,IF2,497,-387.3865787644669
15,IF2,498,-382.75074561547393
15,IF2,499,-381.83625769200273
15,IF2,500,-380.13109065122393
15,IF2,501,-390.63770602365094
15,IF2,502,-384.20001678079035
15,IF2,503,-368.72606773734776
15,IF2,504,-369.3394924875975
15,IF2,505,-380.67730921967336
15,IF2,506,-393.9872042325176
15,IF2,507,-393.26542984732095
15,IF2,508,-391.3546460621273
15,IF2,509,-378.4888057860524
15,IF2,510,-378.18644461353364
15,IF2,511,-391.66694162046474
15,IF2,512,-390.954598678264
15,IF2,513,-373.52772544938654
15,IF2,514,-366.79031966519415
15,IF2,515,-376.9321391094322
15,IF2,516,-373.9053203212508
15,IF2,517,-379.0596434178428
15,IF2,518,-379.6513639739214
15,IF2,519,-388.0117594888186
15,IF2,520,-392.8272121960967
15,IF2,521,-389.51244868845407
15,IF2,522,-377.47385698657496
15,IF2,523,-380.19474437626116
15,IF2,524,-381.9375111318336
15,IF2,525,-374.0707495901676
15,IF2,526,-380.8022783463337
15,IF2,527,-378.12269183289465
15,IF2,528,-385.78639063245777
15,IF2,529,-389.1686807326138
15,IF2,530,-383.76088330645894
15,IF2,531,-383.2239805698722
15,IF2,532,-383.1005328000332
15,IF2,533,-394.36833316058846
15,IF2,534,-393.31538867630235
15,IF2,535,-398.53028131576025
15,IF2,536,-393.00333172461046
15,IF2,537,-388.56765916780597
15,IF2,538,-374.74758680328523
15,IF2,539,-380.0949210753886
15,IF2,540,-389.4076708973032
15,IF2,541,-374.18889178692007
15,IF2,542,-379.93515225957714
15,IF2,543,-393.01020350169375
15,IF2,544,-388.70811763802146
15,IF2,545,-391.9915124819556
15,IF2,546,-376.68548746913166
15,IF2,547,-376.94714076564213
15,IF2,548,-375.4173942740181
15,IF2,549,-387.1702290312098
15,IF2,550,-390.1555881358208
15,IF2,551,-377.2447922568089
15,IF2,552,-385.1357826100836
15,IF2,553,-380.0227107743901
15,IF2,554,-369.43878607300644
15,IF2,555,-383.75000093220297
15,IF2,556,-381.48585436645476
15,IF2,557,-386.0706811965571
15,IF2,558,-381.1138565926214
15,IF2,559,-387.6734389554655
15,IF2,560,-389.5786228210134
15,IF2,561,-381.0195599930333
15,IF2,562,-391.9836747879178
15,IF2,563,-394.9309651790613
15,IF2,564,-385.03995520035846
15,IF2,565,-383.0110680380095
15,IF2,566,-372.6249420248257
15,IF2,567,-377.3717182687728
15,IF2,568,-391.829890742721
15,IF2,569,-382.9461171618263
15,IF2,570,-392.529286243744
15,IF2,571,-370.4659053669061
15,IF2,572,-375.8158648030363
15,IF2,573,-386.7773681021269
15,IF2,574,-377.03252868696234
15,IF2,575,-383.9056134566699
15,IF2,576,-375.3744871958909
15,IF2,577,-367.6756591468683
15,IF2,578,-391.10154748385247
15,IF2,579,-387.37395626081087
15,IF2,580,-388.1013020788124
15,IF2,581,-380.42931700223664
15,IF2,582,-389.2082979105207
15,IF2,583,-380.43398576235774
15,IF2,584,-388.13992957343436
15,IF2,585,-376.26271982146267
15,IF2,586,-385.817707756184
15,IF2,587,-382.1476141097121
15,IF2,588,-391.7809011872168
15,IF2,589,-379.70345652862665
15,IF2,590,-386.0770596975
15,IF2,591,-390.0447248310865
15,IF2,592,-388.80582580417644
15,IF2,593,-381.25083231636023
15,IF2,594,-380.7264027456738
15,IF2,595,-377.65724915744545
15,IF2,596,-375.30681995822243
15,IF2,597,-384.86390229426513
15,IF2,598,-382.1064014867117
15,IF2,599,-391.7999788323224
15,IFAD,0,-390.0648277557304
15,IFAD,1,-413.879288129745
15,IFAD,2,-379.5262732863237
15,IFAD,3,-372.1262140682108
15,IFAD,4,-386.6372499668254
15,IFAD,5,-379.9562666124142
15,IFAD,6,-396.12418294125246
15,IFAD,7,-380.19284518293887
15,IFAD,8,-390.7355435110512
15,IFAD,9,-376.9675815913004
15,IFAD,10,-383.5893176632163
15,IFAD,11,-380.28724977810265
15,IFAD,12,-386.9236626026191
15,IFAD,13,-373.67304657958005
15,IFAD,14,-384.0374174384598
15,IFAD,15,-388.86914789868996
15,IFAD,16,-382.74258993831336
15,IFAD,17,-388.39439333146487
15,IFAD,18,-391.49514613174864
15,IFAD,19,-381.0865172335974
15,IFAD,20,-394.3851715149099
15,IFAD,21,-433.65809374561127
15,IFAD,22,-449.86688068225794
15,IFAD,23,-473.9730514906066
15,IFAD,24,-440.6820650913904
15,IFAD,25,-441.07942583352894
15,IFAD,26,-399.3437874948252
15,IFAD,27,-395.9454811961456
15,IFAD,28,-395.2802036416747
15,IFAD,29,-399.14445401883745
15,IFAD,30,-386.250161758949
15,IFAD,31,-399.25774938008317
15,IFAD,32,-413.3185504137311
15,IFAD,33,-400.5930213444192
15,IFAD,34,-395.17280450483696
15,IFAD,35,-394.7714706991154
15,IFAD,36,-393.60494295692956
15,IFAD,37,-401.57398616604735
15,IFAD,38,-388.28972447269877
15,IFAD,39,-395.36482932392386
15,IFAD,40,-395.58983355299296
15,IFAD,41,-381.30564546704323
15,IFAD,42,-408.82961116523717
15,IFAD,43,-384.3524867900077
15,IFAD,44,-379.4848131794229
15,IFAD,45,-375.60712623270354
15,IFAD,46,-393.6072203509819
15,IFAD,47,-399.23044464595495
15,IFAD,48,-377.23067115544274
15,IFAD,49,-397.68490117016165
15,IFAD,50,-368.32431993678625
15,IFAD,51,-381.9063720292321
15,IFAD,52,-378.44327215450977
15,IFAD,53,-390.4732664481567
15,IFAD,54,-393.56288334475374
15,IFAD,55,-397.4301674718985
15,IFAD,56,-394.8222336973067
15,IFAD,57,-390.51386204456026
15,IFAD,58,-388.8957289156749
15,IFAD,59,-388.7499765662082
15,IFAD,60,-386.2790409312527
15,IFAD,61,-383.0576677826314
15,IFAD,62,-375.58561087221307
15,IFAD,63,-386.5937957220809
15,IFAD,64,-375.35867221719434
15,IFAD,65,-389.7427009248625
15,IFAD,66,-389.57959571165793
15,IFAD,67,-390.7058006753535
15,IFAD,68,-386.22572804362375
15,IFAD,69,-392.97026846155023
15,IFAD,70,-378.08452916454274
15,IFAD,71,-394.5898952996432
15,IFAD,72,-395.3025207230603
15,IFAD,73,-388.92245516362823
15,IFAD,74,-373.41758005425834
15,IFAD,75,-373.4524754644887
15,IFAD,76,-376.0030350271478
15,IFAD,77,-385.33497249214446
15,IFAD,78,-381.3115758697182
15,IFAD,79,-390.47545309715224
15,IFAD,80,-375.1410978695025
15,IFAD,81,-371.61363153283435
15,IFAD,82,-377.86901689308655
15,IFAD,83,-386.16118001984046
15,IFAD,84,-392.55418315159983
15,IFAD,85,-412.3938621829914
15,IFAD,86,-399.0329270374181
15,IFAD,87,-387.4722074868997
15,IFAD,88,-383.81634941185865
15,IFAD,89,-382.0934762058731
15,IFAD,90,-384.60992283818365
15,IFAD,91,-396.1046914640221
15,IFAD,92,-406.67542960191935
15,IFAD,93,-398.10370482398815
15,IFAD,94,-415.6940013916444
15,IFAD,95,-427.74074769563526
15,IFAD,96,-415.11528267446505
15,IFAD,97,-412.59301887770346
15,IFAD,98,-413.66843310582266
15,IFAD,99,-412.6183999270371
15,IFAD,100,-416.99401193607963
15,IFAD,101,-427.7969851575657
15,IFAD,102,-429.89244029305434
15,IFAD,103,-405.75192743732043
15,IFAD,104,-426.3803377858853
15,IFAD,105,-403.4512857352917
15,IFAD,106,-411.4527956411797
15,IFAD,107,-417.1739267162349
15,IFAD,108,-408.8851349366154
15,IFAD,109,-409.66402987470536
15,IFAD,110,-415.29245907646606
15,IFAD,111,-411.84972203075716
15,IFAD,112,-400.28561654487714
15,IFAD,113,-411.22977310960994
15,IFAD,114,-408.6332815939505
15,IFAD,115,-405.6754449581284
15,IFAD,116,-406.9093154442483
15,IFAD,117,-408.0842307505126
15,IFAD,118,-393.08974140252025
15,IFAD,119,-400.5616208811527
15,IFAD,120,-397.82195099177295
15,IFAD,121,-400.18489317107145
15,IFAD,122,-394.9084254537456
15,IFAD,123,-398.9486163136771
15,IFAD,124,-389.83528449199633
15,IFAD,125,-401.89297423695456
15,IFAD,126,-393.06891329339066
15,IFAD,127,-390.4360288237265
15,IFAD,128,-403.8196682720964
15,IFAD,129,-393.6709331218944
15,IFAD,130,-394.3944064309568
15,IFAD,131,-389.8155558677446
15,IFAD,132,-392.74903407644865
15,IFAD,133,-387.0516710831493
15,IFAD,134,-383.97833211818073
15,IFAD,135,-390.23353990358794
15,IFAD,136,-394.50560428049783
15,IFAD,137,-388.4170251894099
15,IFAD,138,-396.85557085336296
15,IFAD,139,-374.999855525457
15,IFAD,140,-389.5557484826019
15,IFAD,141,-384.13643961607596
15,IFAD,142,-394.3735600135751
15,IFAD,143,-380.4381280763133
15,IFAD,144,-387.8387054366585
15,IFAD,145,-379.58841109524747
15,IFAD,146,-379.2051768603905
15,IFAD,147,-375.59785239387907
15,IFAD,148,-381.04586146099876
15,IFAD,149,-380.32010196640124
15,IFAD,150,-379.4925547674066
15,IFAD,151,-382.91202152169205
15,IFAD,152,-378.9896810583164
15,IFAD,153,-372.28014425830656
15,IFAD,154,-382.5552705117123
15,IFAD,155,-393.1477790726455
15,IFAD,156,-379.767737588794
15,IFAD,157,-381.44396246081675
15,IFAD,158,-380.1877180331706
15,IFAD,159,-375.87578288685614
15,IFAD,160,-368.5576994603038
15,IFAD,161,-370.72018326657155
15,IFAD,162,-376.89231205234245
15,IFAD,163,-373.9741498299127
15,IFAD,164,-374.95655848637495
15,IFAD,165,-372.2329938645059
15,IFAD,166,-379.13025012542874
15,IFAD,167,-373.40223206974
15,IFAD,168,-384.6492466116551
15,IFAD,169,-372.8242836673289
15,IFAD,170,-376.3769874071578
15,IFAD,171,-386.406988160649
15,IFAD,172,-384.0614954956427
15,IFAD,173,-374.46887251835875
15,IFAD,174,-383.1564229619793
15,IFAD,175,-370.5456845536674
15,IFAD,176,-382.37410976563496
15,IFAD,177,-384.63771438043904
15,IFAD,178,-367.7894760782476
15,IFAD,179,-392.5057778799635
15,IFAD,180,-381.52612336135434
15,IFAD,181,-373.9040793581382
15,IFAD,182,-382.19893106219945
15,IFAD,183,-374.54044144695854
15,IFAD,184,-390.07640061639637
15,IFAD,185,-377.3233604448439
15,IFAD,186,-381.1651039670224
15,IFAD,187,-381.6848621636176
15,IFAD,188,-377.7408255022688
15,IFAD,189,-389.2949114711685
15,IFAD,190,-375.45023202536345
15,IFAD,191,-383.0040181280579
15,IFAD,192,-378.7626923051077
15,IFAD,193,-375.27381682602555
15,IFAD,194,-379.5712609467119
15,IFAD,195,-382.2216041226537
15,IFAD,196,-372.04275917274566
15,IFAD,197,-371.0281017890655
15,IFAD,198,-364.80362143566634
15,IFAD,199,-382.8712893082189
15,IFAD,200,-369.09784889229826
15,IFAD,201,-383.2740684737485
15,IFAD,202,-370.0218668794607
15,IFAD,203,-380.7582642003482
15,IFAD,204,-370.3940661999727
15,IFAD,205,-365.18916870861824
15,IFAD,206,-372.83819457598656
15,IFAD,207,-365.250852441364
15,IFAD,208,-371.5600373791165
15,IFAD,209,-377.9279115464002
15,IFAD,210,-376.2354119377164
15,IFAD,211,-381.9853074084217
15,IFAD,212,-371.3384114458893
15,IFAD,213,-373.13891498010565
15,IFAD,214,-382.3990491613359
15,IFAD,215,-382.70711759026915
15,IFAD,216,-375.18554569958553
15,IFAD,217,-380.9964524577239
15,IFAD,218,-378.63986672727253
15,IFAD,219,-378.8475562075935
15,IFAD,220,-374.4086191564856
15,IFAD,221,-379.42072178681383
15,IFAD,222,-370.2230679478107
15,IFAD,223,-362.58401635604025
15,IFAD,224,-371.06687392768936
15,IFAD,225,-371.0990115461443
15,IFAD,226,-379.30437240401716
15,IFAD,227,-379.88372344587015
15,IFAD,228,-380.6793287505966
15,IFAD,229,-377.1692349911898
15,IFAD,230,-371.0096265232235
15,IFAD,231,-370.6302140535772
15,IFAD,232,-380.4019922861994
15,IFAD,233,-375.6418195206793
15,IFAD,234,-364.40389357155595
15,IFAD,235,-366.80747768715776
15,IFAD,236,-386.3165782504377
15,IFAD,237,-371.253297537133
15,IFAD,238,-389.6387903931607
15,IFAD,239,-379.3149659610533
15,IFAD,240,-381.4850442752826
15,IFAD,241,-370.63095669668866
15,IFAD,242,-381.6614188959346
15,IFAD,243,-372.9129376283407
15,IFAD,244,-370.17880324732454
15,IFAD,245,-381.4980000228392
15,IFAD,246,-385.1535948238978
15,IFAD,247,-386.8263073394662
15,IFAD,248,-365.3540167741677
15,IFAD,249,-378.7570862282833
15,IFAD,250,-378.7113888811357
15,IFAD,251,-371.9270793014193
15,IFAD,252,-375.3790643852284
15,IFAD,253,-379.2931464583289
15,IFAD,254,-372.5136289360351
15,IFAD,255,-380.09311104138067
15,IFAD,256,-378.67619541854106
15,IFAD,257,-377.14274907726525
15,IFAD,258,-380.899170930632
15,IFAD,259,-377.1495541919537
15,IFAD,260,-378.3974315144987
15,IFAD,261,-387.21776599293804
15,IFAD,262,-368.50575573158517
15,IFAD,263,-377.51225453853885
15,IFAD,264,-379.74743995372677
15,IFAD,265,-371.1382268758017
15,IFAD,266,-371.33829548422335
15,IFAD,267,-377.05126811891705
15,IFAD,268,-372.2538995710206
15,IFAD,269,-374.9491338842496
15,IFAD,270,-381.48032530050637
15,IFAD,271,-374.1529645239683
15,IFAD,272,-380.4867956295141
15,IFAD,273,-379.3624447561303
15,IFAD,274,-382.9992770471471
15,IFAD,275,-383.3402775482237
15,IFAD,276,-378.5224246047552
15,IFAD,277,-376.3058923835288
15,IFAD,278,-382.56336855394574
15,IFAD,279,-375.840935611271
15,IFAD,280,-371.86840038514873
15,IFAD,281,-376.5716388148836
15,IFAD,282,-383.68751206434837
15,IFAD,283,-381.45130966002233
15,IFAD,284,-383.8293065116458
15,IFAD,285,-383.146874522434
15,IFAD,286,-375.2951985556886
15,IFAD,287,-366.07785710426054
15,IFAD,288,-371.87045781944244
15,IFAD,289,-374.42144605795863
15,IFAD,290,-374.9899832260585
15,IFAD,291,-377.29587663847616
15,IFAD,292,-370.96928211958203
15,IFAD,293,-381.8567673957567
15,IFAD,294,-369.95405142219755
15,IFAD,295,-370.8761877232068
15,IFAD,296,-373.55260815310106
15,IFAD,297,-367.480525662954
15,IFAD,298,-381.13723346540905
15,IFAD,299,-374.82576369535514
15,IFAD,300,-373.04938077943814
15,IFAD,301,-376.59654769053304
15,IFAD,302,-376.4357548408663
15,IFAD,303,-368.4556636545953
15,IFAD,304,-377.66856795095185
15,IFAD,305,-382.92922377375527
15,IFAD,306,-374.2006464816359
15,IFAD,307,-376.4064448890503
15,IFAD,308,-389.5441993478509
15,IFAD,309,-371.390398015225
15,IFAD,310,-375.9672189973107
15,IFAD,311,-372.5745003005217
15,IFAD,312,-376.6500271583094
15,IFAD,313,-376.1040007980128
15,IFAD,314,-373.70377311213093
15,IFAD,315,-374.4519224247624
15,IFAD,316,-377.13539686971933
15,IFAD,317,-378.25873639522894
15,IFAD,318,-372.2572152750238
15,IFAD,319,-386.2010566034576
15,IFAD,320,-381.47647913571006
15,IFAD,321,-380.4835920786976
15,IFAD,322,-379.95987713813184
15,IFAD,323,-369.2656188473955
15,IFAD,324,-375.2640689264398
15,IFAD,325,-387.3639209067598
15,IFAD,326,-373.3082053006702
15,IFAD,327,-382.5666418241572
15,IFAD,328,-381.00264804518133
15,IFAD,329,-372.26503939813307
15,IFAD,330,-373.7707616953349
15,IFAD,331,-379.6563010537201
15,IFAD,332,-383.4832966952831
15,IFAD,333,-370.13897017437944
15,IFAD,334,-381.3772768715525
15,IFAD,335,-376.3226521103041
15,IFAD,336,-375.6306404376942
15,IFAD,337,-359.2827809203671
15,IFAD,338,-378.6488764858999
15,IFAD,339,-373.68748333330365
15,IFAD,340,-373.3475796925838
15,IFAD,341,-376.9998452275704
15,IFAD,342,-379.91153304170285
15,IFAD,343,-377.79851982634506
15,IFAD,344,-375.0943056069963
15,IFAD,345,-367.1432435824495
15,IFAD,346,-370.54410426805333
15,IFAD,347,-383.6912690081109
15,IFAD,348,-366.5573612039015
15,IFAD,349,-379.59177578682426
15,IFAD,350,-375.88597980783953
15,IFAD,351,-370.62773423414467
15,IFAD,352,-370.988146623432
15,IFAD,353,-383.45132230056277
15,IFAD,354,-375.7946052527649
15,IFAD,355,-379.6810708241959
15,IFAD,356,-368.84015537654074
15,IFAD,357,-358.2390355344272
15,IFAD,358,-370.18064377717513
15,IFAD,359,-382.6865993173741
15,IFAD,360,-385.54968377455805
15,IFAD,361,-381.67542230904286
15,IFAD,362,-386.03500498105365
15,IFAD,363,-373.9073926049191
15,IFAD,364,-381.9936442306319
15,IFAD,365,-376.55807816465676
15,IFAD,366,-380.285453649333
15,IFAD,367,-385.50394677625513
15,IFAD,368,-380.47452079982685
15,IFAD,369,-380.921596536721
15,IFAD,370,-365.7494704024025
15,IFAD,371,-379.30010315766515
15,IFAD,372,-375.19950506876125
15,IFAD,373,-374.2412233311035
15,IFAD,374,-383.6055358514958
15,IFAD,375,-370.68961952659913
15,IFAD,376,-369.2174618736168
15,IFAD,377,-365.96268336215826
15,IFAD,378,-376.8063816283731
15,IFAD,379,-381.65960763996276
15,IFAD,380,-381.45301493602153
15,IFAD,381,-371.662487899474
15,IFAD,382,-387.7576897865882
15,IFAD,383,-367.3091119760776
15,IFAD,384,-386.92666659537724
15,IFAD,385,-381.0691159444058
15,IFAD,386,-378.149802285722
15,IFAD,387,-356.97744249438114
15,IFAD,388,-369.95732915591157
15,IFAD,389,-375.7252900743306
15,IFAD,390,-381.60937052421633
15,IFAD,391,-390.42839727867334
15,IFAD,392,-369.7370844249982
15,IFAD,393,-380.6092496584629
15,IFAD,394,-389.34586373654133
15,IFAD,395,-390.0369458779765
15,IFAD,396,-377.57170216637843
15,IFAD,397,-376.91413078831914
15,IFAD,398,-380.7810655774687
15,IFAD,399,-370.57593923758753
16,IF2,0,-378.1581356467388
16,IF2,1,-385.7570763751032
16,IF2,2,-378.68136390643747
16,IF2,3,-400.79164525624884
16,IF2,4,-381.80625075538126
16,IF2,5,-400.06447632176065
16,IF2,6,-377.413494229346
16,IF2,7,-385.46787279010704
16,IF2,8,-385.284885897782
16,IF2,9,-381.51011824104086
16,IF2,10,-375.9251179117036
16,IF2,11,-384.9951055749271
16,IF2,12,-409.40945141431666
16,IF2,13,-405.8709240332276
16,IF2,14,-390.70110957386083
16,IF2,15,-393.9968065435051
16,IF2,16,-390.4242749671692
16,IF2,17,-407.9394622542712
16,IF2,18,-410.9560112757274
16,IF2,19,-393.138021331204
16,IF2,20,-384.4565006087064
16,IF2,21,-387.67732607461494
16,IF2,22,-376.52481473754847
16,IF2,23,-390.8338610144877
16,IF2,24,-386.6700226316915
16,IF2,25,-405.6696248847751
16,IF2,26,-417.75493793651856
16,IF2,27,-406.1744512874639
16,IF2,28,-373.59514784285
16,IF2,29,-383.9517975980796
16,IF2,30,-380.3726278485705
16,IF2,31,-384.42171212558986
16,IF2,32,-371.1076534094319
16,IF2,33,-385.23655914634384
16,IF2,34,-384.59304519239083
16,IF2,35,-391.82096030457495
16,IF2,36,-376.9882564688124
16,IF2,37,-401.51070182991486
16,IF2,38,-399.7066070883837
16,IF2,39,-393.97089512177484
16,IF2,40,-382.9651162406964
16,IF2,41,-377.80484575915614
16,IF2,42,-372.48798005580784
16,IF2,43,-375.9062289610199
16,IF2,44,-379.81174025591775
16,IF2,45,-373.78138789245145
16,IF2,46,-387.02676006705417
16,IF2,47,-381.1165647522884
16,IF2,48,-383.9017879534609
16,IF2,49,-380.18202129280564
16,IF2,50,-367.4904221150675
16,IF2,51,-386.27261901082966
16,IF2,52,-383.5141467227292
16,IF2,53,-391.4557679936019
16,IF2,54,-384.36625499693235
16,IF2,55,-369.10812364823437
16,IF2,56,-375.99356283733704
16,IF2,57,-379.3376275467453
16,IF2,58,-394.90625065617064
16,IF2,59,-378.3904768521034
16,IF2,60,-386.96393450626715
16,IF2,61,-383.7449749684242
16,IF2,62,-379.34161952755596
16,IF2,63,-372.82910229984816
16,IF2,64,-383.728940994535
16,IF2,65,-382.4807264571207
16,IF2,66,-381.44027541942273
16,IF2,67,-386.993719331716
16,IF2,68,-383.18447687471996
16,IF2,69,-390.0133701826027
16,IF2,70,-382.104465546165
16,IF2,71,-379.2692181247288
16,IF2,72,-382.0640338377173
16,IF2,73,-380.9113697213052
16,IF2,74,-384.86032782004145
16,IF2,75,-381.3595272853947
16,IF2,76,-375.2825452960013
16,IF2,77,-377.0592522641438
16,IF2,78,-380.08775991272535
16,IF2,79,-382.79523097100366
16,IF2,80,-385.48074926491984
16,IF2,81,-380.7842583203368
16,IF2,82,-382.70645638037644
16,IF2,83,-390.2116852595547
16,IF2,84,-410.5388245010855
16,IF2,85,-389.73861105855076
16,IF2,86,-402.8883948040587
16,IF2,87,-396.89635260983204
16,IF2,88,-399.9597032659272
16,IF2,89,-391.62845736281776
16,IF2,90,-387.2702050239838
16,IF2,91,-390.71828834706855
16,IF2,92,-402.7478514736824
16,IF2,93,-408.3655235162923
16,IF2,94,-397.10138210897276
16,IF2,95,-395.82741904015035
16,IF2,96,-382.8857844530436
16,IF2,97,-389.52263489997904
16,IF2,98,-389.1248359567987
16,IF2,99,-387.15179071969015
16,IF2,100,-385.37190403575886
16,IF2,101,-389.59372033065796
16,IF2,102,-393.8800475087756
16,IF2,103,-407.7528023305935
16,IF2,104,-389.2055344027033
16,IF2,105,-394.1171057932142
16,IF2,106,-389.75467873277233
16,IF2,107,-385.82683129426573
16,IF2,108,-385.04024976058304
16,IF2,109,-381.7909514620813
16,IF2,110,-387.75378057917027
16,IF2,111,-392.16006712747503
16,IF2,112,-382.4452610586487
16,IF2,113,-381.20096013574596
16,IF2,114,-399.0661329208171
16,IF2,115,-387.8027287255682
16,IF2,116,-386.21122608310435
16,IF2,117,-378.5339477125626
16,IF2,118,-385.90442098095133
16,IF2,119,-378.03849644426896
16,IF2,120,-377.37558510339795
16,IF2,121,-377.75448558809234
16,IF2,122,-391.83920327979246
16,IF2,123,-372.299474221529
16,IF2,124,-379.473440667587
16,IF2,125,-378.7254047535878
16,IF2,126,-388.4038833994572
16,IF2,127,-387.02799740566365
16,IF2,128,-374.33807393385297
16,IF2,129,-374.0135453844483
16,IF2,130,-378.1226435218803
16,IF2,131,-370.556512888373
16,IF2,132,-376.48933440346843
16,IF2,133,-376.8536913431782
16,IF2,134,-371.30519431596315
16,IF2,135,-371.74741352187067
16,IF2,136,-371.6149543882605
16,IF2,137,-378.97639332137163
16,IF2,138,-377.9315194824609
16,IF2,139,-377.81282888887694
16,IF2,140,-386.45480258289035
16,IF2,141,-392.5864414322312
16,IF2,142,-378.00367423350013
16,IF2,143,-368.6684471101692
16,IF2,144,-372.1661036216709
16,IF2,145,-367.24249919987994
16,IF2,146,-381.81033071444904
16,IF2,147,-375.62472017276224
16,IF2,148,-378.01665013576684
16,IF2,149,-384.4560147843433
16,IF2,150,-379.07979243633486
16,IF2,151,-384.3687650389522
16,IF2,152,-382.8977470514645
16,IF2,153,-379.8362721948906
16,IF2,154,-373.35696616133583
16,IF2,155,-369.4429675010037
16,IF2,156,-377.822733982792
16,IF2,157,-375.6071800435372
16,IF2,158,-366.91412681357787
16,IF2,159,-372.346376667326
16,IF2,160,-378.0183442229347
16,IF2,161,-379.7724582123613
16,IF2,162,-374.0764649076973
16,IF2,163,-381.36938473142396
16,IF2,164,-371.6021684368516
16,IF2,165,-385.08165600013433
16,IF2,166,-373.60143873487107
16,IF2,167,-373.3385186125353
16,IF2,168,-379.9014761939266
16,IF2,169,-384.03749768442987
16,IF2,170,-372.764438415934
16,IF2,171,-373.3723507257049
16,IF2,172,-374.5481345471838
16,IF2,173,-379.68230252880846
16,IF2,174,-373.3592663666352
16,IF2,175,-383.9294987961935
16,IF2,176,-373.95531716694876
16,IF2,177,-376.66609488070685
16,IF2,178,-383.4488141410102
16,IF2,179,-381.2763616341684
16,IF2,180,-377.6976071957206
16,IF2,181,-373.64768480022036
16,IF2,182,-385.3007019422535
16,IF2,183,-381.32067370796904
16,IF2,184,-377.59808621061177
16,IF2,185,-386.26631684737714
16,IF2,186,-384.7779526918712
16,IF2,187,-382.3739350018748
16,IF2,188,-372.9546311393298
16,IF2,189,-368.05305808874226
16,IF2,190,-381.9193142798632
16,IF2,191,-389.37861813142763
16,IF2,192,-374.18686856166397
16,IF2,193,-383.6020395665489
16,IF2,194,-373.7603921211951
16,IF2,195,-376.2293784104147
16,IF2,196,-384.32234038328676
16,IF2,197,-375.99902040735657
16,IF2,198,-393.5313393639833
16,IF2,199,-376.344812888555
16,IF2,200,-385.42186072425704
16,IF2,201,-378.9314511491278
16,IF2,202,-367.1437355859096
16,IF2,203,-374.2848239833512
16,IF2,204,-378.31562852962156
16,IF2,205,-380.35820428572896
16,IF2,206,-384.13575177159646
16,IF2,207,-375.6281023621769
16,IF2,208,-367.91188579429576
16,IF2,209,-376.95277942745537
16,IF2,210,-379.82147583449705
16,IF2,211,-378.5200963761612
16,IF2,212,-382.4645190530199
16,IF2,213,-376.2786890943248
16,IF2,214,-390.692019278941
16,IF2,215,-371.2133855359721
16,IF2,216,-373.0510318743632
16,IF2,217,-371.9332276565432
16,IF2,218,-382.4114499688866
16,IF2,219,-373.99173009869065
16,IF2,220,-378.5525706394466
16,IF2,221,-383.1520710854931
16,IF2,222,-373.13807571258906
16,IF2,223,-379.0353899029961
16,IF2,224,-384.86196167928085
16,IF2,225,-380.1568603864214
16,IF2,226,-386.39963359842426
16,IF2,227,-394.52502990576477
16,IF2,228,-380.8178499241969
16,IF2,229,-371.43464178433686
16,IF2,230,-389.8977341758394
16,IF2,231,-375.21852248948323
16,IF2,232,-395.66597239075037
16,IF2,233,-380.1103358926885
16,IF2,234,-385.3217092152752
16,IF2,235,-381.1579498050913
16,IF2,236,-383.750029740811
16,IF2,237,-390.51360839735526
16,IF2,238,-377.52230669077085
16,IF2,239,-389.95272841994176
16,IF2,240,-386.63022969286664
16,IF2,241,-374.99049350926833
16,IF2,242,-382.30691267076577
16,IF2,243,-389.9626262505187
16,IF2,244,-381.5096194057726
16,IF2,245,-378.2282234309526
16,IF2,246,-388.46794246761715
16,IF2,247,-376.5371523254386
16,IF2,248,-388.7565564751326
16,IF2,249,-395.83554894119504
16,IF2,250,-390.189419726551
16,IF2,251,-370.5700644860436
16,IF2,252,-383.8934361107005
16,IF2,253,-370.8383967206248
16,IF2,254,-369.795609054218
16,IF2,255,-385.5925568663298
16,IF2,256,-384.0359737994721
16,IF2,257,-378.7763806820412
16,IF2,258,-393.41172422185394
16,IF2,259,-375.81679701955767
16,IF2,260,-373.8488416216476
16,IF2,261,-364.4683900964032
16,IF2,262,-390.38704673782576
16,IF2,263,-375.1045353986379
16,IF2,264,-371.40012519801513
16,IF2,265,-384.7338962139738
16,IF2,266,-373.2174898698207
16,IF2,267,-378.49160479102136
16,IF2,268,-374.8656677371065
16,IF2,269,-378.5517469546335
16,IF2,270,-383.245541987418
16,IF2,271,-376.0680120761807
16,IF2,272,-376.7609492276645
16,IF2,273,-383.48491537642644
16,IF2,274,-380.60566744328884
16,IF2,275,-396.13070233051474
16,IF2,276,-381.64710970166385
16,IF2,277,-378.88772257745904
16,IF2,278,-367.61962988518155
16,IF2,279,-374.38075913329664
16,IF2,280,-364.7674324444048
16,IF2,281,-372.932687359282
16,IF2,282,-382.6928960829144
16,IF2,283,-373.94073949553086
16,IF2,284,-380.4227982062631
16,IF2,285,-374.8859076263093
16,IF2,286,-373.5380776366344
16,IF2,287,-383.2653329734428
16,IF2,288,-371.60127724977775
16,IF2,289,-373.4164417272588
16,IF2,290,-381.18353886774577
16,IF2,291,-384.28524575974257
16,IF2,292,-376.65481319394763
16,IF2,293,-388.09899902855204
16,IF2,294,-387.2424027432986
16,IF2,295,-389.8264886964317
16,IF2,296,-372.70101606538884
16,IF2,297,-370.443849598965
16,IF2,298,-373.88871714297113
16,IF2,299,-384.2176613448515
16,IF2,300,-363.6612769989604
16,IF2,301,-374.8784095383949
16,IF2,302,-385.30413740318323
16,IF2,303,-382.56595990926434
16,IF2,304,-369.2211143036098
16,IF2,305,-376.1148333503438
16,IF2,306,-372.3138408106346
16,IF2,307,-375.8180599728974
16,IF2,308,-389.73799293256263
16,IF2,309,-380.32353494097515
16,IF2,310,-382.57180006502097
16,IF2,311,-383.797994200384
16,IF2,312,-384.5534903859737
16,IF2,313,-386.181963984417
16,IF2,314,-382.80876973787053
16,IF2,315,-378.419149214306
16,IF2,316,-372.01479350998903
16,IF2,317,-368.5440510151485
16,IF2,318,-373.7720060609025
16,IF2,319,-382.4383863432159
16,IF2,320,-385.6124009298733
16,IF2,321,-389.8057638551527
16,IF2,322,-385.73717141088173
16,IF2,323,-381.6817582485657
16,IF2,324,-384.55592124450914
16,IF2,325,-375.46901490180926
16,IF2,326,-382.08004865025407
16,IF2,327,-387.5033599414296
16,IF2,328,-376.4666466002664
16,IF2,329,-391.88251363791187
16,IF2,330,-381.6536791219021
16,IF2,331,-368.0493296009814
16,IF2,332,-371.04690010604054
16,IF2,333,-379.1380308276663
16,IF2,334,-384.88759736270214
16,IF2,335,-378.328818805956
16,IF2,336,-376.7989041989312
16,IF2,337,-376.40116842013816
16,IF2,338,-372.2007258349569
16,IF2,339,-375.8548492458078
16,IF2,340,-380.87154246694627
16,IF2,341,-363.58944787079275
16,IF2,342,-383.7349377862394
16,IF2,343,-377.6200257585153
16,IF2,344,-398.0082601998377
16,IF2,345,-378.69183397700243
16,IF2,346,-375.0723660791978
16,IF2,347,-386.1011572525724
16,IF2,348,-379.38379939729504
16,IF2,349,-373.51255747142835
16,IF2,350,-375.8340200064726
16,IF2,351,-384.9242247563597
16,IF2,352,-387.3020219005203
16,IF2,353,-398.94541363155895
16,IF2,354,-386.14609731249806
16,IF2,355,-377.7723239378666
16,IF2,356,-379.2990901289002
16,IF2,357,-372.8705154579298
16,IF2,358,-373.08876661524295
16,IF2,359,-378.6659742169305
16,IF2,360,-390.2644421373984
16,IF2,361,-370.700354865042
16,IF2,362,-387.7404039992361
16,IF2,363,-382.8957594661279
16,IF2,364,-378.5939687020418
16,IF2,365,-368.01503189169296
16,IF2,366,-380.80156388268193
16,IF2,367,-375.1437945606592
16,IF2,368,-374.1413644271446
16,IF2,369,-375.65621528880774
16,IF2,370,-374.62674528096716
16,IF2,371,-385.9010254681701
16,IF2,372,-377.9070942076053
16,IF2,373,-390.1629079644958
16,IF2,374,-372.42544008377865
16,IF2,375,-383.6436085336985
16,IF2,376,-376.0489777979187
16,IF2,377,-367.90302791202004
16,IF2,378,-383.4768032762575
16,IF2,379,-383.59265221200576
16,IF2,380,-383.99333131489755
16,IF2,381,-375.5361326493331
16,IF2,382,-379.3092119112719
16,IF2,383,-381.85951363886755
16,IF2,384,-382.4974272942123
16,IF2,385,-373.05488600987076
16,IF2,386,-384.9126539992607
16,IF2,387,-390.624724375673
16,IF2,388,-394.59295333294557
16,IF2,389,-388.9580177270668
16,IF2,390,-380.55838327372754
16,IF2,391,-376.36143697128927
16,IF2,392,-380.38991836072597
16,IF2,393,-384.6616496819603
16,IF2,394,-382.5008958023023
16,IF2,395,-399.75346751750476
16,IF2,396,-386.44729555295874
16,IF2,397,-378.5517325537635
16,IF2,398,-369.5561389407673
16,IF2,399,-386.56370232797025
16,IF2,400,-377.7170748140065
16,IF2,401,-376.2533515026124
16,IF2,402,-394.5369466144065
16,IF2,403,-373.45255806872734
16,IF2,404,-379.805899462485
16,IF2,405,-371.7313628764825
16,IF2,406,-385.30591127947076
16,IF2,407,-376.7527553383069
16,IF2,408,-385.93531775438754
16,IF2,409,-374.8843998600538
16,IF2,410,-377.57883931907037
16,IF2,411,-384.83908571567986
16,IF2,412,-383.92702601543914
16,IF2,413,-371.9242180977453
16,IF2,414,-370.7888984447873
16,IF2,415,-382.2185274372291
16,IF2,416,-383.13514789560674
16,IF2,417,-370.7147063540671
16,IF2,418,-373.8253108165078
16,IF2,419,-379.4695004582034
16,IF2,420,-387.2576659234023
16,IF2,421,-377.84970207612866
16,IF2,422,-384.8912207833496
16,IF2,423,-375.9743212568955
16,IF2,424,-375.907261171588
16,IF2,425,-391.19386847783113
16,IF2,426,-368.3739507937197
16,IF2,427,-388.35748563997385
16,IF2,428,-382.139558439763
16,IF2,429,-380.99991682470227
16,IF2,430,-382.54362071545114
16,IF2,431,-381.0725116047732
16,IF2,432,-381.1313967761118
16,IF2,433,-379.1725505982021
16,IF2,434,-376.4745518873213
16,IF2,435,-383.37090141095484
16,IF2,436,-385.5596425619053
16,IF2,437,-379.7147225280159
16,IF2,438,-391.745638748967
16,IF2,439,-382.63421335805174
16,IF2,440,-378.7377330013522
16,IF2,441,-373.76294870404195
16,IF2,442,-378.99945033141626
16,IF2,443,-381.8042872592709
16,IF2,444,-385.542250016462
16,IF2,445,-378.420112094494
16,IF2,446,-380.99930427718584
16,IF2,447,-371.73095794329834
16,IF2,448,-367.93384334788885
16,IF2,449,-376.11630465581396
16,IF2,450,-371.62582671235964
16,IF2,451,-362.61756077746486
16,IF2,452,-385.19201491155104
16,IF2,453,-373.1745594893783
16,IF2,454,-373.8317031445625
16,IF2,455,-373.0561319299255
16,IF2,456,-384.0038771506186
16,IF2,457,-377.03580670618936
16,IF2,458,-380.08323768378517
16,IF2,459,-382.7775466940146
16,IF2,460,-380.1606029201103
16,IF2,461,-387.0040989436545
16,IF2,462,-384.09402321830527
16,IF2,463,-386.4374467719601
16,IF2,464,-388.1370300837617
16,IF2,465,-364.56325650791086
16,IF2,466,-383.9348664559286
16,IF2,467,-382.27492232970246
16,IF2,468,-378.36564779263415
16,IF2,469,-379.597663460329
16,IF2,470,-382.6133076852911
16,IF2,471,-387.6152899416196
16,IF2,472,-388.3042426248388
16,IF2,473,-395.31012425129376
16,IF2,474,-387.1537683460541
16,IF2,475,-373.1517188380925
16,IF2,476,-385.807553157373
16,IF2,477,-373.77354115967006
16,IF2,478,-384.04475233852145
16,IF2,479,-375.08048774353676
16,IF2,480,-390.5073301149416
16,IF2,481,-380.9516843159769
16,IF2,482,-381.44501611054255
16,IF2,483,-380.95872183387337
16,IF2,484,-388.01616949280464
16,IF2,485,-381.77965017176336
16,IF2,486,-389.37298592892995
16,IF2,487,-382.7745722884713
16,IF2,488,-379.07379130105534
16,IF2,489,-374.26639132811084
16,IF2,490,-390.7428553458501
16,IF2,491,-388.2494749532369
16,IF2,492,-374.91604237621715
16,IF2,493,-376.58425783212897
16,IF2,494,-386.6187054793765
16,IF2,495,-380.56605912593415
16,IF2,496,-397.8703405825346
16,IF2,497,-393.15241490797877
16,IF2,498,-387.47788496834596
16,IF2,499,-374.99686116027914
16,IF2,500,-386.5727540502712
16,IF2,501,-371.10991449817226
16,IF2,502,-380.3546668771063
16,IF2,503,-383.77290114533645
16,IF2,504,-377.55363335159103
16,IF2,505,-381.994437006473
16,IF2,506,-376.0858541021529
16,IF2,507,-388.27466723620444
16,IF2,508,-379.8333015597527
16,IF2,509,-390.48835985802526
16,IF2,510,-384.9573950906301
16,IF2,511,-390.8234199517071
16,IF2,512,-389.1778989431314
16,IF2,513,-391.4099156057725
16,IF2,514,-375.475723405832
16,IF2,515,-372.8698009384837
16,IF2,516,-387.4465926345063
16,IF2,517,-372.01184407851065
16,IF2,518,-381.2212480033741
16,IF2,519,-394.46495944253775
16,IF2,520,-375.29039256933214
16,IF2,521,-379.52204420708176
16,IF2,522,-381.4842026645082
16,IF2,523,-371.81211670594064
16,IF2,524,-396.1560412426429
16,IF2,525,-377.2737539202462
16,IF2,526,-373.57142101546253
16,IF2,527,-374.17294023906385
16,IF2,528,-383.4657569052327
16,IF2,529,-385.23799276009754
16,IF2,530,-390.3068397854391
16,IF2,531,-389.38791143119624
16,IF2,532,-377.40793311942673
16,IF2,533,-384.7537138336799
16,IF2,534,-372.1047787975133
16,IF2,535,-390.9318688940247
16,IF2,536,-387.89552157038696
16,IF2,537,-391.3783407866766
16,IF2,538,-386.68382298682906
16,IF2,539,-390.3420067781708
16,IF2,540,-388.2186331339268
16,IF2,541,-391.0712853766241
16,IF2,542,-370.15160274351086
16,IF2,543,-380.6906448084067
16,IF2,544,-382.6099228103974
16,IF2,545,-379.39631968121523
16,IF2,546,-389.3360652181168
16,IF2,547,-378.1411406736174
16,IF2,548,-381.8328094864404
16,IF2,549,-370.83958910432835
16,IF2,550,-371.2451064552961
16,IF2,551,-382.0930281740402
16,IF2,552,-381.93710166739567
16,IF2,553,-380.83583448761294
16,IF2,554,-392.6668093138447
16,IF2,555,-372.6627938521189
16,IF2,556,-392.9175706013043
16,IF2,557,-375.94023966471286
16,IF2,558,-381.9920093268454
16,IF2,559,-373.0445550046809
16,IF2,560,-392.84348406619506
16,IF2,561,-380.0145993262953
16,IF2,562,-382.3289536755261
16,IF2,563,-380.3482416942723
16,IF2,564,-383.48411842757884
16,IF2,565,-395.8371345933449
16,IF2,566,-384.3745140735075
16,IF2,567,-385.81142431760793
16,IF2,568,-384.97650596898455
16,IF2,569,-385.1184558647852
16,IF2,570,-384.67408009304336
16,IF2,571,-382.0108412676109
16,IF2,572,-389.05478002311867
16,IF2,573,-376.0346737489938
16,IF2,574,-372.84307616456584
16,IF2,575,-393.6826961613268
16,IF2,576,-367.15856424855093
16,IF2,577,-389.70950873702014
16,IF2,578,-383.1483901116093
16,IF2,579,-383.4138210005728
16,IF2,580,-379.83375417460496
16,IF2,581,-377.5621705974715
16,IF2,582,-388.4662625711436
16,IF2,583,-374.53998119196075
16,IF2,584,-370.0201375045701
16,IF2,585,-392.0921183830695
16,IF2,586,-381.9783723627659
16,IF2,587,-379.86882032628455
16,IF2,588,-398.0664213873797
16,IF2,589,-373.8474103232488
16,IF2,590,-383.0361203199086
16,IF2,591,-377.93625312959296
16,IF2,592,-381.0307002942058
16,IF2,593,-377.01677936987693
16,IF2,594,-376.5822877196261
16,IF2,595,-379.1039584787751
16,IF2,596,-383.4859373307447
16,IF2,597,-386.85157195057434
16,IF2,598,-372.58274982505696
16,IF2,599,-380.7499026322791
16,IFAD,0,-408.36189675454267
16,IFAD,1,-378.1642933804529
16,IFAD,2,-394.5252916389333
16,IFAD,3,-401.57708061747127
16,IFAD,4,-370.41356314743115
16,IFAD,5,-383.513694725666
16,IFAD,6,-387.11260110978367
16,IFAD,7,-399.45588745515704
16,IFAD,8,-380.5921712843913
16,IFAD,9,-375.7216821529976
16,IFAD,10,-378.57856537819083
16,IFAD,11,-377.3958986118882
16,IFAD,12,-378.85736341398444
16,IFAD,13,-373.3374795374322
16,IFAD,14,-369.9933741111564
16,IFAD,15,-377.2201619379723
16,IFAD,16,-395.5222457931149
16,IFAD,17,-386.06554649485673
16,IFAD,18,-375.21958198373136
16,IFAD,19,-384.94437516896687
16,IFAD,20,-374.8361250563871
16,IFAD,21,-372.1696930916858
16,IFAD,22,-375.33227382634
16,IFAD,23,-383.0432355910173
16,IFAD,24,-392.33566849317185
16,IFAD,25,-385.80401287983426
16,IFAD,26,-372.2808259758899
16,IFAD,27,-374.6771066981333
16,IFAD,28,-388.3621429035615
16,IFAD,29,-371.61315673795536
16,IFAD,30,-381.88326367288676
16,IFAD,31,-385.78636538498984
16,IFAD,32,-403.2470039278413
16,IFAD,33,-383.53052314307814
16,IFAD,34,-385.52467315492123
16,IFAD,35,-390.4748456696625
16,IFAD,36,-404.7784609977749
16,IFAD,37,-408.56437755759015
16,IFAD,38,-390.1653661685274
16,IFAD,39,-392.1407971869585
16,IFAD,40,-394.3263405848751
16,IFAD,41,-401.26808103090366
16,IFAD,42,-389.7059788080384
16,IFAD,43,-385.6348473541482
16,IFAD,44,-378.9387939749097
16,IFAD,45,-390.6033439629089
16,IFAD,46,-400.8422865993296
16,IFAD,47,-390.07637269849357
16,IFAD,48,-392.1709745530993
16,IFAD,49,-404.48146962472657
16,IFAD,50,-394.884905304019
16,IFAD,51,-388.0641720202702
16,IFAD,52,-369.55258502150366
16,IFAD,53,-394.2589215716341
16,IFAD,54,-390.93396859885854
16,IFAD,55,-381.3804254730041
16,IFAD,56,-379.7223363941677
16,IFAD,57,-384.6742684666229
16,IFAD,58,-389.0617511352894
16,IFAD,59,-382.18063905956467
16,IFAD,60,-376.4890581960244
16,IFAD,61,-388.3458139848239
16,IFAD,62,-394.6336205378948
16,IFAD,63,-385.85101333132116
16,IFAD,64,-393.12040007852954
16,IFAD,65,-395.94059218745724
16,IFAD,66,-394.03074368284877
16,IFAD,67,-375.8885322150116
16,IFAD,68,-384.4921396351679
16,IFAD,69,-385.11199273878617
16,IFAD,70,-381.69341434863856
16,IFAD,71,-387.42520618139065
16,IFAD,72,-398.83825991207203
16,IFAD,73,-398.5922050744807
16,IFAD,74,-384.6105102358158
16,IFAD,75,-375.8955351062829
16,IFAD,76,-393.27105009480107
16,IFAD,77,-415.0763803533278
16,IFAD,78,-405.37460770233406
16,IFAD,79,-402.8657062310071
16,IFAD,80,-396.3908169404846
16,IFAD,81,-405.3130541820917
16,IFAD,82,-381.61904498020976
16,IFAD,83,-402.1449511523393
16,IFAD,84,-395.1380152576475
16,IFAD,85,-389.4032391402962
16,IFAD,86,-396.63220235346296
16,IFAD,87,-381.5720437174192
16,IFAD,88,-393.4442255013108
16,IFAD,89,-398.1073084273809
16,IFAD,90,-407.05614888886987
16,IFAD,91,-391.20255861736354
16,IFAD,92,-400.0141007321471
16,IFAD,93,-417.3608109580258
16,IFAD,94,-402.717908603341
16,IFAD,95,-401.38944228746834
16,IFAD,96,-410.03951919867416
16,IFAD,97,-397.7654192781375
16,IFAD,98,-402.4084969024253
16,IFAD,99,-394.9645390985257
16,IFAD,100,-406.00077628144174
16,IFAD,101,-400.50312482514863
16,IFAD,102,-395.2228258131629
16,IFAD,103,-394.6780586712408
16,IFAD,104,-390.2701329376776
16,IFAD,105,-398.806096578617
16,IFAD,106,-401.2784809300859
16,IFAD,107,-404.34046675157583
16,IFAD,108,-385.41049479619363
16,IFAD,109,-388.254033453287
16,IFAD,110,-400.82872802523013
16,IFAD,111,-384.0442555406278
16,IFAD,112,-380.89077581961
16,IFAD,113,-391.261808190043
16,IFAD,114,-384.1402647090717
16,IFAD,115,-389.81782574205334
16,IFAD,116,-386.48067013105697
16,IFAD,117,-387.91104017120347
16,IFAD,118,-383.92685070544013
16,IFAD,119,-386.3165010058979
16,IFAD,120,-387.32291827003763
16,IFAD,121,-386.9665171439701
16,IFAD,122,-383.2594342938263
16,IFAD,123,-394.32923883732025
16,IFAD,124,-375.4856767492568
16,IFAD,125,-376.28098899749676
16,IFAD,126,-390.43184404138736
16,IFAD,127,-389.9394342804397
16,IFAD,128,-374.6304762032282
16,IFAD,129,-386.09171262948485
16,IFAD,130,-388.9305365504415
16,IFAD,131,-374.324407187343
16,IFAD,132,-364.3405019946316
16,IFAD,133,-367.86057634710147
16,IFAD,134,-378.6004569499915
16,IFAD,135,-382.73243611852604
16,IFAD,136,-383.35830447551206
16,IFAD,137,-382.4980037222492
16,IFAD,138,-367.14848264001176
16,IFAD,139,-387.86630058255713
16,IFAD,140,-382.36780482373615
16,IFAD,141,-371.52843914713776
16,IFAD,142,-387.2669727671742
16,IFAD,143,-374.5347618434898
16,IFAD,144,-378.417818910854
16,IFAD,145,-381.83434031428624
16,IFAD,146,-382.2996911762154
16,IFAD,147,-373.6085680501331
16,IFAD,148,-380.94247747503556
16,IFAD,149,-382.10743249168956
16,IFAD,150,-375.1612247014026
16,IFAD,151,-388.0773553768412
16,IFAD,152,-376.7348765098102
16,IFAD,153,-386.424908119044
16,IFAD,154,-377.28352322925275
16,IFAD,155,-379.96067640675477
16,IFAD,156,-377.01233426615426
16,IFAD,157,-383.4262779881466
16,IFAD,158,-374.645596112385
16,IFAD,159,-376.29283638864615
16,IFAD,160,-372.0433758829291
16,IFAD,161,-381.91932253037197
16,IFAD,162,-379.5262355051687
16,IFAD,163,-372.3835686463871
16,IFAD,164,-366.88022761730616
16,IFAD,165,-369.47434960828525
16,IFAD,166,-362.3350246992461
16,IFAD,167,-387.6435858027693
16,IFAD,168,-373.9322348708792
16,IFAD,169,-372.40089851730227
16,IFAD,170,-359.76344906599735
16,IFAD,171,-370.4553751520693
16,IFAD,172,-382.6622757916011
16,IFAD,173,-377.7339832434136
16,IFAD,174,-373.78798637183024
16,IFAD,175,-391.3338058145302
16,IFAD,176,-372.18147053255035
16,IFAD,177,-378.40397090435675
16,IFAD,178,-381.8906536179453
16,IFAD,179,-370.4653301972493
16,IFAD,180,-366.9158880662804
16,IFAD,181,-375.5106104418021
16,IFAD,182,-376.47540303113755
16,IFAD,183,-385.51725723452114
16,IFAD,184,-372.5608914352196
16,IFAD,185,-371.09591393366287
16,IFAD,186,-368.56280142714513
16,IFAD,187,-372.50904836191984
16,IFAD,188,-372.16846534908115
16,IFAD,189,-372.3126394163925
16,IFAD,190,-378.85350850351506
16,IFAD,191,-375.66557991966033
16,IFAD,192,-379.2195533899444
16,IFAD,193,-378.20789706514023
16,IFAD,194,-380.5002160718791
16,IFAD,195,-374.77541627574504
16,IFAD,196,-375.73012221918697
16,IFAD,197,-376.1844324111041
16,IFAD,198,-368.53117423903603
16,IFAD,199,-378.70277390557425
16,IFAD,200,-372.8448951044441
16,IFAD,201,-373.7689997028714
16,IFAD,202,-377.4662962350269
16,IFAD,203,-376.7727226774522
16,IFAD,204,-372.84725479823663
16,IFAD,205,-370.6212933007567
16,IFAD,206,-378.94069806656876
16,IFAD,207,-371.71488647855494
16,IFAD,208,-381.0327972574216
16,IFAD,209,-376.23731029857515
16,IFAD,210,-377.02327195251985
16,IFAD,211,-378.2921347362416
16,IFAD,212,-377.434447128847
16,IFAD,213,-373.06650201137296
16,IFAD,214,-364.52338201670847
16,IFAD,215,-373.24843851882014
16,IFAD,216,-376.96957129125724
16,IFAD,217,-385.9833484208894
16,IFAD,218,-374.19724348782745
16,IFAD,219,-371.642050842622
16,IFAD,220,-374.9785237763021
16,IFAD,221,-383.2263885922468
16,IFAD,222,-375.8996517115922
16,IFAD,223,-377.96512984129123
16,IFAD,224,-385.73571441243155
16,IFAD,225,-376.58920698673217
16,IFAD,226,-373.437045655669
16,IFAD,227,-366.3161574716953
16,IFAD,228,-377.5908536181592
16,IFAD,229,-372.9638973246553
16,IFAD,230,-373.99793389162784
16,IFAD,231,-375.6229269508854
16,IFAD,232,-370.93193807535715
16,IFAD,233,-377.36556043112654
16,IFAD,234,-380.4882525843998
16,IFAD,235,-376.2119611237321
16,IFAD,236,-375.24650048971375
16,IFAD,237,-373.8723389202672
16,IFAD,238,-376.3175509630415
16,IFAD,239,-385.93263129804444
16,IFAD,240,-375.82984112708743
16,IFAD,241,-372.85303926962575
16,IFAD,242,-372.64914486986873
16,IFAD,243,-359.55018551386723
16,IFAD,244,-367.7792480657366
16,IFAD,245,-384.54567706869034
16,IFAD,246,-369.3223255498276
16,IFAD,247,-388.76631252058047
16,IFAD,248,-375.0488079113827
16,IFAD,249,-368.7808788904675
16,IFAD,250,-370.1263962825771
16,IFAD,251,-381.13118412686316
16,IFAD,252,-381.4174515482315
16,IFAD,253,-369.4748161214351
16,IFAD,254,-373.43080155698624
16,IFAD,255,-372.91570328529906
16,IFAD,256,-377.1880826684839
16,IFAD,257,-377.9035470010572
16,IFAD,258,-371.3297979805326
16,IFAD,259,-385.50117923587754
16,IFAD,260,-374.4496048963078
16,IFAD,261,-379.22085025391766
16,IFAD,262,-377.39027515478114
16,IFAD,263,-385.02084357515986
16,IFAD,264,-379.50961673168604
16,IFAD,265,-376.9825925726282
16,IFAD,266,-372.63182680433016
16,IFAD,267,-361.26284985248424
16,IFAD,268,-363.27541012632736
16,IFAD,269,-372.5723053811676
16,IFAD,270,-379.21300032623896
16,IFAD,271,-364.40492448044245
16,IFAD,272,-384.76226315205616
16,IFAD,273,-366.67336872520735
16,IFAD,274,-385.17613068101855
16,IFAD,275,-369.67542583924444
16,IFAD,276,-380.1417888717329
16,IFAD,277,-369.18024590548714
16,IFAD,278,-384.1199190490863
16,IFAD,279,-369.36283475236354
16,IFAD,280,-368.60420993228047
16,IFAD,281,-368.58366908483896
16,IFAD,282,-384.26552142015333
16,IFAD,283,-381.2766456411799
16,IFAD,284,-378.6363562846669
16,IFAD,285,-366.85998448159233
16,IFAD,286,-367.57183430404706
16,IFAD,287,-376.89791608769065
16,IFAD,288,-371.3684598775986
16,IFAD,289,-380.7340076351552
16,IFAD,290,-379.081236522244
16,IFAD,291,-373.97320923655354
16,IFAD,292,-376.7440618996724
16,IFAD,293,-367.1096656732129
16,IFAD,294,-377.91909411726186
16,IFAD,295,-369.2036863355645
16,IFAD,296,-374.9534842975576
16,IFAD,297,-375.61811406392906
16,IFAD,298,-380.0911495208325
16,IFAD,299,-370.67931984377435
16,IFAD,300,-375.67475754781975
16,IFAD,301,-368.1949608481008
16,IFAD,302,-375.6736262923244
16,IFAD,303,-369.1163099136729
16,IFAD,304,-374.17429738264724
16,IFAD,305,-370.63709263652095
16,IFAD,306,-379.1948135252856
16,IFAD,307,-375.15442266846065
16,IFAD,308,-368.2007061992491
16,IFAD,309,-366.5390049629216
16,IFAD,310,-378.5087905048789
16,IFAD,311,-374.99234746531675
16,IFAD,312,-366.1794269700039
16,IFAD,313,-371.0013237555885
16,IFAD,314,-379.9824644936449
16,IFAD,315,-382.5732281287408
16,IFAD,316,-377.4174599625046
16,IFAD,317,-374.54988075542747
16,IFAD,318,-372.2310543751654
16,IFAD,319,-370.76548957405777
16,IFAD,320,-378.14421050951205
16,IFAD,321,-374.98300313898204
16,IFAD,322,-377.21262104124105
16,IFAD,323,-384.27924951843073
16,IFAD,324,-377.7277813215554
16,IFAD,325,-385.74661197680956
16,IFAD,326,-382.31600475350757
16,IFAD,327,-389.5135304874818
16,IFAD,328,-374.41895841281854
16,IFAD,329,-362.6697161437879
16,IFAD,330,-381.30292725864535
16,IFAD,331,-369.6855736677823
16,IFAD,332,-380.5204915216796
16,IFAD,333,-377.59484885749987
16,IFAD,334,-376.44272544505907
16,IFAD,335,-378.6696796479928
16,IFAD,336,-377.5233392364104
16,IFAD,337,-378.439201646802
16,IFAD,338,-393.6839909479877
16,IFAD,339,-375.611526740987
16,IFAD,340,-390.3363808973692
16,IFAD,341,-373.99703525434404
16,IFAD,342,-384.1667737038613
16,IFAD,343,-383.42908581018133
16,IFAD,344,-381.9130836202031
16,IFAD,345,-375.8056222824548
16,IFAD,346,-368.21794145332046
16,IFAD,347,-374.03259139251827
16,IFAD,348,-378.3402596032071
16,IFAD,349,-379.4779473981831
16,IFAD,350,-365.49590669996263
16,IFAD,351,-369.0748210714254
16,IFAD,352,-373.61298499394945
16,IFAD,353,-370.71292051474467
16,IFAD,354,-381.2798469646247
16,IFAD,355,-374.15291108948486
16,IFAD,356,-374.89793587432234
16,IFAD,357,-377.18439951728345
16,IFAD,358,-368.80834517436324
16,IFAD,359,-376.1563973017665
16,IFAD,360,-391.4487271300708
16,IFAD,361,-377.7326503615422
16,IFAD,362,-376.0098179573794
16,IFAD,363,-380.31941411131737
16,IFAD,364,-367.07150425301177
16,IFAD,365,-370.62132944375844
16,IFAD,366,-368.6619968562153
16,IFAD,367,-388.05522564904925
16,IFAD,368,-383.4547225354851
16,IFAD,369,-373.1903406298591
16,IFAD,370,-380.1514450168135
16,IFAD,371,-371.299898428713
16,IFAD,372,-381.55301409937977
16,IFAD,373,-377.8571724652854
16,IFAD,374,-372.6615846661365
16,IFAD,375,-375.2070623988412
16,IFAD,376,-364.5680082538553
16,IFAD,377,-390.25479648896317
16,IFAD,378,-366.0745261064968
16,IFAD,379,-378.85643098411384
16,IFAD,380,-389.3491378099752
16,IFAD,381,-370.1466664543284
16,IFAD,382,-388.17211815979573
16,IFAD,383,-360.70086783432
16,IFAD,384,-370.59315312672294
16,IFAD,385,-377.30841369610386
16,IFAD,386,-376.787886760027
16,IFAD,387,-368.5577460442285
16,IFAD,388,-386.4484208553885
16,IFAD,389,-380.81529316779887
16,IFAD,390,-367.1620039734361
16,IFAD,391,-382.37125962330333
16,IFAD,392,-377.2113937082009
16,IFAD,393,-372.80312237026004
16,IFAD,394,-386.70640329176234
16,IFAD,395,-368.5720055618989
16,IFAD,396,-380.42906815720715
16,IFAD,397,-368.7081320822518
16,IFAD,398,-381.7879672482459
16,IFAD,399,-379.3659041511018
17,IF2,0,-428.9425043179198
17,IF2,1,-410.0118927144704
17,IF2,2,-404.29592701802943
17,IF2,3,-401.5608257961222
17,IF2,4,-388.4039207535546
17,IF2,5,-379.86947213696203
17,IF2,6,-411.01803428599237
17,IF2,7,-398.38583871146704
17,IF2,8,-389.71322411287446
17,IF2,9,-413.68022700915355
17,IF2,10,-398.8127547555509
17,IF2,11,-429.69069194617487
17,IF2,12,-411.05289467087914
17,IF2,13,-375.56610233863984
17,IF2,14,-390.990145644842
17,IF2,15,-377.37765822374695
17,IF2,16,-390.2633618381033
17,IF2,17,-368.3791382950895
17,IF2,18,-380.72646278863033
17,IF2,19,-379.06474455344784
17,IF2,20,-393.77052921681167
17,IF2,21,-394.63084240740676
17,IF2,22,-368.6086723699426
17,IF2,23,-382.1468061085065
17,IF2,24,-384.67423893901815
17,IF2,25,-383.8740962224074
17,IF2,26,-378.5300800274777
17,IF2,27,-395.8536299576617
17,IF2,28,-384.3291442418231
17,IF2,29,-396.2340661014903
17,IF2,30,-396.8972807865127
17,IF2,31,-370.1015461209293
17,IF2,32,-385.9852031817843
17,IF2,33,-373.3865317259717
17,IF2,34,-388.0245110068791
17,IF2,35,-384.2808902631142
17,IF2,36,-385.48193749821894
17,IF2,37,-400.5325346295778
17,IF2,38,-399.8043156261055
17,IF2,39,-421.8558311131322
17,IF2,40,-433.7423430159332
17,IF2,41,-422.7636558698309
17,IF2,42,-418.46722476249784
17,IF2,43,-412.96715634514885
17,IF2,44,-431.97577188345343
17,IF2,45,-426.86362055588
17,IF2,46,-432.53056346005485
17,IF2,47,-431.21001068629
17,IF2,48,-432.0756073891837
17,IF2,49,-423.0595837385755
17,IF2,50,-410.8953259843644
17,IF2,51,-402.04030664483895
17,IF2,52,-382.301581511054
17,IF2,53,-384.05747009623445
17,IF2,54,-391.81371256053865
17,IF2,55,-404.3987569182002
17,IF2,56,-379.9961685999683
17,IF2,57,-385.0008210900181
17,IF2,58,-372.17451928917814
17,IF2,59,-372.4402107051862
17,IF2,60,-376.76499884043614
17,IF2,61,-365.70331647683804
17,IF2,62,-379.6034368539443
17,IF2,63,-374.6946462372805
17,IF2,64,-385.3804798612427
17,IF2,65,-373.876147744168
17,IF2,66,-392.8783717392989
17,IF2,67,-398.52226395178707
17,IF2,68,-388.7777921232469
17,IF2,69,-398.34117633752595
17,IF2,70,-394.68550579476386
17,IF2,71,-382.2813091576207
17,IF2,72,-386.15789205053767
17,IF2,73,-391.40435451928784
17,IF2,74,-391.13680830868253
17,IF2,75,-381.2949613879578
17,IF2,76,-378.2663124577493
17,IF2,77,-389.7637931556975
17,IF2,78,-375.20298479666434
17,IF2,79,-387.084944902591
17,IF2,80,-375.71587425700176
17,IF2,81,-369.7938740730867
17,IF2,82,-379.8545646558997
17,IF2,83,-384.39714166973243
17,IF2,84,-370.7687591259614
17,IF2,85,-385.08660751796555
17,IF2,86,-388.9182341596966
17,IF2,87,-391.19234636683893
17,IF2,88,-378.7823604195163
17,IF2,89,-380.1383061024584
17,IF2,90,-374.10904018145766
17,IF2,91,-387.64594822617795
17,IF2,92,-385.7942888536227
17,IF2,93,-385.31334495993474
17,IF2,94,-392.322405961407
17,IF2,95,-381.3096130262777
17,IF2,96,-373.80122496956335
17,IF2,97,-380.42428487248054
17,IF2,98,-381.48189769777764
17,IF2,99,-398.523563066213
17,IF2,100,-378.9772319572476
17,IF2,101,-376.53174703788955
17,IF2,102,-362.0349688974086
17,IF2,103,-377.28816753609846
17,IF2,104,-384.65902406111485
17,IF2,105,-385.1043513394992
17,IF2,106,-380.46038013693766
17,IF2,107,-388.6551933186241
17,IF2,108,-379.8004871860717
17,IF2,109,-384.12334720178603
17,IF2,110,-386.0699447108978
17,IF2,111,-384.498771027064
17,IF2,112,-373.11527908276275
17,IF2,113,-367.0024967722391
17,IF2,114,-388.2045634841554
17,IF2,115,-384.66145658540825
17,IF2,116,-392.9054335499124
17,IF2,117,-388.6168779720068
17,IF2,118,-374.0991888626808
17,IF2,119,-384.5136766652274
17,IF2,120,-382.28427482489906
17,IF2,121,-381.9643209781104
17,IF2,122,-395.90460211780163
17,IF2,123,-377.95738396399605
17,IF2,124,-387.9927487698651
17,IF2,125,-390.022074496208
17,IF2,126,-379.7099222661233
17,IF2,127,-381.71301667430447
17,IF2,128,-381.6928186808186
17,IF2,129,-368.96456884039475
17,IF2,130,-370.982379553403
17,IF2,131,-375.4230079936193
17,IF2,132,-374.5747673013526
17,IF2,133,-387.9016008795202
17,IF2,134,-376.38271227005157
17,IF2,135,-374.1447950704805
17,IF2,136,-377.16437025861046
17,IF2,137,-383.21853313765956
17,IF2,138,-392.2642720287679
17,IF2,139,-387.10524453963694
17,IF2,140,-378.9251986941831
17,IF2,141,-392.2174853069909
17,IF2,142,-387.08235842435363
17,IF2,143,-387.3377921828367
17,IF2,144,-369.2351256481683
17,IF2,145,-387.4436287905539
17,IF2,146,-395.7199093540209
17,IF2,147,-392.9815080263467
17,IF2,148,-389.12266316770905
17,IF2,149,-387.3747279042421
17,IF2,150,-392.31611623373306
17,IF2,151,-382.50026511978757
17,IF2,152,-381.6386723840459
17,IF2,153,-388.14489409286386
17,IF2,154,-398.14870702559216
17,IF2,155,-385.8105919955587
17,IF2,156,-390.7386565347799
17,IF2,157,-403.8258103634131
17,IF2,158,-385.3765676699841
17,IF2,159,-384.8128812825122
17,IF2,160,-384.0173190593687
17,IF2,161,-374.31965478198066
17,IF2,162,-388.4424327285337
17,IF2,163,-372.05728215807846
17,IF2,164,-387.34119680070717
17,IF2,165,-374.6060937507141
17,IF2,166,-387.21588671677534
17,IF2,167,-382.7586160536163
17,IF2,168,-388.671678236251
17,IF2,169,-396.66005524030294
17,IF2,170,-377.41565236977215
17,IF2,171,-379.2024641075993
17,IF2,172,-388.8020113312781
17,IF2,173,-382.72783847591245
17,IF2,174,-396.5184638568023
17,IF2,175,-389.4542482828781
17,IF2,176,-384.1018931199867
17,IF2,177,-383.3253417611945
17,IF2,178,-382.77249643806215
17,IF2,179,-384.0739919291941
17,IF2,180,-389.24931565963766
17,IF2,181,-395.6836269024941
17,IF2,182,-390.43587070296115
17,IF2,183,-390.46261132228864
17,IF2,184,-389.8656287374692
17,IF2,185,-383.36205620009434
17,IF2,186,-372.39271088341394
17,IF2,187,-387.7310521037861
17,IF2,188,-379.85312204979255
17,IF2,189,-374.33211430838645
17,IF2,190,-376.998737508997
17,IF2,191,-388.10631648136945
17,IF2,192,-380.25823613214345
17,IF2,193,-386.3005814149997
17,IF2,194,-387.07126557127197
17,IF2,195,-381.34687582824773
17,IF2,196,-379.9269067519384
17,IF2,197,-385.01695433580045
17,IF2,198,-374.5335037515197
17,IF2,199,-391.8070260886881
17,IF2,200,-380.3960724905035
17,IF2,201,-378.5724267339604
17,IF2,202,-385.16172688989224
17,IF2,203,-379.7640742430439
17,IF2,204,-385.965311090491
17,IF2,205,-380.2977634786385
17,IF2,206,-383.71945925862775
17,IF2,207,-380.6907432973625
17,IF2,208,-381.1388980950597
17,IF2,209,-378.5324757111552
17,IF2,210,-387.0908901532553
17,IF2,211,-393.0279588438972
17,IF2,212,-373.9866829315463
17,IF2,213,-383.4742590641166
17,IF2,214,-386.493908832361
17,IF2,215,-395.24536998442346
17,IF2,216,-376.64432771311596
17,IF2,217,-390.50727568336066
17,IF2,218,-373.34296740705804
17,IF2,219,-385.54547925172096
17,IF2,220,-398.8462751075257
17,IF2,221,-391.0668602780417
17,IF2,222,-376.29574602376096
17,IF2,223,-381.33758185250866
17,IF2,224,-381.0470070203265
17,IF2,225,-380.0479502644879
17,IF2,226,-380.5797770081452
17,IF2,227,-376.59343658974933
17,IF2,228,-389.9435667559717
17,IF2,229,-388.86457336725573
17,IF2,230,-371.96629372336895
17,IF2,231,-372.2572225910949
17,IF2,232,-384.5329012877284
17,IF2,233,-383.272641021686
17,IF2,234,-380.9669932265912
17,IF2,235,-388.00181520482516
17,IF2,236,-374.55539819320967
17,IF2,237,-386.5733788317141
17,IF2,238,-375.8386547301168
17,IF2,239,-396.6365183893741
17,IF2,240,-393.36426423321177
17,IF2,241,-391.8776300879554
17,IF2,242,-384.3099884096057
17,IF2,243,-381.66068330925856
17,IF2,244,-375.85548225118976
17,IF2,245,-381.76671217364935
17,IF2,246,-390.9345951111318
17,IF2,247,-391.0916730953004
17,IF2,248,-375.83597670894
17,IF2,249,-375.2595254996469
17,IF2,250,-378.32709742463413
17,IF2,251,-384.1183525914636
17,IF2,252,-379.41271021043457
17,IF2,253,-391.61610378548187
17,IF2,254,-386.45927410055697
17,IF2,255,-384.55629940066984
17,IF2,256,-398.2897529455486
17,IF2,257,-377.50349397076394
17,IF2,258,-381.05612746120556
17,IF2,259,-381.2657699527389
17,IF2,260,-383.5624851970314
17,IF2,261,-391.1736012028904
17,IF2,262,-374.86779790552737
17,IF2,263,-372.02588746519376
17,IF2,264,-375.7318593773487
17,IF2,265,-382.7602652949844
17,IF2,266,-371.7837988299449
17,IF2,267,-386.98984818877216
17,IF2,268,-377.39657291068136
17,IF2,269,-375.688474345308
17,IF2,270,-392.4575757163128
17,IF2,271,-376.8122123096239
17,IF2,272,-375.72157302310103
17,IF2,273,-374.2452354077304
17,IF2,274,-376.75903277292343
17,IF2,275,-390.9591233226481
17,IF2,276,-388.64243086966576
17,IF2,277,-380.26171933181314
17,IF2,278,-382.5104975819448
17,IF2,279,-379.43427010979883
17,IF2,280,-378.22194938754694
17,IF2,281,-386.9252130410753
17,IF2,282,-387.4809717538036
17,IF2,283,-381.04168780665486
17,IF2,284,-388.4904753518162
17,IF2,285,-388.7355555249457
17,IF2,286,-382.6651251512539
17,IF2,287,-380.82386995462423
17,IF2,288,-392.2289588796019
17,IF2,289,-374.76477797458585
17,IF2,290,-379.57067645832706
17,IF2,291,-387.45345433112635
17,IF2,292,-381.11076073759466
17,IF2,293,-391.16196120033214
17,IF2,294,-377.7570930945701
17,IF2,295,-379.9302523372276
17,IF2,296,-373.15525898674093
17,IF2,297,-385.74528233690944
17,IF2,298,-375.1273319936178
17,IF2,299,-389.4588692673124
17,IF2,300,-377.18706151854406
17,IF2,301,-391.2675816705864
17,IF2,302,-381.5917971018321
17,IF2,303,-385.6662982544935
17,IF2,304,-380.84381862919247
17,IF2,305,-380.8443355462148
17,IF2,306,-393.99933988085223
17,IF2,307,-398.06185781508464
17,IF2,308,-381.5378217260052
17,IF2,309,-388.57557213930306
17,IF2,310,-379.29664213466043
17,IF2,311,-389.99874010256
17,IF2,312,-397.51872882172347
17,IF2,313,-379.3110699445769
17,IF2,314,-382.015948207817
17,IF2,315,-372.8615419057609
17,IF2,316,-381.8704761358052
17,IF2,317,-379.5055707585613
17,IF2,318,-375.46672371407294
17,IF2,319,-383.8318659429728
17,IF2,320,-387.10284985095115
17,IF2,321,-376.98601901580867
17,IF2,322,-385.67467356298977
17,IF2,323,-383.4677905392215
17,IF2,324,-384.6897063496873
17,IF2,325,-383.77873899425674
17,IF2,326,-380.0923130347041
17,IF2,327,-382.25579168301874
17,IF2,328,-383.0915159616256
17,IF2,329,-388.4526674457712
17,IF2,330,-384.5895828506795
17,IF2,331,-384.1380161604185
17,IF2,332,-382.0592211162316
17,IF2,333,-381.34216052287263
17,IF2,334,-394.28337313759073
17,IF2,335,-396.023339109058
17,IF2,336,-385.3693401002182
17,IF2,337,-386.87436831796094
17,IF2,338,-390.7287067844776
17,IF2,339,-384.0457314096091
17,IF2,340,-391.9886727074091
17,IF2,341,-385.2654881569296
17,IF2,342,-376.52692157494926
17,IF2,343,-388.76926669939354
17,IF2,344,-384.0014064915878
17,IF2,345,-379.58276795884626
17,IF2,346,-398.42916335803875
17,IF2,347,-385.34814100764345
17,IF2,348,-387.54097718700575
17,IF2,349,-372.47470420918756
17,IF2,350,-391.0328511825873
17,IF2,351,-384.9783884865308
17,IF2,352,-386.94854565120227
17,IF2,353,-386.1445125326075
17,IF2,354,-386.1918746614691
17,IF2,355,-380.5934356821017
17,IF2,356,-383.52714083231604
17,IF2,357,-377.7332691187606
17,IF2,358,-385.40736727893363
17,IF2,359,-388.9323872070044
17,IF2,360,-392.818183851864
17,IF2,361,-388.16580880189974
17,IF2,362,-382.1214582724164
17,IF2,363,-391.4446410005754
17,IF2,364,-376.75905035809745
17,IF2,365,-375.04312172658877
17,IF2,366,-388.7176752684141
17,IF2,367,-381.2051124409123
17,IF2,368,-384.5119975477563
17,IF2,369,-379.0215665138123
17,IF2,370,-377.541797962322
17,IF2,371,-378.92680704940716
17,IF2,372,-388.6141122930791
17,IF2,373,-389.0936902585332
17,IF2,374,-388.62817354895407
17,IF2,375,-372.4839577508253
17,IF2,376,-387.7103764411386
17,IF2,377,-382.5470463908918
17,IF2,378,-378.76095097867056
17,IF2,379,-406.28921388053226
17,IF2,380,-382.5928639853453
17,IF2,381,-386.90747157424425
17,IF2,382,-374.57905678933685
17,IF2,383,-396.34528788742006
17,IF2,384,-385.700862198336
17,IF2,385,-387.47598318022835
17,IF2,386,-390.10163611763375
17,IF2,387,-391.0217255709107
17,IF2,388,-382.4161445046676
17,IF2,389,-387.5042697646151
17,IF2,390,-392.43095979715014
17,IF2,391,-387.55214084490956
17,IF2,392,-377.46184618598716
17,IF2,393,-374.2166447094778
17,IF2,394,-381.2488429832021
17,IF2,395,-383.218993884592
17,IF2,396,-374.91035759178914
17,IF2,397,-383.93418007489595
17,IF2,398,-387.5247657922649
17,IF2,399,-375.920015022134
17,IF2,400,-383.6384175225853
17,IF2,401,-390.8171335864643
17,IF2,402,-381.2564855878576
17,IF2,403,-383.54532570216287
17,IF2,404,-386.60160220059527
17,IF2,405,-388.0554703789318
17,IF2,406,-388.4111438959143
17,IF2,407,-391.9589768534549
17,IF2,408,-393.44001540007287
17,IF2,409,-395.83095266757084
17,IF2,410,-382.7629379002823
17,IF2,411,-387.09193891888873
17,IF2,412,-386.3405219828606
17,IF2,413,-381.2145559100596
17,IF2,414,-374.61542029045404
17,IF2,415,-393.21577808081935
17,IF2,416,-384.81845631803395
17,IF2,417,-384.1076204173446
17,IF2,418,-392.47582514501994
17,IF2,419,-388.3581504623171
17,IF2,420,-379.05215773473446
17,IF2,421,-407.80817289992837
17,IF2,422,-379.34215531815966
17,IF2,423,-389.8811060436632
17,IF2,424,-378.1896079039153
17,IF2,425,-390.37984541876597
17,IF2,426,-380.07405175364926
17,IF2,427,-389.04787958147506
17,IF2,428,-371.2346862332589
17,IF2,429,-386.61559934887896
17,IF2,430,-380.4716875826664
17,IF2,431,-392.6058134035107
17,IF2,432,-395.4249102304474
17,IF2,433,-383.54377532365527
17,IF2,434,-387.43585120542144
17,IF2,435,-400.77640487851
17,IF2,436,-393.16079827057706
17,IF2,437,-387.3267394287798
17,IF2,438,-372.81122345955316
17,IF2,439,-399.00239570358883
17,IF2,440,-388.93014288899275
17,IF2,441,-388.15448012658806
17,IF2,442,-381.64653672363664
17,IF2,443,-377.0215094184125
17,IF2,444,-382.6546507256022
17,IF2,445,-393.46259366694045
17,IF2,446,-380.98581343986575
17,IF2,447,-392.6881262300565
17,IF2,448,-389.8231082675639
17,IF2,449,-378.45622926617744
17,IF2,450,-381.33568265961725
17,IF2,451,-382.736028355448
17,IF2,452,-387.0708154394033
17,IF2,453,-389.9156679931825
17,IF2,454,-386.2166370305069
17,IF2,455,-386.97852126269214
17,IF2,456,-373.96768361441696
17,IF2,457,-389.4024882380667
17,IF2,458,-395.1549988931018
17,IF2,459,-387.59011946755754
17,IF2,460,-385.72222991786214
17,IF2,461,-392.13018519585245
17,IF2,462,-378.812381856161
17,IF2,463,-395.98677664216814
17,IF2,464,-381.9038328191787
17,IF2,465,-388.4754152574133
17,IF2,466,-385.0499112116587
17,IF2,467,-384.51886373669424
17,IF2,468,-375.58147816020175
17,IF2,469,-400.0204803130834
17,IF2,470,-391.89450684171544
17,IF2,471,-386.8186735640148
17,IF2,472,-388.3559436403976
17,IF2,473,-379.7365012020996
17,IF2,474,-390.788207024591
17,IF2,475,-392.06039730230776
17,IF2,476,-386.6054479326467
17,IF2,477,-380.5898023728174
17,IF2,478,-385.5048480921548
17,IF2,479,-389.24741508247087
17,IF2,480,-377.78399398182665
17,IF2,481,-377.5344143730776
17,IF2,482,-373.25114331018074
17,IF2,483,-389.35405571842495
17,IF2,484,-379.69835322622316
17,IF2,485,-377.847608898364
17,IF2,486,-381.9521755797991
17,IF2,487,-380.9989096410245
17,IF2,488,-392.0130051732347
17,IF2,489,-387.0938505543081
17,IF2,490,-387.9606537207202
17,IF2,491,-394.105808196697
17,IF2,492,-392.98111948886213
17,IF2,493,-388.51238676133005
17,IF2,494,-387.27686347829496
17,IF2,495,-380.5462281328104
17,IF2,496,-386.32490268118835
17,IF2,497,-387.5097530317599
17,IF2,498,-391.75655095601036
17,IF2,499,-388.3083234802957
17,IF2,500,-379.20616029470153
17,IF2,501,-388.6279541893198
17,IF2,502,-379.5773390669886
17,IF2,503,-377.7757181709758
17,IF2,504,-387.2299157322475
17,IF2,505,-382.8652165627991
17,IF2,506,-395.54093033922055
17,IF2,507,-384.12215200946116
17,IF2,508,-381.55588051938963
17,IF2,509,-383.33989876763087
17,IF2,510,-383.84618221551557
17,IF2,511,-380.62804648213466
17,IF2,512,-371.38365332697964
17,IF2,513,-377.20195889769764
17,IF2,514,-390.0611266853943
17,IF2,515,-386.91058721224914
17,IF2,516,-380.78980936942946
17,IF2,517,-381.8405028068842
17,IF2,518,-389.921969417641
17,IF2,519,-380.6625170298052
17,IF2,520,-387.6403617717434
17,IF2,521,-395.578675634497
17,IF2,522,-382.19571551120987
17,IF2,523,-379.05137044733925
17,IF2,524,-376.72162886038666
17,IF2,525,-384.1272107609752
17,IF2,526,-381.9110681648372
17,IF2,527,-394.4006173228865
17,IF2,528,-381.9280066854047
17,IF2,529,-383.30244107732096
17,IF2,530,-392.479044400309
17,IF2,531,-380.9143747661066
17,IF2,532,-379.3072411338492
17,IF2,533,-380.0573692070152
17,IF2,534,-386.08365319734173
17,IF2,535,-383.4883843698656
17,IF2,536,-403.9184267901306
17,IF2,537,-382.07393078851055
17,IF2,538,-381.1236008138089
17,IF2,539,-378.35365842848415
17,IF2,540,-378.18445520231074
17,IF2,541,-390.3819781896552
17,IF2,542,-397.4519383626697
17,IF2,543,-383.8103004385451
17,IF2,544,-391.73665671444735
17,IF2,545,-383.2912996280737
17,IF2,546,-392.80185343424847
17,IF2,547,-395.7479107982232
17,IF2,548,-390.0778579043329
17,IF2,549,-387.4284393484416
17,IF2,550,-400.0288839093012
17,IF2,551,-377.42895721483995
17,IF2,552,-388.38293120703133
17,IF2,553,-383.23549391145673
17,IF2,554,-387.9276313979731
17,IF2,555,-390.79150883117285
17,IF2,556,-384.4468798531546
17,IF2,557,-388.2344508839268
17,IF2,558,-388.2559689206148
17,IF2,559,-376.9046585512009
17,IF2,560,-381.0393956923873
17,IF2,561,-394.9536880019748
17,IF2,562,-382.8665002803151
17,IF2,563,-392.37027290779065
17,IF2,564,-379.2600626291315
17,IF2,565,-382.2983582686701
17,IF2,566,-389.2857945529735
17,IF2,567,-386.1067835950022
17,IF2,568,-398.0444881385227
17,IF2,569,-381.0168705438854
17,IF2,570,-378.034789612067
17,IF2,571,-390.8625336198537
17,IF2,572,-377.795085060533
17,IF2,573,-381.5051320995146
17,IF2,574,-387.84286732789536
17,IF2,575,-385.9838789369473
17,IF2,576,-382.13037184687437
17,IF2,577,-387.7336342485805
17,IF2,578,-383.8058218050849
17,IF2,579,-381.92984397104993
17,IF2,580,-392.4888878926619
17,IF2,581,-370.2768489423455
17,IF2,582,-384.7955264192303
17,IF2,583,-380.0256375866367
17,IF2,584,-379.3892945166118
17,IF2,585,-384.5463068234919
17,IF2,586,-389.73341323938524
17,IF2,587,-391.56912958982446
17,IF2,588,-392.6499145286874
17,IF2,589,-384.22468436784163
17,IF2,590,-378.6703965019151
17,IF2,591,-383.9102123790225
17,IF2,592,-383.97072838919865
17,IF2,593,-380.9676598089427
17,IF2,594,-382.5591705499485
17,IF2,595,-378.9522283775321
17,IF2,596,-391.44355213453
17,IF2,597,-385.85504090839567
17,IF2,598,-383.08901449465424
17,IF2,599,-382.5798497738912
17,IFAD,0,-431.1779482212489
17,IFAD,1,-405.6133311349592
17,IFAD,2,-404.118686127668
17,IFAD,3,-390.46535505789745
17,IFAD,4,-376.76818614635795
17,IFAD,5,-390.4448531970818
17,IFAD,6,-384.71230928691386
17,IFAD,7,-392.02116304867286
17,IFAD,8,-384.1463611777328
17,IFAD,9,-379.162983685924
17,IFAD,10,-383.71984414480653
17,IFAD,11,-374.21426458888646
17,IFAD,12,-391.56270776034216
17,IFAD,13,-376.89559998778054
17,IFAD,14,-389.04664378105167
17,IFAD,15,-375.6632500205431
17,IFAD,16,-384.2234503140261
17,IFAD,17,-382.9446504223294
17,IFAD,18,-391.55930920828627
17,IFAD,19,-396.72026683676296
17,IFAD,20,-414.70327184358433
17,IFAD,21,-387.4652869221538
17,IFAD,22,-389.9850039207391
17,IFAD,23,-380.24023910597157
17,IFAD,24,-373.0363733950954
17,IFAD,25,-388.9151976271041
17,IFAD,26,-375.4730098798793
17,IFAD,27,-381.1259096067637
17,IFAD,28,-383.05804625555373
17,IFAD,29,-385.18461289673354
17,IFAD,30,-372.5696188059894
17,IFAD,31,-390.10839021394827
17,IFAD,32,-401.9880722156171
17,IFAD,33,-403.01378134124843
17,IFAD,34,-397.77367807477646
17,IFAD,35,-399.0048925048837
17,IFAD,36,-385.43644985340853
17,IFAD,37,-378.23978868735696
17,IFAD,38,-382.85069886260874
17,IFAD,39,-386.1025275189983
17,IFAD,40,-381.42484027851845
17,IFAD,41,-386.47180608416915
17,IFAD,42,-373.9152979141586
17,IFAD,43,-371.5708648155481
17,IFAD,44,-384.5641680250817
17,IFAD,45,-389.49792213251
17,IFAD,46,-371.52963339079304
17,IFAD,47,-386.38261472215936
17,IFAD,48,-374.6759568603608
17,IFAD,49,-373.9868580049306
17,IFAD,50,-381.29598927179705
17,IFAD,51,-388.72882908774477
17,IFAD,52,-380.0657707540145
17,IFAD,53,-393.6412980807739
17,IFAD,54,-387.1065687680554
17,IFAD,55,-386.57742840808027
17,IFAD,56,-387.2090183843592
17,IFAD,57,-380.4691346981797
17,IFAD,58,-370.1326571385565
17,IFAD,59,-382.7790974562297
17,IFAD,60,-381.4641484235368
17,IFAD,61,-385.22539989011165
17,IFAD,62,-381.6933881330609
17,IFAD,63,-376.6272699126726
17,IFAD,64,-387.89657376742116
17,IFAD,65,-380.8442628833422
17,IFAD,66,-380.5840526572625
17,IFAD,67,-379.5394042245193
17,IFAD,68,-373.43460573094944
17,IFAD,69,-375.74122442729674
17,IFAD,70,-388.8974491830608
17,IFAD,71,-382.26552121990363
17,IFAD,72,-375.37151799508115
17,IFAD,73,-386.2338554850458
17,IFAD,74,-384.5444198246549
17,IFAD,75,-397.87332754834887
17,IFAD,76,-384.5823387261876
17,IFAD,77,-396.11859263771834
17,IFAD,78,-376.1639970115876
17,IFAD,79,-385.464041133472
17,IFAD,80,-383.6511001497214
17,IFAD,81,-382.33643831987814
17,IFAD,82,-390.1004494479041
17,IFAD,83,-382.99317706199923
17,IFAD,84,-369.3820536482413
17,IFAD,85,-382.27235871805567
17,IFAD,86,-381.8786902855392
17,IFAD,87,-391.46765034718476
17,IFAD,88,-411.9370217564445
17,IFAD,89,-399.2655880374613
17,IFAD,90,-381.3277398739928
17,IFAD,91,-377.21995797350496
17,IFAD,92,-380.10609876807837
17,IFAD,93,-387.0875470641954
17,IFAD,94,-383.7493987004802
17,IFAD,95,-384.10808060369743
17,IFAD,96,-404.1391761199757
17,IFAD,97,-390.3874225380034
17,IFAD,98,-388.35404747653644
17,IFAD,99,-394.82112714452194
17,IFAD,100,-390.9863439951003
17,IFAD,101,-386.46076963212323
17,IFAD,102,-378.5535425251801
17,IFAD,103,-392.1495542328395
17,IFAD,104,-385.0480949479001
17,IFAD,105,-394.8189975050146
17,IFAD,106,-400.5444092072812
17,IFAD,107,-383.9321610402112
17,IFAD,108,-390.3367046517444
17,IFAD,109,-381.5141434102895
17,IFAD,110,-396.5356670320269
17,IFAD,111,-382.31782677053076
17,IFAD,112,-378.39398789674385
17,IFAD,113,-372.8453323198996
17,IFAD,114,-390.1613864020749
17,IFAD,115,-387.1567747784176
17,IFAD,116,-403.97060567161515
17,IFAD,117,-380.73291385049436
17,IFAD,118,-395.14508035949586
17,IFAD,119,-380.02043877428383
17,IFAD,120,-369.5146921398964
17,IFAD,121,-382.50061144875383
17,IFAD,122,-390.21905436248323
17,IFAD,123,-382.9341134131468
17,IFAD,124,-375.54515406117457
17,IFAD,125,-377.9415662332228
17,IFAD,126,-381.54509676531313
17,IFAD,127,-373.9003448702381
17,IFAD,128,-387.7063768615621
17,IFAD,129,-381.936505638981
17,IFAD,130,-369.4193751556749
17,IFAD,131,-371.9109375670623
17,IFAD,132,-368.78349988903744
17,IFAD,133,-376.9464940532908
17,IFAD,134,-378.8013164197693
17,IFAD,135,-369.7718246535944
17,IFAD,136,-385.7508016065296
17,IFAD,137,-378.2319089172697
17,IFAD,138,-383.56890428042175
17,IFAD,139,-382.4367884420362
17,IFAD,140,-394.9938946528812
17,IFAD,141,-368.3908498204051
17,IFAD,142,-376.48392465100505
17,IFAD,143,-376.55916676962875
17,IFAD,144,-377.4133047672759
17,IFAD,145,-371.5738260426913
17,IFAD,146,-388.11007373246605
17,IFAD,147,-372.23181472645416
17,IFAD,148,-370.7957860623958
17,IFAD,149,-378.95655158092444
17,IFAD,150,-380.1684833265439
17,IFAD,151,-376.3652835359688
17,IFAD,152,-389.7856653091466
17,IFAD,153,-381.3551209505965
17,IFAD,154,-375.5395368106464
17,IFAD,155,-381.04378881653565
17,IFAD,156,-368.1852359115389
17,IFAD,157,-383.44614393490343
17,IFAD,158,-385.3772266932061
17,IFAD,159,-379.7673659598025
17,IFAD,160,-370.7737582952525
17,IFAD,161,-374.06741307244516
17,IFAD,162,-366.2657269474089
17,IFAD,163,-386.90916189874923
17,IFAD,164,-380.5398575381216
17,IFAD,165,-383.7564461345926
17,IFAD,166,-370.8429483544268
17,IFAD,167,-374.7336482476502
17,IFAD,168,-384.21692861526066
17,IFAD,169,-380.6223073177797
17,IFAD,170,-378.8277319968585
17,IFAD,171,-370.5953583492677
17,IFAD,172,-381.0622008628131
17,IFAD,173,-365.54264417953664
17,IFAD,174,-374.2336264274866
17,IFAD,175,-384.92502805379917
17,IFAD,176,-365.3883496021727
17,IFAD,177,-382.67615035786025
17,IFAD,178,-375.5851497347169
17,IFAD,179,-371.5413316149103
17,IFAD,180,-378.7434392526712
17,IFAD,181,-385.0428930606038
17,IFAD,182,-382.2159030127
17,IFAD,183,-375.84524704479196
17,IFAD,184,-385.1355909784748
17,IFAD,185,-373.3599523601573
17,IFAD,186,-368.3035953980726
17,IFAD,187,-370.7230119748628
17,IFAD,188,-378.01884696375106
17,IFAD,189,-373.3191417476641
17,IFAD,190,-364.46864663739734
17,IFAD,191,-373.54763307537723
17,IFAD,192,-374.42535276410086
17,IFAD,193,-393.81750489933995
17,IFAD,194,-383.05478273095844
17,IFAD,195,-374.940022920271
17,IFAD,196,-375.55333587664154
17,IFAD,197,-373.01152238423555
17,IFAD,198,-369.7934817039885
17,IFAD,199,-376.3890995270369
17,IFAD,200,-369.6454512581292
17,IFAD,201,-380.3521351898058
17,IFAD,202,-371.145757405347
17,IFAD,203,-376.3850086173526
17,IFAD,204,-383.59937961618346
17,IFAD,205,-371.7095766615819
17,IFAD,206,-381.4835416588118
17,IFAD,207,-379.5950727045635
17,IFAD,208,-361.5919862471432
17,IFAD,209,-383.6437966846995
17,IFAD,210,-387.2007624536347
17,IFAD,211,-377.9912801741801
17,IFAD,212,-372.58653450895
17,IFAD,213,-383.78234991396954
17,IFAD,214,-376.87490072863795
17,IFAD,215,-377.7422673679453
17,IFAD,216,-369.6765788442458
17,IFAD,217,-371.2644771314838
17,IFAD,218,-367.679546629219
17,IFAD,219,-377.4633607686116
17,IFAD,220,-381.16457213273986
17,IFAD,221,-371.7777502809094
17,IFAD,222,-377.80456613702995
17,IFAD,223,-377.66075843536606
17,IFAD,224,-382.9859841704993
17,IFAD,225,-382.8521597873178
17,IFAD,226,-383.218509434557
17,IFAD,227,-378.2035798359671
17,IFAD,228,-381.90829177721827
17,IFAD,229,-378.4675983159848
17,IFAD,230,-380.35311992850876
17,IFAD,231,-380.4099718544967
17,IFAD,232,-372.2773447396791
17,IFAD,233,-383.6228733802128
17,IFAD,234,-379.96679948717843
17,IFAD,235,-367.7297352099597
17,IFAD,236,-377.22902479711297
17,IFAD,237,-385.92068155609667
17,IFAD,238,-372.05973022391953
17,IFAD,239,-391.6090827052171
17,IFAD,240,-387.5419246958802
17,IFAD,241,-377.2319454810325
17,IFAD,242,-364.616215064406
17,IFAD,243,-383.85894827647246
17,IFAD,244,-372.98732492500034
17,IFAD,245,-371.9550662905288
17,IFAD,246,-376.59250389351325
17,IFAD,247,-375.3989909207009
17,IFAD,248,-368.5621817635729
17,IFAD,249,-383.3527671977063
17,IFAD,250,-361.21187313901777
17,IFAD,251,-379.6099960912586
17,IFAD,252,-378.4413814625121
17,IFAD,253,-382.3506365141972
17,IFAD,254,-375.5940085274565
17,IFAD,255,-385.56112635703283
17,IFAD,256,-379.3947087630772
17,IFAD,257,-378.2053918911169
17,IFAD,258,-363.1548291560142
17,IFAD,259,-372.3847457176185
17,IFAD,260,-390.84346467767773
17,IFAD,261,-381.48505527341655
17,IFAD,262,-372.92211216914717
17,IFAD,263,-371.60645210498495
17,IFAD,264,-372.1803870447748
17,IFAD,265,-379.6591315697432
17,IFAD,266,-376.25399433277397
17,IFAD,267,-382.63816981924873
17,IFAD,268,-380.32885574542934
17,IFAD,269,-377.5096914082795
17,IFAD,270,-379.64639429044564
17,IFAD,271,-378.2219725825117
17,IFAD,272,-368.5573173729934
17,IFAD,273,-365.58637655191797
17,IFAD,274,-370.72928269996527
17,IFAD,275,-382.4749365943071
17,IFAD,276,-362.29158510983905
17,IFAD,277,-372.0322908156513
17,IFAD,278,-378.9026870006474
17,IFAD,279,-374.72890466486854
17,IFAD,280,-375.11041006685775
17,IFAD,281,-377.63091631130516
17,IFAD,282,-376.488732275145
17,IFAD,283,-369.996345192403
17,IFAD,284,-375.7894206826406
17,IFAD,285,-382.0945262888762
17,IFAD,286,-365.4213322876715
17,IFAD,287,-369.1956255228902
17,IFAD,288,-386.6825166166957
17,IFAD,289,-373.38234260198135
17,IFAD,290,-384.14959367514354
17,IFAD,291,-372.7867924775761
17,IFAD,292,-378.3348531713358
17,IFAD,293,-382.7258503224813
17,IFAD,294,-381.8554730258798
17,IFAD,295,-380.16404354922565
17,IFAD,296,-382.53800844723423
17,IFAD,297,-379.545430808151
17,IFAD,298,-377.90118703463173
17,IFAD,299,-376.32260096422823
17,IFAD,300,-375.4180386179387
17,IFAD,301,-388.14619390562115
17,IFAD,302,-360.95138305043264
17,IFAD,303,-376.71166398471473
17,IFAD,304,-381.26092467508516
17,IFAD,305,-380.2778755964092
17,IFAD,306,-376.8031580143887
17,IFAD,307,-379.5784069320545
17,IFAD,308,-379.2681680686511
17,IFAD,309,-372.76224664858137
17,IFAD,310,-381.60723905552135
17,IFAD,311,-369.7678285471043
17,IFAD,312,-370.316676963496
17,IFAD,313,-367.9227077539686
17,IFAD,314,-375.7979972550144
17,IFAD,315,-374.98214853914914
17,IFAD,316,-382.6205575114119
17,IFAD,317,-385.10214657967117
17,IFAD,318,-365.3129154583683
17,IFAD,319,-368.62474621291005
17,IFAD,320,-376.47456015600955
17,IFAD,321,-386.14180992521426
17,IFAD,322,-377.9568422632224
17,IFAD,323,-383.88491740017326
17,IFAD,324,-369.25057833673947
17,IFAD,325,-372.8351417086839
17,IFAD,326,-382.48771507023423
17,IFAD,327,-367.74728955152904
17,IFAD,328,-377.4379195649339
17,IFAD,329,-383.29751067821627
17,IFAD,330,-386.1389251663804
17,IFAD,331,-385.023426765801
17,IFAD,332,-379.4325680845857
17,IFAD,333,-383.9182236792657
17,IFAD,334,-369.3647260124072
17,IFAD,335,-366.03321280822223
17,IFAD,336,-370.5593918889101
17,IFAD,337,-371.62580542199527
17,IFAD,338,-379.6501899169937
17,IFAD,339,-373.8846325893995
17,IFAD,340,-379.58567507119506
17,IFAD,341,-378.5059652811984
17,IFAD,342,-370.365389843539
17,IFAD,343,-386.48689468387204
17,IFAD,344,-372.8735301897423
17,IFAD,345,-375.59737463368054
17,IFAD,346,-385.25353741029653
17,IFAD,347,-371.2626666329673
17,IFAD,348,-377.3122876425089
17,IFAD,349,-369.7078838783809
17,IFAD,350,-376.1553366657632
17,IFAD,351,-369.6303371707534
17,IFAD,352,-374.0602775821274
17,IFAD,353,-364.6098615423815
17,IFAD,354,-363.3340825054177
17,IFAD,355,-371.8798720604327
17,IFAD,356,-388.1430101394684
17,IFAD,357,-386.41304433500176
17,IFAD,358,-378.8241053827281
17,IFAD,359,-364.7120363259918
17,IFAD,360,-386.9780154862295
17,IFAD,361,-371.54921982927306
17,IFAD,362,-368.24884692844836
17,IFAD,363,-383.64750349089735
17,IFAD,364,-371.41050899032456
17,IFAD,365,-380.2870707403191
17,IFAD,366,-370.6212469234154
17,IFAD,367,-370.87959797967807
17,IFAD,368,-375.85625072879975
17,IFAD,369,-374.4543815223141
17,IFAD,370,-382.9270100934459
17,IFAD,371,-374.75155972214
17,IFAD,372,-380.069614003742
17,IFAD,373,-374.4824667416399
17,IFAD,374,-372.84603604723856
17,IFAD,375,-386.21804043793566
17,IFAD,376,-374.1734790939941
17,IFAD,377,-368.10989408656354
17,IFAD,378,-367.65246942012953
17,IFAD,379,-373.67562282921045
17,IFAD,380,-376.11389967865495
17,IFAD,381,-374.5595265368379
17,IFAD,382,-374.9062017125026
17,IFAD,383,-364.4235883515676
17,IFAD,384,-379.40135705483675
17,IFAD,385,-374.1507686588903
17,IFAD,386,-373.04441414093634
17,IFAD,387,-387.79665526012315
17,IFAD,388,-376.44930093834273
17,IFAD,389,-382.8296564955557
17,IFAD,390,-384.48842098906806
17,IFAD,391,-372.6250573623595
17,IFAD,392,-379.33634906235284
17,IFAD,393,-382.257832178349
17,IFAD,394,-374.39725733167523
17,IFAD,395,-378.8996637239192
17,IFAD,396,-371.0735675121623
17,IFAD,397,-379.9858854145922
17,IFAD,398,-379.1324655881587
17,IFAD,399,-383.2889621460952
18,IF2,0,-383.52701206363673
18,IF2,1,-384.1163989971327
18,IF2,2,-389.0547254778368
18,IF2,3,-374.01077929154724
18,IF2,4,-377.5185845014948
18,IF2,5,-386.5158297324975
18,IF2,6,-384.6111744513498
18,IF2,7,-385.5416316189608
18,IF2,8,-392.79351871143956
18,IF2,9,-372.2130853007036
18,IF2,10,-376.6628275727812
18,IF2,11,-384.5246398615796
18,IF2,12,-375.85789520156675
18,IF2,13,-386.05498304174034
18,IF2,14,-386.3846694098995
18,IF2,15,-399.87967184829586
18,IF2,16,-403.5846770932239
18,IF2,17,-436.37894855532676
18,IF2,18,-403.2881404268897
18,IF2,19,-378.39938501656457
18,IF2,20,-379.94369373652836
18,IF2,21,-379.4299234684029
18,IF2,22,-388.8788112905667
18,IF2,23,-418.32708178245895
18,IF2,24,-378.94570186779634
18,IF2,25,-384.6461018706088
18,IF2,26,-381.29051456695663
18,IF2,27,-386.09806199045164
18,IF2,28,-398.8093317706031
18,IF2,29,-395.90218408027937
18,IF2,30,-390.10074530822357
18,IF2,31,-385.01137709820375
18,IF2,32,-411.2423852152332
18,IF2,33,-389.3160829684979
18,IF2,34,-410.98961105939543
18,IF2,35,-406.42378689167674
18,IF2,36,-399.5845121840883
18,IF2,37,-421.2440699655368
18,IF2,38,-418.26580189923465
18,IF2,39,-416.7769914217515
18,IF2,40,-406.5142232444146
18,IF2,41,-389.00876037941623
18,IF2,42,-388.3656535182591
18,IF2,43,-383.0751929333187
18,IF2,44,-383.5666149646779
18,IF2,45,-376.97062104136506
18,IF2,46,-367.39142566547804
18,IF2,47,-376.0942052095724
18,IF2,48,-371.3304652123698
18,IF2,49,-382.7428159510587
18,IF2,50,-384.98825147624746
18,IF2,51,-375.3068837684202
18,IF2,52,-385.3976723738783
18,IF2,53,-377.0687384079871
18,IF2,54,-370.5789393338809
18,IF2,55,-392.4156837373618
18,IF2,56,-379.4090858554272
18,IF2,57,-385.05155994433477
18,IF2,58,-396.25712359196496
18,IF2,59,-382.4383989289474
18,IF2,60,-383.3487200500513
18,IF2,61,-393.2730431333215
18,IF2,62,-393.67231038547277
18,IF2,63,-381.42785011488473
18,IF2,64,-398.93677263791756
18,IF2,65,-389.36323803332965
18,IF2,66,-382.1897180655986
18,IF2,67,-374.5735525263563
18,IF2,68,-371.1728340840964
18,IF2,69,-381.1521540079739
18,IF2,70,-390.2889219115622
18,IF2,71,-369.5509605610805
18,IF2,72,-369.56326838593094
18,IF2,73,-376.9396089229821
18,IF2,74,-376.73315279768315
18,IF2,75,-363.69394419346077
18,IF2,76,-360.8824774099817
18,IF2,77,-361.12418853507523
18,IF2,78,-378.7519377088108
18,IF2,79,-380.424071019487
18,IF2,80,-389.4593944066522
18,IF2,81,-379.5862961993618
18,IF2,82,-385.71673962602637
18,IF2,83,-367.9669372113264
18,IF2,84,-381.8416429584826
18,IF2,85,-378.3080677674613
18,IF2,86,-372.34075936136423
18,IF2,87,-374.65087964378205
18,IF2,88,-376.3963996116106
18,IF2,89,-375.5491796081855
18,IF2,90,-373.12459144968847
18,IF2,91,-379.86680183158154
18,IF2,92,-393.2330520170999
18,IF2,93,-377.06297573299776
18,IF2,94,-377.8940489194457
18,IF2,95,-381.9750426007548
18,IF2,96,-377.4021030236158
18,IF2,97,-383.51928879772106
18,IF2,98,-376.27756737284585
18,IF2,99,-378.4988315507353
18,IF2,100,-372.8773675356891
18,IF2,101,-376.11266005344174
18,IF2,102,-379.2650623400553
18,IF2,103,-371.97415306708757
18,IF2,104,-377.8026647783265
18,IF2,105,-383.14317559271825
18,IF2,106,-381.29213725272086
18,IF2,107,-381.70061318400303
18,IF2,108,-389.1627909240592
18,IF2,109,-386.56097279458726
18,IF2,110,-377.26037985426063
18,IF2,111,-385.9284959396528
18,IF2,112,-380.4391527307709
18,IF2,113,-382.2689418526498
18,IF2,114,-381.7737049961564
18,IF2,115,-381.1397000170518
18,IF2,116,-379.8994328866423
18,IF2,117,-377.16793603669197
18,IF2,118,-382.18612307995295
18,IF2,119,-383.369420280058
18,IF2,120,-376.4772474261343
18,IF2,121,-377.2262278255423
18,IF2,122,-379.7229720244114
18,IF2,123,-379.51581307745977
18,IF2,124,-376.9765997641893
18,IF2,125,-387.0797387723204
18,IF2,126,-383.7482185406446
18,IF2,127,-382.8442931612531
18,IF2,128,-386.8326176245324
18,IF2,129,-377.3246678565304
18,IF2,130,-388.3752592488838
18,IF2,131,-380.3124582046309
18,IF2,132,-375.33296151246117
18,IF2,133,-365.2552238114547
18,IF2,134,-375.60411453137226
18,IF2,135,-386.7661499160904
18,IF2,136,-386.45164628580136
18,IF2,137,-388.440972773919
18,IF2,138,-385.71084736914867
18,IF2,139,-388.0334362016538
18,IF2,140,-385.0895373144145
18,IF2,141,-390.6625635555859
18,IF2,142,-381.98543290664713
18,IF2,143,-396.3457592146022
18,IF2,144,-397.6217733039962
18,IF2,145,-397.27920866668353
18,IF2,146,-396.9843708553451
18,IF2,147,-380.512364889734
18,IF2,148,-385.5213643957992
18,IF2,149,-397.30381678153987
18,IF2,150,-389.7026770637963
18,IF2,151,-403.5874909346482
18,IF2,152,-407.9998815341552
18,IF2,153,-400.54770362485215
18,IF2,154,-381.65683519757226
18,IF2,155,-402.75912733883405
18,IF2,156,-398.27810973988716
18,IF2,157,-399.2868746700752
18,IF2,158,-393.1679913049578
18,IF2,159,-397.4799387506644
18,IF2,160,-400.7663049131001
18,IF2,161,-398.11097795061886
18,IF2,162,-403.5935696524881
18,IF2,163,-382.758916452277
18,IF2,164,-397.83803188738017
18,IF2,165,-379.43788685539334
18,IF2,166,-386.48045143579634
18,IF2,167,-383.5401289485249
18,IF2,168,-377.66503009754683
18,IF2,169,-396.7321497227855
18,IF2,170,-392.87468186854517
18,IF2,171,-391.19333414247365
18,IF2,172,-388.1831912316728
18,IF2,173,-386.8129754948239
18,IF2,174,-380.3577409882859
18,IF2,175,-385.5453792744636
18,IF2,176,-376.42033216214276
18,IF2,177,-378.8809872517903
18,IF2,178,-382.59926252899436
18,IF2,179,-391.1331238945126
18,IF2,180,-387.42392539431347
18,IF2,181,-380.6825780048877
18,IF2,182,-387.9680471331226
18,IF2,183,-383.6770175571461
18,IF2,184,-378.2162712320382
18,IF2,185,-373.4900763093971
18,IF2,186,-380.91454349149507
18,IF2,187,-390.89750117482885
18,IF2,188,-376.4658154222142
18,IF2,189,-381.24965083163613
18,IF2,190,-387.22157121980644
18,IF2,191,-370.81717729948804
18,IF2,192,-377.4773370601963
18,IF2,193,-378.84231179744995
18,IF2,194,-381.9118309427467
18,IF2,195,-383.23562948698424
18,IF2,196,-378.9180043736026
18,IF2,197,-370.26170359999225
18,IF2,198,-384.3301985097692
18,IF2,199,-384.7717543415675
18,IF2,200,-373.29541086872763
18,IF2,201,-385.39968484991795
18,IF2,202,-385.25864005556
18,IF2,203,-389.6023290589326
18,IF2,204,-374.6916379821938
18,IF2,205,-379.4807136740091
18,IF2,206,-393.53566826092504
18,IF2,207,-376.61456180984953
18,IF2,208,-379.18122850037474
18,IF2,209,-389.8930575159649
18,IF2,210,-388.5030941819996
18,IF2,211,-376.98990388684496
18,IF2,212,-386.44220777285796
18,IF2,213,-390.1557315543196
18,IF2,214,-385.0511586979865
18,IF2,215,-374.9491842973764
18,IF2,216,-376.65775543241466
18,IF2,217,-378.58891717910325
18,IF2,218,-376.6643314449256
18,IF2,219,-388.46661224072466
18,IF2,220,-370.4307066675943
18,IF2,221,-371.7036677506288
18,IF2,222,-393.85850465558775
18,IF2,223,-391.66672635317525
18,IF2,224,-377.9435805632975
18,IF2,225,-379.7396908504342
18,IF2,226,-374.9835147327802
18,IF2,227,-378.03046178178374
18,IF2,228,-377.39591308559733
18,IF2,229,-385.8163170121193
18,IF2,230,-373.7462449924443
18,IF2,231,-375.5373149953191
18,IF2,232,-383.1242849940795
18,IF2,233,-378.2936071161935
18,IF2,234,-375.50349875141177
18,IF2,235,-376.19091377648755
18,IF2,236,-390.6319074571176
18,IF2,237,-377.7411724008516
18,IF2,238,-373.8326365279521
18,IF2,239,-379.15569450039686
18,IF2,240,-378.9975580012035
18,IF2,241,-394.56808142292584
18,IF2,242,-381.91682026895165
18,IF2,243,-385.5444333225039
18,IF2,244,-372.00055371946956
18,IF2,245,-387.41436524368623
18,IF2,246,-380.3500428552829
18,IF2,247,-387.4642365563871
18,IF2,248,-389.4065414919423
18,IF2,249,-375.7316040102113
18,IF2,250,-372.6127169243609
18,IF2,251,-401.17515906508106
18,IF2,252,-378.615153228655
18,IF2,253,-384.1984056626666
18,IF2,254,-389.70455090065917
18,IF2,255,-378.1029642902893
18,IF2,256,-391.0421348664752
18,IF2,257,-385.23025484576146
18,IF2,258,-382.3200899613347
18,IF2,259,-389.93291529493376
18,IF2,260,-381.3991992803259
18,IF2,261,-373.4461122815349
18,IF2,262,-382.5372438348967
18,IF2,263,-385.2819872256872
18,IF2,264,-383.62287911691396
18,IF2,265,-379.74673016266047
18,IF2,266,-376.1938445709856
18,IF2,267,-384.7864706675311
18,IF2,268,-382.36587713979384
18,IF2,269,-384.7175213279689
18,IF2,270,-387.36096246645303
18,IF2,271,-384.5507789892316
18,IF2,272,-386.01905727041094
18,IF2,273,-378.55453371377723
18,IF2,274,-375.8939512748797
18,IF2,275,-376.2593232813907
18,IF2,276,-381.6859339136257
18,IF2,277,-379.5090004570374
18,IF2,278,-376.2085083074907
18,IF2,279,-385.1522453622497
18,IF2,280,-381.38154864089796
18,IF2,281,-391.7664107984567
18,IF2,282,-385.48100575691495
18,IF2,283,-379.03939153592944
18,IF2,284,-384.88589217582165
18,IF2,285,-386.13258672298014
18,IF2,286,-376.6462204420063
18,IF2,287,-373.17709901961706
18,IF2,288,-372.01205410362604
18,IF2,289,-374.42079136843955
18,IF2,290,-389.23447684268245
18,IF2,291,-387.85683421974767
18,IF2,292,-380.9358448491673
18,IF2,293,-391.2148996768732
18,IF2,294,-383.5788668188042
18,IF2,295,-389.1561256996142
18,IF2,296,-393.1281601192772
18,IF2,297,-373.63652802644776
18,IF2,298,-392.1381275935405
18,IF2,299,-382.6369641204982
18,IF2,300,-392.4459424588037
18,IF2,301,-376.00534594276183
18,IF2,302,-376.29418269817
18,IF2,303,-372.77583545614425
18,IF2,304,-371.122620649673
18,IF2,305,-384.7776025086094
18,IF2,306,-392.8946453140043
18,IF2,307,-390.51223959714224
18,IF2,308,-376.81583685564345
18,IF2,309,-380.7686939161296
18,IF2,310,-391.30984440396287
18,IF2,311,-380.22010060136506
18,IF2,312,-376.7233101691168
18,IF2,313,-377.5784863061604
18,IF2,314,-386.2221995193823
18,IF2,315,-372.2769441139906
18,IF2,316,-384.16135513068934
18,IF2,317,-370.0928606990865
18,IF2,318,-377.8276162087168
18,IF2,319,-381.66058789956986
18,IF2,320,-381.6282024136549
18,IF2,321,-384.5054607430017
18,IF2,322,-371.90381254124196
18,IF2,323,-379.54959330933
18,IF2,324,-387.6180923330765
18,IF2,325,-378.8516806769598
18,IF2,326,-380.77526279054536
18,IF2,327,-381.1977282897519
18,IF2,328,-379.31069264310344
18,IF2,329,-383.9386047375758
18,IF2,330,-377.9662025615212
18,IF2,331,-381.5466485959431
18,IF2,332,-388.0912439670384
18,IF2,333,-384.832638377206
18,IF2,334,-385.65327790179487
18,IF2,335,-382.69871567975457
18,IF2,336,-375.0534040274066
18,IF2,337,-372.50548778447836
18,IF2,338,-385.07154699735287
18,IF2,339,-384.4071915245957
18,IF2,340,-374.3178907817276
18,IF2,341,-378.28348539998996
18,IF2,342,-378.81347649525804
18,IF2,343,-378.2436874987486
18,IF2,344,-379.03334967253573
18,IF2,345,-378.4734210017443
18,IF2,346,-381.1245037456538
18,IF2,347,-375.9939028906322
18,IF2,348,-378.3863926280127
18,IF2,349,-380.10551607797595
18,IF2,350,-384.2329921973616
18,IF2,351,-369.86639364718144
18,IF2,352,-386.21711980473816
18,IF2,353,-385.20804525666654
18,IF2,354,-388.4630133623945
18,IF2,355,-386.912834312548
18,IF2,356,-374.83141483932224
18,IF2,357,-367.7520787463682
18,IF2,358,-378.03199876346173
18,IF2,359,-380.1148663166809
18,IF2,360,-385.01162017932285
18,IF2,361,-374.35099552930484
18,IF2,362,-375.0778018523678
18,IF2,363,-386.9587249735518
18,IF2,364,-385.19640755065717
18,IF2,365,-396.81121381267303
18,IF2,366,-377.9160272827396
18,IF2,367,-376.61706976056837
18,IF2,368,-385.3639065115391
18,IF2,369,-373.29957461387016
18,IF2,370,-383.51313215106615
18,IF2,371,-375.8718293993139
18,IF2,372,-382.1681419764252
18,IF2,373,-378.2102451982241
18,IF2,374,-378.17915267661743
18,IF2,375,-379.36353740949994
18,IF2,376,-382.3968257306385
18,IF2,377,-381.2055503574584
18,IF2,378,-396.8664518483681
18,IF2,379,-375.4445924182823
18,IF2,380,-371.1207527775877
18,IF2,381,-379.70706111702566
18,IF2,382,-377.8144175385651
18,IF2,383,-381.1687798305667
18,IF2,384,-393.0068157595475
18,IF2,385,-373.12399232041554
18,IF2,386,-387.61745519873784
18,IF2,387,-377.58105752601114
18,IF2,388,-369.279870422097
18,IF2,389,-384.7754199376111
18,IF2,390,-384.56307885221975
18,IF2,391,-397.54073403941686
18,IF2,392,-380.09663982194417
18,IF2,393,-383.4610018577331
18,IF2,394,-386.0111013796672
18,IF2,395,-374.9042399022406
18,IF2,396,-378.1835488674664
18,IF2,397,-372.58077918611787
18,IF2,398,-384.2498577230884
18,IF2,399,-382.20167773769873
18,IF2,400,-385.88650266579964
18,IF2,401,-386.2223833611573
18,IF2,402,-370.96600970338613
18,IF2,403,-390.0180427991651
18,IF2,404,-383.71166666303606
18,IF2,405,-368.352908142814
18,IF2,406,-383.73955497712234
18,IF2,407,-379.2996887456913
18,IF2,408,-375.75372337736354
18,IF2,409,-384.9364767574673
18,IF2,410,-385.2568585526352
18,IF2,411,-373.9103869069253
18,IF2,412,-376.8605033747975
18,IF2,413,-384.7670084460648
18,IF2,414,-373.985445166002
18,IF2,415,-374.15324160918203
18,IF2,416,-378.8534273799937
18,IF2,417,-375.77896000710774
18,IF2,418,-378.9095780378259
18,IF2,419,-370.1323795736687
18,IF2,420,-387.1288900070718
18,IF2,421,-376.3052161461874
18,IF2,422,-390.37005070848284
18,IF2,423,-364.61070272337
18,IF2,424,-371.16143713624643
18,IF2,425,-384.0883771509091
18,IF2,426,-377.4874759969691
18,IF2,427,-381.0507349722137
18,IF2,428,-388.13448027066534
18,IF2,429,-382.10441423360646
18,IF2,430,-371.98203871543717
18,IF2,431,-385.25702670206283
18,IF2,432,-374.4813109574611
18,IF2,433,-378.4326052462812
18,IF2,434,-386.8246830256222
18,IF2,435,-384.92725088111723
18,IF2,436,-372.2828710061149
18,IF2,437,-391.3459944610541
18,IF2,438,-378.9484304293285
18,IF2,439,-374.19059729673717
18,IF2,440,-381.4327006336308
18,IF2,441,-388.04447516058326
18,IF2,442,-397.0567340565107
18,IF2,443,-382.5196810329408
18,IF2,444,-386.5269735891597
18,IF2,445,-377.41664798779794
18,IF2,446,-379.1773674881167
18,IF2,447,-387.0642103749056
18,IF2,448,-384.6252431163504
18,IF2,449,-375.6099573573007
18,IF2,450,-383.9167938402781
18,IF2,451,-382.9357752764058
18,IF2,452,-375.516730446335
18,IF2,453,-393.2411416368254
18,IF2,454,-381.6300840715074
18,IF2,455,-381.04153583318123
18,IF2,456,-387.6955311149839
18,IF2,457,-379.13143582832026
18,IF2,458,-370.8686538951765
18,IF2,459,-388.4475155143332
18,IF2,460,-392.1697181834762
18,IF2,461,-389.86125565987
18,IF2,462,-380.3483000464871
18,IF2,463,-386.01366895619
18,IF2,464,-376.80921020110173
18,IF2,465,-385.8227675299992
18,IF2,466,-374.86753466405435
18,IF2,467,-370.6744713507817
18,IF2,468,-380.93160945080496
18,IF2,469,-391.17589908424776
18,IF2,470,-368.3912981570975
18,IF2,471,-383.83611819393076
18,IF2,472,-389.6434138463354
18,IF2,473,-391.01965128329937
18,IF2,474,-372.83080208960416
18,IF2,475,-393.69197451614986
18,IF2,476,-377.8496680887776
18,IF2,477,-379.25471457564464
18,IF2,478,-391.9469206289589
18,IF2,479,-376.0970701144855
18,IF2,480,-380.9854077744956
18,IF2,481,-385.2348510703295
18,IF2,482,-378.6299104367239
18,IF2,483,-393.46870722061124
18,IF2,484,-378.4291200894115
18,IF2,485,-376.79569569103637
18,IF2,486,-374.2611245598701
18,IF2,487,-372.4906526138614
18,IF2,488,-367.8596257797847
18,IF2,489,-388.0550124316078
18,IF2,490,-372.6702738969924
18,IF2,491,-380.9903655677176
18,IF2,492,-385.0831506599537
18,IF2,493,-390.46507562508276
18,IF2,494,-374.2074275573556
18,IF2,495,-372.0165012373929
18,IF2,496,-381.7448430852861
18,IF2,497,-386.1872668672749
18,IF2,498,-374.7202531496843
18,IF2,499,-387.7005617588101
18,IF2,500,-374.47801307915114
18,IF2,501,-371.6479444428604
18,IF2,502,-376.5531121147707
18,IF2,503,-382.7237637112718
18,IF2,504,-379.36601629668576
18,IF2,505,-379.67534303936947
18,IF2,506,-373.2969404977602
18,IF2,507,-374.80475137918484
18,IF2,508,-376.25990284868647
18,IF2,509,-375.30110258697147
18,IF2,510,-375.4496180363182
18,IF2,511,-390.3849586192435
18,IF2,512,-389.4875723369016
18,IF2,513,-379.90716647513915
18,IF2,514,-377.51651237454166
18,IF2,515,-383.21544034074964
18,IF2,516,-380.5214312547158
18,IF2,517,-385.7265116791681
18,IF2,518,-377.26753270888486
18,IF2,519,-384.30992304698685
18,IF2,520,-373.70569231160226
18,IF2,521,-375.5341247459925
18,IF2,522,-380.0305423633014
18,IF2,523,-386.702393045725
18,IF2,524,-378.8088720760188
18,IF2,525,-390.77273671509425
18,IF2,526,-385.17484776774216
18,IF2,527,-378.1851915515119
18,IF2,528,-390.61009590651065
18,IF2,529,-384.90301931322097
18,IF2,530,-385.712024201907
18,IF2,531,-381.8729755107532
18,IF2,532,-386.1014938661081
18,IF2,533,-371.98622676850925
18,IF2,534,-385.469525432334
18,IF2,535,-377.7366693260456
18,IF2,536,-375.4657763086954
18,IF2,537,-383.1281172166651
18,IF2,538,-373.1295519524867
18,IF2,539,-379.0320903718599
18,IF2,540,-380.6699608352018
18,IF2,541,-373.94578913510964
18,IF2,542,-389.2767729448656
18,IF2,543,-372.99803209783533
18,IF2,544,-382.4926797645627
18,IF2,545,-380.21246936202004
18,IF2,546,-383.5864030305003
18,IF2,547,-374.0597031390717
18,IF2,548,-371.0631799989371
18,IF2,549,-370.6029668893168
18,IF2,550,-377.3521111850952
18,IF2,551,-381.5005731622843
18,IF2,552,-394.2095776537866
18,IF2,553,-381.54869579240415
18,IF2,554,-388.2721151092403
18,IF2,555,-382.82343266357464
18,IF2,556,-383.60829664498385
18,IF2,557,-384.15719073221726
18,IF2,558,-381.44848906552545
18,IF2,559,-382.21989224196903
18,IF2,560,-383.0340464091394
18,IF2,561,-385.92322820085855
18,IF2,562,-382.41519307102647
18,IF2,563,-377.8193570994542
18,IF2,564,-379.63237220086035
18,IF2,565,-381.0558192912616
18,IF2,566,-382.41334995334824
18,IF2,567,-376.79626427084975
18,IF2,568,-381.7881257344392
18,IF2,569,-383.71976219003983
18,IF2,570,-376.3982434311772
18,IF2,571,-386.5402698475502
18,IF2,572,-382.71746543979486
18,IF2,573,-384.15389154080214
18,IF2,574,-377.50209173053287
18,IF2,575,-375.9297636738515
18,IF2,576,-381.18159895551804
18,IF2,577,-393.84940509083356
18,IF2,578,-385.0209370068673
18,IF2,579,-374.72815016663384
18,IF2,580,-385.1199982127892
18,IF2,581,-380.1455282938012
18,IF2,582,-379.7331690938861
18,IF2,583,-373.7353780037802
18,IF2,584,-378.14340762812554
18,IF2,585,-373.51190291594645
18,IF2,586,-376.5384319386521
18,IF2,587,-386.96551235054557
18,IF2,588,-375.84484334529
18,IF2,589,-372.8421224881383
18,IF2,590,-377.4771476946723
18,IF2,591,-383.3267241165967
18,IF2,592,-385.29238306667935
18,IF2,593,-398.14621935711074
18,IF2,594,-382.6913101980987
18,IF2,595,-379.3523267237254
18,IF2,596,-392.73178824206786
18,IF2,597,-385.40313347003996
18,IF2,598,-386.41354856961436
18,IF2,599,-381.1743889439513
18,IFAD,0,-377.0594452213658
18,IFAD,1,-382.6190999425424
18,IFAD,2,-389.85169922730614
18,IFAD,3,-380.5729841231916
18,IFAD,4,-387.5419353633104
18,IFAD,5,-388.1001897402534
18,IFAD,6,-429.01444282991173
18,IFAD,7,-382.98005144324225
18,IFAD,8,-380.8623244341782
18,IFAD,9,-391.65322833055683
18,IFAD,10,-389.574033740938
18,IFAD,11,-380.540712843062
18,IFAD,12,-388.715986245896
18,IFAD,13,-387.77412259588306
18,IFAD,14,-412.58746229326505
18,IFAD,15,-396.9184538242104
18,IFAD,16,-377.2109355925687
18,IFAD,17,-376.1026719632792
18,IFAD,18,-377.957527386049
18,IFAD,19,-389.3383760690037
18,IFAD,20,-419.2831615359651
18,IFAD,21,-414.0140904725066
18,IFAD,22,-399.10151445848936
18,IFAD,23,-389.2546172036674
18,IFAD,24,-366.4749497309865
18,IFAD,25,-393.81887403176216
18,IFAD,26,-396.6926508077012
18,IFAD,27,-396.761070295326
18,IFAD,28,-391.4767499663493
18,IFAD,29,-390.6902417927654
18,IFAD,30,-394.85442764218203
18,IFAD,31,-389.10458384861727
18,IFAD,32,-429.022899155547
18,IFAD,33,-391.1976357647322
18,IFAD,34,-386.32989678280865
18,IFAD,35,-386.5234781695074
18,IFAD,36,-381.1968568419074
18,IFAD,37,-389.4364932851727
18,IFAD,38,-383.379807290743
18,IFAD,39,-389.55883053519335
18,IFAD,40,-400.51512287717657
18,IFAD,41,-390.59973199099454
18,IFAD,42,-383.0972251407371
18,IFAD,43,-398.00753770325053
18,IFAD,44,-395.0688453206154
18,IFAD,45,-413.8236993705653
18,IFAD,46,-414.6107890874838
18,IFAD,47,-417.94236219066994
18,IFAD,48,-419.8122651036122
18,IFAD,49,-405.5582690030996
18,IFAD,50,-400.1506760701092
18,IFAD,51,-410.9677725191428
18,IFAD,52,-386.82927639855274
18,IFAD,53,-408.96598405487475
18,IFAD,54,-409.0865489616719
18,IFAD,55,-402.14266650114564
18,IFAD,56,-382.75465821071043
18,IFAD,57,-393.6238620048371
18,IFAD,58,-405.3899842949583
18,IFAD,59,-401.9428960257666
18,IFAD,60,-419.268889768959
18,IFAD,61,-416.62295752770285
18,IFAD,62,-430.80716247178157
18,IFAD,63,-411.28074805099936
18,IFAD,64,-418.2418631694249
18,IFAD,65,-420.4458357773955
18,IFAD,66,-417.68222190915907
18,IFAD,67,-427.6473787401487
18,IFAD,68,-410.8558178526486
18,IFAD,69,-392.0311105830266
18,IFAD,70,-418.33349759306054
18,IFAD,71,-418.47841984092844
18,IFAD,72,-413.2344820584984
18,IFAD,73,-404.503656016475
18,IFAD,74,-409.8608610544081
18,IFAD,75,-400.1975220534913
18,IFAD,76,-388.0748038675503
18,IFAD,77,-379.97055394822286
18,IFAD,78,-364.14210116886346
18,IFAD,79,-388.27146819791716
18,IFAD,80,-383.66929536864933
18,IFAD,81,-376.81434030919354
18,IFAD,82,-389.2288909583656
18,IFAD,83,-386.014526466144
18,IFAD,84,-388.17074942160923
18,IFAD,85,-395.85616175282405
18,IFAD,86,-390.85954592240785
18,IFAD,87,-404.7250362302157
18,IFAD,88,-401.25225883983205
18,IFAD,89,-392.695595109106
18,IFAD,90,-398.2261792940795
18,IFAD,91,-402.27282320862435
18,IFAD,92,-378.72538752577435
18,IFAD,93,-391.6177263369665
18,IFAD,94,-399.6328270918067
18,IFAD,95,-380.6397282486172
18,IFAD,96,-401.07410039073665
18,IFAD,97,-390.2107997765035
18,IFAD,98,-385.1735907096459
18,IFAD,99,-387.244018115972
18,IFAD,100,-396.10308143879513
18,IFAD,101,-383.2509350250925
18,IFAD,102,-379.28683493653955
18,IFAD,103,-380.11968468621365
18,IFAD,104,-386.38512908917306
18,IFAD,105,-387.1697601451188
18,IFAD,106,-377.73236510746455
18,IFAD,107,-384.8402688445083
18,IFAD,108,-377.1851553556996
18,IFAD,109,-393.6260628509295
18,IFAD,110,-376.89206612408196
18,IFAD,111,-374.17469680248973
18,IFAD,112,-380.429706684121
18,IFAD,113,-367.23209923423013
18,IFAD,114,-370.56244875816986
18,IFAD,115,-386.22362164422833
18,IFAD,116,-379.20126293536026
18,IFAD,117,-381.67799963935835
18,IFAD,118,-386.08146863991755
18,IFAD,119,-373.19020559976934
18,IFAD,120,-382.4345586931303
18,IFAD,121,-381.3554416021699
18,IFAD,122,-379.44549120212093
18,IFAD,123,-378.64486279756966
18,IFAD,124,-380.00222874674273
18,IFAD,125,-369.927659883822
18,IFAD,126,-377.75781767935433
18,IFAD,127,-380.7971823251768
18,IFAD,128,-371.8061654490077
18,IFAD,129,-377.18868835471153
18,IFAD,130,-380.21595032406253
18,IFAD,131,-374.1710629175685
18,IFAD,132,-367.02339068885067
18,IFAD,133,-383.36613570982627
18,IFAD,134,-386.85883788388674
18,IFAD,135,-371.14718365620666
18,IFAD,136,-374.5533108042984
18,IFAD,137,-372.04584836839234
18,IFAD,138,-367.8812163645052
18,IFAD,139,-373.90652449330895
18,IFAD,140,-382.8549817522548
18,IFAD,141,-375.460692933664
18,IFAD,142,-387.7434499779485
18,IFAD,143,-387.2302956756386
18,IFAD,144,-373.7148879587167
18,IFAD,145,-381.25091026424684
18,IFAD,146,-378.45458665177574
18,IFAD,147,-372.72321212386987
18,IFAD,148,-365.6183538275116
18,IFAD,149,-374.3916299355305
18,IFAD,150,-376.0211377079584
18,IFAD,151,-386.55138118447894
18,IFAD,152,-387.3918674227686
18,IFAD,153,-376.36637581920405
18,IFAD,154,-375.44289174992184
18,IFAD,155,-380.12924545754896
18,IFAD,156,-370.44400717413333
18,IFAD,157,-366.9938014684272
18,IFAD,158,-382.6477254074581
18,IFAD,159,-363.8271522787412
18,IFAD,160,-367.12693020807944
18,IFAD,161,-386.5278151402616
18,IFAD,162,-364.83689808862886
18,IFAD,163,-371.3129233594203
18,IFAD,164,-371.3134867594892
18,IFAD,165,-371.6948816572177
18,IFAD,166,-374.6620213655297
18,IFAD,167,-374.4079853628858
18,IFAD,168,-371.41163151644207
18,IFAD,169,-381.41545760079833
18,IFAD,170,-379.8847084326977
18,IFAD,171,-376.3251981786395
18,IFAD,172,-382.2611026123942
18,IFAD,173,-379.99675011903264
18,IFAD,174,-381.2963632675557
18,IFAD,175,-372.1590464101887
18,IFAD,176,-374.21929873106797
18,IFAD,177,-375.0079211414874
18,IFAD,178,-369.95941593753776
18,IFAD,179,-370.21691017860275
18,IFAD,180,-377.1772716328894
18,IFAD,181,-372.75380453265274
18,IFAD,182,-377.2414569789328
18,IFAD,183,-387.11691084029593
18,IFAD,184,-378.31084696163236
18,IFAD,185,-376.3448937713142
18,IFAD,186,-373.6525626036818
18,IFAD,187,-373.940322554165
18,IFAD,188,-389.17906001644025
18,IFAD,189,-377.5500918026349
18,IFAD,190,-369.6426716314884
18,IFAD,191,-375.690207606106
18,IFAD,192,-380.1137229041816
18,IFAD,193,-371.2845537957749
18,IFAD,194,-384.6497202119381
18,IFAD,195,-372.8479424074874
18,IFAD,196,-381.24242673966046
18,IFAD,197,-383.7823654640835
18,IFAD,198,-375.2633250739796
18,IFAD,199,-382.2097847089732
18,IFAD,200,-382.522949744389
18,IFAD,201,-378.7109754871345
18,IFAD,202,-380.27210536486484
18,IFAD,203,-371.30523378826297
18,IFAD,204,-375.11488979434614
18,IFAD,205,-363.7737786345496
18,IFAD,206,-378.01719327613483
18,IFAD,207,-359.6706780539006
18,IFAD,208,-373.09071821656266
18,IFAD,209,-371.36897847094576
18,IFAD,210,-382.66981850775846
18,IFAD,211,-376.43849121900377
18,IFAD,212,-373.0321702622752
18,IFAD,213,-391.12152010648373
18,IFAD,214,-381.94627123571615
18,IFAD,215,-379.2277816833669
18,IFAD,216,-377.0136978850069
18,IFAD,217,-387.73334904204705
18,IFAD,218,-374.56953767930054
18,IFAD,219,-369.2023418271236
18,IFAD,220,-381.34116994636696
18,IFAD,221,-380.0077186830938
18,IFAD,222,-390.1192698260607
18,IFAD,223,-378.98721128377167
18,IFAD,224,-365.372417945206
18,IFAD,225,-393.6539166235095
18,IFAD,226,-377.7001662241774
18,IFAD,227,-392.06570187462364
18,IFAD,228,-378.5327950718301
18,IFAD,229,-381.7452626120752
18,IFAD,230,-378.14434453897377
18,IFAD,231,-382.6051732830688
18,IFAD,232,-373.51928421923196
18,IFAD,233,-370.84169821894005
18,IFAD,234,-374.76629976159967
18,IFAD,235,-378.59503564087095
18,IFAD,236,-388.72474671030676
18,IFAD,237,-371.2068580340128
18,IFAD,238,-373.24212121439996
18,IFAD,239,-370.74628289967814
18,IFAD,240,-375.92005654144435
18,IFAD,241,-370.3821160072512
18,IFAD,242,-377.6237297122615
18,IFAD,243,-377.0369190491125
18,IFAD,244,-379.96923593691366
18,IFAD,245,-369.0121486622982
18,IFAD,246,-394.0781671960579
18,IFAD,247,-371.5464393445181
18,IFAD,248,-365.4383009717416
18,IFAD,249,-377.07243006053716
18,IFAD,250,-378.9875718077136
18,IFAD,251,-385.00669998594293
18,IFAD,252,-373.92851641712616
18,IFAD,253,-374.7672903864025
18,IFAD,254,-388.63149699470256
18,IFAD,255,-381.3479654808814
18,IFAD,256,-370.93749987279057
18,IFAD,257,-377.26417721393767
18,IFAD,258,-371.7178147745651
18,IFAD,259,-391.37136169160175
18,IFAD,260,-378.1930861898896
18,IFAD,261,-378.33149612393356
18,IFAD,262,-381.98186109297484
18,IFAD,263,-376.60069390597045
18,IFAD,264,-377.35125759339354
18,IFAD,265,-377.5248537025911
18,IFAD,266,-370.05418589496435
18,IFAD,267,-384.7181866183289
18,IFAD,268,-368.8251507791231
18,IFAD,269,-370.2297133808075
18,IFAD,270,-370.35550509802215
18,IFAD,271,-368.5486855178228
18,IFAD,272,-368.79855517938046
18,IFAD,273,-379.8818545180123
18,IFAD,274,-378.0301202403211
18,IFAD,275,-379.4598347513415
18,IFAD,276,-373.4816931871168
18,IFAD,277,-357.9946588076025
18,IFAD,278,-378.4918628895644
18,IFAD,279,-368.0521631187387
18,IFAD,280,-371.8643708569158
18,IFAD,281,-380.8677262702889
18,IFAD,282,-374.2046699452799
18,IFAD,283,-373.97954003027695
18,IFAD,284,-372.5155671038079
18,IFAD,285,-368.95413324341376
18,IFAD,286,-376.0324504788777
18,IFAD,287,-371.944778859792
18,IFAD,288,-380.1281976624737
18,IFAD,289,-383.72690121932516
18,IFAD,290,-368.01677365006947
18,IFAD,291,-366.78395283115157
18,IFAD,292,-370.9306224357398
18,IFAD,293,-375.74680188020386
18,IFAD,294,-382.2555681023856
18,IFAD,295,-379.44150113970835
18,IFAD,296,-377.0207233750616
18,IFAD,297,-378.7364449718028
18,IFAD,298,-365.14382798425567
18,IFAD,299,-378.7247801982845
18,IFAD,300,-366.3975996051949
18,IFAD,301,-378.06748375208406
18,IFAD,302,-378.2535947244469
18,IFAD,303,-370.1065252219835
18,IFAD,304,-373.86463219883206
18,IFAD,305,-379.51910450848897
18,IFAD,306,-364.6769903924023
18,IFAD,307,-377.1261758227524
18,IFAD,308,-374.3578685331452
18,IFAD,309,-374.8003839225065
18,IFAD,310,-370.28263483683713
18,IFAD,311,-377.06057587808584
18,IFAD,312,-387.2199200856263
18,IFAD,313,-381.6897509413734
18,IFAD,314,-375.1604574310328
18,IFAD,315,-367.36258573429666
18,IFAD,316,-377.6572322172796
18,IFAD,317,-386.0690657399625
18,IFAD,318,-374.9518037200715
18,IFAD,319,-387.0295158184714
18,IFAD,320,-373.6828538459566
18,IFAD,321,-370.39722598668607
18,IFAD,322,-371.77342699108794
18,IFAD,323,-372.94039426863185
18,IFAD,324,-374.89223518110003
18,IFAD,325,-374.4616875519023
18,IFAD,326,-379.2099224075242
18,IFAD,327,-369.0704564013932
18,IFAD,328,-377.0097623070306
18,IFAD,329,-398.94484002848236
18,IFAD,330,-384.3486951683955
18,IFAD,331,-374.32045583513
18,IFAD,332,-385.2114336216019
18,IFAD,333,-381.5686593938081
18,IFAD,334,-367.33315593985833
18,IFAD,335,-372.9354536505284
18,IFAD,336,-369.5192612271434
18,IFAD,337,-386.8809307490134
18,IFAD,338,-368.71053712698716
18,IFAD,339,-379.9138701510759
18,IFAD,340,-380.15553402995425
18,IFAD,341,-358.33662838033024
18,IFAD,342,-384.24298629743464
18,IFAD,343,-379.21135137636077
18,IFAD,344,-393.343672548467
18,IFAD,345,-372.68841130809113
18,IFAD,346,-376.85074721937417
18,IFAD,347,-375.64942106885087
18,IFAD,348,-377.80543597125484
18,IFAD,349,-373.15497962935734
18,IFAD,350,-374.92991889639114
18,IFAD,351,-383.28698450191166
18,IFAD,352,-373.13218595354925
18,IFAD,353,-378.74215756197344
18,IFAD,354,-376.2240885554249
18,IFAD,355,-371.7708460395637
18,IFAD,356,-367.332102376151
18,IFAD,357,-368.388713960325
18,IFAD,358,-383.9337658731323
18,IFAD,359,-373.1312714647069
18,IFAD,360,-383.60661327138286
18,IFAD,361,-386.09645057408494
18,IFAD,362,-377.188057930043
18,IFAD,363,-376.8685183931936
18,IFAD,364,-383.60267475470545
18,IFAD,365,-377.1260931951498
18,IFAD,366,-372.41597601365385
18,IFAD,367,-383.29356709086886
18,IFAD,368,-374.1860809491645
18,IFAD,369,-383.52256441076764
18,IFAD,370,-379.00423820043926
18,IFAD,371,-375.69301122015776
18,IFAD,372,-376.5008345081601
18,IFAD,373,-380.36994998227755
18,IFAD,374,-380.8946740878623
18,IFAD,375,-391.364219297314
18,IFAD,376,-368.5394941849833
18,IFAD,377,-370.69719555451314
18,IFAD,378,-364.94803420512244
18,IFAD,379,-367.45463299465575
18,IFAD,380,-372.34431907780856
18,IFAD,381,-382.1861491641717
18,IFAD,382,-377.9860876348469
18,IFAD,383,-390.49554279940475
18,IFAD,384,-377.8020969781506
18,IFAD,385,-374.3185309992838
18,IFAD,386,-383.9922285910472
18,IFAD,387,-360.03830548223675
18,IFAD,388,-370.59828416267084
18,IFAD,389,-377.58946856494885
18,IFAD,390,-372.0312887405902
18,IFAD,391,-364.00015065426396
18,IFAD,392,-376.76925661606236
18,IFAD,393,-379.48847944827384
18,IFAD,394,-373.5054683159104
18,IFAD,395,-379.5502240645128
18,IFAD,396,-372.355964426485
18,IFAD,397,-374.35013955479235
18,IFAD,398,-375.3447432396889
18,IFAD,399,-384.306008130439
19,IF2,0,-372.7048763558011
19,IF2,1,-378.09007958884024
19,IF2,2,-381.0671737228429
19,IF2,3,-374.07916386221046
19,IF2,4,-382.1394386361324
19,IF2,5,-371.7310175867211
19,IF2,6,-386.6397376123782
19,IF2,7,-380.8260705902116
19,IF2,8,-381.9547061497707
19,IF2,9,-379.98688396904925
19,IF2,10,-395.2552675581943
19,IF2,11,-384.78712190742044
19,IF2,12,-395.89517630114
19,IF2,13,-408.08845382301655
19,IF2,14,-396.5532984727125
19,IF2,15,-393.3924683145164
19,IF2,16,-402.65393593060475
19,IF2,17,-389.864352131161
19,IF2,18,-382.45530836834143
19,IF2,19,-375.2307059327801
19,IF2,20,-386.8548215891511
19,IF2,21,-373.8890833211313
19,IF2,22,-386.1075108300995
19,IF2,23,-375.7131174463623
19,IF2,24,-384.7422399460482
19,IF2,25,-377.892779100537
19,IF2,26,-378.63074497469836
19,IF2,27,-380.7272118643367
19,IF2,28,-380.4198860766642
19,IF2,29,-403.32692429080987
19,IF2,30,-393.3067518739687
19,IF2,31,-379.9899326184788
19,IF2,32,-378.441070159308
19,IF2,33,-389.2234688727312
19,IF2,34,-392.86347930252924
19,IF2,35,-386.3974475938581
19,IF2,36,-380.56790399884335
19,IF2,37,-395.2095950508325
19,IF2,38,-388.39364711563985
19,IF2,39,-386.12806359941527
19,IF2,40,-396.29891811273905
19,IF2,41,-386.30834081336735
19,IF2,42,-414.3670778309601
19,IF2,43,-401.154463725977
19,IF2,44,-384.0898063309708
19,IF2,45,-392.92791451502546
19,IF2,46,-375.546079744139
19,IF2,47,-374.74475855005517
19,IF2,48,-380.88923958597275
19,IF2,49,-378.49344886882096
19,IF2,50,-387.39885314611456
19,IF2,51,-369.27630357271914
19,IF2,52,-382.6019031496804
19,IF2,53,-378.662562107421
19,IF2,54,-378.87714309225083
19,IF2,55,-371.1520656031284
19,IF2,56,-391.53811860567583
19,IF2,57,-387.0638203542382
19,IF2,58,-377.45127848991365
19,IF2,59,-382.1080763878253
19,IF2,60,-366.3317186858431
19,IF2,61,-383.437468834362
19,IF2,62,-379.55174165981606
19,IF2,63,-372.0869348236375
19,IF2,64,-384.7139464640175
19,IF2,65,-381.51974049015286
19,IF2,66,-380.71257987283286
19,IF2,67,-380.11490287142334
19,IF2,68,-385.9793419756836
19,IF2,69,-387.45328138845923
19,IF2,70,-373.0939411117529
19,IF2,71,-373.3557765237264
19,IF2,72,-387.989768172978
19,IF2,73,-380.0601103798884
19,IF2,74,-386.2710300726054
19,IF2,75,-386.0228549044346
19,IF2,76,-386.29531829165256
19,IF2,77,-410.3971400643237
19,IF2,78,-389.1307160794037
19,IF2,79,-379.56102119262147
19,IF2,80,-377.42156970092003
19,IF2,81,-376.20752984356324
19,IF2,82,-383.3293303410095
19,IF2,83,-371.6166602617511
19,IF2,84,-378.3546741994041
19,IF2,85,-373.57409861527566
19,IF2,86,-376.7928915430296
19,IF2,87,-396.4529526085621
19,IF2,88,-385.6199908209256
19,IF2,89,-396.12236465741097
19,IF2,90,-410.135454212223
19,IF2,91,-393.2723904699735
19,IF2,92,-393.0532554062586
19,IF2,93,-385.83870245974174
19,IF2,94,-385.2129610720578
19,IF2,95,-392.03546835656914
19,IF2,96,-388.64058046945524
19,IF2,97,-395.56828322787095
19,IF2,98,-391.98035112778854
19,IF2,99,-397.1613322869195
19,IF2,100,-405.17208147971616
19,IF2,101,-390.7405001043778
19,IF2,102,-384.5353955601691
19,IF2,103,-403.0038345476381
19,IF2,104,-398.3319931144147
19,IF2,105,-398.6045304272676
19,IF2,106,-392.24114081944344
19,IF2,107,-409.3587258155936
19,IF2,108,-421.1967325415426
19,IF2,109,-413.34502270346616
19,IF2,110,-388.045826587938
19,IF2,111,-385.12413391749993
19,IF2,112,-401.2859439471517
19,IF2,113,-409.5885724818283
19,IF2,114,-397.92559667448836
19,IF2,115,-420.0060114025745
19,IF2,116,-413.1125150269451
19,IF2,117,-420.7523190762738
19,IF2,118,-416.5896474093772
19,IF2,119,-415.38560806955263
19,IF2,120,-408.9931910675272
19,IF2,121,-417.9954912555263
19,IF2,122,-412.44018695971124
19,IF2,123,-425.70525839557524
19,IF2,124,-407.2021937597536
19,IF2,125,-419.15914108821113
19,IF2,126,-414.42943577810894
19,IF2,127,-418.2677597413021
19,IF2,128,-394.2519288476808
19,IF2,129,-386.79789573620747
19,IF2,130,-404.62497570078375
19,IF2,131,-408.80333773663017
19,IF2,132,-439.7602696970287
19,IF2,133,-425.3110086892617
19,IF2,134,-422.53302716025905
19,IF2,135,-422.58123792298966
19,IF2,136,-416.9266081253131
19,IF2,137,-402.69977592859493
19,IF2,138,-411.41878023683836
19,IF2,139,-423.4034893347079
19,IF2,140,-406.7865362390973
19,IF2,141,-398.78729443255145
19,IF2,142,-393.8293150249665
19,IF2,143,-394.56238000383047
19,IF2,144,-410.6280579089822
19,IF2,145,-395.8348264136209
19,IF2,146,-401.92210776300504
19,IF2,147,-410.81322782792375
19,IF2,148,-415.4363897151838
19,IF2,149,-419.04631271302026
19,IF2,150,-424.71214792829295
19,IF2,151,-400.43358355369116
19,IF2,152,-413.5376763163875
19,IF2,153,-406.77181398886455
19,IF2,154,-412.3461820239983
19,IF2,155,-407.78550734977256
19,IF2,156,-424.82953651688274
19,IF2,157,-400.5134085442272
19,IF2,158,-432.92400421115894
19,IF2,159,-404.4078549091968
19,IF2,160,-417.2679404960148
19,IF2,161,-412.6350593172648
19,IF2,162,-408.69463394680855
19,IF2,163,-421.4924178275184
19,IF2,164,-418.65583312149283
19,IF2,165,-422.5791079097598
19,IF2,166,-428.795344952754
19,IF2,167,-417.6021906025773
19,IF2,168,-431.1771108217103
19,IF2,169,-426.8780678412382
19,IF2,170,-435.6957960436866
19,IF2,171,-424.91013325403975
19,IF2,172,-410.683477700758
19,IF2,173,-409.0491508773457
19,IF2,174,-406.28338392771855
19,IF2,175,-414.4084718015093
19,IF2,176,-405.69330812839814
19,IF2,177,-415.8179285252085
19,IF2,178,-409.4231575111361
19,IF2,179,-412.46833689467593
19,IF2,180,-412.47400207143613
19,IF2,181,-417.45845315598444
19,IF2,182,-427.3476229639121
19,IF2,183,-407.7866656504253
19,IF2,184,-414.4905202541986
19,IF2,185,-420.8571884818722
19,IF2,186,-419.1785046273907
19,IF2,187,-406.48080941439133
19,IF2,188,-402.6538080940995
19,IF2,189,-415.3097767972318
19,IF2,190,-410.3843977578484
19,IF2,191,-399.4863919600569
19,IF2,192,-396.06451939145114
19,IF2,193,-411.5933498707271
19,IF2,194,-415.1992256274247
19,IF2,195,-395.31433692482096
19,IF2,196,-402.52677520252536
19,IF2,197,-398.1377846860073
19,IF2,198,-399.0057097584507
19,IF2,199,-402.8409944392696
19,IF2,200,-396.10148710186286
19,IF2,201,-399.67337758614855
19,IF2,202,-403.0332880278722
19,IF2,203,-405.85261268348717
19,IF2,204,-398.0802138298393
19,IF2,205,-388.50010528121976
19,IF2,206,-391.3180148402076
19,IF2,207,-395.67865645134253
19,IF2,208,-401.0029849079273
19,IF2,209,-389.4341184595381
19,IF2,210,-399.1488739123602
19,IF2,211,-406.1278659731216
19,IF2,212,-394.4947535453472
19,IF2,213,-412.1551172602436
19,IF2,214,-399.63007470785067
19,IF2,215,-386.0198881896156
19,IF2,216,-396.958672265832
19,IF2,217,-394.8259539345917
19,IF2,218,-385.0364264201627
19,IF2,219,-411.3595698717037
19,IF2,220,-401.04649045837675
19,IF2,221,-392.00680683169537
19,IF2,222,-397.4209838846706
19,IF2,223,-402.7758375153867
19,IF2,224,-385.2821896027144
19,IF2,225,-402.69009922779213
19,IF2,226,-402.2363879324583
19,IF2,227,-397.4674355623544
19,IF2,228,-404.9346205671056
19,IF2,229,-411.76523948726657
19,IF2,230,-393.74373094931997
19,IF2,231,-402.55037118037103
19,IF2,232,-388.7463577262531
19,IF2,233,-400.2405272031233
19,IF2,234,-381.06661066726053
19,IF2,235,-386.18787630140395
19,IF2,236,-395.1997424674355
19,IF2,237,-396.82034650308714
19,IF2,238,-386.8509570642361
19,IF2,239,-390.1186105420767
19,IF2,240,-396.15888090005694
19,IF2,241,-380.04855209797273
19,IF2,242,-392.0951560121464
19,IF2,243,-405.14765672337273
19,IF2,244,-390.552808206712
19,IF2,245,-391.34179685013976
19,IF2,246,-388.78282427938035
19,IF2,247,-389.06437713834794
19,IF2,248,-405.6220717612512
19,IF2,249,-398.64367902442535
19,IF2,250,-380.0189936164247
19,IF2,251,-397.15535325931234
19,IF2,252,-398.45087085199833
19,IF2,253,-396.3781058423858
19,IF2,254,-405.840958317964
19,IF2,255,-402.98000257078365
19,IF2,256,-396.99473930970834
19,IF2,257,-396.34916082729325
19,IF2,258,-397.7492188519033
19,IF2,259,-384.76006864764855
19,IF2,260,-393.753530603295
19,IF2,261,-384.86934559261783
19,IF2,262,-401.7624696581366
19,IF2,263,-401.3681151114274
19,IF2,264,-394.13080930053775
19,IF2,265,-394.7467628865988
19,IF2,266,-388.32182068814876
19,IF2,267,-408.5938685250166
19,IF2,268,-395.4301453185503
19,IF2,269,-406.64591292138954
19,IF2,270,-394.8986894155272
19,IF2,271,-392.3851135999272
19,IF2,272,-383.6858664730692
19,IF2,273,-393.35615385389696
19,IF2,274,-394.3139736875442
19,IF2,275,-381.43909128775203
19,IF2,276,-397.33586210537715
19,IF2,277,-408.79818945303435
19,IF2,278,-405.2640164080257
19,IF2,279,-383.331972534258
19,IF2,280,-400.4446634211992
19,IF2,281,-391.023936774864
19,IF2,282,-406.0604715369343
19,IF2,283,-393.4532920935558
19,IF2,284,-393.2175678551736
19,IF2,285,-414.2993513418428
19,IF2,286,-379.7336353793032
19,IF2,287,-390.55022788807463
19,IF2,288,-379.2469664573467
19,IF2,289,-399.18954079386685
19,IF2,290,-375.864890070462
19,IF2,291,-383.9542488141073
19,IF2,292,-397.32593769748763
19,IF2,293,-398.8786760086247
19,IF2,294,-400.26576032210755
19,IF2,295,-412.19655525074086
19,IF2,296,-390.6094317953835
19,IF2,297,-402.2672590397332
19,IF2,298,-394.52250492899486
19,IF2,299,-388.8018388846938
19,IF2,300,-402.6529711034267
19,IF2,301,-398.8432074165256
19,IF2,302,-388.70441173871035
19,IF2,303,-389.0493505055322
19,IF2,304,-402.6292786179456
19,IF2,305,-397.239601988474
19,IF2,306,-393.3228204983105
19,IF2,307,-403.3777328362068
19,IF2,308,-399.25912738949035
19,IF2,309,-388.7789922370547
19,IF2,310,-387.8763298729068
19,IF2,311,-399.7260738577106
19,IF2,312,-396.82891130486536
19,IF2,313,-397.255909534873
19,IF2,314,-402.3426972485774
19,IF2,315,-409.60264446594044
19,IF2,316,-409.269777754965
19,IF2,317,-390.5493029019261
19,IF2,318,-389.45983956605994
19,IF2,319,-394.2679914217615
19,IF2,320,-404.91749074893454
19,IF2,321,-391.01882024711693
19,IF2,322,-401.94205551450455
19,IF2,323,-395.9846081789061
19,IF2,324,-390.95671250135996
19,IF2,325,-395.0365621846094
19,IF2,326,-390.43106648153673
19,IF2,327,-395.4087989797821
19,IF2,328,-391.40703741832095
19,IF2,329,-393.67150815998855
19,IF2,330,-388.43118692368523
19,IF2,331,-384.3043864266674
19,IF2,332,-396.69268740330506
19,IF2,333,-386.81463105943175
19,IF2,334,-378.85994691996046
19,IF2,335,-374.1239658970858
19,IF2,336,-387.5365974056766
19,IF2,337,-402.7894315762292
19,IF2,338,-397.6105323168232
19,IF2,339,-380.78098523717483
19,IF2,340,-390.5628807197828
19,IF2,341,-394.22563457576047
19,IF2,342,-404.0367414963729
19,IF2,343,-401.36845622289735
19,IF2,344,-393.72489860104406
19,IF2,345,-395.5630143319017
19,IF2,346,-381.6804644500219
19,IF2,347,-400.46213216448945
19,IF2,348,-397.2102444355518
19,IF2,349,-397.51383213852955
19,IF2,350,-378.6106696196293
19,IF2,351,-387.2978444681825
19,IF2,352,-397.60713439271825
19,IF2,353,-405.31530429204025
19,IF2,354,-409.0586325469062
19,IF2,355,-388.1803479264015
19,IF2,356,-388.0698314680286
19,IF2,357,-403.07999214071606
19,IF2,358,-391.562984058907
19,IF2,359,-384.35992500697904
19,IF2,360,-390.5521713889381
19,IF2,361,-392.4833568201139
19,IF2,362,-402.08506578989363
19,IF2,363,-397.1130109909325
19,IF2,364,-398.112815821271
19,IF2,365,-400.7621944191484
19,IF2,366,-407.9855409493824
19,IF2,367,-385.4108152422913
19,IF2,368,-387.60282820018193
19,IF2,369,-411.42366396312156
19,IF2,370,-389.21531450294617
19,IF2,371,-397.9094194408159
19,IF2,372,-390.9801619702389
19,IF2,373,-386.590859643586
19,IF2,374,-397.1054121234201
19,IF2,375,-401.11300666343476
19,IF2,376,-401.8385580427211
19,IF2,377,-409.44562869756106
19,IF2,378,-401.48040424170455
19,IF2,379,-391.4234705328991
19,IF2,380,-396.2443924138978
19,IF2,381,-396.8475498880566
19,IF2,382,-393.40748238451545
19,IF2,383,-380.3543889174906
19,IF2,384,-403.6112917038387
19,IF2,385,-391.35104218632233
19,IF2,386,-396.9830151145256
19,IF2,387,-396.5380350385284
19,IF2,388,-395.9453924488766
19,IF2,389,-398.630975830543
19,IF2,390,-391.4366223600036
19,IF2,391,-395.5425234267212
19,IF2,392,-386.8528858091347
19,IF2,393,-389.5519824826487
19,IF2,394,-403.9075594188948
19,IF2,395,-403.5517513392281
19,IF2,396,-398.38119869733714
19,IF2,397,-390.64593427767153
19,IF2,398,-391.09355517644525
19,IF2,399,-406.7174026354144
19,IF2,400,-382.71088474341644
19,IF2,401,-387.7322197870321
19,IF2,402,-395.18879902678094
19,IF2,403,-391.3125073345914
19,IF2,404,-394.744249043204
19,IF2,405,-384.96686574952764
19,IF2,406,-394.884790752396
19,IF2,407,-392.1373089710897
19,IF2,408,-382.3461895250788
19,IF2,409,-406.15057260102583
19,IF2,410,-386.0400923272797
19,IF2,411,-398.69736519297425
19,IF2,412,-395.53363982125757
19,IF2,413,-400.48841442110677
19,IF2,414,-391.3577362914466
19,IF2,415,-399.0769192938978
19,IF2,416,-391.1627850705582
19,IF2,417,-393.167129313403
19,IF2,418,-402.90522923382514
19,IF2,419,-384.8774146787425
19,IF2,420,-394.5610602695906
19,IF2,421,-393.3430947991448
19,IF2,422,-392.8187723539912
19,IF2,423,-394.7139786628687
19,IF2,424,-383.62192386168005
19,IF2,425,-393.10323511810276
19,IF2,426,-395.28570421186055
19,IF2,427,-389.25467215956917
19,IF2,428,-392.7189645535541
19,IF2,429,-388.1316251815152
19,IF2,430,-397.29376111547066
19,IF2,431,-400.9741578483646
19,IF2,432,-393.91181228047077
19,IF2,433,-400.47440679151293
19,IF2,434,-400.87177552400345
19,IF2,435,-383.50340720041856
19,IF2,436,-390.6252279859331
19,IF2,437,-403.65635449709134
19,IF2,438,-392.8398893022917
19,IF2,439,-398.5503315063584
19,IF2,440,-395.3667654232181
19,IF2,441,-393.3297223906529
19,IF2,442,-388.150734094051
19,IF2,443,-393.6393039679288
19,IF2,444,-394.94540287468726
19,IF2,445,-388.5394742692833
19,IF2,446,-393.4769088133503
19,IF2,447,-402.33068991528137
19,IF2,448,-393.36439193798344
19,IF2,449,-389.3417072074094
19,IF2,450,-390.32909520594353
19,IF2,451,-378.8046821109574
19,IF2,452,-390.37982199025015
19,IF2,453,-401.1774612622462
19,IF2,454,-404.4117247927114
19,IF2,455,-401.3838722980835
19,IF2,456,-382.8960302371788
19,IF2,457,-390.3121861773053
19,IF2,458,-384.23022177271736
19,IF2,459,-390.361596434302
19,IF2,460,-392.3057552978039
19,IF2,461,-381.1719431589435
19,IF2,462,-392.69866644910053
19,IF2,463,-383.5566279795562
19,IF2,464,-402.4789272163113
19,IF2,465,-403.9961702081826
19,IF2,466,-380.39045047669805
19,IF2,467,-393.2610766676872
19,IF2,468,-382.66511527057446
19,IF2,469,-397.47873530416933
19,IF2,470,-380.260794957214
19,IF2,471,-388.8461309912371
19,IF2,472,-392.5081568901275
19,IF2,473,-389.2850116239218
19,IF2,474,-384.4446389240516
19,IF2,475,-394.4760210036417
19,IF2,476,-373.8677291484807
19,IF2,477,-396.00715607904004
19,IF2,478,-398.53122985440274
19,IF2,479,-387.81786606127224
19,IF2,480,-374.932155101073
19,IF2,481,-398.79645023238936
19,IF2,482,-395.1599894495868
19,IF2,483,-399.9453508735721
19,IF2,484,-390.04171743410916
19,IF2,485,-386.8517257454461
19,IF2,486,-394.9599870643201
19,IF2,487,-384.12391327791
19,IF2,488,-405.8715315907903
19,IF2,489,-391.27883193257475
19,IF2,490,-392.8159726822775
19,IF2,491,-388.6471299112275
19,IF2,492,-385.832924567417
19,IF2,493,-387.74692796170206
19,IF2,494,-398.2448724948651
19,IF2,495,-377.91001848217815
19,IF2,496,-385.22083390174953
19,IF2,497,-399.7313548892953
19,IF2,498,-390.5868195325205
19,IF2,499,-379.3449885673037
19,IF2,500,-391.04071426442243
19,IF2,501,-400.13751527993105
19,IF2,502,-388.45287884810057
19,IF2,503,-399.36868259864906
19,IF2,504,-380.99165890189954
19,IF2,505,-396.37344032204015
19,IF2,506,-380.62664417230025
19,IF2,507,-404.33167176182656
19,IF2,508,-387.03577845358603
19,IF2,509,-382.36676791814455
19,IF2,510,-388.1780098571386
19,IF2,511,-403.40989600593144
19,IF2,512,-385.6095710429918
19,IF2,513,-391.546722285535
19,IF2,514,-416.89461698282497
19,IF2,515,-394.03178902916625
19,IF2,516,-392.2282754113355
19,IF2,517,-395.86217661358836
19,IF2,518,-405.78243869058844
19,IF2,519,-388.13361958236084
19,IF2,520,-401.9205377321192
19,IF2,521,-394.2684720107499
19,IF2,522,-392.50568980497343
19,IF2,523,-388.10977966940635
19,IF2,524,-388.5451000173518
19,IF2,525,-393.3227010410992
19,IF2,526,-393.27223165449834
19,IF2,527,-399.6041386476323
19,IF2,528,-390.245150710245
19,IF2,529,-386.6786331448414
19,IF2,530,-394.8081404227999
19,IF2,531,-388.47008508937824
19,IF2,532,-378.4740566331398
19,IF2,533,-394.1450830488248
19,IF2,534,-393.292679447625
19,IF2,535,-401.3093089155113
19,IF2,536,-399.00417253593486
19,IF2,537,-389.6008126476667
19,IF2,538,-392.70786779720845
19,IF2,539,-394.5540692371263
19,IF2,540,-397.15466649652933
19,IF2,541,-380.4750831647584
19,IF2,542,-396.9657089450865
19,IF2,543,-401.4314134709021
19,IF2,544,-377.96840947280083
19,IF2,545,-398.2825973351941
19,IF2,546,-397.45295657819975
19,IF2,547,-392.01760375688315
19,IF2,548,-391.3708363161242
19,IF2,549,-392.5542574705208
19,IF2,550,-393.36255100662356
19,IF2,551,-377.1305800696959
19,IF2,552,-397.70345367214793
19,IF2,553,-387.21467519486777
19,IF2,554,-395.4576551644359
19,IF2,555,-386.8341121175769
19,IF2,556,-399.3075696164585
19,IF2,557,-396.51264270925003
19,IF2,558,-383.93456430027203
19,IF2,559,-381.1519418658991
19,IF2,560,-388.7355906769092
19,IF2,561,-402.34545039371017
19,IF2,562,-394.0703680542752
19,IF2,563,-394.06340238241904
19,IF2,564,-394.6471633959244
19,IF2,565,-408.7163963067205
19,IF2,566,-404.4504110723841
19,IF2,567,-381.34185810224176
19,IF2,568,-400.8901084399627
19,IF2,569,-396.2232245488663
19,IF2,570,-404.58226622258786
19,IF2,571,-384.2832729753978
19,IF2,572,-402.39355860183355
19,IF2,573,-376.9672934147016
19,IF2,574,-376.05031905706926
19,IF2,575,-404.9087943595019
19,IF2,576,-388.17102731828743
19,IF2,577,-396.8593980387897
19,IF2,578,-387.661076388928
19,IF2,579,-389.1427635777907
19,IF2,580,-400.45216403868346
19,IF2,581,-396.23998787234234
19,IF2,582,-397.154118749816
19,IF2,583,-400.7844313853002
19,IF2,584,-397.4390170870062
19,IF2,585,-385.15359187167076
19,IF2,586,-385.85770640615226
19,IF2,587,-396.84802888218314
19,IF2,588,-385.87620862535925
19,IF2,589,-388.2273856772575
19,IF2,590,-388.19196497045124
19,IF2,591,-392.98667552109026
19,IF2,592,-384.612621685864
19,IF2,593,-379.356091095124
19,IF2,594,-396.87134941775156
19,IF2,595,-388.8137158325866
19,IF2,596,-390.0780216806726
19,IF2,597,-397.8018048171183
19,IF2,598,-384.799076593063
19,IF2,599,-404.3543714248895
19,IFAD,0,-378.8022426710349
19,IFAD,1,-393.9451049077475
19,IFAD,2,-376.55370345983897
19,IFAD,3,-400.6913094999495
19,IFAD,4,-384.94373684816554
19,IFAD,5,-401.0525207051083
19,IFAD,6,-402.4807417975005
19,IFAD,7,-377.1865992675138
19,IFAD,8,-414.2265905070753
19,IFAD,9,-407.3782382786562
19,IFAD,10,-400.01322658001607
19,IFAD,11,-399.68879549091236
19,IFAD,12,-417.9386918955362
19,IFAD,13,-393.7321979577373
19,IFAD,14,-368.45436922151094
19,IFAD,15,-385.1117931114841
19,IFAD,16,-378.1196819446574
19,IFAD,17,-374.53895341161177
19,IFAD,18,-380.50588717744887
19,IFAD,19,-384.8245303710346
19,IFAD,20,-385.2497680137223
19,IFAD,21,-397.93445243654173
19,IFAD,22,-393.57625893183354
19,IFAD,23,-402.29016803702194
19,IFAD,24,-420.7659162225726
19,IFAD,25,-423.34947809463364
19,IFAD,26,-422.9946244362187
19,IFAD,27,-445.7598075917603
19,IFAD,28,-448.4764430691636
19,IFAD,29,-404.94330685572635
19,IFAD,30,-430.45176283129825
19,IFAD,31,-406.2544733723591
19,IFAD,32,-393.3084382128954
19,IFAD,33,-400.6400542908605
19,IFAD,34,-397.56663784292425
19,IFAD,35,-369.5264014703666
19,IFAD,36,-377.56860180849424
19,IFAD,37,-371.9560839927968
19,IFAD,38,-391.0102246204792
19,IFAD,39,-391.09822934334477
19,IFAD,40,-367.3810603195145
19,IFAD,41,-377.16605837899425
19,IFAD,42,-389.4907003774731
19,IFAD,43,-396.57018343259097
19,IFAD,44,-396.61072908800753
19,IFAD,45,-390.7359813170142
19,IFAD,46,-366.1142347061092
19,IFAD,47,-376.9895345787947
19,IFAD,48,-368.4925006616129
19,IFAD,49,-374.18669718713574
19,IFAD,50,-386.21936412932615
19,IFAD,51,-393.45474821539443
19,IFAD,52,-388.54146750469346
19,IFAD,53,-387.2876160002961
19,IFAD,54,-385.19948639121935
19,IFAD,55,-396.4351696969665
19,IFAD,56,-388.7371543012794
19,IFAD,57,-380.02514218565506
19,IFAD,58,-377.52449249525665
19,IFAD,59,-381.714350580387
19,IFAD,60,-372.2711202800573
19,IFAD,61,-373.64512473169975
19,IFAD,62,-380.36851095717583
19,IFAD,63,-379.27481417480817
19,IFAD,64,-380.06606839187117
19,IFAD,65,-373.45664257298523
19,IFAD,66,-372.5521066790584
19,IFAD,67,-387.6118119385886
19,IFAD,68,-386.09455850025427
19,IFAD,69,-394.3972086598957
19,IFAD,70,-393.20473030693825
19,IFAD,71,-382.7302287914341
19,IFAD,72,-400.9914169546889
19,IFAD,73,-403.1478758526541
19,IFAD,74,-383.59165560766087
19,IFAD,75,-390.3148769451973
19,IFAD,76,-379.2917780300105
19,IFAD,77,-380.35621999146946
19,IFAD,78,-378.2256067549063
19,IFAD,79,-387.11983003259525
19,IFAD,80,-386.8484416580463
19,IFAD,81,-374.85725919314154
19,IFAD,82,-383.5705274900295
19,IFAD,83,-385.40436921465346
19,IFAD,84,-380.99026964704314
19,IFAD,85,-388.95705537489266
19,IFAD,86,-374.56948334883907
19,IFAD,87,-376.2503136454226
19,IFAD,88,-394.74643495093454
19,IFAD,89,-394.5210478116448
19,IFAD,90,-375.32903345330413
19,IFAD,91,-382.75738502974275
19,IFAD,92,-377.02361460293304
19,IFAD,93,-370.54752664689744
19,IFAD,94,-382.85276614604885
19,IFAD,95,-386.69299087777983
19,IFAD,96,-382.0505563579601
19,IFAD,97,-376.32203675439683
19,IFAD,98,-390.5104932943349
19,IFAD,99,-377.07501123358634
19,IFAD,100,-377.17855565092674
19,IFAD,101,-377.3463736777072
19,IFAD,102,-376.152089612229
19,IFAD,103,-373.8927076910616
19,IFAD,104,-368.2649614242694
19,IFAD,105,-380.6621766112668
19,IFAD,106,-383.9407907997379
19,IFAD,107,-388.1817403318654
19,IFAD,108,-370.75922385542674
19,IFAD,109,-381.46035381041474
19,IFAD,110,-365.32760666478026
19,IFAD,111,-373.1684906911047
19,IFAD,112,-381.0270620562666
19,IFAD,113,-369.77928618430366
19,IFAD,114,-389.5562597989658
19,IFAD,115,-361.3554998825328
19,IFAD,116,-370.5779196877203
19,IFAD,117,-371.9088235218349
19,IFAD,118,-379.9743086385351
19,IFAD,119,-376.4277768380201
19,IFAD,120,-376.3798487309489
19,IFAD,121,-380.7817692752973
19,IFAD,122,-376.70413724539605
19,IFAD,123,-370.3135702669321
19,IFAD,124,-370.8297545406004
19,IFAD,125,-370.14084280012855
19,IFAD,126,-381.6226997322201
19,IFAD,127,-379.5857761867403
19,IFAD,128,-367.5116237546968
19,IFAD,129,-362.1694481517979
19,IFAD,130,-382.46472380957766
19,IFAD,131,-381.3189456635306
19,IFAD,132,-380.1397593272827
19,IFAD,133,-372.40656972744057
19,IFAD,134,-369.3375955908943
19,IFAD,135,-372.00095719123937
19,IFAD,136,-387.2904330214696
19,IFAD,137,-380.056399076539
19,IFAD,138,-378.33909559553734
19,IFAD,139,-377.68433913979135
19,IFAD,140,-371.2712603506068
19,IFAD,141,-369.3812190696167
19,IFAD,142,-371.561540111925
19,IFAD,143,-375.3364122147936
19,IFAD,144,-368.0166713710527
19,IFAD,145,-379.93338162536423
19,IFAD,146,-382.22435179915556
19,IFAD,147,-381.4455300434584
19,IFAD,148,-372.3221803057545
19,IFAD,149,-369.3017643797214
19,IFAD,150,-374.05554765272
19,IFAD,151,-375.0457652055653
19,IFAD,152,-372.3412156850664
19,IFAD,153,-372.9500526483392
19,IFAD,154,-379.0593411288423
19,IFAD,155,-374.01397409838563
19,IFAD,156,-383.8882608849257
19,IFAD,157,-379.9969738599675
19,IFAD,158,-365.31763262041414
19,IFAD,159,-369.6446549704894
19,IFAD,160,-371.35551075623107
19,IFAD,161,-378.96875971310266
19,IFAD,162,-371.1095955079436
19,IFAD,163,-383.78734250365534
19,IFAD,164,-379.8033796525602
19,IFAD,165,-383.9830703461603
19,IFAD,166,-370.0638505445214
19,IFAD,167,-376.57034533531606
19,IFAD,168,-372.5944716407338
19,IFAD,169,-373.6289474135177
19,IFAD,170,-368.437913596694
19,IFAD,171,-373.8774741004798
19,IFAD,172,-381.3133145801484
19,IFAD,173,-375.218461607675
19,IFAD,174,-384.2477148345498
19,IFAD,175,-372.6463960782621
19,IFAD,176,-383.1989110693909
19,IFAD,177,-371.8798108872706
19,IFAD,178,-378.29871743888947
19,IFAD,179,-364.6301138137237
19,IFAD,180,-369.5251255586444
19,IFAD,181,-371.4564599071721
19,IFAD,182,-380.4312462101644
19,IFAD,183,-372.14287587161687
19,IFAD,184,-377.86676331173993
19,IFAD,185,-376.162225477441
19,IFAD,186,-393.9923533278383
19,IFAD,187,-377.26593656920926
19,IFAD,188,-379.60700921441907
19,IFAD,189,-379.41617983757953
19,IFAD,190,-378.399009183921
19,IFAD,191,-380.76236137040195
19,IFAD,192,-366.9279367044126
19,IFAD,193,-370.28470892629264
19,IFAD,194,-378.95711326773994
19,IFAD,195,-391.0208687547593
19,IFAD,196,-377.0511713322972
19,IFAD,197,-380.78953924262566
19,IFAD,198,-378.06044158157323
19,IFAD,199,-368.8666214566489
19,IFAD,200,-378.82529255511923
19,IFAD,201,-377.048848869895
19,IFAD,202,-374.97473914808967
19,IFAD,203,-381.16550652527866
19,IFAD,204,-381.30341956163784
19,IFAD,205,-391.8671002338377
19,IFAD,206,-373.4151407786182
19,IFAD,207,-375.90468960641863
19,IFAD,208,-371.80024660056495
19,IFAD,209,-388.27425961578024
19,IFAD,210,-366.38116560456484
19,IFAD,211,-371.74645654294153
19,IFAD,212,-376.00112331683806
19,IFAD,213,-374.5703486752104
19,IFAD,214,-371.45522089844127
19,IFAD,215,-378.75454143686864
19,IFAD,216,-376.91553571795976
19,IFAD,217,-378.39068228343825
19,IFAD,218,-382.9447866316734
19,IFAD,219,-362.9854261489187
19,IFAD,220,-378.6681901684443
19,IFAD,221,-386.3332653750934
19,IFAD,222,-380.5294022233907
19,IFAD,223,-378.8898602450966
19,IFAD,224,-368.83961968671787
19,IFAD,225,-374.8832192638766
19,IFAD,226,-381.8607757376811
19,IFAD,227,-375.3317319377435
19,IFAD,228,-365.51453354693575
19,IFAD,229,-366.2940574813139
19,IFAD,230,-380.0493171978059
19,IFAD,231,-373.51458195949067
19,IFAD,232,-380.483330279213
19,IFAD,233,-376.81177609303535
19,IFAD,234,-366.2461549711181
19,IFAD,235,-382.0547168320498
19,IFAD,236,-387.9200850399288
19,IFAD,237,-374.7025920771118
19,IFAD,238,-379.920704207125
19,IFAD,239,-370.41049154071953
19,IFAD,240,-376.37674622079385
19,IFAD,241,-375.54742126850033
19,IFAD,242,-379.6800538981756
19,IFAD,243,-376.1268516951145
19,IFAD,244,-381.4623192641372
19,IFAD,245,-373.7285443026307
19,IFAD,246,-387.1493643719943
19,IFAD,247,-375.2292600675748
19,IFAD,248,-377.2715691845342
19,IFAD,249,-372.1814488254595
19,IFAD,250,-370.2294665724822
19,IFAD,251,-368.13924876993343
19,IFAD,252,-373.4394192506986
19,IFAD,253,-373.27893502672276
19,IFAD,254,-369.56330926747785
19,IFAD,255,-371.3989386388846
19,IFAD,256,-369.6839156604583
19,IFAD,257,-374.1735403042996
19,IFAD,258,-369.42470501148097
19,IFAD,259,-377.6531330866579
19,IFAD,260,-384.7997752615668
19,IFAD,261,-371.4304590190615
19,IFAD,262,-382.3356880895785
19,IFAD,263,-375.38942036992967
19,IFAD,264,-382.7464398774422
19,IFAD,265,-371.5704541226811
19,IFAD,266,-378.9894286836935
19,IFAD,267,-383.7564064060881
19,IFAD,268,-379.4015675902882
19,IFAD,269,-381.665076951349
19,IFAD,270,-388.2707487874954
19,IFAD,271,-382.36735218850714
19,IFAD,272,-380.9467746741284
19,IFAD,273,-390.0170150411812
19,IFAD,274,-371.9698626938219
19,IFAD,275,-374.9587027375993
19,IFAD,276,-372.2134309007721
19,IFAD,277,-376.18232040843657
19,IFAD,278,-384.5002908542837
19,IFAD,279,-372.95297998579423
19,IFAD,280,-378.87350027970166
19,IFAD,281,-370.11984794774077
19,IFAD,282,-369.7438091871664
19,IFAD,283,-374.6732423192057
19,IFAD,284,-365.1521816394313
19,IFAD,285,-371.14848139111433
19,IFAD,286,-374.08147964544537
19,IFAD,287,-383.2520499204031
19,IFAD,288,-378.3587575744512
19,IFAD,289,-368.74368522938494
19,IFAD,290,-375.8746052365042
19,IFAD,291,-385.5966198767864
19,IFAD,292,-389.7793479371148
19,IFAD,293,-379.0205868603934
19,IFAD,294,-368.6939615324126
19,IFAD,295,-367.74752476825773
19,IFAD,296,-382.8430968258921
19,IFAD,297,-371.0921613798802
19,IFAD,298,-373.00668651530793
19,IFAD,299,-380.60515164138803
19,IFAD,300,-380.69848674317615
19,IFAD,301,-372.95102444905
19,IFAD,302,-377.8349805983741
19,IFAD,303,-379.8125921732295
19,IFAD,304,-377.51316193631396
19,IFAD,305,-381.0820853133664
19,IFAD,306,-389.08112989121855
19,IFAD,307,-384.4576804484068
19,IFAD,308,-371.0286263175179
19,IFAD,309,-373.42919309191427
19,IFAD,310,-373.1732654850668
19,IFAD,311,-384.98943352021917
19,IFAD,312,-372.4027432431368
19,IFAD,313,-375.12206097902884
19,IFAD,314,-383.8729640656852
19,IFAD,315,-370.2209043549993
19,IFAD,316,-365.4521817865532
19,IFAD,317,-395.9482020295024
19,IFAD,318,-380.2372643199861
19,IFAD,319,-377.23700944944204
19,IFAD,320,-383.39619885327573
19,IFAD,321,-369.50017560445616
19,IFAD,322,-371.9215647863256
19,IFAD,323,-375.73088728874785
19,IFAD,324,-378.7511259560538
19,IFAD,325,-365.2374310306117
19,IFAD,326,-378.27073988773805
19,IFAD,327,-372.5593025899876
19,IFAD,328,-362.7615010631321
19,IFAD,329,-377.30958802966785
19,IFAD,330,-376.07094736000386
19,IFAD,331,-377.6237494414416
19,IFAD,332,-362.5436877380796
19,IFAD,333,-370.5746230137304
19,IFAD,334,-371.38226482373454
19,IFAD,335,-388.30742701542175
19,IFAD,336,-377.4687149874206
19,IFAD,337,-382.55920355656383
19,IFAD,338,-378.3713762856042
19,IFAD,339,-361.5666325753213
19,IFAD,340,-370.3184972137775
19,IFAD,341,-378.7524851948949
19,IFAD,342,-370.0880740867644
19,IFAD,343,-379.9948809327353
19,IFAD,344,-376.93624768125824
19,IFAD,345,-369.69539193909145
19,IFAD,346,-383.2134038237871
19,IFAD,347,-368.3887970234684
19,IFAD,348,-380.2216719424146
19,IFAD,349,-371.78469576338296
19,IFAD,350,-375.93051262179625
19,IFAD,351,-389.32606362963486
19,IFAD,352,-373.10824964982254
19,IFAD,353,-376.8309736956281
19,IFAD,354,-373.29537571565794
19,IFAD,355,-382.7639871233058
19,IFAD,356,-383.18101139895555
19,IFAD,357,-366.0816167763363
19,IFAD,358,-365.4732026709322
19,IFAD,359,-373.0693663329473
19,IFAD,360,-375.6051161297529
19,IFAD,361,-377.05085939631783
19,IFAD,362,-376.9606819790965
19,IFAD,363,-374.9703478923949
19,IFAD,364,-386.4293876013448
19,IFAD,365,-380.3002232901009
19,IFAD,366,-363.5391146297164
19,IFAD,367,-394.96869128338693
19,IFAD,368,-362.9615132000012
19,IFAD,369,-376.9886168511108
19,IFAD,370,-377.6537304972951
19,IFAD,371,-374.1950006436064
19,IFAD,372,-362.7868456899862
19,IFAD,373,-382.40934546929947
19,IFAD,374,-380.8189360629258
19,IFAD,375,-380.4348867787282
19,IFAD,376,-372.5666277248466
19,IFAD,377,-367.5638443225665
19,IFAD,378,-371.9832998820693
19,IFAD,379,-371.5739753085319
19,IFAD,380,-379.3813646238689
19,IFAD,381,-366.50207161680606
19,IFAD,382,-372.6520961817256
19,IFAD,383,-382.76167503443014
19,IFAD,384,-379.10683494038057
19,IFAD,385,-378.7391513453091
19,IFAD,386,-368.7544565303343
19,IFAD,387,-370.7196510780809
19,IFAD,388,-382.1446430227429
19,IFAD,389,-390.7467361148406
19,IFAD,390,-381.57488128674294
19,IFAD,391,-380.2755307743302
19,IFAD,392,-372.6250407536183
19,IFAD,393,-376.96954127757283
19,IFAD,394,-380.76645550648266
19,IFAD,395,-381.20046997220084
19,IFAD,396,-382.11627138250117
19,IFAD,397,-380.8007262241229
19,IFAD,398,-389.6172470441332
19,IFAD,399,-391.7415106593137
