method,inference_nstep,start,start_type,starts_file,particles,iterations_requested,updates_completed,termination_reason,elapsed_seconds,optimizer_elapsed_seconds,elapsed_time_offset_seconds,output_selected_iteration,output_selected_elapsed_seconds,initial_pseudo_loglik,final_pseudo_loglik,minimum_ess,maximum_invalid_fraction,maximum_backward_fallbacks,total_backtracks,gamma,m,epsilon,beta_trend,sigma,tau,bs1,bs2,bs3,bs4,bs5,bs6,omegas1,omegas2,omegas3,omegas4,omegas5,omegas6,S_0,I_0,R1_0,R2_0,R3_0,raw_0,raw_1,raw_2,raw_3,raw_4,raw_5,raw_6,raw_7,raw_8,raw_9,raw_10,raw_11,raw_12,raw_13,raw_14,raw_15,raw_16,raw_17,raw_18,raw_19,raw_20,raw_21,raw_22
DS order-1.5 block Gaussian,20,0,if2-warm-start,/home/kevin/OneDrive/Documents/UMich/Research/pypomp/dmop/ditlevsen/results/reference/ifad097_comparable_post_if2.npz,1000,400,171,time-budget,946.3589050853625,854.1984775150195,92.16042757034302,171,946.3588043716736,-3841.8148752179213,-3832.366110362729,1.7589888202592163,0.5229999999999999,0,0,16.98430555103782,0.06819782152665277,8.278472792460528,-0.0029462798477816075,2.7943689249701884,0.25496993095097487,0.650044863175077,6.8054627327629005,-6.309814388447913,3.990282512647233,3.2632705268400954,4.288778399715881,-7.735374448207711,-1.3742811472259369,-4.848332413690577,-3.3913605136096168,-9.8583590133166,-7.339049542584822,0.6362411572471859,0.2495826097771112,0.009076383635722128,0.0868684779624678,0.018231371377512896,2.832289714761844,-2.685342657067337,2.1136585060300233,-0.29462798477816077,1.027606293982788,-1.3666096586158802,0.650044863175077,6.8054627327629005,-6.309814388447913,3.990282512647233,3.2632705268400954,4.288778399715881,-7.735374448207711,-1.3742811472259369,-4.848332413690577,-3.3913605136096168,-9.8583590133166,-7.339049542584822,0.0,-0.9357877078312036,-4.24990183425662,-1.991182442278445,-3.55243385725748
DS order-1.5 block Gaussian,20,1,if2-warm-start,/home/kevin/OneDrive/Documents/UMich/Research/pypomp/dmop/ditlevsen/results/reference/ifad097_comparable_post_if2.npz,1000,400,171,time-budget,946.4929126873612,854.3324851170182,92.16042757034302,171,946.4928092653863,-3863.0048948355507,-3832.982536916435,1.2367458575228305,0.607,0,0,25.790752731070775,0.07267249048851897,18.357165515848514,-0.003996291086130706,2.9845605460520503,0.22578882702137348,2.1324360723131544,5.440838297608565,-0.4754000287848776,3.9030000810264744,3.6696557702525334,4.168523192171275,-1.4712386372563,-8.036530024947298,-1.21452848409068,-6.391943283069095,-7.339126669879229,-5.022145678690686,0.242587721690258,0.4192607720620034,0.12409076061090685,0.11381974329169696,0.10024100234513489,3.250016006402987,-2.6217923637351266,2.9100199896055776,-0.3996291086130706,1.0934525152534447,-1.488155110238519,2.1324360723131544,5.440838297608565,-0.4754000287848776,3.9030000810264744,3.6696557702525334,4.168523192171275,-1.4712386372563,-8.036530024947298,-1.21452848409068,-6.391943283069095,-7.339126669879229,-5.022145678690686,-0.5471297101267468,0.0,-1.2174798557436004,-1.3038770962373563,-1.4309157840309503
DS order-1.5 block Gaussian,20,2,if2-warm-start,/home/kevin/OneDrive/Documents/UMich/Research/pypomp/dmop/ditlevsen/results/reference/ifad097_comparable_post_if2.npz,1000,400,171,time-budget,945.0398497590795,852.8794221887365,92.16042757034302,171,945.0397250750102,-3822.2606901364843,-3813.214836321722,1.0916967407243086,0.507,0,0,18.924176303980154,0.07357632116912971,6.3034101422897475,-0.0037880357153462635,2.801064968911142,0.25965425181455437,1.0881360690129147,6.280712707387759,-3.6618880241314202,3.7793280095916977,3.502969264099815,4.18616797184886,-3.0822284522622114,-9.789968555030075,-3.6537747935850797,-3.7046609542883466,-11.100526339816408,-2.4207098143542827,0.17500970251703737,0.36122969200246613,0.32638600106224136,0.02869291291886729,0.10868169149938776,2.9404402741480444,-2.609432028256853,1.8410907793785296,-0.37880357153462635,1.0299996909076323,-1.3484043336494727,1.0881360690129147,6.280712707387759,-3.6618880241314202,3.7793280095916977,3.502969264099815,4.18616797184886,-3.0822284522622114,-9.789968555030075,-3.6537747935850797,-3.7046609542883466,-11.100526339816408,-2.4207098143542827,-0.7246726065952306,0.0,-0.10143328866859018,-2.5328638662894662,-1.2010906734637228
DS order-1.5 block Gaussian,20,3,if2-warm-start,/home/kevin/OneDrive/Documents/UMich/Research/pypomp/dmop/ditlevsen/results/reference/ifad097_comparable_post_if2.npz,1000,400,78,time-budget,947.5058261896484,855.3453986193053,92.16042757034302,78,947.5057062893175,-3837.3979911780607,-3832.825911582343,1.335710997929079,0.522,0,0,16.564721040310655,0.10162153207071369,5.247278314291739,-0.0011046864485028305,2.841210747690284,0.2515693856586298,0.730103741927284,6.690009339172216,-5.784795681482219,3.7891617117170173,3.438794354723979,4.029470528628728,-3.990477873179145,-9.321692552310685,-5.568129534461138,-3.584721499675629,-9.411184587976912,-4.445737650439707,0.3726131008901566,0.18193301375708837,0.17689481352940165,0.13185548136866287,0.13670359045469055,2.8072751953028248,-2.2864998364618505,1.6577095258539456,-0.11046864485028304,1.0442302809339845,-1.3800364401815939,0.730103741927284,6.690009339172216,-5.784795681482219,3.7891617117170173,3.438794354723979,4.029470528628728,-3.990477873179145,-9.321692552310685,-5.568129534461138,-3.584721499675629,-9.411184587976912,-4.445737650439707,0.0,-0.7169020552374328,-0.7449853362072074,-1.0388341335880364,-1.0027256096866406
DS order-1.5 block Gaussian,20,4,if2-warm-start,/home/kevin/OneDrive/Documents/UMich/Research/pypomp/dmop/ditlevsen/results/reference/ifad097_comparable_post_if2.npz,1000,400,170,time-budget,947.8596846195869,855.6992570492439,92.16042757034302,170,947.8592425924726,-3833.447099227708,-3807.882574430558,1.1282208221297352,0.593,0,0,19.205816952148783,0.048616161127269984,30.62933835915076,-0.00511484775592333,2.8696476129728357,0.24302985987053283,-0.2521295734829121,7.153553669091642,-6.452383979406106,4.595171908920943,2.9585185556205778,4.702927614882894,-2.538886938457522,-1.1653259470463173,-4.350569948502416,-2.7034141706469073,-11.727681729970994,-1.3810740861719142,0.4651029137823752,0.3434420310957217,0.16558051333490303,0.015413272131084944,0.010461269655915078,2.955213199406476,-3.023799269869772,3.4219583195389243,-0.511484775592333,1.0541892392967938,-1.4145709630650833,-0.2521295734829121,7.153553669091642,-6.452383979406106,4.595171908920943,2.9585185556205778,4.702927614882894,-2.538886938457522,-1.1653259470463173,-4.350569948502416,-2.7034141706469073,-11.727681729970994,-1.3810740861719142,0.0,-0.3032403631875561,-1.0328011391330782,-3.4070297361077833,-3.7945788677725782
DS order-1.5 block Gaussian,20,5,if2-warm-start,/home/kevin/OneDrive/Documents/UMich/Research/pypomp/dmop/ditlevsen/results/reference/ifad097_comparable_post_if2.npz,1000,400,171,time-budget,944.9769896613434,852.8165620910004,92.16042757034302,171,944.9768601525575,-3863.080127331379,-3856.670876710333,1.333473199358926,0.5569999999999999,0,0,15.766766150502175,0.04488515392636331,12.970591534610568,-0.0055849119870036,2.856319544515711,0.24836826992494115,0.8410464039140717,6.609286704278421,-5.739706119582568,3.158374759318582,3.5268016628205885,4.148633889247717,-9.606578278050385,-6.088312933981593,-6.23620743268462,-2.0137016032578168,-8.073704466869746,-5.967296205602299,0.22960697891244292,0.4659563703686657,0.26892818651913003,0.00835027240437327,0.027158191795388052,2.75790431656688,-3.1036481864296204,2.562684605199721,-0.55849119870036,1.0495339235532735,-1.392842674904282,0.8410464039140717,6.609286704278421,-5.739706119582568,3.158374759318582,3.5268016628205885,4.148633889247717,-9.606578278050385,-6.088312933981593,-6.23620743268462,-2.0137016032578168,-8.073704466869746,-5.967296205602299,-0.7077229439805807,0.0,-0.5496476245766175,-4.021797842315289,-2.8424132794665877
DS order-1.5 block Gaussian,20,6,if2-warm-start,/home/kevin/OneDrive/Documents/UMich/Research/pypomp/dmop/ditlevsen/results/reference/ifad097_comparable_post_if2.npz,1000,400,171,time-budget,946.3451059572399,854.1846783868968,92.16042757034302,171,946.3450169390999,-3844.3208506491524,-3830.712256055661,1.3280592677801981,0.573,0,0,19.48796400212036,0.06060113602747774,14.801796079057711,-0.0017345875155936605,2.762491571881739,0.23437552058312525,1.3655711129342547,6.10845039149068,-3.341608246093846,3.8486992553160437,3.461895134422121,4.186210776726689,-14.965249432657869,-8.064064570167808,-2.570468288816034,-4.5411777265948325,-9.32133879349549,-6.11811237350969,0.3429985103670013,0.3972529225162419,0.1462450171745169,0.09201203533005572,0.021491514612184143,2.9697970443439434,-2.803441639754563,2.6947485301000302,-0.17345875155936605,1.0161330159366793,-1.4508306611052608,1.3655711129342547,6.10845039149068,-3.341608246093846,3.8486992553160437,3.461895134422121,4.186210776726689,-14.965249432657869,-8.064064570167808,-2.570468288816034,-4.5411777265948325,-9.32133879349549,-6.11811237350969,-0.14684705805568313,0.0,-0.9992897473288874,-1.4626537749608832,-2.9169149742283507
DS order-1.5 block Gaussian,20,7,if2-warm-start,/home/kevin/OneDrive/Documents/UMich/Research/pypomp/dmop/ditlevsen/results/reference/ifad097_comparable_post_if2.npz,1000,400,171,time-budget,946.4309369963594,854.2705094260164,92.16042757034302,171,946.4308289373294,-3881.253262526179,-3838.66313766118,1.083366017610305,0.681,0,0,26.494183477048455,0.04817286371244167,45.879987104062415,-0.005465963179100978,3.202673189608397,0.22090347097292856,1.508500743536275,5.418029236966188,-0.30955068696906607,3.9392194846089668,3.4594636324361643,4.569108088207932,-0.5342146198447821,-1.582589983014037,-2.560084148680519,-4.900262457002973,-6.4764369198749865,-8.214040016254485,0.05161430103891935,0.6249087351713454,0.2626051939456393,0.00800300257222316,0.0528687672718728,3.276925217468273,-3.0329594099837482,3.8260290111814097,-0.5465963179100978,1.163985832829521,-1.5100294558097578,1.508500743536275,5.418029236966188,-0.30955068696906607,3.9392194846089668,3.4594636324361643,4.569108088207932,-0.5342146198447821,-1.582589983014037,-2.560084148680519,-4.900262457002973,-6.4764369198749865,-8.214040016254485,-2.493806829342991,0.0,-0.8669538747502066,-4.357788822555827,-2.4697928615844966
DS order-1.5 block Gaussian,20,8,if2-warm-start,/home/kevin/OneDrive/Documents/UMich/Research/pypomp/dmop/ditlevsen/results/reference/ifad097_comparable_post_if2.npz,1000,400,171,time-budget,946.6174359982833,854.4570084279403,92.16042757034302,171,946.6173333823681,-3866.7950950493355,-3851.4161209022795,1.135807404900246,0.472,0,0,18.622695162290096,1.035809491072975,0.8172517618736965,-0.004758542892429622,2.5609281591164197,0.25252588398987563,1.0191669218130206,6.1526871606412925,-3.509446752998553,3.986171224396658,3.4884292680010622,4.138510096324491,-4.07569594838095,-7.620154895618581,-5.747289925497237,-7.286878761106935,-11.679584045324065,-6.802832994401319,0.48490682537814694,0.019371114916465336,0.14212496705934763,0.16267680278060254,0.19092028986543755,2.924381006932301,0.03518323800194991,-0.20180807752367533,-0.47585428924296214,0.9403697549365465,-1.3762415246696083,1.0191669218130206,6.1526871606412925,-3.509446752998553,3.986171224396658,3.4884292680010622,4.138510096324491,-4.07569594838095,-7.620154895618581,-5.747289925497237,-7.286878761106935,-11.679584045324065,-6.802832994401319,0.0,-3.2201737251671116,-1.227250039560839,-1.0921913324395625,-0.9321007494665583
DS order-1.5 block Gaussian,20,9,if2-warm-start,/home/kevin/OneDrive/Documents/UMich/Research/pypomp/dmop/ditlevsen/results/reference/ifad097_comparable_post_if2.npz,1000,400,172,time-budget,946.9504847722128,854.7900572018698,92.16042757034302,172,946.95037346147,-3841.5212447639697,-3825.51670478928,1.0742894936394898,0.605,0,0,21.59037016748703,0.09416575383228773,8.049884614933648,-0.002934306475114078,2.9400071049041925,0.20593702329090816,1.5915752485223382,5.928139086393025,-2.636957727330453,4.004787024826125,3.4763942710356224,4.292864683677975,-2.2281337991188703,-5.38593416042877,-3.3042495695998872,-4.727316315296481,-11.02300429360768,-6.512219096593806,0.1422159527229685,0.20369908001721912,0.3075098143316556,0.008579621478039402,0.33799553145011757,3.0722473897010443,-2.36269871092715,2.0856577577791304,-0.2934306475114078,1.0784119979817492,-1.580184869112108,1.5915752485223382,5.928139086393025,-2.636957727330453,4.004787024826125,3.4763942710356224,4.292864683677975,-2.2281337991188703,-5.38593416042877,-3.3042495695998872,-4.727316315296481,-11.02300429360768,-6.512219096593806,-0.8656859786446868,-0.5063888679725045,-0.09452567157088387,-3.6736428790857714,0.0
DS order-1.5 block Gaussian,20,10,if2-warm-start,/home/kevin/OneDrive/Documents/UMich/Research/pypomp/dmop/ditlevsen/results/reference/ifad097_comparable_post_if2.npz,1000,400,171,time-budget,946.568748104386,854.408320534043,92.16042757034302,171,946.568648789078,-3886.4658848071344,-3868.2497864610023,1.1464941852858397,0.6659999999999999,0,0,16.430846163361345,0.046667902868817744,18.514936288390338,-0.007538139895882304,3.21488853043584,0.19465268191345056,0.8171601034965613,5.5571485209060425,-2.3571761571720735,3.591008194362724,3.2876048385974816,4.21437478510733,-5.122621805767746,2.5146448573801137,-8.61165858491944,-2.8878649158936565,-7.510282408997876,-2.0299884176656904,0.2705894929858624,0.4996877782842533,0.02795619014316524,0.112910793180337,0.08885574540638208,2.7991604318405896,-3.064698655345703,2.9185777732789284,-0.7538139895882304,1.1677926853733696,-1.6365384268882983,0.8171601034965613,5.5571485209060425,-2.3571761571720735,3.591008194362724,3.2876048385974816,4.21437478510733,-5.122621805767746,2.5146448573801137,-8.61165858491944,-2.8878649158936565,-7.510282408997876,-2.0299884176656904,-0.6133805735432988,0.0,-2.8833448128375196,-1.4873853938868784,-1.7269692433223234
DS order-1.5 block Gaussian,20,11,if2-warm-start,/home/kevin/OneDrive/Documents/UMich/Research/pypomp/dmop/ditlevsen/results/reference/ifad097_comparable_post_if2.npz,1000,400,144,time-budget,947.5289561413229,855.3685285709798,92.16042757034302,160,947.5288568343967,-4288.05504420414,-4287.569561898844,1.0395469017122723,0.847,0,112,1.9341001510620117,0.30163657665252686,68.55209350585939,-0.005677649285644293,4.267858505249023,0.18135368824005127,-1.1595538854599,-0.43129631876945496,-2.580571413040161,1.435020923614502,3.4095592498779297,3.459407329559326,-4.690614700317383,-0.3352910280227661,-8.181964874267578,-6.6257100105285645,-6.572419166564941,-7.2461700439453125,0.5838540006104018,0.04748608762210882,0.23390931618695512,0.1233889569355049,0.0113616386450293,0.6596421801070949,-1.1985323748285,4.227593945379474,-0.5677649285644293,1.451112180417839,-1.7073060757702003,-1.1595538854599,-0.43129631876945496,-2.580571413040161,1.435020923614502,3.4095592498779297,3.459407329559326,-4.690614700317383,-0.3352910280227661,-8.181964874267578,-6.6257100105285645,-6.572419166564941,-7.2461700439453125,0.0,-2.50921417664531,-0.9147174500354978,-1.5543093351394728,-3.939408302806476
DS order-1.5 block Gaussian,20,12,if2-warm-start,/home/kevin/OneDrive/Documents/UMich/Research/pypomp/dmop/ditlevsen/results/reference/ifad097_comparable_post_if2.npz,1000,400,165,time-budget,946.8321045041084,854.6716769337654,92.16042757034302,165,946.8320042714477,-3942.4065987345675,-3928.5807028986655,1.015280635267049,0.5820000000000001,0,0,11.69104750499449,0.14007534702028215,2.445575018692048,-0.009612829304691399,3.3005535902809156,0.23354737703088577,-5.014623681436415,6.874524808188775,-5.566524108228471,4.32078642974057,2.6205448672968807,5.045701791633677,-4.333899623997229,1.6916099633805246,-9.109398074347485,-4.043602976143196,-8.250891196014074,-3.428764992484416,0.3947127290107292,0.13669878725863993,0.07095225209375246,0.09829212216401816,0.2993441094728604,2.4588233783980438,-1.9655748081447293,0.8942802767451492,-0.9612829304691399,1.1940902090337804,-1.4543703229646279,-5.014623681436415,6.874524808188775,-5.566524108228471,4.32078642974057,2.6205448672968807,5.045701791633677,-4.333899623997229,1.6916099633805246,-9.109398074347485,-4.043602976143196,-8.250891196014074,-3.428764992484416,0.0,-1.0603783598488759,-1.7161510868998404,-1.3902143487968857,-0.27656445253373735
DS order-1.5 block Gaussian,20,13,if2-warm-start,/home/kevin/OneDrive/Documents/UMich/Research/pypomp/dmop/ditlevsen/results/reference/ifad097_comparable_post_if2.npz,1000,400,76,time-budget,952.0589647525921,859.8985371822491,92.16042757034302,76,952.058831166476,-3894.281996084268,-3885.376780947814,1.8361613596995647,0.5740000000000001,0,0,23.10749196702177,0.07556390414030584,11.36390926644496,-0.004592422051026974,2.934658791567175,0.24220949989714027,2.2427338873986846,4.8294334565096895,0.6183198538169847,3.8678138982598367,3.6426274492446806,4.113634868523779,-6.828636315724001,1.3825132239654494,-7.12983446335685,-10.115956289928025,-12.56814597242651,-1.613510854608648,0.22729309593221877,0.5674216042617273,0.13558789391472087,0.03713005081916774,0.03256735507216541,3.1401568925216283,-2.5827765682777986,2.430442479662721,-0.45924220510269737,1.0765911915192572,-1.4179522252750518,2.2427338873986846,4.8294334565096895,0.6183198538169847,3.8678138982598367,3.6426274492446806,4.113634868523779,-6.828636315724001,1.3825132239654494,-7.12983446335685,-10.115956289928025,-12.56814597242651,-1.613510854608648,-0.9148622413990878,0.0,-1.4314825039372043,-2.7266759606727624,-2.857792189038794
DS order-1.5 block Gaussian,20,14,if2-warm-start,/home/kevin/OneDrive/Documents/UMich/Research/pypomp/dmop/ditlevsen/results/reference/ifad097_comparable_post_if2.npz,1000,400,164,time-budget,947.7028846875764,855.5424571172334,92.16042757034302,164,947.7023834702559,-3851.8141305402005,-3834.7168951126914,1.5614668379630807,0.515,0,0,18.04057943949831,0.054658256747710576,11.131016809531804,-0.005194857460454494,2.8401723675984627,0.26332359103890024,0.5817285328212226,6.956980226891957,-6.193894596288017,4.13586171712347,3.289690623502281,4.453119602822933,-8.565747197293806,-2.6901407228012424,-4.352659545795067,-3.0553384664098484,-9.264303705755276,-2.0191986715572336,0.028413334229427507,0.3628033930723309,0.33214331695142685,0.0024678419211123875,0.2741721138257023,2.8926236338247655,-2.906654991641536,2.409735518664634,-0.5194857460454494,1.0438647431477404,-1.3343716189283596,0.5817285328212226,6.956980226891957,-6.193894596288017,4.13586171712347,3.289690623502281,4.453119602822933,-8.565747197293806,-2.6901407228012424,-4.352659545795067,-3.0553384664098484,-9.264303705755276,-2.0191986715572336,-2.547002520556703,0.0,-0.08829451732174216,-4.990517018078186,-0.28010500882549166
DS order-1.5 block Gaussian,20,15,if2-warm-start,/home/kevin/OneDrive/Documents/UMich/Research/pypomp/dmop/ditlevsen/results/reference/ifad097_comparable_post_if2.npz,1000,400,171,time-budget,946.1922112964094,854.0317837260664,92.16042757034302,171,946.1920323763043,-3835.9489973243262,-3826.467263781348,1.0173210827983021,0.631,0,2,19.279303559546786,0.07946410165245131,11.888513629143626,-0.004108461327968786,3.0230319922600373,0.19090070583914945,0.7620706238511851,6.2291845996091535,-3.952149179703089,4.072756554037514,3.246032033087693,4.388457922743745,-2.4010566537798965,-2.354150271162626,-3.8050978011421854,-4.571630700893666,-8.475653234009927,-5.544003548173248,0.16269590054063737,0.6757922053397057,0.06777677796342119,0.06228307502330408,0.03145204113293166,2.959032166099823,-2.5324499108434417,2.475572692723729,-0.4108461327968786,1.1062602986920456,-1.656001850828515,0.7620706238511851,6.2291845996091535,-3.952149179703089,4.072756554037514,3.246032033087693,4.388457922743745,-2.4010566537798965,-2.354150271162626,-3.8050978011421854,-4.571630700893666,-8.475653234009927,-5.544003548173248,-1.4240028227623713,0.0,-2.299666011875713,-2.3841959203218117,-3.067421758310082
DS order-1.5 block Gaussian,20,16,if2-warm-start,/home/kevin/OneDrive/Documents/UMich/Research/pypomp/dmop/ditlevsen/results/reference/ifad097_comparable_post_if2.npz,1000,400,171,time-budget,946.9687279602513,854.8083003899083,92.16042757034302,171,946.9686101912521,-3828.3261664899783,-3815.0146127025987,1.0338610088379785,0.615,0,0,21.02418446469642,0.05987595908854312,16.054774275539167,-0.0039956855744096055,2.91599971895267,0.22768832120826563,1.3833638582576244,5.822851278195479,-2.482486094403803,3.709980624780681,3.49075108935482,4.319479690308489,-0.7415838979819118,-3.384764287353998,-3.4695459856228217,-4.346347303661604,-6.246992268474666,-12.989920550610384,0.2202902595103823,0.3604273179221308,0.013688336659204227,0.04331967160474777,0.3622744143035349,3.0456734162694366,-2.8154802051990866,2.7760062679931976,-0.3995685574409606,1.0702127177652925,-1.4797775974857796,1.3833638582576244,5.822851278195479,-2.482486094403803,3.709980624780681,3.49075108935482,4.319479690308489,-0.7415838979819118,-3.384764287353998,-3.4695459856228217,-4.346347303661604,-6.246992268474666,-12.989920550610384,-0.4974559370421032,-0.005111653455188337,-3.2758578437175894,-2.123795133793251,0.0
DS order-1.5 block Gaussian,20,17,if2-warm-start,/home/kevin/OneDrive/Documents/UMich/Research/pypomp/dmop/ditlevsen/results/reference/ifad097_comparable_post_if2.npz,1000,400,171,time-budget,946.8481832323596,854.6877556620166,92.16042757034302,171,946.8480861624703,-3836.3220045577636,-3826.5083888164418,1.1992773054713939,0.569,0,0,20.849855725422103,0.0473544839566341,18.954457307917412,-0.004136860012729592,2.8352545250137213,0.25276355018797686,1.7569694099389963,5.5758847569827585,-2.0834471754280393,3.5780092264095495,3.6310150869244695,4.125334235689703,-4.53446755923901,-0.3469187684765315,-4.899387439790233,-2.624558607111848,-9.963236206067856,-4.029645127032284,0.11480616246678711,0.44296876710003436,0.015152458175192968,0.18718581677255114,0.23988679548543443,3.037347028576846,-3.050093765699863,2.942039118008049,-0.4136860012729592,1.0421317126960594,-1.375300811488005,1.7569694099389963,5.5758847569827585,-2.0834471754280393,3.5780092264095495,3.6310150869244695,4.125334235689703,-4.53446755923901,-0.3469187684765315,-4.899387439790233,-2.624558607111848,-9.963236206067856,-4.029645127032284,-1.3502541019304546,0.0,-3.3753364898178315,-0.8613974683302,-0.6133321378134315
DS order-1.5 block Gaussian,20,18,if2-warm-start,/home/kevin/OneDrive/Documents/UMich/Research/pypomp/dmop/ditlevsen/results/reference/ifad097_comparable_post_if2.npz,1000,400,171,time-budget,947.1028390820138,854.9424115116708,92.16042757034302,171,947.1027339762077,-3876.5129982647327,-3870.0385632417847,1.0667787797499688,0.5700000000000001,0,0,17.793391030728298,0.07947705196735792,5.679116374635765,-0.0051697944247390305,3.0991617237230806,0.22402661783250719,1.8058832752278202,5.760225558828013,-2.6935709749376078,3.6215370881893802,3.526048610104833,3.8742186869768402,-9.7409581458858,-5.294084942713634,-9.551862909665383,-3.1239378510635127,-8.061765869139156,-3.755738896522129,0.15869573929042008,0.2457198107624612,0.4620845952821706,0.09593786569589922,0.03756198896904893,2.878827097944167,-2.532286953489222,1.7367956527853115,-0.516979442473903,1.1311316632210318,-1.4959904045773689,1.8058832752278202,5.760225558828013,-2.6935709749376078,3.6215370881893802,3.526048610104833,3.8742186869768402,-9.7409581458858,-5.294084942713634,-9.551862909665383,-3.1239378510635127,-8.061765869139156,-3.755738896522129,-1.0687592013905545,-0.6315560748305574,0.0,-1.5720472314029388,-2.5097553736055764
DS order-1.5 block Gaussian,20,19,if2-warm-start,/home/kevin/OneDrive/Documents/UMich/Research/pypomp/dmop/ditlevsen/results/reference/ifad097_comparable_post_if2.npz,1000,400,172,time-budget,946.8137888186611,854.6533612483181,92.16042757034302,172,946.8136822064407,-3830.4206257473215,-3819.6447547978737,1.0761588795153476,0.5309999999999999,0,0,22.20786910113283,0.08714694620886847,11.405325224044441,-0.003471808128093842,2.7929104619730754,0.2559483142733316,1.7555244861213237,5.606527184005321,-2.1245932409594617,3.830410097562083,3.6330654580980304,4.124289591717648,-5.891660574332824,-0.8634254903879094,-4.8222359609486825,-3.1354518826387,-13.908241883891343,-1.2293361436436294,0.18540690535668294,0.569097554462255,0.21392867242096733,0.031131957472578787,0.00043491028751590393,3.1004466900856986,-2.4401595482626495,2.4340803712477497,-0.3471808128093842,1.0270842284373825,-1.3627797522563907,1.7555244861213237,5.606527184005321,-2.1245932409594617,3.830410097562083,3.6330654580980304,4.124289591717648,-5.891660574332824,-0.8634254903879094,-4.8222359609486825,-3.1354518826387,-13.908241883891343,-1.2293361436436294,-1.121498970238491,0.0,-0.9784092153788577,-2.9058170053371133,-7.176667373156254
DS order-1.5 block Gaussian,20,20,if2-warm-start,/home/kevin/OneDrive/Documents/UMich/Research/pypomp/dmop/ditlevsen/results/reference/ifad097_comparable_post_if2.npz,1000,400,171,time-budget,946.5976914251223,854.4372638547793,92.16042757034302,171,946.597578626126,-3861.828353772842,-3845.5016228357936,1.2873456534512235,0.605,0,0,17.980331800040364,0.045207212754728755,17.47131820440745,-0.0022446435052326497,2.964241704511784,0.23421942075918797,0.9474610228692866,6.623821563265268,-5.489712407394377,4.191427172735514,3.1734009757599932,4.4140478121360305,-6.964317756650989,-12.54156396512737,-1.694418698728179,-4.505565225073228,-8.014160564543785,-4.3453479402502415,0.2896783681447487,0.3671028272305155,0.09831099590311601,0.052097399143622554,0.1928104095779973,2.8892784827130464,-3.0964986306549003,2.8605605766174698,-0.22446435052326497,1.0866212508404576,-1.4514969074341875,0.9474610228692866,6.623821563265268,-5.489712407394377,4.191427172735514,3.1734009757599932,4.4140478121360305,-6.964317756650989,-12.54156396512737,-1.694418698728179,-4.505565225073228,-8.014160564543785,-4.3453479402502415,-0.23687075986161973,0.0,-1.3175061104404013,-1.9525269649546502,-0.6439346196939314
DS order-1.5 block Gaussian,20,21,if2-warm-start,/home/kevin/OneDrive/Documents/UMich/Research/pypomp/dmop/ditlevsen/results/reference/ifad097_comparable_post_if2.npz,1000,400,171,time-budget,946.5278110653162,854.3673834949732,92.16042757034302,171,946.5277271834202,-3897.262588311524,-3858.804243614647,1.094646080998204,0.677,0,0,24.66237738401933,0.05513000668461233,22.39353732708186,-0.002674992858632583,3.211984438449389,0.22193809721675395,1.8209314429279548,5.626201370294934,-0.8681075907802942,4.221795921704747,3.4089619042889816,4.373410556955579,-8.405251212662243,-12.49159605708016,0.3462406677719549,-7.227712860646908,-6.285665680649101,-3.6641096690358586,0.3738355064800623,0.31080290185277115,0.02098474135096148,0.1511100757615516,0.1432667745546536,3.205278899578415,-2.8980611251287414,3.1087724050495016,-0.26749928586325833,1.166888951256275,-1.5053567773593128,1.8209314429279548,5.626201370294934,-0.8681075907802942,4.221795921704747,3.4089619042889816,4.373410556955579,-8.405251212662243,-12.49159605708016,0.3462406677719549,-7.227712860646908,-6.285665680649101,-3.6641096690358586,0.0,-0.18465692324800217,-2.8800203071336967,-0.9058073286260968,-0.959107429821374
DS order-1.5 block Gaussian,20,22,if2-warm-start,/home/kevin/OneDrive/Documents/UMich/Research/pypomp/dmop/ditlevsen/results/reference/ifad097_comparable_post_if2.npz,1000,400,166,time-budget,944.1280903853476,851.9676628150046,92.16042757034302,166,944.1277035623789,-3855.9347251258296,-3845.6389268291723,1.7458264146494835,0.622,0,0,19.458190383982195,0.06613028278172975,9.604304797526154,-0.0043640083348831255,3.0754287946228094,0.21031834292185117,1.2182383607519096,6.169171850631077,-3.6250649831348976,4.085158229116478,3.340262295976025,4.343459637444146,-3.5120371925613614,-2.345132572901307,-2.7903352043632994,-5.504475799679574,-5.436982176932321,-11.768976230122044,0.0955982465810195,0.8138925586075093,0.026333133139901464,0.02101144069927477,0.043164620972294926,2.9682680808605033,-2.7161285011557634,2.2622114143741725,-0.43640083348831255,1.123444336942666,-1.5591329774340221,1.2182383607519096,6.169171850631077,-3.6250649831348976,4.085158229116478,3.340262295976025,4.343459637444146,-3.5120371925613614,-2.345132572901307,-2.7903352043632994,-5.504475799679574,-5.436982176932321,-11.768976230122044,-2.1416738867217497,0.0,-3.431000403920387,-3.656761280828225,-2.936807164662872
DS order-1.5 block Gaussian,20,23,if2-warm-start,/home/kevin/OneDrive/Documents/UMich/Research/pypomp/dmop/ditlevsen/results/reference/ifad097_comparable_post_if2.npz,1000,400,79,time-budget,942.9676976012997,850.8072700309567,92.16042757034302,79,942.9676322112791,-3838.7607700375415,-3823.9979469560444,1.026987579625043,0.5800000000000001,0,0,21.8979720086738,0.07168858872339456,10.589403394050855,-0.003334610673552395,2.833606361600064,0.2234256808363559,1.7482932460422134,5.8681265184354645,-2.432802978790104,3.956627227427329,3.472294313032937,4.255867818909549,-7.433718574395415,-6.138873446014992,-2.854625096399398,-4.472727676080704,-9.385661248650338,-3.7056416793253124,0.41890865459218307,0.35945105470871286,0.10010707315755794,0.07242330900571647,0.04910990853582975,3.0863940301909314,-2.635423697133491,2.3598538212983775,-0.3334610673552395,1.0415502331032231,-1.498676444449073,1.7482932460422134,5.8681265184354645,-2.432802978790104,3.956627227427329,3.472294313032937,4.255867818909549,-7.433718574395415,-6.138873446014992,-2.854625096399398,-4.472727676080704,-9.385661248650338,-3.7056416793253124,0.0,-0.15307486836684508,-1.431412543282221,-1.7551246928512616,-2.14359207040702
DS order-1.5 block Gaussian,20,24,if2-warm-start,/home/kevin/OneDrive/Documents/UMich/Research/pypomp/dmop/ditlevsen/results/reference/ifad097_comparable_post_if2.npz,1000,400,170,time-budget,944.2779653905891,852.1175378202461,92.16042757034302,170,944.2778763775714,-3853.2190021674332,-3839.5385904348605,1.2386509101078562,0.5640000000000001,0,0,18.64383391130284,0.05949422183007702,11.16740790237984,-0.0037107456501939205,2.9595809347381965,0.2453688853732293,0.9833495630521845,6.6858878430549105,-5.730406669740261,4.095257914384367,3.322033035374832,4.327848980079318,-7.39043837688652,-4.438223949775264,-2.6656013618918686,-4.793853959059941,-6.912030636217863,-6.00210099942216,0.0956997004582584,0.48134968977385495,0.10738147902716258,0.2766431594378131,0.03892597130291082,2.925515470044663,-2.821876083245784,2.412999527277499,-0.37107456501939207,1.085047682211166,-1.4049925462141772,0.9833495630521845,6.6858878430549105,-5.730406669740261,4.095257914384367,3.322033035374832,4.327848980079318,-7.39043837688652,-4.438223949775264,-2.6656013618918686,-4.793853959059941,-6.912030636217863,-6.00210099942216,-1.6153788432856715,0.0,-1.500206293064788,-0.5538655691066263,-2.514932341133451
DS order-1.5 block Gaussian,20,25,if2-warm-start,/home/kevin/OneDrive/Documents/UMich/Research/pypomp/dmop/ditlevsen/results/reference/ifad097_comparable_post_if2.npz,1000,400,171,time-budget,945.2120967791416,853.0516692087986,92.16042757034302,171,945.2119749682024,-3843.7669562040373,-3833.7429296915866,1.0503079661024368,0.592,0,0,19.946954190453646,0.05551535520285855,14.984634856624654,-0.0032323841028914836,2.7504438180042228,0.25019414184561606,1.6447810157556084,5.777231777253431,-2.4140746613475432,3.6603250718428626,3.552091874083053,4.1543239497784,-8.95730738296205,-10.104376573821403,-1.9229568732699345,-5.247592359863801,-6.512106698438737,-8.784214628756581,0.418311699734497,0.27813536184221815,0.001831796684044095,0.29214671499992745,0.00957442673931329,2.9930764595225803,-2.891095626174148,2.7070253332127914,-0.32323841028914835,1.0117622870219507,-1.3855180951098622,1.6447810157556084,5.777231777253431,-2.4140746613475432,3.6603250718428626,3.552091874083053,4.1543239497784,-8.95730738296205,-10.104376573821403,-1.9229568732699345,-5.247592359863801,-6.512106698438737,-8.784214628756581,0.0,-0.4081189394900691,-5.430929568010601,-0.3589707230653684,-3.777131185071899
DS order-1.5 block Gaussian,20,26,if2-warm-start,/home/kevin/OneDrive/Documents/UMich/Research/pypomp/dmop/ditlevsen/results/reference/ifad097_comparable_post_if2.npz,1000,400,171,time-budget,947.2274964293465,855.0670688590035,92.16042757034302,171,947.227404574398,-3842.732290224104,-3832.4093308001193,1.0806308345264495,0.591,0,0,19.11249878218955,0.08895050507174077,6.290956548609214,-0.003543594957984501,3.2317039982925104,0.2187576177429158,1.1000282998839175,6.04367546290343,-3.528280975718682,4.131906066214726,3.2347543752039143,4.264478674175198,-2.3723316421429246,-2.58644056163362,-3.7898419319654386,-5.32710123256413,-6.592205368038621,-5.729875917822657,0.07716986528449324,0.4846044804457396,0.055979309947576716,0.07470142930249273,0.30754491501969755,2.9503425075371696,-2.4196751867330604,1.8391131336508644,-0.3543594957984501,1.1730095517779922,-1.5197909303831385,1.1000282998839175,6.04367546290343,-3.528280975718682,4.131906066214726,3.2347543752039143,4.264478674175198,-2.3723316421429246,-2.58644056163362,-3.7898419319654386,-5.32710123256413,-6.592205368038621,-5.729875917822657,-1.8373240192273317,0.0,-2.158350896753208,-1.8698338281395228,-0.4547119123126108
DS order-1.5 block Gaussian,20,27,if2-warm-start,/home/kevin/OneDrive/Documents/UMich/Research/pypomp/dmop/ditlevsen/results/reference/ifad097_comparable_post_if2.npz,1000,400,171,time-budget,946.9386861692183,854.7782585988753,92.16042757034302,171,946.9385782843456,-3858.532519339503,-3823.0140822017684,1.4432898515623187,0.642,0,0,19.78551741014872,0.04448246316643015,28.23584310043981,-0.00576458121548579,3.101233245718145,0.23277368723426803,0.6649930291065418,6.300955236509538,-3.903222752096088,3.9551736825658597,3.3726463702304446,4.421684773182048,-2.098281138045767,-1.3628526821777103,-2.9041274595015873,-4.3163325775905665,-7.904298822523491,-4.2149736099213,0.09644773977288368,0.519094913314556,0.11779602727552085,0.19261059710202139,0.07405072253501806,2.984950226132979,-3.1126602536299326,3.3405922027972816,-0.576458121548579,1.1317998535806293,-1.4576885968571354,0.6649930291065418,6.300955236509538,-3.903222752096088,3.9551736825658597,3.3726463702304446,4.421684773182048,-2.098281138045767,-1.3628526821777103,-2.9041274595015873,-4.3163325775905665,-7.904298822523491,-4.2149736099213,-1.6830854388454581,0.0,-1.4831321974055431,-0.9914162245893434,-1.947336445677789
DS order-1.5 block Gaussian,20,28,if2-warm-start,/home/kevin/OneDrive/Documents/UMich/Research/pypomp/dmop/ditlevsen/results/reference/ifad097_comparable_post_if2.npz,1000,400,170,time-budget,942.8552417666651,850.6948141963221,92.16042757034302,170,942.8551402045414,-3846.156281762569,-3830.1639480639933,1.1761883847538765,0.636,0,0,23.047233776799626,0.07014752710612712,16.825407714730748,-0.003636502492830891,2.804050651956682,0.20748817809486372,1.8260906240748354,5.696967810302055,-1.7629393900414396,3.947622476177493,3.510403037150321,4.3018375997206775,-5.957373437576216,-3.5364250983249397,-3.453109131259336,-4.500836730236807,-7.994731056127334,-4.772804191124936,0.02721708458182575,0.4643884783154197,0.3552554629997421,0.05155403156119692,0.10158494254181569,3.137545752557606,-2.6571547245713796,2.822890107910632,-0.3636502492830891,1.0310650331877482,-1.5726809139712106,1.8260906240748354,5.696967810302055,-1.7629393900414396,3.947622476177493,3.510403037150321,4.3018375997206775,-5.957373437576216,-3.5364250983249397,-3.453109131259336,-4.500836730236807,-7.994731056127334,-4.772804191124936,-2.836876553937374,0.0,-0.2678842949258527,-2.1980910254692643,-1.519826118854386
DS order-1.5 block Gaussian,20,29,if2-warm-start,/home/kevin/OneDrive/Documents/UMich/Research/pypomp/dmop/ditlevsen/results/reference/ifad097_comparable_post_if2.npz,1000,400,172,time-budget,946.9799346001819,854.8195070298389,92.16042757034302,172,946.9798278394155,-3842.49720511105,-3818.811472217255,1.3970395313449135,0.622,0,0,28.55541318871268,0.04178455516137962,88.22756974909397,-0.0022963370467239206,2.711721450680208,0.25586943916878824,2.0997461817586385,5.358471671154236,0.03939647560148338,4.036431643531981,3.6572097247567643,4.368040366151764,2.655914407857084,-8.510423508883113,0.40978706512057866,-7.554288501394751,-3.7145404321077438,-13.42607016009183,0.03694000997283959,0.6755817607721154,0.05502199675016411,0.06331618277008506,0.1691400497347958,3.3518465219372886,-3.1752285014779598,4.479919496358385,-0.22963370467239205,0.9975836548769466,-1.3630879678453862,2.0997461817586385,5.358471671154236,0.03939647560148338,4.036431643531981,3.6572097247567643,4.368040366151764,2.655914407857084,-8.510423508883113,0.40978706512057866,-7.554288501394751,-3.7145404321077438,-13.42607016009183,-2.9062789427432167,0.0,-2.5078411412987784,-2.367433239035475,-1.3848471190890972
DS order-1.5 block Gaussian,20,30,if2-warm-start,/home/kevin/OneDrive/Documents/UMich/Research/pypomp/dmop/ditlevsen/results/reference/ifad097_comparable_post_if2.npz,1000,400,171,time-budget,946.5570911359973,854.3966635656543,92.16042757034302,171,946.5570033174008,-3824.457792686281,-3802.585061957886,1.857490650054117,0.5720000000000001,0,0,24.15948781742475,0.04375640280571867,48.53364360946196,-0.004904759617544,2.7072181685171715,0.2580685190987882,1.265590958987233,5.9681576341628455,-2.1023095307738413,4.133337475484352,3.4701655306328125,4.457020127182978,-1.2055092836979695,-2.5603900938820625,-2.4984145755990967,-3.8746955057473915,-12.554192519123319,-4.508408359553471,0.11980927428455837,0.4689389599699276,0.0008178600041402042,0.3529088119185307,0.057525093822843106,3.1846771732319965,-3.1291173270416093,3.8822572401261413,-0.4904759617544,0.9959216015911906,-1.3545301514178083,1.265590958987233,5.9681576341628455,-2.1023095307738413,4.133337475484352,3.4701655306328125,4.457020127182978,-1.2055092836979695,-2.5603900938820625,-2.4984145755990967,-3.8746955057473915,-12.554192519123319,-4.508408359553471,-1.3645715132440852,0.0,-6.35153671176736,-0.28426291027311956,-2.098251343745679
DS order-1.5 block Gaussian,20,31,if2-warm-start,/home/kevin/OneDrive/Documents/UMich/Research/pypomp/dmop/ditlevsen/results/reference/ifad097_comparable_post_if2.npz,1000,400,171,time-budget,946.4987236689776,854.3382960986346,92.16042757034302,171,946.4986286363564,-3829.568421220488,-3819.655097859418,1.0266188605109812,0.663,0,0,22.2941178386885,0.06937655475879913,15.44117220052752,-0.005315846305958862,3.0109087676850894,0.19014470285244606,1.4179908468928106,5.645276966133709,-1.7949269717423557,3.964183907764778,3.4492319821202564,4.320451653311883,-2.4180989717765127,-1.6102531496426324,-3.4511062023153993,-4.733925373847309,-8.930210835889934,-4.579304602720953,0.054694001306720176,0.5071613482861448,0.26084474018478254,0.04402723369193441,0.133272676530418,3.1043228696217366,-2.6682062962290147,2.7370374614381587,-0.5315846305958862,1.102241949367716,-1.6599699027269248,1.4179908468928106,5.645276966133709,-1.7949269717423557,3.964183907764778,3.4492319821202564,4.320451653311883,-2.4180989717765127,-1.6102531496426324,-3.4511062023153993,-4.733925373847309,-8.930210835889934,-4.579304602720953,-2.227075156069535,0.0,-0.6649038290309545,-2.4440208041655507,-1.3364319652509764
DS order-1.5 block Gaussian,20,32,if2-warm-start,/home/kevin/OneDrive/Documents/UMich/Research/pypomp/dmop/ditlevsen/results/reference/ifad097_comparable_post_if2.npz,1000,400,167,time-budget,945.6520508355461,853.4916232652031,92.16042757034302,167,945.6519605363719,-3943.6341076860017,-3917.2667792788343,1.071568426889985,0.528,0,0,15.335119260347916,0.04664595173493341,17.369972630538534,-0.007680652953842951,3.202194052553307,0.3257312844682852,1.0351397207991804,-4.03564513876318,-0.9684853985026497,3.3866901604023107,3.4697458738089657,3.955665628537664,-3.9217055510762564,4.003120531932071,-6.206334782114596,-3.7342135506716994,-9.555461992953608,-1.1416953665164997,0.2040564465546469,0.3394099812466766,0.12745263763446008,0.056670136159965204,0.27241079840425125,2.7301455745394247,-3.065169134984176,2.854743004577537,-0.7680652953842951,1.1638362162838947,-1.1216825182937546,1.0351397207991804,-4.03564513876318,-0.9684853985026497,3.3866901604023107,3.4697458738089657,3.955665628537664,-3.9217055510762564,4.003120531932071,-6.206334782114596,-3.7342135506716994,-9.555461992953608,-1.1416953665164997,-0.5088121065054859,0.0,-0.9794639348200027,-1.7899613880127163,-0.21989754566430972
DS order-1.5 block Gaussian,20,33,if2-warm-start,/home/kevin/OneDrive/Documents/UMich/Research/pypomp/dmop/ditlevsen/results/reference/ifad097_comparable_post_if2.npz,1000,400,80,time-budget,947.1569949244149,854.9965673540719,92.16042757034302,80,947.1569270943291,-3835.154270629644,-3822.370313307786,1.0645344519204079,0.624,0,0,19.583833342890607,0.060913109392348064,23.657053892556167,-0.00489318701089063,2.8638439416151633,0.22204214863241747,0.7874097352385293,6.377689215423023,-3.973522250209698,3.8005259608894346,3.439062353116178,4.2912323876248415,-1.143413788474945,-4.465899430041693,-3.1744413622439174,-4.081467648130818,-9.186036788891165,-5.409226340905815,0.2800952662798186,0.27993435074669853,0.040520511286588325,0.10166039386296906,0.2977894778239254,2.974704396433137,-2.798306866473505,3.1636613323084197,-0.489318701089063,1.0521647579542737,-1.5048880564261573,0.7874097352385293,6.377689215423023,-3.973522250209698,3.8005259608894346,3.439062353116178,4.2912323876248415,-1.143413788474945,-4.465899430041693,-3.1744413622439174,-4.081467648130818,-9.186036788891165,-5.409226340905815,-0.06125700458105112,-0.061831672536660144,-1.994578489166648,-1.074749000269258,0.0
DS order-1.5 block Gaussian,20,34,if2-warm-start,/home/kevin/OneDrive/Documents/UMich/Research/pypomp/dmop/ditlevsen/results/reference/ifad097_comparable_post_if2.npz,1000,400,171,time-budget,946.5157646792941,854.3553371089511,92.16042757034302,171,946.5156643516384,-3844.952115833219,-3834.5790200558968,1.5081355595878407,0.532,0,0,17.571034519592054,0.0585168029453597,13.999186672346985,-0.004843833299464452,2.698020356718545,0.2579620637431054,1.099830965535425,6.161477456512867,-3.6470084304290555,3.434744746750518,3.5808896362856264,4.100527922769761,-0.4560990175291377,-7.264361659531837,-6.213844689746936,-2.0724685469386412,-10.470182685724428,-7.947029290726888,0.03804061694040345,0.8065616182883021,0.03227090722590293,0.07098873458419012,0.05213812296120153,2.8662517803513707,-2.8384413361517096,2.6389992330953302,-0.48438332994644523,0.9925183028714605,-1.3549427446273299,1.099830965535425,6.161477456512867,-3.6470084304290555,3.434744746750518,3.5808896362856264,4.100527922769761,-0.4560990175291377,-7.264361659531837,-6.213844689746936,-2.0724685469386412,-10.470182685724428,-7.947029290726888,-3.054125840992482,0.0,-3.218614177470492,-2.4302591001162055,-2.738883888859756
DS order-1.5 block Gaussian,20,35,if2-warm-start,/home/kevin/OneDrive/Documents/UMich/Research/pypomp/dmop/ditlevsen/results/reference/ifad097_comparable_post_if2.npz,1000,400,171,time-budget,945.0680704736151,852.9076429032721,92.16042757034302,171,945.0679738875479,-3835.370553425281,-3821.820312670577,1.1681621999715073,0.5640000000000001,0,0,20.040735768501847,0.0638642499508935,13.264298024832591,-0.003751999993771945,2.8547998614743313,0.23400024908553427,0.9445018169810163,6.219257909992268,-2.738103737320088,4.061368282277418,3.3199472660439966,4.3754194112805935,-2.2669691013929554,-4.53100406594656,-3.194483897391285,-4.531743874448401,-10.212651641295224,-3.4410749522590125,0.35452812034332765,0.3425213573626495,0.18385864322286447,0.08165009484590167,0.03744178422525674,2.9977669905377873,-2.750995542846763,2.5850760668402044,-0.3751999993771945,1.0490017395910005,-1.452433099156907,0.9445018169810163,6.219257909992268,-2.738103737320088,4.061368282277418,3.3199472660439966,4.3754194112805935,-2.2669691013929554,-4.53100406594656,-3.194483897391285,-4.531743874448401,-10.212651641295224,-3.4410749522590125,0.0,-0.0344536537634575,-0.6566204477799775,-1.4683446857535627,-2.248000360721792
DS order-1.5 block Gaussian,20,36,if2-warm-start,/home/kevin/OneDrive/Documents/UMich/Research/pypomp/dmop/ditlevsen/results/reference/ifad097_comparable_post_if2.npz,1000,400,171,time-budget,947.009240209125,854.848812638782,92.16042757034302,171,947.0091364854015,-3833.187621866361,-3816.3763400566622,1.2092764456073868,0.596,0,0,19.403720454784104,0.0511765157113649,24.53867093782752,-0.004083841428621348,2.817059872899636,0.22566081676510225,0.9787399557013937,6.183823021091011,-3.6666926820739585,3.898850374683488,3.349191413692975,4.310776476759927,-3.1607325653402665,-1.3557571322661426,-3.850335306784479,-3.8651135569602286,-7.82811193360021,-3.7414551647964736,0.19081255533489275,0.5690474338970727,0.15108952147440866,0.03751586055915515,0.051534628734470816,2.9654648237024115,-2.9724745296737867,3.2002502788033795,-0.40838414286213476,1.0356937428038457,-1.4887222178283197,0.9787399557013937,6.183823021091011,-3.6666926820739585,3.898850374683488,3.349191413692975,4.310776476759927,-3.1607325653402665,-1.3557571322661426,-3.850335306784479,-3.8651135569602286,-7.82811193360021,-3.7414551647964736,-1.0926722337758028,0.0,-1.3260912756762282,-2.7192000024639142,-2.4017098099475955
DS order-1.5 block Gaussian,20,37,if2-warm-start,/home/kevin/OneDrive/Documents/UMich/Research/pypomp/dmop/ditlevsen/results/reference/ifad097_comparable_post_if2.npz,1000,400,171,time-budget,946.9297682703473,854.7693407000042,92.16042757034302,171,946.9296638104133,-3852.6067068058524,-3829.853587848016,1.0463914006790982,0.644,0,0,20.30491759318022,0.05363857017322176,16.94837619386229,-0.004304042889220614,3.171357202860374,0.21825893526259674,1.1436638670041737,6.097051389788822,-3.1208639961635596,3.9644937386198533,3.5086606195409207,4.207409606171676,-1.9422012176962407,-3.125556966135724,-2.7479858352932403,-4.716193120365841,-8.623824474878514,-2.8745819795638368,0.07483719649178376,0.5310357824722022,0.08916110042666671,0.27385482610772904,0.031111094501618326,3.0108631026803936,-2.925486876904142,2.8301720294652317,-0.4304042889220614,1.1541596359671258,-1.522073144607467,1.1436638670041737,6.097051389788822,-3.1208639961635596,3.9644937386198533,3.5086606195409207,4.207409606171676,-1.9422012176962407,-3.125556966135724,-2.7479858352932403,-4.716193120365841,-8.623824474878514,-2.8745819795638368,-1.9595143652448634,0.0,-1.7843845553269122,-0.6622312716708121,-2.837264913968506
DS order-1.5 block Gaussian,20,38,if2-warm-start,/home/kevin/OneDrive/Documents/UMich/Research/pypomp/dmop/ditlevsen/results/reference/ifad097_comparable_post_if2.npz,1000,400,171,time-budget,947.0693784747273,854.9089509043843,92.16042757034302,171,947.0692846863531,-3840.4173360615614,-3819.125902807743,1.2579235683321321,0.632,0,0,22.885390080637283,0.07452848428795739,18.38450377589722,-0.0039002297439407626,2.8180902665648424,0.20513652688074716,1.7325056800784062,5.360950725205085,-0.8217437576140237,3.762733558840737,3.6219112410556535,4.187753827924849,-3.045690509923959,-2.0245294628542307,-4.528017799329056,-4.5993105323371966,-9.492854405945518,-4.416245997868598,0.29382104368952205,0.3494079367952765,0.05155287416410405,0.11173437784855056,0.19348376750254678,3.1304987192143146,-2.5965738872340505,2.91150812368445,-0.39002297439407624,1.0360594451014558,-1.5840795367290492,1.7325056800784062,5.360950725205085,-0.8217437576140237,3.762733558840737,3.6219112410556535,4.187753827924849,-3.045690509923959,-2.0245294628542307,-4.528017799329056,-4.5993105323371966,-9.492854405945518,-4.416245997868598,-0.17326922586563923,0.0,-1.913632149151251,-1.1401156847580773,-0.5910464928655104
DS order-1.5 block Gaussian,20,39,if2-warm-start,/home/kevin/OneDrive/Documents/UMich/Research/pypomp/dmop/ditlevsen/results/reference/ifad097_comparable_post_if2.npz,1000,400,172,time-budget,946.9855847372673,854.8251571669243,92.16042757034302,172,946.9854865614325,-3908.45768900487,-3886.4854276867623,1.0638449170464344,0.591,0,0,17.19616106804308,0.07498515274113667,4.689158811964721,-0.004445698818328564,3.070973745647476,0.2261826895385438,1.462393842016247,5.8027239090558265,-2.2682819545972865,4.170849184453297,3.2236781139482376,4.214851099159403,-3.5030091023742846,-8.67964433661455,-9.681606142394074,-7.569710739585775,-5.563226394928798,-7.079858528902785,0.11838992312075977,0.19605365444971976,0.059295645785200295,0.08296696235133821,0.543293814292982,2.844686165189557,-2.590465148494688,1.545253208581618,-0.4445698818328564,1.121994692300512,-1.4864122454674507,1.462393842016247,5.8027239090558265,-2.2682819545972865,4.170849184453297,3.2236781139482376,4.214851099159403,-3.5030091023742846,-8.67964433661455,-9.681606142394074,-7.569710739585775,-5.563226394928798,-7.079858528902785,-1.523666658006746,-1.019261899096288,-2.215114391643289,-1.8792077834610348,0.0
DS order-1.5 block Gaussian,20,40,if2-warm-start,/home/kevin/OneDrive/Documents/UMich/Research/pypomp/dmop/ditlevsen/results/reference/ifad097_comparable_post_if2.npz,1000,400,171,time-budget,946.5598629089072,854.3994353385642,92.16042757034302,171,946.5597736071795,-3848.564739428758,-3816.214875892375,1.1813460293901537,0.627,0,0,22.35241259141939,0.056426275327254846,24.628630152877133,-0.004040074526380106,3.032582794818818,0.2318978750027154,1.271531517010005,5.8540172267953485,-2.6060251966920394,3.913409019357636,3.4934516617119704,4.374732439129535,-1.7092377359727182,-1.4786357404735655,-3.6462101439264,-3.8732707338834222,-7.416041552775609,-8.335894451720264,0.1855422168254497,0.36485003184684606,0.1919753856377731,0.02671675911080781,0.2309156065791233,3.106934261158641,-2.874820354367284,3.203909593569,-0.4040074526380105,1.1094146639592621,-1.4614581981834402,1.271531517010005,5.8540172267953485,-2.6060251966920394,3.913409019357636,3.4934516617119704,4.374732439129535,-1.7092377359727182,-1.4786357404735655,-3.6462101439264,-3.8732707338834222,-7.416041552775609,-8.335894451720264,-0.6762039573802536,0.0,-0.6421192334929106,-2.614195346950185,-0.45743409321437917
DS order-1.5 block Gaussian,20,41,if2-warm-start,/home/kevin/OneDrive/Documents/UMich/Research/pypomp/dmop/ditlevsen/results/reference/ifad097_comparable_post_if2.npz,1000,400,171,time-budget,946.510288527701,854.349860957358,92.16042757034302,171,946.5101838386618,-3830.191941428586,-3814.0299172773366,1.1787203566382758,0.548,0,0,21.225439162161777,0.06823543656856348,12.511188650650617,-0.004294685762618011,2.890167658244842,0.25398725941358147,1.0258128463268428,6.109734271491085,-2.9170411078509098,3.849366343352617,3.4515377573930324,4.422994441055098,0.7250438801988498,-4.910742424279462,-2.2458389838672663,-5.288882961148485,-6.2855024526614764,-12.66082494997705,0.022301038586909103,0.25670605318782436,0.09763290637739884,0.10638457615634249,0.516975425691525,3.0552004227801453,-2.6847912512973813,2.5266233360043,-0.42946857626180107,1.0613145136751476,-1.370471173010694,1.0258128463268428,6.109734271491085,-2.9170411078509098,3.849366343352617,3.4515377573930324,4.422994441055098,0.7250438801988498,-4.910742424279462,-2.2458389838672663,-5.288882961148485,-6.2855024526614764,-12.66082494997705,-3.143362090081605,-0.7000636724818675,-1.6667807487661297,-1.5809347354041052,0.0
DS order-1.5 block Gaussian,20,42,if2-warm-start,/home/kevin/OneDrive/Documents/UMich/Research/pypomp/dmop/ditlevsen/results/reference/ifad097_comparable_post_if2.npz,1000,400,165,time-budget,945.089517660439,852.929090090096,92.16042757034302,165,945.0891875354573,-3842.6132576548853,-3824.461487279699,1.0716824069291613,0.6559999999999999,0,0,21.142003383411794,0.05160960602459862,19.23702498156232,-0.003264238447256157,3.108524777316352,0.21364199385909455,1.2938698938673932,5.889471552750974,-2.610781960971389,3.8016003619643173,3.4915910990689185,4.322524597155894,-2.6770855400077327,-1.5587802804952084,-4.226825520549898,-3.2135327499810242,-9.003014918577428,-5.622168447505771,0.0993664732845509,0.5495400233619537,0.014899040310664895,0.22630452145727797,0.1098899415855526,3.0512617433791798,-2.9640474605534357,2.9568368065436887,-0.3264238447256157,1.1341482655226884,-1.54345359075551,1.2938698938673932,5.889471552750974,-2.610781960971389,3.8016003619643173,3.4915910990689185,4.322524597155894,-2.6770855400077327,-1.5587802804952084,-4.226825520549898,-3.2135327499810242,-9.003014918577428,-5.622168447505771,-1.7102668412875166,0.0,-3.607784804957908,-0.8872000747887826,-1.6096022732680966
DS order-1.5 block Gaussian,20,43,if2-warm-start,/home/kevin/OneDrive/Documents/UMich/Research/pypomp/dmop/ditlevsen/results/reference/ifad097_comparable_post_if2.npz,1000,400,82,time-budget,948.7410769863054,856.5806494159624,92.16042757034302,82,948.7410136172548,-3960.118686350451,-3949.8006106417643,1.0151369292428751,0.5640000000000001,0,0,13.472437505938993,0.07756719429118403,7.187130260876111,-0.003996092603983228,3.3195039713758487,0.2879230258269798,-0.8113482160654677,-2.774538868854457,-1.2818317616587653,3.911076779178878,3.0743357630488757,4.461447078139216,-4.146891534741009,3.237046270553697,-7.086464641093278,-11.446364401364642,-12.073489161812834,-1.79539910650198,0.32426713832962556,0.2191237932158081,0.32556953446719666,0.11359440669987214,0.017445127287497527,2.600645932175973,-2.556610695158208,1.9722919628352227,-0.39960926039832273,1.1998153655540835,-1.2450621060036642,-0.8113482160654677,-2.774538868854457,-1.2818317616587653,3.911076779178878,3.0743357630488757,4.461447078139216,-4.146891534741009,3.237046270553697,-7.086464641093278,-11.446364401364642,-12.073489161812834,-1.79539910650198,-0.00400838529405155,-0.39593922644993507,0.0,-1.0529417941115171,-2.9265156912742247
DS order-1.5 block Gaussian,20,44,if2-warm-start,/home/kevin/OneDrive/Documents/UMich/Research/pypomp/dmop/ditlevsen/results/reference/ifad097_comparable_post_if2.npz,1000,400,171,time-budget,946.4508543536067,854.2904267832637,92.16042757034302,171,946.4507659105584,-3856.8605513005714,-3822.0851134079294,1.042830807739727,0.7030000000000001,0,0,21.92581251788418,0.04184736433912747,40.868107505048016,-0.004510055045595357,3.1002125741584887,0.2153611155890941,1.1143282210576981,5.99247689443408,-2.7140963507210203,3.738511478636123,3.5558322899628134,4.329134770911687,-1.0279558779324371,-1.8415480096397754,-3.3997897596438995,-3.3286502188085687,-8.184831364957569,-8.653489083506102,0.4932289481263095,0.36052265387315885,0.09972486687592336,0.004271724639828864,0.04225180648477946,3.0876645965400717,-3.173726462784319,3.710349991269126,-0.4510055045595357,1.1314706814493172,-1.535439052426384,1.1143282210576981,5.99247689443408,-2.7140963507210203,3.738511478636123,3.5558322899628134,4.329134770911687,-1.0279558779324371,-1.8415480096397754,-3.3997897596438995,-3.3286502188085687,-8.184831364957569,-8.653489083506102,0.0,-0.31341866916742045,-1.598558401186718,-4.748955821453968,-2.4573263541401964
DS order-1.5 block Gaussian,20,45,if2-warm-start,/home/kevin/OneDrive/Documents/UMich/Research/pypomp/dmop/ditlevsen/results/reference/ifad097_comparable_post_if2.npz,1000,400,171,time-budget,944.9535795613192,852.7931519909762,92.16042757034302,171,944.9534609704278,-3817.1025999584863,-3811.9056876168816,1.1187060626358405,0.489,0,0,20.590814796405823,0.07765215088040439,6.436048736317409,-0.0035971182821965784,2.8066537306158783,0.2697597390008875,0.38149139091043716,7.062406243424372,-5.767525230997531,4.4905530243172285,3.087701196067757,4.6645047987572985,-1.3253165219103098,-5.148487284162092,-4.7169992408609485,-2.864212381540071,-12.569978123304313,-4.259563398631159,0.3571619750773661,0.327067102103832,0.05197335290666912,0.07702050985869863,0.18677706005343414,3.024845092690233,-2.5555160300878197,1.8619148015560043,-0.35971182821965786,1.03199293053128,-1.3102235716925148,0.38149139091043716,7.062406243424372,-5.767525230997531,4.4905530243172285,3.087701196067757,4.6645047987572985,-1.3253165219103098,-5.148487284162092,-4.7169992408609485,-2.864212381540071,-12.569978123304313,-4.259563398631159,0.0,-0.08802403552887342,-1.9274582474503545,-1.5341176423979546,-0.6482736771844404
DS order-1.5 block Gaussian,20,46,if2-warm-start,/home/kevin/OneDrive/Documents/UMich/Research/pypomp/dmop/ditlevsen/results/reference/ifad097_comparable_post_if2.npz,1000,400,165,time-budget,942.8645635452121,850.7041359748691,92.16042757034302,168,942.8644446954131,-4241.4604629140695,-4227.573269845751,1.0,0.59,0,23,11.06490291310082,0.3257169148770324,0.07273334613834263,-0.015228786072892986,13.338072785829334,0.3287005485156466,2.3101124961364854,6.4982369093022285,-1.1760369492529161,5.304562244866825,4.359874634816164,5.344152626058545,-3.4014024451478226,-0.5137768356635515,-7.220003996573937,-14.812059629065825,-6.316018970761051,-5.0614583410411305,0.11547023462770514,0.04729741275029885,0.03428828865961498,0.052873211455652,0.750070852506729,2.403778199230522,-1.1217266341306533,-2.620955318197085,-1.5228786072892986,2.5906225612224656,-1.1126081295708956,2.3101124961364854,6.4982369093022285,-1.1760369492529161,5.304562244866825,4.359874634816164,5.344152626058545,-3.4014024451478226,-0.5137768356635515,-7.220003996573937,-14.812059629065825,-6.316018970761051,-5.0614583410411305,-1.8711548841791394,-2.763712076800643,-3.0853638147040083,-2.652270861180819,0.0
DS order-1.5 block Gaussian,20,47,if2-warm-start,/home/kevin/OneDrive/Documents/UMich/Research/pypomp/dmop/ditlevsen/results/reference/ifad097_comparable_post_if2.npz,1000,400,171,time-budget,946.9726517293602,854.8122241590172,92.16042757034302,171,946.972566683311,-3846.070930838958,-3830.829643122099,1.1812089386407123,0.567,0,0,21.671510888789935,0.08722764841449543,7.2011141854213925,-0.0029847218408010317,2.88107357687865,0.23796177460416482,1.779875744797637,5.866952856377567,-2.2341751210835423,3.876639953342268,3.558357141339718,4.196289612365406,-15.812640560165516,-9.082442907804747,-2.3304270753671026,-5.115996023580811,-10.319316298607703,-9.811177406165191,0.08140205753077513,0.6203694565903197,0.1717011065872372,0.04757103080277325,0.07895634848889467,3.075998535719972,-2.439233929349376,1.9742357620249702,-0.2984721840801032,1.0581629944360043,-1.4356452291168458,1.779875744797637,5.866952856377567,-2.2341751210835423,3.876639953342268,3.558357141339718,4.196289612365406,-15.812640560165516,-9.082442907804747,-2.3304270753671026,-5.115996023580811,-10.319316298607703,-9.811177406165191,-2.03091464880902,0.0,-1.2845599855184382,-2.568091218902003,-2.0614200493078103
DS order-1.5 block Gaussian,20,48,if2-warm-start,/home/kevin/OneDrive/Documents/UMich/Research/pypomp/dmop/ditlevsen/results/reference/ifad097_comparable_post_if2.npz,1000,400,171,time-budget,947.0000532972626,854.8396257269196,92.16042757034302,171,946.9999447101727,-3853.37735269435,-3836.681624225102,1.0928200509760575,0.613,0,0,19.075406092645654,0.05375249087558837,13.574544655490689,-0.003709992836762122,3.1422576393285517,0.23557692981449627,1.0322007531127184,6.308441297938504,-3.986565377959367,3.8179175259156817,3.357474130569211,4.434075201649235,-0.359020845710134,-3.6326737177291353,-3.0015211193872964,-4.716954644369287,-4.957912511850515,-16.245592718204602,0.17883593294156347,0.5923913453675888,0.07678246533245031,0.14441000448914315,0.007580251869254289,2.9483998662044923,-2.9233652711767046,2.6081963223838103,-0.3709992836762122,1.1449415349849597,-1.445717752990381,1.0322007531127184,6.308441297938504,-3.986565377959367,3.8179175259156817,3.357474130569211,4.434075201649235,-0.359020845710134,-3.6326737177291353,-3.0015211193872964,-4.716954644369287,-4.957912511850515,-16.245592718204602,-1.1976986630637636,0.0,-2.0431911747448184,-1.4115109656220932,-4.358621045610613
DS order-1.5 block Gaussian,20,49,if2-warm-start,/home/kevin/OneDrive/Documents/UMich/Research/pypomp/dmop/ditlevsen/results/reference/ifad097_comparable_post_if2.npz,1000,400,172,time-budget,946.8329805321991,854.6725529618561,92.16042757034302,172,946.8328789551742,-3841.5507571910885,-3824.588690187502,1.3718148190510253,0.577,0,0,18.865969806950215,0.05713623128509259,13.986516058873532,-0.0043341767666788935,2.996292431500159,0.23521694672180707,0.7033687694802403,6.535172333272848,-4.190845379762009,3.6918794947042715,3.3645248648776183,4.425493124262862,0.41488172816717095,-7.99945207724661,-2.6294485302461177,-4.617328796897584,-5.645003188392794,-7.90908216167662,0.04790894897463786,0.48877809254660465,0.22767276152781296,0.11919190749901999,0.11644828945192438,2.937359759831502,-2.86231684016336,2.6380937268473073,-0.43341767666788933,1.097375668201489,-1.4472470131646784,0.7033687694802403,6.535172333272848,-4.190845379762009,3.6918794947042715,3.3645248648776183,4.425493124262862,0.41488172816717095,-7.99945207724661,-2.6294485302461177,-4.617328796897584,-5.645003188392794,-7.90908216167662,-2.3226062748440954,0.0,-0.7639992464736373,-1.4111737257862635,-1.434461280901962
DS order-1.5 block Gaussian,20,50,if2-warm-start,/home/kevin/OneDrive/Documents/UMich/Research/pypomp/dmop/ditlevsen/results/reference/ifad097_comparable_post_if2.npz,1000,400,171,time-budget,946.602026692126,854.4415991217829,92.16042757034302,171,946.6019390812144,-3859.9584076871697,-3828.924341128808,1.5772367472651478,0.626,0,0,18.363581051189346,0.04794756765878471,21.238925043477476,-0.004858268193145913,3.10180605153674,0.23127402048142784,0.5053140745058665,6.728497477862174,-5.338237533430045,3.9586732386411327,3.2350998484525366,4.477529067675286,-0.8076121332002771,-3.6919284580253007,-2.8288755205659877,-4.503218800302802,-5.661797930765208,-6.376412762307538,0.042724001771234026,0.48590978556193093,0.046481062980797294,0.15944302880220648,0.26544212088383135,2.9103694125343513,-3.037647205554871,3.05583558508724,-0.4858268193145913,1.1319845391171135,-1.4641520356318414,0.5053140745058665,6.728497477862174,-5.338237533430045,3.9586732386411327,3.2350998484525366,4.477529067675286,-0.8076121332002771,-3.6919284580253007,-2.8288755205659877,-4.503218800302802,-5.661797930765208,-6.376412762307538,-2.4312621155689613,0.0,-2.3469779983333527,-1.1143363080283444,-0.6046261637751008
DS order-1.5 block Gaussian,20,51,if2-warm-start,/home/kevin/OneDrive/Documents/UMich/Research/pypomp/dmop/ditlevsen/results/reference/ifad097_comparable_post_if2.npz,1000,400,171,time-budget,946.6483639422804,854.4879363719374,92.16042757034302,171,946.6482767951675,-3841.6340927289375,-3819.30499318465,1.3906815024027843,0.653,0,0,21.480207179208012,0.06797129815758775,14.562464321242473,-0.004093952020387814,2.931853398588757,0.20196810509682592,1.4147013882881003,5.7853622824947815,-2.0193465559979398,3.818498674085815,3.564341439920911,4.237398251515829,-1.7873571637441978,-2.869229724748643,-2.983609676947915,-4.740860900999243,-9.198930377074692,-7.602928749531989,0.330683626945043,0.38047309095216464,0.06065783425424154,0.0797977593726726,0.14838768847587813,3.067131914808675,-2.6886697488271922,2.6784472812794826,-0.40939520203878144,1.075634782293015,-1.5996454896080163,1.4147013882881003,5.7853622824947815,-2.0193465559979398,3.818498674085815,3.564341439920911,4.237398251515829,-1.7873571637441978,-2.869229724748643,-2.983609676947915,-4.740860900999243,-9.198930377074692,-7.602928749531989,-0.14025334610424434,0.0,-1.836166655976357,-1.5619200285452217,-0.9415870890311844
DS order-1.5 block Gaussian,20,52,if2-warm-start,/home/kevin/OneDrive/Documents/UMich/Research/pypomp/dmop/ditlevsen/results/reference/ifad097_comparable_post_if2.npz,1000,400,164,time-budget,944.7052395544015,852.5448119840585,92.16042757034302,164,944.7050034711137,-3842.863669177332,-3821.3502724837044,1.0723996370702322,0.633,0,0,24.178526172564176,0.0407919697278528,53.82408346037876,-0.004097174839831149,2.979206757317114,0.23974052426843387,1.4323901339336125,5.574004547904988,-1.1168176834162733,3.6771125525395667,3.5884880484191295,4.3941471028025365,0.0763235741341374,-1.8473385219479657,-2.8549538864495205,-3.829673400830326,-6.6596350891126574,-13.46244352556558,0.03145908345955431,0.4208800971177896,0.19750315743457222,0.06628555413969195,0.2838721078483919,3.18546489099499,-3.1992700373394616,3.985721014965711,-0.4097174839831149,1.0916570762630204,-1.4281980893847106,1.4323901339336125,5.574004547904988,-1.1168176834162733,3.6771125525395667,3.5884880484191295,4.3941471028025365,0.0763235741341374,-1.8473385219479657,-2.8549538864495205,-3.829673400830326,-6.6596350891126574,-13.46244352556558,-2.593660224483168,0.0,-0.7565934169480049,-1.848376000999886,-0.39382417591468855
DS order-1.5 block Gaussian,20,53,if2-warm-start,/home/kevin/OneDrive/Documents/UMich/Research/pypomp/dmop/ditlevsen/results/reference/ifad097_comparable_post_if2.npz,1000,400,80,time-budget,945.5260277842171,853.3656002138741,92.16042757034302,80,945.5259258272126,-3818.7827277605843,-3809.166015207256,1.1418150840931247,0.498,0,0,23.739172184549446,0.0732997691212061,17.098322474137454,-0.0036097931583914783,2.7583973367222048,0.27192872473341434,1.1856283654734692,6.051934241109995,-2.149316031199108,3.9680458216700933,3.5018521821527493,4.4241912471557505,-0.0035503115648930473,-6.076311186268533,-2.45205957749287,-5.019465398398835,-7.747476089594376,-6.337708903070112,0.418034403248569,0.11970651939075107,0.05497642693792166,0.10452328047151781,0.3027593699512404,3.1671265185040207,-2.613197819873399,2.838980357768769,-0.36097931583914783,1.0146498359713287,-1.3022152884462628,1.1856283654734692,6.051934241109995,-2.149316031199108,3.9680458216700933,3.5018521821527493,4.4241912471557505,-0.0035503115648930473,-6.076311186268533,-2.45205957749287,-5.019465398398835,-7.747476089594376,-6.337708903070112,0.0,-1.25052065806225,-2.02865924133229,-1.3861539073354292,-0.3226254021387197
DS order-1.5 block Gaussian,20,54,if2-warm-start,/home/kevin/OneDrive/Documents/UMich/Research/pypomp/dmop/ditlevsen/results/reference/ifad097_comparable_post_if2.npz,1000,400,171,time-budget,946.5203625792637,854.3599350089207,92.16042757034302,171,946.5202625612728,-3837.4300131228574,-3823.248255298842,1.4598281768982813,0.584,0,0,15.312304317095373,0.053185282970144514,12.399461104306187,-0.005100545654098097,2.811892105432725,0.22256147881080598,-0.21798540641846045,7.106090217354614,-6.5906560736760404,4.0062481646276495,3.1673333835871897,4.3692235570558005,-1.3746175658796627,-4.656636683133906,-4.888406007647879,-3.3978569655031357,-10.03772757261092,-3.943981074527865,0.0332406146210604,0.41995741490150945,0.007173139716516917,0.5159549534603025,0.02367387730061075,2.728656708931559,-2.933973556804846,2.517653012336461,-0.5100545654098096,1.033857603878273,-1.5025519062801667,-0.21798540641846045,7.106090217354614,-6.5906560736760404,4.0062481646276495,3.1673333835871897,4.3692235570558005,-1.3746175658796627,-4.656636683133906,-4.888406007647879,-3.3978569655031357,-10.03772757261092,-3.943981074527865,-2.742247001953954,-0.20586614913005932,-4.275676007105877,0.0,-3.081647245532206
DS order-1.5 block Gaussian,20,55,if2-warm-start,/home/kevin/OneDrive/Documents/UMich/Research/pypomp/dmop/ditlevsen/results/reference/ifad097_comparable_post_if2.npz,1000,400,171,time-budget,945.0622329022735,852.9018053319305,92.16042757034302,171,945.0621189293452,-3833.7329837930174,-3825.0658400747293,1.0880697835430748,0.595,0,0,18.519606954774478,0.06779770206303648,9.443735155211034,-0.003739951388264462,3.1176392148029493,0.22106144179575996,0.9835122214319826,6.117636315525731,-3.869162061562562,3.6204820006892233,3.4628587458121274,4.287191604240545,-1.9523692252212856,-2.440910378537312,-4.259428659983237,-4.033296998080096,-7.1596153783178735,-6.697182406598186,0.25436656423009046,0.4370020184178888,0.23404488632416606,0.004291511472591308,0.07029501955526328,2.918830006248469,-2.691226977485732,2.2453515751209103,-0.3739951388264462,1.1370760534861395,-1.5093145989286132,0.9835122214319826,6.117636315525731,-3.869162061562562,3.6204820006892233,3.4628587458121274,4.287191604240545,-1.9523692252212856,-2.440910378537312,-4.259428659983237,-4.033296998080096,-7.1596153783178735,-6.697182406598186,-0.5411614209750282,0.0,-0.6244248950297822,-4.623298818388619,-1.827236863169791
DS order-1.5 block Gaussian,20,56,if2-warm-start,/home/kevin/OneDrive/Documents/UMich/Research/pypomp/dmop/ditlevsen/results/reference/ifad097_comparable_post_if2.npz,1000,400,171,time-budget,947.0277864136733,854.8673588433303,92.16042757034302,171,947.0276924516074,-3820.4104874654704,-3814.384568616513,1.4702805355684023,0.474,0,0,21.532867633668793,0.07236406677422481,9.202586333181474,-0.003233162123950633,2.666919121111616,0.27011221138641456,1.3849861681499056,6.019100693046067,-2.499767204933768,4.0709947178678,3.3641472670800274,4.373751334280375,-3.3434653396433163,-5.808970746325354,-2.6928320492462072,-5.0855825782353605,-8.178233550007128,-10.111824970977148,0.0878780251326402,0.34442735296583843,0.05010522844366847,0.37498932651074884,0.14260006694710403,3.0695804949671754,-2.626045418068797,2.2194845677191792,-0.3233162123950633,0.980923918947621,-1.3089178085931163,1.3849861681499056,6.019100693046067,-2.499767204933768,4.0709947178678,3.3641472670800274,4.373751334280375,-3.3434653396433163,-5.808970746325354,-2.6928320492462072,-5.0855825782353605,-8.178233550007128,-10.111824970977148,-1.45094778798205,-0.0850143714432142,-2.0127722001285986,0.0,-0.966853585472471
DS order-1.5 block Gaussian,20,57,if2-warm-start,/home/kevin/OneDrive/Documents/UMich/Research/pypomp/dmop/ditlevsen/results/reference/ifad097_comparable_post_if2.npz,1000,400,171,time-budget,946.8990452066064,854.7386176362634,92.16042757034302,171,946.8989496044815,-3834.673049065948,-3820.8264421140475,1.3183437205615383,0.544,0,0,17.414602006141553,0.08530176827338957,7.02573181709616,-0.0043332941158687474,2.78437853965878,0.24258818341865857,0.7257179233444401,6.57438723791259,-5.10215503768098,3.928732756724459,3.307457939818641,4.210438350659514,-0.16448285862800313,-10.378053016829114,-2.899982510831722,-5.325247914909362,-7.6203626867759855,-7.289966072250046,0.1246724959367466,0.24212466775644445,0.054038112041572675,0.030741995675101864,0.5484227285901344,2.8573090500478644,-2.4615600946479077,1.9495793830462755,-0.43332941158687477,1.0240247029341523,-1.4163899917431366,0.7257179233444401,6.57438723791259,-5.10215503768098,3.928732756724459,3.307457939818641,4.210438350659514,-0.16448285862800313,-10.378053016829114,-2.899982510831722,-5.325247914909362,-7.6203626867759855,-7.289966072250046,-1.4813561256025727,-0.8175936425789981,-2.317356815939379,-2.8814167349877065,0.0
DS order-1.5 block Gaussian,20,58,if2-warm-start,/home/kevin/OneDrive/Documents/UMich/Research/pypomp/dmop/ditlevsen/results/reference/ifad097_comparable_post_if2.npz,1000,400,171,time-budget,947.1135467104614,854.9531191401184,92.16042757034302,171,947.1134484494105,-3846.651623717192,-3837.5437767433637,1.230173118891038,0.552,0,0,14.633732600475097,0.10283661515356672,3.6888644604822525,-0.003489407548908738,2.887259883821794,0.22430451260990916,0.4469267518839492,6.7650944206648544,-6.369306888768729,3.6865029565819945,3.3217013606205343,4.005833912480426,-3.024971136979138,-12.057444639860098,-7.692635965038863,-3.171254849391197,-8.99051108402017,-3.2027053840731483,0.22159676955876634,0.17291972009928544,0.010338746884781588,0.4016915531525803,0.19345321030458631,2.683329315811301,-2.274613810840948,1.3053186764058713,-0.3489407548908738,1.0603079152721737,-1.4947507190230007,0.4469267518839492,6.7650944206648544,-6.369306888768729,3.6865029565819945,3.3217013606205343,4.005833912480426,-3.024971136979138,-12.057444639860098,-7.692635965038863,-3.171254849391197,-8.99051108402017,-3.2027053840731483,-0.5948251364300706,-0.8428570722671445,-3.6597858426844097,0.0,-0.7306488373752223
DS order-1.5 block Gaussian,20,59,if2-warm-start,/home/kevin/OneDrive/Documents/UMich/Research/pypomp/dmop/ditlevsen/results/reference/ifad097_comparable_post_if2.npz,1000,400,170,time-budget,945.5606808033772,853.4002532330342,92.16042757034302,171,945.5605605463497,-3874.37198602538,-3857.270422218842,1.0831322340905993,0.48,0,7,14.586909494724386,0.07938240730938971,4.990482320432976,-0.005832059645302129,2.8408220141245737,0.25040014938188104,0.3305273641360071,7.020298178407706,-6.66733612693401,4.372714192502764,2.915831537346191,4.293203200835075,-4.281369837270527,-6.821022775080232,-5.14543277290006,-5.968027140959966,-5.80969047164529,-4.029046703631965,0.060086425157116444,0.48838616008677693,0.28421227089216317,0.08524313216190359,0.08207201170203998,2.6801245165687786,-2.533478505690106,1.6075325624937997,-0.5832059645302129,1.0440934518861376,-1.3846950431833642,0.3305273641360071,7.020298178407706,-6.66733612693401,4.372714192502764,2.915831537346191,4.293203200835075,-4.281369837270527,-6.821022775080232,-5.14543277290006,-5.968027140959966,-5.80969047164529,-4.029046703631965,-2.095322459485742,0.0,-0.541385012893017,-1.7455988528166693,-1.783509351216369
DS order-1.5 block Gaussian,20,60,if2-warm-start,/home/kevin/OneDrive/Documents/UMich/Research/pypomp/dmop/ditlevsen/results/reference/ifad097_comparable_post_if2.npz,1000,400,171,time-budget,946.5683588520624,854.4079312817194,92.16042757034302,171,946.5682698250748,-3849.0402079984015,-3845.9752228135926,1.070393236112129,0.592,0,0,15.786520607267626,0.07573621387604143,7.704333207291934,-0.005181913743586769,2.934865740285856,0.22834530103162157,0.6713900673304917,6.279792957113358,-4.925083510215121,3.0453981968586294,3.6291523403177353,3.9750953569486076,-4.776531314661401,0.0730790070617635,-7.960302692206938,-2.267253782294562,-8.989150295917623,-4.053763728507034,0.0990191696056251,0.6066641013812788,0.18048327348115917,0.013046602679932287,0.10078685285200462,2.759156449791421,-2.5804988461915213,2.041782924766636,-0.5181913743586769,1.076661707867777,-1.4768963174843746,0.6713900673304917,6.279792957113358,-4.925083510215121,3.0453981968586294,3.6291523403177353,3.9750953569486076,-4.776531314661401,0.0730790070617635,-7.960302692206938,-2.267253782294562,-8.989150295917623,-4.053763728507034,-1.8126617991310818,0.0,-1.2123371571167831,-3.83944749406437,-1.7949673438261138
DS order-1.5 block Gaussian,20,61,if2-warm-start,/home/kevin/OneDrive/Documents/UMich/Research/pypomp/dmop/ditlevsen/results/reference/ifad097_comparable_post_if2.npz,1000,400,171,time-budget,946.4796247286722,854.3191971583292,92.16042757034302,171,946.4795384705067,-3834.2472857544253,-3819.725021325616,1.115653903328853,0.508,0,0,26.865094300691197,0.07665171254049796,16.45413589363745,-0.002168270207273265,2.706117426778726,0.25592063043841146,2.319482276299481,5.278919002573444,0.0034020623040493976,3.775382497308598,3.7654419409039566,4.18033236706989,-9.442723820913624,-9.986031402265693,-1.6597082394832385,-5.8023871523579444,-7.620844786890593,-3.14370526328505,0.11973847225847874,0.5692011535603279,0.25379799255200447,0.008437243915212066,0.048825137713976896,3.290827834343662,-2.5684833315721134,2.80057686771576,-0.21682702072732649,0.9955149237733317,-1.3628879199240453,2.319482276299481,5.278919002573444,0.0034020623040493976,3.775382497308598,3.7654419409039566,4.18033236706989,-9.442723820913624,-9.986031402265693,-1.6597082394832385,-5.8023871523579444,-7.620844786890593,-3.14370526328505,-1.5589239262557417,0.0,-0.8076952471656555,-4.211578187899719,-2.455988595526564
DS order-1.5 block Gaussian,20,62,if2-warm-start,/home/kevin/OneDrive/Documents/UMich/Research/pypomp/dmop/ditlevsen/results/reference/ifad097_comparable_post_if2.npz,1000,400,164,time-budget,947.0300700902008,854.8696425198577,92.16042757034302,164,947.0298268492334,-3828.0181226129084,-3823.080464528861,1.1552149246313157,0.5309999999999999,0,0,21.485912061792106,0.07070903469076399,10.719420474714257,-0.0027261799679250986,2.754017494443193,0.2497327545210006,1.643006702989398,5.862911140531865,-2.4709909030740094,4.044156514059804,3.4607102880079674,4.228628308941898,-10.138715149055079,-3.888737772957269,-4.656753363198403,-3.0417261490611875,-13.518103761572352,-11.749594518214131,0.16290789390453497,0.27133359522395295,0.014942167088520204,0.392115379215723,0.1587009645672689,3.0673974674216824,-2.649181925124227,2.3720570939867853,-0.27261799679250986,1.013060752662174,-1.3873639148045664,1.643006702989398,5.862911140531865,-2.4709909030740094,4.044156514059804,3.4607102880079674,4.228628308941898,-10.138715149055079,-3.888737772957269,-4.656753363198403,-3.0417261490611875,-13.518103761572352,-11.749594518214131,-0.8783711581911849,-0.368207088683671,-3.2673689092518154,0.0,-0.9045344257739864
DS order-1.5 block Gaussian,20,63,if2-warm-start,/home/kevin/OneDrive/Documents/UMich/Research/pypomp/dmop/ditlevsen/results/reference/ifad097_comparable_post_if2.npz,1000,400,78,time-budget,951.6178903854452,859.4574628151022,92.16042757034302,78,951.6178263304755,-3972.4349015668,-3954.358923477158,1.0103998681640665,0.577,0,0,12.992227020171587,0.06312444261043727,20.727065245500896,-0.0037109400404580434,3.2572848359772353,0.3003880904895405,-0.9999967909096953,-5.199342734030701,-0.9007240229068642,3.5672463991473173,3.1390957376379767,4.346027804322659,-3.160175748391587,2.805031707450611,-6.712394700556118,-3.3861606997132356,-10.166877427989286,-3.509884266698216,0.07587053932884942,0.32285806482292917,0.06731733348169604,0.16114961028005076,0.3728044520864745,2.5643512571099127,-2.762647221359264,3.031440346020486,-0.37109400404580434,1.1808939759480765,-1.2026800053855828,-0.9999967909096953,-5.199342734030701,-0.9007240229068642,3.5672463991473173,3.1390957376379767,4.346027804322659,-3.160175748391587,2.805031707450611,-6.712394700556118,-3.3861606997132356,-10.166877427989286,-3.509884266698216,-1.592025567115793,-0.1438412261789911,-1.7116362660945232,-0.8387208351413155,0.0
DS order-1.5 block Gaussian,20,64,if2-warm-start,/home/kevin/OneDrive/Documents/UMich/Research/pypomp/dmop/ditlevsen/results/reference/ifad097_comparable_post_if2.npz,1000,400,171,time-budget,946.5111891129054,854.3507615425624,92.16042757034302,171,946.5110983732156,-3852.0006224230556,-3841.280791531964,1.0024811007780459,0.5780000000000001,0,0,17.62607986059349,0.06417527262499353,11.764097457158265,-0.005211991987844797,2.8719836248806723,0.24188826192857224,1.1460967407878127,5.570966175579799,-1.6820152170972575,3.1569299897763363,3.668182355012947,3.9850210781115223,-4.112620510156097,0.10989068814046213,-10.726402855258874,-0.6604917573537991,-12.648306343124002,-1.584647393360173,0.3212200843570349,0.30010092383890563,0.23369687855779764,0.04509660342570655,0.09988550982055532,2.8693796155076385,-2.746137304084466,2.4650523050129474,-0.5211991987844797,1.0550029495265034,-1.419279387022331,1.1460967407878127,5.570966175579799,-1.6820152170972575,3.1569299897763363,3.668182355012947,3.9850210781115223,-4.112620510156097,0.10989068814046213,-10.726402855258874,-0.6604917573537991,-12.648306343124002,-1.584647393360173,0.0,-0.0680076783707767,-0.3181016244140849,-1.9633195776452874,-1.1681018809563237
DS order-1.5 block Gaussian,20,65,if2-warm-start,/home/kevin/OneDrive/Documents/UMich/Research/pypomp/dmop/ditlevsen/results/reference/ifad097_comparable_post_if2.npz,1000,400,171,time-budget,945.0665246741846,852.9060971038416,92.16042757034302,171,945.0664284499362,-3839.3355947785312,-3824.1189287931797,1.1757221026832638,0.512,0,0,18.18885989006697,0.07902547731254124,6.350100517588778,-0.006256595970802564,2.9642268222504007,0.2593977969526233,1.2575552324871593,5.809484469096603,-3.4318150561966934,3.7315565088033624,3.4564280740537616,4.121146721591794,-4.452648126778813,0.05073588817150328,-5.772160511707573,-3.7008618605889483,-7.821937498998502,-4.175692286396333,0.13512286046594046,0.2781064051978711,0.3767026632157455,0.1295032381752053,0.08056483294523767,2.900809312724405,-2.537984980879193,1.8484706423208543,-0.6256595970802564,1.0866162302314029,-1.3493924999939022,1.2575552324871593,5.809484469096603,-3.4318150561966934,3.7315565088033624,3.4564280740537616,4.121146721591794,-4.452648126778813,0.05073588817150328,-5.772160511707573,-3.7008618605889483,-7.821937498998502,-4.175692286396333,-1.0252717424371867,-0.30345239156172454,0.0,-1.0677502984907254,-1.5423939460484024
DS order-1.5 block Gaussian,20,66,if2-warm-start,/home/kevin/OneDrive/Documents/UMich/Research/pypomp/dmop/ditlevsen/results/reference/ifad097_comparable_post_if2.npz,1000,400,171,time-budget,947.0653535923921,854.904926022049,92.16042757034302,171,947.0652374373749,-3837.180543349546,-3832.377265461484,1.355309822552751,0.502,0,0,19.767153610686943,0.07238507211545656,6.52368594238907,-0.0031996467182015625,2.829472802971144,0.26721776734080566,1.6608356158787667,5.78490546353873,-2.320216824611378,3.4383800437952687,3.6123197658546826,4.095692707702273,-14.581766344102228,-5.968361670478386,-3.4420263635347035,-4.590833249294824,-6.569603284896724,-6.133087968171314,0.3290228112303331,0.36516548135174365,0.053682899051474525,0.14519822690124584,0.10693058146520283,2.984021651636879,-2.6257551871003737,1.8754395447878367,-0.31996467182015625,1.0400904055984745,-1.319691344991367,1.6608356158787667,5.78490546353873,-2.320216824611378,3.4383800437952687,3.6123197658546826,4.095692707702273,-14.581766344102228,-5.968361670478386,-3.4420263635347035,-4.590833249294824,-6.569603284896724,-6.133087968171314,-0.10422354099775594,0.0,-1.9172561270260147,-0.9222507335139608,-1.2281707718407104
DS order-1.5 block Gaussian,20,67,if2-warm-start,/home/kevin/OneDrive/Documents/UMich/Research/pypomp/dmop/ditlevsen/results/reference/ifad097_comparable_post_if2.npz,1000,400,171,time-budget,946.9001637701876,854.7397361998446,92.16042757034302,171,946.9000583332963,-3865.931695764195,-3836.4331249595703,1.111759066091494,0.567,0,0,23.064698146525604,0.06489994818349057,18.251032735251492,-0.0039849864304647995,2.949905706351483,0.24783362864821273,1.8662012027425283,5.583845927462994,-1.384348829681026,3.839108122418017,3.65202390226316,4.094350241852344,-4.930028400056247,-5.538145897372169,-1.5045981054706223,-5.867754904328396,-7.027088221838453,-3.00190055456623,0.25402550840728366,0.3008746774470591,0.054759982651564995,0.04692266364128094,0.34341716785281123,3.138303229845266,-2.7349084536777957,2.9042216666604053,-0.39849864304648,1.0817732058922207,-1.3949976101641455,1.8662012027425283,5.583845927462994,-1.384348829681026,3.839108122418017,3.65202390226316,4.094350241852344,-4.930028400056247,-5.538145897372169,-1.5045981054706223,-5.867754904328396,-7.027088221838453,-3.00190055456623,-0.3015112521845632,-0.13225211690799243,-1.835986257349326,-1.9904451489387955,0.0
DS order-1.5 block Gaussian,20,68,if2-warm-start,/home/kevin/OneDrive/Documents/UMich/Research/pypomp/dmop/ditlevsen/results/reference/ifad097_comparable_post_if2.npz,1000,400,171,time-budget,947.1949818432331,855.0345542728901,92.16042757034302,171,947.1948866671883,-3856.4572840230594,-3841.1462360781534,1.3041194711389588,0.617,0,0,16.790422123596016,0.03644544637990727,25.61919004565274,-0.006401872764612265,3.0428611763635676,0.24557681727921452,-0.25875686797318637,6.587829964478792,-4.253948815913974,3.6106858007178855,3.233574352056827,4.571603106209357,-2.503725913528151,0.42753382123777783,-8.322262510728416,-0.08243373391162814,-12.329424073209614,-1.698849282163762,0.2577968387241976,0.6088667274117457,0.05224180726311235,0.04941278950338016,0.031681837097563975,2.8208086121430362,-3.3119387561805125,3.24334168182571,-0.6401872764612265,1.1127982492246793,-1.404145479349981,-0.25875686797318637,6.587829964478792,-4.253948815913974,3.6106858007178855,3.233574352056827,4.571603106209357,-2.503725913528151,0.42753382123777783,-8.322262510728416,-0.08243373391162814,-12.329424073209614,-1.698849282163762,-0.8594275774398292,0.0,-2.4557163255983245,-2.5113901178414872,-2.955855850901222
DS order-1.5 block Gaussian,20,69,if2-warm-start,/home/kevin/OneDrive/Documents/UMich/Research/pypomp/dmop/ditlevsen/results/reference/ifad097_comparable_post_if2.npz,1000,400,172,time-budget,946.9903511046432,854.8299235343002,92.16042757034302,172,946.9902581223287,-3853.024939918986,-3829.687322249636,1.0334016379506998,0.569,0,0,29.239203586612184,0.08847351229329337,12.91144463735226,-0.00325275830422599,2.8588992908370727,0.23963019045205194,2.3253946416504383,5.314792191992308,0.45011133073574994,3.905226129929906,3.752554407019569,4.361883818940905,-3.2930596744782616,-6.3206172146633826,-1.9459525145307404,-6.421923232843738,-6.246711413329371,-11.471262693305723,0.20825215592954377,0.3445027668852695,0.08279334217220834,0.09594148626379681,0.2685102487491816,3.3755103973906744,-2.425052067887255,2.5581140992451012,-0.325275830422599,1.0504366874091762,-1.4286584171224808,2.3253946416504383,5.314792191992308,0.45011133073574994,3.905226129929906,3.752554407019569,4.361883818940905,-3.2930596744782616,-6.3206172146633826,-1.9459525145307404,-6.421923232843738,-6.246711413329371,-11.471262693305723,-0.5033524884225435,0.0,-1.4257544724086941,-1.2783636344680365,-0.24921303841029685
DS order-1.5 block Gaussian,20,70,if2-warm-start,/home/kevin/OneDrive/Documents/UMich/Research/pypomp/dmop/ditlevsen/results/reference/ifad097_comparable_post_if2.npz,1000,400,171,time-budget,947.2077232254669,855.0472956551239,92.16042757034302,171,947.2076183771715,-3833.038474071775,-3821.996105036841,1.1006153312522402,0.5289999999999999,0,0,17.987740671159816,0.07312115597668173,8.332652595673425,-0.003538406086906771,2.8205387633995334,0.2516509314612474,0.835686199557244,6.431855666558736,-4.460428655495724,4.132830989168617,3.2673104312873584,4.243891516274546,-1.9061309710034529,-7.2981043355331385,-4.196634648855186,-2.7451138324421898,-18.785689314531165,-2.610650697803716,0.004971367240067663,0.3553346310559994,0.053072080338255556,0.5548942757095603,0.031727645656117125,2.889690452035571,-2.6156375426521037,2.1201818443442133,-0.35384060869067707,1.0369279175530308,-1.379712344350972,0.835686199557244,6.431855666558736,-4.460428655495724,4.132830989168617,3.2673104312873584,4.243891516274546,-1.9061309710034529,-7.2981043355331385,-4.196634648855186,-2.7451138324421898,-18.785689314531165,-2.610650697803716,-4.71508270050208,-0.4457176332045089,-2.3471266054198328,0.0,-2.861589197843857
DS order-1.5 block Gaussian,20,71,if2-warm-start,/home/kevin/OneDrive/Documents/UMich/Research/pypomp/dmop/ditlevsen/results/reference/ifad097_comparable_post_if2.npz,1000,400,171,time-budget,946.745071654208,854.584644083865,92.16042757034302,171,946.7449729563668,-3841.4464345230917,-3834.4121828478774,1.330533008241336,0.589,0,0,21.137093470759112,0.06273619325975197,14.52242300897314,-0.00289533051193833,2.923548043821257,0.24267717886040155,1.671682827095534,5.742927199192206,-2.1483129669546583,3.2915783564484533,3.8279990620638986,3.9956971441912987,-5.667528469642851,-1.243662782204592,-4.488572275769079,-3.5510678440921306,-6.950061377751222,-14.703958865821521,0.19108610927065212,0.6245731648625055,0.023936806999368596,0.013248916325754043,0.1471550025417198,3.0510294814322565,-2.768816752912933,2.675693869370972,-0.289533051193833,1.0727979621641144,-1.4160232009121456,1.671682827095534,5.742927199192206,-2.1483129669546583,3.2915783564484533,3.8279990620638986,3.9956971441912987,-5.667528469642851,-1.243662782204592,-4.488572275769079,-3.5510678440921306,-6.950061377751222,-14.703958865821521,-1.1843443198799104,0.0,-3.26165116410547,-3.8531527178572715,-1.4455820099015706
DS order-1.5 block Gaussian,20,72,if2-warm-start,/home/kevin/OneDrive/Documents/UMich/Research/pypomp/dmop/ditlevsen/results/reference/ifad097_comparable_post_if2.npz,1000,400,163,time-budget,946.1874605533667,854.0270329830237,92.16042757034302,163,946.1870269072242,-3832.4840486469056,-3816.2375338025586,2.1639512656282016,0.5389999999999999,0,0,18.706234200975285,0.06252839716670636,10.06661997822216,-0.0037898395644232552,2.9278815547390145,0.2547799472982104,0.8139868732087062,6.38266222025897,-4.346683901009781,3.839369256159827,3.3186716874141964,4.43160347699695,-1.1912233117098936,-3.145752659459452,-3.7436204150069954,-4.146604173825625,-7.116468383201354,-9.42628915006133,0.10734572205469668,0.32066049710501987,0.5134130574551123,0.013848191050272997,0.044732532334898226,2.9288568480331647,-2.7721344707603066,2.309224997777008,-0.3789839564423255,1.0742791426643792,-1.367355058152663,0.8139868732087062,6.38266222025897,-4.346683901009781,3.839369256159827,3.3186716874141964,4.43160347699695,-1.1912233117098936,-3.145752659459452,-3.7436204150069954,-4.146604173825625,-7.116468383201354,-9.42628915006133,-1.565026028326025,-0.47069777939618745,0.0,-3.612926087396947,-2.440379671777606
DS order-1.5 block Gaussian,20,73,if2-warm-start,/home/kevin/OneDrive/Documents/UMich/Research/pypomp/dmop/ditlevsen/results/reference/ifad097_comparable_post_if2.npz,1000,400,75,time-budget,947.1216816529632,854.9612540826201,92.16042757034302,75,947.1216226713732,-3851.996906156017,-3831.182596434438,1.1646699139897412,0.643,0,0,20.044006981758105,0.0565352020320801,24.922852311474873,-0.0038585504357424977,3.0884814450782656,0.22371026580626208,0.5890307504927487,6.611036735297868,-4.3080027999187465,4.028451464430722,3.326223557086047,4.476062675123849,-0.8476340146821282,-5.992046174328243,-2.2479041356715745,-4.380149323447539,-9.18871512726954,-4.5873240191393965,0.04625380058525993,0.3523441138863895,0.13412582555935407,0.24305858484120405,0.2242176751277925,2.9979302054190153,-2.8728917900260047,3.215785146096273,-0.38585504357424977,1.1276795283903487,-1.497403520585671,0.5890307504927487,6.611036735297868,-4.3080027999187465,4.028451464430722,3.326223557086047,4.476062675123849,-0.8476340146821282,-5.992046174328243,-2.2479041356715745,-4.380149323447539,-9.18871512726954,-4.5873240191393965,-2.030464658931517,0.0,-0.9658299382493386,-0.37130579016566556,-0.45199095036875364
DS order-1.5 block Gaussian,20,74,if2-warm-start,/home/kevin/OneDrive/Documents/UMich/Research/pypomp/dmop/ditlevsen/results/reference/ifad097_comparable_post_if2.npz,1000,400,171,time-budget,946.6272836583667,854.4668560880236,92.16042757034302,171,946.6271830000915,-3879.5486692168456,-3852.4352309408287,1.2499070695549863,0.677,0,0,18.914353782760408,0.0531771170825909,15.138260197134679,-0.0036535636349750516,3.2923994468631346,0.1951526636131511,1.4374229430175474,6.033489983169519,-3.2393641633322328,3.7543367202478852,3.466682905115086,4.155475034813993,-1.453193880764967,-9.303409241942392,-3.4345902804131656,-3.6047027133699396,-10.510680549978426,-4.278987461224227,0.32398910476094633,0.38161111768868344,0.18548164751559723,0.05998759620836584,0.04893053382640717,2.9399210932275452,-2.93412710519348,2.7172253270821485,-0.36535636349750517,1.1916166141121871,-1.633973136393313,1.4374229430175474,6.033489983169519,-3.2393641633322328,3.7543367202478852,3.466682905115086,4.155475034813993,-1.453193880764967,-9.303409241942392,-3.4345902804131656,-3.6047027133699396,-10.510680549978426,-4.278987461224227,-0.1636921856081498,0.0,-0.7214461316268531,-1.8502642625640715,-2.054000458310331
DS order-1.5 block Gaussian,20,75,if2-warm-start,/home/kevin/OneDrive/Documents/UMich/Research/pypomp/dmop/ditlevsen/results/reference/ifad097_comparable_post_if2.npz,1000,400,171,time-budget,945.1599045326002,852.9994769622572,92.16042757034302,171,945.1597907114774,-3825.5866216419563,-3811.4458814546124,1.2203379727657087,0.606,0,0,23.741097119447502,0.07358069246964595,16.115113923340868,-0.0034542354717673395,2.92512492207267,0.21826277352381096,1.4269149912774086,5.769657889734159,-1.3038792261055896,3.949836114271427,3.485710004110983,4.364386426245274,-1.0856827114558518,-4.830169480000847,-2.5987043709733872,-5.3480366021280386,-7.2994290839957205,-6.2931898484283,0.0008237821951619477,0.27800950930033563,0.07565879464887683,0.05257992517027973,0.5929279886853458,3.1672076020752526,-2.6093726182374533,2.7797575846399227,-0.34542354717673396,1.073337188172755,-1.5220555589472944,1.4269149912774086,5.769657889734159,-1.3038792261055896,3.949836114271427,3.485710004110983,4.364386426245274,-1.0856827114558518,-4.830169480000847,-2.5987043709733872,-5.3480366021280386,-7.2994290839957205,-6.2931898484283,-6.578922066290106,-0.7574176367953891,-2.058839268093497,-2.4227385598759845,0.0
DS order-1.5 block Gaussian,20,76,if2-warm-start,/home/kevin/OneDrive/Documents/UMich/Research/pypomp/dmop/ditlevsen/results/reference/ifad097_comparable_post_if2.npz,1000,400,171,time-budget,947.1903349221684,855.0299073518254,92.16042757034302,171,947.1902170390822,-3835.463610930699,-3815.8461875015887,1.1058800666294228,0.552,0,0,20.042966165262275,0.032573622920781135,62.872540094073166,-0.005319190700117399,2.7954575598048432,0.2668619170194057,0.42408928413158403,6.790951023356259,-4.804217767029551,4.259355606354021,3.182702469710709,4.573834267107625,-0.5418876363031552,-4.70027675852316,-1.8620844665075356,-4.509278680972292,-6.617754270298684,-3.9176629170918065,0.373563338761977,0.5781375808867598,0.003930556403536933,0.019879881011080687,0.02448864293664567,2.99787827750257,-3.424252430977432,4.141109503902234,-0.5319190700117399,1.0279957997577465,-1.3210239190790136,0.42408928413158403,6.790951023356259,-4.804217767029551,4.259355606354021,3.182702469710709,4.573834267107625,-0.5418876363031552,-4.70027675852316,-1.8620844665075356,-4.509278680972292,-6.617754270298684,-3.9176629170918065,-0.4367242976762033,0.0,-4.9910308751957615,-3.3701036537113644,-3.161602413093571
DS order-1.5 block Gaussian,20,77,if2-warm-start,/home/kevin/OneDrive/Documents/UMich/Research/pypomp/dmop/ditlevsen/results/reference/ifad097_comparable_post_if2.npz,1000,400,171,time-budget,947.0931071573868,854.9326795870438,92.16042757034302,171,947.0930034602061,-3827.6793049379926,-3816.6422629610215,1.1480534877133752,0.595,0,0,19.808432229896432,0.068644545877811,15.993402999828216,-0.0038827147889980177,2.9434330113122917,0.22750422498513284,0.775791938885065,5.966270894075665,-2.6529364534836177,3.770739495198122,3.421586501263306,4.336929303388599,-2.4518528226933256,-1.5382168877672637,-5.217107826444758,-3.1098123358183534,-10.101735731601151,-3.515113199695433,0.33682525885590986,0.35649344606635086,0.06820123554454494,0.2222030339830314,0.016277025550163044,2.9861077172403045,-2.678813598171809,2.7721763247048696,-0.3882714788998018,1.0795765910523452,-1.4805864694003563,0.775791938885065,5.966270894075665,-2.6529364534836177,3.770739495198122,3.421586501263306,4.336929303388599,-2.4518528226933256,-1.5382168877672637,-5.217107826444758,-3.1098123358183534,-10.101735731601151,-3.515113199695433,-0.056751579420628424,0.0,-1.6538531744055098,-0.4727243241783722,-3.086561217462031
DS order-1.5 block Gaussian,20,78,if2-warm-start,/home/kevin/OneDrive/Documents/UMich/Research/pypomp/dmop/ditlevsen/results/reference/ifad097_comparable_post_if2.npz,1000,400,171,time-budget,947.2726932321675,855.1122656618245,92.16042757034302,171,947.2725991453044,-3992.950078409512,-3966.6591832151494,1.0017135807001167,0.6499999999999999,0,0,13.500875267268626,0.05464473572134591,15.208249376494935,-0.00500562176327442,3.7254812929154424,0.27449644416652696,1.9471604224919672,-3.0512438177879546,-3.6775520007835407,2.8300964750287676,3.713512256828012,3.6352581086095284,-2.8349985281316656,2.7725365597823552,-5.352075664512891,-3.9491713500950176,-5.513453400680508,-5.516686537131035,0.4893235906778789,0.2902296600050029,0.0683455553690716,0.015560650153227402,0.1365405437948193,2.602754517955202,-2.906902396147638,2.72183800276966,-0.500562176327442,1.3151960496369235,-1.2928169719724574,1.9471604224919672,-3.0512438177879546,-3.6775520007835407,2.8300964750287676,3.713512256828012,3.6352581086095284,-2.8349985281316656,2.7725365597823552,-5.352075664512891,-3.9491713500950176,-5.513453400680508,-5.516686537131035,0.0,-0.522351469628998,-1.9684474767128044,-3.448278708745539,-1.2764024155893643
DS order-1.5 block Gaussian,20,79,if2-warm-start,/home/kevin/OneDrive/Documents/UMich/Research/pypomp/dmop/ditlevsen/results/reference/ifad097_comparable_post_if2.npz,1000,400,172,time-budget,947.200911608059,855.0404840377159,92.16042757034302,172,947.2008164613508,-3826.650615358605,-3821.7391793195575,1.086070118087602,0.5680000000000001,0,0,18.198556504967957,0.07399504598465641,10.29339853787389,-0.00411122012375796,2.8662880418843257,0.2382286607770277,0.9437069978949864,5.910189063301579,-3.6104047975444207,3.7947700448585744,3.355977879201566,4.27777982645058,-3.145035528586403,-0.5763784458392942,-5.331016328063357,-3.694831197843976,-9.24356800585762,-7.217977405071438,0.0577034383687765,0.38000642565985576,0.47397136714814486,0.039175579890885034,0.04914318893233778,2.9013422780234657,-2.6037571341722527,2.3315027711064094,-0.41112201237579604,1.0530178274557862,-1.4345243069773925,0.9437069978949864,5.910189063301579,-3.6104047975444207,3.7947700448585744,3.355977879201566,4.27777982645058,-3.145035528586403,-0.5763784458392942,-5.331016328063357,-3.694831197843976,-9.24356800585762,-7.217977405071438,-2.105830150824708,-0.2209587508013901,0.0,-2.493093322302287,-2.266408653184632
DS order-1.5 block Gaussian,20,80,if2-warm-start,/home/kevin/OneDrive/Documents/UMich/Research/pypomp/dmop/ditlevsen/results/reference/ifad097_comparable_post_if2.npz,1000,400,171,time-budget,946.564009024296,854.4035814539529,92.16042757034302,171,946.5639187190682,-3850.3816108100864,-3835.1324488449554,1.0175037932267137,0.5489999999999999,0,0,21.279740922038773,0.09541617641384598,7.1128175351001985,-0.004711766980412514,2.881376233586941,0.23248385273699537,1.9816668953856622,5.616608151468239,-2.206215877339539,3.67619871714036,3.649081260802379,4.032924426670358,-11.917822286622679,-2.3012298072697965,-5.005153601390775,-3.7342709732997825,-10.345969668270635,-3.6117600052066634,0.5768489867315625,0.15329813237672665,0.09952411941857411,0.08283033106869453,0.08749843040444227,3.057755489683108,-2.349507150815825,1.9618984431097128,-0.47117669804125145,1.0582680388940122,-1.4589345069600985,1.9816668953856622,5.616608151468239,-2.206215877339539,3.67619871714036,3.649081260802379,4.032924426670358,-11.917822286622679,-2.3012298072697965,-5.005153601390775,-3.7342709732997825,-10.345969668270635,-3.6117600052066634,0.0,-1.3251959078139606,-1.7571804898115682,-1.9407861992491067,-1.8859596558495695
DS order-1.5 block Gaussian,20,81,if2-warm-start,/home/kevin/OneDrive/Documents/UMich/Research/pypomp/dmop/ditlevsen/results/reference/ifad097_comparable_post_if2.npz,1000,400,171,time-budget,946.491382252425,854.3309546820819,92.16042757034302,171,946.4912881953642,-3848.3374973281966,-3835.550467521677,1.1472685182808493,0.581,0,0,18.659573449443187,0.0728345208550105,7.805721961357256,-0.0027348083035381586,2.865611221186551,0.22305749119798315,1.3614761038205339,6.0493699170235935,-3.003247882213771,3.710069150770633,3.4710491014048093,4.189134117408352,-12.997597644494471,-6.392064037628102,-3.06673826685507,-5.080409059916978,-7.114703122478539,-7.984617212638088,0.16685561110979297,0.36490456620865297,0.2723309661432284,0.025521271081423803,0.170387585456902,2.926359336071279,-2.619565248602068,2.054857049543136,-0.2734808303538159,1.052781668141096,-1.5003257326861015,1.3614761038205339,6.0493699170235935,-3.003247882213771,3.710069150770633,3.4710491014048093,4.189134117408352,-12.997597644494471,-6.392064037628102,-3.06673826685507,-5.080409059916978,-7.114703122478539,-7.984617212638088,-0.7825070226551377,0.0,-0.2926177430515934,-2.66012359245111,-0.7615601005119133
DS order-1.5 block Gaussian,20,82,if2-warm-start,/home/kevin/OneDrive/Documents/UMich/Research/pypomp/dmop/ditlevsen/results/reference/ifad097_comparable_post_if2.npz,1000,400,116,time-budget,944.2680206163786,852.1075930460356,92.16042757034302,116,944.2677775761113,-3847.261360038332,-3830.317109087481,1.4101100592632294,0.628,0,0,21.133419260899615,0.04398231889554128,31.723829750780236,-0.004880757690361694,2.9650995560364186,0.23474952988466763,1.1803410322914916,5.574598410687393,-1.1702293131923929,3.6022713315331063,3.486451882094398,4.346484618236514,0.7376299311610361,-3.729729148982032,-3.4231897426877387,-4.390455321898542,-5.443109142294636,-10.048921399017512,0.19137828119132555,0.3757353349353342,0.08626656862070564,0.15260347503087052,0.19401634022176398,3.0508556387399723,-3.123967569107677,3.4570681256318476,-0.4880757690361694,1.0869106089640415,-1.4492361635169941,1.1803410322914916,5.574598410687393,-1.1702293131923929,3.6022713315331063,3.486451882094398,4.346484618236514,0.7376299311610361,-3.729729148982032,-3.4231897426877387,-4.390455321898542,-5.443109142294636,-10.048921399017512,-0.674632999909188,0.0,-1.4714428616770487,-0.9010421083437056,-0.6609426156263047
DS order-1.5 block Gaussian,20,83,if2-warm-start,/home/kevin/OneDrive/Documents/UMich/Research/pypomp/dmop/ditlevsen/results/reference/ifad097_comparable_post_if2.npz,1000,400,83,time-budget,951.1430171243846,858.9825895540416,92.16042757034302,83,951.1429556952789,-3834.5077507445385,-3821.27877500621,1.254886768729488,0.524,0,0,19.040011664405952,0.0920617442468038,5.2292768096342455,-0.005527098601421196,2.8379309013435976,0.2528301622284116,1.2885716663392655,5.774153364598708,-2.4855006981290093,3.5722660887692372,3.5618271525990783,4.164836305171083,-2.93177964494911,-1.054334571264069,-7.317364766484281,-2.1757655714872257,-11.778623191345874,-10.919362778109194,0.16428779342957994,0.24799353201509117,0.231316998363533,0.2218106130430836,0.13459106314871225,2.9465426419893945,-2.3852957939247816,1.6542729911990541,-0.5527098601421196,1.0430752307823854,-1.3750373112142307,1.2885716663392655,5.774153364598708,-2.4855006981290093,3.5722660887692372,3.5618271525990783,4.164836305171083,-2.93177964494911,-1.054334571264069,-7.317364766484281,-2.1757655714872257,-11.778623191345874,-10.919362778109194,-0.41178293736035515,0.0,-0.06961360815642102,-0.11157874186092576,-0.6111616458604369
DS order-1.5 block Gaussian,20,84,if2-warm-start,/home/kevin/OneDrive/Documents/UMich/Research/pypomp/dmop/ditlevsen/results/reference/ifad097_comparable_post_if2.npz,1000,400,171,time-budget,946.5150151075795,854.3545875372365,92.16042757034302,171,946.5149306873791,-3919.274845841097,-3912.9766391329686,1.362296724948989,0.5309999999999999,0,0,14.191234042265542,0.05995653934030193,8.78258246426837,-0.004821268214183066,2.931289497668214,0.2542939515054979,1.2066149727717081,6.077564798145226,-4.179099843124836,4.114760393569611,3.2805766062288835,4.008646613430357,-10.573398550569506,-8.853195031560315,-6.342317849296659,-14.711958906996982,-5.835975188452961,-5.379378355267735,0.4071881817596395,0.28975603861569754,0.05468343819627972,0.19649345791472372,0.05187888351365954,2.6526244530189578,-2.814135323552441,2.1727704947258744,-0.4821268214183066,1.0754424278059218,-1.369264391715033,1.2066149727717081,6.077564798145226,-4.179099843124836,4.114760393569611,3.2805766062288835,4.008646613430357,-10.573398550569506,-8.853195031560315,-6.342317849296659,-14.711958906996982,-5.835975188452961,-5.379378355267735,0.0,-0.34023611884990174,-2.0077145532543907,-0.728646303931287,-2.0603636029688426
DS order-1.5 block Gaussian,20,85,if2-warm-start,/home/kevin/OneDrive/Documents/UMich/Research/pypomp/dmop/ditlevsen/results/reference/ifad097_comparable_post_if2.npz,1000,400,171,time-budget,944.9888899764046,852.8284624060616,92.16042757034302,171,944.9887790391222,-3874.4712815469284,-3866.016257291511,1.4891775344854263,0.592,0,0,18.61288267308855,0.06051220650868978,12.65285333833596,-0.004190663322526538,2.9253021147540665,0.24012492700745594,1.0929025391973044,5.562056631338783,-1.4902872725503393,4.128900652032,3.2321815655186885,4.31917252160173,-2.1178020781316813,-0.6776024921841397,-8.659716242605471,-10.075241505385721,-4.629325157184445,-9.672354389786294,0.14177193658912277,0.2624704861920568,0.06763747941238318,0.344779197135988,0.18334090067044917,2.923853957803531,-2.8049101738220372,2.5378827500813834,-0.41906633225265383,1.0733977624454825,-1.4265959618707413,1.0929025391973044,5.562056631338783,-1.4902872725503393,4.128900652032,3.2321815655186885,4.31917252160173,-2.1178020781316813,-0.6776024921841397,-8.659716242605471,-10.075241505385721,-4.629325157184445,-9.672354389786294,-0.8886845177238482,-0.27276556168065275,-1.6287419452500225,0.0,-0.6315569387463075
DS order-1.5 block Gaussian,20,86,if2-warm-start,/home/kevin/OneDrive/Documents/UMich/Research/pypomp/dmop/ditlevsen/results/reference/ifad097_comparable_post_if2.npz,1000,400,171,time-budget,947.1343821380287,854.9739545676857,92.16042757034302,171,947.134278552141,-3833.168452998281,-3811.9243521714734,1.3047383928841143,0.5349999999999999,0,0,21.220316031965805,0.04847421409749494,21.552970383180497,-0.003989857334674921,2.7762979559907373,0.2646872400237601,1.1800331791339476,6.2134577985849715,-2.9295137127207895,3.92959758591357,3.435962092412765,4.356051250177036,0.6134488728879637,-12.212346709170344,-1.1408136652973548,-5.4140957984216636,-6.377530732768994,-5.81228688623652,0.19422461795656076,0.328442821981936,0.09242762402616146,0.28865325785093693,0.09625167818440478,3.0549590261930226,-3.0267232905171837,3.0705136438576566,-0.3989857334674921,1.021118369734489,-1.3292063763369162,1.1800331791339476,6.2134577985849715,-2.9295137127207895,3.92959758591357,3.435962092412765,4.356051250177036,0.6134488728879637,-12.212346709170344,-1.1408136652973548,-5.4140957984216636,-6.377530732768994,-5.81228688623652,-0.5253474510613791,0.0,-1.267936869591481,-0.12913659692853632,-1.2273963561831607
DS order-1.5 block Gaussian,20,87,if2-warm-start,/home/kevin/OneDrive/Documents/UMich/Research/pypomp/dmop/ditlevsen/results/reference/ifad097_comparable_post_if2.npz,1000,400,171,time-budget,946.8705785684288,854.7101509980857,92.16042757034302,171,946.8704754062928,-3858.353943702621,-3842.8457525538756,1.0210355521482193,0.577,0,0,16.197758199397004,0.07566764962570072,6.6442303218026915,-0.0050133299977847615,3.0439065682158106,0.22955203721921302,0.6073628673549487,6.498819603174629,-4.783681850013743,3.5011932520071247,3.413668718873953,4.243781386106529,-2.37346747272819,-3.3243144715424777,-5.913771635935976,-3.483818619263943,-7.846787938448097,-5.697112829177593,0.08509985469533707,0.5230871605162829,0.2999168694605776,0.02240011398970938,0.06949600133809308,2.7848728499092905,-2.5814045596051947,1.8937488572854555,-0.5013329997784761,1.1131417457753576,-1.4716255334876331,0.6073628673549487,6.498819603174629,-4.783681850013743,3.5011932520071247,3.413668718873953,4.243781386106529,-2.37346747272819,-3.3243144715424777,-5.913771635935976,-3.483818619263943,-7.846787938448097,-5.697112829177593,-1.8159227769663653,0.0,-0.556242770628058,-3.1506820574120296,-2.018478888874522
DS order-1.5 block Gaussian,20,88,if2-warm-start,/home/kevin/OneDrive/Documents/UMich/Research/pypomp/dmop/ditlevsen/results/reference/ifad097_comparable_post_if2.npz,1000,400,171,time-budget,947.3099972722121,855.149569701869,92.16042757034302,171,947.3098812364042,-3858.6718687428447,-3837.0953188711824,1.1935503888111274,0.613,0,0,23.482341076783516,0.06722898485003653,10.785656095298043,-0.002541404721481069,3.1879861902818525,0.2342683849601659,1.8629630868562828,5.817325909725801,-1.7858038769958149,3.7575921001572765,3.6127612776091147,4.239796176921489,-11.70259425986048,-1.664250588983682,-3.5012896625798042,-4.264594543017057,-7.4120424583077815,-10.492395911118628,0.14164751429950556,0.45057287348716024,0.04401770902513526,0.11677755962664474,0.2469843435615542,3.1562486951337703,-2.69965080227254,2.378217112047182,-0.2541404721481069,1.1593894291374862,-1.4512878765883108,1.8629630868562828,5.817325909725801,-1.7858038769958149,3.7575921001572765,3.6127612776091147,4.239796176921489,-11.70259425986048,-1.664250588983682,-3.5012896625798042,-4.264594543017057,-7.4120424583077815,-10.492395911118628,-1.1571781473772593,0.0,-2.3259277945244214,-1.3502488998629205,-0.6011948770856779
DS order-1.5 block Gaussian,20,89,if2-warm-start,/home/kevin/OneDrive/Documents/UMich/Research/pypomp/dmop/ditlevsen/results/reference/ifad097_comparable_post_if2.npz,1000,400,172,time-budget,947.0250467266887,854.8646191563457,92.16042757034302,172,947.0249401805922,-3846.7123213561686,-3832.467860509033,1.114539408778146,0.532,0,0,16.41905589838232,0.08490132761714922,7.92392296649689,-0.00494924461602649,2.8731785229315663,0.24849286376980464,0.4597785031620489,6.125288510810158,-3.883460849932868,3.8517992815825024,3.23548897921657,4.266657708840717,-3.8166561093691445,-0.10370888402163257,-7.823460246832279,-2.938492592513938,-9.822680683992063,-4.574015505897411,0.36851180216771673,0.2918536812746437,0.06374037746868823,0.06695381100163121,0.2089403280873202,2.7984426053178115,-2.4662655483648463,2.069886407246507,-0.49492446160264897,1.0554189162259213,-1.3923411510819272,0.4597785031620489,6.125288510810158,-3.883460849932868,3.8517992815825024,3.23548897921657,4.266657708840717,-3.8166561093691445,-0.10370888402163257,-7.823460246832279,-2.938492592513938,-9.822680683992063,-4.574015505897411,0.0,-0.2332201535539201,-1.7546545077306346,-1.7054697450902838,-0.5674240390539868
DS order-1.5 block Gaussian,20,90,if2-warm-start,/home/kevin/OneDrive/Documents/UMich/Research/pypomp/dmop/ditlevsen/results/reference/ifad097_comparable_post_if2.npz,1000,400,171,time-budget,946.5400029965676,854.3795754262246,92.16042757034302,171,946.5399079443887,-3835.823702020966,-3820.62208408098,1.2112772211902492,0.642,0,0,20.765677371514904,0.055394484538611545,19.081770746335625,-0.005319566103918796,3.0181933946393906,0.21232730730128177,1.412026915575752,5.643003386623526,-2.1822033595043284,3.644923761306762,3.6088012704540766,4.1096540335254765,-3.595296608815886,-0.050230526357253245,-4.380442115815726,-3.767098009161353,-8.547133474580882,-2.8623421351455294,0.4338572833258909,0.31067918253911925,0.0951198863687429,0.09608182649079237,0.06426182127545459,3.033301497379704,-2.893275247249806,2.9487334681256123,-0.5319566103918796,1.1046584386900087,-1.5496262925375626,1.412026915575752,5.643003386623526,-2.1822033595043284,3.644923761306762,3.6088012704540766,4.1096540335254765,-3.595296608815886,-0.050230526357253245,-4.380442115815726,-3.767098009161353,-8.547133474580882,-2.8623421351455294,0.0,-0.33395482740860133,-1.5175775819853679,-1.5075154520626264,-1.909749944183157
DS order-1.5 block Gaussian,20,91,if2-warm-start,/home/kevin/OneDrive/Documents/UMich/Research/pypomp/dmop/ditlevsen/results/reference/ifad097_comparable_post_if2.npz,1000,400,171,time-budget,946.4185495353304,854.2581219649874,92.16042757034302,171,946.4184447382577,-3826.3837773465793,-3810.997165139199,1.1902790670737569,0.571,0,0,21.004935136891667,0.07013755646510007,11.18029772033095,-0.00259323842567616,3.0528108205697664,0.2417765992143452,1.2217403553761854,6.072248909084987,-3.316222112754062,4.104486014238599,3.3335329849908595,4.3561274300613135,-2.726228771520034,-2.753122760615658,-3.7957568521987493,-3.6892996839831085,-11.251535584532952,-2.8280636167966304,0.08280091098774033,0.29680201699246095,0.04979155819513427,0.10958714159044122,0.4610183722342233,3.0447574166323674,-2.6572968728424575,2.4141530970978757,-0.259323842567616,1.1160627467393978,-1.4197411229274248,1.2217403553761854,6.072248909084987,-3.316222112754062,4.104486014238599,3.3335329849908595,4.3561274300613135,-2.726228771520034,-2.753122760615658,-3.7957568521987493,-3.6892996839831085,-11.251535584532952,-2.8280636167966304,-1.7169988316071074,-0.440372588138357,-2.2255924396976634,-1.4367178488290522,0.0
DS order-1.5 block Gaussian,20,92,if2-warm-start,/home/kevin/OneDrive/Documents/UMich/Research/pypomp/dmop/ditlevsen/results/reference/ifad097_comparable_post_if2.npz,1000,400,89,time-budget,947.6430510482751,855.4826234779321,92.16042757034302,89,947.6428084112704,-3821.956460009697,-3815.7065309043364,1.3673578474912527,0.602,0,0,18.65131811813576,0.06896920217845144,10.735277844611375,-0.0035770344311837165,3.0170997020670614,0.22678348065946205,0.6020108439637103,6.234293585054336,-4.05278986010802,3.926545980749968,3.3677112761386887,4.3511942156508026,-2.9587020636101777,-1.0302137754899785,-4.967601029729715,-3.077970402296685,-11.956432853838459,-3.047490054357265,0.1278916083939017,0.3218772127021586,0.23417688832089129,0.265086689870582,0.050967600712466435,2.925916820167997,-2.674095219266399,2.3735353131207613,-0.35770344311837166,1.1042960063882872,-1.4837595463797457,0.6020108439637103,6.234293585054336,-4.05278986010802,3.926545980749968,3.3677112761386887,4.3511942156508026,-2.9587020636101777,-1.0302137754899785,-4.967601029729715,-3.077970402296685,-11.956432853838459,-3.047490054357265,-0.9229870500575107,0.0,-0.3180933830293213,-0.19411324173139244,-1.8429799951081725
DS order-1.5 block Gaussian,20,93,if2-warm-start,/home/kevin/OneDrive/Documents/UMich/Research/pypomp/dmop/ditlevsen/results/reference/ifad097_comparable_post_if2.npz,1000,400,79,time-budget,951.7559517053887,859.5955241350457,92.16042757034302,79,951.7558921249583,-3837.8241712364697,-3824.181435585538,1.079204843227204,0.601,0,0,22.275973484843586,0.059084003635967955,19.86785720925186,-0.002683973912506218,2.878354342944206,0.2274562704997924,1.6217333504203828,5.5524895320696075,-1.5656119179938788,3.795212986961462,3.5525166830473256,4.318034203885945,-1.6860239764641725,-2.6849526670961352,-3.0747015196422303,-4.223544540869432,-10.784028260785249,-9.308291335057778,0.22176281903239475,0.1884461787625809,0.3190501580085778,0.0777013199261081,0.19303952427033844,3.103508675425205,-2.828795057264825,2.989103210247859,-0.2683973912506218,1.0572187221317584,-1.4807972766506294,1.6217333504203828,5.5524895320696075,-1.5656119179938788,3.795212986961462,3.5525166830473256,4.318034203885945,-1.6860239764641725,-2.6849526670961352,-3.0747015196422303,-4.223544540869432,-10.784028260785249,-9.308291335057778,-0.3637398975536458,-0.5265358832488575,0.0,-1.4124760808659884,-0.5024533686573316
DS order-1.5 block Gaussian,20,94,if2-warm-start,/home/kevin/OneDrive/Documents/UMich/Research/pypomp/dmop/ditlevsen/results/reference/ifad097_comparable_post_if2.npz,1000,400,171,time-budget,946.4885704494081,854.3281428790651,92.16042757034302,171,946.4884581454098,-3842.031297314185,-3819.178540479017,1.1830891682555145,0.6599999999999999,0,0,20.81731400922653,0.0682933667904571,14.951048113120658,-0.004646997367658437,2.9363421903303486,0.190795301758012,1.305099897489067,5.9184641509803875,-2.902748440269067,3.992187926939871,3.4163949648131133,4.364650731559617,-2.4034848446271346,-2.471846752293475,-3.64563139960781,-4.277695513760701,-9.128366233593498,-5.587282254717496,0.08966356020681361,0.33181526111295295,0.07741648397543377,0.0450391140593997,0.4560655806453998,3.0357850447406953,-2.683942635855879,2.7047814052802988,-0.46469973676584364,1.0771646538009012,-1.6565541441809148,1.305099897489067,5.9184641509803875,-2.902748440269067,3.992187926939871,3.4163949648131133,4.364650731559617,-2.4034848446271346,-2.471846752293475,-3.64563139960781,-4.277695513760701,-9.128366233593498,-5.587282254717496,-1.626572170578591,-0.318058244764427,-1.773436887199151,-2.3151053028249073,0.0
DS order-1.5 block Gaussian,20,95,if2-warm-start,/home/kevin/OneDrive/Documents/UMich/Research/pypomp/dmop/ditlevsen/results/reference/ifad097_comparable_post_if2.npz,1000,400,171,time-budget,945.0798187633045,852.9193911929615,92.16042757034302,171,945.079719748348,-3856.447774101138,-3828.8913199005356,1.0835734650230444,0.659,0,0,22.152425121433645,0.06157620290914831,29.508080091695884,-0.003398998309082161,2.9164187661716254,0.20983850077470814,1.5435401322827578,5.524882451931698,-1.4622155781673443,3.8104521995678957,3.5222737789511758,4.22830386592509,-2.5261139045255945,-2.084844764070484,-3.331652213925035,-4.585646999115983,-9.182996593499746,-6.2204722154046275,0.07792492923666766,0.40927226395171307,0.027632169220492563,0.2114140089069259,0.27375662868420086,3.0979469767929304,-2.787479799492001,3.38466412725505,-0.3398998309082161,1.0703564136337373,-1.5614170880606117,1.5435401322827578,5.524882451931698,-1.4622155781673443,3.8104521995678957,3.5222737789511758,4.22830386592509,-2.5261139045255945,-2.084844764070484,-3.331652213925035,-4.585646999115983,-9.182996593499746,-6.2204722154046275,-1.6586346990507144,0.0,-2.695399971145866,-0.6605622780691588,-0.4021411213992672
DS order-1.5 block Gaussian,20,96,if2-warm-start,/home/kevin/OneDrive/Documents/UMich/Research/pypomp/dmop/ditlevsen/results/reference/ifad097_comparable_post_if2.npz,1000,400,171,time-budget,946.9336526729167,854.7732251025736,92.16042757034302,171,946.9335556919686,-3843.5613555041455,-3827.6085279887825,1.3742263990261196,0.562,0,0,21.246712998134676,0.0447225693845862,40.372763993630926,-0.0032375165011383194,2.633966105034826,0.2609119937515545,1.4680549795926117,5.993050521597891,-2.6984064396750176,3.6752004071887203,3.6742634490214834,4.115860105458785,-8.266213785859833,-6.083431673935399,-3.794085445494457,-2.6979927743611105,-12.289382398952897,-1.8992390451002124,0.09386318409114529,0.39669029814149465,0.0334215076351582,0.4247008857877333,0.05132412434446853,3.056202200965142,-3.1072769968531575,3.698155399046537,-0.32375165011383195,0.9684907349903148,-1.3435721172116948,1.4680549795926117,5.993050521597891,-2.6984064396750176,3.6752004071887203,3.6742634490214834,4.115860105458785,-8.266213785859833,-6.083431673935399,-3.794085445494457,-2.6979927743611105,-12.289382398952897,-1.8992390451002124,-1.5095468893699373,-0.0682292521861636,-2.542185489081824,0.0,-2.1132242212305496
DS order-1.5 block Gaussian,20,97,if2-warm-start,/home/kevin/OneDrive/Documents/UMich/Research/pypomp/dmop/ditlevsen/results/reference/ifad097_comparable_post_if2.npz,1000,400,169,time-budget,945.4266454903409,853.2662179199979,92.16042757034302,170,945.426544232294,-3880.3047644326934,-3864.227028738792,1.1137352713888007,0.562,0,7,17.032057313606934,1.3683448990267368,0.18305425766114405,-0.008729491274875108,3.4295455689862164,0.23695446256036032,0.36671051687152206,6.5574874276319495,-4.301135232241114,4.407774001880496,3.35496806914284,4.522765361484845,-5.1252134397022795,-4.615602663362703,-6.920137544139066,-7.242178599128189,-11.366457995685803,-6.445025278811206,0.31480024009421437,0.022955596743939776,0.1168114261317453,0.008772579275354886,0.5366601577547456,2.8350972926399396,0.31360190659525244,-1.697972680133569,-0.8729491274875109,1.2324277652246172,-1.4398872974039971,0.36671051687152206,6.5574874276319495,-4.301135232241114,4.407774001880496,3.35496806914284,4.522765361484845,-5.1252134397022795,-4.615602663362703,-6.920137544139066,-7.242178599128189,-11.366457995685803,-6.445025278811206,-0.5334267615984841,-3.1518032672153384,-1.5248041487496913,-4.113734175592077,0.0
DS order-1.5 block Gaussian,20,98,if2-warm-start,/home/kevin/OneDrive/Documents/UMich/Research/pypomp/dmop/ditlevsen/results/reference/ifad097_comparable_post_if2.npz,1000,400,171,time-budget,947.0521234693006,854.8916958989576,92.16042757034302,171,947.0520270522684,-3848.797286117275,-3834.3275296464617,1.1952338933416342,0.643,0,0,23.945797455894127,0.06740194246209882,13.936121572776948,-0.002640877316731665,3.1882176992638565,0.20536526136058236,1.8309944746533655,5.476252677949339,-0.9415481139223505,3.712662940149911,3.6304012865344104,4.267317107468795,-4.57310058932919,-1.210322224330615,-3.173936016834522,-4.918235493675391,-7.17525856417392,-6.010297307157704,0.018283792756665702,0.4752401907964902,0.20681894535538678,0.01926651401026588,0.2803905570811915,3.1757928368898045,-2.697081441566716,2.634484143721418,-0.2640877316731665,1.1594620456930782,-1.58296512256541,1.8309944746533655,5.476252677949339,-0.9415481139223505,3.712662940149911,3.6304012865344104,4.267317107468795,-4.57310058932919,-1.210322224330615,-3.173936016834522,-4.918235493675391,-7.17525856417392,-6.010297307157704,-3.2578053153411886,0.0,-0.8319765906558683,-3.2054517774277467,-0.527636863071213
DS order-1.5 block Gaussian,20,99,if2-warm-start,/home/kevin/OneDrive/Documents/UMich/Research/pypomp/dmop/ditlevsen/results/reference/ifad097_comparable_post_if2.npz,1000,400,172,time-budget,947.0862291292287,854.9258015588857,92.16042757034302,172,947.0861243861727,-3877.321098199679,-3839.5341190958443,1.0255075518912848,0.726,0,0,21.440103978920373,0.050721610545680494,46.3437025251309,-0.0037525006546592367,3.1941569120336863,0.18504072998130172,1.0402460008357564,5.888639854514479,-2.3274566065466806,3.9034255660607386,3.3526024366702702,4.375569347783264,-0.8360540988079205,-2.641543867988112,-2.688480339954555,-4.828329175390927,-5.213457087377105,-9.77494492901349,0.31348294584791064,0.42297857519546594,0.22211927968621423,0.03391596437983294,0.007503234890576388,3.0652631859539183,-2.9814032156964103,3.8360854149305257,-0.37525006546592365,1.1613231757100073,-1.6871793160748318,1.0402460008357564,5.888639854514479,-2.3274566065466806,3.9034255660607386,3.3526024366702702,4.375569347783264,-0.8360540988079205,-2.641543867988112,-2.688480339954555,-4.828329175390927,-5.213457087377105,-9.77494492901349,-0.2995765687233636,0.0,-0.6441069946430555,-2.5234356989129263,-4.03198728181284
