start,method,iteration,fitting_loglik
10,IF2,0,11830.708316679447
10,IF2,1,11819.446430346441
10,IF2,2,11847.781152276486
10,IF2,3,11819.083943080796
10,IF2,4,11814.49064488009
10,IF2,5,11840.378820460874
10,IF2,6,11859.571430658456
10,IF2,7,11833.998840850158
10,IF2,8,11839.344527824334
10,IF2,9,11827.541378139751
10,IF2,10,11818.017194682483
10,IF2,11,11835.07779837904
10,IF2,12,11826.668803414334
10,IF2,13,11827.32803756063
10,IF2,14,11809.772257481713
10,IF2,15,11813.432978290963
10,IF2,16,11767.843054886347
10,IF2,17,11825.247557808949
10,IF2,18,11827.974739535375
10,IF2,19,11842.592552477676
10,IF2,20,11824.137830768015
10,IF2,21,11831.748254116485
10,IF2,22,11836.15717702723
10,IF2,23,11833.501911849822
10,IF2,24,11841.977643794817
10,IF2,25,11838.771408607487
10,IF2,26,11834.939635249073
10,IF2,27,11834.306392150507
10,IF2,28,11836.116192236548
10,IF2,29,11838.120672076664
10,IF2,30,11837.572890248204
10,IF2,31,11773.439087142362
10,IF2,32,11837.813740428359
10,IF2,33,11836.977863012691
10,IF2,34,11832.273146227184
10,IF2,35,11813.529545714926
10,IF2,36,11834.122983004272
10,IF2,37,11829.619808048888
10,IF2,38,11847.716889921701
10,IF2,39,11827.512300517757
10,IF2,40,11835.609336517637
10,IF2,41,11841.41915727183
10,IF2,42,11846.161176133313
10,IF2,43,11835.642093510303
10,IF2,44,11795.5008431389
10,IF2,45,11800.255426437634
10,IF2,46,11838.046764112325
10,IF2,47,11836.240371325148
10,IF2,48,11828.18749273195
10,IF2,49,11829.419370062958
10,IF2,50,11836.915706064881
10,IF2,51,11842.577489391686
10,IF2,52,11845.807244616697
10,IF2,53,11827.903966614334
10,IF2,54,11830.736013397
10,IF2,55,11823.906211146355
10,IF2,56,11829.032251807455
10,IF2,57,11828.244979606565
10,IF2,58,11838.037000932822
10,IF2,59,11826.85134952389
10,IF2,60,11834.064876467835
10,IF2,61,11846.537040967532
10,IF2,62,11846.499831242643
10,IF2,63,11815.619874483878
10,IF2,64,11827.381904626192
10,IF2,65,11829.62090263743
10,IF2,66,11841.514872824724
10,IF2,67,11841.110431204746
10,IF2,68,11834.415456836385
10,IF2,69,11850.227738440173
10,IF2,70,11829.874458404533
10,IF2,71,11840.514292834088
10,IF2,72,11825.896839452726
10,IF2,73,11832.356862094082
10,IF2,74,11830.23650568733
10,IF2,75,11835.629081642031
10,IF2,76,11825.121128591325
10,IF2,77,11846.194091232113
10,IF2,78,11839.827134388093
10,IF2,79,11840.440014997233
10,IF2,80,11841.684383533253
10,IF2,81,11832.668293569255
10,IF2,82,11835.940932712034
10,IF2,83,11830.81647300483
10,IF2,84,11833.091637236099
10,IF2,85,11840.107986976996
10,IF2,86,11836.333442781806
10,IF2,87,11830.196148333975
10,IF2,88,11834.690917002368
10,IF2,89,11822.823372955083
10,IF2,90,11829.366160463045
10,IF2,91,11821.255187018396
10,IF2,92,11845.395134244198
10,IF2,93,11827.430860922233
10,IF2,94,11834.183764789179
10,IF2,95,11847.314663858071
10,IF2,96,11847.599383969118
10,IF2,97,11831.95357490072
10,IF2,98,11827.035032469776
10,IF2,99,11832.665381902427
10,IF2,100,11788.694606286717
10,IF2,101,11834.215934598242
10,IF2,102,11830.383968023336
10,IF2,103,11841.970062226856
10,IF2,104,11838.446164547075
10,IF2,105,11844.174447486079
10,IF2,106,11842.354955421204
10,IF2,107,11842.84581830655
10,IF2,108,11840.993854853374
10,IF2,109,11832.954965453728
10,IF2,110,11824.74798575231
10,IF2,111,11819.428900129376
10,IF2,112,11834.644293734698
10,IF2,113,11819.40355597485
10,IF2,114,11805.562199076627
10,IF2,115,11826.234125793257
10,IF2,116,11833.375512987606
10,IF2,117,11824.643687313694
10,IF2,118,11836.0684597497
10,IF2,119,11852.314658226114
10,IF2,120,11845.20777437069
10,IF2,121,11833.363958538046
10,IF2,122,11839.445537046739
10,IF2,123,11834.722044300821
10,IF2,124,11839.041975667567
10,IF2,125,11837.703539408085
10,IF2,126,11841.718462896357
10,IF2,127,11838.206058252425
10,IF2,128,11841.059229235918
10,IF2,129,11819.14235231034
10,IF2,130,11843.678179165396
10,IF2,131,11835.30318878072
10,IF2,132,11840.28201924563
10,IF2,133,11839.180923989561
10,IF2,134,11831.29669514811
10,IF2,135,11839.887355754203
10,IF2,136,11832.773645244964
10,IF2,137,11839.07391292962
10,IF2,138,11822.991234474977
10,IF2,139,11836.076256592734
10,IF2,140,11834.765278488116
10,IF2,141,11840.530730679717
10,IF2,142,11829.974002717916
10,IF2,143,11846.97837899127
10,IF2,144,11846.515694920923
10,IF2,145,11835.042418312973
10,IF2,146,11844.971400391969
10,IF2,147,11838.270279908227
10,IF2,148,11838.391263723499
10,IF2,149,11835.273433431983
10,IF2,150,11840.987430649375
10,IF2,151,11833.238316387225
10,IF2,152,11845.770156524268
10,IF2,153,11831.280328987976
10,IF2,154,11842.309377982367
10,IF2,155,11833.83968662052
10,IF2,156,11809.801542193085
10,IF2,157,11827.549802759106
10,IF2,158,11835.256208233828
10,IF2,159,11836.949787449677
10,IF2,160,11846.849313229797
10,IF2,161,11830.719928949404
10,IF2,162,11824.80260483524
10,IF2,163,11836.265397260586
10,IF2,164,11834.626188466416
10,IF2,165,11843.107100229287
10,IF2,166,11838.913374603742
10,IF2,167,11838.024931355372
10,IF2,168,11837.958903189778
10,IF2,169,11841.596003628047
10,IF2,170,11832.680541322883
10,IF2,171,11837.456980182695
10,IF2,172,11841.501073592957
10,IF2,173,11839.711509309791
10,IF2,174,11840.542111212977
10,IF2,175,11842.241483137157
10,IF2,176,11833.820864526058
10,IF2,177,11834.333226052871
10,IF2,178,11834.981427127914
10,IF2,179,11838.882688442343
10,IF2,180,11848.375333998567
10,IF2,181,11845.646621298358
10,IF2,182,11842.791905583104
10,IF2,183,11842.901601175356
10,IF2,184,11836.741353162945
10,IF2,185,11830.448466144371
10,IF2,186,11835.305814137322
10,IF2,187,11840.397706000826
10,IF2,188,11839.551471526836
10,IF2,189,11841.184284983674
10,IF2,190,11842.35992637982
10,IF2,191,11840.04096503921
10,IF2,192,11842.403756788399
10,IF2,193,11846.812752831465
10,IF2,194,11840.785041904752
10,IF2,195,11840.793964706048
10,IF2,196,11845.486964477313
10,IF2,197,11838.818334667365
10,IF2,198,11841.54965384764
10,IF2,199,11849.675583275677
10,IF2,200,11845.212683186202
10,IF2,201,11842.124333716032
10,IF2,202,11841.550575049765
10,IF2,203,11843.207609209032
10,IF2,204,11845.46113788943
10,IF2,205,11836.521183986655
10,IF2,206,11840.098552576492
10,IF2,207,11839.189372502093
10,IF2,208,11842.335481207889
10,IF2,209,11839.039091654922
10,IF2,210,11829.607839845874
10,IF2,211,11832.7861563034
10,IF2,212,11834.199192835107
10,IF2,213,11828.575840979316
10,IF2,214,11824.42967371144
10,IF2,215,11818.477801636833
10,IF2,216,11821.968635691366
10,IF2,217,11817.103214121222
10,IF2,218,11832.736309233596
10,IF2,219,11827.739290354848
10,IF2,220,11833.853274282748
10,IF2,221,11834.177729028908
10,IF2,222,11835.65242483013
10,IF2,223,11837.40604917641
10,IF2,224,11841.434912272007
10,IF2,225,11842.871684266005
10,IF2,226,11836.990645943933
10,IF2,227,11837.544484218011
10,IF2,228,11826.937251241689
10,IF2,229,11834.04482357317
10,IF2,230,11832.8329063619
10,IF2,231,11830.401104788629
10,IF2,232,11834.853368722062
10,IF2,233,11841.062862181274
10,IF2,234,11845.51735012542
10,IF2,235,11834.207225632985
10,IF2,236,11835.959426113139
10,IF2,237,11839.931059776693
10,IF2,238,11842.271963329364
10,IF2,239,11835.52239568601
10,IF2,240,11837.771673190751
10,IF2,241,11838.17408229154
10,IF2,242,11840.065796896079
10,IF2,243,11837.128270959685
10,IF2,244,11832.42948677018
10,IF2,245,11829.120776356349
10,IF2,246,11838.097016158525
10,IF2,247,11837.806784131602
10,IF2,248,11836.592721553889
10,IF2,249,11835.970262286926
10,IF2,250,11838.249167153737
10,IF2,251,11842.6281127606
10,IF2,252,11842.619753282983
10,IF2,253,11843.20178414445
10,IF2,254,11839.981112747788
10,IF2,255,11837.406478117317
10,IF2,256,11841.946001928138
10,IF2,257,11841.625228347786
10,IF2,258,11840.505953435326
10,IF2,259,11842.510972487706
10,IF2,260,11840.81440104176
10,IF2,261,11839.901072676143
10,IF2,262,11834.958157479157
10,IF2,263,11844.981728530764
10,IF2,264,11841.728344833735
10,IF2,265,11841.563815622301
10,IF2,266,11841.810750185477
10,IF2,267,11842.995999501716
10,IF2,268,11840.035506303178
10,IF2,269,11843.100211081768
10,IF2,270,11841.759267906704
10,IF2,271,11841.257862643037
10,IF2,272,11843.601865289509
10,IF2,273,11838.879740638356
10,IF2,274,11846.931548720426
10,IF2,275,11839.287762082331
10,IF2,276,11849.38628283109
10,IF2,277,11842.465510113094
10,IF2,278,11839.303229857722
10,IF2,279,11843.004492891521
10,IF2,280,11847.224079261547
10,IF2,281,11844.014724544184
10,IF2,282,11841.717542300814
10,IF2,283,11840.52107560597
10,IF2,284,11841.919715898373
10,IF2,285,11847.452604041324
10,IF2,286,11844.945665619738
10,IF2,287,11838.560173360323
10,IF2,288,11836.746748537875
10,IF2,289,11832.318710364321
10,IF2,290,11840.955128100764
10,IF2,291,11844.067008030903
10,IF2,292,11843.712696266299
10,IF2,293,11844.042141993777
10,IF2,294,11843.157660331255
10,IF2,295,11845.626614395946
10,IF2,296,11846.333499784678
10,IF2,297,11836.441243063724
10,IF2,298,11846.12470973737
10,IF2,299,11843.456023592724
10,IF2,300,11843.682953446261
10,IF2,301,11834.571980125247
10,IF2,302,11831.911753445853
10,IF2,303,11834.981052498504
10,IF2,304,11836.902809896597
10,IF2,305,11839.55067566149
10,IF2,306,11837.501510479022
10,IF2,307,11835.290751678222
10,IF2,308,11839.184503240014
10,IF2,309,11840.778977794573
10,IF2,310,11841.763449461347
10,IF2,311,11841.920459894194
10,IF2,312,11838.344831737157
10,IF2,313,11838.918314614593
10,IF2,314,11840.143331628513
10,IF2,315,11837.722689603723
10,IF2,316,11843.875024526435
10,IF2,317,11841.85054687508
10,IF2,318,11836.064342968131
10,IF2,319,11838.424689369738
10,IF2,320,11842.462347854305
10,IF2,321,11846.64515880342
10,IF2,322,11840.190695577789
10,IF2,323,11836.519113220873
10,IF2,324,11844.451653973329
10,IF2,325,11842.246548976227
10,IF2,326,11840.196328800263
10,IF2,327,11840.509661171667
10,IF2,328,11842.805342569272
10,IF2,329,11841.778259758115
10,IF2,330,11843.558610133536
10,IF2,331,11839.501968534536
10,IF2,332,11840.987932611652
10,IF2,333,11840.347145797417
10,IF2,334,11845.440522797775
10,IF2,335,11842.757671244628
10,IF2,336,11844.326665271172
10,IF2,337,11843.85061677997
10,IF2,338,11842.617328450946
10,IF2,339,11849.632471844605
10,IF2,340,11844.903525630707
10,IF2,341,11842.314432545745
10,IF2,342,11842.40702731491
10,IF2,343,11852.833800751161
10,IF2,344,11840.89397522444
10,IF2,345,11843.21373872784
10,IF2,346,11845.822683306966
10,IF2,347,11844.946546040586
10,IF2,348,11838.656843709938
10,IF2,349,11844.187139068255
10,IF2,350,11846.273535975533
10,IF2,351,11844.921396172133
10,IF2,352,11845.182004691462
10,IF2,353,11845.394477284548
10,IF2,354,11840.860666416243
10,IF2,355,11842.519886243046
10,IF2,356,11842.806039036006
10,IF2,357,11842.496110601038
10,IF2,358,11847.859970285206
10,IF2,359,11844.713195703778
10,IF2,360,11845.129282969303
10,IF2,361,11842.5119834224
10,IF2,362,11842.112343049183
10,IF2,363,11846.889201841139
10,IF2,364,11845.457228293417
10,IF2,365,11840.287349398388
10,IF2,366,11843.659122014236
10,IF2,367,11845.837102748343
10,IF2,368,11843.766504939642
10,IF2,369,11844.87746775359
10,IF2,370,11844.585532767369
10,IF2,371,11847.016272810819
10,IF2,372,11847.168634193578
10,IF2,373,11842.412694266119
10,IF2,374,11839.579555445
10,IF2,375,11844.973591096437
10,IF2,376,11843.349499687709
10,IF2,377,11846.271435803019
10,IF2,378,11843.681829362971
10,IF2,379,11844.386285230274
10,IF2,380,11843.164191129752
10,IF2,381,11845.650670882365
10,IF2,382,11843.52310760914
10,IF2,383,11840.914915754762
10,IF2,384,11846.663670192705
10,IF2,385,11848.053285564965
10,IF2,386,11843.052603889408
10,IF2,387,11845.098435468164
10,IF2,388,11841.998377090795
10,IF2,389,11847.624426374317
10,IF2,390,11843.52074120919
10,IF2,391,11848.086858540628
10,IF2,392,11847.935261134666
10,IF2,393,11843.214242312792
10,IF2,394,11841.162100041885
10,IF2,395,11849.548611982644
10,IF2,396,11843.99371564675
10,IF2,397,11843.98740805764
10,IF2,398,11848.42476414107
10,IF2,399,11848.785098830747
10,IF2,400,11846.268813456365
10,IF2,401,11847.259442300776
10,IF2,402,11843.446199969549
10,IF2,403,11846.088320009154
10,IF2,404,11845.018350937175
10,IF2,405,11847.698818137056
10,IF2,406,11846.851708874847
10,IF2,407,11843.702838621379
10,IF2,408,11841.242085870505
10,IF2,409,11845.29777472166
10,IF2,410,11844.471377273157
10,IF2,411,11840.556171577155
10,IF2,412,11845.571570028169
10,IF2,413,11843.82651406981
10,IF2,414,11842.63298541043
10,IF2,415,11843.614962770444
10,IF2,416,11847.066899038726
10,IF2,417,11841.688905818857
10,IF2,418,11844.791649522067
10,IF2,419,11841.13825296426
10,IF2,420,11846.961467186928
10,IF2,421,11843.799220613393
10,IF2,422,11841.551340001071
10,IF2,423,11843.658662062144
10,IF2,424,11843.512717167601
10,IF2,425,11840.59707904876
10,IF2,426,11840.414559319455
10,IF2,427,11845.193938044104
10,IF2,428,11837.700734039623
10,IF2,429,11841.272450042898
10,IF2,430,11840.510876945007
10,IF2,431,11837.167098531254
10,IF2,432,11842.385554937193
10,IF2,433,11844.751244557803
10,IF2,434,11842.925007695685
10,IF2,435,11844.023400794566
10,IF2,436,11843.972583652574
10,IF2,437,11843.709651252297
10,IF2,438,11845.061189262788
10,IF2,439,11844.185700485588
10,IF2,440,11849.16732427039
10,IF2,441,11845.532276278387
10,IF2,442,11838.438911197238
10,IF2,443,11842.443757217374
10,IF2,444,11838.907275906
10,IF2,445,11838.88250879758
10,IF2,446,11842.120437525238
10,IF2,447,11842.453603096375
10,IF2,448,11846.420526287127
10,IF2,449,11841.139441437223
10,IF2,450,11841.736982599956
10,IF2,451,11840.389977865689
10,IF2,452,11844.21457345377
10,IF2,453,11843.762403297611
10,IF2,454,11846.310225966628
10,IF2,455,11844.149637343146
10,IF2,456,11843.185774176736
10,IF2,457,11843.520883079165
10,IF2,458,11840.524233721684
10,IF2,459,11848.725020274323
10,IF2,460,11841.339892029602
10,IF2,461,11846.505696836957
10,IF2,462,11844.073708748638
10,IF2,463,11841.868887549175
10,IF2,464,11843.848793925667
10,IF2,465,11843.009314812507
10,IF2,466,11849.441337114053
10,IF2,467,11847.032320008893
10,IF2,468,11844.481091485331
10,IF2,469,11842.762619128078
10,IF2,470,11846.995438718164
10,IF2,471,11844.609614887075
10,IF2,472,11843.530380572865
10,IF2,473,11848.095021887588
10,IF2,474,11845.800214735702
10,IF2,475,11844.849880371352
10,IF2,476,11845.024035110813
10,IF2,477,11841.650480211492
10,IF2,478,11838.545856569872
10,IF2,479,11840.129841077502
10,IF2,480,11842.97574233878
10,IF2,481,11848.401944245608
10,IF2,482,11845.48670584544
10,IF2,483,11844.062765942126
10,IF2,484,11845.889617038218
10,IF2,485,11842.015748180746
10,IF2,486,11844.51878110145
10,IF2,487,11846.036057515877
10,IF2,488,11844.762836885957
10,IF2,489,11840.925104468708
10,IF2,490,11844.596317577823
10,IF2,491,11840.85415423982
10,IF2,492,11841.098834139395
10,IF2,493,11843.226510278018
10,IF2,494,11847.853332346109
10,IF2,495,11846.026333208296
10,IF2,496,11842.926179510809
10,IF2,497,11849.46751094256
10,IF2,498,11841.857772461637
10,IF2,499,11844.355992572451
10,IF2,500,11842.538492944424
10,IF2,501,11847.260004732221
10,IF2,502,11845.985584037722
10,IF2,503,11844.294481610379
10,IF2,504,11844.079393144872
10,IF2,505,11841.76105229395
10,IF2,506,11838.17869328479
10,IF2,507,11840.495114260542
10,IF2,508,11842.028560372846
10,IF2,509,11843.418050458986
10,IF2,510,11846.325958214833
10,IF2,511,11843.72426822813
10,IF2,512,11841.670253941755
10,IF2,513,11844.173942022968
10,IF2,514,11842.37049943978
10,IF2,515,11846.199522238621
10,IF2,516,11846.761998801103
10,IF2,517,11842.378008081221
10,IF2,518,11844.59452990289
10,IF2,519,11842.66345139898
10,IF2,520,11842.77450460296
10,IF2,521,11839.99423564872
10,IF2,522,11839.951654422886
10,IF2,523,11842.732956254957
10,IF2,524,11841.831241840022
10,IF2,525,11838.93046035969
10,IF2,526,11847.04051690793
10,IF2,527,11843.868584074273
10,IF2,528,11843.715437544335
10,IF2,529,11847.387384769534
10,IF2,530,11842.618333300137
10,IF2,531,11842.49139031266
10,IF2,532,11847.339291258093
10,IF2,533,11841.062904102422
10,IF2,534,11844.568291769767
10,IF2,535,11842.44204845794
10,IF2,536,11845.623341033885
10,IF2,537,11840.573028078534
10,IF2,538,11844.416642801623
10,IF2,539,11842.018091580325
10,IF2,540,11843.1117226279
10,IF2,541,11842.914160991415
10,IF2,542,11839.463746348732
10,IF2,543,11841.29536652493
10,IF2,544,11843.484014300206
10,IF2,545,11844.995336258124
10,IF2,546,11842.752264167695
10,IF2,547,11842.705653350191
10,IF2,548,11839.951255719272
10,IF2,549,11844.679455939053
10,IF2,550,11840.73498966692
10,IF2,551,11845.356794088857
10,IF2,552,11845.138917714687
10,IF2,553,11839.99496615153
10,IF2,554,11845.969984240697
10,IF2,555,11845.481404003871
10,IF2,556,11844.993694574769
10,IF2,557,11841.798755208867
10,IF2,558,11847.55849737361
10,IF2,559,11840.758804129167
10,IF2,560,11841.782670375918
10,IF2,561,11842.467486298157
10,IF2,562,11845.322200816121
10,IF2,563,11845.393608840706
10,IF2,564,11843.451198996738
10,IF2,565,11842.895277179749
10,IF2,566,11845.019841268466
10,IF2,567,11844.281719224755
10,IF2,568,11843.973696739951
10,IF2,569,11843.507083522989
10,IF2,570,11850.84875374099
10,IF2,571,11843.855647664443
10,IF2,572,11843.65279210245
10,IF2,573,11841.636566474239
10,IF2,574,11844.45868800345
10,IF2,575,11843.284005223868
10,IF2,576,11847.231407861862
10,IF2,577,11843.072311372429
10,IF2,578,11843.875544345005
10,IF2,579,11842.064596906366
10,IF2,580,11839.725945853084
10,IF2,581,11844.431779030801
10,IF2,582,11847.316983797904
10,IF2,583,11845.03775218227
10,IF2,584,11840.915320603257
10,IF2,585,11842.57932901341
10,IF2,586,11842.987284921639
10,IF2,587,11844.279526548642
10,IF2,588,11841.86008928761
10,IF2,589,11846.939980983792
10,IF2,590,11844.001515889313
10,IF2,591,11845.903160927764
10,IF2,592,11840.664855947201
10,IF2,593,11843.005438466438
10,IF2,594,11845.738073663744
10,IF2,595,11850.628421091189
10,IF2,596,11844.380775488618
10,IF2,597,11846.644379892447
10,IF2,598,11841.55187365576
10,IF2,599,11843.058328959427
10,IFAD,0,11833.953646249543
10,IFAD,1,11842.057639822606
10,IFAD,2,11840.111489655883
10,IFAD,3,11844.644853262327
10,IFAD,4,11836.741325944553
10,IFAD,5,11816.15374598499
10,IFAD,6,11833.496644668492
10,IFAD,7,11826.846799167533
10,IFAD,8,11823.866805125075
10,IFAD,9,11796.385406571522
10,IFAD,10,11827.07908353528
10,IFAD,11,11843.32876928747
10,IFAD,12,11836.713571855424
10,IFAD,13,11827.494494476705
10,IFAD,14,11837.714850151913
10,IFAD,15,11832.21394504047
10,IFAD,16,11799.654816654394
10,IFAD,17,11804.108958476569
10,IFAD,18,11834.913903614675
10,IFAD,19,11847.258680458921
10,IFAD,20,11809.298003348333
10,IFAD,21,11830.708587732479
10,IFAD,22,11835.473434940257
10,IFAD,23,11805.598172846716
10,IFAD,24,11820.043407031359
10,IFAD,25,11819.163573129727
10,IFAD,26,11823.771919634952
10,IFAD,27,11824.627409402561
10,IFAD,28,11811.816166969544
10,IFAD,29,-3.0660417391296497e+27
10,IFAD,30,11815.345333504481
10,IFAD,31,11814.51650438077
10,IFAD,32,11816.169677240852
10,IFAD,33,11813.513939674664
10,IFAD,34,11818.809085386116
10,IFAD,35,11826.382224561541
10,IFAD,36,11835.12545613875
10,IFAD,37,11836.861470949352
10,IFAD,38,11823.457947826599
10,IFAD,39,11800.415759079802
10,IFAD,40,11816.62741249882
10,IFAD,41,11802.622117835266
10,IFAD,42,11812.632700114473
10,IFAD,43,11845.002991710799
10,IFAD,44,11827.281749917805
10,IFAD,45,11838.893979161669
10,IFAD,46,11831.755147111015
10,IFAD,47,11822.601428718033
10,IFAD,48,11812.661778273048
10,IFAD,49,11833.023346413527
10,IFAD,50,11830.672651716653
10,IFAD,51,11835.96048339371
10,IFAD,52,11839.21881745917
10,IFAD,53,11835.728034850908
10,IFAD,54,11839.222739017456
10,IFAD,55,11842.333779178669
10,IFAD,56,11835.012934939516
10,IFAD,57,11821.582468223418
10,IFAD,58,11842.14691425501
10,IFAD,59,11833.500350531423
10,IFAD,60,11821.291244595792
10,IFAD,61,11825.596739717092
10,IFAD,62,11809.307555774849
10,IFAD,63,11815.344422781352
10,IFAD,64,11820.739204759066
10,IFAD,65,11798.422410720163
10,IFAD,66,11825.585238809488
10,IFAD,67,11841.917215527252
10,IFAD,68,11837.012163707202
10,IFAD,69,11800.921305685575
10,IFAD,70,11832.90613095699
10,IFAD,71,11825.39072219548
10,IFAD,72,11816.425306996847
10,IFAD,73,11816.447805999747
10,IFAD,74,11742.296728931356
10,IFAD,75,11842.048693955048
10,IFAD,76,11831.941668723888
10,IFAD,77,11835.458677437171
10,IFAD,78,11845.98976973961
10,IFAD,79,11843.004209858072
10,IFAD,80,11820.614005698857
10,IFAD,81,11824.93549450722
10,IFAD,82,11817.322560865647
10,IFAD,83,11840.8547524285
10,IFAD,84,11820.981327027064
10,IFAD,85,11818.740824425528
10,IFAD,86,11823.724015000593
10,IFAD,87,11830.517750187673
10,IFAD,88,11842.452742259375
10,IFAD,89,11834.493398577613
10,IFAD,90,11835.384780854301
10,IFAD,91,11837.1776033164
10,IFAD,92,11841.5463214175
10,IFAD,93,11827.698554904398
10,IFAD,94,11840.98979191386
10,IFAD,95,11837.111779056511
10,IFAD,96,11827.34283719505
10,IFAD,97,11834.584339422645
10,IFAD,98,11834.610930649213
10,IFAD,99,11829.056327749176
10,IFAD,100,11830.902881209071
10,IFAD,101,11828.420681730688
10,IFAD,102,11829.827812259204
10,IFAD,103,11828.950615300051
10,IFAD,104,11832.126439957863
10,IFAD,105,11824.910035613431
10,IFAD,106,11831.382736972186
10,IFAD,107,11828.033220080684
10,IFAD,108,11830.806590654935
10,IFAD,109,11836.460660692952
10,IFAD,110,11827.863702496274
10,IFAD,111,11823.59924975317
10,IFAD,112,11829.29176817628
10,IFAD,113,11831.82469573769
10,IFAD,114,11835.994021848006
10,IFAD,115,11836.068791402608
10,IFAD,116,11827.25003194655
10,IFAD,117,11830.21213742987
10,IFAD,118,11830.71300940474
10,IFAD,119,11831.67348885302
10,IFAD,120,11821.404340976356
10,IFAD,121,11831.34166793338
10,IFAD,122,11828.942128103872
10,IFAD,123,11831.972007080833
10,IFAD,124,11829.488486957012
10,IFAD,125,11838.351019191177
10,IFAD,126,11836.20080156712
10,IFAD,127,11827.977216692223
10,IFAD,128,11829.015663386
10,IFAD,129,11823.909688870925
10,IFAD,130,11831.385913610993
10,IFAD,131,11834.927862507258
10,IFAD,132,11832.903022486993
10,IFAD,133,11825.091930164215
10,IFAD,134,11827.609923433787
10,IFAD,135,11825.180688876484
10,IFAD,136,11827.57120698264
10,IFAD,137,11833.358251029294
10,IFAD,138,11832.50169674157
10,IFAD,139,11833.594488037683
10,IFAD,140,11834.68689499352
10,IFAD,141,11831.073283321219
10,IFAD,142,11824.215384894025
10,IFAD,143,11829.79408695168
10,IFAD,144,11832.024123239946
10,IFAD,145,11831.329533768003
10,IFAD,146,11838.129508555454
10,IFAD,147,11834.849609526502
10,IFAD,148,11826.172704395247
10,IFAD,149,11835.011434827831
10,IFAD,150,11828.09725204473
10,IFAD,151,11836.974110129588
10,IFAD,152,11831.928862270035
10,IFAD,153,11824.350377227393
10,IFAD,154,11829.91978871159
10,IFAD,155,11834.129442840565
10,IFAD,156,11822.004581934683
10,IFAD,157,11833.218677055267
10,IFAD,158,11836.17867170481
10,IFAD,159,11833.94593906626
10,IFAD,160,11830.982442145989
10,IFAD,161,11838.217084729455
10,IFAD,162,11831.229538883501
10,IFAD,163,11830.394740518905
10,IFAD,164,11830.265706387197
10,IFAD,165,11831.616799798541
10,IFAD,166,11827.58799667999
10,IFAD,167,11834.22089646927
10,IFAD,168,11832.530851723754
10,IFAD,169,11830.583720294871
10,IFAD,170,11831.045738666013
10,IFAD,171,11836.116066388104
10,IFAD,172,11835.714737847384
10,IFAD,173,11833.496845853831
10,IFAD,174,11830.113814384897
10,IFAD,175,11832.55098867019
10,IFAD,176,11831.269261803796
10,IFAD,177,11833.238662192374
10,IFAD,178,11828.512489616658
10,IFAD,179,11831.706909630238
10,IFAD,180,11830.740590726522
10,IFAD,181,11832.933957818548
10,IFAD,182,11830.332390713462
10,IFAD,183,11832.183209094175
10,IFAD,184,11826.994610750558
10,IFAD,185,11832.85086815903
10,IFAD,186,11833.914299189533
10,IFAD,187,11824.873311063147
10,IFAD,188,11831.024101456436
10,IFAD,189,11825.145704612094
10,IFAD,190,11832.623655615336
10,IFAD,191,11835.395852663974
10,IFAD,192,11824.676417919602
10,IFAD,193,11832.676780680795
10,IFAD,194,11826.552351168259
10,IFAD,195,11832.273111807835
10,IFAD,196,11833.889635547448
10,IFAD,197,11831.200133461803
10,IFAD,198,11834.511460462723
10,IFAD,199,11828.938509854144
10,IFAD,200,11836.920809136713
10,IFAD,201,11833.314420794477
10,IFAD,202,11826.918689483628
10,IFAD,203,11838.176822106425
10,IFAD,204,11831.559152587737
10,IFAD,205,11832.154876820236
10,IFAD,206,11832.362762704894
10,IFAD,207,11831.736813610598
10,IFAD,208,11833.739658100361
10,IFAD,209,11835.967841244845
10,IFAD,210,11826.696388104157
10,IFAD,211,11836.593399635827
10,IFAD,212,11831.100385245267
10,IFAD,213,11825.800399349173
10,IFAD,214,11829.12842595906
10,IFAD,215,11836.90318545044
10,IFAD,216,11835.326174138698
10,IFAD,217,11826.718661626426
10,IFAD,218,11831.962052201568
10,IFAD,219,11830.162730568172
10,IFAD,220,11832.101304023618
10,IFAD,221,11836.958363376398
10,IFAD,222,11839.024681651279
10,IFAD,223,11827.145164954463
10,IFAD,224,11837.275877291817
10,IFAD,225,11829.40115084145
10,IFAD,226,11835.063386831702
10,IFAD,227,11830.759643376638
10,IFAD,228,11835.189069050504
10,IFAD,229,11839.893313281127
10,IFAD,230,11827.982694829821
10,IFAD,231,11831.447243313405
10,IFAD,232,11834.508231429832
10,IFAD,233,11829.969955010836
10,IFAD,234,11828.821011602711
10,IFAD,235,11834.19352687794
10,IFAD,236,11833.442352062217
10,IFAD,237,11830.156395446304
10,IFAD,238,11828.470387070498
10,IFAD,239,11836.175166079072
10,IFAD,240,11827.454754577395
10,IFAD,241,11830.129606702678
10,IFAD,242,11836.81921181607
10,IFAD,243,11830.925083537011
10,IFAD,244,11833.121446518513
10,IFAD,245,11829.981132041643
10,IFAD,246,11833.673560235336
10,IFAD,247,11835.90196800358
10,IFAD,248,11833.550199567546
10,IFAD,249,11831.998796129352
10,IFAD,250,11833.590209666314
10,IFAD,251,11826.325203278306
10,IFAD,252,11836.205308761237
10,IFAD,253,11834.05904348637
10,IFAD,254,11833.198872671597
10,IFAD,255,11825.434204395366
10,IFAD,256,11833.793111368255
10,IFAD,257,11831.73084380401
10,IFAD,258,11836.384676828651
10,IFAD,259,11831.870376008002
10,IFAD,260,11831.20283603894
10,IFAD,261,11831.032666749872
10,IFAD,262,11835.012083128942
10,IFAD,263,11830.891162119246
10,IFAD,264,11838.594537246796
10,IFAD,265,11833.644968889314
10,IFAD,266,11828.992934205222
10,IFAD,267,11833.129605657696
10,IFAD,268,11833.38829103882
10,IFAD,269,11831.739707942701
10,IFAD,270,11833.319103903083
10,IFAD,271,11834.064244512827
10,IFAD,272,11832.868560734056
10,IFAD,273,11830.405690116255
10,IFAD,274,11829.032247621652
10,IFAD,275,11830.712339096763
10,IFAD,276,11829.007769844035
10,IFAD,277,11832.23393461743
10,IFAD,278,11834.432967181727
10,IFAD,279,11832.76356194085
10,IFAD,280,11831.725758380653
10,IFAD,281,11834.272424799296
10,IFAD,282,11834.027810281304
10,IFAD,283,11827.182556560861
10,IFAD,284,11833.970625501748
10,IFAD,285,11830.80287478857
10,IFAD,286,11836.896924184966
10,IFAD,287,11837.814492077994
10,IFAD,288,11840.717624586128
10,IFAD,289,11829.601182147286
10,IFAD,290,11836.389323337069
10,IFAD,291,11836.957391692787
10,IFAD,292,11829.828696001428
10,IFAD,293,11835.70436284836
10,IFAD,294,11827.151042142663
10,IFAD,295,11830.069162406315
10,IFAD,296,11831.220202186258
10,IFAD,297,11836.197320685174
10,IFAD,298,11827.157081184518
10,IFAD,299,11832.86451887319
10,IFAD,300,11833.952863551991
10,IFAD,301,11832.757132837705
10,IFAD,302,11828.100469763234
10,IFAD,303,11829.592091376191
10,IFAD,304,11829.058855437283
10,IFAD,305,11831.902834404682
10,IFAD,306,11828.397076882773
10,IFAD,307,11837.916522239908
10,IFAD,308,11831.704797892766
10,IFAD,309,11833.082651407118
10,IFAD,310,11826.889062821736
10,IFAD,311,11838.517839968838
10,IFAD,312,11832.89738800663
10,IFAD,313,11828.990353486142
10,IFAD,314,11837.332639989554
10,IFAD,315,11829.433502905944
10,IFAD,316,11834.585692322653
10,IFAD,317,11829.70280228187
10,IFAD,318,11831.166029225174
10,IFAD,319,11833.509291362836
10,IFAD,320,11832.306960099697
10,IFAD,321,11837.373240715711
10,IFAD,322,11830.045880304617
10,IFAD,323,11831.152755652205
10,IFAD,324,11836.571357388966
10,IFAD,325,11833.267879855044
10,IFAD,326,11832.820323614644
10,IFAD,327,11832.530608866631
10,IFAD,328,11836.937534073755
10,IFAD,329,11829.597240285775
10,IFAD,330,11831.83059564675
10,IFAD,331,11833.960444324139
10,IFAD,332,11831.468585018993
10,IFAD,333,11834.492444738524
10,IFAD,334,11826.81942926679
10,IFAD,335,11832.03929627758
10,IFAD,336,11833.997660241723
10,IFAD,337,11829.410386384998
10,IFAD,338,11831.956965598278
10,IFAD,339,11834.808413251298
10,IFAD,340,11832.708139694341
10,IFAD,341,11830.911612157453
10,IFAD,342,11835.118845440194
10,IFAD,343,11833.336145866779
10,IFAD,344,11829.093515844294
10,IFAD,345,11831.42490243622
10,IFAD,346,11831.550756298586
10,IFAD,347,11828.769696455092
10,IFAD,348,11832.476508441572
10,IFAD,349,11837.60056326276
10,IFAD,350,11829.875373562958
10,IFAD,351,11833.93868077681
10,IFAD,352,11836.960871080548
10,IFAD,353,11839.905841060705
10,IFAD,354,11831.357448229759
10,IFAD,355,11835.272709944431
10,IFAD,356,11835.065034829166
10,IFAD,357,11830.985420743033
10,IFAD,358,11833.759059977729
10,IFAD,359,11836.90882481012
10,IFAD,360,11826.591933315853
10,IFAD,361,11833.721056159728
10,IFAD,362,11827.40466715518
10,IFAD,363,11828.546042096446
10,IFAD,364,11832.412088298006
10,IFAD,365,11834.909480680786
10,IFAD,366,11831.51424344069
10,IFAD,367,11831.628522010808
10,IFAD,368,11833.753014267188
10,IFAD,369,11836.465208710353
10,IFAD,370,11832.51191148546
10,IFAD,371,11830.488790793637
10,IFAD,372,11831.717584136813
10,IFAD,373,11834.838536802221
10,IFAD,374,11834.03273462236
10,IFAD,375,11831.076335519881
10,IFAD,376,11832.142393608592
10,IFAD,377,11826.474100686368
10,IFAD,378,11834.17514046781
10,IFAD,379,11841.009337953486
10,IFAD,380,11828.72467529104
10,IFAD,381,11831.678714553758
10,IFAD,382,11836.726116779553
10,IFAD,383,11830.199861141638
10,IFAD,384,11830.67053803176
10,IFAD,385,11833.562079046087
10,IFAD,386,11828.86614076341
10,IFAD,387,11833.345894742495
10,IFAD,388,11840.3774336228
10,IFAD,389,11830.663208403283
10,IFAD,390,11831.13938205882
10,IFAD,391,11825.473657826436
10,IFAD,392,11833.16000646147
10,IFAD,393,11828.5500792131
10,IFAD,394,11836.944852681334
10,IFAD,395,11833.50083432144
10,IFAD,396,11833.748757589994
10,IFAD,397,11835.09314810868
10,IFAD,398,11830.007958106338
10,IFAD,399,11832.394423770338
10,DS19,0,11665.901413327912
10,DS19,1,11678.140946713549
10,DS19,2,11682.893394331411
10,DS19,3,11696.929895589252
10,DS19,4,11699.915025543874
10,DS19,5,11703.770706074229
10,DS19,6,11711.404456148062
10,DS19,7,11718.764390283193
10,DS19,8,11724.341185030291
10,DS19,9,11734.709331238446
10,DS19,10,11728.753735025053
10,DS19,11,11739.60492945537
10,DS19,12,11753.51678936944
10,DS19,13,11759.348217762043
10,DS19,14,11758.711519827371
10,DS19,15,11772.242805280363
10,DS19,16,11771.322091015336
10,DS19,17,11784.666118127376
10,DS19,18,11782.139510824198
10,DS19,19,11785.480481663688
10,DS19,20,11790.045933921365
10,DS19,21,11797.345164194594
10,DS19,22,11805.120292293908
10,DS19,23,11804.48691143519
10,DS19,24,11805.004377941907
10,DS19,25,11805.819020089868
10,DS19,26,11813.33294243837
10,DS19,27,11808.575589732944
10,DS19,28,11808.831263663089
10,DS19,29,11814.975361593704
10,DS19,30,11811.99969976677
10,DS19,31,11815.48286308199
10,DS19,32,11815.428061132527
10,DS19,33,11818.532349873389
10,DS19,34,11815.297278959137
10,DS19,35,11821.362761069553
10,DS19,36,11811.789399325133
10,DS19,37,11817.54858133906
10,DS19,38,11823.083453649377
10,DS19,39,11819.843340398253
10,DS19,40,11816.920332542832
10,DS19,41,11823.768316781721
10,DS19,42,11821.401199586231
10,DS19,43,11820.617165544209
10,DS19,44,11821.584006968184
10,DS19,45,11833.335228824591
10,DS19,46,11828.8683410682
10,DS19,47,11831.234468321269
10,DS19,48,11837.775598244574
10,DS19,49,11832.930564752902
10,DS19,50,11823.16078965087
10,DS19,51,11831.656102024057
10,DS19,52,11837.434447195008
10,DS19,53,11840.764707665841
10,DS19,54,11828.642389991262
10,DS19,55,11846.42233622592
10,DS19,56,11834.69471485541
10,DS19,57,11840.99326505129
10,DS19,58,11839.346600310906
10,DS19,59,11837.758404965767
10,DS19,60,11840.151536228377
10,DS19,61,11842.42749910194
10,DS19,62,11838.713592849355
10,DS19,63,11835.770686006055
10,DS19,64,11834.94190861642
10,DS19,65,11834.162864733484
10,DS19,66,11840.249585015128
10,DS19,67,11832.212925297608
10,DS19,68,11830.927359883819
10,DS19,69,11829.556045979463
10,DS19,70,11825.536850387702
10,DS19,71,11831.411532793249
10,DS19,72,11822.831673982475
10,DS19,73,11840.751706627088
10,DS19,74,11828.124841950848
10,DS19,75,11834.928526838958
10,DS19,76,11835.676381658994
10,DS19,77,11828.600819872976
10,DS19,78,11839.644177284506
10,DS19,79,11837.96940853494
10,DS19,80,11835.683064407163
10,DS19,81,11825.386602295635
10,DS19,82,11824.708933192243
10,DS19,83,11823.215161942253
10,DS19,84,11828.627897716839
10,DS19,85,11827.040655902925
10,DS19,86,11818.595640903255
10,DS19,87,11829.29478846929
10,DS19,88,11825.957379280397
10,DS19,89,11821.887023659918
10,DS19,90,11819.683180085221
10,DS19,91,11825.767217196038
10,DS19,92,11830.198499789189
10,DS19,93,11830.752806952445
10,DS19,94,11815.406246146724
10,DS19,95,11814.379552433948
10,DS19,96,11806.44325230255
10,DS19,97,11820.49046584166
10,DS19,98,11819.894485739813
10,DS19,99,11820.185840905371
10,DS19,100,11808.812102052805
10,DS19,101,11816.40232083332
10,DS19,102,11821.818540586508
10,DS19,103,11806.556682169381
10,DS19,104,11818.85726876988
10,DS19,105,11811.438715794106
10,DS19,106,11807.993640202156
10,DS19,107,11814.22378586789
10,DS19,108,11801.298788779992
10,DS19,109,11809.291266159127
10,DS19,110,11807.65968663291
10,DS19,111,11805.339399170178
10,DS19,112,11802.03704600424
10,DS19,113,11808.968653927785
10,DS19,114,11805.096607179632
10,DS19,115,11801.78306637992
10,DS19,116,11809.4775260584
10,DS19,117,11817.22552820631
10,DS19,118,11810.569036141223
10,DS19,119,11804.02335177662
10,DS19,120,11795.87599918862
10,DS19,121,11817.120718865704
10,DS19,122,11817.206131883073
10,DS19,123,11818.467157317264
10,DS19,124,11810.278781241075
10,DS19,125,11816.809706757185
10,DS19,126,11803.861618151217
10,DS19,127,11822.854807400421
10,DS19,128,11812.808737339928
10,DS19,129,11811.576652231995
10,DS19,130,11816.580310086767
10,DS19,131,11824.694070704198
10,DS19,132,11809.54982045429
10,DS19,133,11811.211262318211
10,DS19,134,11814.705055072667
10,DS19,135,11825.632548715455
10,DS19,136,11828.721311720448
10,DS19,137,11821.870850957683
10,DS19,138,11823.882280404865
10,DS19,139,11818.446585349078
10,DS19,140,11833.646495639574
10,DS19,141,11826.947726757066
10,DS19,142,11835.519122367787
10,DS19,143,11831.723001226153
10,DS19,144,11824.552112982508
10,DS19,145,11832.598219678644
10,DS19,146,11808.89767446009
10,DS19,147,11824.171367425737
10,DS19,148,11823.977422921786
10,DS19,149,11834.212735252864
10,DS19,150,11821.705948833333
10,DS19,151,11824.38597691595
10,DS19,152,11827.17896439972
10,DS19,153,11817.72698562566
10,DS19,154,11825.168075878153
10,DS19,155,11818.849661890215
10,DS19,156,11823.643336448715
10,DS19,157,11818.971439365137
10,DS19,158,11829.189361941222
10,DS19,159,11823.905579820625
10,DS19,160,11820.598988083642
10,DS19,161,11829.41063496537
10,DS19,162,11823.528199132872
10,DS19,163,11817.98244085302
10,DS19,164,11829.418205103984
10,DS19,165,11824.268243358205
10,DS19,166,11820.870346674197
10,DS19,167,11827.531773064784
10,DS19,168,11817.752435899345
10,DS19,169,11824.121406382814
10,DS19,170,11824.301670240076
10,DS19,171,11826.22952999338
10,DS19,172,11815.221748856115
10,DS19,173,11817.801308261802
10,DS19,174,11823.636754361029
10,DS19,175,11818.724858797461
10,DS19,176,11817.643003510868
10,DS19,177,11820.805394572339
10,DS19,178,11816.86818570411
10,DS19,179,11823.416587144122
10,DS19,180,11826.88221955645
10,DS19,181,11810.813711859519
10,DS19,182,11826.15832235416
10,DS19,183,11814.077990058147
10,DS19,184,11812.545365349335
10,DS19,185,11819.470612388244
10,DS19,186,11820.0308520183
10,DS19,187,11822.00021426442
10,DS19,188,11821.422291778377
10,DS19,189,11829.297344948056
10,DS19,190,11820.37199949395
10,DS19,191,11811.753909505867
10,DS19,192,11828.46965616458
10,DS19,193,11817.557089201939
10,DS19,194,11820.18184122671
10,DS19,195,11825.293135789288
10,DS19,196,11817.37900308838
10,DS19,197,11827.096079734774
10,DS19,198,11822.48241273488
10,DS19,199,11821.374262962647
10,DS19,200,11829.606477832924
10,DS19,201,11820.637323016788
10,DS19,202,11822.864774725605
10,DS19,203,11828.08003054247
10,DS19,204,11830.653398495218
10,DS19,205,11823.8013374822
10,DS19,206,11823.871877108966
10,DS19,207,11832.794748055487
10,DS19,208,11826.09425110957
10,DS19,209,11820.510500719003
10,DS19,210,11835.689670750751
10,DS19,211,11831.21482197731
10,DS19,212,11826.983676604814
10,DS19,213,11830.705229342146
10,DS19,214,11825.372536354327
10,DS19,215,11837.57535713823
10,DS19,216,11819.668478574746
10,DS19,217,11829.551531353443
10,DS19,218,11834.790176460654
10,DS19,219,11835.7063183438
10,DS19,220,11829.255934309216
10,DS19,221,11834.828016934855
10,DS19,222,11834.249155348347
10,DS19,223,11818.165990690111
10,DS19,224,11825.915097250303
10,DS19,225,11836.324231824037
10,DS19,226,11830.345789624833
10,DS19,227,11834.438581026658
10,DS19,228,11836.561444446676
10,DS19,229,11840.496844178138
10,DS19,230,11838.569805718611
10,DS19,231,11838.534427619037
10,DS19,232,11826.427858538987
10,DS19,233,11845.067897967783
10,DS19,234,11834.513712331101
10,DS19,235,11833.646781791342
10,DS19,236,11840.268958806946
10,DS19,237,11832.053591132295
10,DS19,238,11839.698571714105
10,DS19,239,11834.847688418278
10,DS19,240,11844.298327040291
10,DS19,241,11834.880845876038
10,DS19,242,11823.776904621387
10,DS19,243,11833.728944991199
10,DS19,244,11839.00958946054
10,DS19,245,11844.115496460498
10,DS19,246,11829.697826510346
10,DS19,247,11838.104025678873
10,DS19,248,11838.620664518241
10,DS19,249,11832.816581135317
10,DS19,250,11833.658989637444
10,DS19,251,11834.764350635018
10,DS19,252,11837.697886281872
10,DS19,253,11836.905048439809
10,DS19,254,11838.962184878032
10,DS19,255,11843.186822582642
10,DS19,256,11836.888993717137
10,DS19,257,11833.467828797575
10,DS19,258,11828.751225858072
10,DS19,259,11842.404380392156
10,DS19,260,11832.217400589063
10,DS19,261,11836.431875841918
10,DS19,262,11833.664680783035
10,DS19,263,11824.155328250174
10,DS19,264,11831.771937134095
10,DS19,265,11838.027104315495
10,DS19,266,11842.112749603344
10,DS19,267,11834.17514949654
10,DS19,268,11835.997247061905
10,DS19,269,11846.86010595876
10,DS19,270,11840.45415039979
10,DS19,271,11831.437111761887
10,DS19,272,11841.842436879751
10,DS19,273,11839.712402483503
10,DS19,274,11838.921063297737
10,DS19,275,11837.883260118182
10,DS19,276,11835.945701697734
10,DS19,277,11834.004945662491
10,DS19,278,11829.060688089925
10,DS19,279,11828.173862630298
10,DS19,280,11837.958950287943
10,DS19,281,11841.427278325978
10,DS19,282,11825.92793156478
10,DS19,283,11832.168365037895
10,DS19,284,11829.80775925697
10,DS19,285,11837.594729645663
10,DS19,286,11841.91339203938
10,DS19,287,11832.818386591984
10,DS19,288,11829.814717548501
10,DS19,289,11835.185466103587
10,DS19,290,11832.887310815411
10,DS19,291,11841.220461427878
10,DS19,292,11829.259789664542
10,DS19,293,11838.469976103639
10,DS19,294,11825.957491895348
10,DS19,295,11825.230220884003
10,DS19,296,11832.008191708843
10,DS19,297,11823.949316947652
10,DS19,298,11833.636218838412
10,DS19,299,11831.236638516737
10,CTDD21,0,11671.779215698618
10,CTDD21,1,11665.55372148165
10,CTDD21,2,11678.113657383634
10,CTDD21,3,11691.350070220793
10,CTDD21,4,11690.190949632008
10,CTDD21,5,11690.162449682157
10,CTDD21,6,11695.40543164857
10,CTDD21,7,11715.05412682223
10,CTDD21,8,11680.011070776935
10,CTDD21,9,11703.16681748873
10,CTDD21,10,11707.235493448177
10,CTDD21,11,11684.157948971673
10,CTDD21,12,11696.072477222711
10,CTDD21,13,11693.535560957873
10,CTDD21,14,11687.24665658616
10,CTDD21,15,11689.016973182455
10,CTDD21,16,11685.201773205763
10,CTDD21,17,11690.200179709365
10,CTDD21,18,11691.132661565836
10,CTDD21,19,11692.007406825203
10,CTDD21,20,11686.217709328092
10,CTDD21,21,11690.199818543435
10,CTDD21,22,11701.655144183727
10,CTDD21,23,11682.57111939127
10,CTDD21,24,11693.566786910753
10,CTDD21,25,11685.460936095576
10,CTDD21,26,11672.352259381007
10,CTDD21,27,11691.461588446822
10,CTDD21,28,11686.443981547909
10,CTDD21,29,11662.745369537965
10,CTDD21,30,11691.04555420436
10,CTDD21,31,11675.749667282023
10,CTDD21,32,11677.123371137397
10,CTDD21,33,11678.969271333694
10,CTDD21,34,11692.651781495591
10,CTDD21,35,11688.104269334053
10,CTDD21,36,11683.141159522915
10,CTDD21,37,11681.33080774635
10,CTDD21,38,11678.935473867616
10,CTDD21,39,11681.650485221344
10,CTDD21,40,11672.573300972772
10,CTDD21,41,11661.536053858052
10,CTDD21,42,11674.943754495693
10,CTDD21,43,11692.760854107744
10,CTDD21,44,11685.777227744818
10,CTDD21,45,11678.946042449663
10,CTDD21,46,11665.742135517366
10,CTDD21,47,11660.31925049345
10,CTDD21,48,11674.084942383655
10,CTDD21,49,11676.16406401742
10,CTDD21,50,11677.102842362303
10,CTDD21,51,11654.559055062127
10,CTDD21,52,11661.568518217673
10,CTDD21,53,11679.978554977222
10,CTDD21,54,11659.299883775433
10,CTDD21,55,11678.539237591205
10,CTDD21,56,11652.469002898262
10,CTDD21,57,11671.705404320815
10,CTDD21,58,11670.954825019857
10,CTDD21,59,11654.178631810417
10,CTDD21,60,11665.37309623818
10,CTDD21,61,11662.762174833011
10,CTDD21,62,11668.40599022138
10,CTDD21,63,11654.312104463545
10,CTDD21,64,11672.66217363452
10,CTDD21,65,11657.283143955698
10,CTDD21,66,11671.100413411688
10,CTDD21,67,11671.767539712597
10,CTDD21,68,11652.761867488334
10,CTDD21,69,11670.611733474329
10,CTDD21,70,11669.974543590224
10,CTDD21,71,11649.49833164905
10,CTDD21,72,11660.301534639559
10,CTDD21,73,11651.207201442234
10,CTDD21,74,11679.522564125502
10,CTDD21,75,11660.912423938435
10,CTDD21,76,11664.46767904227
10,CTDD21,77,11671.039293492817
10,CTDD21,78,11680.77945008087
10,CTDD21,79,11674.13182165542
10,CTDD21,80,11668.371025063605
10,CTDD21,81,11663.84279636983
10,CTDD21,82,11685.11736205058
10,CTDD21,83,11677.117431599578
10,CTDD21,84,11688.166890567827
10,CTDD21,85,11684.731535843099
10,CTDD21,86,11677.776075097016
10,CTDD21,87,11677.885412284315
10,CTDD21,88,11667.807795511022
10,CTDD21,89,11683.213298417268
10,CTDD21,90,11647.107763916822
10,CTDD21,91,11679.609483229404
10,CTDD21,92,11677.27984739672
10,CTDD21,93,11663.85956655332
10,CTDD21,94,11672.687338074493
10,CTDD21,95,11681.729259503329
10,CTDD21,96,11691.247375741825
10,CTDD21,97,11665.464473803248
10,CTDD21,98,11667.28895498711
10,CTDD21,99,11676.640025568382
10,CTDD21,100,11655.868174598618
10,CTDD21,101,11668.737246664203
10,CTDD21,102,11675.072511300488
10,CTDD21,103,11677.541998222778
10,CTDD21,104,11669.870265246584
10,CTDD21,105,11674.56769202905
10,CTDD21,106,11681.935705553711
10,CTDD21,107,11682.57193771405
10,CTDD21,108,11681.159567674526
10,CTDD21,109,11651.40815183135
10,CTDD21,110,11662.43942139161
10,CTDD21,111,11670.508671034044
10,CTDD21,112,11671.937188769978
10,CTDD21,113,11653.104207236323
10,CTDD21,114,11676.039636489293
10,CTDD21,115,11652.540159749244
10,CTDD21,116,11680.248891412166
10,CTDD21,117,11678.569494795796
10,CTDD21,118,11664.994588479214
10,CTDD21,119,11638.725458755722
10,CTDD21,120,11656.385942121902
10,CTDD21,121,11638.705186508387
10,CTDD21,122,11655.356257997439
10,CTDD21,123,11666.461919450674
10,CTDD21,124,11665.626795913673
10,CTDD21,125,11664.318543702542
10,CTDD21,126,11658.481057931287
10,CTDD21,127,11652.278812187402
10,CTDD21,128,11660.129055850746
10,CTDD21,129,11649.200746557404
10,CTDD21,130,11671.883431563001
10,CTDD21,131,11668.508116985538
10,CTDD21,132,11659.086258473297
10,CTDD21,133,11667.893557596355
10,CTDD21,134,11665.09195189542
10,CTDD21,135,11664.162170524358
10,CTDD21,136,11666.111682737721
10,CTDD21,137,11676.6551788715
10,CTDD21,138,11665.34599259415
10,CTDD21,139,11660.626969073632
10,CTDD21,140,11674.234963751243
10,CTDD21,141,11666.65769637359
10,CTDD21,142,11665.799275648555
10,CTDD21,143,11669.339317396221
10,CTDD21,144,11676.944273362555
10,CTDD21,145,11686.942720140658
10,CTDD21,146,11678.60794809104
10,CTDD21,147,11684.098006783968
10,CTDD21,148,11681.092485854333
10,CTDD21,149,11681.580422712617
10,CTDD21,150,11685.241072412597
10,CTDD21,151,11686.070450159925
10,CTDD21,152,11686.553264613665
10,CTDD21,153,11676.994785012834
10,CTDD21,154,11673.063362575065
10,CTDD21,155,11671.606276579343
10,CTDD21,156,11683.753240665807
10,CTDD21,157,11673.340615713576
10,CTDD21,158,11681.569202423607
10,CTDD21,159,11667.592568356962
10,CTDD21,160,11685.535071492342
10,CTDD21,161,11678.286985771138
10,CTDD21,162,11683.30791416105
10,CTDD21,163,11680.43352080697
10,CTDD21,164,11682.549512770676
10,CTDD21,165,11702.259691365285
10,CTDD21,166,11683.425231100595
10,CTDD21,167,11688.830736751252
10,CTDD21,168,11673.216481863845
10,CTDD21,169,11668.465319863815
10,CTDD21,170,11667.577982780595
10,CTDD21,171,11671.686123129557
10,CTDD21,172,11689.201016276395
10,CTDD21,173,11679.495748487749
10,CTDD21,174,11678.507375846071
10,CTDD21,175,11674.684556684299
10,CTDD21,176,11679.010439603995
10,CTDD21,177,11683.354769226136
10,CTDD21,178,11680.925422727678
10,CTDD21,179,11679.937899935248
10,CTDD21,180,11682.605664075563
10,CTDD21,181,11687.737232841799
10,CTDD21,182,11679.812764098098
10,CTDD21,183,11664.872105873896
10,CTDD21,184,11670.474882374561
10,CTDD21,185,11680.093319428808
10,CTDD21,186,11674.745253419676
10,CTDD21,187,11680.485877485127
10,CTDD21,188,11664.479482296132
10,CTDD21,189,11680.665784748988
10,CTDD21,190,11685.390832372148
10,CTDD21,191,11680.526359716805
10,CTDD21,192,11661.69243654907
10,CTDD21,193,11672.179021817059
10,CTDD21,194,11687.697407793483
10,CTDD21,195,11679.121095005032
10,CTDD21,196,11686.043587314341
10,CTDD21,197,11670.882441365366
10,CTDD21,198,11684.353929699892
10,CTDD21,199,11671.422579934075
10,CTDD21,200,11691.732246066653
10,CTDD21,201,11666.715897283617
10,CTDD21,202,11674.28089354002
10,CTDD21,203,11666.159442112039
10,CTDD21,204,11667.226912628175
10,CTDD21,205,11673.952838986725
10,CTDD21,206,11672.235983158851
10,CTDD21,207,11664.302687281323
10,CTDD21,208,11647.362962865569
10,CTDD21,209,11654.339357574803
10,CTDD21,210,11667.87994323005
10,CTDD21,211,11652.937855742359
10,CTDD21,212,11654.913123880022
10,CTDD21,213,11664.864350557218
10,CTDD21,214,11678.496066045842
10,CTDD21,215,11645.76028208252
10,CTDD21,216,11662.49217546899
10,CTDD21,217,11674.957041960739
10,CTDD21,218,11665.991179061004
10,CTDD21,219,11682.455738315493
10,CTDD21,220,11669.599583537325
10,CTDD21,221,11673.989216670223
10,CTDD21,222,11663.769536097858
10,CTDD21,223,11683.26925345098
10,CTDD21,224,11670.197440845399
10,CTDD21,225,11633.505350968051
10,CTDD21,226,11681.775067193274
10,CTDD21,227,11658.722779041904
10,CTDD21,228,11677.17821250014
10,CTDD21,229,11674.110377595218
10,CTDD21,230,11664.81486052684
10,CTDD21,231,11683.115235117803
10,CTDD21,232,11674.723169697634
10,CTDD21,233,11673.1583120186
10,CTDD21,234,11659.80410055065
10,CTDD21,235,11673.622752490333
10,CTDD21,236,11670.7732454424
10,CTDD21,237,11675.976978350145
10,CTDD21,238,11667.627631218305
10,CTDD21,239,11664.65043327168
10,CTDD21,240,11685.357769274218
10,CTDD21,241,11668.589381103578
10,CTDD21,242,11649.284070959358
10,CTDD21,243,11674.42287966191
10,CTDD21,244,11667.030665012608
10,CTDD21,245,11676.473690205861
10,CTDD21,246,11687.11209197518
10,CTDD21,247,11671.704521713857
10,CTDD21,248,11668.286200264272
10,CTDD21,249,11664.28577600556
10,CTDD21,250,11665.76811026799
10,CTDD21,251,11682.115553328373
10,CTDD21,252,11674.354159143271
10,CTDD21,253,11682.005347347216
10,CTDD21,254,11665.060077820937
10,CTDD21,255,11668.636817973062
10,CTDD21,256,11675.979144270894
10,CTDD21,257,11674.654094076997
10,CTDD21,258,11658.297135114786
10,CTDD21,259,11692.507811498455
10,CTDD21,260,11672.767162194667
10,CTDD21,261,11682.172373054795
10,CTDD21,262,11664.781905304288
10,CTDD21,263,11690.255181333963
10,CTDD21,264,11663.677262405396
10,CTDD21,265,11663.672193297602
10,CTDD21,266,11661.516949056695
10,CTDD21,267,11666.729170384868
10,CTDD21,268,11674.936641460137
10,CTDD21,269,11684.455860806265
10,CTDD21,270,11669.525412979187
10,CTDD21,271,11664.255642042432
10,CTDD21,272,11678.135028586561
10,CTDD21,273,11676.865252077538
10,CTDD21,274,11674.498205400418
10,CTDD21,275,11669.573890478303
10,CTDD21,276,11674.523436978943
10,CTDD21,277,11672.570763174896
10,CTDD21,278,11673.493350062143
10,CTDD21,279,11670.48566287122
10,CTDD21,280,11678.022909996602
10,CTDD21,281,11690.262393483265
10,CTDD21,282,11675.413594421085
10,CTDD21,283,11677.586326204595
10,CTDD21,284,11680.356788793728
10,CTDD21,285,11680.67688998947
10,CTDD21,286,11704.091218244777
10,CTDD21,287,11671.826566306192
10,CTDD21,288,11675.890263001806
10,CTDD21,289,11672.727315540897
10,CTDD21,290,11702.631080026786
10,CTDD21,291,11670.787757275653
10,CTDD21,292,11679.282202162416
10,CTDD21,293,11667.865773816597
10,CTDD21,294,11680.012477098218
10,CTDD21,295,11669.08663499771
10,CTDD21,296,11692.685350655544
10,CTDD21,297,11670.949444146088
10,CTDD21,298,11668.608949357218
10,CTDD21,299,11686.877864914011
11,IF2,0,11826.655037510287
11,IF2,1,11830.627514675796
11,IF2,2,11842.983895736843
11,IF2,3,11847.22821776567
11,IF2,4,11849.639209727222
11,IF2,5,11797.311167245012
11,IF2,6,11849.995453506745
11,IF2,7,11818.096687123112
11,IF2,8,11828.56945028898
11,IF2,9,11806.155549608071
11,IF2,10,11816.080994070577
11,IF2,11,11834.526790852433
11,IF2,12,11819.78337142556
11,IF2,13,11810.152683777489
11,IF2,14,11845.145923586806
11,IF2,15,11842.268509769603
11,IF2,16,11812.411147653977
11,IF2,17,11841.67443499268
11,IF2,18,11852.936258726788
11,IF2,19,11821.165916023823
11,IF2,20,11833.598533015458
11,IF2,21,11828.333880966085
11,IF2,22,11835.13736610182
11,IF2,23,11824.609701502004
11,IF2,24,11839.255450654171
11,IF2,25,11786.681411087922
11,IF2,26,11837.326113420835
11,IF2,27,11841.810898377293
11,IF2,28,11846.12779255946
11,IF2,29,11830.062347919125
11,IF2,30,11831.078763185631
11,IF2,31,11833.32751213511
11,IF2,32,11839.571926079821
11,IF2,33,11798.838273799123
11,IF2,34,11856.24862022515
11,IF2,35,11834.412506276543
11,IF2,36,11794.531241499522
11,IF2,37,11833.985610778835
11,IF2,38,11844.959970863674
11,IF2,39,11834.07587426496
11,IF2,40,11818.246187960971
11,IF2,41,11848.154346380838
11,IF2,42,11850.477323192943
11,IF2,43,11833.001744742096
11,IF2,44,11807.719035100503
11,IF2,45,11825.482157115535
11,IF2,46,11843.717583255353
11,IF2,47,11828.199110836043
11,IF2,48,11823.293883459906
11,IF2,49,11823.361792044718
11,IF2,50,11833.601451920129
11,IF2,51,11827.638057746519
11,IF2,52,11788.48859950669
11,IF2,53,11820.594999898869
11,IF2,54,11841.307255469437
11,IF2,55,11815.775804236962
11,IF2,56,11821.310573595356
11,IF2,57,11846.683894668306
11,IF2,58,11821.974246695752
11,IF2,59,11833.855777671295
11,IF2,60,11838.901443952258
11,IF2,61,11838.651667990534
11,IF2,62,11831.831300390075
11,IF2,63,11834.028792668047
11,IF2,64,11819.563139412805
11,IF2,65,11830.690174811796
11,IF2,66,11840.311438041688
11,IF2,67,11855.005752812574
11,IF2,68,11844.332538712895
11,IF2,69,11817.23067837195
11,IF2,70,11813.686189066848
11,IF2,71,11829.391302229216
11,IF2,72,11830.384480361976
11,IF2,73,11837.89889933734
11,IF2,74,11839.035152937464
11,IF2,75,11839.964490611299
11,IF2,76,11841.430898573575
11,IF2,77,11834.908213581213
11,IF2,78,11847.336145576868
11,IF2,79,11836.91294056961
11,IF2,80,11847.29578597007
11,IF2,81,11842.12593156527
11,IF2,82,11830.18887285355
11,IF2,83,11806.81774204186
11,IF2,84,11792.869734494783
11,IF2,85,11817.094990822363
11,IF2,86,11830.88921940957
11,IF2,87,11812.649991752447
11,IF2,88,11832.842412808872
11,IF2,89,11842.125419942304
11,IF2,90,11839.182881782923
11,IF2,91,11829.99591256433
11,IF2,92,11840.264228834283
11,IF2,93,11835.706846685569
11,IF2,94,11838.698963476496
11,IF2,95,11838.23811073768
11,IF2,96,11834.28249169139
11,IF2,97,11830.748475268601
11,IF2,98,11836.95924195301
11,IF2,99,11827.150596264746
11,IF2,100,11826.26301248209
11,IF2,101,11825.263402821705
11,IF2,102,11823.7774170883
11,IF2,103,11837.492414310449
11,IF2,104,11836.664839505525
11,IF2,105,11834.284686274546
11,IF2,106,11842.912722957557
11,IF2,107,11831.646092390523
11,IF2,108,11829.538664395288
11,IF2,109,11835.308217256243
11,IF2,110,11822.63444570374
11,IF2,111,11837.673057504451
11,IF2,112,11834.756413849673
11,IF2,113,11843.017300228064
11,IF2,114,11837.493803196608
11,IF2,115,11836.329933401157
11,IF2,116,11825.200213474393
11,IF2,117,11822.832115480885
11,IF2,118,11827.711496724995
11,IF2,119,11831.200213265878
11,IF2,120,11834.219400594739
11,IF2,121,11811.378076894369
11,IF2,122,11835.714863904685
11,IF2,123,11835.703595827046
11,IF2,124,11835.995163341086
11,IF2,125,11839.381392855683
11,IF2,126,11838.94962335708
11,IF2,127,11839.985904713694
11,IF2,128,11825.634474095456
11,IF2,129,11818.05141783887
11,IF2,130,11821.945208943172
11,IF2,131,11821.17796116426
11,IF2,132,11841.673426356427
11,IF2,133,11831.58042819524
11,IF2,134,11826.868773007325
11,IF2,135,11827.888752985604
11,IF2,136,11838.235002500543
11,IF2,137,11833.465389026342
11,IF2,138,11841.495502454087
11,IF2,139,11830.629015753468
11,IF2,140,11824.373265010092
11,IF2,141,11830.90844950844
11,IF2,142,11840.474814945544
11,IF2,143,11839.039618396331
11,IF2,144,11834.862799155166
11,IF2,145,11837.035640577653
11,IF2,146,11835.793491703973
11,IF2,147,11832.3384771643
11,IF2,148,11830.537407231946
11,IF2,149,11832.828782420154
11,IF2,150,11825.673253396335
11,IF2,151,11821.894525511738
11,IF2,152,11817.96426913911
11,IF2,153,11832.015399096908
11,IF2,154,11838.283517567532
11,IF2,155,11830.692584576158
11,IF2,156,11828.29418748288
11,IF2,157,11827.170936313743
11,IF2,158,11831.341521197706
11,IF2,159,11819.303280731401
11,IF2,160,11830.763612096714
11,IF2,161,11831.44233741272
11,IF2,162,11836.581426656427
11,IF2,163,11838.462027376483
11,IF2,164,11840.544279924248
11,IF2,165,11835.337060124617
11,IF2,166,11833.0041616824
11,IF2,167,11835.95177181645
11,IF2,168,11847.096661088595
11,IF2,169,11822.596579809473
11,IF2,170,11837.956900713842
11,IF2,171,11830.962700220625
11,IF2,172,11833.122882693342
11,IF2,173,11839.574812674413
11,IF2,174,11830.328269019996
11,IF2,175,11845.749468367714
11,IF2,176,11838.879634730776
11,IF2,177,11835.942972943738
11,IF2,178,11843.821950735337
11,IF2,179,11835.68626489399
11,IF2,180,11838.022441287465
11,IF2,181,11833.549270256435
11,IF2,182,11838.693358956896
11,IF2,183,11834.533761815763
11,IF2,184,11845.539539769983
11,IF2,185,11841.176934492398
11,IF2,186,11839.518033801136
11,IF2,187,11836.57887944496
11,IF2,188,11834.678992033492
11,IF2,189,11833.30655000976
11,IF2,190,11833.696724917236
11,IF2,191,11842.074330293122
11,IF2,192,11838.701333296563
11,IF2,193,11840.289980606587
11,IF2,194,11837.764479414585
11,IF2,195,11836.692903465078
11,IF2,196,11839.228917258006
11,IF2,197,11839.805123273854
11,IF2,198,11835.38484948817
11,IF2,199,11837.88784339531
11,IF2,200,11838.13739905154
11,IF2,201,11840.685601815205
11,IF2,202,11848.12439665735
11,IF2,203,11842.489408953423
11,IF2,204,11832.543604696217
11,IF2,205,11838.536075049704
11,IF2,206,11837.429767686885
11,IF2,207,11836.416852277613
11,IF2,208,11837.907018683096
11,IF2,209,11838.74733627464
11,IF2,210,11839.513382213945
11,IF2,211,11836.381241402514
11,IF2,212,11839.840463963941
11,IF2,213,11833.272816557463
11,IF2,214,11834.44508587549
11,IF2,215,11837.927676523334
11,IF2,216,11842.061626142735
11,IF2,217,11845.092537803655
11,IF2,218,11844.86223959121
11,IF2,219,11841.57032419091
11,IF2,220,11840.40074060644
11,IF2,221,11836.282604393844
11,IF2,222,11836.321917489591
11,IF2,223,11841.59786844251
11,IF2,224,11845.085329209456
11,IF2,225,11838.907871739992
11,IF2,226,11838.264868505366
11,IF2,227,11835.005033093727
11,IF2,228,11834.509749534016
11,IF2,229,11837.97491469924
11,IF2,230,11835.445206752518
11,IF2,231,11838.317877931995
11,IF2,232,11837.449482151484
11,IF2,233,11845.943756999392
11,IF2,234,11835.498823485954
11,IF2,235,11838.581876124565
11,IF2,236,11837.872790481495
11,IF2,237,11838.399851424203
11,IF2,238,11838.744343089522
11,IF2,239,11834.699984066116
11,IF2,240,11839.630321366518
11,IF2,241,11842.707877807856
11,IF2,242,11846.999982871535
11,IF2,243,11841.859819843114
11,IF2,244,11842.04059123865
11,IF2,245,11844.35505890148
11,IF2,246,11842.425161587753
11,IF2,247,11841.155556710577
11,IF2,248,11840.666453166843
11,IF2,249,11846.54354897167
11,IF2,250,11844.89554361442
11,IF2,251,11841.420772763717
11,IF2,252,11840.980512090187
11,IF2,253,11834.421713175034
11,IF2,254,11844.33920233718
11,IF2,255,11839.7944156258
11,IF2,256,11838.74042905125
11,IF2,257,11840.86612123294
11,IF2,258,11844.587240136354
11,IF2,259,11844.49772967483
11,IF2,260,11840.135488440706
11,IF2,261,11838.341642909561
11,IF2,262,11839.538407293734
11,IF2,263,11840.818414068262
11,IF2,264,11839.832647157862
11,IF2,265,11843.352403753588
11,IF2,266,11845.376061966937
11,IF2,267,11842.638726008876
11,IF2,268,11846.940454254422
11,IF2,269,11840.394215162181
11,IF2,270,11843.422138673137
11,IF2,271,11838.137813825875
11,IF2,272,11836.601600805654
11,IF2,273,11837.968475203417
11,IF2,274,11836.139297713398
11,IF2,275,11841.416869191862
11,IF2,276,11841.681570150606
11,IF2,277,11841.19182718324
11,IF2,278,11843.463215890344
11,IF2,279,11839.7726309266
11,IF2,280,11839.900795845635
11,IF2,281,11843.012265158983
11,IF2,282,11836.022750099775
11,IF2,283,11847.775021050156
11,IF2,284,11840.390080053627
11,IF2,285,11834.686805466106
11,IF2,286,11837.233554675524
11,IF2,287,11847.306365430533
11,IF2,288,11843.404817923321
11,IF2,289,11841.7698351307
11,IF2,290,11842.1388894537
11,IF2,291,11846.48110377483
11,IF2,292,11846.969317897712
11,IF2,293,11842.517347191524
11,IF2,294,11843.281608099947
11,IF2,295,11841.00688204395
11,IF2,296,11843.199390841928
11,IF2,297,11844.218197322447
11,IF2,298,11842.808128689056
11,IF2,299,11835.147484635852
11,IF2,300,11835.378727410704
11,IF2,301,11837.132490936427
11,IF2,302,11839.19263092283
11,IF2,303,11836.441089677499
11,IF2,304,11835.355135378077
11,IF2,305,11837.54606933854
11,IF2,306,11833.84443487139
11,IF2,307,11839.689660080168
11,IF2,308,11833.382395097504
11,IF2,309,11831.974113529495
11,IF2,310,11836.871701563285
11,IF2,311,11840.906089395783
11,IF2,312,11840.78808601986
11,IF2,313,11841.817141264848
11,IF2,314,11842.842312023695
11,IF2,315,11841.90937165068
11,IF2,316,11839.58999139003
11,IF2,317,11841.128700632871
11,IF2,318,11843.337925822014
11,IF2,319,11842.445540886814
11,IF2,320,11839.032633933717
11,IF2,321,11836.794315985419
11,IF2,322,11836.83772564225
11,IF2,323,11845.0937484929
11,IF2,324,11842.717292471974
11,IF2,325,11842.282882709622
11,IF2,326,11841.89992646845
11,IF2,327,11841.037456829003
11,IF2,328,11843.207005767934
11,IF2,329,11842.729319784026
11,IF2,330,11846.213022491109
11,IF2,331,11843.52942965493
11,IF2,332,11833.189740872009
11,IF2,333,11841.37337918962
11,IF2,334,11838.147265113817
11,IF2,335,11837.204776733142
11,IF2,336,11841.114104741135
11,IF2,337,11843.946901287798
11,IF2,338,11835.257036977831
11,IF2,339,11832.549819803642
11,IF2,340,11835.839650680202
11,IF2,341,11835.285333462625
11,IF2,342,11836.465960983309
11,IF2,343,11833.860558624583
11,IF2,344,11838.192681553151
11,IF2,345,11835.421744076351
11,IF2,346,11833.49024804084
11,IF2,347,11837.968106140765
11,IF2,348,11837.942619772553
11,IF2,349,11837.778076694738
11,IF2,350,11835.722893093509
11,IF2,351,11837.8540327808
11,IF2,352,11828.204933427372
11,IF2,353,11833.925962023448
11,IF2,354,11833.023072249265
11,IF2,355,11832.428770300083
11,IF2,356,11836.01876100269
11,IF2,357,11834.284097954003
11,IF2,358,11832.136319840867
11,IF2,359,11838.057665894094
11,IF2,360,11839.740494032145
11,IF2,361,11833.814877283527
11,IF2,362,11839.132196781717
11,IF2,363,11833.602315463018
11,IF2,364,11830.886875339447
11,IF2,365,11834.155562351263
11,IF2,366,11832.845160976227
11,IF2,367,11838.40121743865
11,IF2,368,11834.961233059945
11,IF2,369,11847.518780133621
11,IF2,370,11840.523474136735
11,IF2,371,11836.896089268756
11,IF2,372,11838.81795642715
11,IF2,373,11834.423809340746
11,IF2,374,11837.515772281977
11,IF2,375,11838.028439737587
11,IF2,376,11841.273395882561
11,IF2,377,11836.749301371057
11,IF2,378,11842.36220222014
11,IF2,379,11836.246375531
11,IF2,380,11836.966518997635
11,IF2,381,11838.565003508016
11,IF2,382,11839.361681212595
11,IF2,383,11846.114704563824
11,IF2,384,11839.832167972456
11,IF2,385,11835.526172052481
11,IF2,386,11835.13721826413
11,IF2,387,11836.460042694483
11,IF2,388,11838.765648240658
11,IF2,389,11838.38802861252
11,IF2,390,11836.417081120378
11,IF2,391,11835.715897311482
11,IF2,392,11837.872394740756
11,IF2,393,11839.262726808654
11,IF2,394,11843.788889155021
11,IF2,395,11839.328244985703
11,IF2,396,11836.457623396378
11,IF2,397,11837.700696958611
11,IF2,398,11841.466746105603
11,IF2,399,11837.439740569669
11,IF2,400,11833.014184228718
11,IF2,401,11840.68060644057
11,IF2,402,11836.486271681417
11,IF2,403,11838.044927144021
11,IF2,404,11838.13062533035
11,IF2,405,11835.614307528966
11,IF2,406,11842.555404883034
11,IF2,407,11839.450861460655
11,IF2,408,11839.686990602067
11,IF2,409,11835.37170493789
11,IF2,410,11838.043170525694
11,IF2,411,11839.709749855347
11,IF2,412,11829.907408413206
11,IF2,413,11835.093687420356
11,IF2,414,11836.293753263139
11,IF2,415,11834.880003190832
11,IF2,416,11835.314177732405
11,IF2,417,11835.424140466723
11,IF2,418,11835.341339862132
11,IF2,419,11837.994653314534
11,IF2,420,11828.52857184927
11,IF2,421,11839.053482352681
11,IF2,422,11837.171720292477
11,IF2,423,11839.883526430305
11,IF2,424,11842.219606123326
11,IF2,425,11841.881704881032
11,IF2,426,11838.263400333712
11,IF2,427,11832.58856775344
11,IF2,428,11837.34922915133
11,IF2,429,11839.369573853362
11,IF2,430,11838.666092367972
11,IF2,431,11839.34754608407
11,IF2,432,11839.094019038816
11,IF2,433,11835.113341976908
11,IF2,434,11838.805746040662
11,IF2,435,11839.066146695393
11,IF2,436,11834.97520088036
11,IF2,437,11838.919564723008
11,IF2,438,11835.420619000139
11,IF2,439,11838.45631598526
11,IF2,440,11832.22421244733
11,IF2,441,11845.933204880403
11,IF2,442,11840.38835431998
11,IF2,443,11835.032552977134
11,IF2,444,11835.571512461353
11,IF2,445,11839.376225823384
11,IF2,446,11834.541222158836
11,IF2,447,11837.43375289544
11,IF2,448,11834.540336282587
11,IF2,449,11837.603011313244
11,IF2,450,11843.476354531058
11,IF2,451,11846.037731945164
11,IF2,452,11840.058445465984
11,IF2,453,11834.976168742995
11,IF2,454,11837.354651976035
11,IF2,455,11836.471724403238
11,IF2,456,11838.057033969319
11,IF2,457,11834.958971501095
11,IF2,458,11840.594845132659
11,IF2,459,11837.962888266024
11,IF2,460,11838.22393800884
11,IF2,461,11835.018345629454
11,IF2,462,11837.413176299038
11,IF2,463,11833.424540422537
11,IF2,464,11841.675259689577
11,IF2,465,11841.143108187924
11,IF2,466,11843.053898283753
11,IF2,467,11843.300538061394
11,IF2,468,11837.315575281169
11,IF2,469,11841.00842493558
11,IF2,470,11843.165194473791
11,IF2,471,11838.645059952956
11,IF2,472,11836.649002332957
11,IF2,473,11838.514655450765
11,IF2,474,11837.487061068769
11,IF2,475,11834.986994905952
11,IF2,476,11835.079569942847
11,IF2,477,11835.005525522458
11,IF2,478,11839.242712133044
11,IF2,479,11835.401508006622
11,IF2,480,11839.87191714514
11,IF2,481,11839.534569514188
11,IF2,482,11835.673872183304
11,IF2,483,11836.594004171362
11,IF2,484,11835.196525177038
11,IF2,485,11833.555370757247
11,IF2,486,11838.28203728518
11,IF2,487,11835.798931823732
11,IF2,488,11840.092966283093
11,IF2,489,11836.53556172347
11,IF2,490,11837.937786415732
11,IF2,491,11836.179989740693
11,IF2,492,11836.534897016852
11,IF2,493,11837.1952989008
11,IF2,494,11837.081364959826
11,IF2,495,11837.471972173103
11,IF2,496,11836.592829686659
11,IF2,497,11840.671853458378
11,IF2,498,11841.900939466057
11,IF2,499,11835.115561415072
11,IF2,500,11832.963202850433
11,IF2,501,11839.18531625529
11,IF2,502,11835.230437991544
11,IF2,503,11842.566976567
11,IF2,504,11837.674068470282
11,IF2,505,11833.85967821158
11,IF2,506,11837.154527360195
11,IF2,507,11841.73606551386
11,IF2,508,11833.352323463572
11,IF2,509,11838.958517978877
11,IF2,510,11839.694524771225
11,IF2,511,11839.55005608548
11,IF2,512,11840.990862015055
11,IF2,513,11839.746243511558
11,IF2,514,11834.771969158928
11,IF2,515,11837.310048277921
11,IF2,516,11837.36637607638
11,IF2,517,11839.869351347803
11,IF2,518,11833.526349098793
11,IF2,519,11838.515995939519
11,IF2,520,11838.156294084014
11,IF2,521,11841.459694380997
11,IF2,522,11843.914131165722
11,IF2,523,11838.16101248374
11,IF2,524,11839.440146975092
11,IF2,525,11837.97657559241
11,IF2,526,11843.812255222954
11,IF2,527,11843.57735406743
11,IF2,528,11839.6185582944
11,IF2,529,11837.784166640658
11,IF2,530,11839.936115653189
11,IF2,531,11840.130809154063
11,IF2,532,11838.989317287562
11,IF2,533,11836.245788849264
11,IF2,534,11839.435483853247
11,IF2,535,11837.158849864638
11,IF2,536,11841.804713589507
11,IF2,537,11835.652095352303
11,IF2,538,11841.338296349562
11,IF2,539,11832.25327249292
11,IF2,540,11838.045755244655
11,IF2,541,11837.391125883218
11,IF2,542,11838.228736887637
11,IF2,543,11838.854780891019
11,IF2,544,11841.00300902369
11,IF2,545,11837.212821092762
11,IF2,546,11837.297180604402
11,IF2,547,11837.43423895197
11,IF2,548,11842.161574304699
11,IF2,549,11839.194100664867
11,IF2,550,11839.36861294478
11,IF2,551,11836.544623083499
11,IF2,552,11840.60331026567
11,IF2,553,11835.289544343092
11,IF2,554,11839.65443969008
11,IF2,555,11836.765219694644
11,IF2,556,11840.499823012658
11,IF2,557,11834.921015994176
11,IF2,558,11837.332579715647
11,IF2,559,11840.988212094646
11,IF2,560,11837.293133526015
11,IF2,561,11838.347490825343
11,IF2,562,11838.86874006598
11,IF2,563,11836.447519742605
11,IF2,564,11838.77446007262
11,IF2,565,11838.502208821727
11,IF2,566,11843.671303063918
11,IF2,567,11840.124701789797
11,IF2,568,11840.530392447035
11,IF2,569,11838.544813007165
11,IF2,570,11831.352923570119
11,IF2,571,11836.015085980043
11,IF2,572,11840.869919684787
11,IF2,573,11835.873700163456
11,IF2,574,11839.397623817937
11,IF2,575,11837.514296728736
11,IF2,576,11838.788985999852
11,IF2,577,11842.087333407082
11,IF2,578,11837.257773264944
11,IF2,579,11840.150151689853
11,IF2,580,11835.755570611884
11,IF2,581,11834.455210857574
11,IF2,582,11832.332442109402
11,IF2,583,11839.26027446268
11,IF2,584,11833.0747849756
11,IF2,585,11838.273354177927
11,IF2,586,11836.977550292484
11,IF2,587,11837.7902553764
11,IF2,588,11839.036934365127
11,IF2,589,11836.614746056233
11,IF2,590,11836.62010301449
11,IF2,591,11836.408542586343
11,IF2,592,11838.010808943767
11,IF2,593,11837.352246598472
11,IF2,594,11844.007441520951
11,IF2,595,11840.11166409889
11,IF2,596,11837.54312030021
11,IF2,597,11841.753794518538
11,IF2,598,11838.977355800118
11,IF2,599,11841.4024978904
11,IFAD,0,11831.750251370282
11,IFAD,1,11841.226122317055
11,IFAD,2,11833.53710886341
11,IFAD,3,11850.115278314057
11,IFAD,4,11843.688407571311
11,IFAD,5,11836.822665554871
11,IFAD,6,-1.0082665158540636e+28
11,IFAD,7,11840.142683403505
11,IFAD,8,11801.421892775434
11,IFAD,9,11825.197496084731
11,IFAD,10,11843.702601951984
11,IFAD,11,11815.751498072792
11,IFAD,12,11842.431355708199
11,IFAD,13,11819.368772626083
11,IFAD,14,11848.145707304499
11,IFAD,15,11812.007121327042
11,IFAD,16,11844.068517971009
11,IFAD,17,11845.893740648415
11,IFAD,18,11827.690672373417
11,IFAD,19,11829.223284479862
11,IFAD,20,11792.414845238847
11,IFAD,21,11801.634798902121
11,IFAD,22,11839.503372046105
11,IFAD,23,11826.890541898041
11,IFAD,24,11835.31697332492
11,IFAD,25,11806.312546988618
11,IFAD,26,11821.405578092628
11,IFAD,27,11844.524796348724
11,IFAD,28,11843.922796352439
11,IFAD,29,11833.90301120123
11,IFAD,30,11833.540092181614
11,IFAD,31,11828.662899218374
11,IFAD,32,11836.2229035028
11,IFAD,33,11822.11770675689
11,IFAD,34,11844.160845565124
11,IFAD,35,11828.114069908826
11,IFAD,36,11826.987143698529
11,IFAD,37,11804.162824979594
11,IFAD,38,11830.534060165435
11,IFAD,39,11803.637174092813
11,IFAD,40,11828.772905959582
11,IFAD,41,11816.02292971864
11,IFAD,42,11837.314734904552
11,IFAD,43,11844.433405166268
11,IFAD,44,11830.768627185747
11,IFAD,45,11826.610861300662
11,IFAD,46,11833.505276389595
11,IFAD,47,11832.714832665471
11,IFAD,48,11833.615859574678
11,IFAD,49,11808.258769345986
11,IFAD,50,11835.658364762794
11,IFAD,51,11819.09983434103
11,IFAD,52,11808.612554301662
11,IFAD,53,11831.15671881468
11,IFAD,54,11825.223441001212
11,IFAD,55,11836.818959496986
11,IFAD,56,11841.782423003899
11,IFAD,57,11836.617371017675
11,IFAD,58,11819.12198762926
11,IFAD,59,11821.053883820572
11,IFAD,60,11806.310431088723
11,IFAD,61,11802.406655413091
11,IFAD,62,11835.784083091954
11,IFAD,63,11843.16477296956
11,IFAD,64,11834.356731952063
11,IFAD,65,11846.503756405116
11,IFAD,66,11826.013124155998
11,IFAD,67,11838.112018707929
11,IFAD,68,11832.005728912256
11,IFAD,69,11843.581524218509
11,IFAD,70,11846.45183377635
11,IFAD,71,11843.374081974365
11,IFAD,72,11838.294151833636
11,IFAD,73,11839.779722209121
11,IFAD,74,11834.902104822348
11,IFAD,75,11830.694434245237
11,IFAD,76,11836.007141089078
11,IFAD,77,11837.793379608349
11,IFAD,78,11835.899756446053
11,IFAD,79,11836.855002121054
11,IFAD,80,11829.681242763543
11,IFAD,81,11824.838062325656
11,IFAD,82,11838.48863151653
11,IFAD,83,11812.800899225947
11,IFAD,84,11812.090424978825
11,IFAD,85,11821.648616072456
11,IFAD,86,11832.239521414805
11,IFAD,87,11832.413979712373
11,IFAD,88,11802.423036567741
11,IFAD,89,11828.359907788417
11,IFAD,90,11833.633085512798
11,IFAD,91,11827.804819512809
11,IFAD,92,11832.005538439038
11,IFAD,93,11845.770629209805
11,IFAD,94,11848.668751534087
11,IFAD,95,11839.801881768295
11,IFAD,96,11843.622360249523
11,IFAD,97,11823.552601040505
11,IFAD,98,11837.51734468194
11,IFAD,99,11837.54717264739
11,IFAD,100,11818.981612506539
11,IFAD,101,11820.864907966155
11,IFAD,102,11824.820888013714
11,IFAD,103,11821.9547152776
11,IFAD,104,11822.27635867742
11,IFAD,105,11823.83739099522
11,IFAD,106,11820.959640294031
11,IFAD,107,11821.113309227574
11,IFAD,108,11820.032454776256
11,IFAD,109,11822.742267127898
11,IFAD,110,11827.709157726431
11,IFAD,111,11821.59418231147
11,IFAD,112,11820.83234014046
11,IFAD,113,11825.491383917035
11,IFAD,114,11823.917624590478
11,IFAD,115,11822.639785466565
11,IFAD,116,11821.941532962608
11,IFAD,117,11831.8234210538
11,IFAD,118,11828.132020649073
11,IFAD,119,11832.636108203109
11,IFAD,120,11826.864051610275
11,IFAD,121,11827.62859509906
11,IFAD,122,11825.75275813649
11,IFAD,123,11825.483811936978
11,IFAD,124,11829.813431699964
11,IFAD,125,11830.318456682293
11,IFAD,126,11831.25373492505
11,IFAD,127,11830.350783085185
11,IFAD,128,11829.114352854422
11,IFAD,129,11825.347691661598
11,IFAD,130,11826.387284117822
11,IFAD,131,11823.801718436656
11,IFAD,132,11831.073034136522
11,IFAD,133,11832.243810893135
11,IFAD,134,11831.139244962133
11,IFAD,135,11828.86931545831
11,IFAD,136,11827.251170648915
11,IFAD,137,11831.161085325406
11,IFAD,138,11839.388318957692
11,IFAD,139,11829.1383757674
11,IFAD,140,11826.04135586572
11,IFAD,141,11839.296477034191
11,IFAD,142,11829.748835864177
11,IFAD,143,11836.319338332554
11,IFAD,144,11831.444484851836
11,IFAD,145,11831.179050027056
11,IFAD,146,11831.511182081034
11,IFAD,147,11833.653158742618
11,IFAD,148,11833.788359999238
11,IFAD,149,11834.508798808733
11,IFAD,150,11831.078959385995
11,IFAD,151,11837.890921845092
11,IFAD,152,11829.224013048926
11,IFAD,153,11836.250938762905
11,IFAD,154,11832.998047042485
11,IFAD,155,11833.993374184192
11,IFAD,156,11837.751994310012
11,IFAD,157,11834.632349463294
11,IFAD,158,11831.119761278414
11,IFAD,159,11836.387495304216
11,IFAD,160,11831.648366551608
11,IFAD,161,11835.722087161796
11,IFAD,162,11838.33734369149
11,IFAD,163,11837.367619204526
11,IFAD,164,11830.853755402215
11,IFAD,165,11836.041546935008
11,IFAD,166,11830.472728409513
11,IFAD,167,11832.434313762706
11,IFAD,168,11833.869556373364
11,IFAD,169,11832.126129834005
11,IFAD,170,11833.440426307692
11,IFAD,171,11833.133992147039
11,IFAD,172,11834.024265734202
11,IFAD,173,11833.931606262433
11,IFAD,174,11832.777752222833
11,IFAD,175,11833.726115464216
11,IFAD,176,11837.761079565322
11,IFAD,177,11834.319008687013
11,IFAD,178,11833.857857387447
11,IFAD,179,11835.330866625332
11,IFAD,180,11835.978412952485
11,IFAD,181,11836.664973123188
11,IFAD,182,11841.180978065664
11,IFAD,183,11836.805592785253
11,IFAD,184,11840.235230317521
11,IFAD,185,11834.673720186278
11,IFAD,186,11841.362001710851
11,IFAD,187,11835.919585512103
11,IFAD,188,11834.11989062113
11,IFAD,189,11835.940609319436
11,IFAD,190,11835.42808252177
11,IFAD,191,11831.164895483918
11,IFAD,192,11836.736346018097
11,IFAD,193,11834.797305763037
11,IFAD,194,11836.484286413708
11,IFAD,195,11838.13553708086
11,IFAD,196,11838.199271157064
11,IFAD,197,11840.11050874976
11,IFAD,198,11835.068879126917
11,IFAD,199,11841.165125100111
11,IFAD,200,11841.129138208978
11,IFAD,201,11836.355817063102
11,IFAD,202,11837.398183469757
11,IFAD,203,11834.434981929626
11,IFAD,204,11832.510677740667
11,IFAD,205,11835.202576078113
11,IFAD,206,11838.591652810694
11,IFAD,207,11834.403264205894
11,IFAD,208,11840.782036796283
11,IFAD,209,11841.613650514979
11,IFAD,210,11844.208366028288
11,IFAD,211,11834.448032396971
11,IFAD,212,11838.072796880762
11,IFAD,213,11841.10186046426
11,IFAD,214,11839.33008882002
11,IFAD,215,11839.876171046379
11,IFAD,216,11839.647209841633
11,IFAD,217,11838.523482156887
11,IFAD,218,11837.739680343706
11,IFAD,219,11836.905853509315
11,IFAD,220,11844.718994730667
11,IFAD,221,11833.619479625542
11,IFAD,222,11835.279085292028
11,IFAD,223,11841.104633568055
11,IFAD,224,11837.587171733965
11,IFAD,225,11833.936466184567
11,IFAD,226,11839.342271823154
11,IFAD,227,11843.64652955552
11,IFAD,228,11842.59450800654
11,IFAD,229,11840.381880671075
11,IFAD,230,11837.793614206885
11,IFAD,231,11841.021399003626
11,IFAD,232,11841.60293371544
11,IFAD,233,11838.274706178152
11,IFAD,234,11839.708215575707
11,IFAD,235,11838.000990019473
11,IFAD,236,11838.44359132984
11,IFAD,237,11840.751126787249
11,IFAD,238,11837.937822648619
11,IFAD,239,11837.631566375276
11,IFAD,240,11841.110636491561
11,IFAD,241,11839.254674800532
11,IFAD,242,11839.29460352032
11,IFAD,243,11843.034636227329
11,IFAD,244,11837.576971007877
11,IFAD,245,11847.946008661398
11,IFAD,246,11837.464274408934
11,IFAD,247,11839.263021229252
11,IFAD,248,11838.090619834065
11,IFAD,249,11838.361849937599
11,IFAD,250,11841.021067689466
11,IFAD,251,11835.814085220629
11,IFAD,252,11837.319666356287
11,IFAD,253,11839.324387629817
11,IFAD,254,11839.155924477369
11,IFAD,255,11831.378627632232
11,IFAD,256,11845.20417972041
11,IFAD,257,11839.311095807303
11,IFAD,258,11841.013411716014
11,IFAD,259,11839.723529981724
11,IFAD,260,11845.354700418526
11,IFAD,261,11841.141562452749
11,IFAD,262,11840.695962900107
11,IFAD,263,11839.50653431828
11,IFAD,264,11837.42867032871
11,IFAD,265,11838.809511190893
11,IFAD,266,11835.2437045609
11,IFAD,267,11842.46308769283
11,IFAD,268,11841.713275255144
11,IFAD,269,11842.735795392324
11,IFAD,270,11843.046518792093
11,IFAD,271,11840.053460857753
11,IFAD,272,11837.876996412228
11,IFAD,273,11843.559642047967
11,IFAD,274,11841.138973394365
11,IFAD,275,11845.599368661182
11,IFAD,276,11837.67258619402
11,IFAD,277,11839.229259256941
11,IFAD,278,11841.13215409216
11,IFAD,279,11843.968706200478
11,IFAD,280,11841.556154490572
11,IFAD,281,11838.369384923795
11,IFAD,282,11840.035744724351
11,IFAD,283,11842.867966152191
11,IFAD,284,11839.341930956643
11,IFAD,285,11840.19995956278
11,IFAD,286,11837.191056478932
11,IFAD,287,11839.627512039446
11,IFAD,288,11845.334835551721
11,IFAD,289,11838.983639850609
11,IFAD,290,11839.394663491677
11,IFAD,291,11841.229436710953
11,IFAD,292,11839.475736007354
11,IFAD,293,11838.884608470531
11,IFAD,294,11840.319997382801
11,IFAD,295,11841.352794862236
11,IFAD,296,11838.90629654825
11,IFAD,297,11839.634144063153
11,IFAD,298,11838.036115811641
11,IFAD,299,11841.436153537525
11,IFAD,300,11836.129393256191
11,IFAD,301,11841.006844949237
11,IFAD,302,11842.31790480648
11,IFAD,303,11846.567189649233
11,IFAD,304,11840.2846268164
11,IFAD,305,11837.481822039488
11,IFAD,306,11840.064040079556
11,IFAD,307,11840.934430417235
11,IFAD,308,11838.55096511421
11,IFAD,309,11837.10325862776
11,IFAD,310,11843.845215282738
11,IFAD,311,11846.49286867549
11,IFAD,312,11839.221118730537
11,IFAD,313,11837.984681290429
11,IFAD,314,11841.61536708621
11,IFAD,315,11840.702743242615
11,IFAD,316,11839.565076789326
11,IFAD,317,11841.63846635303
11,IFAD,318,11841.539827568868
11,IFAD,319,11844.148423983013
11,IFAD,320,11836.214146064161
11,IFAD,321,11838.925649723004
11,IFAD,322,11845.411682689792
11,IFAD,323,11841.37792738508
11,IFAD,324,11842.00299174213
11,IFAD,325,11839.420804358871
11,IFAD,326,11844.701119639562
11,IFAD,327,11842.191405331247
11,IFAD,328,11842.182073986141
11,IFAD,329,11845.08265545255
11,IFAD,330,11839.073664734446
11,IFAD,331,11839.325964979294
11,IFAD,332,11836.892161557867
11,IFAD,333,11840.662282593257
11,IFAD,334,11841.730205589747
11,IFAD,335,11841.677154045767
11,IFAD,336,11839.52001410192
11,IFAD,337,11839.851358917373
11,IFAD,338,11840.440788307284
11,IFAD,339,11840.392788160474
11,IFAD,340,11840.733638091002
11,IFAD,341,11839.037616564003
11,IFAD,342,11842.055745948113
11,IFAD,343,11840.38397989753
11,IFAD,344,11839.01076860317
11,IFAD,345,11839.873194926875
11,IFAD,346,11842.347347015326
11,IFAD,347,11837.789023931706
11,IFAD,348,11838.152418615591
11,IFAD,349,11842.330338802294
11,IFAD,350,11842.63579392515
11,IFAD,351,11844.090404672948
11,IFAD,352,11837.701989343346
11,IFAD,353,11844.273832444738
11,IFAD,354,11835.774964448516
11,IFAD,355,11843.058228272228
11,IFAD,356,11848.387008537667
11,IFAD,357,11838.396256359412
11,IFAD,358,11846.26502712536
11,IFAD,359,11840.582926036343
11,IFAD,360,11840.19963973377
11,IFAD,361,11836.75941088084
11,IFAD,362,11839.089630718305
11,IFAD,363,11842.633201208755
11,IFAD,364,11838.779042661768
11,IFAD,365,11841.24328748458
11,IFAD,366,11845.407331948665
11,IFAD,367,11837.701401156964
11,IFAD,368,11844.858863654412
11,IFAD,369,11838.48670515347
11,IFAD,370,11840.353312030122
11,IFAD,371,11846.504020041582
11,IFAD,372,11839.150091935162
11,IFAD,373,11839.200461349767
11,IFAD,374,11842.539610257174
11,IFAD,375,11837.961202618775
11,IFAD,376,11844.373338870211
11,IFAD,377,11840.193586079653
11,IFAD,378,11840.081855510254
11,IFAD,379,11839.3714204069
11,IFAD,380,11836.25126056255
11,IFAD,381,11839.227786761896
11,IFAD,382,11839.030651724377
11,IFAD,383,11835.386580719978
11,IFAD,384,11836.223205398333
11,IFAD,385,11841.221979691783
11,IFAD,386,11835.550938412289
11,IFAD,387,11840.106268972946
11,IFAD,388,11841.402296786273
11,IFAD,389,11835.656348889406
11,IFAD,390,11832.685742112079
11,IFAD,391,11838.691469038373
11,IFAD,392,11843.267509041742
11,IFAD,393,11842.34112237739
11,IFAD,394,11838.203852759829
11,IFAD,395,11843.361516774637
11,IFAD,396,11842.553033681696
11,IFAD,397,11838.472510957556
11,IFAD,398,11844.024893744228
11,IFAD,399,11840.008802166836
11,DS19,0,11799.305298956147
11,DS19,1,11798.66658413385
11,DS19,2,11800.642239499066
11,DS19,3,11803.463465896879
11,DS19,4,11816.441713860053
11,DS19,5,11818.667361650969
11,DS19,6,11815.343758740444
11,DS19,7,11821.544538709362
11,DS19,8,11834.506360920543
11,DS19,9,11825.050689959713
11,DS19,10,11829.874792542065
11,DS19,11,11828.626096915636
11,DS19,12,11833.175654671895
11,DS19,13,11831.754898948535
11,DS19,14,11836.664801992289
11,DS19,15,11832.924939711409
11,DS19,16,11827.512640747831
11,DS19,17,11841.04239287395
11,DS19,18,11837.620882635307
11,DS19,19,11836.439372090446
11,DS19,20,11830.951262630388
11,DS19,21,11836.640547858591
11,DS19,22,11839.602735733906
11,DS19,23,11836.117526560145
11,DS19,24,11839.28959020353
11,DS19,25,11837.586547529821
11,DS19,26,11841.329675954401
11,DS19,27,11834.76575918516
11,DS19,28,11833.715032075455
11,DS19,29,11841.063826223253
11,DS19,30,11833.732461623807
11,DS19,31,11833.231285315595
11,DS19,32,11835.35733716138
11,DS19,33,11832.778283282692
11,DS19,34,11838.19751500458
11,DS19,35,11836.44148628477
11,DS19,36,11825.8007000133
11,DS19,37,11827.615023878117
11,DS19,38,11839.44520300369
11,DS19,39,11836.581106147869
11,DS19,40,11846.538825978374
11,DS19,41,11841.449154252256
11,DS19,42,11837.54654467443
11,DS19,43,11827.254201922795
11,DS19,44,11844.1501383076
11,DS19,45,11834.965320090469
11,DS19,46,11832.990791857246
11,DS19,47,11832.319677951262
11,DS19,48,11837.4790123828
11,DS19,49,11838.61360981625
11,DS19,50,11837.287006080314
11,DS19,51,11833.350230423734
11,DS19,52,11832.508103837723
11,DS19,53,11831.622152575837
11,DS19,54,11839.532368035565
11,DS19,55,11832.165000739615
11,DS19,56,11839.523706358634
11,DS19,57,11842.34851770933
11,DS19,58,11838.527429193375
11,DS19,59,11835.545480551235
11,DS19,60,11833.536941855133
11,DS19,61,11835.86413780421
11,DS19,62,11838.83739405939
11,DS19,63,11835.255114427755
11,DS19,64,11837.762747514522
11,DS19,65,11841.72827224428
11,DS19,66,11832.409007283813
11,DS19,67,11834.510516576982
11,DS19,68,11831.472652996528
11,DS19,69,11845.183112091363
11,DS19,70,11842.64003205722
11,DS19,71,11829.933216333917
11,DS19,72,11845.612413039677
11,DS19,73,11835.483787093282
11,DS19,74,11839.261832396696
11,DS19,75,11833.448031320102
11,DS19,76,11831.649434963427
11,DS19,77,11834.519799374742
11,DS19,78,11829.936399543314
11,DS19,79,11834.824694499373
11,DS19,80,11836.331411359886
11,DS19,81,11834.072304520454
11,DS19,82,11821.658819613811
11,DS19,83,11822.898459227283
11,DS19,84,11824.051647499695
11,DS19,85,11828.491505788466
11,DS19,86,11828.321910778342
11,DS19,87,11831.944618838324
11,DS19,88,11826.148955766357
11,DS19,89,11821.620011323386
11,DS19,90,11828.015595690978
11,DS19,91,11827.366376592425
11,DS19,92,11834.913224764572
11,DS19,93,11832.400959774895
11,DS19,94,11829.338572552802
11,DS19,95,11834.675179768303
11,DS19,96,11839.136255152962
11,DS19,97,11831.97695343401
11,DS19,98,11836.721621446723
11,DS19,99,11828.008327870448
11,DS19,100,11841.299862903434
11,DS19,101,11834.393657856654
11,DS19,102,11831.555003445506
11,DS19,103,11846.803301575721
11,DS19,104,11842.025065063348
11,DS19,105,11833.997515052226
11,DS19,106,11839.462136360491
11,DS19,107,11838.541198593184
11,DS19,108,11846.065521599872
11,DS19,109,11837.682879934098
11,DS19,110,11834.751051322477
11,DS19,111,11842.452728588236
11,DS19,112,11843.032802481775
11,DS19,113,11838.005115804484
11,DS19,114,11832.405861484904
11,DS19,115,11828.76432776911
11,DS19,116,11834.504759896938
11,DS19,117,11826.415247138406
11,DS19,118,11830.726310806924
11,DS19,119,11832.77412638869
11,DS19,120,11821.125664989544
11,DS19,121,11828.028394703395
11,DS19,122,11826.65364179235
11,DS19,123,11834.986413134448
11,DS19,124,11826.46212592043
11,DS19,125,11833.287981810157
11,DS19,126,11826.926018828364
11,DS19,127,11829.51802967289
11,DS19,128,11825.965882729153
11,DS19,129,11822.630904938405
11,DS19,130,11817.597703404672
11,DS19,131,11815.22525075152
11,DS19,132,11817.572652299325
11,DS19,133,11826.35066942412
11,DS19,134,11825.546802190742
11,DS19,135,11822.367382088527
11,DS19,136,11819.243803683014
11,DS19,137,11831.35977757855
11,DS19,138,11822.775146415803
11,DS19,139,11827.885933936679
11,DS19,140,11824.31446004147
11,DS19,141,11825.558370523468
11,DS19,142,11831.582221963617
11,DS19,143,11827.987023481892
11,DS19,144,11830.077072435874
11,DS19,145,11821.866338189508
11,DS19,146,11827.739747485182
11,DS19,147,11830.497761848836
11,DS19,148,11830.51741615354
11,DS19,149,11835.787242959213
11,DS19,150,11832.046332259753
11,DS19,151,11828.46608269481
11,DS19,152,11828.320261284023
11,DS19,153,11839.600973150897
11,DS19,154,11835.778724825159
11,DS19,155,11829.654486492189
11,DS19,156,11829.541025921484
11,DS19,157,11840.27062736648
11,DS19,158,11834.663340222109
11,DS19,159,11840.349616909056
11,DS19,160,11838.194426377988
11,DS19,161,11838.567981671233
11,DS19,162,11839.25655874924
11,DS19,163,11833.077675099
11,DS19,164,11840.34777714081
11,DS19,165,11837.892518883044
11,DS19,166,11828.211954785625
11,DS19,167,11828.66563979394
11,DS19,168,11826.028925975741
11,DS19,169,11836.468912760858
11,DS19,170,11831.735881408651
11,DS19,171,11824.882686977096
11,DS19,172,11832.500649138397
11,DS19,173,11829.946963640985
11,DS19,174,11830.46726686523
11,DS19,175,11822.962407078378
11,DS19,176,11835.413851742223
11,DS19,177,11829.741383952885
11,DS19,178,11826.284646850525
11,DS19,179,11831.136762827462
11,DS19,180,11829.333767958049
11,DS19,181,11830.747567231889
11,DS19,182,11835.447763575405
11,DS19,183,11816.675952998949
11,DS19,184,11830.552245478939
11,DS19,185,11830.159493975896
11,DS19,186,11825.497312573158
11,DS19,187,11819.926019075076
11,DS19,188,11817.271820285538
11,DS19,189,11817.512770058855
11,DS19,190,11813.210576708385
11,DS19,191,11820.301123799116
11,DS19,192,11815.239903170941
11,DS19,193,11810.376288337366
11,DS19,194,11813.378469011932
11,DS19,195,11808.597044396087
11,DS19,196,11827.638678877745
11,DS19,197,11811.980184225205
11,DS19,198,11821.454264288142
11,DS19,199,11817.406650070963
11,DS19,200,11822.0576857493
11,DS19,201,11824.200227352354
11,DS19,202,11817.81932756501
11,DS19,203,11814.489815457559
11,DS19,204,11815.739653105262
11,DS19,205,11814.645330733129
11,DS19,206,11818.370849741326
11,DS19,207,11816.769384573447
11,DS19,208,11817.132333789817
11,DS19,209,11820.061512406552
11,DS19,210,11820.060439425235
11,DS19,211,11817.128903183515
11,DS19,212,11819.528035806594
11,DS19,213,11814.03951575908
11,DS19,214,11822.240173950551
11,DS19,215,11822.744715151191
11,DS19,216,11820.554822326934
11,DS19,217,11826.498705110125
11,DS19,218,11831.136610406598
11,DS19,219,11825.68089700962
11,DS19,220,11821.405603229465
11,DS19,221,11828.095167298787
11,DS19,222,11829.915640111554
11,DS19,223,11821.155518609336
11,DS19,224,11825.183130159498
11,DS19,225,11833.33068520431
11,DS19,226,11828.041077467476
11,DS19,227,11819.994057107418
11,DS19,228,11828.573884011483
11,DS19,229,11834.14162765358
11,DS19,230,11823.128856169318
11,DS19,231,11833.403591976808
11,DS19,232,11826.300283190829
11,DS19,233,11840.09506794931
11,DS19,234,11824.737137042946
11,DS19,235,11832.938344132464
11,DS19,236,11832.24263787555
11,DS19,237,11831.012327802764
11,DS19,238,11821.835340228628
11,DS19,239,11834.215060604161
11,DS19,240,11837.80344064076
11,DS19,241,11837.163115676853
11,DS19,242,11839.63083616745
11,DS19,243,11833.38984249506
11,DS19,244,11834.174384881553
11,DS19,245,11848.568457193564
11,DS19,246,11827.203548456648
11,DS19,247,11836.51362402481
11,DS19,248,11831.872785587275
11,DS19,249,11832.31370235524
11,DS19,250,11836.232182967975
11,DS19,251,11836.173362499885
11,DS19,252,11841.099326014726
11,DS19,253,11836.831266220188
11,DS19,254,11839.801985377024
11,DS19,255,11836.818301532774
11,DS19,256,11839.8649498411
11,DS19,257,11827.694652654853
11,DS19,258,11835.260286162062
11,DS19,259,11839.352357654918
11,DS19,260,11830.368420901828
11,DS19,261,11828.784232013722
11,DS19,262,11842.140774639305
11,DS19,263,11829.288791752
11,DS19,264,11831.767923535983
11,DS19,265,11838.049940747715
11,DS19,266,11825.994945488414
11,DS19,267,11841.520844963794
11,DS19,268,11838.419814956856
11,DS19,269,11832.756910095502
11,DS19,270,11833.63096060791
11,DS19,271,11843.143226544009
11,DS19,272,11837.993482411779
11,DS19,273,11844.505322079669
11,DS19,274,11834.704902881986
11,DS19,275,11844.63945206086
11,DS19,276,11834.602579137654
11,DS19,277,11845.305082686695
11,DS19,278,11839.33048938956
11,DS19,279,11837.264019873024
11,DS19,280,11834.333746318374
11,DS19,281,11828.3223608348
11,DS19,282,11842.046371360493
11,DS19,283,11832.794811912516
11,DS19,284,11840.875859570035
11,DS19,285,11835.53163636507
11,DS19,286,11835.536537553211
11,DS19,287,11840.157336426104
11,DS19,288,11831.659828342985
11,DS19,289,11836.135629288076
11,DS19,290,11830.521468301538
11,DS19,291,11838.64613214149
11,DS19,292,11841.170965761663
11,DS19,293,11835.133496866685
11,DS19,294,11830.73217521613
11,DS19,295,11833.792709332374
11,DS19,296,11843.525221362415
11,DS19,297,11846.205641453907
11,DS19,298,11836.025350212165
11,DS19,299,11828.52294695665
11,CTDD21,0,11766.189268696507
11,CTDD21,1,11782.211730718038
11,CTDD21,2,11794.628193598712
11,CTDD21,3,11800.708074803342
11,CTDD21,4,11792.58422381409
11,CTDD21,5,11788.036716982617
11,CTDD21,6,11740.050523740878
11,CTDD21,7,11797.291733105752
11,CTDD21,8,11776.975802987607
11,CTDD21,9,11767.609159309248
11,CTDD21,10,11785.851191752987
11,CTDD21,11,11775.836898572845
11,CTDD21,12,11794.265101085966
11,CTDD21,13,11810.002672963208
11,CTDD21,14,11788.620942845195
11,CTDD21,15,11782.868539347975
11,CTDD21,16,11802.96445420975
11,CTDD21,17,11791.91229321166
11,CTDD21,18,11795.91455896664
11,CTDD21,19,11802.330362111425
11,CTDD21,20,11788.794139983735
11,CTDD21,21,11803.97394753943
11,CTDD21,22,11793.063322855802
11,CTDD21,23,11801.889996232008
11,CTDD21,24,11789.673664363036
11,CTDD21,25,11796.446743308135
11,CTDD21,26,11813.114805212776
11,CTDD21,27,11796.228869940736
11,CTDD21,28,11805.651761762929
11,CTDD21,29,11796.205768820395
11,CTDD21,30,11800.9866375177
11,CTDD21,31,11789.12459498166
11,CTDD21,32,11804.281869035687
11,CTDD21,33,11798.134583090785
11,CTDD21,34,11812.969187387402
11,CTDD21,35,11811.842877050738
11,CTDD21,36,11815.592495310346
11,CTDD21,37,11811.976442107552
11,CTDD21,38,11803.23413472229
11,CTDD21,39,11793.727823378182
11,CTDD21,40,11812.843535212627
11,CTDD21,41,11801.393124868806
11,CTDD21,42,11794.112129943263
11,CTDD21,43,11792.249091063859
11,CTDD21,44,11798.460189810932
11,CTDD21,45,11795.7329697344
11,CTDD21,46,11811.985084638398
11,CTDD21,47,11812.827006559704
11,CTDD21,48,11802.541728965856
11,CTDD21,49,11807.0494123133
11,CTDD21,50,11822.19312525888
11,CTDD21,51,11798.124736759539
11,CTDD21,52,11809.006428173187
11,CTDD21,53,11809.295088985362
11,CTDD21,54,11817.618691062777
11,CTDD21,55,11799.163702377096
11,CTDD21,56,11809.066438507867
11,CTDD21,57,11796.539754818597
11,CTDD21,58,11791.337695650249
11,CTDD21,59,11801.869296678069
11,CTDD21,60,11807.902874594542
11,CTDD21,61,11786.404286990593
11,CTDD21,62,11797.867811203882
11,CTDD21,63,11805.138631236992
11,CTDD21,64,11814.536234413572
11,CTDD21,65,11809.943824106136
11,CTDD21,66,11800.132015979862
11,CTDD21,67,11791.131887240921
11,CTDD21,68,11815.781545198333
11,CTDD21,69,11814.539180497388
11,CTDD21,70,11811.92418681498
11,CTDD21,71,11830.927685745366
11,CTDD21,72,11810.098139023778
11,CTDD21,73,11793.526338263106
11,CTDD21,74,11782.322992544088
11,CTDD21,75,11798.334906944967
11,CTDD21,76,11804.202557072678
11,CTDD21,77,11788.654360069677
11,CTDD21,78,11793.661887638436
11,CTDD21,79,11792.662614591285
11,CTDD21,80,11814.73997557856
11,CTDD21,81,11795.665665267818
11,CTDD21,82,11800.692005334446
11,CTDD21,83,11793.083906405613
11,CTDD21,84,11793.526896013118
11,CTDD21,85,11816.392984347622
11,CTDD21,86,11793.464381578024
11,CTDD21,87,11804.287146846582
11,CTDD21,88,11804.528784242437
11,CTDD21,89,11807.394836868067
11,CTDD21,90,11802.16325195066
11,CTDD21,91,11807.312660724549
11,CTDD21,92,11792.743606543929
11,CTDD21,93,11793.210949629443
11,CTDD21,94,11812.352237195173
11,CTDD21,95,11803.207427782982
11,CTDD21,96,11796.011404190032
11,CTDD21,97,11802.247161487981
11,CTDD21,98,11801.711681947569
11,CTDD21,99,11812.453640168344
11,CTDD21,100,11791.301617736748
11,CTDD21,101,11810.452758793264
11,CTDD21,102,11802.667805729401
11,CTDD21,103,11795.909019246781
11,CTDD21,104,11800.081318183311
11,CTDD21,105,11782.782181483266
11,CTDD21,106,11799.707269137276
11,CTDD21,107,11793.510150301387
11,CTDD21,108,11803.089947668801
11,CTDD21,109,11805.764558292401
11,CTDD21,110,11790.956975198429
11,CTDD21,111,11800.858540561887
11,CTDD21,112,11797.65579935947
11,CTDD21,113,11784.630214481851
11,CTDD21,114,11797.328907771538
11,CTDD21,115,11792.89719905885
11,CTDD21,116,11801.133706732488
11,CTDD21,117,11794.283679361746
11,CTDD21,118,11773.336321786705
11,CTDD21,119,11803.043513056467
11,CTDD21,120,11791.102229856791
11,CTDD21,121,11791.385397631066
11,CTDD21,122,11783.530826670856
11,CTDD21,123,11776.182656174604
11,CTDD21,124,11794.303470706645
11,CTDD21,125,11788.079399140119
11,CTDD21,126,11790.079331132089
11,CTDD21,127,11796.444704939297
11,CTDD21,128,11781.529459329427
11,CTDD21,129,11787.939517353674
11,CTDD21,130,11790.225338545633
11,CTDD21,131,11801.087431173502
11,CTDD21,132,11804.2388041635
11,CTDD21,133,11770.163676053622
11,CTDD21,134,11778.098897136217
11,CTDD21,135,11776.190515508793
11,CTDD21,136,11781.377202318881
11,CTDD21,137,11802.016839008911
11,CTDD21,138,11802.238198013956
11,CTDD21,139,11782.472482612744
11,CTDD21,140,11802.876815219252
11,CTDD21,141,11778.098838754186
11,CTDD21,142,11794.141435955089
11,CTDD21,143,11779.586779888792
11,CTDD21,144,11793.785951107053
11,CTDD21,145,11784.09473316213
11,CTDD21,146,11781.193988267138
11,CTDD21,147,11780.825225174125
11,CTDD21,148,11784.14731924424
11,CTDD21,149,11756.794655866011
11,CTDD21,150,11781.870561078602
11,CTDD21,151,11780.217125711535
11,CTDD21,152,11774.04412745271
11,CTDD21,153,11776.358057244997
11,CTDD21,154,11771.080305201129
11,CTDD21,155,11796.343102298453
11,CTDD21,156,11776.18207936504
11,CTDD21,157,11775.282723562039
11,CTDD21,158,11757.807283526838
11,CTDD21,159,11780.092365063445
11,CTDD21,160,11789.156786684203
11,CTDD21,161,11774.889444725675
11,CTDD21,162,11782.67111137455
11,CTDD21,163,11794.037009548883
11,CTDD21,164,11781.862685186901
11,CTDD21,165,11789.121150348361
11,CTDD21,166,11774.994837199247
11,CTDD21,167,11774.569146613305
11,CTDD21,168,11759.656125468471
11,CTDD21,169,11778.027184965656
11,CTDD21,170,11789.056386421984
11,CTDD21,171,11796.800444387034
11,CTDD21,172,11774.614457792555
11,CTDD21,173,11774.744089824202
11,CTDD21,174,11776.158937694505
11,CTDD21,175,11773.13877338979
11,CTDD21,176,11786.822206379733
11,CTDD21,177,11779.191158782372
11,CTDD21,178,11774.695345089327
11,CTDD21,179,11788.648969954967
11,CTDD21,180,11781.698540397461
11,CTDD21,181,11780.767259575048
11,CTDD21,182,11786.1796700721
11,CTDD21,183,11782.120659819702
11,CTDD21,184,11769.57805651435
11,CTDD21,185,11774.456124299266
11,CTDD21,186,11776.25079535363
11,CTDD21,187,11766.644478300499
11,CTDD21,188,11773.455846961662
11,CTDD21,189,11787.606742834605
11,CTDD21,190,11775.708875795264
11,CTDD21,191,11785.967804967237
11,CTDD21,192,11777.077098379326
11,CTDD21,193,11769.260375156988
11,CTDD21,194,11792.235554089348
11,CTDD21,195,11778.589303064236
11,CTDD21,196,11788.197034070054
11,CTDD21,197,11781.724871838916
11,CTDD21,198,11775.960794772815
11,CTDD21,199,11777.418661400867
11,CTDD21,200,11793.523944720198
11,CTDD21,201,11786.365692139956
11,CTDD21,202,11776.946942546087
11,CTDD21,203,11788.331871460807
11,CTDD21,204,11772.847289234975
11,CTDD21,205,11786.19492710589
11,CTDD21,206,11784.835055053685
11,CTDD21,207,11775.339040812656
11,CTDD21,208,11776.317489597188
11,CTDD21,209,11790.674468137951
11,CTDD21,210,11780.420457827586
11,CTDD21,211,11784.738855170957
11,CTDD21,212,11768.97835168061
11,CTDD21,213,11786.175534594106
11,CTDD21,214,11793.586965651175
11,CTDD21,215,11780.004169577576
11,CTDD21,216,11796.035206345
11,CTDD21,217,11771.832274782899
11,CTDD21,218,11791.945858518106
11,CTDD21,219,11776.463854043286
11,CTDD21,220,11790.006108748576
11,CTDD21,221,11781.825655558552
11,CTDD21,222,11768.99773837466
11,CTDD21,223,11779.763349508969
11,CTDD21,224,11789.973415803059
11,CTDD21,225,11771.097364783005
11,CTDD21,226,11774.410076080345
11,CTDD21,227,11776.49909954556
11,CTDD21,228,11792.353970230159
11,CTDD21,229,11785.64164014623
11,CTDD21,230,11777.743620393532
11,CTDD21,231,11783.887242216959
11,CTDD21,232,11786.089847796691
11,CTDD21,233,11770.937666203245
11,CTDD21,234,11793.191778838282
11,CTDD21,235,11782.230881560818
11,CTDD21,236,11771.347326435247
11,CTDD21,237,11779.038735938464
11,CTDD21,238,11788.63424437139
11,CTDD21,239,11784.367546190238
11,CTDD21,240,11802.987112616658
11,CTDD21,241,11791.969731270863
11,CTDD21,242,11785.984742973831
11,CTDD21,243,11784.409216765778
11,CTDD21,244,11795.83366800581
11,CTDD21,245,11781.517846026149
11,CTDD21,246,11781.324720149198
11,CTDD21,247,11792.051361285845
11,CTDD21,248,11785.014780411448
11,CTDD21,249,11792.935314629887
11,CTDD21,250,11774.820014949746
11,CTDD21,251,11781.483756630556
11,CTDD21,252,11789.89265203599
11,CTDD21,253,11787.628948503474
11,CTDD21,254,11768.151380322131
11,CTDD21,255,11789.670372827388
11,CTDD21,256,11790.511326450978
11,CTDD21,257,11785.761761268182
11,CTDD21,258,11784.479284033183
11,CTDD21,259,11781.752845823856
11,CTDD21,260,11787.593023321351
11,CTDD21,261,11776.355544933143
11,CTDD21,262,11775.427176931491
11,CTDD21,263,11768.042380089762
11,CTDD21,264,11775.479246112787
11,CTDD21,265,11790.657796663332
11,CTDD21,266,11778.949626103125
11,CTDD21,267,11791.275598651577
11,CTDD21,268,11782.710101466491
11,CTDD21,269,11787.870455818054
11,CTDD21,270,11780.898548777724
11,CTDD21,271,11774.188883977115
11,CTDD21,272,11783.107457968235
11,CTDD21,273,11783.076673466228
11,CTDD21,274,11772.747526830264
11,CTDD21,275,11774.500716498325
11,CTDD21,276,11779.839401841427
11,CTDD21,277,11785.77914121397
11,CTDD21,278,11776.756425879827
11,CTDD21,279,11765.349005845808
11,CTDD21,280,11774.865373982468
11,CTDD21,281,11805.867066328374
11,CTDD21,282,11781.187093863251
11,CTDD21,283,11779.783303326527
11,CTDD21,284,11780.073769881305
11,CTDD21,285,11789.679794403764
11,CTDD21,286,11796.171883738734
11,CTDD21,287,11793.732449672334
11,CTDD21,288,11794.140808028142
11,CTDD21,289,11785.180958794273
11,CTDD21,290,11775.24925843348
11,CTDD21,291,11780.273188246087
11,CTDD21,292,11780.89067543851
11,CTDD21,293,11781.272661638264
11,CTDD21,294,11786.358691646019
11,CTDD21,295,11790.119393613599
11,CTDD21,296,11778.30962497782
11,CTDD21,297,11762.135302691251
11,CTDD21,298,11770.238403579428
11,CTDD21,299,11786.219897070237
12,IF2,0,11809.497123609242
12,IF2,1,11834.404969522524
12,IF2,2,11841.726409866087
12,IF2,3,11844.464774995966
12,IF2,4,11830.019466094094
12,IF2,5,11829.881606972234
12,IF2,6,11839.438217616333
12,IF2,7,11832.735990149038
12,IF2,8,11815.829883497528
12,IF2,9,11821.156307725156
12,IF2,10,11809.013019174074
12,IF2,11,11835.211567266104
12,IF2,12,11844.309648033512
12,IF2,13,11828.592742904717
12,IF2,14,11847.495204603043
12,IF2,15,11820.20777174054
12,IF2,16,11841.792639746513
12,IF2,17,11824.009433185976
12,IF2,18,11835.022762173661
12,IF2,19,11841.507018872455
12,IF2,20,11838.973615782814
12,IF2,21,11806.043048276795
12,IF2,22,11845.886637634836
12,IF2,23,11838.526207185623
12,IF2,24,11836.679102135045
12,IF2,25,11839.291085716832
12,IF2,26,11821.693319843935
12,IF2,27,11831.580995202035
12,IF2,28,11839.801022275591
12,IF2,29,11836.664436358536
12,IF2,30,11799.982661644193
12,IF2,31,11825.96691057425
12,IF2,32,11794.379252294466
12,IF2,33,11833.162823468718
12,IF2,34,11803.246157733844
12,IF2,35,11808.081724338226
12,IF2,36,11835.67512352004
12,IF2,37,11816.666342424349
12,IF2,38,11847.984474104816
12,IF2,39,11844.979096836854
12,IF2,40,11848.532188068533
12,IF2,41,11837.398154296443
12,IF2,42,11825.65162236008
12,IF2,43,11834.327559856054
12,IF2,44,11833.930501709066
12,IF2,45,11808.047264254601
12,IF2,46,11826.124147636663
12,IF2,47,11819.430345355384
12,IF2,48,11817.594896313602
12,IF2,49,11840.542649613613
12,IF2,50,11850.863423992716
12,IF2,51,11835.168881168382
12,IF2,52,11838.934895905839
12,IF2,53,11834.06199143337
12,IF2,54,11790.763430145318
12,IF2,55,11826.26675329488
12,IF2,56,11836.33951832904
12,IF2,57,11829.974372956729
12,IF2,58,11830.468767806848
12,IF2,59,11834.527447275672
12,IF2,60,11827.670205746119
12,IF2,61,11827.069676328554
12,IF2,62,11808.530407143911
12,IF2,63,11803.687499856189
12,IF2,64,11836.081982937687
12,IF2,65,11847.133029154646
12,IF2,66,11843.061666691003
12,IF2,67,11827.107067835255
12,IF2,68,11843.70376251562
12,IF2,69,11843.689654929745
12,IF2,70,11823.252713838685
12,IF2,71,11826.710142258382
12,IF2,72,11836.88607592621
12,IF2,73,11834.58892039926
12,IF2,74,11829.18552409365
12,IF2,75,11849.228813641172
12,IF2,76,11851.41600792836
12,IF2,77,11830.967469766465
12,IF2,78,11819.034038563175
12,IF2,79,11823.947903266802
12,IF2,80,11830.77945434917
12,IF2,81,11834.260679913914
12,IF2,82,11837.313884404291
12,IF2,83,11835.998192106
12,IF2,84,11839.41659925593
12,IF2,85,11831.505363710588
12,IF2,86,11822.16191061219
12,IF2,87,11836.092434723323
12,IF2,88,11825.627426467805
12,IF2,89,11834.415196405553
12,IF2,90,11824.080100104928
12,IF2,91,11837.489985632514
12,IF2,92,11837.183077844575
12,IF2,93,11806.015721883172
12,IF2,94,11842.339606177764
12,IF2,95,11820.376391848018
12,IF2,96,11841.905929982238
12,IF2,97,11843.75476208048
12,IF2,98,11837.642840190969
12,IF2,99,11828.101563528251
12,IF2,100,11835.146928477345
12,IF2,101,11840.65366249152
12,IF2,102,11842.994908271825
12,IF2,103,11832.143213000594
12,IF2,104,11827.031216338693
12,IF2,105,11830.800495864845
12,IF2,106,11838.282648659579
12,IF2,107,11830.409050298447
12,IF2,108,11838.340842133235
12,IF2,109,11821.525513625666
12,IF2,110,11824.243433342917
12,IF2,111,11815.209850664543
12,IF2,112,11814.269569610238
12,IF2,113,11843.956769549775
12,IF2,114,11836.480241744996
12,IF2,115,11839.672665800861
12,IF2,116,11839.045218149651
12,IF2,117,11838.815041072136
12,IF2,118,11848.638432997503
12,IF2,119,11846.290306953728
12,IF2,120,11841.300149216002
12,IF2,121,11834.56041722487
12,IF2,122,11837.090884827017
12,IF2,123,11831.356129378346
12,IF2,124,11826.781574458359
12,IF2,125,11833.6949599483
12,IF2,126,11846.684878999138
12,IF2,127,11832.945385107556
12,IF2,128,11840.97655293341
12,IF2,129,11846.408779808691
12,IF2,130,11834.647355486348
12,IF2,131,11831.870282799233
12,IF2,132,11832.862111994398
12,IF2,133,11831.277753746157
12,IF2,134,11844.123319393153
12,IF2,135,11841.259101377853
12,IF2,136,11832.09436965828
12,IF2,137,11827.681338129403
12,IF2,138,11829.368533410143
12,IF2,139,11820.320423669154
12,IF2,140,11840.576847309829
12,IF2,141,11841.823676530006
12,IF2,142,11853.925889646533
12,IF2,143,11847.772031600458
12,IF2,144,11849.22835744323
12,IF2,145,11840.903873324467
12,IF2,146,11838.154526152919
12,IF2,147,11841.108865098548
12,IF2,148,11847.2903109537
12,IF2,149,11842.712229951063
12,IF2,150,11846.671641048597
12,IF2,151,11844.4157832467
12,IF2,152,11834.810983553856
12,IF2,153,11836.269242644019
12,IF2,154,11837.612971860946
12,IF2,155,11837.772828512476
12,IF2,156,11831.212265223858
12,IF2,157,11837.619030050226
12,IF2,158,11842.65437218653
12,IF2,159,11841.44262798486
12,IF2,160,11837.034723379757
12,IF2,161,11842.017930342181
12,IF2,162,11846.756810692346
12,IF2,163,11844.595851730477
12,IF2,164,11839.656002511318
12,IF2,165,11845.293942304705
12,IF2,166,11837.318699021207
12,IF2,167,11844.123122512236
12,IF2,168,11841.273656271413
12,IF2,169,11839.370073893959
12,IF2,170,11835.683405498374
12,IF2,171,11839.05579392758
12,IF2,172,11839.109927594938
12,IF2,173,11844.143250453266
12,IF2,174,11843.636511673907
12,IF2,175,11845.32767895624
12,IF2,176,11843.87044975443
12,IF2,177,11845.674398943838
12,IF2,178,11844.110615615462
12,IF2,179,11837.4641180532
12,IF2,180,11843.714754857452
12,IF2,181,11845.065082682167
12,IF2,182,11841.529437485553
12,IF2,183,11841.908599450351
12,IF2,184,11846.444757217967
12,IF2,185,11836.42532164493
12,IF2,186,11828.299145215142
12,IF2,187,11832.711640646396
12,IF2,188,11844.354471438352
12,IF2,189,11842.522051124377
12,IF2,190,11840.28166463031
12,IF2,191,11842.41489796994
12,IF2,192,11837.627025967538
12,IF2,193,11840.020039821298
12,IF2,194,11832.926892154721
12,IF2,195,11834.909390573444
12,IF2,196,11835.188401063613
12,IF2,197,11838.63010392208
12,IF2,198,11832.918804791892
12,IF2,199,11827.606239866953
12,IF2,200,11837.08826906074
12,IF2,201,11826.745989472838
12,IF2,202,11834.314619042356
12,IF2,203,11833.301499881794
12,IF2,204,11833.808125545102
12,IF2,205,11840.413359585802
12,IF2,206,11840.403630747855
12,IF2,207,11841.015130714883
12,IF2,208,11840.563027375181
12,IF2,209,11845.27519598205
12,IF2,210,11839.990300582944
12,IF2,211,11838.618949391821
12,IF2,212,11841.779606228405
12,IF2,213,11842.911762391615
12,IF2,214,11840.560908603675
12,IF2,215,11841.290527026842
12,IF2,216,11843.075996227843
12,IF2,217,11839.415576580246
12,IF2,218,11838.598484263266
12,IF2,219,11842.535147366263
12,IF2,220,11838.745439583885
12,IF2,221,11835.37129054742
12,IF2,222,11838.018052024776
12,IF2,223,11840.691822895249
12,IF2,224,11839.616375948106
12,IF2,225,11838.984743911147
12,IF2,226,11845.274154236944
12,IF2,227,11840.806448863586
12,IF2,228,11844.776583647303
12,IF2,229,11845.100863820187
12,IF2,230,11839.716788001735
12,IF2,231,11846.852113224313
12,IF2,232,11845.423650315033
12,IF2,233,11836.376386188686
12,IF2,234,11841.405285256604
12,IF2,235,11838.93594495201
12,IF2,236,11833.929374789197
12,IF2,237,11841.056456637358
12,IF2,238,11838.479968352747
12,IF2,239,11838.321548086513
12,IF2,240,11838.506025503335
12,IF2,241,11833.60064847614
12,IF2,242,11832.443033383648
12,IF2,243,11838.820670898185
12,IF2,244,11837.502731615743
12,IF2,245,11832.816434859125
12,IF2,246,11818.124986500798
12,IF2,247,11831.151120421557
12,IF2,248,11833.44250671882
12,IF2,249,11834.010596244345
12,IF2,250,11834.859586806524
12,IF2,251,11830.42099204532
12,IF2,252,11838.344004691315
12,IF2,253,11837.822744790063
12,IF2,254,11828.247737172656
12,IF2,255,11834.613286337697
12,IF2,256,11832.633325284945
12,IF2,257,11834.519148068159
12,IF2,258,11837.452312214096
12,IF2,259,11832.82238311914
12,IF2,260,11842.430673226314
12,IF2,261,11837.798856312
12,IF2,262,11840.519150377766
12,IF2,263,11837.626414055549
12,IF2,264,11844.71733974765
12,IF2,265,11839.08699995394
12,IF2,266,11840.071002583527
12,IF2,267,11843.719423571205
12,IF2,268,11838.402285813947
12,IF2,269,11847.529979866238
12,IF2,270,11841.628615003503
12,IF2,271,11839.284376164396
12,IF2,272,11845.876409073784
12,IF2,273,11851.836920997795
12,IF2,274,11844.104421850901
12,IF2,275,11840.189407256807
12,IF2,276,11835.604656401114
12,IF2,277,11835.616721835477
12,IF2,278,11842.924037096296
12,IF2,279,11840.370432598831
12,IF2,280,11841.359413662987
12,IF2,281,11839.97229743627
12,IF2,282,11839.776865582362
12,IF2,283,11841.702361051977
12,IF2,284,11837.044954224672
12,IF2,285,11842.73820555408
12,IF2,286,11851.729223534989
12,IF2,287,11844.422263573331
12,IF2,288,11842.041939302859
12,IF2,289,11836.504186906464
12,IF2,290,11838.839063667874
12,IF2,291,11840.880459697282
12,IF2,292,11840.744898850846
12,IF2,293,11839.617371290306
12,IF2,294,11845.25936319007
12,IF2,295,11840.89841392986
12,IF2,296,11839.213992240604
12,IF2,297,11844.769627708389
12,IF2,298,11839.550567995191
12,IF2,299,11840.230807916503
12,IF2,300,11842.665638774291
12,IF2,301,11839.687305597701
12,IF2,302,11842.53186662535
12,IF2,303,11839.922894363444
12,IF2,304,11844.182240521995
12,IF2,305,11841.160159869109
12,IF2,306,11840.043199831222
12,IF2,307,11834.298591603761
12,IF2,308,11836.631540544688
12,IF2,309,11840.85293062346
12,IF2,310,11843.052581467427
12,IF2,311,11839.045500973434
12,IF2,312,11836.652954564608
12,IF2,313,11842.674443668373
12,IF2,314,11842.889805793586
12,IF2,315,11840.756069215817
12,IF2,316,11839.328057278126
12,IF2,317,11844.236289948116
12,IF2,318,11841.224225847973
12,IF2,319,11842.876268655542
12,IF2,320,11846.471608458529
12,IF2,321,11842.559984849024
12,IF2,322,11840.38140821198
12,IF2,323,11841.544014687044
12,IF2,324,11840.241258370159
12,IF2,325,11840.832508848298
12,IF2,326,11836.867552367901
12,IF2,327,11841.191200972662
12,IF2,328,11840.992716198212
12,IF2,329,11846.647011772566
12,IF2,330,11840.556402986755
12,IF2,331,11841.155996073567
12,IF2,332,11846.729576733067
12,IF2,333,11837.3390535739
12,IF2,334,11848.18381611958
12,IF2,335,11841.683739776961
12,IF2,336,11841.506102249516
12,IF2,337,11843.252077767867
12,IF2,338,11840.98568887836
12,IF2,339,11844.000307693594
12,IF2,340,11842.181879888893
12,IF2,341,11838.782052583545
12,IF2,342,11841.652207872266
12,IF2,343,11836.998002623182
12,IF2,344,11841.605812850179
12,IF2,345,11845.832568216021
12,IF2,346,11844.62307605157
12,IF2,347,11844.119321847076
12,IF2,348,11844.493336934689
12,IF2,349,11847.14898156053
12,IF2,350,11841.306219935936
12,IF2,351,11836.851415317302
12,IF2,352,11843.67896066327
12,IF2,353,11841.932071339561
12,IF2,354,11840.528511361139
12,IF2,355,11844.586711632623
12,IF2,356,11840.44131640949
12,IF2,357,11841.493508921634
12,IF2,358,11839.56897184384
12,IF2,359,11843.011652139652
12,IF2,360,11842.676212148635
12,IF2,361,11842.848475609482
12,IF2,362,11843.513080324588
12,IF2,363,11844.383059007088
12,IF2,364,11841.828485573278
12,IF2,365,11842.235013183634
12,IF2,366,11840.868641242727
12,IF2,367,11838.945409590877
12,IF2,368,11841.622296013646
12,IF2,369,11840.616157527442
12,IF2,370,11842.337931550133
12,IF2,371,11843.35144005406
12,IF2,372,11843.6155148317
12,IF2,373,11845.33016207073
12,IF2,374,11843.040427802951
12,IF2,375,11840.69985091239
12,IF2,376,11836.42360317977
12,IF2,377,11842.022170838754
12,IF2,378,11841.071373312441
12,IF2,379,11838.879230384422
12,IF2,380,11836.729185452687
12,IF2,381,11843.325188641735
12,IF2,382,11840.569176833911
12,IF2,383,11841.92072381939
12,IF2,384,11844.232075307133
12,IF2,385,11838.756855891375
12,IF2,386,11841.645706988316
12,IF2,387,11846.198129849372
12,IF2,388,11844.441831317172
12,IF2,389,11841.827318509177
12,IF2,390,11842.524420629741
12,IF2,391,11848.271473235882
12,IF2,392,11841.707212693134
12,IF2,393,11850.219535788126
12,IF2,394,11844.224800294654
12,IF2,395,11845.357192274138
12,IF2,396,11849.872676878616
12,IF2,397,11841.486348898814
12,IF2,398,11840.9003596096
12,IF2,399,11842.998121036188
12,IF2,400,11842.076554783414
12,IF2,401,11842.71667980256
12,IF2,402,11841.886018635534
12,IF2,403,11849.373849427044
12,IF2,404,11840.736662762318
12,IF2,405,11842.098335463266
12,IF2,406,11843.232400674939
12,IF2,407,11844.08116712451
12,IF2,408,11841.764911324353
12,IF2,409,11841.858732431529
12,IF2,410,11842.155149094287
12,IF2,411,11843.838934941792
12,IF2,412,11841.046360319304
12,IF2,413,11845.520354077125
12,IF2,414,11843.25721750427
12,IF2,415,11845.736128016733
12,IF2,416,11839.946671718542
12,IF2,417,11847.925970445496
12,IF2,418,11842.8036232755
12,IF2,419,11842.425733121428
12,IF2,420,11842.689733951816
12,IF2,421,11845.26754929024
12,IF2,422,11840.700947497873
12,IF2,423,11846.08595833989
12,IF2,424,11841.578468708967
12,IF2,425,11842.933452309104
12,IF2,426,11842.61815038952
12,IF2,427,11844.919057956251
12,IF2,428,11842.116066647672
12,IF2,429,11842.965012874547
12,IF2,430,11847.731127320309
12,IF2,431,11839.738062217775
12,IF2,432,11842.851754433199
12,IF2,433,11841.143846424244
12,IF2,434,11844.126660504631
12,IF2,435,11840.375535893625
12,IF2,436,11841.553479327513
12,IF2,437,11836.914178240653
12,IF2,438,11845.342728669732
12,IF2,439,11841.32285275978
12,IF2,440,11844.904437020188
12,IF2,441,11841.072923309996
12,IF2,442,11842.262595608438
12,IF2,443,11838.163338254615
12,IF2,444,11839.886152035444
12,IF2,445,11842.830073816018
12,IF2,446,11842.303359713223
12,IF2,447,11841.360090318072
12,IF2,448,11838.7519173557
12,IF2,449,11841.417009574152
12,IF2,450,11843.774472400959
12,IF2,451,11840.053635040014
12,IF2,452,11842.949204947134
12,IF2,453,11841.48503285286
12,IF2,454,11844.051534123735
12,IF2,455,11843.50390753266
12,IF2,456,11842.403187730284
12,IF2,457,11840.803850769611
12,IF2,458,11845.600233594796
12,IF2,459,11845.750820704661
12,IF2,460,11842.390603454729
12,IF2,461,11841.714351556728
12,IF2,462,11841.657165758736
12,IF2,463,11844.894736944949
12,IF2,464,11845.487401659973
12,IF2,465,11841.936815725172
12,IF2,466,11841.305255161153
12,IF2,467,11842.32303531338
12,IF2,468,11840.316116597874
12,IF2,469,11843.793972648773
12,IF2,470,11841.33150043691
12,IF2,471,11840.160447565202
12,IF2,472,11838.527392880855
12,IF2,473,11839.148872236692
12,IF2,474,11844.02528371255
12,IF2,475,11843.164924129633
12,IF2,476,11841.040639327008
12,IF2,477,11837.80248040362
12,IF2,478,11839.155116973612
12,IF2,479,11838.438086283215
12,IF2,480,11838.435127406885
12,IF2,481,11837.860010082853
12,IF2,482,11838.529319654017
12,IF2,483,11842.817505386587
12,IF2,484,11842.881779656567
12,IF2,485,11845.769833857854
12,IF2,486,11842.035006128419
12,IF2,487,11840.313722396295
12,IF2,488,11843.234023792453
12,IF2,489,11841.83313847944
12,IF2,490,11844.14155115494
12,IF2,491,11839.61862994182
12,IF2,492,11838.394594559533
12,IF2,493,11840.39727493998
12,IF2,494,11845.262065316856
12,IF2,495,11840.442128800067
12,IF2,496,11840.731225630929
12,IF2,497,11841.63126885952
12,IF2,498,11842.949706000183
12,IF2,499,11840.832116764208
12,IF2,500,11842.153124254346
12,IF2,501,11840.742678227165
12,IF2,502,11843.262620843418
12,IF2,503,11842.31875560735
12,IF2,504,11844.430143639425
12,IF2,505,11842.151949688885
12,IF2,506,11840.365942897972
12,IF2,507,11848.221398581523
12,IF2,508,11839.99316200442
12,IF2,509,11844.511379898013
12,IF2,510,11843.34641950768
12,IF2,511,11837.194400568209
12,IF2,512,11836.616680892277
12,IF2,513,11842.77012844677
12,IF2,514,11842.624204664377
12,IF2,515,11836.68651326747
12,IF2,516,11842.950183624056
12,IF2,517,11845.614212596967
12,IF2,518,11845.897738809981
12,IF2,519,11841.378371636956
12,IF2,520,11841.484939567295
12,IF2,521,11840.89507193879
12,IF2,522,11845.666104645734
12,IF2,523,11850.64037269477
12,IF2,524,11837.787999884498
12,IF2,525,11839.161420043309
12,IF2,526,11845.072001873308
12,IF2,527,11839.404489080385
12,IF2,528,11840.526546398176
12,IF2,529,11843.504620193575
12,IF2,530,11844.103838017094
12,IF2,531,11843.493130783569
12,IF2,532,11842.93307734319
12,IF2,533,11838.86987383666
12,IF2,534,11843.013092798308
12,IF2,535,11841.124166666927
12,IF2,536,11845.802235832789
12,IF2,537,11839.778111771951
12,IF2,538,11841.652248062108
12,IF2,539,11841.951300774414
12,IF2,540,11843.87235579099
12,IF2,541,11841.933603454423
12,IF2,542,11842.136755965113
12,IF2,543,11841.570347803736
12,IF2,544,11847.104303418335
12,IF2,545,11838.480084479628
12,IF2,546,11840.408221470923
12,IF2,547,11842.64508558086
12,IF2,548,11837.917541238081
12,IF2,549,11838.062648055587
12,IF2,550,11845.12832805069
12,IF2,551,11843.764577484542
12,IF2,552,11844.834238507145
12,IF2,553,11844.16731573022
12,IF2,554,11840.736477318127
12,IF2,555,11841.468620786336
12,IF2,556,11841.307871569765
12,IF2,557,11841.857563386937
12,IF2,558,11842.808833130232
12,IF2,559,11841.129324827312
12,IF2,560,11844.576792870139
12,IF2,561,11842.420149317411
12,IF2,562,11844.03382275209
12,IF2,563,11841.442353457025
12,IF2,564,11839.431993989047
12,IF2,565,11835.870342112656
12,IF2,566,11843.455743654267
12,IF2,567,11839.02502875012
12,IF2,568,11838.929625467445
12,IF2,569,11839.21094272865
12,IF2,570,11845.034262206167
12,IF2,571,11842.118470774058
12,IF2,572,11847.504525033362
12,IF2,573,11839.505591377985
12,IF2,574,11839.500900044934
12,IF2,575,11839.220677254038
12,IF2,576,11840.049809845563
12,IF2,577,11847.770920943365
12,IF2,578,11840.496676336117
12,IF2,579,11839.321905623492
12,IF2,580,11837.654743033381
12,IF2,581,11845.184618618665
12,IF2,582,11840.426366344695
12,IF2,583,11841.578010163803
12,IF2,584,11843.234204664957
12,IF2,585,11844.942327277977
12,IF2,586,11842.1778074918
12,IF2,587,11842.828988902582
12,IF2,588,11841.668321594952
12,IF2,589,11834.586205282723
12,IF2,590,11837.129943262104
12,IF2,591,11841.083761988717
12,IF2,592,11845.23768444977
12,IF2,593,11846.311613227073
12,IF2,594,11841.813828996752
12,IF2,595,11840.928088047875
12,IF2,596,11849.180247312022
12,IF2,597,11839.347708234764
12,IF2,598,11845.77110847263
12,IF2,599,11841.22650937948
12,IFAD,0,11846.079807348347
12,IFAD,1,11840.129147460626
12,IFAD,2,11837.837821762709
12,IFAD,3,11830.747734606124
12,IFAD,4,11825.263036805973
12,IFAD,5,11853.751403354832
12,IFAD,6,11839.545909401173
12,IFAD,7,11843.299463091655
12,IFAD,8,11839.574745641177
12,IFAD,9,11841.877023415067
12,IFAD,10,11848.623064164021
12,IFAD,11,11844.757010476587
12,IFAD,12,11839.13439341507
12,IFAD,13,11845.732642284587
12,IFAD,14,11830.561172115564
12,IFAD,15,11818.299223898412
12,IFAD,16,11836.064929754923
12,IFAD,17,11833.598504820955
12,IFAD,18,11850.488715767962
12,IFAD,19,11834.206962228462
12,IFAD,20,11818.924212293923
12,IFAD,21,11821.483857980453
12,IFAD,22,11816.659503146124
12,IFAD,23,11830.074887388537
12,IFAD,24,11832.628312381059
12,IFAD,25,11800.237600217206
12,IFAD,26,11828.768287991077
12,IFAD,27,11835.551995795644
12,IFAD,28,11824.219850573776
12,IFAD,29,11843.440183015751
12,IFAD,30,11836.363364499684
12,IFAD,31,11819.7911961622
12,IFAD,32,11818.719685543054
12,IFAD,33,11814.800643961507
12,IFAD,34,11826.363490715843
12,IFAD,35,11836.912113200451
12,IFAD,36,11814.096189968206
12,IFAD,37,11843.898834207088
12,IFAD,38,11851.281727683008
12,IFAD,39,11830.487090491215
12,IFAD,40,11838.195707149824
12,IFAD,41,11821.521367655167
12,IFAD,42,11813.871276286505
12,IFAD,43,11843.027839216576
12,IFAD,44,11832.475974820085
12,IFAD,45,11847.943440590832
12,IFAD,46,11820.612180925029
12,IFAD,47,11839.755084996175
12,IFAD,48,11805.688230209436
12,IFAD,49,11837.455859101628
12,IFAD,50,11845.725007455334
12,IFAD,51,11830.491933241161
12,IFAD,52,11834.531541804368
12,IFAD,53,11846.398187637305
12,IFAD,54,11801.22535914654
12,IFAD,55,11833.73531759617
12,IFAD,56,11838.966962279397
12,IFAD,57,11838.100315719532
12,IFAD,58,11839.048948007581
12,IFAD,59,11822.418456437203
12,IFAD,60,11823.895130700535
12,IFAD,61,11835.407730953366
12,IFAD,62,11840.967947658133
12,IFAD,63,11836.429406800593
12,IFAD,64,11832.106902947375
12,IFAD,65,11834.568006470794
12,IFAD,66,11833.630414328614
12,IFAD,67,11837.280343250606
12,IFAD,68,11838.543915825874
12,IFAD,69,11842.729949680855
12,IFAD,70,11828.645384089648
12,IFAD,71,11796.046846898285
12,IFAD,72,11821.313542057225
12,IFAD,73,11823.413410745563
12,IFAD,74,11837.514941499418
12,IFAD,75,11843.888940525958
12,IFAD,76,11834.536561735687
12,IFAD,77,11841.062050545761
12,IFAD,78,11833.335112415787
12,IFAD,79,11831.703573411825
12,IFAD,80,11846.640744714707
12,IFAD,81,11838.273294667895
12,IFAD,82,11848.233079310732
12,IFAD,83,11820.343797097723
12,IFAD,84,11822.833055633111
12,IFAD,85,11836.148206976037
12,IFAD,86,11839.681138803675
12,IFAD,87,11828.071146534663
12,IFAD,88,11838.916579593155
12,IFAD,89,11836.758226670483
12,IFAD,90,11837.840666074431
12,IFAD,91,11828.618130532142
12,IFAD,92,11848.44988724617
12,IFAD,93,11836.961187057936
12,IFAD,94,11839.373805986854
12,IFAD,95,11840.617791482322
12,IFAD,96,11837.828371146994
12,IFAD,97,11816.44904372777
12,IFAD,98,11825.515195768863
12,IFAD,99,11824.272121487069
12,IFAD,100,11765.384169280991
12,IFAD,101,11767.102664899723
12,IFAD,102,11767.530726669806
12,IFAD,103,11769.295335897712
12,IFAD,104,11771.466954705724
12,IFAD,105,11773.452692032413
12,IFAD,106,11775.652611325697
12,IFAD,107,11769.46373384641
12,IFAD,108,11765.63827304395
12,IFAD,109,11772.173006075616
12,IFAD,110,11767.731044298282
12,IFAD,111,11774.17971494854
12,IFAD,112,11777.825064826355
12,IFAD,113,11776.918792773668
12,IFAD,114,11782.587955806539
12,IFAD,115,11784.325332899592
12,IFAD,116,11781.298487003476
12,IFAD,117,11786.452677422521
12,IFAD,118,11779.357428820667
12,IFAD,119,11785.393795149343
12,IFAD,120,11780.346846545901
12,IFAD,121,11778.048655622057
12,IFAD,122,11790.791320702108
12,IFAD,123,11783.869181014908
12,IFAD,124,11782.217870587794
12,IFAD,125,11785.336756945813
12,IFAD,126,11779.153978906987
12,IFAD,127,11787.59402395203
12,IFAD,128,11783.569363583661
12,IFAD,129,11788.617837708167
12,IFAD,130,11783.47355931826
12,IFAD,131,11788.28996427414
12,IFAD,132,11785.75301038838
12,IFAD,133,11791.304352464242
12,IFAD,134,11798.266261345932
12,IFAD,135,11796.635960448533
12,IFAD,136,11801.154004068529
12,IFAD,137,11785.98701947815
12,IFAD,138,11796.432020927296
12,IFAD,139,11792.781479340125
12,IFAD,140,11798.930212101632
12,IFAD,141,11795.181074340178
12,IFAD,142,11794.724485951803
12,IFAD,143,11800.849588237343
12,IFAD,144,11798.021919506295
12,IFAD,145,11798.712304349398
12,IFAD,146,11799.35119122313
12,IFAD,147,11796.913732576897
12,IFAD,148,11797.333438864045
12,IFAD,149,11798.317561195576
12,IFAD,150,11799.565306606397
12,IFAD,151,11802.372184767197
12,IFAD,152,11800.418302836417
12,IFAD,153,11802.392096655538
12,IFAD,154,11800.506414045125
12,IFAD,155,11806.908935469743
12,IFAD,156,11805.063472203808
12,IFAD,157,11797.174994079316
12,IFAD,158,11807.305395864805
12,IFAD,159,11806.371097317668
12,IFAD,160,11799.473252440972
12,IFAD,161,11802.662744749287
12,IFAD,162,11805.399832265868
12,IFAD,163,11801.04894584535
12,IFAD,164,11810.861811245622
12,IFAD,165,11805.67457598334
12,IFAD,166,11804.333236373725
12,IFAD,167,11798.922363985548
12,IFAD,168,11807.689712094383
12,IFAD,169,11809.022873923637
12,IFAD,170,11806.386365505909
12,IFAD,171,11808.062953165418
12,IFAD,172,11810.709226729377
12,IFAD,173,11807.621209104773
12,IFAD,174,11810.836495407792
12,IFAD,175,11811.566636570551
12,IFAD,176,11813.70187372286
12,IFAD,177,11814.877532098666
12,IFAD,178,11808.957120329129
12,IFAD,179,11805.64806644776
12,IFAD,180,11808.2684281874
12,IFAD,181,11812.12107855781
12,IFAD,182,11814.108843405134
12,IFAD,183,11813.56953795932
12,IFAD,184,11811.880203646682
12,IFAD,185,11811.942271749682
12,IFAD,186,11820.380535621021
12,IFAD,187,11810.617434255748
12,IFAD,188,11815.746171682684
12,IFAD,189,11813.63904041794
12,IFAD,190,11810.302316937761
12,IFAD,191,11814.029292598672
12,IFAD,192,11814.65048739448
12,IFAD,193,11815.43435871165
12,IFAD,194,11813.243244105366
12,IFAD,195,11811.207134791446
12,IFAD,196,11814.74535158139
12,IFAD,197,11816.609412599684
12,IFAD,198,11809.235177027569
12,IFAD,199,11817.880426057034
12,IFAD,200,11817.971263296644
12,IFAD,201,11819.806651889952
12,IFAD,202,11819.495174045009
12,IFAD,203,11822.449195239737
12,IFAD,204,11815.40912893639
12,IFAD,205,11825.271951049008
12,IFAD,206,11821.569680659533
12,IFAD,207,11824.931023975769
12,IFAD,208,11821.46636704411
12,IFAD,209,11819.181808359343
12,IFAD,210,11822.997748493652
12,IFAD,211,11823.399971411276
12,IFAD,212,11822.369760951487
12,IFAD,213,11821.6073629314
12,IFAD,214,11822.678473661756
12,IFAD,215,11825.040821568302
12,IFAD,216,11825.7209531309
12,IFAD,217,11824.132316077314
12,IFAD,218,11820.331912925296
12,IFAD,219,11822.656961496823
12,IFAD,220,11828.741391988719
12,IFAD,221,11822.762118934295
12,IFAD,222,11825.254023452373
12,IFAD,223,11821.702357268421
12,IFAD,224,11824.229532315692
12,IFAD,225,11823.606519933779
12,IFAD,226,11825.97175205635
12,IFAD,227,11815.470807647956
12,IFAD,228,11823.372871676444
12,IFAD,229,11824.77435539985
12,IFAD,230,11822.099372576791
12,IFAD,231,11817.965452372779
12,IFAD,232,11825.792204978125
12,IFAD,233,11823.272004269782
12,IFAD,234,11821.056479020106
12,IFAD,235,11820.899353150255
12,IFAD,236,11824.387058846356
12,IFAD,237,11827.949612657998
12,IFAD,238,11820.993562156358
12,IFAD,239,11829.17588139593
12,IFAD,240,11815.921562187317
12,IFAD,241,11826.502440543825
12,IFAD,242,11824.391705218095
12,IFAD,243,11830.161663685116
12,IFAD,244,11824.895188616252
12,IFAD,245,11828.41424815845
12,IFAD,246,11823.511041411832
12,IFAD,247,11825.573668012828
12,IFAD,248,11828.568417595965
12,IFAD,249,11827.173638347469
12,IFAD,250,11819.026765282722
12,IFAD,251,11825.741786749328
12,IFAD,252,11829.520982807677
12,IFAD,253,11833.436074612617
12,IFAD,254,11821.92751053711
12,IFAD,255,11824.517860756394
12,IFAD,256,11828.790832983226
12,IFAD,257,11830.501856604764
12,IFAD,258,11825.107062878933
12,IFAD,259,11828.3957272547
12,IFAD,260,11824.995393190393
12,IFAD,261,11828.352552653247
12,IFAD,262,11829.394893399874
12,IFAD,263,11830.30796117995
12,IFAD,264,11829.747512695523
12,IFAD,265,11829.391664505787
12,IFAD,266,11827.435140318497
12,IFAD,267,11820.367224561613
12,IFAD,268,11823.77833000226
12,IFAD,269,11832.22228628707
12,IFAD,270,11829.858767339752
12,IFAD,271,11831.015486346094
12,IFAD,272,11827.819001387079
12,IFAD,273,11831.353051911492
12,IFAD,274,11833.401547827887
12,IFAD,275,11828.901598051527
12,IFAD,276,11833.262176438157
12,IFAD,277,11829.803755734436
12,IFAD,278,11826.41954299417
12,IFAD,279,11832.293773996744
12,IFAD,280,11832.175497806506
12,IFAD,281,11825.3932542678
12,IFAD,282,11830.278357105522
12,IFAD,283,11827.691657274601
12,IFAD,284,11828.941978263418
12,IFAD,285,11833.431779738356
12,IFAD,286,11827.550682292855
12,IFAD,287,11830.804968437798
12,IFAD,288,11828.970689025835
12,IFAD,289,11825.627396456668
12,IFAD,290,11824.279779578237
12,IFAD,291,11833.459011912177
12,IFAD,292,11829.661155662854
12,IFAD,293,11829.805706813782
12,IFAD,294,11829.50224644858
12,IFAD,295,11823.78998643471
12,IFAD,296,11833.313858237238
12,IFAD,297,11836.98011041954
12,IFAD,298,11835.733622802558
12,IFAD,299,11831.507078564064
12,IFAD,300,11831.766425674017
12,IFAD,301,11830.726992525233
12,IFAD,302,11831.510439533837
12,IFAD,303,11838.367419166383
12,IFAD,304,11834.412880757409
12,IFAD,305,11829.701558436876
12,IFAD,306,11830.144961424126
12,IFAD,307,11836.708962118235
12,IFAD,308,11831.77877724126
12,IFAD,309,11828.26638185137
12,IFAD,310,11824.092318150828
12,IFAD,311,11825.709525714237
12,IFAD,312,11833.987046505556
12,IFAD,313,11828.153677003747
12,IFAD,314,11835.486200823885
12,IFAD,315,11829.317835934975
12,IFAD,316,11837.217217077583
12,IFAD,317,11831.470031331592
12,IFAD,318,11836.876048077107
12,IFAD,319,11834.518223839144
12,IFAD,320,11828.46741417939
12,IFAD,321,11834.35762893924
12,IFAD,322,11830.665914409754
12,IFAD,323,11829.394948347932
12,IFAD,324,11831.91702596397
12,IFAD,325,11833.242143010006
12,IFAD,326,11830.969170746266
12,IFAD,327,11829.553044048485
12,IFAD,328,11829.59908866455
12,IFAD,329,11831.061957501634
12,IFAD,330,11835.301127906188
12,IFAD,331,11828.890513860319
12,IFAD,332,11831.903002895702
12,IFAD,333,11829.222076688362
12,IFAD,334,11827.778920760287
12,IFAD,335,11835.259986384244
12,IFAD,336,11830.889190197813
12,IFAD,337,11831.87816180335
12,IFAD,338,11827.297347341973
12,IFAD,339,11827.13396371296
12,IFAD,340,11831.228634216484
12,IFAD,341,11832.309211412714
12,IFAD,342,11835.094868421658
12,IFAD,343,11835.245317498862
12,IFAD,344,11841.888719590917
12,IFAD,345,11831.985751872091
12,IFAD,346,11835.783293881143
12,IFAD,347,11834.532912663595
12,IFAD,348,11837.947963570607
12,IFAD,349,11834.529274826622
12,IFAD,350,11832.570237891314
12,IFAD,351,11829.367291598568
12,IFAD,352,11832.684094618526
12,IFAD,353,11830.836812881005
12,IFAD,354,11833.17295239066
12,IFAD,355,11826.871227875012
12,IFAD,356,11833.289192927054
12,IFAD,357,11838.478248186535
12,IFAD,358,11842.185792876953
12,IFAD,359,11831.956703906933
12,IFAD,360,11833.732936331651
12,IFAD,361,11838.299304422317
12,IFAD,362,11830.181672106448
12,IFAD,363,11834.666891326402
12,IFAD,364,11829.227071176612
12,IFAD,365,11832.637875983186
12,IFAD,366,11833.704613003307
12,IFAD,367,11828.81851577006
12,IFAD,368,11830.233925168874
12,IFAD,369,11835.8491882232
12,IFAD,370,11830.94392938313
12,IFAD,371,11839.48981488377
12,IFAD,372,11832.750211438795
12,IFAD,373,11836.715467111157
12,IFAD,374,11832.963115265666
12,IFAD,375,11838.726150931354
12,IFAD,376,11829.898105936129
12,IFAD,377,11829.697567318068
12,IFAD,378,11833.890933625404
12,IFAD,379,11827.72242728888
12,IFAD,380,11832.02658160188
12,IFAD,381,11830.880845891345
12,IFAD,382,11834.870491729265
12,IFAD,383,11837.279889712485
12,IFAD,384,11835.914792550197
12,IFAD,385,11834.155104048492
12,IFAD,386,11826.816421651305
12,IFAD,387,11836.004231503071
12,IFAD,388,11833.174765096368
12,IFAD,389,11829.004439727645
12,IFAD,390,11831.8589595395
12,IFAD,391,11828.144489199427
12,IFAD,392,11831.530844606385
12,IFAD,393,11833.013977401828
12,IFAD,394,11834.536002348195
12,IFAD,395,11831.763248632798
12,IFAD,396,11832.371670142478
12,IFAD,397,11829.594157017664
12,IFAD,398,11834.50208231605
12,IFAD,399,11831.27654010989
12,DS19,0,11827.11239352319
12,DS19,1,11833.233786279603
12,DS19,2,11826.979950696383
12,DS19,3,11834.557655178714
12,DS19,4,11830.232425974447
12,DS19,5,11837.209490111816
12,DS19,6,11827.69443663435
12,DS19,7,11835.075492087357
12,DS19,8,11834.46438162616
12,DS19,9,11843.379617368751
12,DS19,10,11831.012814989386
12,DS19,11,11842.518484183192
12,DS19,12,11840.826852320492
12,DS19,13,11827.761968631876
12,DS19,14,11837.57101766245
12,DS19,15,11837.202558865696
12,DS19,16,11827.198022687751
12,DS19,17,11828.2670309977
12,DS19,18,11829.794480768542
12,DS19,19,11834.089779973445
12,DS19,20,11840.956876285967
12,DS19,21,11837.805203358825
12,DS19,22,11835.157180394182
12,DS19,23,11837.519307735918
12,DS19,24,11838.327607306212
12,DS19,25,11844.19409865548
12,DS19,26,11834.258311309855
12,DS19,27,11835.134534955128
12,DS19,28,11835.688227672732
12,DS19,29,11836.616867271943
12,DS19,30,11840.514153729438
12,DS19,31,11829.245959702235
12,DS19,32,11829.7517430076
12,DS19,33,11837.652513883102
12,DS19,34,11833.393910510531
12,DS19,35,11832.663192195138
12,DS19,36,11833.767802545513
12,DS19,37,11832.110430720859
12,DS19,38,11834.347136533423
12,DS19,39,11836.111496625697
12,DS19,40,11835.746727232901
12,DS19,41,11838.440533168769
12,DS19,42,11835.187037498237
12,DS19,43,11836.348508911797
12,DS19,44,11829.027765813027
12,DS19,45,11841.176291098853
12,DS19,46,11843.237387024825
12,DS19,47,11834.174899635407
12,DS19,48,11847.105305707904
12,DS19,49,11845.222289847074
12,DS19,50,11838.28818037565
12,DS19,51,11839.851743191583
12,DS19,52,11835.222200893717
12,DS19,53,11840.591058450373
12,DS19,54,11829.201305112414
12,DS19,55,11843.34245785909
12,DS19,56,11839.89226001095
12,DS19,57,11837.345769371252
12,DS19,58,11829.828983399084
12,DS19,59,11848.092106332404
12,DS19,60,11824.172227746047
12,DS19,61,11847.613139093017
12,DS19,62,11839.630481651697
12,DS19,63,11844.06078094698
12,DS19,64,11832.799310205595
12,DS19,65,11843.636498399439
12,DS19,66,11842.724556908961
12,DS19,67,11837.26750934611
12,DS19,68,11833.522734864813
12,DS19,69,11840.054450891617
12,DS19,70,11844.934333874095
12,DS19,71,11843.28639652273
12,DS19,72,11832.223873942146
12,DS19,73,11838.719363370205
12,DS19,74,11831.324327134329
12,DS19,75,11839.057755221895
12,DS19,76,11841.511915420575
12,DS19,77,11822.869464344509
12,DS19,78,11841.558069208231
12,DS19,79,11840.30561479797
12,DS19,80,11833.677741912157
12,DS19,81,11832.042694733087
12,DS19,82,11832.904934015756
12,DS19,83,11837.326278159706
12,DS19,84,11847.12860479442
12,DS19,85,11833.155417631713
12,DS19,86,11833.640649113568
12,DS19,87,11834.708865689518
12,DS19,88,11831.551076856356
12,DS19,89,11838.401928781801
12,DS19,90,11847.825854825123
12,DS19,91,11838.977780018551
12,DS19,92,11843.024023555765
12,DS19,93,11830.545410087592
12,DS19,94,11833.296269209146
12,DS19,95,11834.432723350299
12,DS19,96,11824.743185238054
12,DS19,97,11837.166655046396
12,DS19,98,11836.945897861902
12,DS19,99,11834.173039015448
12,DS19,100,11830.756566418906
12,DS19,101,11835.091731291353
12,DS19,102,11840.262820357766
12,DS19,103,11841.248620601255
12,DS19,104,11834.767459110119
12,DS19,105,11832.165784581011
12,DS19,106,11836.910933046693
12,DS19,107,11822.423030400409
12,DS19,108,11837.766267319406
12,DS19,109,11832.378235295238
12,DS19,110,11828.999030616542
12,DS19,111,11831.564595867707
12,DS19,112,11835.794927728872
12,DS19,113,11829.294882511756
12,DS19,114,11834.760091836433
12,DS19,115,11829.840716798444
12,DS19,116,11826.767410734194
12,DS19,117,11834.961788286048
12,DS19,118,11840.014235305065
12,DS19,119,11837.862752126943
12,DS19,120,11834.964510009722
12,DS19,121,11833.966273867001
12,DS19,122,11833.17992474322
12,DS19,123,11830.625900612447
12,DS19,124,11834.13537971207
12,DS19,125,11832.240172569753
12,DS19,126,11840.982698899947
12,DS19,127,11831.235851292746
12,DS19,128,11837.32231745359
12,DS19,129,11831.554217858618
12,DS19,130,11827.8577480255
12,DS19,131,11837.921715561954
12,DS19,132,11834.307444819453
12,DS19,133,11835.115764993297
12,DS19,134,11837.595838568475
12,DS19,135,11834.40278276815
12,DS19,136,11836.707572777666
12,DS19,137,11831.810140685011
12,DS19,138,11836.621710603298
12,DS19,139,11841.545395705045
12,DS19,140,11830.269023938363
12,DS19,141,11839.973186142226
12,DS19,142,11832.779617133447
12,DS19,143,11828.588570123798
12,DS19,144,11818.41298877266
12,DS19,145,11828.96112138719
12,DS19,146,11826.530040822692
12,DS19,147,11817.736331166803
12,DS19,148,11823.715609025194
12,DS19,149,11819.952153826922
12,DS19,150,11815.144390283092
12,DS19,151,11814.5102341628
12,DS19,152,11817.899123703784
12,DS19,153,11814.500742624225
12,DS19,154,11823.702262689103
12,DS19,155,11818.266562138871
12,DS19,156,11813.134651238517
12,DS19,157,11809.245171889415
12,DS19,158,11807.292403357427
12,DS19,159,11809.417112849806
12,DS19,160,11827.83103388227
12,DS19,161,11818.194191616849
12,DS19,162,11818.994370924203
12,DS19,163,11817.464701494442
12,DS19,164,11812.535378584293
12,DS19,165,11821.167087756505
12,DS19,166,11825.250621078134
12,DS19,167,11827.462587523041
12,DS19,168,11818.83111898923
12,DS19,169,11818.746675895976
12,DS19,170,11813.64978470652
12,DS19,171,11815.615252540989
12,DS19,172,11834.250814305855
12,DS19,173,11835.880586846964
12,DS19,174,11836.183064010282
12,DS19,175,11837.540926159141
12,DS19,176,11820.019538715173
12,DS19,177,11832.944116220151
12,DS19,178,11826.452861927322
12,DS19,179,11833.569966609663
12,DS19,180,11830.730024626017
12,DS19,181,11836.565997416525
12,DS19,182,11828.644829231955
12,DS19,183,11826.219322914785
12,DS19,184,11825.948184465386
12,DS19,185,11836.452200964852
12,DS19,186,11836.83707451055
12,DS19,187,11825.719652130005
12,DS19,188,11835.669522530497
12,DS19,189,11823.376079050477
12,DS19,190,11829.21798888844
12,DS19,191,11822.704992193178
12,DS19,192,11832.376641445822
12,DS19,193,11827.452981088629
12,DS19,194,11833.743640198563
12,DS19,195,11823.48537645075
12,DS19,196,11824.410540048688
12,DS19,197,11824.180634926994
12,DS19,198,11819.576103212667
12,DS19,199,11828.720712837225
12,DS19,200,11815.230270379623
12,DS19,201,11810.488913753521
12,DS19,202,11811.587097625643
12,DS19,203,11821.858411275178
12,DS19,204,11811.83481365816
12,DS19,205,11831.660751307038
12,DS19,206,11825.04965699889
12,DS19,207,11829.996755221917
12,DS19,208,11822.449969257936
12,DS19,209,11817.223168767014
12,DS19,210,11811.417800090316
12,DS19,211,11809.540617406436
12,DS19,212,11811.32352102184
12,DS19,213,11817.323286988278
12,DS19,214,11823.138704401075
12,DS19,215,11819.114159101924
12,DS19,216,11809.004289634911
12,DS19,217,11826.033759059172
12,DS19,218,11823.12839804179
12,DS19,219,11814.246648727585
12,DS19,220,11811.78099618667
12,DS19,221,11820.630875381654
12,DS19,222,11812.188338805501
12,DS19,223,11815.04175421164
12,DS19,224,11805.105785357448
12,DS19,225,11818.77210785523
12,DS19,226,11818.791839431055
12,DS19,227,11818.664976186672
12,DS19,228,11817.277050145258
12,DS19,229,11812.837777820458
12,DS19,230,11819.195864289293
12,DS19,231,11814.522242371113
12,DS19,232,11821.074900956211
12,DS19,233,11826.115515649488
12,DS19,234,11821.60019891752
12,DS19,235,11819.470197386941
12,DS19,236,11805.803311765929
12,DS19,237,11820.759684110599
12,DS19,238,11817.453328249601
12,DS19,239,11812.554513530127
12,DS19,240,11826.72769067092
12,DS19,241,11812.5012253157
12,DS19,242,11810.894977604497
12,DS19,243,11817.77800290543
12,DS19,244,11820.374005097201
12,DS19,245,11810.463857942177
12,DS19,246,11817.93551458491
12,DS19,247,11811.663017528112
12,DS19,248,11823.049761969065
12,DS19,249,11809.51828173292
12,DS19,250,11819.600091811324
12,DS19,251,11829.388715610774
12,DS19,252,11822.18586421883
12,DS19,253,11824.895444472606
12,DS19,254,11821.752434903237
12,DS19,255,11825.154898654975
12,DS19,256,11816.06158630358
12,DS19,257,11808.979730153642
12,DS19,258,11814.319063766685
12,DS19,259,11825.735909634295
12,DS19,260,11820.660125943747
12,DS19,261,11829.027750203386
12,DS19,262,11820.309636167365
12,DS19,263,11828.343009168964
12,DS19,264,11826.85284838371
12,DS19,265,11830.584787092257
12,DS19,266,11818.17632351666
12,DS19,267,11814.648048008654
12,DS19,268,11823.681792315527
12,DS19,269,11829.717432933423
12,DS19,270,11835.333346201802
12,DS19,271,11835.043381282667
12,DS19,272,11825.98760225877
12,DS19,273,11832.861471657903
12,DS19,274,11832.679881682137
12,DS19,275,11822.70303516677
12,DS19,276,11823.168342405992
12,DS19,277,11832.303110554021
12,DS19,278,11829.032483311985
12,DS19,279,11835.222815598296
12,DS19,280,11823.199533352128
12,DS19,281,11816.953310212779
12,DS19,282,11831.508508203748
12,DS19,283,11833.664622349192
12,DS19,284,11820.162919002381
12,DS19,285,11828.94763689046
12,DS19,286,11832.793029689674
12,DS19,287,11826.876902171205
12,DS19,288,11822.697572651625
12,DS19,289,11832.574733285985
12,DS19,290,11829.138714797318
12,DS19,291,11831.746726437892
12,DS19,292,11825.175808756796
12,DS19,293,11836.338647712637
12,DS19,294,11829.956764472434
12,DS19,295,11831.376951448285
12,DS19,296,11835.101806084622
12,DS19,297,11833.375042731397
12,DS19,298,11831.136656654122
12,DS19,299,11831.412138802685
12,CTDD21,0,11797.34394232743
12,CTDD21,1,11809.747881433665
12,CTDD21,2,11808.258019097195
12,CTDD21,3,11796.245102180046
12,CTDD21,4,11802.056870536004
12,CTDD21,5,11793.098719322063
12,CTDD21,6,11786.453387449295
12,CTDD21,7,11759.48850106235
12,CTDD21,8,11815.727058511085
12,CTDD21,9,11801.655504418939
12,CTDD21,10,11792.648554288118
12,CTDD21,11,11813.125125631512
12,CTDD21,12,11830.677659398865
12,CTDD21,13,11821.900097249836
12,CTDD21,14,11800.831662863313
12,CTDD21,15,11810.146447690833
12,CTDD21,16,11793.241110674398
12,CTDD21,17,11798.134409702434
12,CTDD21,18,11805.52320926078
12,CTDD21,19,11813.078089306808
12,CTDD21,20,11823.309091069073
12,CTDD21,21,11817.36284005753
12,CTDD21,22,11811.355784616713
12,CTDD21,23,11795.807667305677
12,CTDD21,24,11824.60883145683
12,CTDD21,25,11816.125016275739
12,CTDD21,26,11808.154972695611
12,CTDD21,27,11809.300917519118
12,CTDD21,28,11817.534130755788
12,CTDD21,29,11812.284014511808
12,CTDD21,30,11804.64772284031
12,CTDD21,31,11809.10185846304
12,CTDD21,32,11808.602698002067
12,CTDD21,33,11803.846317346059
12,CTDD21,34,11799.675059644804
12,CTDD21,35,11795.484787232044
12,CTDD21,36,11814.448755930169
12,CTDD21,37,11806.35106961444
12,CTDD21,38,11808.364795990354
12,CTDD21,39,11817.705566046121
12,CTDD21,40,11816.060821720612
12,CTDD21,41,11799.902291891878
12,CTDD21,42,11810.815698516488
12,CTDD21,43,11805.2358442062
12,CTDD21,44,11802.532603470525
12,CTDD21,45,11817.14887620481
12,CTDD21,46,11796.103487996137
12,CTDD21,47,11776.418608641088
12,CTDD21,48,11808.749120267068
12,CTDD21,49,11792.905465040058
12,CTDD21,50,11778.580938881463
12,CTDD21,51,11810.800278127881
12,CTDD21,52,11800.491384358555
12,CTDD21,53,11796.031439818136
12,CTDD21,54,11797.943321132465
12,CTDD21,55,11800.739215078644
12,CTDD21,56,11777.253085026536
12,CTDD21,57,11800.364258192161
12,CTDD21,58,11800.517136281975
12,CTDD21,59,11824.698300884984
12,CTDD21,60,11804.605098077885
12,CTDD21,61,11791.670692515658
12,CTDD21,62,11790.750429733878
12,CTDD21,63,11806.998657285287
12,CTDD21,64,11801.225436469493
12,CTDD21,65,11805.830216782966
12,CTDD21,66,11793.694680240174
12,CTDD21,67,11801.983791067465
12,CTDD21,68,11797.132085907237
12,CTDD21,69,11790.778459005809
12,CTDD21,70,11801.846472496894
12,CTDD21,71,11795.818056452908
12,CTDD21,72,11785.651197299867
12,CTDD21,73,11805.35851761583
12,CTDD21,74,11806.907385260507
12,CTDD21,75,11806.94149546055
12,CTDD21,76,11807.667859865393
12,CTDD21,77,11793.101952362136
12,CTDD21,78,11821.27977211317
12,CTDD21,79,11807.189730654123
12,CTDD21,80,11783.358520782514
12,CTDD21,81,11792.194554376842
12,CTDD21,82,11800.565495149169
12,CTDD21,83,11809.582443855352
12,CTDD21,84,11802.315557064387
12,CTDD21,85,11799.249963788652
12,CTDD21,86,11787.178914670461
12,CTDD21,87,11792.649211920076
12,CTDD21,88,11784.280492567534
12,CTDD21,89,11804.235676061207
12,CTDD21,90,11798.306625237572
12,CTDD21,91,11800.852580333465
12,CTDD21,92,11791.43929757674
12,CTDD21,93,11794.094336715723
12,CTDD21,94,11803.063607765911
12,CTDD21,95,11794.522672288736
12,CTDD21,96,11804.921370668777
12,CTDD21,97,11799.195045249333
12,CTDD21,98,11777.832862193362
12,CTDD21,99,11793.23586648556
12,CTDD21,100,11797.844728687309
12,CTDD21,101,11784.814962088814
12,CTDD21,102,11791.873806501391
12,CTDD21,103,11785.55457373056
12,CTDD21,104,11775.168643603763
12,CTDD21,105,11801.664062247859
12,CTDD21,106,11792.063833138089
12,CTDD21,107,11775.186407413968
12,CTDD21,108,11790.005369925339
12,CTDD21,109,11790.608532529634
12,CTDD21,110,11792.939636256684
12,CTDD21,111,11787.365402022635
12,CTDD21,112,11801.846951437878
12,CTDD21,113,11771.974310389269
12,CTDD21,114,11787.749589977579
12,CTDD21,115,11793.18149386126
12,CTDD21,116,11774.63724891492
12,CTDD21,117,11791.747302329928
12,CTDD21,118,11793.837754368766
12,CTDD21,119,11791.37216011208
12,CTDD21,120,11787.478317673973
12,CTDD21,121,11783.39346052119
12,CTDD21,122,11782.58817841238
12,CTDD21,123,11796.17515784636
12,CTDD21,124,11781.001064518554
12,CTDD21,125,11762.964344561595
12,CTDD21,126,11799.032744401353
12,CTDD21,127,11784.010656140592
12,CTDD21,128,11777.656151241748
12,CTDD21,129,11785.466418722288
12,CTDD21,130,11783.321065303864
12,CTDD21,131,11800.136419305563
12,CTDD21,132,11782.023990982312
12,CTDD21,133,11791.871398549953
12,CTDD21,134,11781.837283307383
12,CTDD21,135,11769.63401732293
12,CTDD21,136,11785.894418781147
12,CTDD21,137,11790.708130325143
12,CTDD21,138,11776.641645579431
12,CTDD21,139,11786.032145385641
12,CTDD21,140,11789.299227887306
12,CTDD21,141,11793.259252930748
12,CTDD21,142,11788.799541353797
12,CTDD21,143,11776.005062247676
12,CTDD21,144,11788.21727006292
12,CTDD21,145,11780.572982707536
12,CTDD21,146,11790.423011980689
12,CTDD21,147,11788.38713350485
12,CTDD21,148,11799.350767710903
12,CTDD21,149,11796.429757957958
12,CTDD21,150,11791.160636282952
12,CTDD21,151,11796.876478725562
12,CTDD21,152,11776.901672833606
12,CTDD21,153,11788.319921028524
12,CTDD21,154,11793.265070505906
12,CTDD21,155,11787.74789762279
12,CTDD21,156,11788.602986520908
12,CTDD21,157,11799.434867883248
12,CTDD21,158,11783.157519057308
12,CTDD21,159,11773.950720118419
12,CTDD21,160,11793.858814796266
12,CTDD21,161,11783.286921924457
12,CTDD21,162,11784.924080573193
12,CTDD21,163,11791.74172788115
12,CTDD21,164,11783.691862804879
12,CTDD21,165,11784.173251068194
12,CTDD21,166,11788.227910633732
12,CTDD21,167,11778.345454801876
12,CTDD21,168,11782.898899625938
12,CTDD21,169,11775.056465369538
12,CTDD21,170,11796.189651372219
12,CTDD21,171,11786.454417759061
12,CTDD21,172,11789.44787380039
12,CTDD21,173,11788.705003958885
12,CTDD21,174,11788.632885816396
12,CTDD21,175,11792.70929112467
12,CTDD21,176,11795.16010076048
12,CTDD21,177,11778.723979343107
12,CTDD21,178,11779.12141841641
12,CTDD21,179,11790.862386831712
12,CTDD21,180,11783.119196166133
12,CTDD21,181,11789.840002739274
12,CTDD21,182,11778.284267727264
12,CTDD21,183,11783.31844563951
12,CTDD21,184,11787.79782012666
12,CTDD21,185,11789.434932350687
12,CTDD21,186,11787.424584771372
12,CTDD21,187,11792.884819086523
12,CTDD21,188,11792.559727811851
12,CTDD21,189,11775.010142421439
12,CTDD21,190,11801.321891031195
12,CTDD21,191,11782.115482270754
12,CTDD21,192,11779.710373825488
12,CTDD21,193,11789.883361450666
12,CTDD21,194,11784.079473430782
12,CTDD21,195,11782.981476652869
12,CTDD21,196,11775.77152621686
12,CTDD21,197,11777.107377925688
12,CTDD21,198,11781.938817939677
12,CTDD21,199,11803.0772696903
12,CTDD21,200,11790.033362296563
12,CTDD21,201,11782.826017775602
12,CTDD21,202,11801.413086040502
12,CTDD21,203,11801.03743456022
12,CTDD21,204,11765.497868047125
12,CTDD21,205,11773.962433316548
12,CTDD21,206,11785.490909285585
12,CTDD21,207,11791.757487100707
12,CTDD21,208,11795.652339552611
12,CTDD21,209,11790.315749677377
12,CTDD21,210,11785.527694614408
12,CTDD21,211,11787.371523201567
12,CTDD21,212,11780.981348899733
12,CTDD21,213,11768.550616243452
12,CTDD21,214,11773.082544872274
12,CTDD21,215,11786.204725675563
12,CTDD21,216,11791.154152299314
12,CTDD21,217,11789.909099535484
12,CTDD21,218,11776.064128721386
12,CTDD21,219,11779.937104601286
12,CTDD21,220,11775.761200296609
12,CTDD21,221,11781.674719159317
12,CTDD21,222,11783.427549639524
12,CTDD21,223,11788.221416922326
12,CTDD21,224,11782.367397379194
12,CTDD21,225,11780.64109639938
12,CTDD21,226,11789.31699324858
12,CTDD21,227,11790.663864969933
12,CTDD21,228,11781.142185753704
12,CTDD21,229,11779.24317574671
12,CTDD21,230,11779.098049263494
12,CTDD21,231,11780.463282466646
12,CTDD21,232,11788.577658030192
12,CTDD21,233,11782.351693280372
12,CTDD21,234,11773.983602530525
12,CTDD21,235,11781.546659125142
12,CTDD21,236,11780.990801133383
12,CTDD21,237,11790.871170509421
12,CTDD21,238,11786.422437334619
12,CTDD21,239,11772.189687892467
12,CTDD21,240,11774.173646488798
12,CTDD21,241,11797.220962017987
12,CTDD21,242,11771.244919828161
12,CTDD21,243,11784.605399951377
12,CTDD21,244,11770.048093383324
12,CTDD21,245,11775.93611741321
12,CTDD21,246,11784.70466274857
12,CTDD21,247,11765.387762671882
12,CTDD21,248,11787.946464008935
12,CTDD21,249,11780.446142335437
12,CTDD21,250,11779.306132959106
12,CTDD21,251,11767.72428837831
12,CTDD21,252,11784.752727679483
12,CTDD21,253,11775.249084141227
12,CTDD21,254,11779.571576761606
12,CTDD21,255,11795.310065181015
12,CTDD21,256,11782.671517538958
12,CTDD21,257,11778.120519015982
12,CTDD21,258,11793.01451047019
12,CTDD21,259,11764.934961647625
12,CTDD21,260,11775.702298261485
12,CTDD21,261,11786.820004271094
12,CTDD21,262,11779.390051164553
12,CTDD21,263,11794.94317493133
12,CTDD21,264,11799.535495761633
12,CTDD21,265,11780.822754134078
12,CTDD21,266,11771.024908330905
12,CTDD21,267,11785.599846870045
12,CTDD21,268,11778.916127816437
12,CTDD21,269,11789.705493060386
12,CTDD21,270,11775.775721217333
12,CTDD21,271,11786.477959597676
12,CTDD21,272,11778.0014889041
12,CTDD21,273,11781.933522606849
12,CTDD21,274,11781.933862253798
12,CTDD21,275,11780.80770336188
12,CTDD21,276,11785.852470415144
12,CTDD21,277,11785.741093229164
12,CTDD21,278,11787.2514085132
12,CTDD21,279,11778.659195193368
12,CTDD21,280,11782.678212098122
12,CTDD21,281,11795.187051457073
12,CTDD21,282,11784.542681918461
12,CTDD21,283,11787.821553993168
12,CTDD21,284,11786.983238515655
12,CTDD21,285,11776.809315815637
12,CTDD21,286,11783.634426637595
12,CTDD21,287,11775.547310707378
12,CTDD21,288,11771.295649203481
12,CTDD21,289,11777.701447801908
12,CTDD21,290,11774.975710406103
12,CTDD21,291,11755.788366357976
12,CTDD21,292,11787.81804451994
12,CTDD21,293,11784.630248688609
12,CTDD21,294,11791.830501645345
12,CTDD21,295,11775.510447254883
12,CTDD21,296,11794.290924993586
12,CTDD21,297,11784.60143113854
12,CTDD21,298,11781.152985647113
12,CTDD21,299,11794.338340405777
13,IF2,0,11791.140359759054
13,IF2,1,11808.921157889365
13,IF2,2,11840.630079966932
13,IF2,3,11836.170750267329
13,IF2,4,11839.037454873658
13,IF2,5,11848.159875102712
13,IF2,6,11840.633993495021
13,IF2,7,11832.657500203813
13,IF2,8,11834.00998376031
13,IF2,9,11841.626170646652
13,IF2,10,11836.302222646167
13,IF2,11,11837.540610828119
13,IF2,12,11841.789735735876
13,IF2,13,11846.362202243672
13,IF2,14,11846.458917089933
13,IF2,15,11833.694039545004
13,IF2,16,11807.139722223685
13,IF2,17,11843.818859439101
13,IF2,18,11830.819402377347
13,IF2,19,11812.079684485654
13,IF2,20,11838.875335210832
13,IF2,21,11827.405021319099
13,IF2,22,11810.732121099229
13,IF2,23,11826.412354838762
13,IF2,24,11837.233882486444
13,IF2,25,11822.172757604985
13,IF2,26,11820.218478184403
13,IF2,27,11840.104676301069
13,IF2,28,11830.511080251918
13,IF2,29,11824.075820696404
13,IF2,30,11810.21445700455
13,IF2,31,11850.222533607219
13,IF2,32,11810.68072737809
13,IF2,33,11830.207998462774
13,IF2,34,11804.829891687574
13,IF2,35,11823.450100698328
13,IF2,36,11825.191043585073
13,IF2,37,11820.121994267984
13,IF2,38,11836.952522117217
13,IF2,39,11812.845562724806
13,IF2,40,11816.74619303275
13,IF2,41,11829.210555004678
13,IF2,42,11830.78793325489
13,IF2,43,11826.889787363942
13,IF2,44,11804.855949594612
13,IF2,45,11824.117726148908
13,IF2,46,11816.028403341665
13,IF2,47,11832.546595071482
13,IF2,48,11832.968001434387
13,IF2,49,11832.789137187521
13,IF2,50,11840.977565657895
13,IF2,51,11821.474008334662
13,IF2,52,11808.478039434893
13,IF2,53,11816.886292123763
13,IF2,54,11810.585738022164
13,IF2,55,11831.615839047534
13,IF2,56,11847.27089185853
13,IF2,57,11836.825686913475
13,IF2,58,11837.550804813576
13,IF2,59,11821.826534498916
13,IF2,60,11842.058789485875
13,IF2,61,11838.427025820156
13,IF2,62,11839.592663063277
13,IF2,63,11834.337808305081
13,IF2,64,11789.08017393086
13,IF2,65,11826.130325638702
13,IF2,66,11818.898772549963
13,IF2,67,11824.636065670129
13,IF2,68,11842.207440729655
13,IF2,69,11820.75796646715
13,IF2,70,11826.304178766679
13,IF2,71,11846.298949445872
13,IF2,72,11836.38898984381
13,IF2,73,11835.010206924984
13,IF2,74,11817.396337558332
13,IF2,75,11826.895163048073
13,IF2,76,11823.10700580671
13,IF2,77,11835.563321054138
13,IF2,78,11808.542612776086
13,IF2,79,11834.11318185657
13,IF2,80,11834.86943454429
13,IF2,81,11835.005428310718
13,IF2,82,11839.345969835826
13,IF2,83,11824.261947428702
13,IF2,84,11813.92619884696
13,IF2,85,11827.901305018138
13,IF2,86,11829.150325831555
13,IF2,87,11831.061813522003
13,IF2,88,11826.685481077104
13,IF2,89,11826.887405720487
13,IF2,90,11808.280045658423
13,IF2,91,11811.134096179603
13,IF2,92,11818.38770792239
13,IF2,93,11833.596302715225
13,IF2,94,11831.278531376658
13,IF2,95,11827.096412239864
13,IF2,96,11840.89914162073
13,IF2,97,11828.630801612147
13,IF2,98,11828.00991823315
13,IF2,99,11829.53291520135
13,IF2,100,11835.29854221662
13,IF2,101,11832.521189229452
13,IF2,102,11823.750315481198
13,IF2,103,11832.761320353724
13,IF2,104,11838.92823802568
13,IF2,105,11816.691339610405
13,IF2,106,11834.121270946018
13,IF2,107,11828.35373182758
13,IF2,108,11810.55139270247
13,IF2,109,11830.293641905051
13,IF2,110,11829.713272968682
13,IF2,111,11825.218710058607
13,IF2,112,11828.953831508128
13,IF2,113,11817.453653055678
13,IF2,114,11808.203182908479
13,IF2,115,11817.622982929217
13,IF2,116,11825.982203055208
13,IF2,117,11825.673036952148
13,IF2,118,11829.1789645072
13,IF2,119,11833.168943929579
13,IF2,120,11836.233971942413
13,IF2,121,11835.106941844993
13,IF2,122,11827.550929437302
13,IF2,123,11833.002533808698
13,IF2,124,11839.15153252232
13,IF2,125,11831.650417962117
13,IF2,126,11836.666744214052
13,IF2,127,11815.961904319427
13,IF2,128,11826.964787408315
13,IF2,129,11842.359449545344
13,IF2,130,11830.932287791147
13,IF2,131,11833.21004523194
13,IF2,132,11836.84950518586
13,IF2,133,11831.017964271743
13,IF2,134,11821.417132362281
13,IF2,135,11823.235438233052
13,IF2,136,11820.16004579999
13,IF2,137,11833.426870223344
13,IF2,138,11833.394882918954
13,IF2,139,11828.470372539277
13,IF2,140,11839.851285260096
13,IF2,141,11826.103320433136
13,IF2,142,11834.262197456614
13,IF2,143,11838.436099584522
13,IF2,144,11833.03654005508
13,IF2,145,11837.501308801271
13,IF2,146,11838.222362661785
13,IF2,147,11839.733609329489
13,IF2,148,11833.875600929838
13,IF2,149,11813.936582712036
13,IF2,150,11835.850618490866
13,IF2,151,11830.939040181105
13,IF2,152,11817.534359037356
13,IF2,153,11822.24087247889
13,IF2,154,11832.866532356406
13,IF2,155,11833.260181706217
13,IF2,156,11843.45613732973
13,IF2,157,11833.995298700585
13,IF2,158,11833.066443334601
13,IF2,159,11842.677783936804
13,IF2,160,11841.393542845324
13,IF2,161,11837.5119657964
13,IF2,162,11831.391240495946
13,IF2,163,11819.406014602051
13,IF2,164,11826.16253065562
13,IF2,165,11817.245921445858
13,IF2,166,11830.580982241752
13,IF2,167,11829.671703313239
13,IF2,168,11825.210549406314
13,IF2,169,11830.35083707132
13,IF2,170,11826.892302267139
13,IF2,171,11824.100264174549
13,IF2,172,11826.743007673847
13,IF2,173,11820.792298436585
13,IF2,174,11828.396249179272
13,IF2,175,11830.291969628333
13,IF2,176,11830.247418763724
13,IF2,177,11831.076854863968
13,IF2,178,11831.496399920356
13,IF2,179,11827.754045091237
13,IF2,180,11810.358692520005
13,IF2,181,11821.038270276287
13,IF2,182,11825.231443388835
13,IF2,183,11830.851829527619
13,IF2,184,11838.432582042324
13,IF2,185,11828.400454454262
13,IF2,186,11833.402957649078
13,IF2,187,11839.571361996672
13,IF2,188,11831.510692040985
13,IF2,189,11830.746097539968
13,IF2,190,11831.836304957653
13,IF2,191,11836.757956820247
13,IF2,192,11838.494122154669
13,IF2,193,11839.098726035882
13,IF2,194,11831.653594071053
13,IF2,195,11822.786014166995
13,IF2,196,11828.266715872633
13,IF2,197,11828.73174674059
13,IF2,198,11835.716743677303
13,IF2,199,11827.700560201998
13,IF2,200,11835.515380949168
13,IF2,201,11838.156273886663
13,IF2,202,11845.476416350692
13,IF2,203,11849.779356501687
13,IF2,204,11842.231773861715
13,IF2,205,11839.186051804201
13,IF2,206,11839.95925104168
13,IF2,207,11837.8208646244
13,IF2,208,11845.149450005012
13,IF2,209,11837.87768978026
13,IF2,210,11830.236892382787
13,IF2,211,11834.74481625373
13,IF2,212,11837.517513387216
13,IF2,213,11836.765732366763
13,IF2,214,11842.282700808104
13,IF2,215,11834.405748426581
13,IF2,216,11836.422959367568
13,IF2,217,11836.356782709772
13,IF2,218,11836.543541312029
13,IF2,219,11839.877578386771
13,IF2,220,11839.956132512834
13,IF2,221,11839.1640184144
13,IF2,222,11839.428611453266
13,IF2,223,11841.913720162858
13,IF2,224,11840.530018698917
13,IF2,225,11838.359787296791
13,IF2,226,11843.343880746568
13,IF2,227,11845.39693039454
13,IF2,228,11836.42795062793
13,IF2,229,11836.359090749045
13,IF2,230,11839.525305007133
13,IF2,231,11839.25425595825
13,IF2,232,11839.313741779546
13,IF2,233,11836.466761543295
13,IF2,234,11832.55388826731
13,IF2,235,11837.978187549565
13,IF2,236,11838.41235087452
13,IF2,237,11842.147542620149
13,IF2,238,11839.482587320468
13,IF2,239,11836.541517097714
13,IF2,240,11831.114904105238
13,IF2,241,11829.0036241364
13,IF2,242,11833.168774484968
13,IF2,243,11833.479785219608
13,IF2,244,11843.914950961327
13,IF2,245,11829.929793628862
13,IF2,246,11834.876012388142
13,IF2,247,11827.54087934699
13,IF2,248,11829.093121612004
13,IF2,249,11832.890931169943
13,IF2,250,11831.655674371481
13,IF2,251,11825.677788855244
13,IF2,252,11823.89993190922
13,IF2,253,11828.561087207605
13,IF2,254,11833.89405830845
13,IF2,255,11830.97635547659
13,IF2,256,11830.295238176148
13,IF2,257,11834.875872586374
13,IF2,258,11830.848595054744
13,IF2,259,11834.86634919797
13,IF2,260,11835.066686010012
13,IF2,261,11830.700185017606
13,IF2,262,11831.316219821143
13,IF2,263,11829.213212305865
13,IF2,264,11833.02508644721
13,IF2,265,11835.916118379959
13,IF2,266,11834.590179599782
13,IF2,267,11834.40149023203
13,IF2,268,11829.783750124254
13,IF2,269,11835.176697871117
13,IF2,270,11837.618161656723
13,IF2,271,11840.282557662022
13,IF2,272,11831.040121544882
13,IF2,273,11840.393090669128
13,IF2,274,11836.268278096562
13,IF2,275,11834.929224477639
13,IF2,276,11841.33531871606
13,IF2,277,11833.12675979845
13,IF2,278,11838.826465623084
13,IF2,279,11838.80776581468
13,IF2,280,11843.183930914802
13,IF2,281,11837.120398234983
13,IF2,282,11835.186162898874
13,IF2,283,11831.092071467046
13,IF2,284,11836.237882687401
13,IF2,285,11838.93113475029
13,IF2,286,11833.492565561899
13,IF2,287,11838.67613447426
13,IF2,288,11833.428521199261
13,IF2,289,11835.099256317717
13,IF2,290,11837.626325868181
13,IF2,291,11838.988193572888
13,IF2,292,11840.144994228454
13,IF2,293,11836.433119328614
13,IF2,294,11837.380827541398
13,IF2,295,11838.541397696486
13,IF2,296,11837.720837460154
13,IF2,297,11841.295495506361
13,IF2,298,11837.968697423736
13,IF2,299,11835.683395251874
13,IF2,300,11842.349140517057
13,IF2,301,11837.633976152327
13,IF2,302,11833.079669888126
13,IF2,303,11842.523683148804
13,IF2,304,11841.48957962403
13,IF2,305,11836.643454266874
13,IF2,306,11842.623696667999
13,IF2,307,11836.132924954989
13,IF2,308,11837.7562202078
13,IF2,309,11835.611556902279
13,IF2,310,11839.551917803177
13,IF2,311,11836.580318686416
13,IF2,312,11837.596184660326
13,IF2,313,11835.483342049061
13,IF2,314,11837.712758920341
13,IF2,315,11839.670534449559
13,IF2,316,11834.495391313538
13,IF2,317,11833.817793485201
13,IF2,318,11836.744141545652
13,IF2,319,11838.325015169017
13,IF2,320,11835.005089410099
13,IF2,321,11835.464844960516
13,IF2,322,11842.5231788267
13,IF2,323,11833.429271305875
13,IF2,324,11836.710933274757
13,IF2,325,11834.980591242402
13,IF2,326,11841.579878455072
13,IF2,327,11835.729919994494
13,IF2,328,11837.22998747582
13,IF2,329,11832.287662005128
13,IF2,330,11829.637588217476
13,IF2,331,11839.789303269592
13,IF2,332,11834.535487933954
13,IF2,333,11833.349852626521
13,IF2,334,11834.493119111823
13,IF2,335,11841.16917205817
13,IF2,336,11840.602262720808
13,IF2,337,11836.134468374099
13,IF2,338,11835.393535232506
13,IF2,339,11833.325147715052
13,IF2,340,11837.792382873045
13,IF2,341,11840.87350102574
13,IF2,342,11831.577024314967
13,IF2,343,11840.816572810243
13,IF2,344,11838.08742009181
13,IF2,345,11838.685419192758
13,IF2,346,11834.293348794361
13,IF2,347,11838.971650870479
13,IF2,348,11838.899273526422
13,IF2,349,11839.067359455299
13,IF2,350,11835.488743785761
13,IF2,351,11839.333329952071
13,IF2,352,11840.138147670465
13,IF2,353,11837.3318651552
13,IF2,354,11836.579499996042
13,IF2,355,11835.257339299946
13,IF2,356,11841.509089897063
13,IF2,357,11836.406177956736
13,IF2,358,11834.739201369955
13,IF2,359,11839.630733730013
13,IF2,360,11836.643712476915
13,IF2,361,11833.72344438672
13,IF2,362,11838.027121793119
13,IF2,363,11835.793431825947
13,IF2,364,11840.003617141314
13,IF2,365,11838.113122649993
13,IF2,366,11837.716938934916
13,IF2,367,11831.788960743515
13,IF2,368,11835.56551925703
13,IF2,369,11837.812528168259
13,IF2,370,11837.63589933184
13,IF2,371,11841.015955748995
13,IF2,372,11834.491397338212
13,IF2,373,11836.251852489979
13,IF2,374,11832.492710525337
13,IF2,375,11836.298587059884
13,IF2,376,11843.67009120863
13,IF2,377,11835.90045430309
13,IF2,378,11840.631700386444
13,IF2,379,11839.17548366362
13,IF2,380,11836.923723522694
13,IF2,381,11832.904563259151
13,IF2,382,11842.10551745917
13,IF2,383,11839.497194436357
13,IF2,384,11831.232037433228
13,IF2,385,11844.23947910517
13,IF2,386,11839.28869902645
13,IF2,387,11839.76260543002
13,IF2,388,11836.153421116154
13,IF2,389,11834.958164431133
13,IF2,390,11843.598504354475
13,IF2,391,11839.892087261207
13,IF2,392,11837.60560408969
13,IF2,393,11834.851304727175
13,IF2,394,11836.839135328371
13,IF2,395,11834.564605016845
13,IF2,396,11838.096421170121
13,IF2,397,11835.611532932364
13,IF2,398,11837.12296478271
13,IF2,399,11837.670221229171
13,IF2,400,11839.971143975092
13,IF2,401,11839.074601259363
13,IF2,402,11835.971112215926
13,IF2,403,11837.835773773053
13,IF2,404,11833.554002010365
13,IF2,405,11834.412513626181
13,IF2,406,11834.53518976342
13,IF2,407,11832.506161567542
13,IF2,408,11836.196094699992
13,IF2,409,11836.115677055244
13,IF2,410,11837.787339723098
13,IF2,411,11834.567524078291
13,IF2,412,11837.715169617475
13,IF2,413,11834.398474383628
13,IF2,414,11831.122368271284
13,IF2,415,11837.867369811258
13,IF2,416,11835.940380159049
13,IF2,417,11835.432447577952
13,IF2,418,11835.250803717134
13,IF2,419,11834.649455753331
13,IF2,420,11839.497989225867
13,IF2,421,11835.091283930265
13,IF2,422,11832.313188012908
13,IF2,423,11834.640540218339
13,IF2,424,11833.834979491328
13,IF2,425,11831.092580067629
13,IF2,426,11837.862979319643
13,IF2,427,11831.93359874308
13,IF2,428,11831.821504379526
13,IF2,429,11837.630261057044
13,IF2,430,11836.239077272356
13,IF2,431,11831.022278990928
13,IF2,432,11833.280427765048
13,IF2,433,11834.97668731939
13,IF2,434,11832.94580919439
13,IF2,435,11837.403183400196
13,IF2,436,11829.960590741475
13,IF2,437,11833.32451032475
13,IF2,438,11836.08219128488
13,IF2,439,11833.44173285543
13,IF2,440,11837.1090711137
13,IF2,441,11833.806731621235
13,IF2,442,11834.081306738566
13,IF2,443,11833.931567524305
13,IF2,444,11837.174270640793
13,IF2,445,11833.618117052929
13,IF2,446,11836.237794381957
13,IF2,447,11834.462025233326
13,IF2,448,11838.969290429195
13,IF2,449,11834.247351696025
13,IF2,450,11836.542541844206
13,IF2,451,11831.23588008423
13,IF2,452,11837.60182154918
13,IF2,453,11840.696974319028
13,IF2,454,11835.970195593838
13,IF2,455,11830.40325394401
13,IF2,456,11834.197849415938
13,IF2,457,11836.86693864713
13,IF2,458,11837.950478832769
13,IF2,459,11835.20270486581
13,IF2,460,11830.318593343194
13,IF2,461,11832.496120430716
13,IF2,462,11835.504557727822
13,IF2,463,11838.342323707866
13,IF2,464,11836.068135544443
13,IF2,465,11827.594720788771
13,IF2,466,11835.5352432528
13,IF2,467,11830.623163376387
13,IF2,468,11831.815506170797
13,IF2,469,11838.459371993078
13,IF2,470,11835.397544540967
13,IF2,471,11830.35656619496
13,IF2,472,11836.26014958859
13,IF2,473,11831.82053474943
13,IF2,474,11833.69331636416
13,IF2,475,11834.38276363269
13,IF2,476,11835.945514049119
13,IF2,477,11836.570831150615
13,IF2,478,11835.994678937974
13,IF2,479,11833.314390563803
13,IF2,480,11838.825239809203
13,IF2,481,11833.350155161526
13,IF2,482,11841.456773491249
13,IF2,483,11828.798110749203
13,IF2,484,11833.759298422376
13,IF2,485,11834.97696358626
13,IF2,486,11833.170307987606
13,IF2,487,11836.969119736237
13,IF2,488,11833.050276624048
13,IF2,489,11835.025824382636
13,IF2,490,11838.53779508875
13,IF2,491,11836.39802925353
13,IF2,492,11838.395611805503
13,IF2,493,11834.668928671997
13,IF2,494,11840.275492863195
13,IF2,495,11834.602185559277
13,IF2,496,11840.523522853344
13,IF2,497,11835.061874722323
13,IF2,498,11837.097729854419
13,IF2,499,11834.552648530602
13,IF2,500,11834.203158520013
13,IF2,501,11836.358902093883
13,IF2,502,11837.396189552706
13,IF2,503,11833.121159252678
13,IF2,504,11833.680159246072
13,IF2,505,11838.721471385272
13,IF2,506,11837.079071404212
13,IF2,507,11839.549914407413
13,IF2,508,11836.524565143583
13,IF2,509,11835.136102472914
13,IF2,510,11835.507555288708
13,IF2,511,11836.089101216707
13,IF2,512,11833.175837084924
13,IF2,513,11836.124080473532
13,IF2,514,11832.595710047275
13,IF2,515,11832.298403583793
13,IF2,516,11835.946716062848
13,IF2,517,11829.425113702746
13,IF2,518,11837.703723043918
13,IF2,519,11832.012713067694
13,IF2,520,11838.935164068835
13,IF2,521,11837.762208989023
13,IF2,522,11835.38839600151
13,IF2,523,11830.892847971438
13,IF2,524,11833.412822516004
13,IF2,525,11834.687437870642
13,IF2,526,11835.153073880927
13,IF2,527,11835.683259205627
13,IF2,528,11833.218089580538
13,IF2,529,11832.727060277992
13,IF2,530,11838.285091819771
13,IF2,531,11838.114509466712
13,IF2,532,11833.184287600601
13,IF2,533,11835.948140444294
13,IF2,534,11838.17828067944
13,IF2,535,11834.098185868725
13,IF2,536,11837.870866777414
13,IF2,537,11834.574260090083
13,IF2,538,11838.467097294963
13,IF2,539,11831.911762545833
13,IF2,540,11833.796540072077
13,IF2,541,11837.24083255488
13,IF2,542,11835.636457889546
13,IF2,543,11837.324813290013
13,IF2,544,11838.258258806249
13,IF2,545,11836.556547859387
13,IF2,546,11835.13400415032
13,IF2,547,11836.113123718724
13,IF2,548,11833.571210182305
13,IF2,549,11834.91040590233
13,IF2,550,11835.448886678421
13,IF2,551,11833.870066288873
13,IF2,552,11837.546740956395
13,IF2,553,11837.791842729901
13,IF2,554,11837.190846183763
13,IF2,555,11832.098427468793
13,IF2,556,11835.100507601066
13,IF2,557,11841.741280053899
13,IF2,558,11836.445966284564
13,IF2,559,11839.302959512705
13,IF2,560,11837.160558360209
13,IF2,561,11835.23907356296
13,IF2,562,11832.988522817603
13,IF2,563,11832.700536731605
13,IF2,564,11837.084760250926
13,IF2,565,11833.824431365087
13,IF2,566,11832.26587086813
13,IF2,567,11833.98434757703
13,IF2,568,11833.516699538439
13,IF2,569,11829.628132591148
13,IF2,570,11835.812799368248
13,IF2,571,11837.305842051335
13,IF2,572,11834.083233804262
13,IF2,573,11838.655418791479
13,IF2,574,11834.265205052701
13,IF2,575,11831.463929763413
13,IF2,576,11837.208560565234
13,IF2,577,11837.298325451009
13,IF2,578,11836.411106479834
13,IF2,579,11837.021061240044
13,IF2,580,11837.176216750868
13,IF2,581,11834.459755999003
13,IF2,582,11835.250938581792
13,IF2,583,11837.110110726451
13,IF2,584,11833.864307045214
13,IF2,585,11832.400007438582
13,IF2,586,11835.423650937813
13,IF2,587,11835.612393186206
13,IF2,588,11840.80300242308
13,IF2,589,11836.422702403954
13,IF2,590,11835.436521802008
13,IF2,591,11832.498775825956
13,IF2,592,11838.023249088357
13,IF2,593,11835.560868839557
13,IF2,594,11835.827514202234
13,IF2,595,11831.196295909565
13,IF2,596,11840.117592457655
13,IF2,597,11835.625834452214
13,IF2,598,11836.140069075962
13,IF2,599,11836.848261595434
13,IFAD,0,11832.278705940338
13,IFAD,1,11834.35063924527
13,IFAD,2,11840.081175369573
13,IFAD,3,11828.788891091617
13,IFAD,4,11832.436272405012
13,IFAD,5,11831.643170864665
13,IFAD,6,11826.95045808053
13,IFAD,7,11830.191590039085
13,IFAD,8,11840.852125394702
13,IFAD,9,11847.776235772022
13,IFAD,10,11846.865255532226
13,IFAD,11,11832.240559665679
13,IFAD,12,11821.687500002725
13,IFAD,13,11841.000503150803
13,IFAD,14,11841.282702405693
13,IFAD,15,11791.230447578699
13,IFAD,16,11829.58105618115
13,IFAD,17,11838.509232894146
13,IFAD,18,11791.659402931886
13,IFAD,19,11833.241813314493
13,IFAD,20,11825.130190610213
13,IFAD,21,11824.269725633694
13,IFAD,22,11829.599211539464
13,IFAD,23,11837.951464753058
13,IFAD,24,11834.877350722421
13,IFAD,25,11833.118949346952
13,IFAD,26,11833.809195872615
13,IFAD,27,11824.360638739441
13,IFAD,28,11819.436714113683
13,IFAD,29,11814.397069457285
13,IFAD,30,11844.72282620262
13,IFAD,31,11842.313583378631
13,IFAD,32,11835.217842103839
13,IFAD,33,11829.015392476293
13,IFAD,34,11831.61479816024
13,IFAD,35,11810.45806153602
13,IFAD,36,11811.62087756627
13,IFAD,37,11832.25396800063
13,IFAD,38,11819.819083723984
13,IFAD,39,11820.297325563277
13,IFAD,40,11836.118815274433
13,IFAD,41,11833.254344050447
13,IFAD,42,11842.00200651025
13,IFAD,43,11820.959441626756
13,IFAD,44,11825.141992302842
13,IFAD,45,11819.972373895818
13,IFAD,46,11827.55857926222
13,IFAD,47,11836.894464478171
13,IFAD,48,11820.247656944031
13,IFAD,49,11837.758860579854
13,IFAD,50,11818.79217625122
13,IFAD,51,11815.789760004474
13,IFAD,52,11827.779155151136
13,IFAD,53,11831.347678552345
13,IFAD,54,11824.998438700324
13,IFAD,55,11827.64725096689
13,IFAD,56,11822.744277111979
13,IFAD,57,11838.120860829367
13,IFAD,58,11841.671734972293
13,IFAD,59,11803.327188056517
13,IFAD,60,11826.049968194402
13,IFAD,61,11830.486516369057
13,IFAD,62,11829.638847587164
13,IFAD,63,11842.630842387744
13,IFAD,64,11839.152276405874
13,IFAD,65,11830.749595200517
13,IFAD,66,11824.347338128753
13,IFAD,67,11840.661227677987
13,IFAD,68,11840.27067755012
13,IFAD,69,11812.079417187122
13,IFAD,70,11843.845886569121
13,IFAD,71,11813.791334015035
13,IFAD,72,11801.534268652145
13,IFAD,73,11818.480648882918
13,IFAD,74,11827.300572069673
13,IFAD,75,11841.077744748929
13,IFAD,76,11843.681403581686
13,IFAD,77,11840.048859534214
13,IFAD,78,11830.439195466019
13,IFAD,79,11819.969288131735
13,IFAD,80,11830.641714966108
13,IFAD,81,11822.141631652168
13,IFAD,82,11839.732206642686
13,IFAD,83,11831.04785419852
13,IFAD,84,11825.128101294556
13,IFAD,85,11838.619750303693
13,IFAD,86,11839.617162635088
13,IFAD,87,11840.17300598434
13,IFAD,88,11842.147619016854
13,IFAD,89,11812.177700645741
13,IFAD,90,11836.794229536572
13,IFAD,91,11837.38072193337
13,IFAD,92,11814.075008414242
13,IFAD,93,11826.696701436482
13,IFAD,94,11830.629731734167
13,IFAD,95,11841.49436490496
13,IFAD,96,11829.805726554496
13,IFAD,97,11819.006211093021
13,IFAD,98,11819.082910918147
13,IFAD,99,11784.714802553217
13,IFAD,100,11795.071616904568
13,IFAD,101,11795.860257271566
13,IFAD,102,11794.005238290414
13,IFAD,103,11794.405487989088
13,IFAD,104,11797.25590268859
13,IFAD,105,11798.641683874463
13,IFAD,106,11795.061966830373
13,IFAD,107,11790.870158512002
13,IFAD,108,11797.457594715335
13,IFAD,109,11796.66410005846
13,IFAD,110,11795.853681769348
13,IFAD,111,11798.690626411955
13,IFAD,112,11797.03776633067
13,IFAD,113,11795.94484680412
13,IFAD,114,11798.714280791535
13,IFAD,115,11794.184323020647
13,IFAD,116,11794.992858875932
13,IFAD,117,11797.012765159358
13,IFAD,118,11793.028119541395
13,IFAD,119,11798.290823491563
13,IFAD,120,11799.739430045365
13,IFAD,121,11796.237925160109
13,IFAD,122,11798.442029704873
13,IFAD,123,11796.97992988433
13,IFAD,124,11796.127824032708
13,IFAD,125,11794.288925381177
13,IFAD,126,11798.679093247672
13,IFAD,127,11801.665217133024
13,IFAD,128,11795.97528528704
13,IFAD,129,11801.433233868838
13,IFAD,130,11800.45221961884
13,IFAD,131,11800.287226734146
13,IFAD,132,11794.425964450897
13,IFAD,133,11801.048985258714
13,IFAD,134,11800.213601165076
13,IFAD,135,11799.690233490715
13,IFAD,136,11804.51531495135
13,IFAD,137,11792.64457229986
13,IFAD,138,11800.965128308995
13,IFAD,139,11798.740768292006
13,IFAD,140,11796.31363250212
13,IFAD,141,11798.101637562386
13,IFAD,142,11801.689493435684
13,IFAD,143,11805.16507716257
13,IFAD,144,11798.48871319192
13,IFAD,145,11802.557364848679
13,IFAD,146,11798.35189465069
13,IFAD,147,11800.456131106486
13,IFAD,148,11806.822209379943
13,IFAD,149,11796.18795511806
13,IFAD,150,11800.503420626743
13,IFAD,151,11809.239054742242
13,IFAD,152,11795.762618380524
13,IFAD,153,11799.27862850167
13,IFAD,154,11799.72452071739
13,IFAD,155,11797.792462348489
13,IFAD,156,11800.478863488863
13,IFAD,157,11796.775122066654
13,IFAD,158,11797.171552055275
13,IFAD,159,11803.186636820825
13,IFAD,160,11801.88931404123
13,IFAD,161,11799.038207607924
13,IFAD,162,11803.758802974286
13,IFAD,163,11799.187415413733
13,IFAD,164,11800.80475268252
13,IFAD,165,11805.249462752083
13,IFAD,166,11796.841885225616
13,IFAD,167,11801.827941775173
13,IFAD,168,11801.197903844573
13,IFAD,169,11798.977644569919
13,IFAD,170,11803.155813193784
13,IFAD,171,11799.845735652187
13,IFAD,172,11808.669485433096
13,IFAD,173,11803.596412545423
13,IFAD,174,11806.424606215778
13,IFAD,175,11804.148403072511
13,IFAD,176,11803.60839549385
13,IFAD,177,11804.450568708977
13,IFAD,178,11800.501205008344
13,IFAD,179,11808.774672370293
13,IFAD,180,11804.573982904029
13,IFAD,181,11800.082385205867
13,IFAD,182,11798.970067946111
13,IFAD,183,11802.762276109439
13,IFAD,184,11800.940372614976
13,IFAD,185,11801.568016651498
13,IFAD,186,11805.200515359102
13,IFAD,187,11801.737741000057
13,IFAD,188,11806.544440707085
13,IFAD,189,11804.620814617252
13,IFAD,190,11803.601014679176
13,IFAD,191,11804.114441889948
13,IFAD,192,11808.432780408562
13,IFAD,193,11800.132569064355
13,IFAD,194,11805.516347706154
13,IFAD,195,11805.604029122715
13,IFAD,196,11803.829521072445
13,IFAD,197,11806.716981750604
13,IFAD,198,11802.478065385301
13,IFAD,199,11802.118123623952
13,IFAD,200,11800.1654477863
13,IFAD,201,11802.713637523437
13,IFAD,202,11796.907571039908
13,IFAD,203,11798.942237245588
13,IFAD,204,11799.885902110216
13,IFAD,205,11805.604821099487
13,IFAD,206,11803.112638657918
13,IFAD,207,11800.93726218477
13,IFAD,208,11804.928650814485
13,IFAD,209,11800.75377251318
13,IFAD,210,11802.521665676011
13,IFAD,211,11803.266748320939
13,IFAD,212,11804.01551421529
13,IFAD,213,11801.110729668935
13,IFAD,214,11806.22445701938
13,IFAD,215,11805.266045711487
13,IFAD,216,11801.537207688145
13,IFAD,217,11802.217736116132
13,IFAD,218,11805.426009954299
13,IFAD,219,11803.607178027833
13,IFAD,220,11798.31353740937
13,IFAD,221,11804.328954687977
13,IFAD,222,11796.62274234974
13,IFAD,223,11802.532731976293
13,IFAD,224,11800.526328190192
13,IFAD,225,11803.785515178322
13,IFAD,226,11799.877237975825
13,IFAD,227,11803.465595633563
13,IFAD,228,11803.787246004887
13,IFAD,229,11802.978669533179
13,IFAD,230,11802.478889531018
13,IFAD,231,11803.374372287397
13,IFAD,232,11800.165376659319
13,IFAD,233,11801.351376924173
13,IFAD,234,11804.65111069838
13,IFAD,235,11800.576028093583
13,IFAD,236,11802.86864995333
13,IFAD,237,11802.111211998848
13,IFAD,238,11807.158963107311
13,IFAD,239,11806.568394052183
13,IFAD,240,11804.722414598018
13,IFAD,241,11805.267438226761
13,IFAD,242,11802.499549317852
13,IFAD,243,11804.450530204243
13,IFAD,244,11805.925248805746
13,IFAD,245,11801.608122077801
13,IFAD,246,11803.61569361341
13,IFAD,247,11809.66586457943
13,IFAD,248,11804.719145428966
13,IFAD,249,11802.352425513289
13,IFAD,250,11804.213517328326
13,IFAD,251,11805.398396762166
13,IFAD,252,11807.383576549304
13,IFAD,253,11803.947152575694
13,IFAD,254,11808.13404208466
13,IFAD,255,11797.000273668158
13,IFAD,256,11802.250414948896
13,IFAD,257,11806.156124366547
13,IFAD,258,11806.338463286116
13,IFAD,259,11807.253791102541
13,IFAD,260,11804.647530122775
13,IFAD,261,11807.451052928456
13,IFAD,262,11804.05325956378
13,IFAD,263,11805.804441411892
13,IFAD,264,11803.04325171648
13,IFAD,265,11804.700913816403
13,IFAD,266,11803.508011992879
13,IFAD,267,11804.26476725951
13,IFAD,268,11801.218601399565
13,IFAD,269,11806.365100067791
13,IFAD,270,11799.951431775511
13,IFAD,271,11797.5088979318
13,IFAD,272,11802.310396208011
13,IFAD,273,11808.421697433641
13,IFAD,274,11797.710406089767
13,IFAD,275,11802.318636893846
13,IFAD,276,11801.66040196138
13,IFAD,277,11808.127002308194
13,IFAD,278,11802.767745316585
13,IFAD,279,11802.699211163408
13,IFAD,280,11804.933590808849
13,IFAD,281,11802.494114883055
13,IFAD,282,11810.662143343661
13,IFAD,283,11803.336895737966
13,IFAD,284,11798.86165723711
13,IFAD,285,11805.094173078312
13,IFAD,286,11800.933470168882
13,IFAD,287,11804.581989447635
13,IFAD,288,11802.785750830475
13,IFAD,289,11803.652543911032
13,IFAD,290,11803.80312697113
13,IFAD,291,11803.210601764804
13,IFAD,292,11801.563757507232
13,IFAD,293,11801.712380240107
13,IFAD,294,11808.829702867544
13,IFAD,295,11805.596988682502
13,IFAD,296,11807.469362064037
13,IFAD,297,11807.062357425686
13,IFAD,298,11800.533640334872
13,IFAD,299,11804.914062475764
13,IFAD,300,11804.745282128393
13,IFAD,301,11801.831437406096
13,IFAD,302,11805.203914739515
13,IFAD,303,11802.402544336224
13,IFAD,304,11806.8993005023
13,IFAD,305,11803.358378298633
13,IFAD,306,11800.964194473872
13,IFAD,307,11806.512565364008
13,IFAD,308,11800.839173965616
13,IFAD,309,11800.375482076712
13,IFAD,310,11803.294521514094
13,IFAD,311,11801.342302693834
13,IFAD,312,11806.918852539227
13,IFAD,313,11802.47266043631
13,IFAD,314,11800.1089037307
13,IFAD,315,11805.175983081628
13,IFAD,316,11804.819162347761
13,IFAD,317,11802.653075819011
13,IFAD,318,11807.053145073432
13,IFAD,319,11800.113560126056
13,IFAD,320,11803.431133666825
13,IFAD,321,11800.521432126145
13,IFAD,322,11798.747447947493
13,IFAD,323,11805.818314428972
13,IFAD,324,11802.775356942386
13,IFAD,325,11800.850960767692
13,IFAD,326,11803.00558288056
13,IFAD,327,11802.270518682717
13,IFAD,328,11803.17764729168
13,IFAD,329,11804.59761768994
13,IFAD,330,11803.876770727253
13,IFAD,331,11802.837233997932
13,IFAD,332,11802.22757941013
13,IFAD,333,11800.965713040028
13,IFAD,334,11805.843662447822
13,IFAD,335,11800.955852382218
13,IFAD,336,11800.319017757423
13,IFAD,337,11806.220411589413
13,IFAD,338,11801.462417271427
13,IFAD,339,11805.194431161619
13,IFAD,340,11799.937285115268
13,IFAD,341,11798.573780734505
13,IFAD,342,11800.958487056365
13,IFAD,343,11801.711525540408
13,IFAD,344,11807.591134566446
13,IFAD,345,11801.714282993556
13,IFAD,346,11804.186063242729
13,IFAD,347,11798.436502344297
13,IFAD,348,11802.652635962793
13,IFAD,349,11799.028976456613
13,IFAD,350,11803.738050674714
13,IFAD,351,11803.39951818049
13,IFAD,352,11804.793903800708
13,IFAD,353,11798.964637350304
13,IFAD,354,11800.894177727769
13,IFAD,355,11803.20079809918
13,IFAD,356,11800.676363162644
13,IFAD,357,11803.43094278586
13,IFAD,358,11806.582072754378
13,IFAD,359,11805.632775088154
13,IFAD,360,11805.379045365398
13,IFAD,361,11800.980350785236
13,IFAD,362,11798.894497789404
13,IFAD,363,11802.893342202839
13,IFAD,364,11803.799400172966
13,IFAD,365,11803.475141959965
13,IFAD,366,11805.670908779168
13,IFAD,367,11801.024729163519
13,IFAD,368,11798.221059363925
13,IFAD,369,11807.025883630744
13,IFAD,370,11804.492001241037
13,IFAD,371,11801.523955258945
13,IFAD,372,11800.72325209745
13,IFAD,373,11801.578979460299
13,IFAD,374,11796.028980855383
13,IFAD,375,11800.263427292119
13,IFAD,376,11801.766365521407
13,IFAD,377,11803.453722293785
13,IFAD,378,11808.901282076878
13,IFAD,379,11802.69953109237
13,IFAD,380,11803.524298905757
13,IFAD,381,11798.40870385601
13,IFAD,382,11806.269814419067
13,IFAD,383,11801.155844374758
13,IFAD,384,11807.092585433296
13,IFAD,385,11802.138948789887
13,IFAD,386,11800.889404286443
13,IFAD,387,11802.290292574602
13,IFAD,388,11803.779454257548
13,IFAD,389,11804.042276464046
13,IFAD,390,11802.590382584965
13,IFAD,391,11802.281075714023
13,IFAD,392,11800.302615629973
13,IFAD,393,11800.905196265945
13,IFAD,394,11798.320298647533
13,IFAD,395,11803.738634138437
13,IFAD,396,11803.80268953691
13,IFAD,397,11797.678784636159
13,IFAD,398,11804.119555267938
13,IFAD,399,11799.369571274063
13,DS19,0,11675.739235969224
13,DS19,1,11689.92172592424
13,DS19,2,11705.37803570557
13,DS19,3,11709.080390403491
13,DS19,4,11741.765423433466
13,DS19,5,11744.581553651115
13,DS19,6,11761.287156496295
13,DS19,7,11774.728828367264
13,DS19,8,11776.574540544236
13,DS19,9,11783.006362009799
13,DS19,10,11793.5900136365
13,DS19,11,11802.75600061622
13,DS19,12,11809.043148252153
13,DS19,13,11816.916981107093
13,DS19,14,11819.764829814078
13,DS19,15,11817.320131237037
13,DS19,16,11821.032269013627
13,DS19,17,11828.805947323934
13,DS19,18,11827.614188234491
13,DS19,19,11829.306065577852
13,DS19,20,11828.084384144877
13,DS19,21,11825.96470522082
13,DS19,22,11832.992416596613
13,DS19,23,11838.808934829478
13,DS19,24,11813.990003696359
13,DS19,25,11813.95555691536
13,DS19,26,11822.341168690586
13,DS19,27,11815.81690284731
13,DS19,28,11830.790674241598
13,DS19,29,11831.6204069181
13,DS19,30,11827.460724646728
13,DS19,31,11838.642105977384
13,DS19,32,11834.129509072882
13,DS19,33,11835.434667264652
13,DS19,34,11830.25743650138
13,DS19,35,11831.63883068239
13,DS19,36,11830.781995036392
13,DS19,37,11826.880782444317
13,DS19,38,11821.809304449827
13,DS19,39,11839.984867169173
13,DS19,40,11829.553858123021
13,DS19,41,11823.184519368426
13,DS19,42,11840.771041863103
13,DS19,43,11828.837243932197
13,DS19,44,11834.544331135956
13,DS19,45,11826.40304967005
13,DS19,46,11833.446250150295
13,DS19,47,11837.372460439718
13,DS19,48,11827.218864153014
13,DS19,49,11835.160151861088
13,DS19,50,11834.898181121185
13,DS19,51,11826.831847855923
13,DS19,52,11830.745188251187
13,DS19,53,11830.908140533818
13,DS19,54,11829.176687271925
13,DS19,55,11820.760500309414
13,DS19,56,11822.513714087532
13,DS19,57,11826.400584166011
13,DS19,58,11838.344257889145
13,DS19,59,11833.809335294682
13,DS19,60,11823.726023159103
13,DS19,61,11841.798937947951
13,DS19,62,11825.689337673426
13,DS19,63,11844.50697976187
13,DS19,64,11834.576087259893
13,DS19,65,11837.508296636375
13,DS19,66,11843.223634681528
13,DS19,67,11837.323773130864
13,DS19,68,11833.833417864149
13,DS19,69,11838.009357062225
13,DS19,70,11832.60719132284
13,DS19,71,11830.368180567457
13,DS19,72,11844.51833342281
13,DS19,73,11831.333477728323
13,DS19,74,11829.97660343734
13,DS19,75,11839.432221374649
13,DS19,76,11830.674631000693
13,DS19,77,11834.947018886944
13,DS19,78,11832.684766129585
13,DS19,79,11814.895554955048
13,DS19,80,11836.7642155632
13,DS19,81,11825.213494229452
13,DS19,82,11835.50124104889
13,DS19,83,11829.745091979064
13,DS19,84,11833.987163215064
13,DS19,85,11833.358019168349
13,DS19,86,11836.736240641892
13,DS19,87,11834.228640032248
13,DS19,88,11835.4232912734
13,DS19,89,11835.226071533983
13,DS19,90,11834.975796540428
13,DS19,91,11839.625441816592
13,DS19,92,11833.758011392549
13,DS19,93,11827.058061562122
13,DS19,94,11834.494823181172
13,DS19,95,11842.74114210446
13,DS19,96,11830.083908536832
13,DS19,97,11838.3938790617
13,DS19,98,11839.156503483651
13,DS19,99,11838.140977470033
13,DS19,100,11838.403781887866
13,DS19,101,11833.265037345827
13,DS19,102,11835.302577557926
13,DS19,103,11837.643765343779
13,DS19,104,11824.990918398591
13,DS19,105,11835.860748194209
13,DS19,106,11838.563075799939
13,DS19,107,11833.844365005716
13,DS19,108,11834.723537939142
13,DS19,109,11833.822376576465
13,DS19,110,11825.448891998214
13,DS19,111,11822.158284287338
13,DS19,112,11832.972832598649
13,DS19,113,11832.582027553064
13,DS19,114,11830.120706043464
13,DS19,115,11828.313052587355
13,DS19,116,11828.435452368478
13,DS19,117,11823.833640635788
13,DS19,118,11825.80233689607
13,DS19,119,11826.78014483831
13,DS19,120,11818.00049490837
13,DS19,121,11824.993782937621
13,DS19,122,11827.138364207045
13,DS19,123,11817.237913268273
13,DS19,124,11829.194955560706
13,DS19,125,11822.333188540633
13,DS19,126,11815.477278505194
13,DS19,127,11816.869313719104
13,DS19,128,11826.470540234182
13,DS19,129,11829.084572028183
13,DS19,130,11815.423331273676
13,DS19,131,11820.577021755802
13,DS19,132,11839.020075149692
13,DS19,133,11817.810232910728
13,DS19,134,11812.200008320004
13,DS19,135,11835.560573253235
13,DS19,136,11827.017413251058
13,DS19,137,11824.458118100234
13,DS19,138,11826.875533750732
13,DS19,139,11829.421658063744
13,DS19,140,11829.604221124646
13,DS19,141,11832.40938937975
13,DS19,142,11829.837071311053
13,DS19,143,11833.267369632418
13,DS19,144,11834.240472412377
13,DS19,145,11823.625422349169
13,DS19,146,11820.135106153048
13,DS19,147,11819.346357921986
13,DS19,148,11826.09625343551
13,DS19,149,11836.419126910429
13,DS19,150,11835.061252656002
13,DS19,151,11842.26162091604
13,DS19,152,11827.095159393415
13,DS19,153,11837.014658228934
13,DS19,154,11836.847558733742
13,DS19,155,11829.495098333491
13,DS19,156,11827.999515851501
13,DS19,157,11839.546533798875
13,DS19,158,11830.122769428166
13,DS19,159,11844.762415734584
13,DS19,160,11836.157595535034
13,DS19,161,11832.629701172198
13,DS19,162,11837.205426262826
13,DS19,163,11829.59485656229
13,DS19,164,11837.006609114791
13,DS19,165,11835.72687811762
13,DS19,166,11828.448715485669
13,DS19,167,11835.595292058193
13,DS19,168,11830.41279776763
13,DS19,169,11829.494407186952
13,DS19,170,11831.495177235309
13,DS19,171,11828.825379187141
13,DS19,172,11829.717311511147
13,DS19,173,11831.834287941514
13,DS19,174,11823.52587909197
13,DS19,175,11827.075951996743
13,DS19,176,11827.989763066915
13,DS19,177,11823.016026785956
13,DS19,178,11819.766526676032
13,DS19,179,11823.378590106906
13,DS19,180,11834.571036548128
13,DS19,181,11837.026079048554
13,DS19,182,11824.721343715868
13,DS19,183,11820.739064670879
13,DS19,184,11837.946150090327
13,DS19,185,11829.371812778716
13,DS19,186,11830.899506685464
13,DS19,187,11822.187101739735
13,DS19,188,11826.515323868804
13,DS19,189,11825.35395339187
13,DS19,190,11834.310479099557
13,DS19,191,11826.588598894565
13,DS19,192,11831.11319435514
13,DS19,193,11820.302549931472
13,DS19,194,11824.697181933181
13,DS19,195,11822.137690402584
13,DS19,196,11825.681460794693
13,DS19,197,11828.238967760819
13,DS19,198,11831.000692170432
13,DS19,199,11825.729098311564
13,DS19,200,11827.513088237885
13,DS19,201,11824.332043601824
13,DS19,202,11832.173124781839
13,DS19,203,11816.651691240042
13,DS19,204,11823.544252365224
13,DS19,205,11832.065425674642
13,DS19,206,11826.724647401512
13,DS19,207,11829.32020496787
13,DS19,208,11827.88791931257
13,DS19,209,11822.674932502381
13,DS19,210,11823.024798672983
13,DS19,211,11836.283499819183
13,DS19,212,11832.897614103476
13,DS19,213,11834.929918768092
13,DS19,214,11828.139629087991
13,DS19,215,11835.904477626289
13,DS19,216,11826.321303597868
13,DS19,217,11841.108164656598
13,DS19,218,11826.493299076572
13,DS19,219,11829.639506124391
13,DS19,220,11832.204375378758
13,DS19,221,11832.405451309209
13,DS19,222,11833.196970990966
13,DS19,223,11829.194397678171
13,DS19,224,11828.956304727653
13,DS19,225,11829.357560189439
13,DS19,226,11830.56288479129
13,DS19,227,11832.780997126772
13,DS19,228,11842.722850881126
13,DS19,229,11829.519785880097
13,DS19,230,11834.240311626003
13,DS19,231,11833.84674065281
13,DS19,232,11826.17914555437
13,DS19,233,11838.959340666335
13,DS19,234,11835.716527820025
13,DS19,235,11838.441703417357
13,DS19,236,11844.2116824808
13,DS19,237,11826.234752619352
13,DS19,238,11833.684406854465
13,DS19,239,11836.172680608592
13,DS19,240,11835.548088782049
13,DS19,241,11841.164011011106
13,DS19,242,11829.312771045741
13,DS19,243,11839.984595690994
13,DS19,244,11839.951958434312
13,DS19,245,11838.455742088894
13,DS19,246,11838.863809716851
13,DS19,247,11833.068540258631
13,DS19,248,11832.885190327146
13,DS19,249,11830.62118965087
13,DS19,250,11833.158759260576
13,DS19,251,11842.542434043464
13,DS19,252,11842.794062198058
13,DS19,253,11839.72881482572
13,DS19,254,11838.339038755297
13,DS19,255,11830.791157413654
13,DS19,256,11842.009436287588
13,DS19,257,11844.18256998831
13,DS19,258,11835.927235298024
13,DS19,259,11847.85948667904
13,DS19,260,11827.700011422781
13,DS19,261,11833.763063741852
13,DS19,262,11837.362646248823
13,DS19,263,11834.919726442242
13,DS19,264,11843.208515000131
13,DS19,265,11826.123867350267
13,DS19,266,11838.18057683401
13,DS19,267,11841.368848057158
13,DS19,268,11840.122707295453
13,DS19,269,11836.440013427251
13,DS19,270,11830.153246769369
13,DS19,271,11832.285559685064
13,DS19,272,11836.292316461315
13,DS19,273,11839.035925437758
13,DS19,274,11839.007398391064
13,DS19,275,11847.01711938464
13,DS19,276,11839.349353513091
13,DS19,277,11840.044805614003
13,DS19,278,11836.189490067907
13,DS19,279,11833.90535480584
13,DS19,280,11847.87722626518
13,DS19,281,11841.306642620324
13,DS19,282,11838.044952957567
13,DS19,283,11838.566629234127
13,DS19,284,11837.367958128387
13,DS19,285,11840.173077697153
13,DS19,286,11832.455677416663
13,DS19,287,11841.495629523437
13,DS19,288,11830.13648757428
13,DS19,289,11842.18612449236
13,DS19,290,11839.144412407275
13,DS19,291,11843.212246628114
13,DS19,292,11836.112494497847
13,DS19,293,11841.540593668029
13,DS19,294,11825.639253707359
13,DS19,295,11835.907411902948
13,DS19,296,11838.136017824003
13,DS19,297,11847.33294080434
13,DS19,298,11831.408996273476
13,DS19,299,11834.900005082709
13,CTDD21,0,11607.234108717535
13,CTDD21,1,11629.092817472037
13,CTDD21,2,11626.949458354375
13,CTDD21,3,11661.916090731382
13,CTDD21,4,11669.114160157493
13,CTDD21,5,11657.250449564071
13,CTDD21,6,11705.236235958928
13,CTDD21,7,11713.041565645759
13,CTDD21,8,11702.857110664678
13,CTDD21,9,11723.400377944316
13,CTDD21,10,11739.63156607732
13,CTDD21,11,11750.27336353461
13,CTDD21,12,11759.310473086902
13,CTDD21,13,11749.329768448239
13,CTDD21,14,11753.826140764584
13,CTDD21,15,11784.06067976206
13,CTDD21,16,11766.832804167077
13,CTDD21,17,11767.282200543948
13,CTDD21,18,11736.542135791338
13,CTDD21,19,11785.055101488784
13,CTDD21,20,11785.673911694379
13,CTDD21,21,11778.44714512457
13,CTDD21,22,11783.337600767503
13,CTDD21,23,11797.14412652384
13,CTDD21,24,11799.0069902838
13,CTDD21,25,11760.332525986043
13,CTDD21,26,11789.861679398644
13,CTDD21,27,11790.379772510216
13,CTDD21,28,11798.797190612591
13,CTDD21,29,11784.48484025917
13,CTDD21,30,11766.210053589335
13,CTDD21,31,11788.280442275645
13,CTDD21,32,11822.382513137978
13,CTDD21,33,11816.463903782453
13,CTDD21,34,11783.301151176436
13,CTDD21,35,11808.046526061938
13,CTDD21,36,11773.953392210084
13,CTDD21,37,11812.409974183007
13,CTDD21,38,11806.936670010842
13,CTDD21,39,11808.89962262266
13,CTDD21,40,11790.565176088729
13,CTDD21,41,11793.124333228603
13,CTDD21,42,11805.43821123082
13,CTDD21,43,11770.542719724388
13,CTDD21,44,11804.835753220981
13,CTDD21,45,11782.752504472366
13,CTDD21,46,11792.589551818051
13,CTDD21,47,11795.395181139218
13,CTDD21,48,11800.990598089948
13,CTDD21,49,11821.723194959914
13,CTDD21,50,11810.275703167486
13,CTDD21,51,11768.409720593165
13,CTDD21,52,11813.113487685667
13,CTDD21,53,11811.310842245111
13,CTDD21,54,11796.026376899303
13,CTDD21,55,11782.010593883635
13,CTDD21,56,11789.46859922286
13,CTDD21,57,11803.81269321272
13,CTDD21,58,11789.947319877485
13,CTDD21,59,11799.205251160653
13,CTDD21,60,11791.628086213983
13,CTDD21,61,11800.803783439645
13,CTDD21,62,11775.433756382032
13,CTDD21,63,11803.836782153943
13,CTDD21,64,11802.642382723756
13,CTDD21,65,11794.986868483142
13,CTDD21,66,11795.89398489028
13,CTDD21,67,11783.38521822591
13,CTDD21,68,11764.943438839675
13,CTDD21,69,11807.197609758108
13,CTDD21,70,11794.638713204871
13,CTDD21,71,11807.62944520253
13,CTDD21,72,11796.92190461172
13,CTDD21,73,11804.897263303625
13,CTDD21,74,11808.672606111568
13,CTDD21,75,11796.87522978038
13,CTDD21,76,11798.166858051638
13,CTDD21,77,11793.656369766275
13,CTDD21,78,11790.961369568719
13,CTDD21,79,11793.853524300706
13,CTDD21,80,11790.672282937981
13,CTDD21,81,11794.443110509184
13,CTDD21,82,11791.66358824117
13,CTDD21,83,11787.216395553358
13,CTDD21,84,11805.128441098943
13,CTDD21,85,11799.52178854663
13,CTDD21,86,11800.69562030943
13,CTDD21,87,11800.584310369768
13,CTDD21,88,11771.243493595139
13,CTDD21,89,11807.402927866617
13,CTDD21,90,11795.694768662946
13,CTDD21,91,11792.79597056181
13,CTDD21,92,11784.408586208774
13,CTDD21,93,11791.657649525485
13,CTDD21,94,11785.512455117343
13,CTDD21,95,11805.92448238409
13,CTDD21,96,11802.877338949438
13,CTDD21,97,11787.873713653029
13,CTDD21,98,11804.33449589012
13,CTDD21,99,11790.082611667032
13,CTDD21,100,11792.352555582835
13,CTDD21,101,11806.210004221259
13,CTDD21,102,11805.48734596344
13,CTDD21,103,11793.45604973162
13,CTDD21,104,11788.572966390822
13,CTDD21,105,11808.003336807087
13,CTDD21,106,11800.28324058124
13,CTDD21,107,11763.60108254232
13,CTDD21,108,11793.552442248321
13,CTDD21,109,11781.591402816937
13,CTDD21,110,11777.983899809915
13,CTDD21,111,11792.804105225718
13,CTDD21,112,11799.379300514702
13,CTDD21,113,11791.817199078017
13,CTDD21,114,11790.001661517945
13,CTDD21,115,11796.451223590548
13,CTDD21,116,11785.284697253433
13,CTDD21,117,11791.469333211215
13,CTDD21,118,11784.45127453388
13,CTDD21,119,11790.733195382047
13,CTDD21,120,11775.239169860644
13,CTDD21,121,11798.226035612955
13,CTDD21,122,11784.21754951158
13,CTDD21,123,11788.27562925624
13,CTDD21,124,11784.130911623448
13,CTDD21,125,11769.638676522103
13,CTDD21,126,11778.670072771243
13,CTDD21,127,11776.994673715863
13,CTDD21,128,11790.172194254326
13,CTDD21,129,11791.026192593816
13,CTDD21,130,11781.525792057302
13,CTDD21,131,11788.527765887986
13,CTDD21,132,11770.535162676333
13,CTDD21,133,11780.988816268306
13,CTDD21,134,11778.47526805464
13,CTDD21,135,11764.790212186148
13,CTDD21,136,11779.123274685264
13,CTDD21,137,11779.55243063483
13,CTDD21,138,11782.099036338735
13,CTDD21,139,11778.860155734483
13,CTDD21,140,11799.883415798842
13,CTDD21,141,11770.274325276809
13,CTDD21,142,11790.371705689557
13,CTDD21,143,11788.543168250355
13,CTDD21,144,11787.427460710926
13,CTDD21,145,11773.604369816823
13,CTDD21,146,11786.06052647243
13,CTDD21,147,11793.768700721168
13,CTDD21,148,11794.965876845912
13,CTDD21,149,11774.82807980373
13,CTDD21,150,11771.774871611544
13,CTDD21,151,11785.255250655588
13,CTDD21,152,11798.080702912914
13,CTDD21,153,11794.362423797938
13,CTDD21,154,11798.051107788882
13,CTDD21,155,11788.164241306155
13,CTDD21,156,11781.871992685448
13,CTDD21,157,11795.256157859414
13,CTDD21,158,11785.967294942839
13,CTDD21,159,11770.63134325351
13,CTDD21,160,11799.999430292482
13,CTDD21,161,11797.597324211092
13,CTDD21,162,11785.756511097476
13,CTDD21,163,11790.302099708833
13,CTDD21,164,11785.64370849184
13,CTDD21,165,11792.857666645465
13,CTDD21,166,11785.13553113357
13,CTDD21,167,11767.66520732782
13,CTDD21,168,11782.05161198307
13,CTDD21,169,11790.970431742102
13,CTDD21,170,11773.464902261989
13,CTDD21,171,11782.131263472047
13,CTDD21,172,11773.815067076932
13,CTDD21,173,11781.91069357021
13,CTDD21,174,11788.663875654105
13,CTDD21,175,11778.782789224133
13,CTDD21,176,11779.63830758548
13,CTDD21,177,11794.795178487733
13,CTDD21,178,11786.209683395646
13,CTDD21,179,11785.665502084868
13,CTDD21,180,11775.868301388338
13,CTDD21,181,11791.468471097145
13,CTDD21,182,11761.761305597112
13,CTDD21,183,11773.855312032994
13,CTDD21,184,11789.674083893316
13,CTDD21,185,11791.241241502536
13,CTDD21,186,11798.126254026985
13,CTDD21,187,11790.247138333109
13,CTDD21,188,11802.539130112269
13,CTDD21,189,11788.081645298778
13,CTDD21,190,11791.934125148637
13,CTDD21,191,11782.40038152208
13,CTDD21,192,11791.789035214964
13,CTDD21,193,11776.595031180903
13,CTDD21,194,11788.67239388762
13,CTDD21,195,11787.513155584176
13,CTDD21,196,11772.674317512523
13,CTDD21,197,11790.52925562878
13,CTDD21,198,11776.736763222307
13,CTDD21,199,11767.818333087227
13,CTDD21,200,11776.775051821858
13,CTDD21,201,11774.619153041041
13,CTDD21,202,11796.293048675338
13,CTDD21,203,11779.238903218104
13,CTDD21,204,11788.195743769727
13,CTDD21,205,11781.15552909954
13,CTDD21,206,11769.06580090657
13,CTDD21,207,11782.567822344123
13,CTDD21,208,11767.12382213038
13,CTDD21,209,11765.960207863847
13,CTDD21,210,11782.363349423853
13,CTDD21,211,11789.186506540002
13,CTDD21,212,11790.805504534055
13,CTDD21,213,11782.973770921544
13,CTDD21,214,11774.112128323135
13,CTDD21,215,11774.354046911621
13,CTDD21,216,11785.307615590735
13,CTDD21,217,11789.93572994582
13,CTDD21,218,11778.273216156042
13,CTDD21,219,11758.50688797828
13,CTDD21,220,11776.440777634065
13,CTDD21,221,11782.009916079653
13,CTDD21,222,11755.926199557862
13,CTDD21,223,11770.451067464071
13,CTDD21,224,11790.369050806905
13,CTDD21,225,11793.108838854723
13,CTDD21,226,11781.924849791627
13,CTDD21,227,11771.699399018733
13,CTDD21,228,11779.69691769721
13,CTDD21,229,11765.713342936844
13,CTDD21,230,11771.295285919241
13,CTDD21,231,11768.847880756099
13,CTDD21,232,11764.044380113042
13,CTDD21,233,11779.917983539623
13,CTDD21,234,11784.326766592716
13,CTDD21,235,11777.8905498946
13,CTDD21,236,11776.832908256552
13,CTDD21,237,11785.931031494221
13,CTDD21,238,11776.344827303144
13,CTDD21,239,11764.678698573465
13,CTDD21,240,11781.794001096816
13,CTDD21,241,11786.006139307186
13,CTDD21,242,11768.22345791826
13,CTDD21,243,11787.91646099017
13,CTDD21,244,11760.51535515131
13,CTDD21,245,11772.045508596188
13,CTDD21,246,11780.167577219565
13,CTDD21,247,11750.325504513869
13,CTDD21,248,11772.533768039368
13,CTDD21,249,11781.944799003866
13,CTDD21,250,11778.976031605878
13,CTDD21,251,11779.896679948837
13,CTDD21,252,11751.36767068845
13,CTDD21,253,11782.207622905014
13,CTDD21,254,11792.980019358805
13,CTDD21,255,11766.353968137231
13,CTDD21,256,11771.363543100908
13,CTDD21,257,11778.667918041654
13,CTDD21,258,11765.250320279414
13,CTDD21,259,11782.60677437914
13,CTDD21,260,11767.741164014296
13,CTDD21,261,11779.392307322694
13,CTDD21,262,11778.864666101783
13,CTDD21,263,11770.824347876818
13,CTDD21,264,11787.755886149534
13,CTDD21,265,11774.528463116894
13,CTDD21,266,11783.850262325712
13,CTDD21,267,11778.701777555129
13,CTDD21,268,11777.61194755905
13,CTDD21,269,11762.200667918722
13,CTDD21,270,11777.125617233798
13,CTDD21,271,11760.383869951573
13,CTDD21,272,11766.915734869437
13,CTDD21,273,11797.907977696334
13,CTDD21,274,11773.818859602718
13,CTDD21,275,11776.593806259203
13,CTDD21,276,11775.47545358106
13,CTDD21,277,11763.42555314298
13,CTDD21,278,11781.4710513978
13,CTDD21,279,11783.987782758526
13,CTDD21,280,11783.880761163333
13,CTDD21,281,11795.129415878944
13,CTDD21,282,11778.344116358712
13,CTDD21,283,11776.77365275298
13,CTDD21,284,11786.575066397367
13,CTDD21,285,11766.95031258854
13,CTDD21,286,11771.79690740056
13,CTDD21,287,11778.187808516981
13,CTDD21,288,11772.799033273739
13,CTDD21,289,11774.580818881896
13,CTDD21,290,11769.628937589803
13,CTDD21,291,11776.155041410217
13,CTDD21,292,11771.084098302908
13,CTDD21,293,11773.66506004626
13,CTDD21,294,11773.007993436397
13,CTDD21,295,11777.422959534517
13,CTDD21,296,11785.335422139622
13,CTDD21,297,11771.329613850572
13,CTDD21,298,11769.80508508083
13,CTDD21,299,11757.802791505383
14,IF2,0,11836.533331440447
14,IF2,1,11833.176439175993
14,IF2,2,11845.762669224956
14,IF2,3,11827.61836209058
14,IF2,4,11834.486222747682
14,IF2,5,11822.545561958215
14,IF2,6,11820.900653721515
14,IF2,7,11830.814089961807
14,IF2,8,11847.305336268184
14,IF2,9,11831.141617088024
14,IF2,10,11817.695343456311
14,IF2,11,11839.712525977195
14,IF2,12,11842.701443377811
14,IF2,13,11833.08660332555
14,IF2,14,11837.643055016366
14,IF2,15,11856.832722540883
14,IF2,16,11834.088513233339
14,IF2,17,11848.39128396792
14,IF2,18,11830.256739399752
14,IF2,19,11839.610489373077
14,IF2,20,11844.149825001314
14,IF2,21,11833.386338431379
14,IF2,22,11807.42885658969
14,IF2,23,11841.758801974594
14,IF2,24,11827.891585483747
14,IF2,25,11839.029511914252
14,IF2,26,11844.965518801942
14,IF2,27,11832.152307628478
14,IF2,28,11820.378085447972
14,IF2,29,11849.617023489096
14,IF2,30,11846.332476466454
14,IF2,31,11809.577524135433
14,IF2,32,11839.72425016428
14,IF2,33,11794.091093873443
14,IF2,34,11829.208772180204
14,IF2,35,11826.180553173837
14,IF2,36,11812.883079226893
14,IF2,37,11838.253964569069
14,IF2,38,11803.371892457024
14,IF2,39,11811.193929887806
14,IF2,40,11794.080228719335
14,IF2,41,11817.848764381333
14,IF2,42,11825.802656870677
14,IF2,43,11815.397888023896
14,IF2,44,11842.575234105234
14,IF2,45,11833.174935673638
14,IF2,46,11841.068529042255
14,IF2,47,11837.198110835267
14,IF2,48,11840.207537886969
14,IF2,49,11839.025989641088
14,IF2,50,11832.006716965016
14,IF2,51,11817.921408472223
14,IF2,52,11826.050161981346
14,IF2,53,11818.29973319348
14,IF2,54,11830.190927853826
14,IF2,55,11824.931359317607
14,IF2,56,11846.966553525084
14,IF2,57,11830.384625158009
14,IF2,58,11818.108411923458
14,IF2,59,11822.518688785165
14,IF2,60,11826.770436958372
14,IF2,61,11829.300215610785
14,IF2,62,11818.805013491614
14,IF2,63,11810.017197937843
14,IF2,64,11831.501117178583
14,IF2,65,11810.902172126445
14,IF2,66,11804.109603338547
14,IF2,67,11837.442633341876
14,IF2,68,11833.65448544241
14,IF2,69,11828.500003848027
14,IF2,70,11845.843254410636
14,IF2,71,11813.053129741462
14,IF2,72,11835.152294012349
14,IF2,73,11813.012494966652
14,IF2,74,11796.664563049944
14,IF2,75,11828.91372635058
14,IF2,76,11820.26324653792
14,IF2,77,11821.983158418894
14,IF2,78,11811.252015763199
14,IF2,79,11810.409991743338
14,IF2,80,11815.094205191988
14,IF2,81,11821.808700938627
14,IF2,82,11822.754287429625
14,IF2,83,11831.41670451098
14,IF2,84,11827.72274230941
14,IF2,85,11828.821978604723
14,IF2,86,11832.953888010128
14,IF2,87,11840.285805983103
14,IF2,88,11839.235259446252
14,IF2,89,11829.103662135909
14,IF2,90,11827.042707924085
14,IF2,91,11833.511084507789
14,IF2,92,11819.547413035913
14,IF2,93,11804.262286894898
14,IF2,94,11824.994356139285
14,IF2,95,11818.687338454742
14,IF2,96,11821.491236654798
14,IF2,97,11814.983235794232
14,IF2,98,11836.637512817451
14,IF2,99,11830.74542890151
14,IF2,100,11826.594273211369
14,IF2,101,11831.87515551288
14,IF2,102,11812.842781828635
14,IF2,103,11820.588355609669
14,IF2,104,11831.89373991883
14,IF2,105,11834.412127045607
14,IF2,106,11839.310773555058
14,IF2,107,11807.738385141298
14,IF2,108,11832.463388262986
14,IF2,109,11829.86405979585
14,IF2,110,11833.107643148242
14,IF2,111,11837.059310480743
14,IF2,112,11826.780433955768
14,IF2,113,11809.397878114387
14,IF2,114,11820.956752423663
14,IF2,115,11834.908719832467
14,IF2,116,11835.174661826037
14,IF2,117,11839.364810075485
14,IF2,118,11840.31158310451
14,IF2,119,11832.784423584406
14,IF2,120,11830.326449116863
14,IF2,121,11830.664928000057
14,IF2,122,11831.2644075199
14,IF2,123,11830.609446557795
14,IF2,124,11840.927474830922
14,IF2,125,11837.368069109072
14,IF2,126,11832.949882402472
14,IF2,127,11838.953054234138
14,IF2,128,11837.398000488505
14,IF2,129,11829.128457901821
14,IF2,130,11827.615504403122
14,IF2,131,11835.392130016375
14,IF2,132,11832.368265111938
14,IF2,133,11833.302768149737
14,IF2,134,11845.429470498313
14,IF2,135,11835.182384357951
14,IF2,136,11834.325579823004
14,IF2,137,11830.312163540364
14,IF2,138,11834.306915634561
14,IF2,139,11836.115858246192
14,IF2,140,11841.840010590931
14,IF2,141,11838.107584247127
14,IF2,142,11840.275379290655
14,IF2,143,11835.481326286168
14,IF2,144,11833.118846792313
14,IF2,145,11836.588100033625
14,IF2,146,11833.309081685878
14,IF2,147,11837.3073784484
14,IF2,148,11830.194439131461
14,IF2,149,11837.100197828724
14,IF2,150,11824.991172218119
14,IF2,151,11824.784282987375
14,IF2,152,11827.025159299443
14,IF2,153,11838.657115909886
14,IF2,154,11840.192357454629
14,IF2,155,11838.859171367569
14,IF2,156,11835.384635960918
14,IF2,157,11826.967803962678
14,IF2,158,11835.465178398186
14,IF2,159,11831.833599702093
14,IF2,160,11839.133265403141
14,IF2,161,11836.219812443365
14,IF2,162,11831.571286000153
14,IF2,163,11829.556701682317
14,IF2,164,11821.218191169362
14,IF2,165,11826.840652190149
14,IF2,166,11827.46212159618
14,IF2,167,11831.713529838795
14,IF2,168,11835.286377066413
14,IF2,169,11831.25882534572
14,IF2,170,11830.347621639028
14,IF2,171,11828.107193285736
14,IF2,172,11834.070364731682
14,IF2,173,11839.535062607043
14,IF2,174,11829.073587638271
14,IF2,175,11834.806664521906
14,IF2,176,11831.392093127315
14,IF2,177,11842.851524048616
14,IF2,178,11831.152882450466
14,IF2,179,11833.385849620363
14,IF2,180,11829.397368607533
14,IF2,181,11832.751963788485
14,IF2,182,11833.096385380386
14,IF2,183,11832.102389582038
14,IF2,184,11833.251593297022
14,IF2,185,11834.301260296485
14,IF2,186,11836.488751687242
14,IF2,187,11826.25437456159
14,IF2,188,11835.567678578418
14,IF2,189,11830.360788208309
14,IF2,190,11831.490961347541
14,IF2,191,11834.788264477656
14,IF2,192,11825.138705539055
14,IF2,193,11820.254765287065
14,IF2,194,11831.478449923765
14,IF2,195,11833.02516469378
14,IF2,196,11829.613831729961
14,IF2,197,11829.4946485068
14,IF2,198,11827.73602964551
14,IF2,199,11834.712382654918
14,IF2,200,11831.821844727328
14,IF2,201,11834.251682037155
14,IF2,202,11831.198577201172
14,IF2,203,11828.950418407692
14,IF2,204,11836.649867632355
14,IF2,205,11830.641608162447
14,IF2,206,11835.24710871371
14,IF2,207,11838.032270511825
14,IF2,208,11836.790646609394
14,IF2,209,11837.9354597677
14,IF2,210,11839.208877284655
14,IF2,211,11837.95655671338
14,IF2,212,11841.446007780904
14,IF2,213,11842.284219106908
14,IF2,214,11837.891731308555
14,IF2,215,11848.02590842222
14,IF2,216,11841.939156522198
14,IF2,217,11833.586440173724
14,IF2,218,11839.340717341383
14,IF2,219,11839.760579371972
14,IF2,220,11833.863146572176
14,IF2,221,11832.568324946886
14,IF2,222,11841.037634618518
14,IF2,223,11835.320384581124
14,IF2,224,11837.023009179997
14,IF2,225,11832.52374449651
14,IF2,226,11840.2598883137
14,IF2,227,11834.864919712345
14,IF2,228,11837.690685647804
14,IF2,229,11834.639477747056
14,IF2,230,11829.384768585813
14,IF2,231,11835.41370229816
14,IF2,232,11828.6330569951
14,IF2,233,11828.805885760772
14,IF2,234,11832.659590765386
14,IF2,235,11832.203896491768
14,IF2,236,11832.901528961058
14,IF2,237,11838.902266121006
14,IF2,238,11831.903496904317
14,IF2,239,11831.072032565586
14,IF2,240,11834.57828583502
14,IF2,241,11835.041456692052
14,IF2,242,11835.249262521198
14,IF2,243,11843.903772511076
14,IF2,244,11837.171509225856
14,IF2,245,11832.476808015617
14,IF2,246,11838.392566290355
14,IF2,247,11834.113347917062
14,IF2,248,11833.831364324316
14,IF2,249,11842.046460359032
14,IF2,250,11833.197442442006
14,IF2,251,11836.392804738047
14,IF2,252,11839.815804192089
14,IF2,253,11838.281994131008
14,IF2,254,11838.644347655165
14,IF2,255,11841.758079541678
14,IF2,256,11841.594700611546
14,IF2,257,11841.228407722663
14,IF2,258,11842.6467067027
14,IF2,259,11843.305109382001
14,IF2,260,11835.879803641568
14,IF2,261,11841.76932781361
14,IF2,262,11841.862870852558
14,IF2,263,11832.200038823321
14,IF2,264,11831.058478070061
14,IF2,265,11832.708264872477
14,IF2,266,11831.079891956375
14,IF2,267,11835.898202225753
14,IF2,268,11836.710364738708
14,IF2,269,11832.632960735798
14,IF2,270,11837.406508733236
14,IF2,271,11834.312940728387
14,IF2,272,11841.823784573073
14,IF2,273,11838.332602436798
14,IF2,274,11834.803513334955
14,IF2,275,11837.940264710702
14,IF2,276,11836.792484126938
14,IF2,277,11844.330589198078
14,IF2,278,11839.598515902395
14,IF2,279,11840.05332751443
14,IF2,280,11845.16053421303
14,IF2,281,11837.487341732081
14,IF2,282,11836.011594218236
14,IF2,283,11836.816415392925
14,IF2,284,11839.796407268728
14,IF2,285,11843.951558345741
14,IF2,286,11841.017540352314
14,IF2,287,11838.696944659496
14,IF2,288,11842.99745493679
14,IF2,289,11841.817401029119
14,IF2,290,11842.183550417736
14,IF2,291,11844.19835335966
14,IF2,292,11843.781115988731
14,IF2,293,11842.464690311805
14,IF2,294,11840.66766201047
14,IF2,295,11837.556646322564
14,IF2,296,11840.214777598385
14,IF2,297,11842.752613901244
14,IF2,298,11842.045862400539
14,IF2,299,11843.06122483029
14,IF2,300,11843.00483343417
14,IF2,301,11843.645648316762
14,IF2,302,11838.98505453364
14,IF2,303,11838.417554740938
14,IF2,304,11843.613908905256
14,IF2,305,11836.684344187996
14,IF2,306,11845.144727497693
14,IF2,307,11842.047587412337
14,IF2,308,11838.710850345902
14,IF2,309,11841.103057921255
14,IF2,310,11836.214547081205
14,IF2,311,11842.154469904906
14,IF2,312,11834.665397717237
14,IF2,313,11836.90873007798
14,IF2,314,11836.376564479426
14,IF2,315,11846.262320357133
14,IF2,316,11840.461036851919
14,IF2,317,11840.801190063152
14,IF2,318,11838.819250463555
14,IF2,319,11846.181522009862
14,IF2,320,11836.006189923559
14,IF2,321,11835.060277717226
14,IF2,322,11838.89743006129
14,IF2,323,11837.511268545652
14,IF2,324,11844.235499420342
14,IF2,325,11838.602386520162
14,IF2,326,11833.547002519668
14,IF2,327,11839.36763863196
14,IF2,328,11842.95473975806
14,IF2,329,11841.435267774736
14,IF2,330,11832.817506510193
14,IF2,331,11837.271513053027
14,IF2,332,11837.603692801362
14,IF2,333,11837.328042371731
14,IF2,334,11841.711651180183
14,IF2,335,11838.894908906761
14,IF2,336,11834.596176897507
14,IF2,337,11837.533662943188
14,IF2,338,11841.524367554548
14,IF2,339,11835.124579345147
14,IF2,340,11834.138236558001
14,IF2,341,11835.485420098443
14,IF2,342,11841.895432853667
14,IF2,343,11837.564477443446
14,IF2,344,11838.955803509736
14,IF2,345,11832.000310858773
14,IF2,346,11840.930868797912
14,IF2,347,11841.693289384588
14,IF2,348,11837.89468994594
14,IF2,349,11841.806839598039
14,IF2,350,11843.649879583332
14,IF2,351,11835.239079578456
14,IF2,352,11840.935437702006
14,IF2,353,11838.683325762437
14,IF2,354,11837.371852789809
14,IF2,355,11835.587026263296
14,IF2,356,11833.323522005225
14,IF2,357,11832.277495098253
14,IF2,358,11835.599131747624
14,IF2,359,11830.524930182097
14,IF2,360,11832.107025506091
14,IF2,361,11837.565014714963
14,IF2,362,11832.943585733668
14,IF2,363,11835.099072160496
14,IF2,364,11829.32515192356
14,IF2,365,11829.196215655025
14,IF2,366,11835.164159826425
14,IF2,367,11832.710148064833
14,IF2,368,11833.029628667413
14,IF2,369,11835.722108789121
14,IF2,370,11834.345514364148
14,IF2,371,11840.870216155306
14,IF2,372,11833.62281948844
14,IF2,373,11833.748838738105
14,IF2,374,11837.524089072582
14,IF2,375,11831.032090542214
14,IF2,376,11834.737123984727
14,IF2,377,11831.057443884709
14,IF2,378,11835.442730305738
14,IF2,379,11829.705884363739
14,IF2,380,11834.790301961557
14,IF2,381,11833.911676801761
14,IF2,382,11836.349833464537
14,IF2,383,11832.832706413561
14,IF2,384,11840.87943048751
14,IF2,385,11837.581257848375
14,IF2,386,11833.198307676583
14,IF2,387,11831.77254223824
14,IF2,388,11834.720425031826
14,IF2,389,11833.33825374906
14,IF2,390,11830.42424984015
14,IF2,391,11836.204099247298
14,IF2,392,11830.719976964821
14,IF2,393,11834.425986268205
14,IF2,394,11835.349722119812
14,IF2,395,11832.842667041867
14,IF2,396,11830.547578628302
14,IF2,397,11835.69126647149
14,IF2,398,11831.997941536662
14,IF2,399,11836.034788326262
14,IF2,400,11834.380048632413
14,IF2,401,11832.979115907938
14,IF2,402,11835.295109381868
14,IF2,403,11833.743048019469
14,IF2,404,11836.508628415178
14,IF2,405,11832.226745859449
14,IF2,406,11834.8704164123
14,IF2,407,11832.934990513055
14,IF2,408,11837.55741908814
14,IF2,409,11836.939780340208
14,IF2,410,11830.511925849796
14,IF2,411,11831.11100364477
14,IF2,412,11837.527617465184
14,IF2,413,11834.305746855616
14,IF2,414,11831.513164315269
14,IF2,415,11838.317524196551
14,IF2,416,11836.919673820488
14,IF2,417,11829.96828164408
14,IF2,418,11837.903734906575
14,IF2,419,11835.112089812177
14,IF2,420,11833.013817269693
14,IF2,421,11838.954795007372
14,IF2,422,11835.100944933527
14,IF2,423,11829.905172572217
14,IF2,424,11835.603197888242
14,IF2,425,11830.010629669083
14,IF2,426,11830.287435905848
14,IF2,427,11830.048754318064
14,IF2,428,11835.323833213459
14,IF2,429,11831.378664256987
14,IF2,430,11836.916880715144
14,IF2,431,11832.379331241758
14,IF2,432,11837.196729875017
14,IF2,433,11835.586917414767
14,IF2,434,11838.579637840638
14,IF2,435,11838.802827968084
14,IF2,436,11830.295919552513
14,IF2,437,11831.575007275558
14,IF2,438,11826.571219695912
14,IF2,439,11829.492458004173
14,IF2,440,11832.812792957124
14,IF2,441,11835.28567880029
14,IF2,442,11829.835549228392
14,IF2,443,11830.828934488169
14,IF2,444,11830.460096138357
14,IF2,445,11830.737998659797
14,IF2,446,11828.84464594781
14,IF2,447,11834.013444999318
14,IF2,448,11832.692939525645
14,IF2,449,11833.79820836297
14,IF2,450,11831.292680811363
14,IF2,451,11833.231366037913
14,IF2,452,11833.041144369567
14,IF2,453,11834.272968518066
14,IF2,454,11833.798377496587
14,IF2,455,11833.129507747797
14,IF2,456,11833.281484024099
14,IF2,457,11832.9571417084
14,IF2,458,11832.851225681134
14,IF2,459,11833.08206290765
14,IF2,460,11834.281908021643
14,IF2,461,11836.38276149623
14,IF2,462,11827.687222862332
14,IF2,463,11839.07630423017
14,IF2,464,11834.788202055852
14,IF2,465,11833.453515774143
14,IF2,466,11830.489410831526
14,IF2,467,11832.689833158258
14,IF2,468,11834.461363668286
14,IF2,469,11829.29439969191
14,IF2,470,11829.304344117902
14,IF2,471,11834.966733402947
14,IF2,472,11837.315990049381
14,IF2,473,11827.959134749317
14,IF2,474,11831.79505567333
14,IF2,475,11836.34211443311
14,IF2,476,11831.117211425155
14,IF2,477,11832.400130053025
14,IF2,478,11832.547563628148
14,IF2,479,11832.025478473783
14,IF2,480,11834.504202243976
14,IF2,481,11837.98783443646
14,IF2,482,11835.109976787293
14,IF2,483,11829.08924618268
14,IF2,484,11834.406320880766
14,IF2,485,11836.9506870543
14,IF2,486,11836.31519441573
14,IF2,487,11834.849073082996
14,IF2,488,11834.610854827837
14,IF2,489,11832.929132058222
14,IF2,490,11836.051981788438
14,IF2,491,11834.409805305853
14,IF2,492,11833.43048926447
14,IF2,493,11841.012706315927
14,IF2,494,11832.452666525125
14,IF2,495,11834.40904687151
14,IF2,496,11832.110494263146
14,IF2,497,11838.42162627118
14,IF2,498,11834.140826081864
14,IF2,499,11830.41538148667
14,IF2,500,11833.013464728921
14,IF2,501,11836.481661892867
14,IF2,502,11836.287767611007
14,IF2,503,11839.46047105734
14,IF2,504,11830.597089810033
14,IF2,505,11835.42657376513
14,IF2,506,11840.102871828321
14,IF2,507,11834.791804730168
14,IF2,508,11832.571399049035
14,IF2,509,11834.468789930497
14,IF2,510,11834.418059561951
14,IF2,511,11840.027754697505
14,IF2,512,11833.857120240478
14,IF2,513,11833.948167017386
14,IF2,514,11830.903141561774
14,IF2,515,11835.82915481321
14,IF2,516,11831.955821796053
14,IF2,517,11832.40729939067
14,IF2,518,11832.740929623526
14,IF2,519,11829.625137304643
14,IF2,520,11835.648766049253
14,IF2,521,11832.951022878273
14,IF2,522,11833.40992730691
14,IF2,523,11831.205953995697
14,IF2,524,11833.109905940753
14,IF2,525,11833.723440584317
14,IF2,526,11838.216526604141
14,IF2,527,11833.700610968823
14,IF2,528,11830.653198811795
14,IF2,529,11830.135492713343
14,IF2,530,11830.854442651673
14,IF2,531,11837.390372224701
14,IF2,532,11834.704844172478
14,IF2,533,11833.515295595214
14,IF2,534,11835.344100277633
14,IF2,535,11833.85415909088
14,IF2,536,11837.638341702512
14,IF2,537,11837.343177342376
14,IF2,538,11832.952386675985
14,IF2,539,11834.678595229236
14,IF2,540,11839.454333811058
14,IF2,541,11833.299574392173
14,IF2,542,11836.465630357752
14,IF2,543,11831.875670215146
14,IF2,544,11834.96333846986
14,IF2,545,11830.750476518306
14,IF2,546,11830.748297221444
14,IF2,547,11831.182432378904
14,IF2,548,11833.063160964226
14,IF2,549,11832.582249403407
14,IF2,550,11839.2646922128
14,IF2,551,11837.150026119347
14,IF2,552,11831.792606726613
14,IF2,553,11831.391622328525
14,IF2,554,11836.896671314862
14,IF2,555,11832.594270963995
14,IF2,556,11833.132212306975
14,IF2,557,11833.472417175146
14,IF2,558,11838.10152557455
14,IF2,559,11838.07564955476
14,IF2,560,11833.623403264015
14,IF2,561,11833.507783352985
14,IF2,562,11831.472037572554
14,IF2,563,11827.638292689162
14,IF2,564,11834.491549814973
14,IF2,565,11832.836022678879
14,IF2,566,11836.22444874317
14,IF2,567,11837.79585655973
14,IF2,568,11833.333865411685
14,IF2,569,11831.579535205821
14,IF2,570,11835.925517979607
14,IF2,571,11831.995735760684
14,IF2,572,11829.734276349429
14,IF2,573,11835.172650142575
14,IF2,574,11838.884213717965
14,IF2,575,11834.926948900851
14,IF2,576,11834.2767911584
14,IF2,577,11828.704359485479
14,IF2,578,11835.067048780558
14,IF2,579,11835.191687170478
14,IF2,580,11833.33016030365
14,IF2,581,11836.121325906573
14,IF2,582,11829.938003627723
14,IF2,583,11836.856829755865
14,IF2,584,11835.596105981149
14,IF2,585,11830.808660889703
14,IF2,586,11828.363807963202
14,IF2,587,11837.733563801281
14,IF2,588,11830.554038777304
14,IF2,589,11832.857742224456
14,IF2,590,11830.286410964382
14,IF2,591,11833.459913845505
14,IF2,592,11832.84740667402
14,IF2,593,11835.15341327298
14,IF2,594,11835.807058902876
14,IF2,595,11831.205340799757
14,IF2,596,11835.525521555888
14,IF2,597,11833.0610305996
14,IF2,598,11827.419548285692
14,IF2,599,11830.783099780896
14,IFAD,0,11838.355079427247
14,IFAD,1,11844.303007829216
14,IFAD,2,11824.792804900222
14,IFAD,3,11846.28219959574
14,IFAD,4,11812.929953418734
14,IFAD,5,11830.841004215798
14,IFAD,6,11821.882289642435
14,IFAD,7,11811.75397683097
14,IFAD,8,11839.47480676132
14,IFAD,9,11852.150780978427
14,IFAD,10,11794.104535316636
14,IFAD,11,11824.328961951032
14,IFAD,12,11831.373637664637
14,IFAD,13,11825.335318596428
14,IFAD,14,11822.475887925357
14,IFAD,15,11833.394748631225
14,IFAD,16,11836.285057496983
14,IFAD,17,11842.598148858853
14,IFAD,18,11826.445744334382
14,IFAD,19,11845.14709109095
14,IFAD,20,11811.437178593582
14,IFAD,21,11835.289095192378
14,IFAD,22,11822.576131719195
14,IFAD,23,11808.869166711062
14,IFAD,24,11839.261690459287
14,IFAD,25,11828.278567114083
14,IFAD,26,11792.385142200528
14,IFAD,27,11834.67247642919
14,IFAD,28,11834.268803777944
14,IFAD,29,11828.408965592016
14,IFAD,30,11821.817715063617
14,IFAD,31,11810.129691453774
14,IFAD,32,11822.128570329513
14,IFAD,33,11846.87318633592
14,IFAD,34,11816.34317024747
14,IFAD,35,11814.228642524842
14,IFAD,36,11814.139405258265
14,IFAD,37,11815.713672723185
14,IFAD,38,11822.896605240769
14,IFAD,39,11817.563641159317
14,IFAD,40,11822.525766066143
14,IFAD,41,11822.57111418228
14,IFAD,42,11827.738469275913
14,IFAD,43,11824.312082326776
14,IFAD,44,11831.343933657075
14,IFAD,45,11811.248917027171
14,IFAD,46,11842.466144321084
14,IFAD,47,11833.545176437412
14,IFAD,48,11838.701950509287
14,IFAD,49,11821.87026260462
14,IFAD,50,11818.895199940507
14,IFAD,51,11833.90704614898
14,IFAD,52,11825.569633053421
14,IFAD,53,11809.495189027204
14,IFAD,54,11835.626156825114
14,IFAD,55,11825.76162678563
14,IFAD,56,11812.83948373573
14,IFAD,57,11833.71843050607
14,IFAD,58,11819.751376307595
14,IFAD,59,11813.197665257641
14,IFAD,60,11806.441032234485
14,IFAD,61,11833.097826464736
14,IFAD,62,11811.030867790483
14,IFAD,63,11799.010591983528
14,IFAD,64,11780.305878443578
14,IFAD,65,11826.675476809842
14,IFAD,66,11839.686338714577
14,IFAD,67,11827.43925945778
14,IFAD,68,11819.065622057502
14,IFAD,69,11827.886997550599
14,IFAD,70,11823.225582530233
14,IFAD,71,11834.450108660852
14,IFAD,72,11816.597208325325
14,IFAD,73,11822.294290004267
14,IFAD,74,11829.482372685354
14,IFAD,75,11824.973674337973
14,IFAD,76,11825.23438468828
14,IFAD,77,11834.016593216442
14,IFAD,78,11837.786190373243
14,IFAD,79,11837.0375974478
14,IFAD,80,11843.033127200182
14,IFAD,81,11834.594701618678
14,IFAD,82,11814.546612213655
14,IFAD,83,11824.211283979543
14,IFAD,84,11837.42943655934
14,IFAD,85,11817.91039135995
14,IFAD,86,11820.645287411102
14,IFAD,87,11831.032325581516
14,IFAD,88,11838.056120482237
14,IFAD,89,11842.126852586163
14,IFAD,90,11824.153208597125
14,IFAD,91,11821.548356557585
14,IFAD,92,11833.3739798783
14,IFAD,93,11829.729247659436
14,IFAD,94,11832.088812958167
14,IFAD,95,11838.318296667969
14,IFAD,96,11841.48389231443
14,IFAD,97,11818.316335364274
14,IFAD,98,11823.109161913148
14,IFAD,99,11836.446226043161
14,IFAD,100,11807.63719098985
14,IFAD,101,11811.685976859168
14,IFAD,102,11808.883521414815
14,IFAD,103,11813.319324696713
14,IFAD,104,11812.979272408675
14,IFAD,105,11814.587957763591
14,IFAD,106,11809.51773934138
14,IFAD,107,11808.587133215777
14,IFAD,108,11812.596186518826
14,IFAD,109,11812.14287688728
14,IFAD,110,11812.706650118631
14,IFAD,111,11817.76820565276
14,IFAD,112,11813.34882934736
14,IFAD,113,11820.270791116252
14,IFAD,114,11817.112861256232
14,IFAD,115,11821.039494261333
14,IFAD,116,11820.299955142185
14,IFAD,117,11819.009917319148
14,IFAD,118,11818.388458106572
14,IFAD,119,11822.705226842962
14,IFAD,120,11818.001081376287
14,IFAD,121,11816.948783708385
14,IFAD,122,11814.526287268447
14,IFAD,123,11821.932282167429
14,IFAD,124,11819.18346067443
14,IFAD,125,11821.984541850414
14,IFAD,126,11819.62418441307
14,IFAD,127,11819.953925217726
14,IFAD,128,11818.032548712266
14,IFAD,129,11818.70414744806
14,IFAD,130,11820.089940683683
14,IFAD,131,11824.661231181351
14,IFAD,132,11821.503112942735
14,IFAD,133,11824.34743420857
14,IFAD,134,11821.287954623
14,IFAD,135,11822.896561856362
14,IFAD,136,11827.966441128943
14,IFAD,137,11828.213119760789
14,IFAD,138,11825.65269153767
14,IFAD,139,11824.32868139454
14,IFAD,140,11830.810517945045
14,IFAD,141,11822.89398149426
14,IFAD,142,11823.699917876876
14,IFAD,143,11826.992967836086
14,IFAD,144,11827.169941120115
14,IFAD,145,11831.204981617178
14,IFAD,146,11825.946513901521
14,IFAD,147,11827.922457545035
14,IFAD,148,11826.684709948413
14,IFAD,149,11829.883101113444
14,IFAD,150,11827.294512049693
14,IFAD,151,11827.438176587468
14,IFAD,152,11827.175650968658
14,IFAD,153,11830.585045588166
14,IFAD,154,11830.54676067453
14,IFAD,155,11829.71188913422
14,IFAD,156,11828.581894236566
14,IFAD,157,11833.667974943857
14,IFAD,158,11835.516181419858
14,IFAD,159,11829.403557886984
14,IFAD,160,11829.678122364687
14,IFAD,161,11832.23247415041
14,IFAD,162,11830.494839890933
14,IFAD,163,11829.16634065203
14,IFAD,164,11828.93262149732
14,IFAD,165,11831.962904834945
14,IFAD,166,11829.273939601593
14,IFAD,167,11832.511574705488
14,IFAD,168,11829.566403912067
14,IFAD,169,11834.304992575142
14,IFAD,170,11836.261987493524
14,IFAD,171,11836.481272025587
14,IFAD,172,11833.81150337454
14,IFAD,173,11833.929285356087
14,IFAD,174,11834.140824095854
14,IFAD,175,11834.29164799434
14,IFAD,176,11833.76439033482
14,IFAD,177,11836.28140438242
14,IFAD,178,11833.085845573542
14,IFAD,179,11834.47077663507
14,IFAD,180,11833.091336444812
14,IFAD,181,11834.587719370738
14,IFAD,182,11834.360679123029
14,IFAD,183,11841.334639575467
14,IFAD,184,11837.403017003802
14,IFAD,185,11833.87771074637
14,IFAD,186,11838.535011623313
14,IFAD,187,11838.099736649247
14,IFAD,188,11835.189242326467
14,IFAD,189,11837.43641694895
14,IFAD,190,11834.890003913839
14,IFAD,191,11837.848467254205
14,IFAD,192,11831.755031078346
14,IFAD,193,11843.390600099414
14,IFAD,194,11836.535435454995
14,IFAD,195,11831.231702817442
14,IFAD,196,11836.310422634886
14,IFAD,197,11838.860059315524
14,IFAD,198,11834.282906757357
14,IFAD,199,11837.140891711102
14,IFAD,200,11841.078697212144
14,IFAD,201,11839.411597636314
14,IFAD,202,11841.563515855973
14,IFAD,203,11841.593944466898
14,IFAD,204,11838.80233498238
14,IFAD,205,11835.469506884674
14,IFAD,206,11833.81910571255
14,IFAD,207,11835.185062981252
14,IFAD,208,11835.747943834747
14,IFAD,209,11835.0075918116
14,IFAD,210,11833.338495896736
14,IFAD,211,11837.937189195436
14,IFAD,212,11839.2538367146
14,IFAD,213,11834.56145876368
14,IFAD,214,11835.453854893709
14,IFAD,215,11834.392520274363
14,IFAD,216,11841.469708452301
14,IFAD,217,11838.40895900341
14,IFAD,218,11834.690826350168
14,IFAD,219,11837.840199793536
14,IFAD,220,11835.619108097935
14,IFAD,221,11838.382488986976
14,IFAD,222,11836.476459598189
14,IFAD,223,11833.208327965496
14,IFAD,224,11834.094682462706
14,IFAD,225,11838.307519172593
14,IFAD,226,11838.59422154894
14,IFAD,227,11838.444661380812
14,IFAD,228,11842.376006533928
14,IFAD,229,11836.034006231694
14,IFAD,230,11839.034671346815
14,IFAD,231,11840.994329676601
14,IFAD,232,11840.585165074575
14,IFAD,233,11835.591308106024
14,IFAD,234,11834.999497291501
14,IFAD,235,11834.400830459244
14,IFAD,236,11839.782571217194
14,IFAD,237,11835.130802058558
14,IFAD,238,11841.09753723318
14,IFAD,239,11843.245396592325
14,IFAD,240,11835.38924949858
14,IFAD,241,11840.315281919096
14,IFAD,242,11838.15885609206
14,IFAD,243,11836.631639175652
14,IFAD,244,11844.835907428309
14,IFAD,245,11835.571640910719
14,IFAD,246,11835.332406803762
14,IFAD,247,11840.832366159511
14,IFAD,248,11834.792610940236
14,IFAD,249,11836.526380488778
14,IFAD,250,11837.970333778738
14,IFAD,251,11840.9509847207
14,IFAD,252,11836.793717239612
14,IFAD,253,11838.96995870847
14,IFAD,254,11836.593206581862
14,IFAD,255,11836.86540648583
14,IFAD,256,11834.311211858634
14,IFAD,257,11831.26193126041
14,IFAD,258,11832.68574872178
14,IFAD,259,11835.808571999109
14,IFAD,260,11839.646813060723
14,IFAD,261,11840.263677078963
14,IFAD,262,11837.913060422938
14,IFAD,263,11838.723786836603
14,IFAD,264,11836.198379674464
14,IFAD,265,11835.509658980778
14,IFAD,266,11839.288344279641
14,IFAD,267,11832.23895908727
14,IFAD,268,11838.876533200262
14,IFAD,269,11840.297883473911
14,IFAD,270,11832.840281049554
14,IFAD,271,11839.43412163882
14,IFAD,272,11835.760377651628
14,IFAD,273,11839.04995442462
14,IFAD,274,11837.118286588908
14,IFAD,275,11838.47103668437
14,IFAD,276,11837.521130346964
14,IFAD,277,11835.10377081527
14,IFAD,278,11834.972911991175
14,IFAD,279,11835.872338258403
14,IFAD,280,11833.9284334319
14,IFAD,281,11834.825576626961
14,IFAD,282,11837.036113679433
14,IFAD,283,11838.299243301644
14,IFAD,284,11837.901707614052
14,IFAD,285,11834.75511390176
14,IFAD,286,11837.045851423854
14,IFAD,287,11835.026690288045
14,IFAD,288,11841.352064033186
14,IFAD,289,11841.623264111771
14,IFAD,290,11836.9968306459
14,IFAD,291,11837.1443740477
14,IFAD,292,11835.497171981917
14,IFAD,293,11836.310043855046
14,IFAD,294,11832.601420693316
14,IFAD,295,11836.496711149932
14,IFAD,296,11835.136268219901
14,IFAD,297,11841.699144814953
14,IFAD,298,11841.369106974133
14,IFAD,299,11834.880930376477
14,IFAD,300,11836.126682492886
14,IFAD,301,11837.489358371113
14,IFAD,302,11836.246522655798
14,IFAD,303,11832.139934284749
14,IFAD,304,11841.78074997449
14,IFAD,305,11838.415757018081
14,IFAD,306,11834.377883575538
14,IFAD,307,11837.730133109926
14,IFAD,308,11835.419400170513
14,IFAD,309,11840.086257640389
14,IFAD,310,11835.218556069221
14,IFAD,311,11842.063036643227
14,IFAD,312,11836.14187630568
14,IFAD,313,11835.928852979052
14,IFAD,314,11835.267128961312
14,IFAD,315,11836.843040791458
14,IFAD,316,11836.52117335115
14,IFAD,317,11833.460804753953
14,IFAD,318,11838.566833735753
14,IFAD,319,11829.717818198653
14,IFAD,320,11832.445814283781
14,IFAD,321,11833.330093120885
14,IFAD,322,11839.608304539297
14,IFAD,323,11833.712731487067
14,IFAD,324,11837.08633108732
14,IFAD,325,11834.453968915892
14,IFAD,326,11838.928888984916
14,IFAD,327,11833.81814439285
14,IFAD,328,11833.91488633593
14,IFAD,329,11833.008342195011
14,IFAD,330,11840.592834160789
14,IFAD,331,11837.177606037636
14,IFAD,332,11836.600642736512
14,IFAD,333,11831.88272413767
14,IFAD,334,11832.984601509184
14,IFAD,335,11838.399869095121
14,IFAD,336,11841.341609477911
14,IFAD,337,11837.368678414581
14,IFAD,338,11832.279890027692
14,IFAD,339,11839.885720000566
14,IFAD,340,11838.985405829624
14,IFAD,341,11840.105888316972
14,IFAD,342,11838.947606545351
14,IFAD,343,11836.658242039966
14,IFAD,344,11833.596031926127
14,IFAD,345,11833.378070915842
14,IFAD,346,11837.442006602294
14,IFAD,347,11835.561949655163
14,IFAD,348,11829.365962630027
14,IFAD,349,11840.875846352526
14,IFAD,350,11834.27636444535
14,IFAD,351,11832.180133971638
14,IFAD,352,11837.315916225793
14,IFAD,353,11832.1929028526
14,IFAD,354,11839.841203814973
14,IFAD,355,11834.28137082463
14,IFAD,356,11828.659146314954
14,IFAD,357,11835.648820573393
14,IFAD,358,11833.834412521026
14,IFAD,359,11836.092525633074
14,IFAD,360,11836.145537284952
14,IFAD,361,11838.161774867063
14,IFAD,362,11834.794359414433
14,IFAD,363,11835.887768925748
14,IFAD,364,11834.021685405854
14,IFAD,365,11836.737826934655
14,IFAD,366,11830.210601222012
14,IFAD,367,11832.846058278401
14,IFAD,368,11833.514760928314
14,IFAD,369,11836.904488163473
14,IFAD,370,11836.3389447561
14,IFAD,371,11834.78624553009
14,IFAD,372,11832.175377505173
14,IFAD,373,11833.484272420274
14,IFAD,374,11831.91827544894
14,IFAD,375,11834.114620300119
14,IFAD,376,11835.556427171969
14,IFAD,377,11837.365265214567
14,IFAD,378,11828.862191593153
14,IFAD,379,11839.72394208758
14,IFAD,380,11830.315929775195
14,IFAD,381,11831.147912431477
14,IFAD,382,11836.611043741595
14,IFAD,383,11832.284136215158
14,IFAD,384,11839.117260443429
14,IFAD,385,11830.897033501382
14,IFAD,386,11831.297436112718
14,IFAD,387,11831.964655538257
14,IFAD,388,11836.685961410647
14,IFAD,389,11837.225749908692
14,IFAD,390,11833.959272796514
14,IFAD,391,11837.810912413262
14,IFAD,392,11835.173822176788
14,IFAD,393,11834.165564440846
14,IFAD,394,11832.806055669711
14,IFAD,395,11838.147739788143
14,IFAD,396,11834.824936590534
14,IFAD,397,11835.763001634909
14,IFAD,398,11837.267224064482
14,IFAD,399,11835.157264573958
14,DS19,0,11665.130895706612
14,DS19,1,11677.166013131968
14,DS19,2,11700.315706555524
14,DS19,3,11697.100408695827
14,DS19,4,11723.40646192191
14,DS19,5,11718.757396819052
14,DS19,6,11733.16930881573
14,DS19,7,11740.331845723755
14,DS19,8,11761.493220693501
14,DS19,9,11750.954084855683
14,DS19,10,11771.96534727192
14,DS19,11,11779.91494598601
14,DS19,12,11776.402279455717
14,DS19,13,11794.959936635822
14,DS19,14,11785.346964035325
14,DS19,15,11803.541219759356
14,DS19,16,11803.044042837118
14,DS19,17,11799.15786631019
14,DS19,18,11804.85598601236
14,DS19,19,11797.529337009659
14,DS19,20,11811.604033553358
14,DS19,21,11808.59628890102
14,DS19,22,11812.69738625473
14,DS19,23,11816.607092904358
14,DS19,24,11819.902232502829
14,DS19,25,11821.876829573008
14,DS19,26,11817.397780573607
14,DS19,27,11801.104317484864
14,DS19,28,11819.758669213226
14,DS19,29,11814.598832118863
14,DS19,30,11803.264416307004
14,DS19,31,11818.24569301328
14,DS19,32,11818.520918594262
14,DS19,33,11817.505583594613
14,DS19,34,11819.580466068135
14,DS19,35,11824.950729074726
14,DS19,36,11815.547666367376
14,DS19,37,11817.957608907602
14,DS19,38,11814.993657390336
14,DS19,39,11823.059807661344
14,DS19,40,11823.51988653054
14,DS19,41,11825.343382499821
14,DS19,42,11832.182819316145
14,DS19,43,11822.140065215675
14,DS19,44,11821.931004591814
14,DS19,45,11829.979050147933
14,DS19,46,11826.776145839358
14,DS19,47,11814.093762150009
14,DS19,48,11835.38333240097
14,DS19,49,11826.891166415706
14,DS19,50,11842.710514332077
14,DS19,51,11823.127965179166
14,DS19,52,11829.77731131964
14,DS19,53,11829.38279573789
14,DS19,54,11832.66913786345
14,DS19,55,11828.508778776439
14,DS19,56,11833.444124026273
14,DS19,57,11826.504266997115
14,DS19,58,11828.392616120314
14,DS19,59,11827.626314520832
14,DS19,60,11832.487395957238
14,DS19,61,11824.511787629815
14,DS19,62,11828.980810649064
14,DS19,63,11826.334112251981
14,DS19,64,11826.390561750632
14,DS19,65,11828.180050386818
14,DS19,66,11831.075339406467
14,DS19,67,11830.923880297214
14,DS19,68,11837.510983428976
14,DS19,69,11838.37607982497
14,DS19,70,11831.526584305917
14,DS19,71,11831.992074612339
14,DS19,72,11831.964754646564
14,DS19,73,11828.907525316368
14,DS19,74,11832.017602233675
14,DS19,75,11839.671685279283
14,DS19,76,11836.292916523822
14,DS19,77,11831.464803169903
14,DS19,78,11827.829496311559
14,DS19,79,11828.853931447335
14,DS19,80,11827.921919032555
14,DS19,81,11825.706176610898
14,DS19,82,11835.043072876717
14,DS19,83,11832.958503248068
14,DS19,84,11835.367618208995
14,DS19,85,11825.356252119855
14,DS19,86,11834.163122045878
14,DS19,87,11837.192853679499
14,DS19,88,11836.017905286584
14,DS19,89,11834.36996460271
14,DS19,90,11837.624651040689
14,DS19,91,11831.25509175861
14,DS19,92,11830.26447798452
14,DS19,93,11837.32437192416
14,DS19,94,11825.039177126142
14,DS19,95,11832.81551131414
14,DS19,96,11823.47900745609
14,DS19,97,11837.07670314571
14,DS19,98,11834.40542994316
14,DS19,99,11837.09355707523
14,DS19,100,11833.484911720054
14,DS19,101,11824.874232883361
14,DS19,102,11828.007414936525
14,DS19,103,11832.144011466156
14,DS19,104,11831.205629985212
14,DS19,105,11831.095911938206
14,DS19,106,11831.255487404218
14,DS19,107,11830.129274046218
14,DS19,108,11832.467592375946
14,DS19,109,11827.805024108611
14,DS19,110,11833.015908336389
14,DS19,111,11829.702491559709
14,DS19,112,11846.460066887448
14,DS19,113,11823.934974982209
14,DS19,114,11839.701673765943
14,DS19,115,11837.656774876803
14,DS19,116,11845.406872746109
14,DS19,117,11838.70396098915
14,DS19,118,11833.90097455338
14,DS19,119,11838.289661150411
14,DS19,120,11831.404698222312
14,DS19,121,11827.90002539233
14,DS19,122,11828.363132555938
14,DS19,123,11838.196153091847
14,DS19,124,11835.865900394761
14,DS19,125,11831.768395877463
14,DS19,126,11826.283099779033
14,DS19,127,11829.118167153922
14,DS19,128,11834.69001390408
14,DS19,129,11849.370569908784
14,DS19,130,11843.406518739923
14,DS19,131,11834.636786795398
14,DS19,132,11839.793246524561
14,DS19,133,11841.043432221015
14,DS19,134,11834.099742763885
14,DS19,135,11831.641039263566
14,DS19,136,11831.799757268316
14,DS19,137,11834.798749164303
14,DS19,138,11849.35522849793
14,DS19,139,11845.27095489168
14,DS19,140,11837.933799266299
14,DS19,141,11839.177819628334
14,DS19,142,11842.544935830014
14,DS19,143,11832.358558957922
14,DS19,144,11841.084329915815
14,DS19,145,11836.754174928592
14,DS19,146,11843.921211653247
14,DS19,147,11827.809552243702
14,DS19,148,11835.044403351869
14,DS19,149,11839.301963572916
14,DS19,150,11840.885102089253
14,DS19,151,11840.336982275745
14,DS19,152,11843.031255285614
14,DS19,153,11841.013026831399
14,DS19,154,11833.25515714632
14,DS19,155,11829.513470823538
14,DS19,156,11831.217998877446
14,DS19,157,11831.344159264409
14,DS19,158,11830.148473524803
14,DS19,159,11822.176479479282
14,DS19,160,11827.726685271973
14,DS19,161,11826.435874914163
14,DS19,162,11828.711958359228
14,DS19,163,11823.06079256986
14,DS19,164,11823.018765406503
14,DS19,165,11821.305618409406
14,DS19,166,11828.074843433596
14,DS19,167,11825.833883872685
14,DS19,168,11823.778228154488
14,DS19,169,11822.034487611889
14,DS19,170,11818.782110860117
14,DS19,171,11823.885524521651
14,DS19,172,11825.24321236396
14,DS19,173,11825.12094654618
14,DS19,174,11832.166135758735
14,DS19,175,11817.867822051445
14,DS19,176,11821.913768340626
14,DS19,177,11827.88179464764
14,DS19,178,11826.382905523587
14,DS19,179,11834.734036856938
14,DS19,180,11825.246579677725
14,DS19,181,11823.392102778402
14,DS19,182,11827.679353803023
14,DS19,183,11822.697157004564
14,DS19,184,11833.707113606337
14,DS19,185,11839.983187719117
14,DS19,186,11825.537167121685
14,DS19,187,11828.430782333166
14,DS19,188,11823.78130223671
14,DS19,189,11833.303490928241
14,DS19,190,11836.99984634493
14,DS19,191,11835.858429418435
14,DS19,192,11831.82313277282
14,DS19,193,11831.280329350115
14,DS19,194,11821.318576540925
14,DS19,195,11830.544540548653
14,DS19,196,11826.140876271364
14,DS19,197,11828.380753937661
14,DS19,198,11831.169789017218
14,DS19,199,11843.633627280302
14,DS19,200,11844.00542457138
14,DS19,201,11836.99105507173
14,DS19,202,11830.546450877004
14,DS19,203,11830.806787964259
14,DS19,204,11833.871985240638
14,DS19,205,11825.34785713245
14,DS19,206,11829.384216068544
14,DS19,207,11835.474181081277
14,DS19,208,11822.721297219665
14,DS19,209,11830.638027414701
14,DS19,210,11831.886511291455
14,DS19,211,11820.679132984551
14,DS19,212,11821.32723571511
14,DS19,213,11835.342773362547
14,DS19,214,11838.541397196366
14,DS19,215,11832.47055894583
14,DS19,216,11831.604433163144
14,DS19,217,11833.89959882123
14,DS19,218,11825.211729936615
14,DS19,219,11836.605441132062
14,DS19,220,11831.75052248763
14,DS19,221,11832.937400884617
14,DS19,222,11836.905854526098
14,DS19,223,11834.930751485259
14,DS19,224,11829.977588617934
14,DS19,225,11819.146659363818
14,DS19,226,11829.043490786633
14,DS19,227,11820.06528550284
14,DS19,228,11840.928379822575
14,DS19,229,11828.690652928444
14,DS19,230,11835.208858608052
14,DS19,231,11827.949011015366
14,DS19,232,11832.704068997282
14,DS19,233,11835.25885875953
14,DS19,234,11835.070672993255
14,DS19,235,11836.35526407036
14,DS19,236,11832.558792461823
14,DS19,237,11824.012805992243
14,DS19,238,11829.19879564326
14,DS19,239,11836.254229467506
14,DS19,240,11831.126752975237
14,DS19,241,11821.629515186063
14,DS19,242,11827.914332120466
14,DS19,243,11835.435517005983
14,DS19,244,11825.057254692285
14,DS19,245,11833.325152096233
14,DS19,246,11814.165662328272
14,DS19,247,11825.565063418215
14,DS19,248,11829.57426543734
14,DS19,249,11826.961143035238
14,DS19,250,11828.79960103864
14,DS19,251,11828.762338570657
14,DS19,252,11824.451601176877
14,DS19,253,11836.393550582734
14,DS19,254,11823.35107909816
14,DS19,255,11831.167808886605
14,DS19,256,11831.616968813862
14,DS19,257,11831.911065280545
14,DS19,258,11831.275684561884
14,DS19,259,11828.936685485787
14,DS19,260,11830.119652288035
14,DS19,261,11830.196244334826
14,DS19,262,11831.458294187814
14,DS19,263,11832.712223925793
14,DS19,264,11824.71849994354
14,DS19,265,11841.275982456093
14,DS19,266,11826.873372673006
14,DS19,267,11836.37431457757
14,DS19,268,11836.371755858738
14,DS19,269,11828.618225070582
14,DS19,270,11838.575954305381
14,DS19,271,11830.85880680799
14,DS19,272,11830.865544904782
14,DS19,273,11829.700991765836
14,DS19,274,11823.636842700023
14,DS19,275,11833.787099468998
14,DS19,276,11829.749191291161
14,DS19,277,11830.89304662974
14,DS19,278,11829.090018897681
14,DS19,279,11828.594234626893
14,DS19,280,11832.342735401315
14,DS19,281,11826.698536158281
14,DS19,282,11843.149103484622
14,DS19,283,11829.276490276148
14,DS19,284,11834.781113525109
14,DS19,285,11828.371654568144
14,DS19,286,11829.254015191009
14,DS19,287,11818.090759499084
14,DS19,288,11832.245159260121
14,DS19,289,11829.708886437282
14,DS19,290,11820.330651766482
14,DS19,291,11835.785032422556
14,DS19,292,11827.031806825576
14,DS19,293,11821.202739020095
14,DS19,294,11828.036948165989
14,DS19,295,11840.645350410592
14,DS19,296,11828.4516176889
14,DS19,297,11830.656755004362
14,DS19,298,11829.870753787884
14,DS19,299,11828.399039371652
14,CTDD21,0,11573.136129247147
14,CTDD21,1,11578.663361990792
14,CTDD21,2,11591.655866646575
14,CTDD21,3,11622.222296123118
14,CTDD21,4,11604.438097937054
14,CTDD21,5,11639.552961965815
14,CTDD21,6,11662.790231986834
14,CTDD21,7,11665.629301288589
14,CTDD21,8,11684.388660042338
14,CTDD21,9,11693.20958871817
14,CTDD21,10,11706.822833180311
14,CTDD21,11,11713.005589751076
14,CTDD21,12,11699.207572049574
14,CTDD21,13,11748.27277344443
14,CTDD21,14,11723.017956606855
14,CTDD21,15,11735.286453096882
14,CTDD21,16,11753.659665166726
14,CTDD21,17,11731.870389977628
14,CTDD21,18,11742.769441662887
14,CTDD21,19,11761.259724740277
14,CTDD21,20,11765.01969589445
14,CTDD21,21,11771.363634696318
14,CTDD21,22,11767.608141954008
14,CTDD21,23,11783.789682483652
14,CTDD21,24,11772.721758081125
14,CTDD21,25,11772.63123544466
14,CTDD21,26,11786.656769308598
14,CTDD21,27,11757.06476272804
14,CTDD21,28,11771.305918212336
14,CTDD21,29,11776.524780251175
14,CTDD21,30,11768.661648381038
14,CTDD21,31,11765.667831794026
14,CTDD21,32,11764.01449329534
14,CTDD21,33,11776.92462206666
14,CTDD21,34,11773.188171245638
14,CTDD21,35,11774.851000601864
14,CTDD21,36,11781.974043110498
14,CTDD21,37,11784.61419411063
14,CTDD21,38,11772.636979827628
14,CTDD21,39,11775.053226845239
14,CTDD21,40,11786.475545486277
14,CTDD21,41,11776.256534958564
14,CTDD21,42,11776.080167709788
14,CTDD21,43,11782.98887124639
14,CTDD21,44,11765.70544585818
14,CTDD21,45,11792.064477448743
14,CTDD21,46,11786.169850233136
14,CTDD21,47,11783.05613806263
14,CTDD21,48,11794.541794336597
14,CTDD21,49,11786.4338220252
14,CTDD21,50,11798.26764101645
14,CTDD21,51,11769.050550386639
14,CTDD21,52,11802.999768587033
14,CTDD21,53,11770.80340812179
14,CTDD21,54,11786.667541655626
14,CTDD21,55,11801.453665462454
14,CTDD21,56,11784.182416764974
14,CTDD21,57,11784.716756236441
14,CTDD21,58,11798.538339189803
14,CTDD21,59,11798.61740966393
14,CTDD21,60,11781.058575274246
14,CTDD21,61,11772.119936532341
14,CTDD21,62,11793.925103641066
14,CTDD21,63,11804.216782753452
14,CTDD21,64,11788.15844802684
14,CTDD21,65,11795.890775312606
14,CTDD21,66,11787.848474121114
14,CTDD21,67,11795.888666255429
14,CTDD21,68,11794.141339472273
14,CTDD21,69,11798.921790179891
14,CTDD21,70,11793.855570278341
14,CTDD21,71,11813.492947158471
14,CTDD21,72,11806.502486213958
14,CTDD21,73,11800.514736490828
14,CTDD21,74,11812.31540007097
14,CTDD21,75,11798.368036431431
14,CTDD21,76,11781.863826406348
14,CTDD21,77,11787.755937212496
14,CTDD21,78,11808.82057078995
14,CTDD21,79,11797.688961644053
14,CTDD21,80,11788.124797389419
14,CTDD21,81,11799.027797095545
14,CTDD21,82,11782.64878181627
14,CTDD21,83,11786.05873298142
14,CTDD21,84,11812.559189970503
14,CTDD21,85,11786.906100453602
14,CTDD21,86,11802.160639156216
14,CTDD21,87,11813.687074142465
14,CTDD21,88,11796.483867745166
14,CTDD21,89,11799.47105311818
14,CTDD21,90,11801.945779256639
14,CTDD21,91,11809.035963447564
14,CTDD21,92,11795.266056473336
14,CTDD21,93,11786.191636285224
14,CTDD21,94,11791.889322008923
14,CTDD21,95,11800.095969053282
14,CTDD21,96,11818.687392996299
14,CTDD21,97,11788.488414632939
14,CTDD21,98,11792.164660312741
14,CTDD21,99,11803.395685361447
14,CTDD21,100,11806.957414308712
14,CTDD21,101,11788.672756842843
14,CTDD21,102,11800.533712436492
14,CTDD21,103,11806.916559430188
14,CTDD21,104,11799.39216314323
14,CTDD21,105,11784.798849693434
14,CTDD21,106,11808.880018062167
14,CTDD21,107,11793.297901633172
14,CTDD21,108,11804.621715726744
14,CTDD21,109,11802.381146091646
14,CTDD21,110,11785.213642886776
14,CTDD21,111,11796.833830564476
14,CTDD21,112,11801.011014461485
14,CTDD21,113,11805.006381481266
14,CTDD21,114,11791.600276352863
14,CTDD21,115,11794.27809179402
14,CTDD21,116,11788.083122288055
14,CTDD21,117,11803.256360054213
14,CTDD21,118,11792.661300641037
14,CTDD21,119,11789.246038841713
14,CTDD21,120,11793.088471878353
14,CTDD21,121,11781.161299560992
14,CTDD21,122,11780.557031316383
14,CTDD21,123,11805.1179436842
14,CTDD21,124,11799.298027741377
14,CTDD21,125,11790.228223021473
14,CTDD21,126,11792.229622664046
14,CTDD21,127,11804.18083721949
14,CTDD21,128,11790.488573358443
14,CTDD21,129,11803.962854377103
14,CTDD21,130,11805.050659815572
14,CTDD21,131,11782.777647706816
14,CTDD21,132,11779.963119294216
14,CTDD21,133,11801.314243846471
14,CTDD21,134,11780.267323305867
14,CTDD21,135,11795.290794379594
14,CTDD21,136,11789.965241503818
14,CTDD21,137,11788.098890433368
14,CTDD21,138,11796.238209657107
14,CTDD21,139,11790.685978129659
14,CTDD21,140,11800.900585955053
14,CTDD21,141,11769.23031222816
14,CTDD21,142,11777.743401260228
14,CTDD21,143,11791.50315785762
14,CTDD21,144,11774.4155747179
14,CTDD21,145,11788.830171290076
14,CTDD21,146,11786.95768128959
14,CTDD21,147,11799.555508184163
14,CTDD21,148,11790.42447577994
14,CTDD21,149,11795.078767083047
14,CTDD21,150,11799.40708644406
14,CTDD21,151,11777.969272314846
14,CTDD21,152,11771.055556409216
14,CTDD21,153,11788.219526782277
14,CTDD21,154,11788.01539726855
14,CTDD21,155,11786.221383631073
14,CTDD21,156,11782.946231224694
14,CTDD21,157,11789.48324514418
14,CTDD21,158,11789.973454409534
14,CTDD21,159,11770.768915693632
14,CTDD21,160,11786.351844283636
14,CTDD21,161,11781.225659645503
14,CTDD21,162,11781.144939573087
14,CTDD21,163,11779.275080416526
14,CTDD21,164,11778.540909110687
14,CTDD21,165,11779.258002452378
14,CTDD21,166,11788.418553798065
14,CTDD21,167,11781.692060862877
14,CTDD21,168,11771.648011954947
14,CTDD21,169,11784.563809668458
14,CTDD21,170,11779.9478038895
14,CTDD21,171,11797.826113929186
14,CTDD21,172,11791.618499663044
14,CTDD21,173,11790.398614481313
14,CTDD21,174,11784.348891413047
14,CTDD21,175,11789.658539491867
14,CTDD21,176,11782.69379182746
14,CTDD21,177,11764.597571815844
14,CTDD21,178,11783.207729827765
14,CTDD21,179,11795.495643413278
14,CTDD21,180,11786.178906456262
14,CTDD21,181,11775.30418397862
14,CTDD21,182,11770.198492437863
14,CTDD21,183,11779.037626084275
14,CTDD21,184,11787.824362780555
14,CTDD21,185,11755.522218616814
14,CTDD21,186,11776.435924252244
14,CTDD21,187,11789.796888069099
14,CTDD21,188,11780.746063044819
14,CTDD21,189,11797.29309189741
14,CTDD21,190,11780.124039862654
14,CTDD21,191,11780.914784982757
14,CTDD21,192,11790.753225936067
14,CTDD21,193,11790.939101893924
14,CTDD21,194,11783.350704718416
14,CTDD21,195,11784.264949347857
14,CTDD21,196,11791.0756932124
14,CTDD21,197,11780.221116533347
14,CTDD21,198,11792.248163887167
14,CTDD21,199,11782.103174515756
14,CTDD21,200,11778.358754535726
14,CTDD21,201,11797.612897527611
14,CTDD21,202,11799.492683721559
14,CTDD21,203,11780.722231092404
14,CTDD21,204,11785.077784690973
14,CTDD21,205,11796.703321976773
14,CTDD21,206,11786.274741509122
14,CTDD21,207,11774.67750688454
14,CTDD21,208,11781.089919733462
14,CTDD21,209,11782.915396026707
14,CTDD21,210,11784.00321365656
14,CTDD21,211,11774.99566577245
14,CTDD21,212,11780.356151593462
14,CTDD21,213,11786.125002406381
14,CTDD21,214,11778.974285888184
14,CTDD21,215,11791.390177364337
14,CTDD21,216,11765.839300873791
14,CTDD21,217,11793.252590753487
14,CTDD21,218,11785.991218915186
14,CTDD21,219,11783.164349570425
14,CTDD21,220,11786.659406350043
14,CTDD21,221,11792.337414640024
14,CTDD21,222,11787.767213502486
14,CTDD21,223,11796.285876763164
14,CTDD21,224,11783.934843297036
14,CTDD21,225,11776.089068334128
14,CTDD21,226,11790.139598513726
14,CTDD21,227,11790.377393194522
14,CTDD21,228,11798.400236258212
14,CTDD21,229,11782.442348458892
14,CTDD21,230,11782.053475223993
14,CTDD21,231,11794.587085296525
14,CTDD21,232,11789.303642632287
14,CTDD21,233,11789.32289665165
14,CTDD21,234,11789.379734169455
14,CTDD21,235,11798.799914067633
14,CTDD21,236,11797.02798385163
14,CTDD21,237,11782.768802929299
14,CTDD21,238,11784.868598390076
14,CTDD21,239,11793.06027542736
14,CTDD21,240,11773.356212982024
14,CTDD21,241,11782.660607406779
14,CTDD21,242,11784.490705136248
14,CTDD21,243,11797.200584359394
14,CTDD21,244,11774.557403153633
14,CTDD21,245,11778.086391888284
14,CTDD21,246,11795.052983740443
14,CTDD21,247,11797.040729869974
14,CTDD21,248,11791.355879074968
14,CTDD21,249,11784.209376148283
14,CTDD21,250,11785.557707300482
14,CTDD21,251,11789.966914917033
14,CTDD21,252,11781.828192083358
14,CTDD21,253,11791.726448830239
14,CTDD21,254,11792.739522622698
14,CTDD21,255,11778.478830719623
14,CTDD21,256,11778.922177728693
14,CTDD21,257,11786.394486157507
14,CTDD21,258,11773.09355204213
14,CTDD21,259,11774.178541277133
14,CTDD21,260,11781.123547705027
14,CTDD21,261,11786.466557827878
14,CTDD21,262,11797.791400283031
14,CTDD21,263,11791.51557018267
14,CTDD21,264,11790.630575098045
14,CTDD21,265,11789.552351673083
14,CTDD21,266,11765.515676232382
14,CTDD21,267,11790.950731976354
14,CTDD21,268,11791.762366256615
14,CTDD21,269,11789.017761879737
14,CTDD21,270,11773.213173421529
14,CTDD21,271,11779.019360509516
14,CTDD21,272,11791.298465643657
14,CTDD21,273,11772.617908903425
14,CTDD21,274,11782.541275511994
14,CTDD21,275,11774.732222289394
14,CTDD21,276,11778.75464313756
14,CTDD21,277,11779.70208081599
14,CTDD21,278,11785.9148403523
14,CTDD21,279,11798.789013473963
14,CTDD21,280,11778.979196600965
14,CTDD21,281,11782.69588707604
14,CTDD21,282,11789.255963346583
14,CTDD21,283,11783.770961731798
14,CTDD21,284,11793.864227738452
14,CTDD21,285,11776.549083926993
14,CTDD21,286,11799.230286692138
14,CTDD21,287,11775.612475207685
14,CTDD21,288,11782.517079932155
14,CTDD21,289,11766.75270670582
14,CTDD21,290,11782.045155565265
14,CTDD21,291,11773.346924919528
14,CTDD21,292,11801.39606371032
14,CTDD21,293,11773.482645669084
14,CTDD21,294,11788.489303082433
14,CTDD21,295,11790.609946203564
14,CTDD21,296,11788.936127863792
14,CTDD21,297,11782.247094488923
14,CTDD21,298,11774.471360416199
14,CTDD21,299,11779.935984680516
