start,method,iteration,fitting_loglik
0,IF2,0,5380.065202392642
0,IF2,1,5388.947841859738
0,IF2,2,5388.496625772401
0,IF2,3,5389.685859988924
0,IF2,4,5392.470386638159
0,IF2,5,5393.900969637149
0,IF2,6,5393.745467819957
0,IF2,7,5392.570052106596
0,IF2,8,5392.627506844008
0,IF2,9,5392.849422243015
0,IF2,10,5391.19249218944
0,IF2,11,5387.041088406536
0,IF2,12,5386.772343197195
0,IF2,13,5389.535540160486
0,IF2,14,5385.562680361446
0,IF2,15,5384.773329934953
0,IF2,16,5386.096213884772
0,IF2,17,5392.819430319867
0,IF2,18,5391.990368676609
0,IF2,19,5394.922835442848
0,IF2,20,5396.325138556757
0,IF2,21,5392.614270951089
0,IF2,22,5393.560155166363
0,IF2,23,5391.051852709331
0,IF2,24,5393.7795925199225
0,IF2,25,5392.833335818405
0,IF2,26,5394.912108789056
0,IF2,27,5394.737175986204
0,IF2,28,5392.758461854357
0,IF2,29,5394.047185851745
0,IF2,30,5397.501746295794
0,IF2,31,5395.057444030939
0,IF2,32,5392.476587681491
0,IF2,33,5397.4772595730155
0,IF2,34,5393.867857210842
0,IF2,35,5392.401803012058
0,IF2,36,5393.705780148412
0,IF2,37,5394.011907334415
0,IF2,38,5398.762756505868
0,IF2,39,5391.808011614973
0,IF2,40,5397.283476295653
0,IF2,41,5395.734607898481
0,IF2,42,5395.863668076845
0,IF2,43,5393.674008328471
0,IF2,44,5394.110745368328
0,IF2,45,5398.276395520479
0,IF2,46,5396.413197698456
0,IF2,47,5394.572864104664
0,IF2,48,5396.323177037197
0,IF2,49,5395.061562099822
0,IF2,50,5396.6120981183
0,IF2,51,5397.062300390279
0,IF2,52,5394.033517517524
0,IF2,53,5389.462106501107
0,IF2,54,5389.9154613938035
0,IF2,55,5392.431865461319
0,IF2,56,5394.4529616154905
0,IF2,57,5398.066815939369
0,IF2,58,5394.4188466009
0,IF2,59,5395.065845430399
0,IF2,60,5400.006876100191
0,IF2,61,5394.417929833792
0,IF2,62,5397.702204501556
0,IF2,63,5396.3635879521535
0,IF2,64,5398.062556271039
0,IF2,65,5400.72753294711
0,IF2,66,5398.318038825158
0,IF2,67,5396.583338884807
0,IF2,68,5399.903459048362
0,IF2,69,5398.572677924031
0,IF2,70,5394.018361844458
0,IF2,71,5392.4677788483805
0,IF2,72,5394.817169336882
0,IF2,73,5397.300620035027
0,IF2,74,5395.450783425536
0,IF2,75,5398.45626536238
0,IF2,76,5399.511699601899
0,IF2,77,5396.95102050411
0,IF2,78,5396.780291709843
0,IF2,79,5395.71420382085
0,IF2,80,5396.925121728652
0,IF2,81,5400.290419879884
0,IF2,82,5397.362589324297
0,IF2,83,5398.700562589614
0,IF2,84,5397.157569670436
0,IF2,85,5395.725960847004
0,IF2,86,5393.582235713469
0,IF2,87,5397.411051975425
0,IF2,88,5396.181704783171
0,IF2,89,5398.400249469601
0,IF2,90,5393.345473366028
0,IF2,91,5399.3509228693
0,IF2,92,5394.986469496878
0,IF2,93,5395.127188545662
0,IF2,94,5398.118762349683
0,IF2,95,5391.559046660647
0,IF2,96,5391.577267162352
0,IF2,97,5396.466677712928
0,IF2,98,5400.665570311294
0,IF2,99,5399.837388578552
0,IF2,100,5396.912418987628
0,IF2,101,5392.445675022602
0,IF2,102,5392.702428457274
0,IF2,103,5393.1846953428585
0,IF2,104,5399.325269373756
0,IF2,105,5397.411642521906
0,IF2,106,5398.0315630412515
0,IF2,107,5397.221477565473
0,IF2,108,5396.131114842526
0,IF2,109,5396.289406687758
0,IF2,110,5394.5466170580075
0,IF2,111,5399.046935978788
0,IF2,112,5396.337068993662
0,IF2,113,5392.623563027265
0,IF2,114,5395.773242324536
0,IF2,115,5396.0766550732305
0,IF2,116,5394.071771224883
0,IF2,117,5393.306162580041
0,IF2,118,5394.182607367107
0,IF2,119,5396.022507215706
0,IF2,120,5397.566068699675
0,IF2,121,5395.589156317646
0,IF2,122,5398.739422720917
0,IF2,123,5395.448315443795
0,IF2,124,5397.204521510708
0,IF2,125,5399.884079490874
0,IF2,126,5396.756444366854
0,IF2,127,5399.280785143848
0,IF2,128,5395.555879129831
0,IF2,129,5393.885805104986
0,IF2,130,5397.306711686869
0,IF2,131,5396.245492060381
0,IF2,132,5397.152110198224
0,IF2,133,5401.779020760636
0,IF2,134,5399.389846392643
0,IF2,135,5400.498289396623
0,IF2,136,5399.747256588193
0,IF2,137,5396.122631101745
0,IF2,138,5396.420988468086
0,IF2,139,5397.011635699094
0,IF2,140,5399.41859042741
0,IF2,141,5396.219632583095
0,IF2,142,5400.644665147335
0,IF2,143,5397.285503733662
0,IF2,144,5396.645603182011
0,IF2,145,5402.8812781318065
0,IF2,146,5400.424113532048
0,IF2,147,5402.020167322666
0,IF2,148,5394.762996725605
0,IF2,149,5401.721421299764
0,IF2,150,5398.766869824677
0,IF2,151,5401.115479365935
0,IF2,152,5402.300845485023
0,IF2,153,5397.443776997398
0,IF2,154,5401.265965085173
0,IF2,155,5401.786821320799
0,IF2,156,5398.785721812739
0,IF2,157,5399.306313208849
0,IF2,158,5394.478868074977
0,IF2,159,5397.423357364389
0,IF2,160,5397.791341000643
0,IF2,161,5398.805640535008
0,IF2,162,5395.549188340618
0,IF2,163,5398.258622208702
0,IF2,164,5397.271473427696
0,IF2,165,5400.071229819592
0,IF2,166,5399.422514145102
0,IF2,167,5400.12456344687
0,IF2,168,5396.2064036519305
0,IF2,169,5398.821216985881
0,IF2,170,5402.539748962635
0,IF2,171,5400.823660700889
0,IF2,172,5402.134365987898
0,IF2,173,5398.709659132222
0,IF2,174,5400.308393279673
0,IF2,175,5396.320775120881
0,IF2,176,5393.824645918411
0,IF2,177,5396.135972027942
0,IF2,178,5395.5177909211825
0,IF2,179,5398.406216177739
0,IF2,180,5398.2862003975715
0,IF2,181,5400.342749206192
0,IF2,182,5400.328380732219
0,IF2,183,5401.041743184298
0,IF2,184,5397.483676832193
0,IF2,185,5400.667942481146
0,IF2,186,5400.842971423878
0,IF2,187,5403.708757559196
0,IF2,188,5397.957868219725
0,IF2,189,5400.67233540431
0,IF2,190,5396.286542894087
0,IF2,191,5401.037430788505
0,IF2,192,5396.118071663998
0,IF2,193,5399.487351912322
0,IF2,194,5398.862918381751
0,IF2,195,5401.068173642405
0,IF2,196,5400.070755893272
0,IF2,197,5400.344757623593
0,IF2,198,5398.811879357896
0,IF2,199,5395.539446145734
0,IF2,200,5396.482327907879
0,IF2,201,5400.1589420067785
0,IF2,202,5402.750707850274
0,IF2,203,5397.159594759717
0,IF2,204,5393.438744288772
0,IF2,205,5398.148383007545
0,IF2,206,5398.590323076826
0,IF2,207,5399.9504672092135
0,IF2,208,5398.952702447587
0,IF2,209,5397.281847681641
0,IF2,210,5397.6514184740145
0,IF2,211,5399.783151921838
0,IF2,212,5396.008062352603
0,IF2,213,5398.821625743165
0,IF2,214,5400.186171312061
0,IF2,215,5394.628341628679
0,IF2,216,5395.335580100343
0,IF2,217,5398.4374927833705
0,IF2,218,5398.424408375495
0,IF2,219,5397.755630150212
0,IF2,220,5394.863313426371
0,IF2,221,5400.445760454786
0,IF2,222,5394.962113750446
0,IF2,223,5404.692439088408
0,IF2,224,5399.149432942671
0,IF2,225,5393.389423170783
0,IF2,226,5397.5899998117575
0,IF2,227,5394.10961426869
0,IF2,228,5394.675951673041
0,IF2,229,5397.361901020487
0,IF2,230,5398.1588700523625
0,IF2,231,5395.13473131802
0,IF2,232,5394.495389447439
0,IF2,233,5400.745198593259
0,IF2,234,5395.730803546539
0,IF2,235,5398.529567317294
0,IF2,236,5393.372071030115
0,IF2,237,5394.997202569121
0,IF2,238,5396.780539644247
0,IF2,239,5393.535924806334
0,IF2,240,5394.617327425999
0,IF2,241,5390.5312845672
0,IF2,242,5387.938449381149
0,IF2,243,5392.790505876958
0,IF2,244,5394.936630499583
0,IF2,245,5393.947261402146
0,IF2,246,5395.700925738036
0,IF2,247,5391.4683987193475
0,IF2,248,5393.897009587792
0,IF2,249,5395.362355689565
0,IF2,250,5398.688785017424
0,IF2,251,5394.8666467404855
0,IF2,252,5395.316682493629
0,IF2,253,5397.511538988171
0,IF2,254,5396.201124152875
0,IF2,255,5394.536837334767
0,IF2,256,5396.204040237986
0,IF2,257,5396.107961878377
0,IF2,258,5399.631599023791
0,IF2,259,5396.1528504461085
0,IF2,260,5397.774284419769
0,IF2,261,5399.887988368703
0,IF2,262,5397.130818068967
0,IF2,263,5395.580712970636
0,IF2,264,5400.02229019721
0,IF2,265,5398.153729078416
0,IF2,266,5395.126752632499
0,IF2,267,5396.696615285924
0,IF2,268,5396.755844008804
0,IF2,269,5394.653336947112
0,IF2,270,5397.601955330387
0,IF2,271,5396.124711574333
0,IF2,272,5400.00623262437
0,IF2,273,5396.1989705008555
0,IF2,274,5395.618664345015
0,IF2,275,5394.419683565878
0,IF2,276,5394.060637158844
0,IF2,277,5392.734398704288
0,IF2,278,5395.162184215664
0,IF2,279,5400.530563318483
0,IF2,280,5396.088414383916
0,IF2,281,5394.070692505111
0,IF2,282,5396.775062225972
0,IF2,283,5398.985108372222
0,IF2,284,5394.08205351704
0,IF2,285,5398.885924166804
0,IF2,286,5399.227052986669
0,IF2,287,5396.704883795202
0,IF2,288,5395.263373611484
0,IF2,289,5395.159379486761
0,IF2,290,5398.308842290935
0,IF2,291,5396.313471181715
0,IF2,292,5397.598408891685
0,IF2,293,5399.7123057683975
0,IF2,294,5397.046339645363
0,IF2,295,5401.999054559468
0,IF2,296,5395.936373806478
0,IF2,297,5397.167535765426
0,IF2,298,5395.874661695617
0,IF2,299,5397.972684765723
0,IF2,300,5398.671361876299
0,IF2,301,5395.612183702633
0,IF2,302,5393.301041496755
0,IF2,303,5394.97779552079
0,IF2,304,5397.375166252185
0,IF2,305,5396.360094667908
0,IF2,306,5397.318544602036
0,IF2,307,5394.575935404879
0,IF2,308,5392.9851278562855
0,IF2,309,5395.791974912966
0,IF2,310,5399.303170086178
0,IF2,311,5395.38787198185
0,IF2,312,5396.484165754062
0,IF2,313,5396.3107357680055
0,IF2,314,5398.6336683032805
0,IF2,315,5395.2010906766745
0,IF2,316,5397.311697670062
0,IF2,317,5396.15567759697
0,IF2,318,5393.069602487017
0,IF2,319,5397.144632549762
0,IF2,320,5398.456762301904
0,IF2,321,5393.70423793254
0,IF2,322,5396.9858578395115
0,IF2,323,5394.665534976101
0,IF2,324,5397.3845061337215
0,IF2,325,5395.281336957583
0,IF2,326,5394.712481691576
0,IF2,327,5394.779031292173
0,IF2,328,5392.00351509621
0,IF2,329,5395.786283547124
0,IF2,330,5395.688973793024
0,IF2,331,5397.700612961235
0,IF2,332,5394.245969576828
0,IF2,333,5397.026271486472
0,IF2,334,5399.15106750293
0,IF2,335,5399.307043462832
0,IF2,336,5392.9095055752705
0,IF2,337,5396.25638477842
0,IF2,338,5396.867287705113
0,IF2,339,5396.636883325302
0,IF2,340,5394.074314413752
0,IF2,341,5395.548070964536
0,IF2,342,5399.218667273289
0,IF2,343,5396.252651159198
0,IF2,344,5395.009910777864
0,IF2,345,5397.6243507157205
0,IF2,346,5395.274927754846
0,IF2,347,5397.00478812175
0,IF2,348,5395.915129941848
0,IF2,349,5397.087878183417
0,IF2,350,5393.136701949903
0,IF2,351,5396.79619098792
0,IF2,352,5394.807964507935
0,IF2,353,5395.664570943329
0,IF2,354,5396.126218478003
0,IF2,355,5392.626396623014
0,IF2,356,5397.565785071599
0,IF2,357,5395.920952933851
0,IF2,358,5394.348822325575
0,IF2,359,5397.699620451554
0,IF2,360,5395.998206152259
0,IF2,361,5392.590996710208
0,IF2,362,5393.796215484079
0,IF2,363,5392.3698324129355
0,IF2,364,5395.86409142608
0,IF2,365,5394.842045208729
0,IF2,366,5390.870386545865
0,IF2,367,5399.834670388599
0,IF2,368,5395.366013324108
0,IF2,369,5391.451632311815
0,IF2,370,5400.192550308239
0,IF2,371,5397.027306559492
0,IF2,372,5395.095612533348
0,IF2,373,5395.263120085637
0,IF2,374,5396.082838442682
0,IF2,375,5394.665672141888
0,IF2,376,5394.384517432316
0,IF2,377,5392.776071573278
0,IF2,378,5395.854897488821
0,IF2,379,5394.011333376845
0,IF2,380,5393.497054579505
0,IF2,381,5390.553090371681
0,IF2,382,5393.549837567892
0,IF2,383,5391.415078184379
0,IF2,384,5394.948869856616
0,IF2,385,5396.621463815048
0,IF2,386,5395.383083124091
0,IF2,387,5394.596054093902
0,IF2,388,5391.6229596203975
0,IF2,389,5396.33542135349
0,IF2,390,5394.021802705448
0,IF2,391,5390.297532478256
0,IF2,392,5394.2687388993745
0,IF2,393,5396.058552001361
0,IF2,394,5394.709548728149
0,IF2,395,5392.682023247275
0,IF2,396,5392.8623763425
0,IF2,397,5394.479793253547
0,IF2,398,5394.495674311404
0,IF2,399,5391.829764492021
0,IF2,400,5393.735362751528
0,IF2,401,5390.035307422833
0,IF2,402,5396.354027849704
0,IF2,403,5394.784915064848
0,IF2,404,5394.342499906543
0,IF2,405,5395.945592232449
0,IF2,406,5391.6383904782815
0,IF2,407,5394.478659854141
0,IF2,408,5396.516124278944
0,IF2,409,5394.035873062585
0,IF2,410,5390.050929945376
0,IF2,411,5396.617859672668
0,IF2,412,5393.888646562069
0,IF2,413,5392.879490388669
0,IF2,414,5391.991692027593
0,IF2,415,5395.408682656138
0,IF2,416,5394.686228782741
0,IF2,417,5393.563032179215
0,IF2,418,5395.134661408606
0,IF2,419,5393.098119557246
0,IF2,420,5392.363244010579
0,IF2,421,5392.464440755431
0,IF2,422,5393.7050502358425
0,IF2,423,5394.843147633525
0,IF2,424,5393.643491698833
0,IF2,425,5392.976110350472
0,IF2,426,5393.309418036254
0,IF2,427,5393.230547376182
0,IF2,428,5393.783388893245
0,IF2,429,5391.085886804038
0,IF2,430,5392.13423900689
0,IF2,431,5392.1168162343165
0,IF2,432,5390.684133566714
0,IF2,433,5392.720313055288
0,IF2,434,5394.740917240662
0,IF2,435,5388.403055576772
0,IF2,436,5395.380633609157
0,IF2,437,5395.0634960390025
0,IF2,438,5393.121746536915
0,IF2,439,5393.663242250903
0,IF2,440,5395.533328882587
0,IF2,441,5391.87211137966
0,IF2,442,5392.825887625886
0,IF2,443,5392.66762140238
0,IF2,444,5393.318042144472
0,IF2,445,5396.10234577644
0,IF2,446,5394.048688774731
0,IF2,447,5393.497542039406
0,IF2,448,5395.628780706024
0,IF2,449,5393.272812182048
0,IF2,450,5393.595481830333
0,IF2,451,5394.430351578214
0,IF2,452,5395.543145717465
0,IF2,453,5392.877724278229
0,IF2,454,5392.690803174631
0,IF2,455,5393.768014233253
0,IF2,456,5392.606816769577
0,IF2,457,5397.273021093981
0,IF2,458,5392.866334102113
0,IF2,459,5392.755463508495
0,IF2,460,5393.61249732944
0,IF2,461,5394.391892660084
0,IF2,462,5396.4448385746755
0,IF2,463,5395.049974980552
0,IF2,464,5392.5927787524615
0,IF2,465,5393.4014291486255
0,IF2,466,5391.441177501523
0,IF2,467,5394.168117757739
0,IF2,468,5391.534014239754
0,IF2,469,5397.123795738215
0,IF2,470,5395.62811529814
0,IF2,471,5395.578601506248
0,IF2,472,5397.621080123451
0,IF2,473,5392.343282476523
0,IF2,474,5392.087220127377
0,IF2,475,5395.103774668436
0,IF2,476,5391.41447283303
0,IF2,477,5395.523862640325
0,IF2,478,5394.9542007083655
0,IF2,479,5393.531962208048
0,IF2,480,5397.064181373806
0,IF2,481,5393.468851703207
0,IF2,482,5393.626122303508
0,IF2,483,5394.960848434358
0,IF2,484,5396.466060288605
0,IF2,485,5392.607347204396
0,IF2,486,5393.202422489216
0,IF2,487,5393.260578288505
0,IF2,488,5394.655406323458
0,IF2,489,5395.086166614529
0,IF2,490,5395.654577402666
0,IF2,491,5397.269962916414
0,IF2,492,5394.774805865508
0,IF2,493,5395.160993169057
0,IF2,494,5392.460082352719
0,IF2,495,5394.799197890551
0,IF2,496,5392.274084408247
0,IF2,497,5395.439953786503
0,IF2,498,5395.326627760605
0,IF2,499,5393.392031132813
0,IF2,500,5395.523856587448
0,IF2,501,5392.879441754778
0,IF2,502,5392.372195023336
0,IF2,503,5395.5481831259285
0,IF2,504,5396.198635688198
0,IF2,505,5394.567365235419
0,IF2,506,5395.563428925299
0,IF2,507,5393.658706205962
0,IF2,508,5395.406142902934
0,IF2,509,5395.778591485699
0,IF2,510,5396.436042200527
0,IF2,511,5394.101475229894
0,IF2,512,5396.943839064781
0,IF2,513,5396.854206377622
0,IF2,514,5390.831475227471
0,IF2,515,5398.16012517603
0,IF2,516,5391.577640439505
0,IF2,517,5396.06304312299
0,IF2,518,5393.128529982343
0,IF2,519,5394.00995155977
0,IF2,520,5393.701413938068
0,IF2,521,5396.571307272837
0,IF2,522,5395.999360325672
0,IF2,523,5394.26047714851
0,IF2,524,5397.3185370183555
0,IF2,525,5395.680183166872
0,IF2,526,5393.990041444065
0,IF2,527,5395.338533205617
0,IF2,528,5392.429976021179
0,IF2,529,5395.931176236832
0,IF2,530,5396.340052978074
0,IF2,531,5392.934542847278
0,IF2,532,5394.703136313515
0,IF2,533,5394.3682543440655
0,IF2,534,5394.898440871641
0,IF2,535,5394.942561489731
0,IF2,536,5392.4036338299875
0,IF2,537,5394.6621491416845
0,IF2,538,5394.4986431124025
0,IF2,539,5395.845385735343
0,IF2,540,5391.0947679925575
0,IF2,541,5394.062856739665
0,IF2,542,5395.414752338086
0,IF2,543,5397.291379708524
0,IF2,544,5392.478439480059
0,IF2,545,5395.639674479897
0,IF2,546,5392.388756332402
0,IF2,547,5396.122698894045
0,IF2,548,5394.98401592761
0,IF2,549,5393.553646884059
0,IF2,550,5396.691294423252
0,IF2,551,5396.454376795944
0,IF2,552,5395.652531654875
0,IF2,553,5394.460709874967
0,IF2,554,5392.981429362649
0,IF2,555,5394.484168074221
0,IF2,556,5390.572050978947
0,IF2,557,5393.535480624734
0,IF2,558,5392.345544175599
0,IF2,559,5392.6689759781375
0,IF2,560,5397.833627878944
0,IF2,561,5394.943523896824
0,IF2,562,5394.563812321412
0,IF2,563,5395.86392868944
0,IF2,564,5392.064889838313
0,IF2,565,5392.2999138521545
0,IF2,566,5396.3675244782935
0,IF2,567,5396.527657992935
0,IF2,568,5393.629535482394
0,IF2,569,5395.915491426723
0,IF2,570,5395.421440275175
0,IF2,571,5391.366416433545
0,IF2,572,5392.3085360665955
0,IF2,573,5396.592459226792
0,IF2,574,5393.46054439641
0,IF2,575,5394.6263155713
0,IF2,576,5395.431942118577
0,IF2,577,5394.359461471999
0,IF2,578,5394.766830540244
0,IF2,579,5394.786764922727
0,IF2,580,5392.780185521369
0,IF2,581,5394.965881972963
0,IF2,582,5395.160215028412
0,IF2,583,5394.585691902435
0,IF2,584,5391.908097284671
0,IF2,585,5391.4793137489005
0,IF2,586,5393.867479926324
0,IF2,587,5394.767841304769
0,IF2,588,5395.636958220349
0,IF2,589,5395.254519832722
0,IF2,590,5394.60464797707
0,IF2,591,5391.686708576182
0,IF2,592,5393.589380408903
0,IF2,593,5394.690016436382
0,IF2,594,5396.373157868651
0,IF2,595,5393.082464399519
0,IF2,596,5396.900417423116
0,IF2,597,5393.924269195081
0,IF2,598,5394.766782358784
0,IF2,599,5396.007980600854
0,IFAD,0,5362.065475308573
0,IFAD,1,5391.219937277686
0,IFAD,2,5384.928279865858
0,IFAD,3,5388.181843031601
0,IFAD,4,5392.899883012973
0,IFAD,5,5390.368696898079
0,IFAD,6,5389.98935673419
0,IFAD,7,5390.578867516031
0,IFAD,8,5388.3846252546955
0,IFAD,9,5387.3500598464925
0,IFAD,10,5391.705849590431
0,IFAD,11,5385.882617274763
0,IFAD,12,5393.947838948353
0,IFAD,13,5390.350885074147
0,IFAD,14,5392.624049759089
0,IFAD,15,5387.684855874234
0,IFAD,16,5389.875954352747
0,IFAD,17,5394.373611850086
0,IFAD,18,5390.269771201192
0,IFAD,19,5396.159961852486
0,IFAD,20,5392.512410856765
0,IFAD,21,5387.870274834549
0,IFAD,22,5392.43761731861
0,IFAD,23,5389.973368698951
0,IFAD,24,5384.777029704777
0,IFAD,25,5387.814366509963
0,IFAD,26,5389.077298424481
0,IFAD,27,5383.6896105052565
0,IFAD,28,5395.34899544325
0,IFAD,29,5389.735784207186
0,IFAD,30,5386.513026206193
0,IFAD,31,5389.5533894414375
0,IFAD,32,5390.436194016551
0,IFAD,33,5393.79520983756
0,IFAD,34,5392.911350298901
0,IFAD,35,5390.172788029155
0,IFAD,36,5395.499239461192
0,IFAD,37,5400.189898727714
0,IFAD,38,5391.2902260297205
0,IFAD,39,5391.52792464745
0,IFAD,40,5390.837690933094
0,IFAD,41,5393.194712934226
0,IFAD,42,5394.923936813371
0,IFAD,43,5391.6091870223845
0,IFAD,44,5395.057438146191
0,IFAD,45,5392.8150477315585
0,IFAD,46,5393.5152722583625
0,IFAD,47,5395.747037466021
0,IFAD,48,5392.218644839196
0,IFAD,49,5394.988685128716
0,IFAD,50,5393.665251339938
0,IFAD,51,5390.022178625829
0,IFAD,52,5393.32513629627
0,IFAD,53,5396.484347002125
0,IFAD,54,5392.057966159795
0,IFAD,55,5395.931928223171
0,IFAD,56,5392.469568436284
0,IFAD,57,5393.738008896766
0,IFAD,58,5393.970562172409
0,IFAD,59,5397.100324039145
0,IFAD,60,5396.964870598106
0,IFAD,61,5393.385110220107
0,IFAD,62,5395.739890399598
0,IFAD,63,5388.2999822422125
0,IFAD,64,5395.840000402503
0,IFAD,65,5397.350896178148
0,IFAD,66,5394.264620882165
0,IFAD,67,5396.640285012488
0,IFAD,68,5396.8437578307585
0,IFAD,69,5394.427805563234
0,IFAD,70,5396.31787556606
0,IFAD,71,5397.448076191622
0,IFAD,72,5394.0521176306975
0,IFAD,73,5397.630639607041
0,IFAD,74,5397.751655584511
0,IFAD,75,5395.91870298505
0,IFAD,76,5393.652104137344
0,IFAD,77,5395.787075732088
0,IFAD,78,5392.295912603414
0,IFAD,79,5395.807574899878
0,IFAD,80,5399.595197184167
0,IFAD,81,5393.393847670024
0,IFAD,82,5395.477775787107
0,IFAD,83,5397.337506045522
0,IFAD,84,5394.739616898279
0,IFAD,85,5397.061838025544
0,IFAD,86,5393.8141869416
0,IFAD,87,5395.693802107959
0,IFAD,88,5397.074952188509
0,IFAD,89,5392.778538381108
0,IFAD,90,5397.623942338215
0,IFAD,91,5398.270044481831
0,IFAD,92,5399.573219122557
0,IFAD,93,5399.969212864421
0,IFAD,94,5403.255474366639
0,IFAD,95,5396.249998189454
0,IFAD,96,5391.490526250476
0,IFAD,97,5401.231308517699
0,IFAD,98,5402.411387165178
0,IFAD,99,5396.746612939358
0,IFAD,100,5395.606042657366
0,IFAD,101,5396.758409638079
0,IFAD,102,5399.674847584739
0,IFAD,103,5395.07315950173
0,IFAD,104,5398.869833137609
0,IFAD,105,5398.057146643367
0,IFAD,106,5399.947288573047
0,IFAD,107,5397.450497161701
0,IFAD,108,5399.705035671051
0,IFAD,109,5400.062128315037
0,IFAD,110,5397.026785352575
0,IFAD,111,5398.483287776321
0,IFAD,112,5405.208738496743
0,IFAD,113,5401.699322261786
0,IFAD,114,5400.022176910099
0,IFAD,115,5400.775361093048
0,IFAD,116,5401.165765195268
0,IFAD,117,5403.028525043305
0,IFAD,118,5400.756188119989
0,IFAD,119,5401.85824531378
0,IFAD,120,5401.687497737611
0,IFAD,121,5402.227463336976
0,IFAD,122,5402.555594169925
0,IFAD,123,5401.449096791176
0,IFAD,124,5403.016741701125
0,IFAD,125,5403.069780420678
0,IFAD,126,5397.669192748674
0,IFAD,127,5400.854194612596
0,IFAD,128,5404.189997612888
0,IFAD,129,5401.336770970155
0,IFAD,130,5402.634858121855
0,IFAD,131,5406.8090148090205
0,IFAD,132,5398.353081571819
0,IFAD,133,5405.366448264166
0,IFAD,134,5401.9197146358165
0,IFAD,135,5400.90002434054
0,IFAD,136,5403.034150453422
0,IFAD,137,5401.351205300242
0,IFAD,138,5402.707337320982
0,IFAD,139,5400.8526413454
0,IFAD,140,5398.8522403887155
0,IFAD,141,5397.376567514486
0,IFAD,142,5402.809463746234
0,IFAD,143,5400.554854061908
0,IFAD,144,5399.532975366924
0,IFAD,145,5402.188225317361
0,IFAD,146,5400.409365717355
0,IFAD,147,5402.435036117371
0,IFAD,148,5402.863323751221
0,IFAD,149,5403.025752722414
0,IFAD,150,5403.951712866004
0,IFAD,151,5400.304446951646
0,IFAD,152,5401.926958703122
0,IFAD,153,5401.847400910779
0,IFAD,154,5402.093073972814
0,IFAD,155,5402.121418040443
0,IFAD,156,5397.660553183121
0,IFAD,157,5403.883342777285
0,IFAD,158,5403.305168173523
0,IFAD,159,5401.870019119941
0,IFAD,160,5401.748987262464
0,IFAD,161,5404.628818133441
0,IFAD,162,5399.5065575539265
0,IFAD,163,5399.706824872225
0,IFAD,164,5403.365312881045
0,IFAD,165,5401.308311063875
0,IFAD,166,5401.396504506093
0,IFAD,167,5400.522864018696
0,IFAD,168,5401.45175263226
0,IFAD,169,5402.310652002699
0,IFAD,170,5402.2548953850965
0,IFAD,171,5400.560322303151
0,IFAD,172,5402.396949460305
0,IFAD,173,5401.104115868162
0,IFAD,174,5401.660578256168
0,IFAD,175,5402.600575376091
0,IFAD,176,5402.749565564929
0,IFAD,177,5403.358657049476
0,IFAD,178,5401.057349787994
0,IFAD,179,5399.998277295278
0,IFAD,180,5401.591740793023
0,IFAD,181,5402.163092142944
0,IFAD,182,5403.778420546225
0,IFAD,183,5400.923414768498
0,IFAD,184,5401.8405049499
0,IFAD,185,5398.868249525166
0,IFAD,186,5401.563873953804
0,IFAD,187,5404.959136615866
0,IFAD,188,5402.001430627059
0,IFAD,189,5403.551238564141
0,IFAD,190,5403.7540167714515
0,IFAD,191,5405.112347648054
0,IFAD,192,5402.372228195539
0,IFAD,193,5401.793892051029
0,IFAD,194,5402.78470372185
0,IFAD,195,5403.421129000412
0,IFAD,196,5403.0580939559895
0,IFAD,197,5400.309420198744
0,IFAD,198,5402.927568491919
0,IFAD,199,5402.802749592023
0,IFAD,200,5400.426820954205
0,IFAD,201,5405.100084044289
0,IFAD,202,5401.9873852593355
0,IFAD,203,5404.62209370043
0,IFAD,204,5403.46962556892
0,IFAD,205,5401.200462606402
0,IFAD,206,5403.42367454864
0,IFAD,207,5402.359086758109
0,IFAD,208,5401.453791022906
0,IFAD,209,5399.888048470521
0,IFAD,210,5404.592803478272
0,IFAD,211,5401.614781927192
0,IFAD,212,5403.18935423296
0,IFAD,213,5399.857641285943
0,IFAD,214,5399.333624687654
0,IFAD,215,5404.404385408664
0,IFAD,216,5400.346030093775
0,IFAD,217,5402.5530863185195
0,IFAD,218,5402.641122923951
0,IFAD,219,5401.977413059998
0,IFAD,220,5404.4152740489035
0,IFAD,221,5406.551012388856
0,IFAD,222,5400.023319571395
0,IFAD,223,5403.96676389512
0,IFAD,224,5401.113840569558
0,IFAD,225,5402.26867431228
0,IFAD,226,5405.344806550257
0,IFAD,227,5404.38858745932
0,IFAD,228,5400.050123818693
0,IFAD,229,5400.863483130916
0,IFAD,230,5402.885901929468
0,IFAD,231,5405.061189886669
0,IFAD,232,5402.2638799279775
0,IFAD,233,5403.32619139068
0,IFAD,234,5403.460593236145
0,IFAD,235,5404.541214432662
0,IFAD,236,5403.399643752884
0,IFAD,237,5398.860807889274
0,IFAD,238,5399.611796397372
0,IFAD,239,5401.73703700741
0,IFAD,240,5405.378488948524
0,IFAD,241,5401.814992954536
0,IFAD,242,5399.673837999733
0,IFAD,243,5401.682371994006
0,IFAD,244,5403.86067451271
0,IFAD,245,5401.349045001963
0,IFAD,246,5404.5698553780285
0,IFAD,247,5400.798396923848
0,IFAD,248,5404.41126924053
0,IFAD,249,5401.2686542505
0,IFAD,250,5402.960096607563
0,IFAD,251,5403.610597508195
0,IFAD,252,5403.447888959531
0,IFAD,253,5400.459891566568
0,IFAD,254,5403.865233948356
0,IFAD,255,5400.907327693022
0,IFAD,256,5400.375960382239
0,IFAD,257,5402.749175723301
0,IFAD,258,5401.940865882773
0,IFAD,259,5403.757023080396
0,IFAD,260,5401.8994015911585
0,IFAD,261,5400.658730381453
0,IFAD,262,5404.7901837808
0,IFAD,263,5402.006760679988
0,IFAD,264,5405.025303487703
0,IFAD,265,5399.736104543631
0,IFAD,266,5402.736735886735
0,IFAD,267,5404.791284994951
0,IFAD,268,5401.532123441461
0,IFAD,269,5401.79022109558
0,IFAD,270,5405.117677900612
0,IFAD,271,5402.7350791419085
0,IFAD,272,5401.566040495954
0,IFAD,273,5402.700305651703
0,IFAD,274,5400.844112045884
0,IFAD,275,5401.299285312804
0,IFAD,276,5402.345272850336
0,IFAD,277,5404.680633498236
0,IFAD,278,5402.58570933632
0,IFAD,279,5400.274040348053
0,IFAD,280,5404.335194905117
0,IFAD,281,5401.916838770735
0,IFAD,282,5402.289309724455
0,IFAD,283,5403.145474630531
0,IFAD,284,5403.2941505145645
0,IFAD,285,5402.829112713164
0,IFAD,286,5406.161570522024
0,IFAD,287,5405.688461741454
0,IFAD,288,5403.104941301115
0,IFAD,289,5405.488857593945
0,IFAD,290,5401.852318276792
0,IFAD,291,5402.902083833126
0,IFAD,292,5401.412687377898
0,IFAD,293,5402.689199198624
0,IFAD,294,5400.1687281428085
0,IFAD,295,5401.999737816544
0,IFAD,296,5399.669018376981
0,IFAD,297,5401.87951005751
0,IFAD,298,5402.6547690866055
0,IFAD,299,5406.3702455175435
0,IFAD,300,5399.007247474318
0,IFAD,301,5399.972940699669
0,IFAD,302,5403.335716500415
0,IFAD,303,5397.745395943947
0,IFAD,304,5401.648415625084
0,IFAD,305,5404.352786244612
0,IFAD,306,5403.896193643821
0,IFAD,307,5403.616481203138
0,IFAD,308,5400.42101926993
0,IFAD,309,5399.329495733505
0,IFAD,310,5399.334152442102
0,IFAD,311,5401.164948470142
0,IFAD,312,5401.140097350218
0,IFAD,313,5399.569538774554
0,IFAD,314,5401.331347339718
0,IFAD,315,5403.752450631711
0,IFAD,316,5399.983731710162
0,IFAD,317,5403.877447384215
0,IFAD,318,5403.316755277603
0,IFAD,319,5401.3715485266885
0,IFAD,320,5402.230081683764
0,IFAD,321,5402.231203713294
0,IFAD,322,5404.376316653986
0,IFAD,323,5400.375314781295
0,IFAD,324,5403.538045063393
0,IFAD,325,5403.398140162546
0,IFAD,326,5401.972443638361
0,IFAD,327,5399.810120582379
0,IFAD,328,5404.143078569057
0,IFAD,329,5406.7328512289905
0,IFAD,330,5402.155078186871
0,IFAD,331,5398.421287602286
0,IFAD,332,5402.978404357495
0,IFAD,333,5400.642754393495
0,IFAD,334,5399.473695116346
0,IFAD,335,5403.900720884568
0,IFAD,336,5403.620186168434
0,IFAD,337,5400.091966827769
0,IFAD,338,5401.323872223649
0,IFAD,339,5401.184607440468
0,IFAD,340,5400.2379120417445
0,IFAD,341,5405.624745544756
0,IFAD,342,5401.27572056749
0,IFAD,343,5399.770470786954
0,IFAD,344,5401.3407886476425
0,IFAD,345,5400.468217797529
0,IFAD,346,5401.366487408488
0,IFAD,347,5403.152163536389
0,IFAD,348,5401.989998066722
0,IFAD,349,5404.712199615465
0,IFAD,350,5403.1269680413425
0,IFAD,351,5404.20909028777
0,IFAD,352,5397.8639443142365
0,IFAD,353,5401.031595301317
0,IFAD,354,5402.378078657195
0,IFAD,355,5401.908293219756
0,IFAD,356,5400.307573610995
0,IFAD,357,5399.717734347344
0,IFAD,358,5402.739917298012
0,IFAD,359,5402.682043186952
0,IFAD,360,5400.423721813143
0,IFAD,361,5401.404685143173
0,IFAD,362,5405.77620321406
0,IFAD,363,5404.522721451924
0,IFAD,364,5401.5728037694125
0,IFAD,365,5402.581719653072
0,IFAD,366,5405.008508727234
0,IFAD,367,5402.236290035921
0,IFAD,368,5402.323206386438
0,IFAD,369,5403.066971381515
0,IFAD,370,5401.861312703703
0,IFAD,371,5401.943717734252
0,IFAD,372,5403.329651402198
0,IFAD,373,5402.995264622635
0,IFAD,374,5403.031697176958
0,IFAD,375,5402.507861685771
0,IFAD,376,5402.367269666997
0,IFAD,377,5402.151111822987
0,IFAD,378,5403.868689722992
0,IFAD,379,5403.207415015035
0,IFAD,380,5401.359440740268
0,IFAD,381,5402.697441589998
0,IFAD,382,5405.067549069741
0,IFAD,383,5402.518857636923
0,IFAD,384,5404.581697642649
0,IFAD,385,5403.5626620247085
0,IFAD,386,5400.874349146846
0,IFAD,387,5400.665702857223
0,IFAD,388,5401.879059044071
0,IFAD,389,5403.760041037475
0,IFAD,390,5403.506955081945
0,IFAD,391,5401.574735235685
0,IFAD,392,5402.714027849989
0,IFAD,393,5403.5379976508175
0,IFAD,394,5402.298227137677
0,IFAD,395,5401.147610914497
0,IFAD,396,5397.381454461672
0,IFAD,397,5401.159790234454
0,IFAD,398,5399.684833822742
0,IFAD,399,5401.24171443136
0,DS19,0,5156.877630992271
0,DS19,1,5167.989159633248
0,DS19,2,5171.494878261587
0,DS19,3,5178.887043020452
0,DS19,4,5186.193198117787
0,DS19,5,5189.9599878025965
0,DS19,6,5198.628974760719
0,DS19,7,5205.266226892431
0,DS19,8,5213.449069852514
0,DS19,9,5216.1882859668585
0,DS19,10,5222.706263323421
0,DS19,11,5229.953912086527
0,DS19,12,5240.968963644199
0,DS19,13,5240.187162228122
0,DS19,14,5247.773075982522
0,DS19,15,5253.630146349079
0,DS19,16,5259.879026565905
0,DS19,17,5267.583618424918
0,DS19,18,5269.183051933924
0,DS19,19,5276.014984519344
0,DS19,20,5281.086105361226
0,DS19,21,5288.706639509909
0,DS19,22,5288.242887422468
0,DS19,23,5294.920149593459
0,DS19,24,5302.35746817202
0,DS19,25,5306.900645596681
0,DS19,26,5312.8839693753525
0,DS19,27,5317.011047644047
0,DS19,28,5327.121174072329
0,DS19,29,5322.5689555154495
0,DS19,30,5332.006196179383
0,DS19,31,5331.727798774677
0,DS19,32,5334.732413775835
0,DS19,33,5340.3032041888455
0,DS19,34,5342.983068717571
0,DS19,35,5349.831818093937
0,DS19,36,5357.18339036976
0,DS19,37,5356.582165020342
0,DS19,38,5358.280135740647
0,DS19,39,5361.787231927714
0,DS19,40,5362.692872827764
0,DS19,41,5368.125409589744
0,DS19,42,5372.503948036553
0,DS19,43,5373.3163506839865
0,DS19,44,5371.289008552916
0,DS19,45,5376.013909634328
0,DS19,46,5373.189516501178
0,DS19,47,5385.278452166597
0,DS19,48,5386.876409498963
0,DS19,49,5387.592451849343
0,DS19,50,5389.049106447076
0,DS19,51,5381.609839142032
0,DS19,52,5391.5011200079925
0,DS19,53,5389.752917204359
0,DS19,54,5392.967526665431
0,DS19,55,5390.024369637024
0,DS19,56,5391.171139293802
0,DS19,57,5396.714906134369
0,DS19,58,5391.104459786194
0,DS19,59,5390.580712624922
0,DS19,60,5396.279883637474
0,DS19,61,5394.879797190018
0,DS19,62,5392.04590133945
0,DS19,63,5390.826269384354
0,DS19,64,5389.606666914562
0,DS19,65,5387.9484830051815
0,DS19,66,5385.789483303925
0,DS19,67,5391.850236380397
0,DS19,68,5387.84611148206
0,DS19,69,5387.569101000307
0,DS19,70,5383.439006201887
0,DS19,71,5378.111906938901
0,DS19,72,5370.918698770864
0,DS19,73,5389.433552012285
0,DS19,74,5382.949405814682
0,DS19,75,5377.494944917415
0,DS19,76,5370.296560838771
0,DS19,77,5369.0525192621935
0,DS19,78,5364.52814718233
0,DS19,79,5363.191506824613
0,DS19,80,5358.92910118401
0,DS19,81,5355.9769168731755
0,DS19,82,5351.42732211331
0,DS19,83,5361.159945270806
0,DS19,84,5340.240252031633
0,DS19,85,5356.838770659002
0,DS19,86,5339.384217336736
0,DS19,87,5349.2527903980235
0,DS19,88,5339.944944362688
0,DS19,89,5346.4197971304875
0,DS19,90,5344.405121690477
0,DS19,91,5350.156402885342
0,DS19,92,5358.358666301359
0,DS19,93,5348.489646447331
0,DS19,94,5351.790224210419
0,DS19,95,5360.647380446526
0,DS19,96,5362.174757302293
0,DS19,97,5363.779162291477
0,DS19,98,5370.407889621379
0,DS19,99,5360.326621129912
0,DS19,100,5364.344198879892
0,DS19,101,5370.217794796856
0,DS19,102,5372.335197935027
0,DS19,103,5368.241990967388
0,DS19,104,5371.291134489423
0,DS19,105,5382.967690265401
0,DS19,106,5379.3522894117605
0,DS19,107,5378.148079411317
0,DS19,108,5382.391128987989
0,DS19,109,5384.576208304908
0,DS19,110,5384.87861326733
0,DS19,111,5385.028078070745
0,DS19,112,5384.151263105956
0,DS19,113,5386.521805855712
0,DS19,114,5394.74630416458
0,DS19,115,5387.782454288752
0,DS19,116,5398.129860181383
0,DS19,117,5390.404703237016
0,DS19,118,5388.573683017094
0,DS19,119,5398.3010359125965
0,DS19,120,5391.217710685082
0,DS19,121,5390.027387132362
0,DS19,122,5392.485903654098
0,DS19,123,5395.286520790281
0,DS19,124,5399.6970166557485
0,DS19,125,5393.379239305595
0,DS19,126,5391.22091074422
0,DS19,127,5396.888056049637
0,DS19,128,5393.405603777377
0,DS19,129,5395.725398859621
0,DS19,130,5385.954109423939
0,DS19,131,5394.215164993325
0,DS19,132,5394.161561336472
0,DS19,133,5398.517093385339
0,DS19,134,5394.482680480153
0,DS19,135,5379.685955522562
0,DS19,136,5385.0219930257335
0,DS19,137,5389.102579562465
0,DS19,138,5384.1805016832695
0,DS19,139,5380.791808651898
0,DS19,140,5380.128906657206
0,DS19,141,5383.468565556966
0,DS19,142,5381.788169294187
0,DS19,143,5374.1160201397915
0,DS19,144,5373.803496052212
0,DS19,145,5378.006617755159
0,DS19,146,5369.942982682107
0,DS19,147,5368.96372484598
0,DS19,148,5370.768774216661
0,DS19,149,5368.958507525171
0,DS19,150,5364.81260130103
0,DS19,151,5366.093397081602
0,DS19,152,5365.816772047285
0,DS19,153,5363.1006633902125
0,DS19,154,5370.361446292264
0,DS19,155,5370.924340274322
0,DS19,156,5365.029968047313
0,DS19,157,5359.723831585405
0,DS19,158,5361.2340094835445
0,DS19,159,5358.447878826027
0,DS19,160,5357.039327658454
0,DS19,161,5357.25750062552
0,DS19,162,5352.496929644019
0,DS19,163,5358.348135739621
0,DS19,164,5355.133364792654
0,DS19,165,5353.691965354348
0,DS19,166,5348.325594885733
0,DS19,167,5354.857175685428
0,DS19,168,5358.174989596234
0,DS19,169,5351.858040289987
0,DS19,170,5354.150761394668
0,DS19,171,5355.784263237243
0,DS19,172,5361.371395994634
0,DS19,173,5353.9480803400875
0,DS19,174,5354.573500027855
0,DS19,175,5359.135527992772
0,DS19,176,5359.134474691953
0,DS19,177,5363.60274017927
0,DS19,178,5350.498588530205
0,DS19,179,5354.2284217497045
0,DS19,180,5357.892984626744
0,DS19,181,5365.989949001454
0,DS19,182,5358.81462155467
0,DS19,183,5362.828694778549
0,DS19,184,5360.596776930924
0,DS19,185,5366.412253414351
0,DS19,186,5363.4485158041625
0,DS19,187,5362.304103913227
0,DS19,188,5364.812763395768
0,DS19,189,5369.93224496103
0,DS19,190,5368.099363106165
0,DS19,191,5367.955707649116
0,DS19,192,5372.1848567115285
0,DS19,193,5370.973860764426
0,DS19,194,5370.666147386914
0,DS19,195,5375.853396368601
0,DS19,196,5367.54109379748
0,DS19,197,5370.3292629708
0,DS19,198,5375.919134009578
0,DS19,199,5375.203946883517
0,DS19,200,5376.740428249531
0,DS19,201,5385.296150906709
0,DS19,202,5379.891920824174
0,DS19,203,5379.425433495083
0,DS19,204,5371.505679694485
0,DS19,205,5380.256783335837
0,DS19,206,5379.621614989606
0,DS19,207,5382.038448287374
0,DS19,208,5386.782111176798
0,DS19,209,5383.9119767602215
0,DS19,210,5387.135128014146
0,DS19,211,5381.048246419977
0,DS19,212,5388.114008134966
0,DS19,213,5385.2528961874705
0,DS19,214,5387.121273709889
0,DS19,215,5383.655248643649
0,DS19,216,5391.773959015449
0,DS19,217,5380.97687261955
0,DS19,218,5391.876429885769
0,DS19,219,5387.983945099358
0,DS19,220,5384.9517079262605
0,DS19,221,5392.41053992984
0,DS19,222,5389.782275822937
0,DS19,223,5387.755116497662
0,DS19,224,5386.255005175848
0,DS19,225,5388.748996810767
0,DS19,226,5387.885863051776
0,DS19,227,5389.770399656568
0,DS19,228,5387.112395227295
0,DS19,229,5394.799830977637
0,DS19,230,5391.180740798851
0,DS19,231,5385.185498250898
0,DS19,232,5402.490137499641
0,DS19,233,5385.863338198516
0,DS19,234,5398.19155145082
0,DS19,235,5389.1982866682865
0,DS19,236,5393.7614520597745
0,DS19,237,5391.347369408059
0,DS19,238,5396.714336284464
0,DS19,239,5390.9719464711025
0,DS19,240,5398.228478151839
0,DS19,241,5395.853101224276
0,DS19,242,5390.165251648406
0,DS19,243,5402.27249272658
0,DS19,244,5401.8460374137185
0,DS19,245,5396.081633141238
0,DS19,246,5393.011599474564
0,DS19,247,5388.31160318025
0,DS19,248,5397.762851963517
0,DS19,249,5396.622570652193
0,DS19,250,5395.128917081103
0,DS19,251,5384.249289012507
0,DS19,252,5395.441353748453
0,DS19,253,5401.115189244081
0,DS19,254,5395.287494093445
0,DS19,255,5396.195684576932
0,DS19,256,5399.270792488082
0,DS19,257,5400.022216259278
0,DS19,258,5392.1011134590935
0,DS19,259,5397.200445973562
0,DS19,260,5391.530091678515
0,DS19,261,5397.4902516708735
0,DS19,262,5387.23595275167
0,DS19,263,5395.868430062904
0,DS19,264,5393.559117576869
0,DS19,265,5395.4680659238675
0,DS19,266,5398.973864084147
0,DS19,267,5398.06827058533
0,DS19,268,5393.107610984371
0,DS19,269,5399.322223249193
0,DS19,270,5389.878250998113
0,DS19,271,5400.367047643117
0,DS19,272,5396.043657988002
0,DS19,273,5392.496025153023
0,DS19,274,5397.746595791336
0,DS19,275,5393.2392266547895
0,DS19,276,5398.9518295464695
0,DS19,277,5398.862298642308
0,DS19,278,5381.411490594694
0,DS19,279,5388.809517304907
0,DS19,280,5392.209239927103
0,DS19,281,5387.506127070391
0,DS19,282,5397.753119811359
0,DS19,283,5394.3766324979315
0,DS19,284,5393.803282566928
0,DS19,285,5397.10983391905
0,DS19,286,5399.721015670376
0,DS19,287,5390.970140307111
0,DS19,288,5388.314637294864
0,DS19,289,5397.433139492273
0,DS19,290,5392.641650518938
0,DS19,291,5392.715794067386
0,DS19,292,5383.1936972527055
0,DS19,293,5402.115992297867
0,DS19,294,5396.400588402208
0,DS19,295,5398.155537746449
0,DS19,296,5393.536331991618
0,DS19,297,5383.529592085917
0,DS19,298,5398.97902856069
0,DS19,299,5387.752673226553
0,CTDD21,0,5161.429730727887
0,CTDD21,1,5169.503742465471
0,CTDD21,2,5179.280333477559
0,CTDD21,3,5185.984849863869
0,CTDD21,4,5186.49848692438
0,CTDD21,5,5199.906864657277
0,CTDD21,6,5201.816548423442
0,CTDD21,7,5214.262842694381
0,CTDD21,8,5226.290164167708
0,CTDD21,9,5224.68930407991
0,CTDD21,10,5230.829628933156
0,CTDD21,11,5231.2038495724455
0,CTDD21,12,5233.863673491096
0,CTDD21,13,5250.0129814975635
0,CTDD21,14,5246.450807548476
0,CTDD21,15,5255.014604260575
0,CTDD21,16,5258.166870219094
0,CTDD21,17,5269.717430449189
0,CTDD21,18,5269.88958259615
0,CTDD21,19,5278.063207341029
0,CTDD21,20,5281.528275821464
0,CTDD21,21,5292.816508705005
0,CTDD21,22,5301.820404190938
0,CTDD21,23,5290.225624003921
0,CTDD21,24,5300.224272710854
0,CTDD21,25,5308.83367738935
0,CTDD21,26,5307.428400715078
0,CTDD21,27,5310.066700047538
0,CTDD21,28,5310.565099527713
0,CTDD21,29,5322.019490573081
0,CTDD21,30,5315.56665564862
0,CTDD21,31,5333.867538363434
0,CTDD21,32,5325.510565888134
0,CTDD21,33,5330.440821262601
0,CTDD21,34,5341.3464545239385
0,CTDD21,35,5347.85901709745
0,CTDD21,36,5345.689655802195
0,CTDD21,37,5346.063749893972
0,CTDD21,38,5362.880772465346
0,CTDD21,39,5361.138096841604
0,CTDD21,40,5354.1232424874215
0,CTDD21,41,5359.086928324841
0,CTDD21,42,5354.950860254184
0,CTDD21,43,5371.207719961654
0,CTDD21,44,5352.2709457678975
0,CTDD21,45,5370.105083983432
0,CTDD21,46,5358.580740855546
0,CTDD21,47,5363.386548195696
0,CTDD21,48,5377.6000144179125
0,CTDD21,49,5362.601827568261
0,CTDD21,50,5370.865785211599
0,CTDD21,51,5376.907043082153
0,CTDD21,52,5376.342819039243
0,CTDD21,53,5375.043817674733
0,CTDD21,54,5368.585903416131
0,CTDD21,55,5358.418647307137
0,CTDD21,56,5367.188711942394
0,CTDD21,57,5365.89427222581
0,CTDD21,58,5357.5715442260125
0,CTDD21,59,5358.049426526388
0,CTDD21,60,5371.561842987982
0,CTDD21,61,5376.149428321361
0,CTDD21,62,5390.870938812955
0,CTDD21,63,5362.455928907419
0,CTDD21,64,5367.734669571862
0,CTDD21,65,5380.566733965359
0,CTDD21,66,5359.399249778755
0,CTDD21,67,5368.220796057532
0,CTDD21,68,5360.123953808409
0,CTDD21,69,5354.8728462642985
0,CTDD21,70,5360.157123178031
0,CTDD21,71,5363.1762018039135
0,CTDD21,72,5375.730566081902
0,CTDD21,73,5384.178664261421
0,CTDD21,74,5369.5973130554385
0,CTDD21,75,5372.57690386043
0,CTDD21,76,5369.6054496927345
0,CTDD21,77,5373.268556268561
0,CTDD21,78,5362.945902147342
0,CTDD21,79,5367.626752389506
0,CTDD21,80,5364.559638950369
0,CTDD21,81,5381.810418144747
0,CTDD21,82,5359.890540710899
0,CTDD21,83,5369.336829125185
0,CTDD21,84,5362.60219513052
0,CTDD21,85,5369.119120119941
0,CTDD21,86,5348.076410844461
0,CTDD21,87,5367.32834915759
0,CTDD21,88,5373.247069762783
0,CTDD21,89,5359.216713910922
0,CTDD21,90,5361.089586481571
0,CTDD21,91,5362.320786728725
0,CTDD21,92,5380.767413800285
0,CTDD21,93,5383.107246923799
0,CTDD21,94,5356.61204354046
0,CTDD21,95,5369.497220020241
0,CTDD21,96,5369.346799300857
0,CTDD21,97,5378.997439390607
0,CTDD21,98,5384.856241288464
0,CTDD21,99,5368.859563712244
0,CTDD21,100,5360.8002955345855
0,CTDD21,101,5372.955437521821
0,CTDD21,102,5375.456696726231
0,CTDD21,103,5381.495354791682
0,CTDD21,104,5375.116587263773
0,CTDD21,105,5361.160747136092
0,CTDD21,106,5377.6190024924335
0,CTDD21,107,5376.260960936608
0,CTDD21,108,5375.659503004158
0,CTDD21,109,5370.081988734865
0,CTDD21,110,5374.224502611876
0,CTDD21,111,5370.536802662286
0,CTDD21,112,5371.218449302897
0,CTDD21,113,5392.442445111468
0,CTDD21,114,5366.361233349459
0,CTDD21,115,5367.726610601752
0,CTDD21,116,5385.134252260225
0,CTDD21,117,5374.369777235873
0,CTDD21,118,5381.777092753736
0,CTDD21,119,5356.095043807217
0,CTDD21,120,5370.128574312054
0,CTDD21,121,5367.8222539694625
0,CTDD21,122,5371.525678146764
0,CTDD21,123,5378.065010812557
0,CTDD21,124,5370.8202683512645
0,CTDD21,125,5370.583869600041
0,CTDD21,126,5368.13773454996
0,CTDD21,127,5375.497009931565
0,CTDD21,128,5381.450211467022
0,CTDD21,129,5374.68659932506
0,CTDD21,130,5372.476735497919
0,CTDD21,131,5369.649812217339
0,CTDD21,132,5378.561298879484
0,CTDD21,133,5368.397740295082
0,CTDD21,134,5383.526210889607
0,CTDD21,135,5379.337916168699
0,CTDD21,136,5365.979677224153
0,CTDD21,137,5374.283116951668
0,CTDD21,138,5369.311383066791
0,CTDD21,139,5363.767420175992
0,CTDD21,140,5369.641479673723
0,CTDD21,141,5365.494789887237
0,CTDD21,142,5375.077529437132
0,CTDD21,143,5367.73600656496
0,CTDD21,144,5370.555690180691
0,CTDD21,145,5379.684691853216
0,CTDD21,146,5381.833698752009
0,CTDD21,147,5370.2357040091065
0,CTDD21,148,5365.166914199849
0,CTDD21,149,5377.114716694479
0,CTDD21,150,5378.973045448545
0,CTDD21,151,5382.938970815699
0,CTDD21,152,5353.106807454814
0,CTDD21,153,5376.595105541905
0,CTDD21,154,5372.507224401119
0,CTDD21,155,5373.187680950121
0,CTDD21,156,5375.467963562609
0,CTDD21,157,5377.430168464903
0,CTDD21,158,5375.0955520420675
0,CTDD21,159,5366.306306554738
0,CTDD21,160,5369.640201729972
0,CTDD21,161,5374.74446592088
0,CTDD21,162,5367.041488460908
0,CTDD21,163,5386.664065219121
0,CTDD21,164,5371.881050207669
0,CTDD21,165,5361.780553325325
0,CTDD21,166,5372.56834866233
0,CTDD21,167,5373.473339760154
0,CTDD21,168,5375.294858331373
0,CTDD21,169,5380.795541047414
0,CTDD21,170,5369.72844066681
0,CTDD21,171,5344.892822649221
0,CTDD21,172,5377.482888581647
0,CTDD21,173,5375.953916243219
0,CTDD21,174,5382.514686125994
0,CTDD21,175,5370.142281220337
0,CTDD21,176,5360.423056797456
0,CTDD21,177,5375.635914005434
0,CTDD21,178,5380.944270153029
0,CTDD21,179,5364.819699803109
0,CTDD21,180,5376.898708894474
0,CTDD21,181,5375.678708802579
0,CTDD21,182,5378.181454795166
0,CTDD21,183,5367.31328270478
0,CTDD21,184,5364.154659343682
0,CTDD21,185,5375.199309781462
0,CTDD21,186,5387.136465742793
0,CTDD21,187,5375.247977777267
0,CTDD21,188,5377.83749382508
0,CTDD21,189,5378.254508157579
0,CTDD21,190,5382.866087755184
0,CTDD21,191,5363.162354809845
0,CTDD21,192,5372.205980014253
0,CTDD21,193,5388.294308690704
0,CTDD21,194,5365.985477602658
0,CTDD21,195,5368.60442913335
0,CTDD21,196,5379.727507907907
0,CTDD21,197,5369.168056229919
0,CTDD21,198,5369.842811302779
0,CTDD21,199,5361.994905682928
0,CTDD21,200,5363.148763099475
0,CTDD21,201,5370.271260931786
0,CTDD21,202,5384.577135659241
0,CTDD21,203,5372.894019729067
0,CTDD21,204,5377.794408596884
0,CTDD21,205,5370.614180500788
0,CTDD21,206,5379.969263961472
0,CTDD21,207,5377.951829500334
0,CTDD21,208,5373.604946628413
0,CTDD21,209,5376.089596894107
0,CTDD21,210,5371.096184209875
0,CTDD21,211,5366.7534603308295
0,CTDD21,212,5375.228774738361
0,CTDD21,213,5355.268811035965
0,CTDD21,214,5389.661749117708
0,CTDD21,215,5368.519212033121
0,CTDD21,216,5361.952176150254
0,CTDD21,217,5379.92337464482
0,CTDD21,218,5370.628346517064
0,CTDD21,219,5367.802955360952
0,CTDD21,220,5379.535557384096
0,CTDD21,221,5369.564288530109
0,CTDD21,222,5366.213379889171
0,CTDD21,223,5364.008058412574
0,CTDD21,224,5378.087424571566
0,CTDD21,225,5372.3174302416855
0,CTDD21,226,5373.304232765735
0,CTDD21,227,5387.1713953084845
0,CTDD21,228,5370.6502111468235
0,CTDD21,229,5382.504042036148
0,CTDD21,230,5369.656643169034
0,CTDD21,231,5364.5686064388465
0,CTDD21,232,5379.464237855302
0,CTDD21,233,5359.842096538965
0,CTDD21,234,5379.157924046499
0,CTDD21,235,5371.136636223319
0,CTDD21,236,5367.707887169245
0,CTDD21,237,5364.566788527188
0,CTDD21,238,5357.273368993553
0,CTDD21,239,5394.178667992871
0,CTDD21,240,5381.746581923345
0,CTDD21,241,5356.487480813887
0,CTDD21,242,5374.019512122387
0,CTDD21,243,5368.181556569379
0,CTDD21,244,5378.084187662295
0,CTDD21,245,5379.643041757876
0,CTDD21,246,5373.620740585913
0,CTDD21,247,5353.366509228679
0,CTDD21,248,5367.903073697551
0,CTDD21,249,5377.948293329275
0,CTDD21,250,5378.267376653813
0,CTDD21,251,5372.564154018356
0,CTDD21,252,5371.080227364274
0,CTDD21,253,5377.529749467455
0,CTDD21,254,5375.209386658919
0,CTDD21,255,5359.723764379223
0,CTDD21,256,5370.260469275355
0,CTDD21,257,5377.608525095762
0,CTDD21,258,5374.460171274887
0,CTDD21,259,5365.823128493642
0,CTDD21,260,5374.327492285409
0,CTDD21,261,5365.462436052923
0,CTDD21,262,5378.846907447698
0,CTDD21,263,5377.226825407584
0,CTDD21,264,5361.053402106513
0,CTDD21,265,5369.185065714794
0,CTDD21,266,5365.5506795606
0,CTDD21,267,5366.71885306698
0,CTDD21,268,5366.941198996691
0,CTDD21,269,5365.977378899771
0,CTDD21,270,5379.352646909215
0,CTDD21,271,5377.10358644286
0,CTDD21,272,5379.166601150717
0,CTDD21,273,5366.061188876202
0,CTDD21,274,5344.7746841129465
0,CTDD21,275,5383.6575962070465
0,CTDD21,276,5364.749229548872
0,CTDD21,277,5364.344727165261
0,CTDD21,278,5353.232091465756
0,CTDD21,279,5379.2581854550235
0,CTDD21,280,5378.060679849609
0,CTDD21,281,5377.915873303149
0,CTDD21,282,5368.358334188095
0,CTDD21,283,5384.661830701248
0,CTDD21,284,5365.670117299547
0,CTDD21,285,5372.284791094065
0,CTDD21,286,5366.9748753436
0,CTDD21,287,5368.174335141588
0,CTDD21,288,5375.780447532413
0,CTDD21,289,5377.957845811717
0,CTDD21,290,5363.619210458015
0,CTDD21,291,5372.802383482895
0,CTDD21,292,5374.437600082442
0,CTDD21,293,5369.016944316719
0,CTDD21,294,5370.515327356465
0,CTDD21,295,5364.24726483554
0,CTDD21,296,5384.64201855145
0,CTDD21,297,5380.0351065551695
0,CTDD21,298,5356.427040450924
0,CTDD21,299,5380.090623336683
1,IF2,0,5388.512953641844
1,IF2,1,5387.913940515407
1,IF2,2,5388.5265628491115
1,IF2,3,5395.653053658003
1,IF2,4,5393.139378482688
1,IF2,5,5391.453543466569
1,IF2,6,5390.810066754274
1,IF2,7,5390.053585263824
1,IF2,8,5390.827277178564
1,IF2,9,5393.80434991298
1,IF2,10,5392.906050228369
1,IF2,11,5395.56395407112
1,IF2,12,5389.968701972222
1,IF2,13,5388.55826676991
1,IF2,14,5390.332155587064
1,IF2,15,5387.921006941589
1,IF2,16,5389.968520094946
1,IF2,17,5392.002146798231
1,IF2,18,5391.437446999964
1,IF2,19,5393.085001999293
1,IF2,20,5391.056907518325
1,IF2,21,5395.597313072155
1,IF2,22,5391.062231033628
1,IF2,23,5393.362847570375
1,IF2,24,5393.227683779659
1,IF2,25,5395.550441540802
1,IF2,26,5391.832480928704
1,IF2,27,5389.9599569018055
1,IF2,28,5394.775252986413
1,IF2,29,5392.175919576882
1,IF2,30,5394.454152743294
1,IF2,31,5388.308035861319
1,IF2,32,5387.471896147856
1,IF2,33,5394.214940018281
1,IF2,34,5391.0015398341675
1,IF2,35,5394.029013531934
1,IF2,36,5391.56427542038
1,IF2,37,5398.753630651736
1,IF2,38,5392.942187098312
1,IF2,39,5393.876882289761
1,IF2,40,5394.806278724421
1,IF2,41,5397.387621616052
1,IF2,42,5397.268065554499
1,IF2,43,5395.575591475768
1,IF2,44,5396.652742397948
1,IF2,45,5391.91360340646
1,IF2,46,5397.225887788346
1,IF2,47,5395.873783139336
1,IF2,48,5396.303689736581
1,IF2,49,5391.917071685072
1,IF2,50,5399.032348112283
1,IF2,51,5396.441231884721
1,IF2,52,5396.8590483301905
1,IF2,53,5392.602819888075
1,IF2,54,5391.907751773493
1,IF2,55,5395.004144652194
1,IF2,56,5394.771928751048
1,IF2,57,5397.4841724690905
1,IF2,58,5392.261924444836
1,IF2,59,5394.299271967296
1,IF2,60,5397.385929539651
1,IF2,61,5393.905015007429
1,IF2,62,5390.8762435949575
1,IF2,63,5394.708129430812
1,IF2,64,5394.927467860724
1,IF2,65,5392.716867638482
1,IF2,66,5398.724631614322
1,IF2,67,5397.149436326458
1,IF2,68,5398.392151364299
1,IF2,69,5396.602951763996
1,IF2,70,5395.925601223003
1,IF2,71,5394.627917213807
1,IF2,72,5394.207645352748
1,IF2,73,5397.953254432674
1,IF2,74,5399.722548893313
1,IF2,75,5395.526858658708
1,IF2,76,5400.360005641396
1,IF2,77,5397.610036496037
1,IF2,78,5396.684371672074
1,IF2,79,5394.8329394385955
1,IF2,80,5393.046151639424
1,IF2,81,5397.0292232722495
1,IF2,82,5395.992057115615
1,IF2,83,5396.3134826619735
1,IF2,84,5398.248380368083
1,IF2,85,5396.605516069929
1,IF2,86,5399.3813206004725
1,IF2,87,5394.984191969202
1,IF2,88,5395.105346526523
1,IF2,89,5393.527699386192
1,IF2,90,5395.1950310368575
1,IF2,91,5394.297138334859
1,IF2,92,5396.181151703991
1,IF2,93,5394.073020481332
1,IF2,94,5395.338209720381
1,IF2,95,5395.808223110974
1,IF2,96,5393.545293449322
1,IF2,97,5397.524434438425
1,IF2,98,5398.089738227785
1,IF2,99,5393.759970968233
1,IF2,100,5398.328506703764
1,IF2,101,5392.244505526112
1,IF2,102,5390.144433315918
1,IF2,103,5394.519640653318
1,IF2,104,5397.552600484004
1,IF2,105,5399.073871641349
1,IF2,106,5401.368049131834
1,IF2,107,5395.024130115311
1,IF2,108,5398.16816440413
1,IF2,109,5399.696629563083
1,IF2,110,5395.0869843753935
1,IF2,111,5399.216512101056
1,IF2,112,5400.144030007265
1,IF2,113,5397.322173627054
1,IF2,114,5399.147600466918
1,IF2,115,5400.1381306449475
1,IF2,116,5397.523115885037
1,IF2,117,5393.778481545418
1,IF2,118,5397.117992045389
1,IF2,119,5398.825670936546
1,IF2,120,5396.699264910127
1,IF2,121,5402.2340926418465
1,IF2,122,5396.702647744348
1,IF2,123,5396.513062050038
1,IF2,124,5395.648129298103
1,IF2,125,5399.563003987234
1,IF2,126,5400.360009610197
1,IF2,127,5395.446907677253
1,IF2,128,5397.2467395662625
1,IF2,129,5397.4458961901355
1,IF2,130,5401.813008515294
1,IF2,131,5399.941945612835
1,IF2,132,5396.190788345112
1,IF2,133,5393.013654521177
1,IF2,134,5401.488539462567
1,IF2,135,5397.149062856895
1,IF2,136,5401.162849458715
1,IF2,137,5401.585756627343
1,IF2,138,5399.108868698748
1,IF2,139,5395.340627001541
1,IF2,140,5398.181887271005
1,IF2,141,5400.554844073748
1,IF2,142,5400.72436031778
1,IF2,143,5401.171436701182
1,IF2,144,5402.719613095955
1,IF2,145,5402.343007305344
1,IF2,146,5393.268683863042
1,IF2,147,5403.355259357645
1,IF2,148,5397.037276074657
1,IF2,149,5397.882945713214
1,IF2,150,5397.151539555702
1,IF2,151,5400.199538638098
1,IF2,152,5396.616313457613
1,IF2,153,5400.526427676897
1,IF2,154,5401.082361611491
1,IF2,155,5397.916122730333
1,IF2,156,5402.187303604854
1,IF2,157,5404.554905435778
1,IF2,158,5401.17842423959
1,IF2,159,5398.316398947289
1,IF2,160,5399.895909844821
1,IF2,161,5401.201262215247
1,IF2,162,5400.013574655976
1,IF2,163,5399.329556967015
1,IF2,164,5398.814879450977
1,IF2,165,5402.272200370511
1,IF2,166,5397.055281278861
1,IF2,167,5402.346130189132
1,IF2,168,5397.859769878689
1,IF2,169,5399.146992520315
1,IF2,170,5397.596635098409
1,IF2,171,5401.196864186149
1,IF2,172,5402.178310706804
1,IF2,173,5401.596510223401
1,IF2,174,5400.412309198092
1,IF2,175,5400.802517292627
1,IF2,176,5398.8162669055
1,IF2,177,5396.126480321623
1,IF2,178,5402.361318639177
1,IF2,179,5396.478418506121
1,IF2,180,5398.620711034171
1,IF2,181,5399.951571489396
1,IF2,182,5394.6057702289045
1,IF2,183,5395.031926971755
1,IF2,184,5395.597796261716
1,IF2,185,5395.853844558995
1,IF2,186,5395.756452200441
1,IF2,187,5398.437195989614
1,IF2,188,5396.230893360234
1,IF2,189,5400.658556260702
1,IF2,190,5401.148565180491
1,IF2,191,5400.348303873475
1,IF2,192,5404.463657450439
1,IF2,193,5397.597337125472
1,IF2,194,5399.225736682729
1,IF2,195,5399.651044043628
1,IF2,196,5397.692370458082
1,IF2,197,5399.853975931296
1,IF2,198,5399.238717044456
1,IF2,199,5404.3609363848145
1,IF2,200,5399.641333692553
1,IF2,201,5400.681919679621
1,IF2,202,5401.9405793178075
1,IF2,203,5399.272744285458
1,IF2,204,5400.740330592537
1,IF2,205,5400.546051690055
1,IF2,206,5397.446585482698
1,IF2,207,5398.340830744066
1,IF2,208,5402.597100446653
1,IF2,209,5397.694372996547
1,IF2,210,5396.531203251607
1,IF2,211,5398.758142724584
1,IF2,212,5401.558176863963
1,IF2,213,5402.078796336072
1,IF2,214,5399.837467722269
1,IF2,215,5396.700149814061
1,IF2,216,5399.697758443708
1,IF2,217,5402.585926886308
1,IF2,218,5401.551526779899
1,IF2,219,5397.247396978538
1,IF2,220,5403.827253962642
1,IF2,221,5400.4775007492835
1,IF2,222,5402.1233207093055
1,IF2,223,5400.238568587917
1,IF2,224,5402.857025814562
1,IF2,225,5402.237200460528
1,IF2,226,5398.616976847776
1,IF2,227,5401.572603433274
1,IF2,228,5401.365785590647
1,IF2,229,5397.890113655259
1,IF2,230,5402.701243734285
1,IF2,231,5399.490992333168
1,IF2,232,5400.630926105037
1,IF2,233,5399.139181184845
1,IF2,234,5404.726169917389
1,IF2,235,5397.280489453172
1,IF2,236,5399.224519446106
1,IF2,237,5399.479791544661
1,IF2,238,5393.177864090422
1,IF2,239,5394.415421442837
1,IF2,240,5400.49988655421
1,IF2,241,5398.756189687557
1,IF2,242,5401.718383600927
1,IF2,243,5398.403176241601
1,IF2,244,5403.459079315947
1,IF2,245,5399.317031867642
1,IF2,246,5398.504123317607
1,IF2,247,5399.7010336055355
1,IF2,248,5399.719595163308
1,IF2,249,5397.291912270708
1,IF2,250,5396.6458675743725
1,IF2,251,5397.2397842679975
1,IF2,252,5403.545811977986
1,IF2,253,5399.948169163339
1,IF2,254,5396.294586197551
1,IF2,255,5396.979874863491
1,IF2,256,5397.334579780772
1,IF2,257,5397.181209287028
1,IF2,258,5398.41284168893
1,IF2,259,5400.716193605083
1,IF2,260,5401.513567118496
1,IF2,261,5401.434507454164
1,IF2,262,5401.607059552397
1,IF2,263,5399.814696482986
1,IF2,264,5401.518055411418
1,IF2,265,5401.552670432098
1,IF2,266,5399.94985024264
1,IF2,267,5402.115292644796
1,IF2,268,5401.676419546713
1,IF2,269,5400.433279983619
1,IF2,270,5402.241217730449
1,IF2,271,5402.446783503307
1,IF2,272,5400.243238893013
1,IF2,273,5398.6403489495915
1,IF2,274,5405.160514128965
1,IF2,275,5396.639905859363
1,IF2,276,5402.134066252317
1,IF2,277,5402.030215179191
1,IF2,278,5403.346270179707
1,IF2,279,5401.393384045865
1,IF2,280,5399.32026053808
1,IF2,281,5400.189519315072
1,IF2,282,5399.639728055424
1,IF2,283,5400.223354024411
1,IF2,284,5401.59156305874
1,IF2,285,5397.819476734508
1,IF2,286,5397.741511712099
1,IF2,287,5400.690029892613
1,IF2,288,5402.334942041965
1,IF2,289,5396.612206811196
1,IF2,290,5400.678888923658
1,IF2,291,5403.853734937106
1,IF2,292,5400.89091963282
1,IF2,293,5400.690494111731
1,IF2,294,5400.277621428283
1,IF2,295,5402.057149223621
1,IF2,296,5401.2204596980655
1,IF2,297,5402.569951686074
1,IF2,298,5402.411831165399
1,IF2,299,5399.6343432002095
1,IF2,300,5401.641665624075
1,IF2,301,5403.331492244036
1,IF2,302,5406.157105754833
1,IF2,303,5402.962801017482
1,IF2,304,5404.942774709319
1,IF2,305,5399.130445954876
1,IF2,306,5403.899075035861
1,IF2,307,5402.677915747535
1,IF2,308,5401.595413162348
1,IF2,309,5404.188851115101
1,IF2,310,5401.14116218399
1,IF2,311,5400.855190326556
1,IF2,312,5402.560390086273
1,IF2,313,5401.171275388818
1,IF2,314,5399.222528015735
1,IF2,315,5402.119215358451
1,IF2,316,5401.085712119707
1,IF2,317,5402.21637647293
1,IF2,318,5399.198626789768
1,IF2,319,5403.5397723051165
1,IF2,320,5400.388904114261
1,IF2,321,5401.717386691044
1,IF2,322,5403.544519264339
1,IF2,323,5399.825614299061
1,IF2,324,5401.21340033133
1,IF2,325,5401.5594038317595
1,IF2,326,5399.559127171832
1,IF2,327,5402.02984210253
1,IF2,328,5401.448445166687
1,IF2,329,5402.117050869889
1,IF2,330,5399.579107446064
1,IF2,331,5403.159833371979
1,IF2,332,5401.475863085167
1,IF2,333,5399.872002029281
1,IF2,334,5405.539768670855
1,IF2,335,5402.595089767983
1,IF2,336,5400.576864392585
1,IF2,337,5403.4443074362725
1,IF2,338,5399.961860710545
1,IF2,339,5401.316887594493
1,IF2,340,5400.7135099458565
1,IF2,341,5403.159429949691
1,IF2,342,5398.230933798048
1,IF2,343,5402.515030879801
1,IF2,344,5402.283522585322
1,IF2,345,5400.414373785927
1,IF2,346,5393.022954844317
1,IF2,347,5399.256141632888
1,IF2,348,5401.451943365606
1,IF2,349,5402.540105384783
1,IF2,350,5400.312914175789
1,IF2,351,5400.94023146944
1,IF2,352,5402.29101935428
1,IF2,353,5396.691794347764
1,IF2,354,5403.18754454954
1,IF2,355,5399.414137863412
1,IF2,356,5401.334696109786
1,IF2,357,5399.5964437666635
1,IF2,358,5402.392717265497
1,IF2,359,5398.980408010107
1,IF2,360,5400.1323341085845
1,IF2,361,5400.802686888533
1,IF2,362,5402.639470680876
1,IF2,363,5396.252865679677
1,IF2,364,5401.062181346419
1,IF2,365,5398.4219999897905
1,IF2,366,5403.180662922308
1,IF2,367,5398.729146338283
1,IF2,368,5398.230817153159
1,IF2,369,5400.172089136489
1,IF2,370,5403.232077785859
1,IF2,371,5398.646226715158
1,IF2,372,5397.671869544629
1,IF2,373,5395.507466157146
1,IF2,374,5398.488985952761
1,IF2,375,5397.067151618565
1,IF2,376,5399.222117845952
1,IF2,377,5398.412481520226
1,IF2,378,5399.2749696580195
1,IF2,379,5399.253093623753
1,IF2,380,5396.3327990723565
1,IF2,381,5403.292091141227
1,IF2,382,5400.551056082376
1,IF2,383,5401.63784421353
1,IF2,384,5396.71751196842
1,IF2,385,5400.799211795825
1,IF2,386,5395.5687933469235
1,IF2,387,5397.524352672732
1,IF2,388,5396.962631090034
1,IF2,389,5400.337193350658
1,IF2,390,5401.373559585921
1,IF2,391,5401.848030541528
1,IF2,392,5398.507813017799
1,IF2,393,5397.371442015551
1,IF2,394,5396.563161756311
1,IF2,395,5397.404216883485
1,IF2,396,5394.434314549582
1,IF2,397,5398.935901008042
1,IF2,398,5399.511378477413
1,IF2,399,5398.337766320759
1,IF2,400,5398.775402898438
1,IF2,401,5400.03731410749
1,IF2,402,5395.547245876713
1,IF2,403,5397.848566824469
1,IF2,404,5399.342878557215
1,IF2,405,5397.247293452695
1,IF2,406,5398.002143401956
1,IF2,407,5398.801567219552
1,IF2,408,5400.523219285092
1,IF2,409,5397.669149360035
1,IF2,410,5400.0150386002715
1,IF2,411,5398.256620199526
1,IF2,412,5397.6012232763005
1,IF2,413,5399.52739429481
1,IF2,414,5398.313359009513
1,IF2,415,5402.906732941349
1,IF2,416,5396.905973559007
1,IF2,417,5400.8848108738075
1,IF2,418,5396.714596141346
1,IF2,419,5395.952751285124
1,IF2,420,5397.167832489214
1,IF2,421,5397.353587399984
1,IF2,422,5395.103405713329
1,IF2,423,5402.137384711383
1,IF2,424,5396.520630913183
1,IF2,425,5397.1518418006235
1,IF2,426,5399.076311607387
1,IF2,427,5398.6131870479
1,IF2,428,5397.66203558259
1,IF2,429,5402.50254058327
1,IF2,430,5403.550962588564
1,IF2,431,5397.020905857389
1,IF2,432,5397.848134770227
1,IF2,433,5396.762861337231
1,IF2,434,5399.568961372129
1,IF2,435,5400.945414320547
1,IF2,436,5399.98907747487
1,IF2,437,5402.582138439977
1,IF2,438,5399.140435389379
1,IF2,439,5398.371616640333
1,IF2,440,5400.360433077099
1,IF2,441,5397.082134146865
1,IF2,442,5398.52211464544
1,IF2,443,5402.451965209177
1,IF2,444,5399.582307715011
1,IF2,445,5398.110735177714
1,IF2,446,5397.049993042216
1,IF2,447,5398.1334248919375
1,IF2,448,5402.252094870229
1,IF2,449,5400.303689736492
1,IF2,450,5397.968612365476
1,IF2,451,5398.286969562555
1,IF2,452,5398.109260977104
1,IF2,453,5402.268017387558
1,IF2,454,5403.259623190805
1,IF2,455,5399.984710397024
1,IF2,456,5397.580518429044
1,IF2,457,5399.576748397614
1,IF2,458,5394.995142058493
1,IF2,459,5395.153812149917
1,IF2,460,5399.183052434288
1,IF2,461,5401.396922467505
1,IF2,462,5395.806357336405
1,IF2,463,5400.175879591146
1,IF2,464,5398.910611911933
1,IF2,465,5396.222495582838
1,IF2,466,5397.750541955343
1,IF2,467,5398.778046703726
1,IF2,468,5400.899663265895
1,IF2,469,5398.984000245587
1,IF2,470,5395.984959586373
1,IF2,471,5399.851791920484
1,IF2,472,5395.318044836498
1,IF2,473,5399.889542647573
1,IF2,474,5398.892238416433
1,IF2,475,5396.837893588819
1,IF2,476,5400.739619702829
1,IF2,477,5398.982012934918
1,IF2,478,5398.822860204962
1,IF2,479,5394.796667849221
1,IF2,480,5396.12493860995
1,IF2,481,5397.933598595132
1,IF2,482,5397.571283253408
1,IF2,483,5400.447409360437
1,IF2,484,5400.445602200791
1,IF2,485,5398.540493811902
1,IF2,486,5398.218399889197
1,IF2,487,5398.903621630633
1,IF2,488,5399.492789987674
1,IF2,489,5395.532503720107
1,IF2,490,5400.944992376752
1,IF2,491,5399.429183062334
1,IF2,492,5399.382277359781
1,IF2,493,5399.793909739889
1,IF2,494,5399.098203023965
1,IF2,495,5395.280882097269
1,IF2,496,5396.148681111906
1,IF2,497,5399.525106630782
1,IF2,498,5394.624735029557
1,IF2,499,5396.295557181119
1,IF2,500,5400.950391047313
1,IF2,501,5397.68653109927
1,IF2,502,5397.513715383922
1,IF2,503,5401.717007838733
1,IF2,504,5399.413141628871
1,IF2,505,5396.4242879696385
1,IF2,506,5400.514536975605
1,IF2,507,5397.7676214398225
1,IF2,508,5401.023503278998
1,IF2,509,5402.171196865299
1,IF2,510,5397.486990245121
1,IF2,511,5397.565334423784
1,IF2,512,5398.447284616877
1,IF2,513,5395.179082430463
1,IF2,514,5401.337769069388
1,IF2,515,5394.610052128309
1,IF2,516,5400.232863270997
1,IF2,517,5400.309028537955
1,IF2,518,5398.199648082596
1,IF2,519,5399.105569616927
1,IF2,520,5399.4402602681
1,IF2,521,5398.309040714099
1,IF2,522,5399.814109158939
1,IF2,523,5401.394504703263
1,IF2,524,5399.589843426199
1,IF2,525,5398.309305469665
1,IF2,526,5397.411542333607
1,IF2,527,5399.461027957811
1,IF2,528,5401.158008516117
1,IF2,529,5401.4625337063335
1,IF2,530,5398.50760956456
1,IF2,531,5398.278561938433
1,IF2,532,5398.995071149862
1,IF2,533,5401.1825752227505
1,IF2,534,5397.953641798223
1,IF2,535,5400.824062606945
1,IF2,536,5401.228952955679
1,IF2,537,5398.576265583294
1,IF2,538,5402.385133960227
1,IF2,539,5402.135595992621
1,IF2,540,5398.485682842851
1,IF2,541,5398.780361740225
1,IF2,542,5398.407182095205
1,IF2,543,5394.712458766738
1,IF2,544,5395.410632373284
1,IF2,545,5398.328930308873
1,IF2,546,5397.691943091672
1,IF2,547,5402.0422282253185
1,IF2,548,5397.08803915603
1,IF2,549,5398.0057503507
1,IF2,550,5400.427867974764
1,IF2,551,5397.26739364103
1,IF2,552,5403.107753654371
1,IF2,553,5402.333598473475
1,IF2,554,5403.664815365244
1,IF2,555,5398.814217638044
1,IF2,556,5397.521837243525
1,IF2,557,5401.595937000868
1,IF2,558,5399.310323370064
1,IF2,559,5398.653672086449
1,IF2,560,5400.91073469332
1,IF2,561,5401.7926470729135
1,IF2,562,5400.0361656648865
1,IF2,563,5398.031251354591
1,IF2,564,5401.039023264954
1,IF2,565,5401.660150581405
1,IF2,566,5397.80437686063
1,IF2,567,5397.577087271742
1,IF2,568,5398.371607114087
1,IF2,569,5398.639406536247
1,IF2,570,5400.43103048901
1,IF2,571,5399.1477279873625
1,IF2,572,5401.237807030851
1,IF2,573,5398.941061984029
1,IF2,574,5396.628038531428
1,IF2,575,5395.374779947996
1,IF2,576,5400.259278463309
1,IF2,577,5402.4761584874095
1,IF2,578,5398.661381769912
1,IF2,579,5398.7780145398365
1,IF2,580,5400.635229931032
1,IF2,581,5395.037418785135
1,IF2,582,5399.827130844139
1,IF2,583,5398.313444022602
1,IF2,584,5398.880317630395
1,IF2,585,5402.084636900946
1,IF2,586,5397.436955765707
1,IF2,587,5400.278910358977
1,IF2,588,5399.094389014183
1,IF2,589,5397.188787833281
1,IF2,590,5394.793818507546
1,IF2,591,5397.599268475686
1,IF2,592,5398.774909036984
1,IF2,593,5395.978001881708
1,IF2,594,5401.573065730148
1,IF2,595,5401.417720834019
1,IF2,596,5396.858634708853
1,IF2,597,5398.120966507489
1,IF2,598,5399.081024560072
1,IF2,599,5401.068130036618
1,IFAD,0,5384.300391742649
1,IFAD,1,5389.1824754536765
1,IFAD,2,5388.250142651134
1,IFAD,3,5384.61551208017
1,IFAD,4,5391.049662132732
1,IFAD,5,5390.1942758670375
1,IFAD,6,5395.642884211494
1,IFAD,7,5390.269805955073
1,IFAD,8,5388.911281021747
1,IFAD,9,5392.940271970056
1,IFAD,10,5390.708944586785
1,IFAD,11,5393.7799299101935
1,IFAD,12,5391.860149026327
1,IFAD,13,5392.105444776659
1,IFAD,14,5393.373682735117
1,IFAD,15,5391.909278168041
1,IFAD,16,5384.537696648292
1,IFAD,17,5385.529741684596
1,IFAD,18,5392.210170466189
1,IFAD,19,5394.477887109717
1,IFAD,20,5391.06175813302
1,IFAD,21,5393.197055036626
1,IFAD,22,5394.524406807823
1,IFAD,23,5394.71365813413
1,IFAD,24,5388.101044038388
1,IFAD,25,5394.743470761742
1,IFAD,26,5394.274361172231
1,IFAD,27,5398.659850189048
1,IFAD,28,5391.877161563573
1,IFAD,29,5390.447700181703
1,IFAD,30,5389.783851760062
1,IFAD,31,5396.545525655296
1,IFAD,32,5396.071472530579
1,IFAD,33,5390.471881127225
1,IFAD,34,5396.252224631097
1,IFAD,35,5397.193928012304
1,IFAD,36,5399.057866419104
1,IFAD,37,5392.289471341162
1,IFAD,38,5395.934807816672
1,IFAD,39,5395.886297997742
1,IFAD,40,5393.058227730278
1,IFAD,41,5392.911364307487
1,IFAD,42,5397.237536756376
1,IFAD,43,5397.8045519134785
1,IFAD,44,5394.457349571797
1,IFAD,45,5397.6861980017675
1,IFAD,46,5396.924362134197
1,IFAD,47,5397.3526404478325
1,IFAD,48,5391.758913853868
1,IFAD,49,5396.137663016324
1,IFAD,50,5393.239959683582
1,IFAD,51,5397.1463843484635
1,IFAD,52,5390.964746817875
1,IFAD,53,5395.211056440476
1,IFAD,54,5398.921182971234
1,IFAD,55,5399.45578036269
1,IFAD,56,5396.3963981935985
1,IFAD,57,5392.328931211591
1,IFAD,58,5395.609057250427
1,IFAD,59,5397.055439493376
1,IFAD,60,5394.170133894009
1,IFAD,61,5393.909609016681
1,IFAD,62,5393.492241591165
1,IFAD,63,5395.902019926425
1,IFAD,64,5393.768464161548
1,IFAD,65,5397.0314151170705
1,IFAD,66,5394.788686913615
1,IFAD,67,5393.1072243566905
1,IFAD,68,5394.436512706878
1,IFAD,69,5390.379626688096
1,IFAD,70,5385.357413076607
1,IFAD,71,5392.474272514843
1,IFAD,72,5393.177549131308
1,IFAD,73,5394.675877523521
1,IFAD,74,5393.828058236482
1,IFAD,75,5396.079056532969
1,IFAD,76,5389.600468578788
1,IFAD,77,5392.503086157239
1,IFAD,78,5396.389629403777
1,IFAD,79,5397.053679685719
1,IFAD,80,5397.254769869363
1,IFAD,81,5394.3339953194745
1,IFAD,82,5398.073844026319
1,IFAD,83,5396.966436889982
1,IFAD,84,5399.141651844467
1,IFAD,85,5400.602659338891
1,IFAD,86,5395.781366353143
1,IFAD,87,5398.488081732007
1,IFAD,88,5397.228531591036
1,IFAD,89,5398.392849900463
1,IFAD,90,5400.103933317291
1,IFAD,91,5398.25883306808
1,IFAD,92,5396.132981730414
1,IFAD,93,5399.7403186485135
1,IFAD,94,5397.028122452604
1,IFAD,95,5395.045521378826
1,IFAD,96,5394.591846769411
1,IFAD,97,5390.701994387092
1,IFAD,98,5395.322289844732
1,IFAD,99,5397.885794376841
1,IFAD,100,5402.309012651606
1,IFAD,101,5402.873059941525
1,IFAD,102,5400.4658178349455
1,IFAD,103,5401.264244469228
1,IFAD,104,5401.164863430002
1,IFAD,105,5403.3330344010365
1,IFAD,106,5398.453358525075
1,IFAD,107,5400.263702071648
1,IFAD,108,5401.333234486751
1,IFAD,109,5405.141098448742
1,IFAD,110,5401.092637409063
1,IFAD,111,5401.675171013796
1,IFAD,112,5401.539616726844
1,IFAD,113,5400.387455489
1,IFAD,114,5401.852885443939
1,IFAD,115,5401.5049279879395
1,IFAD,116,5399.146268662925
1,IFAD,117,5402.462942550163
1,IFAD,118,5400.442450506218
1,IFAD,119,5403.044700848349
1,IFAD,120,5403.094258030019
1,IFAD,121,5404.118251027721
1,IFAD,122,5399.10457027181
1,IFAD,123,5398.163967456237
1,IFAD,124,5403.67565380621
1,IFAD,125,5399.666911241682
1,IFAD,126,5402.410274652083
1,IFAD,127,5402.55503765718
1,IFAD,128,5402.16940385414
1,IFAD,129,5402.67043505908
1,IFAD,130,5404.283647283444
1,IFAD,131,5402.741522890964
1,IFAD,132,5402.283208876029
1,IFAD,133,5398.890355333476
1,IFAD,134,5402.895707797591
1,IFAD,135,5402.644809973986
1,IFAD,136,5402.373029304016
1,IFAD,137,5401.531323298466
1,IFAD,138,5399.773641051891
1,IFAD,139,5400.403864549547
1,IFAD,140,5400.1712606189785
1,IFAD,141,5402.441248012882
1,IFAD,142,5406.321452551648
1,IFAD,143,5398.8060029588805
1,IFAD,144,5400.1376957844195
1,IFAD,145,5403.858078373422
1,IFAD,146,5401.79896903366
1,IFAD,147,5400.427883880759
1,IFAD,148,5401.762835331544
1,IFAD,149,5400.23679306097
1,IFAD,150,5403.224791095459
1,IFAD,151,5401.018993012222
1,IFAD,152,5403.544561277372
1,IFAD,153,5404.052253452787
1,IFAD,154,5400.733578748685
1,IFAD,155,5401.429794985758
1,IFAD,156,5404.900404946049
1,IFAD,157,5401.866645701445
1,IFAD,158,5403.896643567
1,IFAD,159,5401.291374493183
1,IFAD,160,5402.695563168748
1,IFAD,161,5402.104314638675
1,IFAD,162,5400.672472512825
1,IFAD,163,5405.248500575943
1,IFAD,164,5402.835748116933
1,IFAD,165,5403.180493246181
1,IFAD,166,5401.191234104613
1,IFAD,167,5403.3896666916235
1,IFAD,168,5398.626479966739
1,IFAD,169,5401.222098575502
1,IFAD,170,5400.210148247767
1,IFAD,171,5399.566893543755
1,IFAD,172,5401.297459033757
1,IFAD,173,5403.003440358003
1,IFAD,174,5403.888413412676
1,IFAD,175,5402.743891189542
1,IFAD,176,5402.46907037104
1,IFAD,177,5404.518851121196
1,IFAD,178,5399.29931131229
1,IFAD,179,5401.906170017219
1,IFAD,180,5402.629569540316
1,IFAD,181,5402.507043902592
1,IFAD,182,5399.466694391199
1,IFAD,183,5398.797145783783
1,IFAD,184,5402.759719587765
1,IFAD,185,5400.390062792089
1,IFAD,186,5404.905523082934
1,IFAD,187,5402.6883049267135
1,IFAD,188,5398.393017906222
1,IFAD,189,5401.350926478786
1,IFAD,190,5401.143019644407
1,IFAD,191,5401.112804010476
1,IFAD,192,5406.306814984028
1,IFAD,193,5403.16665403622
1,IFAD,194,5402.738457829974
1,IFAD,195,5400.858519195443
1,IFAD,196,5400.273652567651
1,IFAD,197,5401.168944695866
1,IFAD,198,5401.726969930227
1,IFAD,199,5400.463707697521
1,IFAD,200,5400.18338173807
1,IFAD,201,5402.549072098159
1,IFAD,202,5398.873684463688
1,IFAD,203,5400.500813527838
1,IFAD,204,5399.428018660707
1,IFAD,205,5403.1343113185385
1,IFAD,206,5401.218321512604
1,IFAD,207,5399.879307226824
1,IFAD,208,5401.261368519133
1,IFAD,209,5400.625001883425
1,IFAD,210,5402.655187401104
1,IFAD,211,5403.078054583785
1,IFAD,212,5403.161923278343
1,IFAD,213,5401.099152644726
1,IFAD,214,5401.83955235129
1,IFAD,215,5402.727684928942
1,IFAD,216,5404.273925813577
1,IFAD,217,5401.242821033194
1,IFAD,218,5400.15607787276
1,IFAD,219,5400.195476451001
1,IFAD,220,5402.593659265086
1,IFAD,221,5402.3386784595805
1,IFAD,222,5401.04533437924
1,IFAD,223,5405.187111430576
1,IFAD,224,5402.072925047714
1,IFAD,225,5400.5320369840965
1,IFAD,226,5404.409275462604
1,IFAD,227,5403.706425349256
1,IFAD,228,5400.813307466894
1,IFAD,229,5402.867414816295
1,IFAD,230,5405.096112774265
1,IFAD,231,5397.829510597064
1,IFAD,232,5399.022718111006
1,IFAD,233,5401.689063226302
1,IFAD,234,5401.786232733829
1,IFAD,235,5402.7668257674995
1,IFAD,236,5398.894424705818
1,IFAD,237,5403.118804411492
1,IFAD,238,5401.314809372055
1,IFAD,239,5402.9467624661265
1,IFAD,240,5403.304218826543
1,IFAD,241,5405.778330562648
1,IFAD,242,5401.18033233674
1,IFAD,243,5402.6505304234
1,IFAD,244,5402.401418063674
1,IFAD,245,5402.233998035559
1,IFAD,246,5402.123181895985
1,IFAD,247,5403.807054345296
1,IFAD,248,5400.174889350024
1,IFAD,249,5404.1208389371905
1,IFAD,250,5402.690020549568
1,IFAD,251,5404.54796987656
1,IFAD,252,5405.790405315349
1,IFAD,253,5401.70052139888
1,IFAD,254,5401.527257782033
1,IFAD,255,5402.602679425451
1,IFAD,256,5401.104940753127
1,IFAD,257,5403.657002018354
1,IFAD,258,5398.7802441548565
1,IFAD,259,5398.071055067413
1,IFAD,260,5401.867443800551
1,IFAD,261,5400.673801983475
1,IFAD,262,5403.72678307492
1,IFAD,263,5404.9556876651195
1,IFAD,264,5404.961161926072
1,IFAD,265,5404.335087406735
1,IFAD,266,5400.290931201467
1,IFAD,267,5403.308950786842
1,IFAD,268,5401.559909015155
1,IFAD,269,5403.540110335102
1,IFAD,270,5403.72493023901
1,IFAD,271,5403.89826118601
1,IFAD,272,5401.613081790563
1,IFAD,273,5401.642147000896
1,IFAD,274,5400.828710056308
1,IFAD,275,5400.655884268562
1,IFAD,276,5400.6929065806935
1,IFAD,277,5403.933945457401
1,IFAD,278,5401.900514546377
1,IFAD,279,5398.049521887754
1,IFAD,280,5402.767389786125
1,IFAD,281,5402.711183582829
1,IFAD,282,5404.778646380623
1,IFAD,283,5401.1502269669045
1,IFAD,284,5402.2934463280835
1,IFAD,285,5401.668590648854
1,IFAD,286,5399.641610118377
1,IFAD,287,5399.875880579158
1,IFAD,288,5404.544797165094
1,IFAD,289,5403.274568945708
1,IFAD,290,5403.317086286969
1,IFAD,291,5402.87350143674
1,IFAD,292,5403.105749942077
1,IFAD,293,5400.589217728145
1,IFAD,294,5398.367239047204
1,IFAD,295,5400.460046924729
1,IFAD,296,5404.630664460281
1,IFAD,297,5403.313397309828
1,IFAD,298,5404.115472890219
1,IFAD,299,5401.208206839035
1,IFAD,300,5400.6463067555005
1,IFAD,301,5405.939431957349
1,IFAD,302,5403.166486698388
1,IFAD,303,5402.623195684173
1,IFAD,304,5401.998440107828
1,IFAD,305,5399.995025342083
1,IFAD,306,5399.129688773705
1,IFAD,307,5400.33150938634
1,IFAD,308,5402.27176468274
1,IFAD,309,5402.433651027706
1,IFAD,310,5402.914974246497
1,IFAD,311,5400.712202004973
1,IFAD,312,5401.973502687881
1,IFAD,313,5401.584738287574
1,IFAD,314,5402.125779010842
1,IFAD,315,5399.387711609656
1,IFAD,316,5402.524727419266
1,IFAD,317,5400.9980832275505
1,IFAD,318,5403.067097406389
1,IFAD,319,5403.907934070851
1,IFAD,320,5402.76485196112
1,IFAD,321,5400.952327758228
1,IFAD,322,5399.3421311414895
1,IFAD,323,5401.057818337416
1,IFAD,324,5403.820692732337
1,IFAD,325,5401.2868377013465
1,IFAD,326,5400.404027218451
1,IFAD,327,5400.18550069282
1,IFAD,328,5402.513845915739
1,IFAD,329,5404.709445124531
1,IFAD,330,5402.207328545612
1,IFAD,331,5402.604385177582
1,IFAD,332,5402.851097983422
1,IFAD,333,5399.932704821437
1,IFAD,334,5402.437568028597
1,IFAD,335,5402.8501293493155
1,IFAD,336,5401.990579906262
1,IFAD,337,5397.921671756788
1,IFAD,338,5400.99120847833
1,IFAD,339,5402.467086961018
1,IFAD,340,5404.61743182716
1,IFAD,341,5398.352957383168
1,IFAD,342,5404.176158726116
1,IFAD,343,5400.203114133888
1,IFAD,344,5400.316853176662
1,IFAD,345,5401.897776935866
1,IFAD,346,5400.526596579636
1,IFAD,347,5400.526910099389
1,IFAD,348,5400.839750408648
1,IFAD,349,5401.826120557842
1,IFAD,350,5402.952626001646
1,IFAD,351,5401.521408791929
1,IFAD,352,5402.223992965638
1,IFAD,353,5399.316563227639
1,IFAD,354,5403.098697408665
1,IFAD,355,5400.729497355662
1,IFAD,356,5400.248533642182
1,IFAD,357,5406.043362087793
1,IFAD,358,5402.184675797639
1,IFAD,359,5401.497424467051
1,IFAD,360,5406.3809338987885
1,IFAD,361,5398.108893730733
1,IFAD,362,5401.838420072208
1,IFAD,363,5401.154888410286
1,IFAD,364,5402.529224694449
1,IFAD,365,5400.4066784018805
1,IFAD,366,5402.334493712777
1,IFAD,367,5398.307013759736
1,IFAD,368,5401.199461861628
1,IFAD,369,5398.356166692112
1,IFAD,370,5405.56578930066
1,IFAD,371,5402.349560301525
1,IFAD,372,5404.035917572516
1,IFAD,373,5402.56918237594
1,IFAD,374,5401.73348062497
1,IFAD,375,5399.569181385858
1,IFAD,376,5402.976870493323
1,IFAD,377,5401.452665123581
1,IFAD,378,5401.43697987931
1,IFAD,379,5404.274262035837
1,IFAD,380,5400.035239822935
1,IFAD,381,5400.832453303898
1,IFAD,382,5400.955722516189
1,IFAD,383,5404.2639465733
1,IFAD,384,5403.306822482859
1,IFAD,385,5404.444118847778
1,IFAD,386,5403.275025271984
1,IFAD,387,5402.341471672673
1,IFAD,388,5402.942863677297
1,IFAD,389,5403.401227409468
1,IFAD,390,5400.6055675975995
1,IFAD,391,5403.408039358715
1,IFAD,392,5401.434759225781
1,IFAD,393,5406.324267021107
1,IFAD,394,5403.727562619666
1,IFAD,395,5404.309170695461
1,IFAD,396,5399.888930000743
1,IFAD,397,5400.761796565594
1,IFAD,398,5399.489813796372
1,IFAD,399,5402.186654755259
1,DS19,0,5365.646799945619
1,DS19,1,5371.127820283321
1,DS19,2,5382.718025919281
1,DS19,3,5386.993655769635
1,DS19,4,5383.49189357458
1,DS19,5,5381.740513061532
1,DS19,6,5387.621455948827
1,DS19,7,5392.73369777962
1,DS19,8,5387.411016452301
1,DS19,9,5393.291617994932
1,DS19,10,5393.864726497143
1,DS19,11,5394.16445780888
1,DS19,12,5396.584198657912
1,DS19,13,5394.467540733909
1,DS19,14,5396.805729650033
1,DS19,15,5392.249950871304
1,DS19,16,5390.527908227524
1,DS19,17,5400.682872694859
1,DS19,18,5396.192644377593
1,DS19,19,5397.426647981132
1,DS19,20,5391.499045786842
1,DS19,21,5388.042241811455
1,DS19,22,5395.478731204475
1,DS19,23,5396.993330200804
1,DS19,24,5390.623983868366
1,DS19,25,5392.237297535992
1,DS19,26,5393.95269827269
1,DS19,27,5391.023962236202
1,DS19,28,5395.599193844156
1,DS19,29,5385.042653485302
1,DS19,30,5396.850772675952
1,DS19,31,5393.320052284101
1,DS19,32,5389.250369346035
1,DS19,33,5389.833471122809
1,DS19,34,5392.630533346005
1,DS19,35,5395.478725150173
1,DS19,36,5387.060798934681
1,DS19,37,5393.664357410204
1,DS19,38,5402.909274930399
1,DS19,39,5395.733428018122
1,DS19,40,5394.676728481088
1,DS19,41,5394.791934862789
1,DS19,42,5393.871438552769
1,DS19,43,5395.706712572852
1,DS19,44,5401.12333089088
1,DS19,45,5393.897223702616
1,DS19,46,5392.257321645933
1,DS19,47,5395.559558412743
1,DS19,48,5399.9777378550125
1,DS19,49,5395.04608047966
1,DS19,50,5389.958541832592
1,DS19,51,5388.336582852976
1,DS19,52,5391.742352310174
1,DS19,53,5395.473257021566
1,DS19,54,5394.406594277144
1,DS19,55,5396.564782868272
1,DS19,56,5396.162590709297
1,DS19,57,5395.690609461908
1,DS19,58,5395.943030724588
1,DS19,59,5393.076514853782
1,DS19,60,5398.9616228785135
1,DS19,61,5403.31032862004
1,DS19,62,5400.114616995523
1,DS19,63,5407.663965674794
1,DS19,64,5401.641848292715
1,DS19,65,5395.145450017591
1,DS19,66,5406.941029348058
1,DS19,67,5393.359851206879
1,DS19,68,5396.813532692829
1,DS19,69,5395.559266059936
1,DS19,70,5389.2986998174765
1,DS19,71,5400.149782145924
1,DS19,72,5403.153409336897
1,DS19,73,5382.041092065249
1,DS19,74,5390.923553475874
1,DS19,75,5395.780620825166
1,DS19,76,5399.471894954784
1,DS19,77,5389.7138875178125
1,DS19,78,5390.333273202338
1,DS19,79,5383.416413764997
1,DS19,80,5393.568592064972
1,DS19,81,5390.015961551938
1,DS19,82,5395.669327780769
1,DS19,83,5389.382600296291
1,DS19,84,5388.952130686097
1,DS19,85,5398.349070956463
1,DS19,86,5392.649667621795
1,DS19,87,5395.001371087072
1,DS19,88,5391.36335899624
1,DS19,89,5393.4797029661595
1,DS19,90,5391.576895707052
1,DS19,91,5390.537210488764
1,DS19,92,5393.609143068149
1,DS19,93,5388.692282221289
1,DS19,94,5391.164570273021
1,DS19,95,5395.619864284625
1,DS19,96,5397.675676749659
1,DS19,97,5392.551872674469
1,DS19,98,5396.970982776761
1,DS19,99,5395.704792869498
1,DS19,100,5398.683742472752
1,DS19,101,5393.885253040928
1,DS19,102,5391.755865545244
1,DS19,103,5391.25556704727
1,DS19,104,5403.09238871762
1,DS19,105,5398.970937215846
1,DS19,106,5396.364576138736
1,DS19,107,5395.07413986936
1,DS19,108,5396.3676003700975
1,DS19,109,5394.416365340201
1,DS19,110,5397.728577258346
1,DS19,111,5394.888983503046
1,DS19,112,5400.038556463794
1,DS19,113,5400.564657953623
1,DS19,114,5393.907596157553
1,DS19,115,5394.897995395916
1,DS19,116,5399.2846951039455
1,DS19,117,5396.005224104993
1,DS19,118,5391.460067114727
1,DS19,119,5389.899695846701
1,DS19,120,5389.436236813901
1,DS19,121,5388.243734169159
1,DS19,122,5388.243227461846
1,DS19,123,5392.724496808265
1,DS19,124,5396.751706458056
1,DS19,125,5390.401940588791
1,DS19,126,5387.68836248559
1,DS19,127,5391.248547524605
1,DS19,128,5390.507652001944
1,DS19,129,5386.511198716279
1,DS19,130,5382.405845476434
1,DS19,131,5393.717490859466
1,DS19,132,5390.926764876483
1,DS19,133,5392.935788984963
1,DS19,134,5387.059499327161
1,DS19,135,5397.286856018861
1,DS19,136,5393.58426861801
1,DS19,137,5392.356112673101
1,DS19,138,5389.863107683587
1,DS19,139,5382.84704998973
1,DS19,140,5392.058759518908
1,DS19,141,5391.130650213573
1,DS19,142,5388.2519264322755
1,DS19,143,5384.064042339527
1,DS19,144,5387.833747426634
1,DS19,145,5394.406346334346
1,DS19,146,5386.847131757674
1,DS19,147,5391.559999240446
1,DS19,148,5395.058568947526
1,DS19,149,5402.128242151196
1,DS19,150,5397.045194107582
1,DS19,151,5388.298737359607
1,DS19,152,5391.462891781142
1,DS19,153,5394.871843306552
1,DS19,154,5396.618523475623
1,DS19,155,5394.691419079242
1,DS19,156,5395.7057313942505
1,DS19,157,5397.305767518239
1,DS19,158,5392.233594215224
1,DS19,159,5400.817959437498
1,DS19,160,5389.997342214248
1,DS19,161,5389.414408852669
1,DS19,162,5393.7783399837745
1,DS19,163,5389.209388347639
1,DS19,164,5390.947475030222
1,DS19,165,5391.492183514091
1,DS19,166,5391.638479562813
1,DS19,167,5404.035238647623
1,DS19,168,5396.209066598586
1,DS19,169,5385.963345521515
1,DS19,170,5397.65138384289
1,DS19,171,5389.97534774462
1,DS19,172,5388.136365145979
1,DS19,173,5393.602504525531
1,DS19,174,5384.08691238002
1,DS19,175,5385.6986151639985
1,DS19,176,5389.617629410518
1,DS19,177,5386.785055005407
1,DS19,178,5393.373914747495
1,DS19,179,5375.800261411088
1,DS19,180,5380.505533812212
1,DS19,181,5375.197505625702
1,DS19,182,5382.274502362338
1,DS19,183,5386.111352590051
1,DS19,184,5386.723210965012
1,DS19,185,5372.38725988542
1,DS19,186,5384.08486742474
1,DS19,187,5382.955539776843
1,DS19,188,5382.012930810189
1,DS19,189,5382.178734805814
1,DS19,190,5370.521059671599
1,DS19,191,5373.253955317165
1,DS19,192,5384.29203797808
1,DS19,193,5376.309952361092
1,DS19,194,5381.037138702484
1,DS19,195,5372.8629008388325
1,DS19,196,5379.697922106013
1,DS19,197,5378.581718453131
1,DS19,198,5380.897398629896
1,DS19,199,5383.4627075458
1,DS19,200,5382.909793572434
1,DS19,201,5373.875609285905
1,DS19,202,5376.0049585521765
1,DS19,203,5380.053854581577
1,DS19,204,5376.276758207856
1,DS19,205,5386.6817710261585
1,DS19,206,5375.610639299578
1,DS19,207,5374.642515909646
1,DS19,208,5377.44561061351
1,DS19,209,5380.93780338933
1,DS19,210,5382.53349939963
1,DS19,211,5376.687926915618
1,DS19,212,5385.797812713738
1,DS19,213,5381.214534407984
1,DS19,214,5390.832175112007
1,DS19,215,5382.152056110443
1,DS19,216,5391.237477695614
1,DS19,217,5387.850976211817
1,DS19,218,5381.011185374531
1,DS19,219,5385.963457809532
1,DS19,220,5381.408698865307
1,DS19,221,5386.481717537243
1,DS19,222,5386.06048412874
1,DS19,223,5385.959764670317
1,DS19,224,5391.683298595638
1,DS19,225,5388.3591424899605
1,DS19,226,5383.212988797085
1,DS19,227,5392.347497546777
1,DS19,228,5390.294963177305
1,DS19,229,5392.038963640414
1,DS19,230,5393.58899156229
1,DS19,231,5391.77954122349
1,DS19,232,5390.836601021914
1,DS19,233,5394.885930314046
1,DS19,234,5390.4263117255205
1,DS19,235,5400.6116727927665
1,DS19,236,5391.297548577309
1,DS19,237,5401.843072534701
1,DS19,238,5393.81587104813
1,DS19,239,5393.770308659263
1,DS19,240,5395.5868448360225
1,DS19,241,5395.695925130392
1,DS19,242,5399.6222918590065
1,DS19,243,5396.291205703301
1,DS19,244,5400.5537183019815
1,DS19,245,5395.769018586915
1,DS19,246,5397.737387192213
1,DS19,247,5398.787658355974
1,DS19,248,5398.322814519308
1,DS19,249,5390.994694564889
1,DS19,250,5392.471668902419
1,DS19,251,5394.340215650316
1,DS19,252,5401.569043715027
1,DS19,253,5399.13114697932
1,DS19,254,5397.624748740021
1,DS19,255,5397.621716146086
1,DS19,256,5402.096508260416
1,DS19,257,5382.369597421699
1,DS19,258,5397.981385121206
1,DS19,259,5393.522883986416
1,DS19,260,5397.517373014006
1,DS19,261,5393.356629840501
1,DS19,262,5395.857386386302
1,DS19,263,5396.295858907699
1,DS19,264,5392.298785236803
1,DS19,265,5397.656446354551
1,DS19,266,5390.111071250898
1,DS19,267,5394.086570013439
1,DS19,268,5394.590858532853
1,DS19,269,5387.766190856736
1,DS19,270,5390.894288798019
1,DS19,271,5396.976140995326
1,DS19,272,5400.2969430980465
1,DS19,273,5390.99526696231
1,DS19,274,5400.883605245333
1,DS19,275,5393.701594063027
1,DS19,276,5389.774014711459
1,DS19,277,5398.500248391528
1,DS19,278,5396.509642050295
1,DS19,279,5393.414895323847
1,DS19,280,5387.069448058002
1,DS19,281,5390.683527569464
1,DS19,282,5395.359769823337
1,DS19,283,5384.548685901904
1,DS19,284,5391.711254124043
1,DS19,285,5390.399600798858
1,DS19,286,5390.737547146244
1,DS19,287,5393.586844080313
1,DS19,288,5387.525823442717
1,DS19,289,5394.761384042465
1,DS19,290,5390.145439285775
1,DS19,291,5395.989839682089
1,DS19,292,5392.797245553105
1,DS19,293,5394.575971835247
1,DS19,294,5394.838386266792
1,DS19,295,5386.030111736491
1,DS19,296,5394.165323663158
1,DS19,297,5397.401108100072
1,DS19,298,5396.807880744314
1,DS19,299,5394.223189119919
1,CTDD21,0,5353.174873608371
1,CTDD21,1,5363.808364655539
1,CTDD21,2,5365.809412904678
1,CTDD21,3,5351.950998694686
1,CTDD21,4,5362.852490202054
1,CTDD21,5,5370.113890171359
1,CTDD21,6,5366.19307843197
1,CTDD21,7,5369.4033198414
1,CTDD21,8,5366.845113020169
1,CTDD21,9,5382.262147109446
1,CTDD21,10,5358.445300578782
1,CTDD21,11,5376.4657505912
1,CTDD21,12,5370.023323183282
1,CTDD21,13,5374.796496826352
1,CTDD21,14,5366.533158455483
1,CTDD21,15,5361.59561356932
1,CTDD21,16,5373.369349954095
1,CTDD21,17,5364.689331855572
1,CTDD21,18,5363.209508765869
1,CTDD21,19,5375.6565939495695
1,CTDD21,20,5368.949481058263
1,CTDD21,21,5380.581248449051
1,CTDD21,22,5361.38250167927
1,CTDD21,23,5369.91098638524
1,CTDD21,24,5368.836766170931
1,CTDD21,25,5373.723438523055
1,CTDD21,26,5369.02412931013
1,CTDD21,27,5370.368154314927
1,CTDD21,28,5376.690571686196
1,CTDD21,29,5378.893059036239
1,CTDD21,30,5366.995863721127
1,CTDD21,31,5363.387755463241
1,CTDD21,32,5391.796159012257
1,CTDD21,33,5372.204723731035
1,CTDD21,34,5359.560284699477
1,CTDD21,35,5369.117329788146
1,CTDD21,36,5363.973858621958
1,CTDD21,37,5380.422537986149
1,CTDD21,38,5375.777406496645
1,CTDD21,39,5357.076372840864
1,CTDD21,40,5389.283361045073
1,CTDD21,41,5373.844817723383
1,CTDD21,42,5368.883446573114
1,CTDD21,43,5366.412737859498
1,CTDD21,44,5369.547445511048
1,CTDD21,45,5358.81299963868
1,CTDD21,46,5362.2712736284775
1,CTDD21,47,5377.450220375065
1,CTDD21,48,5363.066793477776
1,CTDD21,49,5382.176367228384
1,CTDD21,50,5377.616513070611
1,CTDD21,51,5375.3238104104175
1,CTDD21,52,5380.42347260153
1,CTDD21,53,5366.98431426263
1,CTDD21,54,5366.450145757288
1,CTDD21,55,5377.573099830977
1,CTDD21,56,5389.672492672372
1,CTDD21,57,5389.136289338769
1,CTDD21,58,5365.087220265954
1,CTDD21,59,5376.536270692007
1,CTDD21,60,5364.976015849063
1,CTDD21,61,5364.463769024934
1,CTDD21,62,5370.451812561438
1,CTDD21,63,5373.432979490594
1,CTDD21,64,5373.075111166735
1,CTDD21,65,5363.749758375276
1,CTDD21,66,5377.303204873148
1,CTDD21,67,5373.71939732972
1,CTDD21,68,5370.278484924183
1,CTDD21,69,5368.341901450701
1,CTDD21,70,5375.899292357264
1,CTDD21,71,5357.719188339668
1,CTDD21,72,5369.898215867031
1,CTDD21,73,5374.724144062003
1,CTDD21,74,5370.093569088208
1,CTDD21,75,5359.868302583195
1,CTDD21,76,5378.127610087925
1,CTDD21,77,5371.255827931354
1,CTDD21,78,5376.046647895317
1,CTDD21,79,5368.311020612095
1,CTDD21,80,5367.799949614615
1,CTDD21,81,5358.8267283354435
1,CTDD21,82,5372.286228556502
1,CTDD21,83,5373.409415009611
1,CTDD21,84,5382.680686079071
1,CTDD21,85,5368.64415767899
1,CTDD21,86,5373.544890937227
1,CTDD21,87,5353.527190685987
1,CTDD21,88,5357.955398557942
1,CTDD21,89,5376.2335062321135
1,CTDD21,90,5361.596786537479
1,CTDD21,91,5373.351911372786
1,CTDD21,92,5362.314073058788
1,CTDD21,93,5370.00170678191
1,CTDD21,94,5364.291861094947
1,CTDD21,95,5366.316073765003
1,CTDD21,96,5361.714103446275
1,CTDD21,97,5376.640598395295
1,CTDD21,98,5380.772760643724
1,CTDD21,99,5367.069286688464
1,CTDD21,100,5372.43064993207
1,CTDD21,101,5367.713967816983
1,CTDD21,102,5365.998248682562
1,CTDD21,103,5375.523258662704
1,CTDD21,104,5376.753328358575
1,CTDD21,105,5376.362857892663
1,CTDD21,106,5361.124820127625
1,CTDD21,107,5375.318824977358
1,CTDD21,108,5365.902622580895
1,CTDD21,109,5369.114445931116
1,CTDD21,110,5378.244075549463
1,CTDD21,111,5375.7692428514465
1,CTDD21,112,5382.7341396000475
1,CTDD21,113,5355.479700751033
1,CTDD21,114,5379.973495463156
1,CTDD21,115,5385.048867711688
1,CTDD21,116,5377.187288705499
1,CTDD21,117,5357.843752446452
1,CTDD21,118,5359.953986609325
1,CTDD21,119,5372.3960074108945
1,CTDD21,120,5374.7937254828075
1,CTDD21,121,5377.271562677849
1,CTDD21,122,5375.726727529067
1,CTDD21,123,5377.455275075973
1,CTDD21,124,5359.771157976659
1,CTDD21,125,5368.285957056096
1,CTDD21,126,5355.8069370610465
1,CTDD21,127,5398.372046253578
1,CTDD21,128,5380.9707158531955
1,CTDD21,129,5371.653427076886
1,CTDD21,130,5364.841398413167
1,CTDD21,131,5380.255983333687
1,CTDD21,132,5360.5744655552235
1,CTDD21,133,5368.227826444829
1,CTDD21,134,5369.423665482473
1,CTDD21,135,5371.159646012207
1,CTDD21,136,5353.916347314251
1,CTDD21,137,5370.616973071211
1,CTDD21,138,5375.993483937161
1,CTDD21,139,5370.162034266707
1,CTDD21,140,5355.472999069345
1,CTDD21,141,5371.172186426619
1,CTDD21,142,5366.932645739476
1,CTDD21,143,5370.184911310396
1,CTDD21,144,5367.62124823198
1,CTDD21,145,5358.543110880086
1,CTDD21,146,5370.447662198292
1,CTDD21,147,5367.6673588233525
1,CTDD21,148,5384.681323744357
1,CTDD21,149,5387.751453027775
1,CTDD21,150,5369.613801078383
1,CTDD21,151,5358.442178999262
1,CTDD21,152,5357.054813606691
1,CTDD21,153,5369.356437790068
1,CTDD21,154,5377.381161302136
1,CTDD21,155,5362.249234113787
1,CTDD21,156,5367.393527241426
1,CTDD21,157,5378.903089403386
1,CTDD21,158,5366.814512545067
1,CTDD21,159,5375.89745549127
1,CTDD21,160,5377.3704574784515
1,CTDD21,161,5374.405490707362
1,CTDD21,162,5360.772283091984
1,CTDD21,163,5367.580652601247
1,CTDD21,164,5370.282499595824
1,CTDD21,165,5375.384399924653
1,CTDD21,166,5364.556788949818
1,CTDD21,167,5366.461519344012
1,CTDD21,168,5371.545401620069
1,CTDD21,169,5359.8604368768665
1,CTDD21,170,5367.316227512928
1,CTDD21,171,5380.008095978221
1,CTDD21,172,5372.993772382578
1,CTDD21,173,5379.082084522852
1,CTDD21,174,5354.873631415551
1,CTDD21,175,5373.724718748921
1,CTDD21,176,5383.704281453205
1,CTDD21,177,5357.63599981274
1,CTDD21,178,5377.441325277765
1,CTDD21,179,5367.812202746777
1,CTDD21,180,5380.407011199057
1,CTDD21,181,5383.709614599591
1,CTDD21,182,5371.510944321525
1,CTDD21,183,5372.2506780576605
1,CTDD21,184,5375.548235283665
1,CTDD21,185,5356.605919377673
1,CTDD21,186,5355.938322357287
1,CTDD21,187,5379.795151177811
1,CTDD21,188,5370.321334239189
1,CTDD21,189,5373.914558373092
1,CTDD21,190,5357.836236491276
1,CTDD21,191,5380.261911646069
1,CTDD21,192,5368.526464263445
1,CTDD21,193,5380.195216074637
1,CTDD21,194,5372.409308536955
1,CTDD21,195,5351.028559722471
1,CTDD21,196,5363.394429633855
1,CTDD21,197,5376.48019325295
1,CTDD21,198,5367.912945215808
1,CTDD21,199,5353.169414420001
1,CTDD21,200,5372.509163834565
1,CTDD21,201,5365.057743157516
1,CTDD21,202,5364.884233938447
1,CTDD21,203,5380.954404333135
1,CTDD21,204,5378.283917353846
1,CTDD21,205,5377.147976465571
1,CTDD21,206,5379.297905745396
1,CTDD21,207,5389.874019713145
1,CTDD21,208,5375.348630376982
1,CTDD21,209,5380.404421277623
1,CTDD21,210,5373.337921208663
1,CTDD21,211,5382.019606857276
1,CTDD21,212,5385.726560921149
1,CTDD21,213,5366.537831957846
1,CTDD21,214,5380.342996374928
1,CTDD21,215,5366.772238335726
1,CTDD21,216,5367.623828843506
1,CTDD21,217,5366.806819414908
1,CTDD21,218,5375.920936114744
1,CTDD21,219,5376.750891153276
1,CTDD21,220,5371.126950938306
1,CTDD21,221,5364.504361446744
1,CTDD21,222,5380.34351251922
1,CTDD21,223,5360.869556039241
1,CTDD21,224,5385.488002109213
1,CTDD21,225,5358.161036948373
1,CTDD21,226,5378.0969596451805
1,CTDD21,227,5367.1485476313
1,CTDD21,228,5359.346301117032
1,CTDD21,229,5374.436349065512
1,CTDD21,230,5382.195717203612
1,CTDD21,231,5379.715817282445
1,CTDD21,232,5372.580472864633
1,CTDD21,233,5378.87926185175
1,CTDD21,234,5357.014979776078
1,CTDD21,235,5367.457772028029
1,CTDD21,236,5381.682335877391
1,CTDD21,237,5352.351278096537
1,CTDD21,238,5375.998863403829
1,CTDD21,239,5370.03136337374
1,CTDD21,240,5369.922453829921
1,CTDD21,241,5371.897268475341
1,CTDD21,242,5370.159704025545
1,CTDD21,243,5373.642382790217
1,CTDD21,244,5364.187519571382
1,CTDD21,245,5375.461383094425
1,CTDD21,246,5372.409493444872
1,CTDD21,247,5372.793176309411
1,CTDD21,248,5368.80634658079
1,CTDD21,249,5364.544736765103
1,CTDD21,250,5375.349276844328
1,CTDD21,251,5365.1735171017845
1,CTDD21,252,5365.785337669442
1,CTDD21,253,5373.23223629642
1,CTDD21,254,5362.179262481405
1,CTDD21,255,5373.513263503788
1,CTDD21,256,5366.207285635244
1,CTDD21,257,5374.853550144239
1,CTDD21,258,5369.458401419175
1,CTDD21,259,5373.049597260777
1,CTDD21,260,5352.819686022718
1,CTDD21,261,5366.599603979287
1,CTDD21,262,5370.422958385354
1,CTDD21,263,5371.115820532055
1,CTDD21,264,5376.581344560548
1,CTDD21,265,5375.721161841441
1,CTDD21,266,5357.27535099658
1,CTDD21,267,5378.208671604735
1,CTDD21,268,5372.236425496962
1,CTDD21,269,5366.003396421643
1,CTDD21,270,5374.949391052958
1,CTDD21,271,5369.820704036522
1,CTDD21,272,5366.460621551809
1,CTDD21,273,5357.434408177963
1,CTDD21,274,5365.2847433443785
1,CTDD21,275,5376.092217149462
1,CTDD21,276,5370.965559012176
1,CTDD21,277,5374.334603130082
1,CTDD21,278,5373.104953688795
1,CTDD21,279,5367.5265859984775
1,CTDD21,280,5373.39311551301
1,CTDD21,281,5368.827590071302
1,CTDD21,282,5366.451922661873
1,CTDD21,283,5374.065941688965
1,CTDD21,284,5364.1450170222215
1,CTDD21,285,5361.914359312553
1,CTDD21,286,5365.1288991858155
1,CTDD21,287,5377.259878142222
1,CTDD21,288,5365.902793944108
1,CTDD21,289,5370.605163590998
1,CTDD21,290,5375.204281001627
1,CTDD21,291,5371.834204346672
1,CTDD21,292,5377.3898892476545
1,CTDD21,293,5372.948417485837
1,CTDD21,294,5360.508119726519
1,CTDD21,295,5359.933271999756
1,CTDD21,296,5368.149219160822
1,CTDD21,297,5373.857624014707
1,CTDD21,298,5371.343691181113
1,CTDD21,299,5381.544308648849
2,IF2,0,5374.074431238873
2,IF2,1,5390.1410686010695
2,IF2,2,5382.202501582164
2,IF2,3,5385.408718022468
2,IF2,4,5388.887170185354
2,IF2,5,5392.79456666055
2,IF2,6,5386.533366045758
2,IF2,7,5388.865811080485
2,IF2,8,5395.785939891263
2,IF2,9,5389.854103729168
2,IF2,10,5389.3113764838345
2,IF2,11,5389.580653414568
2,IF2,12,5391.37063243295
2,IF2,13,5389.644233055181
2,IF2,14,5387.457366544214
2,IF2,15,5385.797705267418
2,IF2,16,5386.982308623202
2,IF2,17,5392.538712724546
2,IF2,18,5393.590964606311
2,IF2,19,5397.93560678628
2,IF2,20,5392.623943877873
2,IF2,21,5391.622383664327
2,IF2,22,5392.012651899505
2,IF2,23,5393.394355984096
2,IF2,24,5394.388324084852
2,IF2,25,5393.535729371667
2,IF2,26,5395.746779549431
2,IF2,27,5394.713393288145
2,IF2,28,5393.392895028265
2,IF2,29,5386.147319710505
2,IF2,30,5396.592897795599
2,IF2,31,5393.49946256054
2,IF2,32,5395.189867603001
2,IF2,33,5396.362506892431
2,IF2,34,5392.70673344251
2,IF2,35,5392.065572960625
2,IF2,36,5393.2682171437955
2,IF2,37,5396.256510747602
2,IF2,38,5395.517124236417
2,IF2,39,5395.058781000908
2,IF2,40,5393.7575374218395
2,IF2,41,5390.734598962192
2,IF2,42,5399.883148957222
2,IF2,43,5393.352521463887
2,IF2,44,5393.412751251558
2,IF2,45,5393.768696724728
2,IF2,46,5395.234087683744
2,IF2,47,5399.489179420478
2,IF2,48,5393.628139023542
2,IF2,49,5394.411136278982
2,IF2,50,5394.470928300539
2,IF2,51,5391.799529128168
2,IF2,52,5397.292228661759
2,IF2,53,5401.547453812023
2,IF2,54,5397.772826181733
2,IF2,55,5401.4875184016155
2,IF2,56,5397.558814826574
2,IF2,57,5393.500303459066
2,IF2,58,5394.1946810552945
2,IF2,59,5395.239699282186
2,IF2,60,5396.078748370386
2,IF2,61,5397.319136226793
2,IF2,62,5389.894161433789
2,IF2,63,5392.619863482888
2,IF2,64,5391.181038550892
2,IF2,65,5394.294051134472
2,IF2,66,5399.250254014517
2,IF2,67,5397.151634599219
2,IF2,68,5395.462797574891
2,IF2,69,5400.693480119833
2,IF2,70,5398.620270029625
2,IF2,71,5391.281036871993
2,IF2,72,5395.343685970626
2,IF2,73,5396.621275833965
2,IF2,74,5397.883987791748
2,IF2,75,5393.71357442722
2,IF2,76,5396.875224053657
2,IF2,77,5396.107262309809
2,IF2,78,5392.432023081908
2,IF2,79,5396.349327917497
2,IF2,80,5396.957274342648
2,IF2,81,5390.5291555372105
2,IF2,82,5393.690793388412
2,IF2,83,5393.231572921885
2,IF2,84,5398.644722628359
2,IF2,85,5393.905518131093
2,IF2,86,5395.204031838134
2,IF2,87,5398.899717662936
2,IF2,88,5396.007271141813
2,IF2,89,5398.959880513361
2,IF2,90,5390.56753849746
2,IF2,91,5392.179562267134
2,IF2,92,5396.525282746326
2,IF2,93,5394.090356581924
2,IF2,94,5392.3601838756695
2,IF2,95,5397.933708434614
2,IF2,96,5398.906428703624
2,IF2,97,5398.543074051627
2,IF2,98,5397.158381814633
2,IF2,99,5396.4542842719975
2,IF2,100,5397.240695210037
2,IF2,101,5394.098913635944
2,IF2,102,5399.2030874431275
2,IF2,103,5396.642904477821
2,IF2,104,5395.616196389352
2,IF2,105,5396.118401032258
2,IF2,106,5393.232438572438
2,IF2,107,5391.263434797276
2,IF2,108,5391.901951493614
2,IF2,109,5392.101829701362
2,IF2,110,5396.27446998432
2,IF2,111,5395.224505167553
2,IF2,112,5395.0556667753635
2,IF2,113,5397.102346386786
2,IF2,114,5399.277915682208
2,IF2,115,5396.672570789402
2,IF2,116,5395.327752129055
2,IF2,117,5399.5433375975135
2,IF2,118,5396.4668002926455
2,IF2,119,5389.880969011164
2,IF2,120,5399.504794906377
2,IF2,121,5398.35171023597
2,IF2,122,5398.12839810489
2,IF2,123,5394.729665042217
2,IF2,124,5397.581403931977
2,IF2,125,5395.437101498566
2,IF2,126,5398.43844646882
2,IF2,127,5399.458455618102
2,IF2,128,5399.197513513568
2,IF2,129,5400.358039746529
2,IF2,130,5401.7065764239715
2,IF2,131,5395.937048575205
2,IF2,132,5396.954135704742
2,IF2,133,5391.7039765051795
2,IF2,134,5396.14923914991
2,IF2,135,5392.064922685054
2,IF2,136,5396.884461044438
2,IF2,137,5400.473177902411
2,IF2,138,5397.269678679669
2,IF2,139,5400.448046286235
2,IF2,140,5403.270813046257
2,IF2,141,5399.183794492851
2,IF2,142,5398.341831167339
2,IF2,143,5400.646999352986
2,IF2,144,5400.173960448977
2,IF2,145,5399.7883375918245
2,IF2,146,5397.986799993938
2,IF2,147,5402.572125145566
2,IF2,148,5401.093312408693
2,IF2,149,5398.373978384924
2,IF2,150,5400.400894579317
2,IF2,151,5396.707592584632
2,IF2,152,5400.735642453871
2,IF2,153,5399.057105506392
2,IF2,154,5398.096931871688
2,IF2,155,5400.2517201698965
2,IF2,156,5399.605513015632
2,IF2,157,5398.453947232082
2,IF2,158,5397.986104749571
2,IF2,159,5399.723140795473
2,IF2,160,5401.937357117902
2,IF2,161,5400.405583828359
2,IF2,162,5393.782943800697
2,IF2,163,5397.967115042408
2,IF2,164,5398.608325393862
2,IF2,165,5404.307896739836
2,IF2,166,5402.193083100741
2,IF2,167,5400.790372231225
2,IF2,168,5396.937751718298
2,IF2,169,5403.116417610988
2,IF2,170,5397.4901495362155
2,IF2,171,5397.037452353233
2,IF2,172,5401.945156954355
2,IF2,173,5401.932094685622
2,IF2,174,5398.793110189998
2,IF2,175,5399.758631704414
2,IF2,176,5402.140288004169
2,IF2,177,5400.331240797635
2,IF2,178,5397.438846947385
2,IF2,179,5398.838804564023
2,IF2,180,5401.408225907922
2,IF2,181,5398.0960344195855
2,IF2,182,5399.491889494435
2,IF2,183,5401.102600444812
2,IF2,184,5401.828472567791
2,IF2,185,5402.553850515391
2,IF2,186,5400.836300230618
2,IF2,187,5400.824200646116
2,IF2,188,5399.39978631567
2,IF2,189,5397.722212122215
2,IF2,190,5402.358296823395
2,IF2,191,5400.395651037839
2,IF2,192,5400.68152363048
2,IF2,193,5402.5471374079925
2,IF2,194,5397.989455503427
2,IF2,195,5400.163649999037
2,IF2,196,5402.772507615648
2,IF2,197,5401.451176353978
2,IF2,198,5399.400365601255
2,IF2,199,5402.100128717917
2,IF2,200,5401.297136564258
2,IF2,201,5403.527657432034
2,IF2,202,5404.099541477386
2,IF2,203,5402.9817791556125
2,IF2,204,5399.374143514903
2,IF2,205,5400.6446932198205
2,IF2,206,5402.519295703717
2,IF2,207,5401.643964305772
2,IF2,208,5403.718314472881
2,IF2,209,5398.656936061825
2,IF2,210,5401.619776503918
2,IF2,211,5398.960298815227
2,IF2,212,5400.556607384611
2,IF2,213,5401.6432345580315
2,IF2,214,5397.835586688195
2,IF2,215,5397.379386373078
2,IF2,216,5403.4865722444865
2,IF2,217,5398.270737376189
2,IF2,218,5397.4193210871035
2,IF2,219,5402.808690615852
2,IF2,220,5399.375285841104
2,IF2,221,5402.1056334294935
2,IF2,222,5399.417418215682
2,IF2,223,5402.128697617959
2,IF2,224,5394.501116643388
2,IF2,225,5398.819537067313
2,IF2,226,5401.569649719321
2,IF2,227,5402.020149399275
2,IF2,228,5401.05136117654
2,IF2,229,5403.829706410239
2,IF2,230,5397.678108454908
2,IF2,231,5401.502454899926
2,IF2,232,5400.4601963224995
2,IF2,233,5399.970005068323
2,IF2,234,5402.966602733169
2,IF2,235,5402.860429746343
2,IF2,236,5401.025238065223
2,IF2,237,5402.050618481859
2,IF2,238,5402.703835439132
2,IF2,239,5401.609708931104
2,IF2,240,5402.866200503379
2,IF2,241,5401.473165814119
2,IF2,242,5397.871129385571
2,IF2,243,5403.615523754363
2,IF2,244,5403.047780369839
2,IF2,245,5402.7607109834125
2,IF2,246,5402.150089989756
2,IF2,247,5402.227375829625
2,IF2,248,5398.232012871745
2,IF2,249,5399.598307893012
2,IF2,250,5401.3684609193
2,IF2,251,5400.355270670626
2,IF2,252,5399.8827578966975
2,IF2,253,5400.618959687821
2,IF2,254,5397.784873911705
2,IF2,255,5399.932329319134
2,IF2,256,5404.390623234052
2,IF2,257,5404.441189671342
2,IF2,258,5400.298945552299
2,IF2,259,5402.2860965854015
2,IF2,260,5398.976876013895
2,IF2,261,5403.166546262793
2,IF2,262,5402.026173906691
2,IF2,263,5400.508119226424
2,IF2,264,5400.816157624706
2,IF2,265,5399.395842140513
2,IF2,266,5400.45400120877
2,IF2,267,5402.964719790921
2,IF2,268,5405.967817040201
2,IF2,269,5401.942972133177
2,IF2,270,5402.117170350256
2,IF2,271,5400.575344384736
2,IF2,272,5404.106291633107
2,IF2,273,5400.130070381815
2,IF2,274,5402.350493893127
2,IF2,275,5401.783406359551
2,IF2,276,5400.106876406858
2,IF2,277,5401.185321839965
2,IF2,278,5405.987974107267
2,IF2,279,5401.382890352213
2,IF2,280,5401.421404505272
2,IF2,281,5403.276435613198
2,IF2,282,5400.826041831495
2,IF2,283,5400.333817889899
2,IF2,284,5402.404289554552
2,IF2,285,5398.190967823975
2,IF2,286,5400.909146327698
2,IF2,287,5402.436229125808
2,IF2,288,5403.4489180031715
2,IF2,289,5404.3389849476
2,IF2,290,5400.5356048496915
2,IF2,291,5402.704010742436
2,IF2,292,5398.759444848416
2,IF2,293,5401.271248758976
2,IF2,294,5402.712898812454
2,IF2,295,5404.812826380677
2,IF2,296,5398.621494338461
2,IF2,297,5403.917998524657
2,IF2,298,5399.856512245707
2,IF2,299,5399.523719128936
2,IF2,300,5399.460232104373
2,IF2,301,5403.902903753543
2,IF2,302,5406.882567472354
2,IF2,303,5402.816966863637
2,IF2,304,5400.642276415406
2,IF2,305,5401.347685247528
2,IF2,306,5399.289289467852
2,IF2,307,5400.4901626856
2,IF2,308,5399.7376747865055
2,IF2,309,5400.050802108585
2,IF2,310,5400.068407436488
2,IF2,311,5404.451710095802
2,IF2,312,5399.330137614217
2,IF2,313,5403.382487432014
2,IF2,314,5400.78836851745
2,IF2,315,5402.33673274924
2,IF2,316,5401.097059437706
2,IF2,317,5398.585207110822
2,IF2,318,5402.964964268728
2,IF2,319,5403.044559823622
2,IF2,320,5401.485845276283
2,IF2,321,5398.882992717923
2,IF2,322,5397.616771110408
2,IF2,323,5400.52630015015
2,IF2,324,5399.286119494617
2,IF2,325,5399.3539746407
2,IF2,326,5399.451590229446
2,IF2,327,5401.267766092127
2,IF2,328,5400.967831464116
2,IF2,329,5400.348091692776
2,IF2,330,5397.617133276647
2,IF2,331,5399.830468994894
2,IF2,332,5401.0465496741845
2,IF2,333,5399.10838186139
2,IF2,334,5397.870600239773
2,IF2,335,5397.609306395535
2,IF2,336,5394.771544568043
2,IF2,337,5396.325349421308
2,IF2,338,5397.763444138859
2,IF2,339,5397.329245941866
2,IF2,340,5394.8187360309075
2,IF2,341,5397.632370135501
2,IF2,342,5396.921521710197
2,IF2,343,5398.858188894339
2,IF2,344,5395.788924711736
2,IF2,345,5399.553490200973
2,IF2,346,5395.9037164189585
2,IF2,347,5397.245177095727
2,IF2,348,5394.950875230646
2,IF2,349,5396.931488769767
2,IF2,350,5393.319936913403
2,IF2,351,5398.317095502448
2,IF2,352,5398.314088475382
2,IF2,353,5397.822302309246
2,IF2,354,5397.082825394111
2,IF2,355,5395.16730261592
2,IF2,356,5395.661091119933
2,IF2,357,5395.25235239059
2,IF2,358,5395.114084432443
2,IF2,359,5395.803087788078
2,IF2,360,5397.951877246084
2,IF2,361,5395.231726030222
2,IF2,362,5394.811112160128
2,IF2,363,5394.697006259449
2,IF2,364,5396.836337499851
2,IF2,365,5395.674867933293
2,IF2,366,5398.915507352704
2,IF2,367,5398.223997336897
2,IF2,368,5395.645109396875
2,IF2,369,5399.94960933745
2,IF2,370,5395.727753381921
2,IF2,371,5400.326199006683
2,IF2,372,5400.165659057671
2,IF2,373,5399.45039667726
2,IF2,374,5400.89026760281
2,IF2,375,5400.557212106086
2,IF2,376,5398.935433580785
2,IF2,377,5399.856670192018
2,IF2,378,5398.451500434355
2,IF2,379,5396.765026695351
2,IF2,380,5398.707337256519
2,IF2,381,5399.044890766116
2,IF2,382,5398.692009952869
2,IF2,383,5399.515721855694
2,IF2,384,5398.213395628904
2,IF2,385,5398.599200127014
2,IF2,386,5398.283395714743
2,IF2,387,5400.6417187517945
2,IF2,388,5400.698688956425
2,IF2,389,5400.692945532128
2,IF2,390,5397.528389134513
2,IF2,391,5399.657940802464
2,IF2,392,5396.695658097089
2,IF2,393,5399.455424131929
2,IF2,394,5402.746585363167
2,IF2,395,5398.438047050018
2,IF2,396,5400.303747197443
2,IF2,397,5397.19325535095
2,IF2,398,5402.366679440394
2,IF2,399,5399.613064994582
2,IF2,400,5399.133812705063
2,IF2,401,5399.7549854015
2,IF2,402,5399.247483561627
2,IF2,403,5397.8414260220725
2,IF2,404,5401.208729037188
2,IF2,405,5398.988130273908
2,IF2,406,5401.064963807509
2,IF2,407,5398.479375062488
2,IF2,408,5397.124724370265
2,IF2,409,5398.1344235709785
2,IF2,410,5400.728776359314
2,IF2,411,5399.2619682719305
2,IF2,412,5398.831110090907
2,IF2,413,5398.983872394767
2,IF2,414,5400.621569074918
2,IF2,415,5400.1471453214135
2,IF2,416,5396.561000862521
2,IF2,417,5399.024407685089
2,IF2,418,5398.9685430020145
2,IF2,419,5401.452804954617
2,IF2,420,5399.9323270188615
2,IF2,421,5399.300901228993
2,IF2,422,5397.635412412422
2,IF2,423,5398.527952009765
2,IF2,424,5399.12251026852
2,IF2,425,5400.29084013513
2,IF2,426,5402.60171862338
2,IF2,427,5398.593180110333
2,IF2,428,5401.699324885085
2,IF2,429,5396.1689167909235
2,IF2,430,5402.0417045295735
2,IF2,431,5399.016974826225
2,IF2,432,5397.932499503442
2,IF2,433,5398.2380174004475
2,IF2,434,5398.9733949925685
2,IF2,435,5397.934238286065
2,IF2,436,5399.762789235599
2,IF2,437,5395.164431249951
2,IF2,438,5397.932645802354
2,IF2,439,5399.163440109218
2,IF2,440,5398.000719166417
2,IF2,441,5397.429099340291
2,IF2,442,5402.03914659555
2,IF2,443,5398.224318369403
2,IF2,444,5397.395613072279
2,IF2,445,5397.194939506256
2,IF2,446,5397.618697317205
2,IF2,447,5397.751816691196
2,IF2,448,5396.392602337732
2,IF2,449,5396.243630703264
2,IF2,450,5399.1113525796845
2,IF2,451,5396.235966347483
2,IF2,452,5396.980045273742
2,IF2,453,5395.887003286846
2,IF2,454,5399.356394566987
2,IF2,455,5399.284205960339
2,IF2,456,5402.0261035971
2,IF2,457,5398.443978357119
2,IF2,458,5397.655941864758
2,IF2,459,5397.82835696294
2,IF2,460,5397.43191578635
2,IF2,461,5400.733132424058
2,IF2,462,5397.75307985083
2,IF2,463,5395.873153240373
2,IF2,464,5399.326960739458
2,IF2,465,5396.15636348194
2,IF2,466,5399.030334791442
2,IF2,467,5399.535758643045
2,IF2,468,5397.779096431055
2,IF2,469,5395.819219669452
2,IF2,470,5398.681457870128
2,IF2,471,5399.380201738085
2,IF2,472,5396.05319517402
2,IF2,473,5397.776025143876
2,IF2,474,5399.586739946717
2,IF2,475,5396.527208291508
2,IF2,476,5397.976762381172
2,IF2,477,5398.761359490827
2,IF2,478,5397.520503201849
2,IF2,479,5398.146045541224
2,IF2,480,5398.956002841604
2,IF2,481,5396.64258810007
2,IF2,482,5397.708586654624
2,IF2,483,5399.6258920400705
2,IF2,484,5398.242196511708
2,IF2,485,5396.818523082827
2,IF2,486,5399.184635777387
2,IF2,487,5399.094047870845
2,IF2,488,5400.4143389268465
2,IF2,489,5399.972225140923
2,IF2,490,5399.779294471022
2,IF2,491,5397.13805752397
2,IF2,492,5399.197172269438
2,IF2,493,5398.557974285431
2,IF2,494,5398.746475843821
2,IF2,495,5396.975828013038
2,IF2,496,5396.560963547866
2,IF2,497,5397.110220931727
2,IF2,498,5398.678182101009
2,IF2,499,5396.446099470486
2,IF2,500,5399.091739392601
2,IF2,501,5398.170808227971
2,IF2,502,5397.979546482496
2,IF2,503,5397.544575034875
2,IF2,504,5396.504770009077
2,IF2,505,5395.928859953673
2,IF2,506,5399.475387993689
2,IF2,507,5394.164630670802
2,IF2,508,5394.969748626559
2,IF2,509,5396.82044627281
2,IF2,510,5394.068901726591
2,IF2,511,5393.448541228937
2,IF2,512,5401.245994825534
2,IF2,513,5397.6661337806345
2,IF2,514,5397.287751194659
2,IF2,515,5396.273571541388
2,IF2,516,5398.184682854944
2,IF2,517,5398.440586135197
2,IF2,518,5398.877442064846
2,IF2,519,5398.308267791372
2,IF2,520,5397.628552971066
2,IF2,521,5395.240988080838
2,IF2,522,5394.368760381154
2,IF2,523,5398.199400558042
2,IF2,524,5394.456246475062
2,IF2,525,5395.434124236031
2,IF2,526,5397.709235300822
2,IF2,527,5396.781325850946
2,IF2,528,5396.063215836781
2,IF2,529,5396.9236258234505
2,IF2,530,5399.0695944067975
2,IF2,531,5397.51796670695
2,IF2,532,5397.374357721111
2,IF2,533,5396.693650456965
2,IF2,534,5396.217490152101
2,IF2,535,5398.495224607434
2,IF2,536,5401.345420309412
2,IF2,537,5399.619005528379
2,IF2,538,5395.981117122902
2,IF2,539,5394.96739087874
2,IF2,540,5401.2786299094
2,IF2,541,5395.710530918615
2,IF2,542,5397.298803151522
2,IF2,543,5398.325419099877
2,IF2,544,5399.490091912277
2,IF2,545,5394.101395680934
2,IF2,546,5397.265033580438
2,IF2,547,5397.68838820457
2,IF2,548,5396.73306732427
2,IF2,549,5399.176155132006
2,IF2,550,5397.949438401375
2,IF2,551,5400.282533701142
2,IF2,552,5397.07134779127
2,IF2,553,5398.24412273333
2,IF2,554,5396.627308022688
2,IF2,555,5399.79467212749
2,IF2,556,5397.250587961204
2,IF2,557,5396.862434924271
2,IF2,558,5396.574135821423
2,IF2,559,5397.749565228463
2,IF2,560,5397.008257092966
2,IF2,561,5397.024588250461
2,IF2,562,5393.900174017178
2,IF2,563,5394.798128762847
2,IF2,564,5395.865422169699
2,IF2,565,5399.4880104525
2,IF2,566,5396.335722825875
2,IF2,567,5399.2940427661515
2,IF2,568,5398.959073213373
2,IF2,569,5395.058694114767
2,IF2,570,5398.897394802928
2,IF2,571,5397.984584807863
2,IF2,572,5400.088620407663
2,IF2,573,5396.016887661644
2,IF2,574,5398.2357810966805
2,IF2,575,5395.969180186534
2,IF2,576,5398.197025828247
2,IF2,577,5394.741346846207
2,IF2,578,5394.896604225321
2,IF2,579,5394.9553072165745
2,IF2,580,5397.285637734691
2,IF2,581,5397.833522768194
2,IF2,582,5397.7418863686735
2,IF2,583,5399.649349797842
2,IF2,584,5399.642869982498
2,IF2,585,5398.569137922618
2,IF2,586,5398.2819934458075
2,IF2,587,5399.032335438537
2,IF2,588,5398.028962969705
2,IF2,589,5398.1907135764295
2,IF2,590,5397.535315217863
2,IF2,591,5398.555973929578
2,IF2,592,5397.944265385054
2,IF2,593,5395.384771598593
2,IF2,594,5399.532647891659
2,IF2,595,5398.535778941042
2,IF2,596,5401.029900136543
2,IF2,597,5397.108943454375
2,IF2,598,5395.646095142174
2,IF2,599,5397.0875892471695
2,IFAD,0,5374.300711910038
2,IFAD,1,5392.86708646752
2,IFAD,2,5393.249893818589
2,IFAD,3,5396.872712478172
2,IFAD,4,5391.153886797463
2,IFAD,5,5388.241139605806
2,IFAD,6,5387.190436150469
2,IFAD,7,5388.363144883481
2,IFAD,8,5389.176251143162
2,IFAD,9,5392.353549374701
2,IFAD,10,5389.718314351993
2,IFAD,11,5392.664539530015
2,IFAD,12,5389.568880677798
2,IFAD,13,5392.027882819319
2,IFAD,14,5389.924437140179
2,IFAD,15,5392.352922408418
2,IFAD,16,5394.895587381809
2,IFAD,17,5387.296280202383
2,IFAD,18,5394.218399214133
2,IFAD,19,5392.8719560265645
2,IFAD,20,5394.854143402018
2,IFAD,21,5394.2761977762775
2,IFAD,22,5395.401416601295
2,IFAD,23,5388.829167611746
2,IFAD,24,5390.911324789832
2,IFAD,25,5389.794162003468
2,IFAD,26,5395.37457185306
2,IFAD,27,5396.277817889736
2,IFAD,28,5396.191240049047
2,IFAD,29,5396.06175823065
2,IFAD,30,5393.552953190748
2,IFAD,31,5389.866661437475
2,IFAD,32,5396.4826941839
2,IFAD,33,5391.203925197848
2,IFAD,34,5392.900554670896
2,IFAD,35,5391.56105028017
2,IFAD,36,5391.840258683294
2,IFAD,37,5390.306917176248
2,IFAD,38,5394.125359474496
2,IFAD,39,5391.765211378182
2,IFAD,40,5392.489147078555
2,IFAD,41,5387.741504216691
2,IFAD,42,5389.814425212293
2,IFAD,43,5391.727938453137
2,IFAD,44,5398.370731219692
2,IFAD,45,5390.88096094067
2,IFAD,46,5394.153157423365
2,IFAD,47,5393.4831688752065
2,IFAD,48,5391.041554765008
2,IFAD,49,5396.693763090646
2,IFAD,50,5394.950171199354
2,IFAD,51,5388.806676802001
2,IFAD,52,5392.597701721604
2,IFAD,53,5395.4691331107815
2,IFAD,54,5389.424952902907
2,IFAD,55,5390.88219885557
2,IFAD,56,5391.678577476369
2,IFAD,57,5394.204228421395
2,IFAD,58,5395.92773090594
2,IFAD,59,5399.061455803725
2,IFAD,60,5397.0785407120675
2,IFAD,61,5392.333822837933
2,IFAD,62,5395.190541384623
2,IFAD,63,5398.577390223576
2,IFAD,64,5392.13586783072
2,IFAD,65,5396.276123146561
2,IFAD,66,5396.908472881334
2,IFAD,67,5396.634144635099
2,IFAD,68,5395.85751894095
2,IFAD,69,5397.303241049502
2,IFAD,70,5392.458760147682
2,IFAD,71,5398.882366575584
2,IFAD,72,5392.119152264261
2,IFAD,73,5397.250911884781
2,IFAD,74,5397.844418023272
2,IFAD,75,5394.899929562721
2,IFAD,76,5392.991397390476
2,IFAD,77,5394.050669528576
2,IFAD,78,5392.659730868661
2,IFAD,79,5394.203335768857
2,IFAD,80,5396.996058485379
2,IFAD,81,5399.2962585664245
2,IFAD,82,5392.998925657433
2,IFAD,83,5392.611450200211
2,IFAD,84,5399.989853986232
2,IFAD,85,5396.897014993019
2,IFAD,86,5395.631253909162
2,IFAD,87,5397.746220082433
2,IFAD,88,5395.081541995174
2,IFAD,89,5394.154501041676
2,IFAD,90,5398.806190848699
2,IFAD,91,5396.272093983117
2,IFAD,92,5396.670805671179
2,IFAD,93,5400.255344454974
2,IFAD,94,5398.972282218323
2,IFAD,95,5391.856880399859
2,IFAD,96,5396.956743704448
2,IFAD,97,5398.213685364398
2,IFAD,98,5395.405106145005
2,IFAD,99,5397.061878029132
2,IFAD,100,5396.021527652388
2,IFAD,101,5397.128442252881
2,IFAD,102,5397.444169482216
2,IFAD,103,5398.7832683553415
2,IFAD,104,5394.847639358803
2,IFAD,105,5397.950253723379
2,IFAD,106,5400.8572525654945
2,IFAD,107,5396.249460664516
2,IFAD,108,5401.008631944032
2,IFAD,109,5401.5462096521915
2,IFAD,110,5394.857540801437
2,IFAD,111,5396.750174508213
2,IFAD,112,5398.630991964825
2,IFAD,113,5396.399297379027
2,IFAD,114,5399.7392097244965
2,IFAD,115,5399.429409516266
2,IFAD,116,5400.3135851438465
2,IFAD,117,5398.988190060052
2,IFAD,118,5401.115945130939
2,IFAD,119,5400.785100909243
2,IFAD,120,5398.654775422473
2,IFAD,121,5399.442726607282
2,IFAD,122,5398.469474510565
2,IFAD,123,5400.524417609983
2,IFAD,124,5399.62164859262
2,IFAD,125,5399.425880845189
2,IFAD,126,5399.585840684712
2,IFAD,127,5401.051891111005
2,IFAD,128,5402.792500769856
2,IFAD,129,5404.1731853140245
2,IFAD,130,5399.474591292244
2,IFAD,131,5401.789572924015
2,IFAD,132,5401.693574604947
2,IFAD,133,5400.859351783157
2,IFAD,134,5401.728808014884
2,IFAD,135,5402.829388484547
2,IFAD,136,5401.1848991940715
2,IFAD,137,5400.4600143859025
2,IFAD,138,5401.659685665372
2,IFAD,139,5400.605452767393
2,IFAD,140,5397.307830547762
2,IFAD,141,5401.639860934913
2,IFAD,142,5400.232979733414
2,IFAD,143,5399.689904228625
2,IFAD,144,5399.110828609128
2,IFAD,145,5402.16591291479
2,IFAD,146,5403.9822606385915
2,IFAD,147,5398.424604026688
2,IFAD,148,5400.626346583684
2,IFAD,149,5399.413846768139
2,IFAD,150,5403.427557038295
2,IFAD,151,5397.007608505024
2,IFAD,152,5400.537465312776
2,IFAD,153,5401.5021958020425
2,IFAD,154,5401.3263696183085
2,IFAD,155,5401.8342221671855
2,IFAD,156,5402.645659175332
2,IFAD,157,5402.374444470126
2,IFAD,158,5398.638276218307
2,IFAD,159,5401.463865808344
2,IFAD,160,5401.9506103344065
2,IFAD,161,5401.851888126117
2,IFAD,162,5401.043427715995
2,IFAD,163,5399.276830242444
2,IFAD,164,5399.825106420041
2,IFAD,165,5404.903598526468
2,IFAD,166,5400.128693262671
2,IFAD,167,5400.113433139916
2,IFAD,168,5402.453678511015
2,IFAD,169,5398.487964490216
2,IFAD,170,5402.97625176318
2,IFAD,171,5402.539178028178
2,IFAD,172,5401.059269530838
2,IFAD,173,5402.049416943589
2,IFAD,174,5400.1850349459
2,IFAD,175,5402.258674803655
2,IFAD,176,5401.216263484551
2,IFAD,177,5400.496409727091
2,IFAD,178,5399.460814475359
2,IFAD,179,5400.352448513112
2,IFAD,180,5400.226006892202
2,IFAD,181,5400.441313827426
2,IFAD,182,5399.30262128935
2,IFAD,183,5401.796611240965
2,IFAD,184,5402.14332091188
2,IFAD,185,5400.2811200027845
2,IFAD,186,5402.202128161823
2,IFAD,187,5401.99274529712
2,IFAD,188,5399.615720589739
2,IFAD,189,5400.513712326441
2,IFAD,190,5401.90715492514
2,IFAD,191,5402.055506601023
2,IFAD,192,5407.137240607099
2,IFAD,193,5400.294677117755
2,IFAD,194,5399.979275839868
2,IFAD,195,5400.31831497807
2,IFAD,196,5399.986914498184
2,IFAD,197,5400.974977916461
2,IFAD,198,5400.58547093447
2,IFAD,199,5402.0728461346735
2,IFAD,200,5398.251437620053
2,IFAD,201,5400.745741707662
2,IFAD,202,5399.376041498938
2,IFAD,203,5400.4715819188805
2,IFAD,204,5400.598461663623
2,IFAD,205,5399.446571012334
2,IFAD,206,5399.5374497983
2,IFAD,207,5397.580292821524
2,IFAD,208,5401.6368060997165
2,IFAD,209,5404.065206480306
2,IFAD,210,5401.001155254253
2,IFAD,211,5399.834638886523
2,IFAD,212,5399.026172903331
2,IFAD,213,5399.788252884683
2,IFAD,214,5405.661895398703
2,IFAD,215,5403.178282517352
2,IFAD,216,5402.286724397143
2,IFAD,217,5400.588494110068
2,IFAD,218,5401.296151206172
2,IFAD,219,5401.3267981156505
2,IFAD,220,5402.062452831043
2,IFAD,221,5401.263350968365
2,IFAD,222,5403.303961420197
2,IFAD,223,5400.047709383986
2,IFAD,224,5398.928336070133
2,IFAD,225,5401.58443555581
2,IFAD,226,5397.377109776092
2,IFAD,227,5401.185241719345
2,IFAD,228,5402.095234318692
2,IFAD,229,5399.824412133242
2,IFAD,230,5401.003807826335
2,IFAD,231,5400.997817088091
2,IFAD,232,5399.724202738737
2,IFAD,233,5402.601095077629
2,IFAD,234,5403.349125146112
2,IFAD,235,5399.4865598870965
2,IFAD,236,5401.088261050088
2,IFAD,237,5401.899045695145
2,IFAD,238,5397.5682906287875
2,IFAD,239,5402.749468818237
2,IFAD,240,5399.306078347991
2,IFAD,241,5400.264660762169
2,IFAD,242,5402.301252887907
2,IFAD,243,5398.424356548208
2,IFAD,244,5399.033853254129
2,IFAD,245,5400.993695062695
2,IFAD,246,5399.528331169266
2,IFAD,247,5401.953781017982
2,IFAD,248,5403.489816025797
2,IFAD,249,5402.455127695742
2,IFAD,250,5403.268173434719
2,IFAD,251,5401.109091247012
2,IFAD,252,5401.27620104704
2,IFAD,253,5403.07695929616
2,IFAD,254,5401.600012287248
2,IFAD,255,5400.224239082653
2,IFAD,256,5400.963340242953
2,IFAD,257,5403.924432697665
2,IFAD,258,5401.555190058522
2,IFAD,259,5400.9625542741105
2,IFAD,260,5402.7422052446755
2,IFAD,261,5401.3945658660305
2,IFAD,262,5397.073067213899
2,IFAD,263,5401.574046888447
2,IFAD,264,5401.3495622745795
2,IFAD,265,5403.133729885418
2,IFAD,266,5402.769501609882
2,IFAD,267,5400.624180884638
2,IFAD,268,5401.768210402403
2,IFAD,269,5403.026943676254
2,IFAD,270,5400.2799273923665
2,IFAD,271,5403.198322034918
2,IFAD,272,5400.408826249088
2,IFAD,273,5402.424512095832
2,IFAD,274,5401.7714598685825
2,IFAD,275,5401.832905428611
2,IFAD,276,5403.807859948165
2,IFAD,277,5403.156001390332
2,IFAD,278,5399.949294588862
2,IFAD,279,5401.339964520283
2,IFAD,280,5401.558551922684
2,IFAD,281,5403.478231251312
2,IFAD,282,5403.035467278259
2,IFAD,283,5402.058748052673
2,IFAD,284,5400.3200882172
2,IFAD,285,5403.419713068372
2,IFAD,286,5400.835988932737
2,IFAD,287,5405.548490481143
2,IFAD,288,5400.159223847642
2,IFAD,289,5401.563435330045
2,IFAD,290,5398.139208136952
2,IFAD,291,5399.390772911871
2,IFAD,292,5402.015444552031
2,IFAD,293,5403.084190573745
2,IFAD,294,5399.999876453426
2,IFAD,295,5401.996814034462
2,IFAD,296,5404.359271136445
2,IFAD,297,5401.282295683065
2,IFAD,298,5400.778748888137
2,IFAD,299,5403.666137445384
2,IFAD,300,5400.314195403393
2,IFAD,301,5401.673316168515
2,IFAD,302,5402.623470763394
2,IFAD,303,5401.41642298028
2,IFAD,304,5400.532178431097
2,IFAD,305,5398.931197943745
2,IFAD,306,5402.6020080861235
2,IFAD,307,5400.419518789914
2,IFAD,308,5401.63098645358
2,IFAD,309,5402.865173505662
2,IFAD,310,5402.061069788795
2,IFAD,311,5405.083015333569
2,IFAD,312,5404.915663419987
2,IFAD,313,5403.891014097828
2,IFAD,314,5398.620727755965
2,IFAD,315,5400.52872611634
2,IFAD,316,5401.111163743533
2,IFAD,317,5401.205385651985
2,IFAD,318,5397.530832473039
2,IFAD,319,5402.600344736429
2,IFAD,320,5399.71173187324
2,IFAD,321,5402.496348077804
2,IFAD,322,5402.278904501375
2,IFAD,323,5398.039964399705
2,IFAD,324,5401.154273654542
2,IFAD,325,5399.027767548105
2,IFAD,326,5401.713893639296
2,IFAD,327,5399.881892416758
2,IFAD,328,5400.907812020781
2,IFAD,329,5401.529835302071
2,IFAD,330,5404.133244965892
2,IFAD,331,5398.060185311684
2,IFAD,332,5400.0075510978295
2,IFAD,333,5404.436025552034
2,IFAD,334,5397.843827800761
2,IFAD,335,5399.416955689207
2,IFAD,336,5403.6806626926
2,IFAD,337,5403.647982746874
2,IFAD,338,5401.126121333323
2,IFAD,339,5400.74541041448
2,IFAD,340,5405.318847961047
2,IFAD,341,5400.646132696793
2,IFAD,342,5402.9566098983805
2,IFAD,343,5402.558464391197
2,IFAD,344,5402.577649970591
2,IFAD,345,5400.675215201909
2,IFAD,346,5401.403619570332
2,IFAD,347,5400.605741911105
2,IFAD,348,5400.807019134494
2,IFAD,349,5405.759391330978
2,IFAD,350,5398.603201379649
2,IFAD,351,5401.610478996168
2,IFAD,352,5398.368517546445
2,IFAD,353,5400.5287763519855
2,IFAD,354,5397.555188842788
2,IFAD,355,5399.852134054969
2,IFAD,356,5400.772933340869
2,IFAD,357,5403.186692583637
2,IFAD,358,5403.362292995206
2,IFAD,359,5403.206208438549
2,IFAD,360,5403.098831447722
2,IFAD,361,5401.104320654686
2,IFAD,362,5403.344629737651
2,IFAD,363,5401.429878664208
2,IFAD,364,5403.700429284237
2,IFAD,365,5402.417585098288
2,IFAD,366,5400.09183844101
2,IFAD,367,5401.881785767953
2,IFAD,368,5402.149937284438
2,IFAD,369,5403.087676006971
2,IFAD,370,5399.400468657878
2,IFAD,371,5401.574145800622
2,IFAD,372,5401.331990221615
2,IFAD,373,5399.857820349065
2,IFAD,374,5403.689647283803
2,IFAD,375,5402.574109642848
2,IFAD,376,5400.57917109406
2,IFAD,377,5402.497606320313
2,IFAD,378,5401.267574556542
2,IFAD,379,5405.4005841330545
2,IFAD,380,5403.062181273942
2,IFAD,381,5402.773766487207
2,IFAD,382,5399.240721439366
2,IFAD,383,5404.812554977805
2,IFAD,384,5405.272378756804
2,IFAD,385,5404.48393304298
2,IFAD,386,5397.95759961608
2,IFAD,387,5403.743529308101
2,IFAD,388,5399.383462825738
2,IFAD,389,5400.2854053467545
2,IFAD,390,5401.781258380795
2,IFAD,391,5401.685841567711
2,IFAD,392,5406.900495363701
2,IFAD,393,5401.117208823148
2,IFAD,394,5404.391095387632
2,IFAD,395,5405.36634711725
2,IFAD,396,5402.003652136533
2,IFAD,397,5402.810796655982
2,IFAD,398,5402.042788782221
2,IFAD,399,5403.464597892461
2,DS19,0,5116.704565043453
2,DS19,1,5122.710516697907
2,DS19,2,5128.307042492504
2,DS19,3,5133.876571311337
2,DS19,4,5141.336271624219
2,DS19,5,5147.62862379302
2,DS19,6,5158.032156209271
2,DS19,7,5163.468672719247
2,DS19,8,5168.819189609806
2,DS19,9,5175.997255588662
2,DS19,10,5182.050339638799
2,DS19,11,5191.840306194213
2,DS19,12,5194.19743971782
2,DS19,13,5202.5964825533
2,DS19,14,5209.279613021366
2,DS19,15,5216.083766558062
2,DS19,16,5218.850435175812
2,DS19,17,5225.618045182036
2,DS19,18,5234.859908125305
2,DS19,19,5237.978865833939
2,DS19,20,5242.77049905069
2,DS19,21,5256.489866387943
2,DS19,22,5257.152905681445
2,DS19,23,5260.298707791984
2,DS19,24,5269.482168716897
2,DS19,25,5273.255123325873
2,DS19,26,5280.564043250787
2,DS19,27,5283.979430626893
2,DS19,28,5292.542143033713
2,DS19,29,5295.113927488653
2,DS19,30,5304.824901034208
2,DS19,31,5303.859836644482
2,DS19,32,5308.15118051976
2,DS19,33,5318.310925642983
2,DS19,34,5318.94046205864
2,DS19,35,5323.860828113634
2,DS19,36,5330.919526131171
2,DS19,37,5334.561179417002
2,DS19,38,5334.562743421771
2,DS19,39,5340.648876275761
2,DS19,40,5346.094010448864
2,DS19,41,5342.047396496176
2,DS19,42,5352.439685084874
2,DS19,43,5356.5388097899295
2,DS19,44,5359.508880781307
2,DS19,45,5361.508175308776
2,DS19,46,5367.4743227661265
2,DS19,47,5368.357829170762
2,DS19,48,5370.424674244018
2,DS19,49,5372.198932727046
2,DS19,50,5379.7061594589
2,DS19,51,5375.532195702982
2,DS19,52,5377.856215492056
2,DS19,53,5375.533012749483
2,DS19,54,5383.6875235047355
2,DS19,55,5387.249893388841
2,DS19,56,5387.842759496013
2,DS19,57,5388.502406385652
2,DS19,58,5396.670279476874
2,DS19,59,5393.602059232246
2,DS19,60,5393.0933208561455
2,DS19,61,5392.97324011096
2,DS19,62,5393.189774900195
2,DS19,63,5386.190297765651
2,DS19,64,5391.611881367391
2,DS19,65,5396.8546604536305
2,DS19,66,5396.082010994552
2,DS19,67,5396.732229961534
2,DS19,68,5402.816668698526
2,DS19,69,5398.903581950587
2,DS19,70,5394.097310076522
2,DS19,71,5387.493851774789
2,DS19,72,5382.851322253079
2,DS19,73,5395.044659502238
2,DS19,74,5378.424180853469
2,DS19,75,5394.491526436027
2,DS19,76,5391.572683915795
2,DS19,77,5384.303947872253
2,DS19,78,5384.414209962306
2,DS19,79,5370.425244903307
2,DS19,80,5370.814911267372
2,DS19,81,5369.390975487492
2,DS19,82,5380.910220606021
2,DS19,83,5366.926102036599
2,DS19,84,5378.46774969684
2,DS19,85,5366.070496369149
2,DS19,86,5352.704992695941
2,DS19,87,5360.718541641622
2,DS19,88,5358.614834613214
2,DS19,89,5344.981881879831
2,DS19,90,5361.7079402233185
2,DS19,91,5338.633205056961
2,DS19,92,5342.755654184147
2,DS19,93,5351.068605001269
2,DS19,94,5340.402748845238
2,DS19,95,5341.018824849255
2,DS19,96,5333.318993465285
2,DS19,97,5330.8023330575215
2,DS19,98,5335.9072702377825
2,DS19,99,5339.648999448513
2,DS19,100,5344.234161504372
2,DS19,101,5335.093292240839
2,DS19,102,5348.433602581558
2,DS19,103,5336.103064116249
2,DS19,104,5344.95021973521
2,DS19,105,5350.626014170042
2,DS19,106,5348.385015832071
2,DS19,107,5360.596780144867
2,DS19,108,5353.8441435062205
2,DS19,109,5357.925525865422
2,DS19,110,5359.9950933330665
2,DS19,111,5359.5062147879735
2,DS19,112,5357.593754535722
2,DS19,113,5376.527380799553
2,DS19,114,5366.881011307353
2,DS19,115,5365.211369728895
2,DS19,116,5373.254140150263
2,DS19,117,5381.733372148435
2,DS19,118,5376.270196710684
2,DS19,119,5377.7640591569425
2,DS19,120,5380.859990071292
2,DS19,121,5384.094765218009
2,DS19,122,5381.268491057937
2,DS19,123,5381.324522166654
2,DS19,124,5393.063732143766
2,DS19,125,5385.009918119444
2,DS19,126,5389.0571338642385
2,DS19,127,5391.137357058306
2,DS19,128,5389.844705896219
2,DS19,129,5387.865301969146
2,DS19,130,5397.139259034955
2,DS19,131,5392.976660984929
2,DS19,132,5391.785427611143
2,DS19,133,5392.942106854379
2,DS19,134,5398.099987110748
2,DS19,135,5401.136999710507
2,DS19,136,5394.439566962951
2,DS19,137,5397.308167842469
2,DS19,138,5391.296192046987
2,DS19,139,5402.046076110115
2,DS19,140,5394.427207389388
2,DS19,141,5396.5028733396675
2,DS19,142,5397.055043981445
2,DS19,143,5389.474441947746
2,DS19,144,5389.746163479723
2,DS19,145,5394.636884745332
2,DS19,146,5391.07935105414
2,DS19,147,5386.761529037183
2,DS19,148,5389.265972771139
2,DS19,149,5385.031937225886
2,DS19,150,5391.822879300234
2,DS19,151,5388.100378544149
2,DS19,152,5385.105545644538
2,DS19,153,5384.8367415633
2,DS19,154,5385.047086149857
2,DS19,155,5386.254370489685
2,DS19,156,5382.380020295124
2,DS19,157,5380.788501446231
2,DS19,158,5383.396999174493
2,DS19,159,5381.05179618811
2,DS19,160,5377.7563540990695
2,DS19,161,5375.274591058106
2,DS19,162,5376.241932538302
2,DS19,163,5374.3077710306925
2,DS19,164,5369.765566194039
2,DS19,165,5370.289758774345
2,DS19,166,5369.044249971915
2,DS19,167,5370.464056440188
2,DS19,168,5372.221293149978
2,DS19,169,5370.003122220092
2,DS19,170,5359.353740065486
2,DS19,171,5365.910877859689
2,DS19,172,5362.044927440211
2,DS19,173,5366.150427711406
2,DS19,174,5364.563927370269
2,DS19,175,5360.685766719369
2,DS19,176,5362.782790408993
2,DS19,177,5361.896857569676
2,DS19,178,5362.424763088665
2,DS19,179,5356.357936631306
2,DS19,180,5355.479121091335
2,DS19,181,5358.453860617333
2,DS19,182,5358.470546144425
2,DS19,183,5353.322246424569
2,DS19,184,5359.22670335729
2,DS19,185,5354.123148978989
2,DS19,186,5355.248197496661
2,DS19,187,5357.718970769282
2,DS19,188,5356.208749832128
2,DS19,189,5355.908530363865
2,DS19,190,5355.168803425663
2,DS19,191,5356.573682323835
2,DS19,192,5355.606614514504
2,DS19,193,5350.965362623183
2,DS19,194,5355.92466746085
2,DS19,195,5356.700936584295
2,DS19,196,5356.816208843007
2,DS19,197,5356.021124030574
2,DS19,198,5359.056969514034
2,DS19,199,5358.739837188679
2,DS19,200,5358.044542786758
2,DS19,201,5359.418304988017
2,DS19,202,5358.407747918721
2,DS19,203,5356.099427089058
2,DS19,204,5357.146960066681
2,DS19,205,5361.278512253241
2,DS19,206,5363.973264397723
2,DS19,207,5357.866902447227
2,DS19,208,5360.482723047181
2,DS19,209,5358.790019520053
2,DS19,210,5360.2897419398605
2,DS19,211,5364.716541284983
2,DS19,212,5364.429045944515
2,DS19,213,5364.707994857854
2,DS19,214,5363.670561496954
2,DS19,215,5363.267873822696
2,DS19,216,5364.702911984952
2,DS19,217,5369.101444613987
2,DS19,218,5367.727072677606
2,DS19,219,5366.792525402152
2,DS19,220,5375.916933118434
2,DS19,221,5373.778176527566
2,DS19,222,5365.360320845397
2,DS19,223,5377.139352797679
2,DS19,224,5369.715631182732
2,DS19,225,5372.518504266352
2,DS19,226,5372.343047966383
2,DS19,227,5377.71236457916
2,DS19,228,5371.531212073205
2,DS19,229,5376.014349370035
2,DS19,230,5374.011947045224
2,DS19,231,5380.21600602001
2,DS19,232,5377.951569163358
2,DS19,233,5380.955643935666
2,DS19,234,5377.488180211531
2,DS19,235,5380.800380664694
2,DS19,236,5379.543720788345
2,DS19,237,5378.082542440665
2,DS19,238,5381.54611131995
2,DS19,239,5385.186000642733
2,DS19,240,5385.939698861706
2,DS19,241,5385.778849099471
2,DS19,242,5381.748304771249
2,DS19,243,5388.616381551195
2,DS19,244,5378.460151375768
2,DS19,245,5387.048767935832
2,DS19,246,5385.868075765324
2,DS19,247,5390.368812348896
2,DS19,248,5386.896610734502
2,DS19,249,5384.596503970398
2,DS19,250,5387.159533112315
2,DS19,251,5381.865275153068
2,DS19,252,5385.0508652519275
2,DS19,253,5387.1504847491115
2,DS19,254,5382.847079278836
2,DS19,255,5389.804181268674
2,DS19,256,5388.583284621773
2,DS19,257,5385.449878650036
2,DS19,258,5391.855322055724
2,DS19,259,5385.298864913943
2,DS19,260,5390.993726057648
2,DS19,261,5390.446862843382
2,DS19,262,5390.200792360376
2,DS19,263,5387.876465273942
2,DS19,264,5388.907221252247
2,DS19,265,5386.205058221881
2,DS19,266,5390.490001599974
2,DS19,267,5389.063754844467
2,DS19,268,5397.270647394071
2,DS19,269,5389.230893643299
2,DS19,270,5391.098553472203
2,DS19,271,5393.77162111708
2,DS19,272,5387.077302541396
2,DS19,273,5392.310160093332
2,DS19,274,5386.6017845527895
2,DS19,275,5395.735859257647
2,DS19,276,5389.105223878232
2,DS19,277,5389.829182031021
2,DS19,278,5390.516309847538
2,DS19,279,5395.114629055804
2,DS19,280,5388.48895512592
2,DS19,281,5400.969661629321
2,DS19,282,5393.1624406502515
2,DS19,283,5395.690618296947
2,DS19,284,5389.267200828171
2,DS19,285,5397.304665599783
2,DS19,286,5395.16332430935
2,DS19,287,5388.598755794415
2,DS19,288,5392.9436935805725
2,DS19,289,5399.924942995909
2,DS19,290,5399.741619134066
2,DS19,291,5396.352940771827
2,DS19,292,5396.410420562466
2,DS19,293,5391.054621247162
2,DS19,294,5400.558490058234
2,DS19,295,5389.936709869809
2,DS19,296,5395.608068577249
2,DS19,297,5390.699368029129
2,DS19,298,5395.172564877246
2,DS19,299,5397.375514986507
2,CTDD21,0,5119.598507744125
2,CTDD21,1,5125.709911870399
2,CTDD21,2,5135.943516199547
2,CTDD21,3,5137.738266713683
2,CTDD21,4,5148.422093273007
2,CTDD21,5,5155.338754594665
2,CTDD21,6,5170.975489464487
2,CTDD21,7,5174.300865693032
2,CTDD21,8,5181.066341948025
2,CTDD21,9,5187.194677886669
2,CTDD21,10,5201.0890139361745
2,CTDD21,11,5189.829752329356
2,CTDD21,12,5205.403279224577
2,CTDD21,13,5216.691616152348
2,CTDD21,14,5219.898321845899
2,CTDD21,15,5222.928270099498
2,CTDD21,16,5222.924365771811
2,CTDD21,17,5225.799649683023
2,CTDD21,18,5235.14855420248
2,CTDD21,19,5246.765867258517
2,CTDD21,20,5251.676654998046
2,CTDD21,21,5255.44775866683
2,CTDD21,22,5262.415332083397
2,CTDD21,23,5269.5968403525485
2,CTDD21,24,5276.637998529882
2,CTDD21,25,5273.762555032612
2,CTDD21,26,5277.004266073635
2,CTDD21,27,5291.851607298064
2,CTDD21,28,5288.691092537363
2,CTDD21,29,5299.61348239644
2,CTDD21,30,5305.750775139444
2,CTDD21,31,5301.948186326576
2,CTDD21,32,5311.860166840094
2,CTDD21,33,5309.635183310164
2,CTDD21,34,5313.566255855321
2,CTDD21,35,5327.8205266679815
2,CTDD21,36,5317.520998403201
2,CTDD21,37,5336.377418852829
2,CTDD21,38,5330.279825733613
2,CTDD21,39,5334.08545413741
2,CTDD21,40,5344.037378015002
2,CTDD21,41,5338.312838701772
2,CTDD21,42,5352.947620982207
2,CTDD21,43,5347.408873067452
2,CTDD21,44,5353.498212692288
2,CTDD21,45,5366.4139462771755
2,CTDD21,46,5337.899768722922
2,CTDD21,47,5364.536160807909
2,CTDD21,48,5352.28549863706
2,CTDD21,49,5367.676419966257
2,CTDD21,50,5366.441118750792
2,CTDD21,51,5355.400041155748
2,CTDD21,52,5355.1488828529245
2,CTDD21,53,5376.414729801402
2,CTDD21,54,5360.664506716587
2,CTDD21,55,5362.052398772992
2,CTDD21,56,5377.662831266179
2,CTDD21,57,5354.619900593815
2,CTDD21,58,5379.249007878721
2,CTDD21,59,5368.658245039851
2,CTDD21,60,5383.407400116546
2,CTDD21,61,5363.4065952706305
2,CTDD21,62,5371.660557387272
2,CTDD21,63,5378.529618312233
2,CTDD21,64,5368.462959418678
2,CTDD21,65,5373.850015159209
2,CTDD21,66,5380.921615971641
2,CTDD21,67,5364.401208419472
2,CTDD21,68,5378.084749371589
2,CTDD21,69,5378.745563960693
2,CTDD21,70,5361.449355275613
2,CTDD21,71,5377.617057535794
2,CTDD21,72,5366.194746002619
2,CTDD21,73,5366.210683847241
2,CTDD21,74,5371.167135266066
2,CTDD21,75,5365.4152217604005
2,CTDD21,76,5361.997431656676
2,CTDD21,77,5367.82958201078
2,CTDD21,78,5373.239842049642
2,CTDD21,79,5367.620515545249
2,CTDD21,80,5368.087204838987
2,CTDD21,81,5362.890264226717
2,CTDD21,82,5370.447195160716
2,CTDD21,83,5382.684426348423
2,CTDD21,84,5369.587002445624
2,CTDD21,85,5364.210630071128
2,CTDD21,86,5370.368783644718
2,CTDD21,87,5359.91419832412
2,CTDD21,88,5370.554683211821
2,CTDD21,89,5365.71388293405
2,CTDD21,90,5371.802977963361
2,CTDD21,91,5384.732441184234
2,CTDD21,92,5375.898168993337
2,CTDD21,93,5362.393490164937
2,CTDD21,94,5380.232963114275
2,CTDD21,95,5353.016185996913
2,CTDD21,96,5378.3869953483845
2,CTDD21,97,5375.079479177754
2,CTDD21,98,5382.465301205914
2,CTDD21,99,5358.9280255445465
2,CTDD21,100,5366.848405884723
2,CTDD21,101,5383.217337236705
2,CTDD21,102,5364.830951366888
2,CTDD21,103,5368.923613632658
2,CTDD21,104,5378.723241182601
2,CTDD21,105,5372.043032419085
2,CTDD21,106,5389.244030243678
2,CTDD21,107,5362.9213603673625
2,CTDD21,108,5368.61948179717
2,CTDD21,109,5363.462737815441
2,CTDD21,110,5381.050053804874
2,CTDD21,111,5379.094267678703
2,CTDD21,112,5370.3919428951085
2,CTDD21,113,5375.769219683473
2,CTDD21,114,5379.194096580998
2,CTDD21,115,5358.797355009542
2,CTDD21,116,5378.563053507765
2,CTDD21,117,5375.814802923547
2,CTDD21,118,5377.038722235177
2,CTDD21,119,5353.578523657551
2,CTDD21,120,5361.0035089158655
2,CTDD21,121,5381.197717754773
2,CTDD21,122,5371.659104239965
2,CTDD21,123,5362.2332476171005
2,CTDD21,124,5368.935904083916
2,CTDD21,125,5373.9954300850295
2,CTDD21,126,5366.54451832454
2,CTDD21,127,5366.1717477678685
2,CTDD21,128,5367.325339394944
2,CTDD21,129,5366.401379684198
2,CTDD21,130,5368.271515731363
2,CTDD21,131,5373.536742173113
2,CTDD21,132,5371.119566663971
2,CTDD21,133,5365.505789453925
2,CTDD21,134,5388.100004821103
2,CTDD21,135,5364.145706546299
2,CTDD21,136,5391.105726340714
2,CTDD21,137,5384.002376689682
2,CTDD21,138,5362.3814181838125
2,CTDD21,139,5375.149045691385
2,CTDD21,140,5367.248105102996
2,CTDD21,141,5382.655865459732
2,CTDD21,142,5367.881855789047
2,CTDD21,143,5359.449454286942
2,CTDD21,144,5378.102203810647
2,CTDD21,145,5374.785535690514
2,CTDD21,146,5371.700504531219
2,CTDD21,147,5362.0582857656855
2,CTDD21,148,5384.510875127346
2,CTDD21,149,5376.274143957329
2,CTDD21,150,5377.811081363419
2,CTDD21,151,5372.665487942686
2,CTDD21,152,5361.523481353942
2,CTDD21,153,5382.207125580922
2,CTDD21,154,5380.73007184119
2,CTDD21,155,5377.981169016764
2,CTDD21,156,5375.371170185768
2,CTDD21,157,5382.584587779846
2,CTDD21,158,5372.981696435799
2,CTDD21,159,5380.177505468147
2,CTDD21,160,5381.837937117707
2,CTDD21,161,5376.117519226492
2,CTDD21,162,5369.293545753695
2,CTDD21,163,5371.379628361916
2,CTDD21,164,5367.754741291564
2,CTDD21,165,5377.609406330864
2,CTDD21,166,5372.64438168998
2,CTDD21,167,5360.182251852306
2,CTDD21,168,5376.917743254206
2,CTDD21,169,5379.752257134448
2,CTDD21,170,5374.392454236359
2,CTDD21,171,5366.9041120075635
2,CTDD21,172,5369.0403622071135
2,CTDD21,173,5373.715831772876
2,CTDD21,174,5387.123890615782
2,CTDD21,175,5374.6941754711415
2,CTDD21,176,5363.996908564708
2,CTDD21,177,5367.907077248965
2,CTDD21,178,5371.156613092745
2,CTDD21,179,5382.351416444013
2,CTDD21,180,5372.007448833595
2,CTDD21,181,5374.583560574
2,CTDD21,182,5358.066471594541
2,CTDD21,183,5355.339364365665
2,CTDD21,184,5358.696956002219
2,CTDD21,185,5388.027754723425
2,CTDD21,186,5385.110205942266
2,CTDD21,187,5375.169266562783
2,CTDD21,188,5378.354179843335
2,CTDD21,189,5383.501268524744
2,CTDD21,190,5373.437410261565
2,CTDD21,191,5362.928490788991
2,CTDD21,192,5387.237140147035
2,CTDD21,193,5378.727972786147
2,CTDD21,194,5377.463790222945
2,CTDD21,195,5358.05235712352
2,CTDD21,196,5367.636937000517
2,CTDD21,197,5372.415966223724
2,CTDD21,198,5370.397935482188
2,CTDD21,199,5361.3593217389625
2,CTDD21,200,5369.472890518846
2,CTDD21,201,5360.512897584643
2,CTDD21,202,5368.987726021057
2,CTDD21,203,5373.967568875869
2,CTDD21,204,5379.541117805701
2,CTDD21,205,5360.999534563423
2,CTDD21,206,5379.7055604393545
2,CTDD21,207,5365.166708147311
2,CTDD21,208,5370.677428748479
2,CTDD21,209,5363.6221871367125
2,CTDD21,210,5371.930722877018
2,CTDD21,211,5371.559408264528
2,CTDD21,212,5359.333101504373
2,CTDD21,213,5365.980233919179
2,CTDD21,214,5366.103169797498
2,CTDD21,215,5380.66887065297
2,CTDD21,216,5367.905918107709
2,CTDD21,217,5370.534107343404
2,CTDD21,218,5381.055860995548
2,CTDD21,219,5377.124640857893
2,CTDD21,220,5377.170559867414
2,CTDD21,221,5365.141574731325
2,CTDD21,222,5359.343709409409
2,CTDD21,223,5370.042335061577
2,CTDD21,224,5369.17186222397
2,CTDD21,225,5370.652898481509
2,CTDD21,226,5383.390691029602
2,CTDD21,227,5372.365033291263
2,CTDD21,228,5370.406917036927
2,CTDD21,229,5369.05849977304
2,CTDD21,230,5383.0349431712775
2,CTDD21,231,5363.430985584135
2,CTDD21,232,5364.872629839595
2,CTDD21,233,5381.582984513763
2,CTDD21,234,5382.020808096595
2,CTDD21,235,5367.500312057497
2,CTDD21,236,5372.548821939154
2,CTDD21,237,5372.0791238654365
2,CTDD21,238,5379.506787791102
2,CTDD21,239,5385.757495683274
2,CTDD21,240,5375.216543460866
2,CTDD21,241,5368.523722809971
2,CTDD21,242,5364.181236052955
2,CTDD21,243,5380.744970621549
2,CTDD21,244,5363.403187257528
2,CTDD21,245,5382.503772329151
2,CTDD21,246,5364.932029268837
2,CTDD21,247,5379.749019908662
2,CTDD21,248,5376.8677661864995
2,CTDD21,249,5369.723123604827
2,CTDD21,250,5386.456369052645
2,CTDD21,251,5361.4053710084
2,CTDD21,252,5377.493488223143
2,CTDD21,253,5361.202648707076
2,CTDD21,254,5368.316849417264
2,CTDD21,255,5367.103423902378
2,CTDD21,256,5378.85037365252
2,CTDD21,257,5360.875120622568
2,CTDD21,258,5366.632286804616
2,CTDD21,259,5380.819313037242
2,CTDD21,260,5368.4782864873605
2,CTDD21,261,5362.297789110758
2,CTDD21,262,5374.317174925718
2,CTDD21,263,5362.08379384475
2,CTDD21,264,5354.9553218994815
2,CTDD21,265,5375.351877808521
2,CTDD21,266,5367.612007089623
2,CTDD21,267,5377.6270333555385
2,CTDD21,268,5368.911467124084
2,CTDD21,269,5355.344538398833
2,CTDD21,270,5380.641883441502
2,CTDD21,271,5369.377364976333
2,CTDD21,272,5366.101662828625
2,CTDD21,273,5376.1920575110935
2,CTDD21,274,5371.534529567852
2,CTDD21,275,5364.040851306256
2,CTDD21,276,5375.4426795121335
2,CTDD21,277,5367.99618706021
2,CTDD21,278,5356.734230808946
2,CTDD21,279,5372.490362001347
2,CTDD21,280,5362.408635168863
2,CTDD21,281,5383.990305299979
2,CTDD21,282,5371.087810756427
2,CTDD21,283,5370.891381207967
2,CTDD21,284,5374.539910296677
2,CTDD21,285,5379.950345169217
2,CTDD21,286,5397.3552663738255
2,CTDD21,287,5382.748645707453
2,CTDD21,288,5379.043758117981
2,CTDD21,289,5375.772542236161
2,CTDD21,290,5370.291690276175
2,CTDD21,291,5372.259755695133
2,CTDD21,292,5363.213521750936
2,CTDD21,293,5381.852312714609
2,CTDD21,294,5372.61496253818
2,CTDD21,295,5381.3160167788155
2,CTDD21,296,5363.71918202055
2,CTDD21,297,5376.367011768406
2,CTDD21,298,5357.774052103264
2,CTDD21,299,5354.948823046424
3,IF2,0,5364.235718915979
3,IF2,1,5390.732461333333
3,IF2,2,5389.425245597067
3,IF2,3,5393.116967222607
3,IF2,4,5390.864690366161
3,IF2,5,5391.724195445624
3,IF2,6,5397.120109433742
3,IF2,7,5391.858996083438
3,IF2,8,5396.083935596922
3,IF2,9,5391.50688953896
3,IF2,10,5388.900965424282
3,IF2,11,5389.541918811376
3,IF2,12,5391.652721705291
3,IF2,13,5390.317742944533
3,IF2,14,5385.831539519242
3,IF2,15,5392.949273222266
3,IF2,16,5389.394416160842
3,IF2,17,5393.521903171583
3,IF2,18,5389.790169873644
3,IF2,19,5398.27086128103
3,IF2,20,5397.222163674544
3,IF2,21,5392.180675778578
3,IF2,22,5396.730816897038
3,IF2,23,5394.435211430464
3,IF2,24,5391.886089361839
3,IF2,25,5397.9371034698825
3,IF2,26,5392.65316420573
3,IF2,27,5392.01718210142
3,IF2,28,5396.806872804422
3,IF2,29,5392.848939107609
3,IF2,30,5397.024557708508
3,IF2,31,5397.4331074294105
3,IF2,32,5392.807321333105
3,IF2,33,5392.366005253393
3,IF2,34,5394.699762933425
3,IF2,35,5393.028958178143
3,IF2,36,5395.228896466966
3,IF2,37,5392.802376091647
3,IF2,38,5393.132275301699
3,IF2,39,5390.4697995636625
3,IF2,40,5388.782110822599
3,IF2,41,5392.661421513806
3,IF2,42,5389.567431575334
3,IF2,43,5391.884675733855
3,IF2,44,5390.681270684578
3,IF2,45,5394.485311379254
3,IF2,46,5394.91468492352
3,IF2,47,5396.19625205915
3,IF2,48,5392.9529703632115
3,IF2,49,5392.596403687488
3,IF2,50,5392.318530766836
3,IF2,51,5397.6554353072825
3,IF2,52,5396.151525420657
3,IF2,53,5392.3387433800235
3,IF2,54,5395.422677381868
3,IF2,55,5392.141300905007
3,IF2,56,5389.829783598529
3,IF2,57,5393.639432831195
3,IF2,58,5392.078091106498
3,IF2,59,5399.616624791651
3,IF2,60,5396.074620254451
3,IF2,61,5395.026545682913
3,IF2,62,5394.928429953185
3,IF2,63,5392.22832079464
3,IF2,64,5397.048850706239
3,IF2,65,5400.291460393796
3,IF2,66,5397.298599118394
3,IF2,67,5397.467601609046
3,IF2,68,5396.535973876975
3,IF2,69,5390.508783865516
3,IF2,70,5399.526547220828
3,IF2,71,5393.477832484941
3,IF2,72,5397.424818745387
3,IF2,73,5396.922120089181
3,IF2,74,5399.210756174859
3,IF2,75,5395.204671523553
3,IF2,76,5396.3559483793515
3,IF2,77,5399.453227720788
3,IF2,78,5400.0331157050305
3,IF2,79,5395.197324405777
3,IF2,80,5394.763980750097
3,IF2,81,5398.825934925423
3,IF2,82,5398.8793352133025
3,IF2,83,5396.874187090504
3,IF2,84,5397.41132399846
3,IF2,85,5398.086772825788
3,IF2,86,5398.108317615337
3,IF2,87,5396.011292994669
3,IF2,88,5390.4927296247615
3,IF2,89,5398.808417832502
3,IF2,90,5396.428334217869
3,IF2,91,5400.743896718928
3,IF2,92,5398.865282673505
3,IF2,93,5395.754664823099
3,IF2,94,5395.692543280926
3,IF2,95,5392.566360930158
3,IF2,96,5396.837442713397
3,IF2,97,5397.051559378797
3,IF2,98,5396.877317839546
3,IF2,99,5398.146316911502
3,IF2,100,5397.446675186215
3,IF2,101,5398.549756180323
3,IF2,102,5394.361247679512
3,IF2,103,5399.1285357926745
3,IF2,104,5395.0276648048175
3,IF2,105,5395.092306706217
3,IF2,106,5396.990602415105
3,IF2,107,5397.78642305409
3,IF2,108,5399.944790549501
3,IF2,109,5394.548062098367
3,IF2,110,5399.990221252114
3,IF2,111,5395.917105923016
3,IF2,112,5397.406539217588
3,IF2,113,5397.605530841366
3,IF2,114,5399.5128329476365
3,IF2,115,5399.551951882201
3,IF2,116,5400.157785250304
3,IF2,117,5403.46515228079
3,IF2,118,5397.132897255576
3,IF2,119,5398.290855256725
3,IF2,120,5398.581277936188
3,IF2,121,5396.518786644982
3,IF2,122,5398.061407337652
3,IF2,123,5397.04499634822
3,IF2,124,5396.292377129495
3,IF2,125,5399.577832055993
3,IF2,126,5397.182167403583
3,IF2,127,5399.5045091030825
3,IF2,128,5398.313304662161
3,IF2,129,5401.983070735445
3,IF2,130,5401.305369480495
3,IF2,131,5398.2163171544835
3,IF2,132,5396.522205726193
3,IF2,133,5403.4450996929545
3,IF2,134,5397.372760525893
3,IF2,135,5393.186620571856
3,IF2,136,5397.073203280294
3,IF2,137,5397.686003603809
3,IF2,138,5398.895740211562
3,IF2,139,5394.532545302871
3,IF2,140,5396.748695257009
3,IF2,141,5397.257874636635
3,IF2,142,5400.880774652295
3,IF2,143,5399.985022947229
3,IF2,144,5399.824300140481
3,IF2,145,5399.596752533251
3,IF2,146,5395.791766633864
3,IF2,147,5398.301637616924
3,IF2,148,5399.627260256876
3,IF2,149,5404.512970930181
3,IF2,150,5404.270260181055
3,IF2,151,5395.88296080256
3,IF2,152,5400.445689069725
3,IF2,153,5397.262180560711
3,IF2,154,5399.19781856562
3,IF2,155,5400.123789583489
3,IF2,156,5395.349707772302
3,IF2,157,5399.688706719181
3,IF2,158,5401.724557717528
3,IF2,159,5398.089971681088
3,IF2,160,5400.077698076368
3,IF2,161,5397.316689144714
3,IF2,162,5395.413293057432
3,IF2,163,5400.828585108793
3,IF2,164,5400.4339302279295
3,IF2,165,5402.709801501492
3,IF2,166,5399.536254448361
3,IF2,167,5398.825896666769
3,IF2,168,5398.012786460973
3,IF2,169,5396.061022945173
3,IF2,170,5396.213383647747
3,IF2,171,5402.22660076762
3,IF2,172,5395.511273289721
3,IF2,173,5396.637496487058
3,IF2,174,5395.486775734836
3,IF2,175,5398.047430393145
3,IF2,176,5399.342866113345
3,IF2,177,5399.498913022178
3,IF2,178,5393.782344310947
3,IF2,179,5397.42657058355
3,IF2,180,5399.149523279785
3,IF2,181,5400.452425931836
3,IF2,182,5394.522451798315
3,IF2,183,5396.219467385292
3,IF2,184,5402.696213136102
3,IF2,185,5399.900231860538
3,IF2,186,5398.069220214329
3,IF2,187,5401.879005929552
3,IF2,188,5402.779706998893
3,IF2,189,5398.019834233804
3,IF2,190,5401.615835234715
3,IF2,191,5398.982390810967
3,IF2,192,5400.537538815809
3,IF2,193,5399.260437764601
3,IF2,194,5403.9798358866665
3,IF2,195,5401.802185801687
3,IF2,196,5400.071176721072
3,IF2,197,5401.80784668258
3,IF2,198,5401.76660251605
3,IF2,199,5398.4665457786
3,IF2,200,5407.503111044345
3,IF2,201,5402.283850476542
3,IF2,202,5403.2391820981065
3,IF2,203,5400.670573089564
3,IF2,204,5399.862072985986
3,IF2,205,5401.845786941334
3,IF2,206,5398.67390265742
3,IF2,207,5401.464982414072
3,IF2,208,5397.465307306886
3,IF2,209,5402.951210404785
3,IF2,210,5402.27737880725
3,IF2,211,5395.167848797103
3,IF2,212,5402.209003381264
3,IF2,213,5400.483833061501
3,IF2,214,5401.588474715467
3,IF2,215,5397.364057504784
3,IF2,216,5400.3141035603
3,IF2,217,5401.426906657925
3,IF2,218,5400.182440121251
3,IF2,219,5399.233538200688
3,IF2,220,5397.644049296704
3,IF2,221,5400.242701486565
3,IF2,222,5402.368718741624
3,IF2,223,5399.137598151769
3,IF2,224,5400.079447786523
3,IF2,225,5401.475652337178
3,IF2,226,5399.173163497105
3,IF2,227,5399.234584948376
3,IF2,228,5404.33836447947
3,IF2,229,5398.7957811485
3,IF2,230,5401.241609149133
3,IF2,231,5398.495749007256
3,IF2,232,5399.45336231267
3,IF2,233,5399.042194811023
3,IF2,234,5401.536273492654
3,IF2,235,5397.892768035958
3,IF2,236,5398.892947866321
3,IF2,237,5398.911448526619
3,IF2,238,5400.040987872061
3,IF2,239,5394.160307064176
3,IF2,240,5400.475639249642
3,IF2,241,5398.830795185392
3,IF2,242,5398.457215476818
3,IF2,243,5399.0688674512885
3,IF2,244,5397.071005555471
3,IF2,245,5401.36609479774
3,IF2,246,5398.538562005919
3,IF2,247,5397.565226760611
3,IF2,248,5397.52666381354
3,IF2,249,5394.781610094599
3,IF2,250,5394.934563973848
3,IF2,251,5397.916513952187
3,IF2,252,5399.335046056771
3,IF2,253,5404.301246490211
3,IF2,254,5401.371266849106
3,IF2,255,5401.958912562161
3,IF2,256,5401.01362863334
3,IF2,257,5401.317444050127
3,IF2,258,5399.522129272505
3,IF2,259,5400.036887902073
3,IF2,260,5399.780341557149
3,IF2,261,5398.0112844809455
3,IF2,262,5401.956443164077
3,IF2,263,5403.016793496994
3,IF2,264,5401.3572145477365
3,IF2,265,5401.587684606849
3,IF2,266,5400.8425696427075
3,IF2,267,5395.31144201807
3,IF2,268,5402.7320242146325
3,IF2,269,5399.846916242231
3,IF2,270,5401.524024952197
3,IF2,271,5401.502227152388
3,IF2,272,5400.771074710439
3,IF2,273,5401.568894788535
3,IF2,274,5400.939812076067
3,IF2,275,5400.327031215993
3,IF2,276,5397.226103714934
3,IF2,277,5401.09231432187
3,IF2,278,5402.464779653273
3,IF2,279,5400.285920696674
3,IF2,280,5399.171459900087
3,IF2,281,5399.680491342765
3,IF2,282,5398.86941778188
3,IF2,283,5399.812053891697
3,IF2,284,5396.95374575184
3,IF2,285,5397.917788850897
3,IF2,286,5399.324359778965
3,IF2,287,5399.666569053909
3,IF2,288,5400.648185268803
3,IF2,289,5397.412484100818
3,IF2,290,5401.309496872766
3,IF2,291,5398.949377704975
3,IF2,292,5399.0945682222955
3,IF2,293,5398.224021043226
3,IF2,294,5398.684036561888
3,IF2,295,5398.671942863043
3,IF2,296,5398.4805700819925
3,IF2,297,5398.438195842651
3,IF2,298,5398.33320952128
3,IF2,299,5399.52924960323
3,IF2,300,5401.89468232559
3,IF2,301,5401.961932810013
3,IF2,302,5397.127519056871
3,IF2,303,5399.984279865162
3,IF2,304,5404.258509928807
3,IF2,305,5401.038054755614
3,IF2,306,5398.3595445691135
3,IF2,307,5402.445288215119
3,IF2,308,5401.5784796319
3,IF2,309,5401.3274642136475
3,IF2,310,5399.473534899861
3,IF2,311,5398.5376987600575
3,IF2,312,5399.639189854047
3,IF2,313,5400.470966589288
3,IF2,314,5397.345400394848
3,IF2,315,5403.158823995766
3,IF2,316,5402.612214633707
3,IF2,317,5400.054253860992
3,IF2,318,5395.126262779242
3,IF2,319,5400.146919997547
3,IF2,320,5400.316458456232
3,IF2,321,5400.521587943908
3,IF2,322,5397.468715102702
3,IF2,323,5401.67546142079
3,IF2,324,5400.655119490865
3,IF2,325,5401.026638755865
3,IF2,326,5399.319052897638
3,IF2,327,5396.057464546472
3,IF2,328,5400.614556049658
3,IF2,329,5400.327923637348
3,IF2,330,5402.33234478603
3,IF2,331,5399.787216575921
3,IF2,332,5400.664906842914
3,IF2,333,5399.976652857752
3,IF2,334,5402.735452469154
3,IF2,335,5400.167839481755
3,IF2,336,5403.646059941802
3,IF2,337,5400.364236175707
3,IF2,338,5397.501813980441
3,IF2,339,5401.654563050092
3,IF2,340,5399.103008651129
3,IF2,341,5396.505883861272
3,IF2,342,5400.579121765797
3,IF2,343,5404.228556925421
3,IF2,344,5400.274481635186
3,IF2,345,5402.029834699395
3,IF2,346,5401.517559888087
3,IF2,347,5402.4080383318715
3,IF2,348,5400.230197939865
3,IF2,349,5402.612617401479
3,IF2,350,5402.7949627089465
3,IF2,351,5397.039176485185
3,IF2,352,5401.342082909267
3,IF2,353,5401.668238433895
3,IF2,354,5402.348521565883
3,IF2,355,5397.82158259342
3,IF2,356,5399.46670111109
3,IF2,357,5403.423298041071
3,IF2,358,5397.550115326273
3,IF2,359,5400.948909938762
3,IF2,360,5398.212161786573
3,IF2,361,5401.089290608117
3,IF2,362,5402.800259113671
3,IF2,363,5399.285741261946
3,IF2,364,5399.461290837833
3,IF2,365,5400.161034289415
3,IF2,366,5400.926685923685
3,IF2,367,5402.381071724429
3,IF2,368,5396.272610615868
3,IF2,369,5398.381592943743
3,IF2,370,5401.27217246107
3,IF2,371,5400.264779334756
3,IF2,372,5400.486374988057
3,IF2,373,5400.070160003317
3,IF2,374,5401.596509810049
3,IF2,375,5399.230456933435
3,IF2,376,5399.376822673976
3,IF2,377,5402.899577986731
3,IF2,378,5397.849780891552
3,IF2,379,5399.596270021403
3,IF2,380,5401.683212851973
3,IF2,381,5399.125341924186
3,IF2,382,5400.4431716044965
3,IF2,383,5398.172706040111
3,IF2,384,5401.49655873229
3,IF2,385,5401.301584054752
3,IF2,386,5401.057172027778
3,IF2,387,5401.551123959258
3,IF2,388,5400.2782847737335
3,IF2,389,5402.764732972149
3,IF2,390,5400.2235772527365
3,IF2,391,5400.8326045384065
3,IF2,392,5400.703999847848
3,IF2,393,5401.098834392682
3,IF2,394,5400.288175658262
3,IF2,395,5402.038184983976
3,IF2,396,5400.865270697575
3,IF2,397,5404.12118279696
3,IF2,398,5399.449633820556
3,IF2,399,5400.951098206656
3,IF2,400,5402.5773945618685
3,IF2,401,5401.483024566863
3,IF2,402,5398.753811045171
3,IF2,403,5401.339415663545
3,IF2,404,5400.783188322034
3,IF2,405,5401.683829508687
3,IF2,406,5399.327134965132
3,IF2,407,5402.234682329373
3,IF2,408,5401.566241943463
3,IF2,409,5401.161988749778
3,IF2,410,5397.853157013785
3,IF2,411,5401.800670554979
3,IF2,412,5400.793618823534
3,IF2,413,5399.233204553609
3,IF2,414,5397.176998704923
3,IF2,415,5400.414744089687
3,IF2,416,5399.02191293899
3,IF2,417,5400.369514529014
3,IF2,418,5400.172140629825
3,IF2,419,5399.669209012754
3,IF2,420,5401.0846266261005
3,IF2,421,5400.666863561029
3,IF2,422,5402.869409646097
3,IF2,423,5401.722658102303
3,IF2,424,5402.720470706042
3,IF2,425,5395.360958154327
3,IF2,426,5403.820308024397
3,IF2,427,5400.352214854066
3,IF2,428,5396.730140212077
3,IF2,429,5401.179237436448
3,IF2,430,5402.200526292488
3,IF2,431,5399.971659492877
3,IF2,432,5400.638611194734
3,IF2,433,5403.860841685935
3,IF2,434,5400.030012977689
3,IF2,435,5399.495454304058
3,IF2,436,5402.143207413205
3,IF2,437,5398.194419109788
3,IF2,438,5402.320894057784
3,IF2,439,5400.942953998384
3,IF2,440,5399.135121752866
3,IF2,441,5400.280178291381
3,IF2,442,5398.188509151864
3,IF2,443,5403.515685901065
3,IF2,444,5400.786686587653
3,IF2,445,5402.40255264447
3,IF2,446,5398.363691311423
3,IF2,447,5401.052689393618
3,IF2,448,5401.6712332555035
3,IF2,449,5400.6103248340905
3,IF2,450,5401.248471638867
3,IF2,451,5403.988326424915
3,IF2,452,5397.3626679180825
3,IF2,453,5402.013424771112
3,IF2,454,5399.190383351535
3,IF2,455,5399.1963092762635
3,IF2,456,5402.980064328686
3,IF2,457,5403.5249303430655
3,IF2,458,5402.44017321295
3,IF2,459,5399.551169137869
3,IF2,460,5402.817773747126
3,IF2,461,5403.952504806215
3,IF2,462,5400.559048573349
3,IF2,463,5397.294960645698
3,IF2,464,5399.362786028699
3,IF2,465,5402.983252549846
3,IF2,466,5397.768137956188
3,IF2,467,5402.186394944639
3,IF2,468,5398.2555259461915
3,IF2,469,5402.472897329448
3,IF2,470,5401.6933026490815
3,IF2,471,5398.370866092291
3,IF2,472,5398.568526951577
3,IF2,473,5399.296659804986
3,IF2,474,5400.0456300772175
3,IF2,475,5401.725819991626
3,IF2,476,5400.660295993502
3,IF2,477,5397.3749722364655
3,IF2,478,5403.094765557376
3,IF2,479,5402.238630642015
3,IF2,480,5403.363583774582
3,IF2,481,5402.838239646794
3,IF2,482,5399.895269815181
3,IF2,483,5401.365117676648
3,IF2,484,5401.094456566503
3,IF2,485,5399.315368212325
3,IF2,486,5398.282102646258
3,IF2,487,5400.620006939727
3,IF2,488,5400.259023458053
3,IF2,489,5399.652377056347
3,IF2,490,5401.96803225451
3,IF2,491,5401.174055491814
3,IF2,492,5399.697448407424
3,IF2,493,5400.263268371966
3,IF2,494,5402.303130791409
3,IF2,495,5401.172348419437
3,IF2,496,5402.926838622474
3,IF2,497,5401.408285456343
3,IF2,498,5401.088023388277
3,IF2,499,5400.7313283701105
3,IF2,500,5400.866829335651
3,IF2,501,5400.665016231833
3,IF2,502,5399.728798813824
3,IF2,503,5400.754684997244
3,IF2,504,5399.455282961232
3,IF2,505,5402.376410482459
3,IF2,506,5399.886061198274
3,IF2,507,5403.4383387637035
3,IF2,508,5402.581925897605
3,IF2,509,5401.287605041607
3,IF2,510,5395.9478053675175
3,IF2,511,5401.879123099414
3,IF2,512,5402.612852908518
3,IF2,513,5402.6203655027775
3,IF2,514,5400.667749122567
3,IF2,515,5401.179909976695
3,IF2,516,5402.018109828843
3,IF2,517,5396.434515322188
3,IF2,518,5403.549207703086
3,IF2,519,5403.594018997962
3,IF2,520,5401.363714693721
3,IF2,521,5399.054807101455
3,IF2,522,5401.269106892786
3,IF2,523,5402.125460831633
3,IF2,524,5400.296764123455
3,IF2,525,5401.917182060816
3,IF2,526,5399.332637821044
3,IF2,527,5403.114293138021
3,IF2,528,5400.450282680246
3,IF2,529,5403.21568592973
3,IF2,530,5400.0343251459235
3,IF2,531,5399.064869142597
3,IF2,532,5399.441975523316
3,IF2,533,5398.744492321257
3,IF2,534,5407.25021046085
3,IF2,535,5401.689514592959
3,IF2,536,5399.523621809981
3,IF2,537,5400.972622070993
3,IF2,538,5400.030978607185
3,IF2,539,5405.617487953799
3,IF2,540,5401.287347497926
3,IF2,541,5405.044644488252
3,IF2,542,5402.368500536535
3,IF2,543,5400.474320392973
3,IF2,544,5401.806610715158
3,IF2,545,5406.55706253899
3,IF2,546,5399.231052761802
3,IF2,547,5402.350280670351
3,IF2,548,5398.273457780062
3,IF2,549,5400.556021302892
3,IF2,550,5398.746462956399
3,IF2,551,5402.353131534011
3,IF2,552,5402.276115381925
3,IF2,553,5399.033639709606
3,IF2,554,5400.745055833876
3,IF2,555,5401.804204937975
3,IF2,556,5400.716301034995
3,IF2,557,5402.2306420828
3,IF2,558,5401.768498394886
3,IF2,559,5398.703022428459
3,IF2,560,5397.30135846568
3,IF2,561,5399.762586033631
3,IF2,562,5401.128303815284
3,IF2,563,5400.8155437766845
3,IF2,564,5400.865169683227
3,IF2,565,5399.215396067839
3,IF2,566,5398.988469250892
3,IF2,567,5397.5931791926
3,IF2,568,5400.296197223826
3,IF2,569,5399.7109640905055
3,IF2,570,5396.311844964416
3,IF2,571,5400.369573535188
3,IF2,572,5399.986720348673
3,IF2,573,5400.253122177166
3,IF2,574,5398.256668006583
3,IF2,575,5400.42761855164
3,IF2,576,5400.962796183006
3,IF2,577,5401.072528471489
3,IF2,578,5400.364776554556
3,IF2,579,5401.917466730638
3,IF2,580,5401.557718363867
3,IF2,581,5404.338312781782
3,IF2,582,5401.119645900629
3,IF2,583,5402.600683530204
3,IF2,584,5401.577839684216
3,IF2,585,5399.42498679849
3,IF2,586,5399.020577843717
3,IF2,587,5402.2992819608235
3,IF2,588,5400.022068107419
3,IF2,589,5400.944211095963
3,IF2,590,5401.088037953318
3,IF2,591,5401.052461441093
3,IF2,592,5402.623057426524
3,IF2,593,5402.032569811964
3,IF2,594,5397.563420746363
3,IF2,595,5398.501340305805
3,IF2,596,5401.453205370538
3,IF2,597,5397.7494500823905
3,IF2,598,5402.368698458208
3,IF2,599,5403.469150200972
3,IFAD,0,5365.684783881098
3,IFAD,1,5388.84381718966
3,IFAD,2,5392.956207162852
3,IFAD,3,5394.530843952119
3,IFAD,4,5394.588954319361
3,IFAD,5,5391.909347236789
3,IFAD,6,5393.676418633306
3,IFAD,7,5394.2458512087405
3,IFAD,8,5387.422716252445
3,IFAD,9,5393.67309191245
3,IFAD,10,5393.119126249079
3,IFAD,11,5391.338746287141
3,IFAD,12,5393.321862720013
3,IFAD,13,5391.888080907327
3,IFAD,14,5385.351500138808
3,IFAD,15,5394.76183104451
3,IFAD,16,5393.177976082576
3,IFAD,17,5397.457204333366
3,IFAD,18,5391.589586539663
3,IFAD,19,5396.652279356354
3,IFAD,20,5389.244335843945
3,IFAD,21,5393.489420533162
3,IFAD,22,5394.774374148336
3,IFAD,23,5392.706347438501
3,IFAD,24,5393.36147216018
3,IFAD,25,5391.098168230256
3,IFAD,26,5393.74318084683
3,IFAD,27,5392.538458796775
3,IFAD,28,5392.626065042834
3,IFAD,29,5389.030046994009
3,IFAD,30,5392.314096338755
3,IFAD,31,5393.235937583533
3,IFAD,32,5393.484140397711
3,IFAD,33,5397.130657287531
3,IFAD,34,5397.113693545733
3,IFAD,35,5391.677368318594
3,IFAD,36,5392.63153160217
3,IFAD,37,5394.683747358376
3,IFAD,38,5393.298269825992
3,IFAD,39,5396.216238726383
3,IFAD,40,5398.805045604558
3,IFAD,41,5394.599895606905
3,IFAD,42,5397.256055882424
3,IFAD,43,5399.268005077773
3,IFAD,44,5394.1106133496105
3,IFAD,45,5393.81611500236
3,IFAD,46,5397.026054107306
3,IFAD,47,5394.47745639313
3,IFAD,48,5396.483228586527
3,IFAD,49,5395.550024496417
3,IFAD,50,5389.178546216534
3,IFAD,51,5393.141653449693
3,IFAD,52,5397.81437944203
3,IFAD,53,5396.082307655453
3,IFAD,54,5398.826339297063
3,IFAD,55,5395.964066764008
3,IFAD,56,5399.468529034006
3,IFAD,57,5399.141166348886
3,IFAD,58,5393.856334202574
3,IFAD,59,5392.77783859547
3,IFAD,60,5392.2435201543
3,IFAD,61,5396.985590261131
3,IFAD,62,5399.271709929082
3,IFAD,63,5395.43437161919
3,IFAD,64,5395.205203623522
3,IFAD,65,5399.536732480507
3,IFAD,66,5392.7511775146595
3,IFAD,67,5397.412366162621
3,IFAD,68,5391.810960810412
3,IFAD,69,5395.32866675062
3,IFAD,70,5396.427604385195
3,IFAD,71,5397.547606333228
3,IFAD,72,5397.7754798514
3,IFAD,73,5397.188678870209
3,IFAD,74,5397.320967434071
3,IFAD,75,5395.552580803223
3,IFAD,76,5393.9024773954
3,IFAD,77,5394.957114708672
3,IFAD,78,5395.034111723608
3,IFAD,79,5394.981379527091
3,IFAD,80,5394.324403875814
3,IFAD,81,5392.318688799974
3,IFAD,82,5393.163760853822
3,IFAD,83,5397.251791176014
3,IFAD,84,5393.832659280376
3,IFAD,85,5394.2197881060165
3,IFAD,86,5395.159408170421
3,IFAD,87,5399.628084864692
3,IFAD,88,5393.270984199615
3,IFAD,89,5395.119221348872
3,IFAD,90,5394.7871448503865
3,IFAD,91,5397.292711052635
3,IFAD,92,5395.108825499625
3,IFAD,93,5396.684533862909
3,IFAD,94,5393.206117835273
3,IFAD,95,5394.168375112218
3,IFAD,96,5402.123341662398
3,IFAD,97,5400.457847885327
3,IFAD,98,5391.658845864398
3,IFAD,99,5393.493131204313
3,IFAD,100,5388.041222765343
3,IFAD,101,5391.932570213986
3,IFAD,102,5391.427822943488
3,IFAD,103,5391.486771247734
3,IFAD,104,5392.995377227267
3,IFAD,105,5396.366010932214
3,IFAD,106,5394.256103048748
3,IFAD,107,5392.153615885001
3,IFAD,108,5398.859108355666
3,IFAD,109,5394.306908199764
3,IFAD,110,5398.7079559272
3,IFAD,111,5397.840892090504
3,IFAD,112,5396.8880061292575
3,IFAD,113,5394.240251564157
3,IFAD,114,5395.569928885989
3,IFAD,115,5400.722907854219
3,IFAD,116,5396.637078178343
3,IFAD,117,5402.933833054447
3,IFAD,118,5400.360988535425
3,IFAD,119,5397.647042468949
3,IFAD,120,5399.083414787737
3,IFAD,121,5401.528808937106
3,IFAD,122,5400.602972914756
3,IFAD,123,5398.520478422319
3,IFAD,124,5400.039200664831
3,IFAD,125,5398.08103057815
3,IFAD,126,5400.615412801427
3,IFAD,127,5395.716051950411
3,IFAD,128,5400.051760248005
3,IFAD,129,5399.002242092903
3,IFAD,130,5399.395832689919
3,IFAD,131,5396.8874332098185
3,IFAD,132,5402.147752366093
3,IFAD,133,5400.417835424026
3,IFAD,134,5403.440808447852
3,IFAD,135,5399.08343927903
3,IFAD,136,5396.037895178983
3,IFAD,137,5398.691530001552
3,IFAD,138,5398.914909447874
3,IFAD,139,5401.558120880593
3,IFAD,140,5400.665262716555
3,IFAD,141,5400.540950013989
3,IFAD,142,5400.167371615496
3,IFAD,143,5404.64354782083
3,IFAD,144,5400.51137826672
3,IFAD,145,5398.364092555209
3,IFAD,146,5402.615501407608
3,IFAD,147,5403.162228434875
3,IFAD,148,5400.990051166175
3,IFAD,149,5398.414244704564
3,IFAD,150,5400.536237790408
3,IFAD,151,5402.981605188357
3,IFAD,152,5399.348444655021
3,IFAD,153,5403.459826302264
3,IFAD,154,5404.423350546638
3,IFAD,155,5401.051920439088
3,IFAD,156,5398.265866093179
3,IFAD,157,5401.634952352477
3,IFAD,158,5400.804138583945
3,IFAD,159,5398.145755782661
3,IFAD,160,5401.082918974087
3,IFAD,161,5405.26387221288
3,IFAD,162,5398.409844485705
3,IFAD,163,5400.96644726214
3,IFAD,164,5400.381021770551
3,IFAD,165,5401.089874154062
3,IFAD,166,5399.668640420929
3,IFAD,167,5396.718864604759
3,IFAD,168,5401.34263459888
3,IFAD,169,5398.8605038258
3,IFAD,170,5400.045961005532
3,IFAD,171,5401.30206830545
3,IFAD,172,5399.46012282992
3,IFAD,173,5399.142380387165
3,IFAD,174,5400.750115668704
3,IFAD,175,5399.416413096967
3,IFAD,176,5402.655686369878
3,IFAD,177,5398.649797924394
3,IFAD,178,5402.454956167225
3,IFAD,179,5403.569065384806
3,IFAD,180,5399.50406923196
3,IFAD,181,5399.454215392075
3,IFAD,182,5399.12752260026
3,IFAD,183,5399.83605185602
3,IFAD,184,5403.93814161345
3,IFAD,185,5399.657426549301
3,IFAD,186,5402.812427286892
3,IFAD,187,5397.388878485061
3,IFAD,188,5402.352704169384
3,IFAD,189,5401.353962964876
3,IFAD,190,5404.411166308395
3,IFAD,191,5403.227731930416
3,IFAD,192,5400.80986818578
3,IFAD,193,5404.647162702213
3,IFAD,194,5398.636241660657
3,IFAD,195,5402.69838062121
3,IFAD,196,5402.814225231057
3,IFAD,197,5401.969487071724
3,IFAD,198,5407.138164032483
3,IFAD,199,5401.628283800783
3,IFAD,200,5398.633484960385
3,IFAD,201,5401.049988462114
3,IFAD,202,5402.758868844097
3,IFAD,203,5402.435034984871
3,IFAD,204,5399.152241970743
3,IFAD,205,5401.682394808537
3,IFAD,206,5400.957977505454
3,IFAD,207,5401.266949966633
3,IFAD,208,5400.517275854651
3,IFAD,209,5397.529787673609
3,IFAD,210,5401.433741602285
3,IFAD,211,5400.333635206255
3,IFAD,212,5401.247484518407
3,IFAD,213,5398.91321224158
3,IFAD,214,5399.419251631686
3,IFAD,215,5396.725369606697
3,IFAD,216,5403.452448611866
3,IFAD,217,5399.375734491049
3,IFAD,218,5402.260762024795
3,IFAD,219,5400.032215430601
3,IFAD,220,5399.944558594188
3,IFAD,221,5403.201164772194
3,IFAD,222,5403.91303640058
3,IFAD,223,5400.535517072972
3,IFAD,224,5400.911906321796
3,IFAD,225,5400.20892725924
3,IFAD,226,5401.663045099146
3,IFAD,227,5399.639993931536
3,IFAD,228,5401.066570020534
3,IFAD,229,5398.667819639202
3,IFAD,230,5402.671269842658
3,IFAD,231,5399.9252000476445
3,IFAD,232,5400.611776554239
3,IFAD,233,5398.653310105118
3,IFAD,234,5399.398692865029
3,IFAD,235,5400.91003179689
3,IFAD,236,5397.591444146233
3,IFAD,237,5399.6082836150945
3,IFAD,238,5400.955861986373
3,IFAD,239,5406.644528019564
3,IFAD,240,5400.902622821896
3,IFAD,241,5401.722144890521
3,IFAD,242,5402.05260045134
3,IFAD,243,5400.597959878397
3,IFAD,244,5403.777153009586
3,IFAD,245,5400.750294802395
3,IFAD,246,5403.600635906095
3,IFAD,247,5399.17540304196
3,IFAD,248,5401.398589756171
3,IFAD,249,5402.706927924527
3,IFAD,250,5404.283047713824
3,IFAD,251,5401.22448804665
3,IFAD,252,5402.819033680473
3,IFAD,253,5400.049084464698
3,IFAD,254,5401.7287821073305
3,IFAD,255,5400.218095771312
3,IFAD,256,5398.436908124633
3,IFAD,257,5401.376374317141
3,IFAD,258,5400.653489926236
3,IFAD,259,5402.691623532327
3,IFAD,260,5400.308642744024
3,IFAD,261,5399.615202420162
3,IFAD,262,5402.191133137058
3,IFAD,263,5400.981195922588
3,IFAD,264,5402.39378177203
3,IFAD,265,5401.329041217323
3,IFAD,266,5401.337669729331
3,IFAD,267,5398.391318002972
3,IFAD,268,5400.343646066026
3,IFAD,269,5398.740288188661
3,IFAD,270,5403.28451780656
3,IFAD,271,5399.79932021745
3,IFAD,272,5402.635264415243
3,IFAD,273,5401.342993977523
3,IFAD,274,5399.44196362329
3,IFAD,275,5405.603712862793
3,IFAD,276,5397.7185483785925
3,IFAD,277,5396.595177263333
3,IFAD,278,5400.822039248939
3,IFAD,279,5402.868258048351
3,IFAD,280,5403.350246999004
3,IFAD,281,5402.472022118279
3,IFAD,282,5402.672123625946
3,IFAD,283,5402.310306324695
3,IFAD,284,5395.874348276486
3,IFAD,285,5402.8275900762055
3,IFAD,286,5404.316569301956
3,IFAD,287,5400.37396668122
3,IFAD,288,5404.682390242796
3,IFAD,289,5399.322162314847
3,IFAD,290,5403.741040904067
3,IFAD,291,5400.792774659287
3,IFAD,292,5402.04127180763
3,IFAD,293,5404.788116870255
3,IFAD,294,5402.6624385404975
3,IFAD,295,5400.569097760293
3,IFAD,296,5399.528145151047
3,IFAD,297,5400.313411696946
3,IFAD,298,5400.872935648887
3,IFAD,299,5403.088347692045
3,IFAD,300,5406.282779597173
3,IFAD,301,5400.782350586108
3,IFAD,302,5405.437643630192
3,IFAD,303,5400.7569491897575
3,IFAD,304,5400.630180254369
3,IFAD,305,5401.120106719188
3,IFAD,306,5399.466503412546
3,IFAD,307,5401.537580795102
3,IFAD,308,5400.459369000421
3,IFAD,309,5401.8196661164175
3,IFAD,310,5401.983701436915
3,IFAD,311,5399.322125959777
3,IFAD,312,5401.635218016756
3,IFAD,313,5402.323788022143
3,IFAD,314,5402.546659083979
3,IFAD,315,5402.901129834791
3,IFAD,316,5398.37053015326
3,IFAD,317,5403.227863876045
3,IFAD,318,5400.5670357836
3,IFAD,319,5402.036565951361
3,IFAD,320,5398.862763283026
3,IFAD,321,5401.115760780251
3,IFAD,322,5401.844444401511
3,IFAD,323,5401.583083935426
3,IFAD,324,5401.256028377897
3,IFAD,325,5401.263026748919
3,IFAD,326,5400.7600504115135
3,IFAD,327,5397.37074210942
3,IFAD,328,5401.035476512411
3,IFAD,329,5398.0914119605495
3,IFAD,330,5400.4359763690645
3,IFAD,331,5400.410448146964
3,IFAD,332,5401.603749696667
3,IFAD,333,5400.889122579814
3,IFAD,334,5401.776183598281
3,IFAD,335,5403.80479521621
3,IFAD,336,5399.643882203165
3,IFAD,337,5401.122387511658
3,IFAD,338,5402.052983199369
3,IFAD,339,5400.51590028084
3,IFAD,340,5401.257592312062
3,IFAD,341,5401.74419281076
3,IFAD,342,5399.604276342288
3,IFAD,343,5399.532570069459
3,IFAD,344,5401.869698147759
3,IFAD,345,5403.985649683037
3,IFAD,346,5401.51125272237
3,IFAD,347,5403.203699091688
3,IFAD,348,5404.012620993878
3,IFAD,349,5405.044031444958
3,IFAD,350,5401.978664887076
3,IFAD,351,5401.574631527996
3,IFAD,352,5401.479818289738
3,IFAD,353,5402.912517383751
3,IFAD,354,5400.68295678694
3,IFAD,355,5400.209744584831
3,IFAD,356,5401.601401374321
3,IFAD,357,5402.332341458543
3,IFAD,358,5401.73507608375
3,IFAD,359,5405.803125571521
3,IFAD,360,5403.1490527870355
3,IFAD,361,5402.881154560468
3,IFAD,362,5401.681401756916
3,IFAD,363,5400.26777919059
3,IFAD,364,5401.348573567381
3,IFAD,365,5402.165814508303
3,IFAD,366,5400.741363273838
3,IFAD,367,5406.810733364274
3,IFAD,368,5402.4174721960835
3,IFAD,369,5399.754164370288
3,IFAD,370,5403.757452013437
3,IFAD,371,5402.460835708762
3,IFAD,372,5402.3061932731935
3,IFAD,373,5400.944885965803
3,IFAD,374,5399.359666322073
3,IFAD,375,5401.531307300634
3,IFAD,376,5403.062771369207
3,IFAD,377,5401.735905627095
3,IFAD,378,5404.166295978966
3,IFAD,379,5401.389898148979
3,IFAD,380,5404.639241635018
3,IFAD,381,5401.885392791977
3,IFAD,382,5405.326751494758
3,IFAD,383,5400.759293958782
3,IFAD,384,5402.527669238719
3,IFAD,385,5400.799456968165
3,IFAD,386,5402.606304919281
3,IFAD,387,5399.409712365892
3,IFAD,388,5399.327997752735
3,IFAD,389,5401.845234792325
3,IFAD,390,5401.253645980603
3,IFAD,391,5401.396441396964
3,IFAD,392,5401.478116541028
3,IFAD,393,5402.287318454424
3,IFAD,394,5400.4777556863655
3,IFAD,395,5403.097818639065
3,IFAD,396,5401.057922341275
3,IFAD,397,5401.46987172067
3,IFAD,398,5401.115409891501
3,IFAD,399,5401.748852441738
3,DS19,0,5083.750396050567
3,DS19,1,5092.325667735867
3,DS19,2,5097.025421774282
3,DS19,3,5107.750012648039
3,DS19,4,5114.40315289026
3,DS19,5,5116.924014392997
3,DS19,6,5123.381126147138
3,DS19,7,5134.124671416891
3,DS19,8,5141.355075052711
3,DS19,9,5150.390365667398
3,DS19,10,5155.094796639322
3,DS19,11,5158.4163405549725
3,DS19,12,5167.768657575221
3,DS19,13,5178.941942234062
3,DS19,14,5179.403837053297
3,DS19,15,5186.603600697946
3,DS19,16,5197.95545904718
3,DS19,17,5207.293106399705
3,DS19,18,5209.622225362786
3,DS19,19,5216.393775618532
3,DS19,20,5219.270066786165
3,DS19,21,5233.200811757489
3,DS19,22,5232.504172600854
3,DS19,23,5243.423942257593
3,DS19,24,5247.742538248718
3,DS19,25,5248.948893056818
3,DS19,26,5255.134556777616
3,DS19,27,5260.444550539911
3,DS19,28,5268.923995215448
3,DS19,29,5276.469878024881
3,DS19,30,5278.390362846537
3,DS19,31,5284.858348801418
3,DS19,32,5290.046619192079
3,DS19,33,5294.516738309549
3,DS19,34,5300.52660767793
3,DS19,35,5300.925439976356
3,DS19,36,5307.205163108804
3,DS19,37,5314.790641515444
3,DS19,38,5315.500964859462
3,DS19,39,5319.026904651851
3,DS19,40,5322.397135936132
3,DS19,41,5327.077533160453
3,DS19,42,5341.520819995526
3,DS19,43,5339.197727835698
3,DS19,44,5341.128363876978
3,DS19,45,5346.697147545586
3,DS19,46,5354.122276184958
3,DS19,47,5357.0378320039845
3,DS19,48,5354.769217395443
3,DS19,49,5360.836699862467
3,DS19,50,5363.143713636879
3,DS19,51,5363.620545126543
3,DS19,52,5368.910452430602
3,DS19,53,5368.392227315401
3,DS19,54,5375.450262742988
3,DS19,55,5375.327940332346
3,DS19,56,5372.351738003301
3,DS19,57,5384.493825321512
3,DS19,58,5382.626077567313
3,DS19,59,5384.13693350646
3,DS19,60,5388.977364740824
3,DS19,61,5391.6011453300525
3,DS19,62,5395.741473383393
3,DS19,63,5387.402101561315
3,DS19,64,5382.954934302941
3,DS19,65,5393.141432063369
3,DS19,66,5396.35297652557
3,DS19,67,5400.6839871903
3,DS19,68,5394.000084146969
3,DS19,69,5389.951516843037
3,DS19,70,5395.305235854431
3,DS19,71,5390.258553198602
3,DS19,72,5396.431874478934
3,DS19,73,5393.035461396818
3,DS19,74,5395.89181529351
3,DS19,75,5398.802622247967
3,DS19,76,5385.820052446133
3,DS19,77,5393.618236784718
3,DS19,78,5389.961483553684
3,DS19,79,5388.668142015709
3,DS19,80,5387.013372161845
3,DS19,81,5384.952929570119
3,DS19,82,5380.182589624736
3,DS19,83,5379.998381687766
3,DS19,84,5391.655705203119
3,DS19,85,5397.9527475275145
3,DS19,86,5377.840033237527
3,DS19,87,5372.895171300374
3,DS19,88,5359.676364359756
3,DS19,89,5365.210388900823
3,DS19,90,5373.051669408841
3,DS19,91,5368.307389039009
3,DS19,92,5356.315276577615
3,DS19,93,5359.165773597037
3,DS19,94,5346.087854472034
3,DS19,95,5348.870962410387
3,DS19,96,5356.196490615144
3,DS19,97,5339.4068322528965
3,DS19,98,5329.985699229704
3,DS19,99,5340.789072440189
3,DS19,100,5334.28260223336
3,DS19,101,5341.531892468915
3,DS19,102,5337.0629134943465
3,DS19,103,5340.242684957841
3,DS19,104,5326.685539880885
3,DS19,105,5342.6329845537875
3,DS19,106,5336.40884385527
3,DS19,107,5335.945447735457
3,DS19,108,5335.602641831726
3,DS19,109,5345.249976332394
3,DS19,110,5335.45088823971
3,DS19,111,5336.365966934488
3,DS19,112,5342.213210328958
3,DS19,113,5338.411632188775
3,DS19,114,5341.769758762058
3,DS19,115,5349.380534038033
3,DS19,116,5350.259522189228
3,DS19,117,5362.450387479622
3,DS19,118,5356.9498714426245
3,DS19,119,5362.493966857124
3,DS19,120,5363.807912005943
3,DS19,121,5380.400070953763
3,DS19,122,5369.767879988373
3,DS19,123,5367.956038218968
3,DS19,124,5366.41018022574
3,DS19,125,5371.366106982353
3,DS19,126,5377.981448388841
3,DS19,127,5371.3105520392055
3,DS19,128,5377.064066504231
3,DS19,129,5377.413054157595
3,DS19,130,5380.026931279582
3,DS19,131,5382.388861499103
3,DS19,132,5382.550320387495
3,DS19,133,5393.240144859217
3,DS19,134,5395.039428085738
3,DS19,135,5384.112051030542
3,DS19,136,5389.449050801715
3,DS19,137,5389.703640287095
3,DS19,138,5387.346000486053
3,DS19,139,5391.653639847827
3,DS19,140,5396.775577097807
3,DS19,141,5393.924103549807
3,DS19,142,5395.490238137445
3,DS19,143,5391.319637065196
3,DS19,144,5399.508037653347
3,DS19,145,5398.860928325941
3,DS19,146,5393.505359597329
3,DS19,147,5386.249116818334
3,DS19,148,5400.388830314895
3,DS19,149,5396.807857635516
3,DS19,150,5395.654006451674
3,DS19,151,5394.42180805011
3,DS19,152,5393.367313195181
3,DS19,153,5395.755865112007
3,DS19,154,5389.182572291
3,DS19,155,5393.005553326695
3,DS19,156,5386.9979537850195
3,DS19,157,5389.646385842166
3,DS19,158,5392.029649502974
3,DS19,159,5390.53896621297
3,DS19,160,5389.757960122738
3,DS19,161,5382.6499732096945
3,DS19,162,5388.074164846567
3,DS19,163,5383.279785627059
3,DS19,164,5389.16894971414
3,DS19,165,5380.892141337495
3,DS19,166,5383.224120140376
3,DS19,167,5382.980382379179
3,DS19,168,5383.346817846018
3,DS19,169,5378.004409288851
3,DS19,170,5377.013894283167
3,DS19,171,5381.516276279929
3,DS19,172,5376.837826002264
3,DS19,173,5372.31868588197
3,DS19,174,5368.7096815996965
3,DS19,175,5375.149083458735
3,DS19,176,5374.426844328003
3,DS19,177,5374.04604678833
3,DS19,178,5376.316373048078
3,DS19,179,5369.182081014425
3,DS19,180,5363.325825944691
3,DS19,181,5366.684678270274
3,DS19,182,5367.221503374796
3,DS19,183,5363.310373895146
3,DS19,184,5371.36495297576
3,DS19,185,5365.4160416601935
3,DS19,186,5359.584025987466
3,DS19,187,5366.8895989296325
3,DS19,188,5362.744208287179
3,DS19,189,5367.72043955212
3,DS19,190,5360.120036249464
3,DS19,191,5363.688370121739
3,DS19,192,5359.693047114625
3,DS19,193,5358.145844671616
3,DS19,194,5356.999404137743
3,DS19,195,5360.511032303151
3,DS19,196,5358.421603295891
3,DS19,197,5356.499481710109
3,DS19,198,5360.960158799516
3,DS19,199,5357.809735311672
3,DS19,200,5363.425987906955
3,DS19,201,5358.303624575848
3,DS19,202,5357.111716969476
3,DS19,203,5356.802289530339
3,DS19,204,5354.9252218604315
3,DS19,205,5359.578899278627
3,DS19,206,5358.980391262802
3,DS19,207,5357.117091021648
3,DS19,208,5358.026870363555
3,DS19,209,5361.411915681832
3,DS19,210,5360.546614814228
3,DS19,211,5359.66287042694
3,DS19,212,5359.460582794532
3,DS19,213,5357.817871996848
3,DS19,214,5359.994054597729
3,DS19,215,5361.005754543338
3,DS19,216,5362.603816942941
3,DS19,217,5357.868446627531
3,DS19,218,5362.268155096928
3,DS19,219,5366.077966739794
3,DS19,220,5363.584034376244
3,DS19,221,5364.343228606625
3,DS19,222,5366.592283884918
3,DS19,223,5361.096394256628
3,DS19,224,5361.995756205743
3,DS19,225,5364.444645674936
3,DS19,226,5366.117942757531
3,DS19,227,5367.161201288152
3,DS19,228,5369.30620908888
3,DS19,229,5373.743686409938
3,DS19,230,5372.347387156888
3,DS19,231,5369.094060291897
3,DS19,232,5373.283710276609
3,DS19,233,5370.373047547292
3,DS19,234,5374.845483335573
3,DS19,235,5371.3923682072855
3,DS19,236,5370.530223234945
3,DS19,237,5376.4152319320465
3,DS19,238,5375.152036224707
3,DS19,239,5377.643135778778
3,DS19,240,5373.598645656967
3,DS19,241,5377.788188348095
3,DS19,242,5382.028121809208
3,DS19,243,5378.5164730530505
3,DS19,244,5376.982482390401
3,DS19,245,5372.560145887976
3,DS19,246,5377.742337643404
3,DS19,247,5381.401204706674
3,DS19,248,5376.953260395203
3,DS19,249,5381.463977386048
3,DS19,250,5375.951766334668
3,DS19,251,5381.351817828487
3,DS19,252,5379.3302173569255
3,DS19,253,5379.159416706554
3,DS19,254,5385.667176024313
3,DS19,255,5384.400559173032
3,DS19,256,5382.591770972432
3,DS19,257,5380.591824462962
3,DS19,258,5384.50092643595
3,DS19,259,5387.03252457986
3,DS19,260,5383.712691405467
3,DS19,261,5383.953790366188
3,DS19,262,5386.245458517219
3,DS19,263,5383.5585872392585
3,DS19,264,5379.749622152986
3,DS19,265,5389.92103521998
3,DS19,266,5386.560030328644
3,DS19,267,5385.5275793207575
3,DS19,268,5383.523154471693
3,DS19,269,5383.214212010376
3,DS19,270,5392.904123667266
3,DS19,271,5387.049156212087
3,DS19,272,5383.8806573216425
3,DS19,273,5385.947498276799
3,DS19,274,5391.1462132580245
3,DS19,275,5387.115554259725
3,DS19,276,5383.212870064908
3,DS19,277,5387.68084924289
3,DS19,278,5386.310025131385
3,DS19,279,5381.163338033976
3,DS19,280,5394.839647171269
3,DS19,281,5388.436450969375
3,DS19,282,5382.227386952052
3,DS19,283,5395.424034960966
3,DS19,284,5387.8548242433335
3,DS19,285,5389.464542557249
3,DS19,286,5394.919402812983
3,DS19,287,5390.807736279696
3,DS19,288,5392.831527430243
3,DS19,289,5391.271616907319
3,DS19,290,5387.923682867366
3,DS19,291,5390.124842568445
3,DS19,292,5390.299142916968
3,DS19,293,5387.584984762285
3,DS19,294,5386.705319223113
3,DS19,295,5381.829812210201
3,DS19,296,5393.608235864578
3,DS19,297,5390.228606228097
3,DS19,298,5393.747835941903
3,DS19,299,5388.524466481333
3,CTDD21,0,5094.301538190764
3,CTDD21,1,5102.52211947163
3,CTDD21,2,5105.795897959345
3,CTDD21,3,5115.759054727474
3,CTDD21,4,5122.598319705178
3,CTDD21,5,5128.707281166133
3,CTDD21,6,5140.569667335502
3,CTDD21,7,5148.196552913108
3,CTDD21,8,5151.957485334209
3,CTDD21,9,5161.510586016263
3,CTDD21,10,5165.365200070764
3,CTDD21,11,5165.722110614252
3,CTDD21,12,5178.953406932448
3,CTDD21,13,5189.627106988741
3,CTDD21,14,5188.181712318485
3,CTDD21,15,5197.954906407794
3,CTDD21,16,5204.954619375523
3,CTDD21,17,5214.266211105963
3,CTDD21,18,5214.899379650536
3,CTDD21,19,5215.027443015028
3,CTDD21,20,5234.867968022722
3,CTDD21,21,5231.01627588053
3,CTDD21,22,5242.836803599477
3,CTDD21,23,5241.894211407519
3,CTDD21,24,5254.569971798822
3,CTDD21,25,5251.152385086442
3,CTDD21,26,5261.421160256836
3,CTDD21,27,5272.273749226493
3,CTDD21,28,5266.603562818841
3,CTDD21,29,5268.2932872755
3,CTDD21,30,5277.640325302001
3,CTDD21,31,5282.481463510381
3,CTDD21,32,5290.603817959038
3,CTDD21,33,5296.9792077248785
3,CTDD21,34,5303.620148138086
3,CTDD21,35,5302.730330610971
3,CTDD21,36,5295.028658715626
3,CTDD21,37,5318.600680112637
3,CTDD21,38,5321.564292190852
3,CTDD21,39,5309.133252090542
3,CTDD21,40,5320.266096202589
3,CTDD21,41,5322.961355271273
3,CTDD21,42,5325.269868112263
3,CTDD21,43,5328.1862321615245
3,CTDD21,44,5328.008004142966
3,CTDD21,45,5346.080781831569
3,CTDD21,46,5336.869078838748
3,CTDD21,47,5351.932385006918
3,CTDD21,48,5349.638613703196
3,CTDD21,49,5350.820536923278
3,CTDD21,50,5353.624145391531
3,CTDD21,51,5355.898722108633
3,CTDD21,52,5355.505245107237
3,CTDD21,53,5357.675827302607
3,CTDD21,54,5358.756724553082
3,CTDD21,55,5367.180107779877
3,CTDD21,56,5375.810093970235
3,CTDD21,57,5372.920211714344
3,CTDD21,58,5366.188227798923
3,CTDD21,59,5369.482449144761
3,CTDD21,60,5374.395436427549
3,CTDD21,61,5376.244339052729
3,CTDD21,62,5362.208378623423
3,CTDD21,63,5357.293931447566
3,CTDD21,64,5379.06793193924
3,CTDD21,65,5369.940379422743
3,CTDD21,66,5368.753748238678
3,CTDD21,67,5384.252223576608
3,CTDD21,68,5374.59259425748
3,CTDD21,69,5363.568691836896
3,CTDD21,70,5370.55152430005
3,CTDD21,71,5373.657888834491
3,CTDD21,72,5364.149402144337
3,CTDD21,73,5356.234402513877
3,CTDD21,74,5366.861661076961
3,CTDD21,75,5371.768026807088
3,CTDD21,76,5367.667473906078
3,CTDD21,77,5374.32254552557
3,CTDD21,78,5373.550215406654
3,CTDD21,79,5363.357690487072
3,CTDD21,80,5369.847622022963
3,CTDD21,81,5359.2472547629695
3,CTDD21,82,5379.6715921267305
3,CTDD21,83,5364.213780851412
3,CTDD21,84,5363.078698279322
3,CTDD21,85,5367.465511676603
3,CTDD21,86,5365.350815616018
3,CTDD21,87,5388.931398711573
3,CTDD21,88,5373.2145177050625
3,CTDD21,89,5368.67855921744
3,CTDD21,90,5353.625903717828
3,CTDD21,91,5372.8816772621585
3,CTDD21,92,5381.945981181797
3,CTDD21,93,5357.260729910478
3,CTDD21,94,5389.182759174014
3,CTDD21,95,5362.608382447073
3,CTDD21,96,5367.537975910991
3,CTDD21,97,5375.491771354859
3,CTDD21,98,5367.19402739234
3,CTDD21,99,5376.626475074035
3,CTDD21,100,5373.252733262653
3,CTDD21,101,5380.3336557351795
3,CTDD21,102,5365.546669630141
3,CTDD21,103,5377.8427246440415
3,CTDD21,104,5361.34892746699
3,CTDD21,105,5378.518008629336
3,CTDD21,106,5356.893978919356
3,CTDD21,107,5362.893409981207
3,CTDD21,108,5353.982952057761
3,CTDD21,109,5366.335802724142
3,CTDD21,110,5364.824498030862
3,CTDD21,111,5372.4515073358525
3,CTDD21,112,5382.90185854113
3,CTDD21,113,5378.944147279289
3,CTDD21,114,5361.940954839802
3,CTDD21,115,5362.498792851115
3,CTDD21,116,5384.895129549081
3,CTDD21,117,5388.961742467433
3,CTDD21,118,5373.578627434681
3,CTDD21,119,5376.76391742082
3,CTDD21,120,5359.314265314421
3,CTDD21,121,5355.755715751596
3,CTDD21,122,5368.035685824131
3,CTDD21,123,5369.742657892445
3,CTDD21,124,5356.490192164235
3,CTDD21,125,5364.094948844083
3,CTDD21,126,5368.630302130453
3,CTDD21,127,5377.64435153656
3,CTDD21,128,5368.897966703447
3,CTDD21,129,5357.1162858319485
3,CTDD21,130,5359.227047870639
3,CTDD21,131,5370.625251171014
3,CTDD21,132,5381.682468200839
3,CTDD21,133,5375.589957733443
3,CTDD21,134,5355.604606601688
3,CTDD21,135,5371.04932374526
3,CTDD21,136,5370.393275984727
3,CTDD21,137,5367.034090304802
3,CTDD21,138,5373.382339747988
3,CTDD21,139,5372.339525509376
3,CTDD21,140,5376.985931008681
3,CTDD21,141,5376.894051453573
3,CTDD21,142,5379.3978984015075
3,CTDD21,143,5363.9456450095995
3,CTDD21,144,5381.819347483736
3,CTDD21,145,5367.4803772458345
3,CTDD21,146,5372.852440565131
3,CTDD21,147,5360.640848381071
3,CTDD21,148,5359.6215743222365
3,CTDD21,149,5365.777744044202
3,CTDD21,150,5357.012563408397
3,CTDD21,151,5370.597235475276
3,CTDD21,152,5376.834823980891
3,CTDD21,153,5374.567443250694
3,CTDD21,154,5365.398874305302
3,CTDD21,155,5385.895658452927
3,CTDD21,156,5370.895707058914
3,CTDD21,157,5374.598070320739
3,CTDD21,158,5385.960085375363
3,CTDD21,159,5371.585438947628
3,CTDD21,160,5360.1618666800305
3,CTDD21,161,5360.80472255736
3,CTDD21,162,5360.385355914959
3,CTDD21,163,5365.703276948883
3,CTDD21,164,5370.395417548995
3,CTDD21,165,5369.094800588644
3,CTDD21,166,5373.9723778274665
3,CTDD21,167,5360.538942166162
3,CTDD21,168,5359.328985421583
3,CTDD21,169,5365.486042326129
3,CTDD21,170,5379.026262804983
3,CTDD21,171,5367.031231555357
3,CTDD21,172,5376.4280489478215
3,CTDD21,173,5372.110414849736
3,CTDD21,174,5365.259931647701
3,CTDD21,175,5364.576467044573
3,CTDD21,176,5385.658509033585
3,CTDD21,177,5373.774807906857
3,CTDD21,178,5379.22971024201
3,CTDD21,179,5369.47399488727
3,CTDD21,180,5379.024447079239
3,CTDD21,181,5366.415732250805
3,CTDD21,182,5390.119337788093
3,CTDD21,183,5372.05727240007
3,CTDD21,184,5379.352450141041
3,CTDD21,185,5360.592361642074
3,CTDD21,186,5371.729583980331
3,CTDD21,187,5378.123926134346
3,CTDD21,188,5350.972188607687
3,CTDD21,189,5373.283725246356
3,CTDD21,190,5361.755991969465
3,CTDD21,191,5379.194937943307
3,CTDD21,192,5376.358581433834
3,CTDD21,193,5368.539745599366
3,CTDD21,194,5376.123244188885
3,CTDD21,195,5361.880326670509
3,CTDD21,196,5363.698968716251
3,CTDD21,197,5370.756338068959
3,CTDD21,198,5379.369314042755
3,CTDD21,199,5360.754254399226
3,CTDD21,200,5381.397971451509
3,CTDD21,201,5374.140378492907
3,CTDD21,202,5372.4990225223855
3,CTDD21,203,5368.403142809944
3,CTDD21,204,5371.226714106636
3,CTDD21,205,5359.642285522567
3,CTDD21,206,5369.61974912135
3,CTDD21,207,5375.230464889476
3,CTDD21,208,5381.305839156057
3,CTDD21,209,5372.766080430894
3,CTDD21,210,5366.827142375127
3,CTDD21,211,5378.467174848131
3,CTDD21,212,5374.532455818194
3,CTDD21,213,5372.259142608979
3,CTDD21,214,5376.195656934527
3,CTDD21,215,5351.54343097677
3,CTDD21,216,5361.731820442245
3,CTDD21,217,5387.627783775712
3,CTDD21,218,5384.90870584257
3,CTDD21,219,5372.441330994279
3,CTDD21,220,5375.567557681333
3,CTDD21,221,5382.780589209767
3,CTDD21,222,5368.82940837068
3,CTDD21,223,5357.279335246735
3,CTDD21,224,5363.629308609915
3,CTDD21,225,5372.603414842665
3,CTDD21,226,5365.283322845488
3,CTDD21,227,5363.526477600542
3,CTDD21,228,5383.403113891957
3,CTDD21,229,5366.948964482331
3,CTDD21,230,5367.025856923226
3,CTDD21,231,5379.924846880342
3,CTDD21,232,5368.294831687008
3,CTDD21,233,5366.052595546979
3,CTDD21,234,5369.490585614311
3,CTDD21,235,5371.578009719448
3,CTDD21,236,5385.367048773291
3,CTDD21,237,5367.037233577975
3,CTDD21,238,5365.698245216455
3,CTDD21,239,5384.842447267449
3,CTDD21,240,5363.936426707366
3,CTDD21,241,5377.003024697058
3,CTDD21,242,5384.078261982424
3,CTDD21,243,5366.097156645573
3,CTDD21,244,5371.769359376816
3,CTDD21,245,5370.252192641194
3,CTDD21,246,5361.049037327711
3,CTDD21,247,5371.7934375496825
3,CTDD21,248,5383.477958209083
3,CTDD21,249,5364.117154455798
3,CTDD21,250,5374.176021830447
3,CTDD21,251,5356.52015497125
3,CTDD21,252,5365.281884319708
3,CTDD21,253,5381.991981855903
3,CTDD21,254,5380.053002171217
3,CTDD21,255,5377.785211800894
3,CTDD21,256,5378.634644573316
3,CTDD21,257,5364.2426717061
3,CTDD21,258,5378.936493591663
3,CTDD21,259,5369.5053876175725
3,CTDD21,260,5371.590458184141
3,CTDD21,261,5359.681172650831
3,CTDD21,262,5365.307651980855
3,CTDD21,263,5372.993926446693
3,CTDD21,264,5372.374420079821
3,CTDD21,265,5351.306671868871
3,CTDD21,266,5372.864638137844
3,CTDD21,267,5379.3228016762705
3,CTDD21,268,5367.921569070509
3,CTDD21,269,5361.461479065472
3,CTDD21,270,5368.247824363932
3,CTDD21,271,5361.044983271611
3,CTDD21,272,5360.405658477399
3,CTDD21,273,5387.669096727057
3,CTDD21,274,5360.072309744717
3,CTDD21,275,5379.966047523916
3,CTDD21,276,5381.1020233351655
3,CTDD21,277,5362.937045888878
3,CTDD21,278,5374.355532965122
3,CTDD21,279,5379.29216239539
3,CTDD21,280,5377.56770162363
3,CTDD21,281,5374.3366886845515
3,CTDD21,282,5373.24232525546
3,CTDD21,283,5376.229265859476
3,CTDD21,284,5380.510670901935
3,CTDD21,285,5380.1366504893485
3,CTDD21,286,5359.231281149062
3,CTDD21,287,5378.796675107596
3,CTDD21,288,5363.677043681988
3,CTDD21,289,5376.141422885592
3,CTDD21,290,5363.729004524963
3,CTDD21,291,5366.311947382503
3,CTDD21,292,5360.775929652823
3,CTDD21,293,5369.616139840115
3,CTDD21,294,5390.044094450313
3,CTDD21,295,5388.128434371712
3,CTDD21,296,5377.6066607289395
3,CTDD21,297,5385.742406843119
3,CTDD21,298,5362.204933845108
3,CTDD21,299,5359.27224328709
