start,method,iteration,fitting_loglik,score_norm,accepted,learning_rate,elapsed_seconds
0,DS19,0,-904.5076020307592,806.3631173823873,,,
0,DS19,1,-907.4455064303032,407.17430856913575,,,
0,DS19,2,-908.5723116995904,591.1011851371452,,,
0,DS19,3,-909.531127191472,498.04744376368734,,,
0,DS19,4,-907.7374468296136,558.251031419321,,,
0,DS19,5,-908.1756770987909,288.35008860957083,,,
0,DS19,6,-904.2835653352736,641.9098030702913,,,
0,DS19,7,-913.5220646358428,468.1625842420379,,,
0,DS19,8,-902.2172653690732,755.3541560843261,,,
0,DS19,9,-905.970871330246,795.0003194800745,,,
0,DS19,10,-907.7231129216512,718.3060618872374,,,
0,DS19,11,-902.9510171017388,665.9703737571546,,,
0,DS19,12,-906.722151761717,593.9230314172764,,,
0,DS19,13,-906.5016540595644,932.9334548594638,,,
0,DS19,14,-908.528452524976,362.3374526402898,,,
0,DS19,15,-911.8496192962036,1099.3043949466298,,,
0,DS19,16,-904.1961307502122,733.4475044134117,,,
0,DS19,17,-903.5466427788358,466.4985092018448,,,
0,DS19,18,-903.1666363545492,605.7845496462203,,,
0,DS19,19,-897.5376863668353,387.07311044428656,,,
0,DS19,20,-905.979660207008,346.5515908878433,,,
0,DS19,21,-900.4469355832986,569.2328876985968,,,
0,DS19,22,-903.6735415072634,634.4839847687714,,,
0,DS19,23,-903.758669135036,868.4815308655027,,,
0,DS19,24,-909.4568457575922,353.0406557685196,,,
0,DS19,25,-902.355930474722,871.9861188864395,,,
0,DS19,26,-908.0562589923882,693.8473861639509,,,
0,DS19,27,-905.0485490334364,587.1589603993153,,,
0,DS19,28,-902.7083850971992,738.8289243292957,,,
0,DS19,29,-901.7394472662083,637.0413196943183,,,
0,DS19,30,-906.0696035807172,420.5029146247329,,,
0,DS19,31,-902.5893321759568,319.13518243411727,,,
0,DS19,32,-909.0878559364578,546.8528939866103,,,
0,DS19,33,-899.011382625921,866.4993195637076,,,
0,DS19,34,-905.8591654497068,1162.4918405946507,,,
0,DS19,35,-902.2440405630716,699.7121836068769,,,
0,DS19,36,-908.148261262083,568.8823047079433,,,
0,DS19,37,-912.5252916709252,1053.1424971472702,,,
0,DS19,38,-900.756384031048,873.8918974015189,,,
0,DS19,39,-905.8225234454236,852.0021160472588,,,
0,DS19,40,-898.091954182248,1013.8689570767896,,,
0,DS19,41,-899.9036933011585,432.4769225820912,,,
0,DS19,42,-897.8477123960781,316.9360406218896,,,
0,DS19,43,-897.3104087645953,1370.9223874387444,,,
0,DS19,44,-897.6607626063936,457.3610879046513,,,
0,DS19,45,-902.3472807696988,803.0717478822702,,,
0,DS19,46,-900.9797458546766,646.3355216872708,,,
0,DS19,47,-903.0411075092628,853.8135757950924,,,
0,DS19,48,-903.200698943279,1067.0475313533989,,,
0,DS19,49,-895.445337925405,607.2145444292324,,,
0,DS19,50,-897.8763782361116,335.38020652790925,,,
0,DS19,51,-907.1673113989716,377.03018451400845,,,
0,DS19,52,-898.0796247839911,545.9865395505535,,,
0,DS19,53,-899.4842763067932,389.10880432046014,,,
0,DS19,54,-900.3450281527764,864.4138396657787,,,
0,DS19,55,-900.6548834615387,845.4297294118463,,,
0,DS19,56,-899.0905026845096,539.0697299916901,,,
0,DS19,57,-908.8387608868464,419.8664807989342,,,
0,DS19,58,-901.656825732779,896.1557926693606,,,
0,DS19,59,-899.9906161068243,641.1612627717864,,,
0,DS19,60,-902.8191691933145,941.9239006057168,,,
0,DS19,61,-903.6686477208012,470.7900436370509,,,
0,DS19,62,-900.6498810451378,998.8836187208368,,,
0,DS19,63,-901.787086411609,373.2851932352013,,,
0,DS19,64,-898.0597582626468,702.8417221062772,,,
0,DS19,65,-901.9128687368818,1479.5936115246031,,,
0,DS19,66,-889.5342976182822,649.0340083039415,,,
0,DS19,67,-893.4514633115526,415.9179867541446,,,
0,DS19,68,-899.147428865519,741.7769183811428,,,
0,DS19,69,-898.6098071198885,551.2991968486916,,,
0,DS19,70,-898.270003743057,587.5545847046297,,,
0,DS19,71,-899.976867777855,619.389001955822,,,
0,DS19,72,-897.7143030026305,547.4605118463389,,,
0,DS19,73,-898.4103990882331,574.3758657178715,,,
0,DS19,74,-900.930897176677,598.615702316716,,,
0,DS19,75,-893.4014881549565,544.3400256650159,,,
0,DS19,76,-902.02539906855,231.5831342850817,,,
0,DS19,77,-896.6473601089613,498.6875137432917,,,
0,DS19,78,-898.1703392244102,333.6271200110123,,,
0,DS19,79,-900.800824685204,718.8852178774212,,,
0,DS19,80,-897.2108757196955,452.5888055804121,,,
0,DS19,81,-895.2980500490801,674.2336363830274,,,
0,DS19,82,-896.9790038717526,457.1920738444273,,,
0,DS19,83,-898.0401008919463,643.3069197832504,,,
0,DS19,84,-902.7396196994484,594.4667199610503,,,
0,DS19,85,-890.578483928869,434.0240733595728,,,
0,DS19,86,-898.9344425333741,841.787944149237,,,
0,DS19,87,-896.556362001196,620.7181848351025,,,
0,DS19,88,-894.6010732797913,544.4996422483115,,,
0,DS19,89,-891.0098703662458,507.6608446399844,,,
0,DS19,90,-897.7801277860392,709.5140002126901,,,
0,DS19,91,-892.7788096382774,671.4709344790555,,,
0,DS19,92,-898.9716849221916,1365.8210308867367,,,
0,DS19,93,-898.359734513153,750.6421660730379,,,
0,DS19,94,-905.1963970685608,527.9303254803764,,,
0,DS19,95,-894.115870363597,724.2106237410939,,,
0,DS19,96,-895.7784319455628,479.9929853692542,,,
0,DS19,97,-898.4679534884772,441.0825098574196,,,
0,DS19,98,-896.310712281422,947.16140931851,,,
0,DS19,99,-896.487075438711,644.2815410259329,,,
0,DS19,100,-894.146335053533,450.3272091765427,,,
0,DS19,101,-893.8484539671808,430.31758669233534,,,
0,DS19,102,-897.941294857013,665.7180081664399,,,
0,DS19,103,-893.6720342519366,788.2591229302166,,,
0,DS19,104,-895.3805538290733,430.8454078671016,,,
0,DS19,105,-893.5989903824175,347.29450879275373,,,
0,DS19,106,-891.2620639713858,664.880261826041,,,
0,DS19,107,-891.1847428963192,523.6106704347333,,,
0,DS19,108,-892.6547055703157,884.4923599184247,,,
0,DS19,109,-899.761820791991,938.9112861682016,,,
0,DS19,110,-890.6527443592786,723.9381658938473,,,
0,DS19,111,-897.2730604425116,338.07756474741706,,,
0,DS19,112,-894.3966282949991,513.015065686716,,,
0,DS19,113,-895.1481004371243,535.1944624299722,,,
0,DS19,114,-897.5917243336028,745.9212852857851,,,
0,DS19,115,-900.4950744495501,931.4484842883812,,,
0,DS19,116,-903.5466170514228,381.60934527884046,,,
0,DS19,117,-901.2984704561728,884.5847832265115,,,
0,DS19,118,-888.0861418717941,531.142276838805,,,
0,DS19,119,-893.599794103008,427.7081678444485,,,
0,DS19,120,-893.3125244217098,547.8032077308415,,,
0,DS19,121,-896.6015693430222,670.0129105792216,,,
0,DS19,122,-890.3099289092238,1619.668208272972,,,
0,DS19,123,-896.2103178916249,1194.777174514033,,,
0,DS19,124,-889.1166613356767,603.0010695220087,,,
0,DS19,125,-897.9188671552215,538.2230805216581,,,
0,DS19,126,-899.0636033388496,700.0820090326101,,,
0,DS19,127,-891.5202789897702,653.5315375375462,,,
0,DS19,128,-891.0689888354243,687.4287768089446,,,
0,DS19,129,-896.1568580553743,483.62767270530514,,,
0,DS19,130,-895.9705981206484,827.853121377759,,,
0,DS19,131,-896.064189249875,694.182100012594,,,
0,DS19,132,-895.6378822827186,932.703841308894,,,
0,DS19,133,-893.0938996548825,793.5298648679897,,,
0,DS19,134,-898.8360082269717,856.7447782189017,,,
0,DS19,135,-897.308250180494,470.8558084582793,,,
0,DS19,136,-900.1095371692636,712.8669651273918,,,
0,DS19,137,-885.5104739162836,539.8507337911852,,,
0,DS19,138,-895.2062009165782,779.1933167395645,,,
0,DS19,139,-893.2751321664335,533.1256401041829,,,
0,DS19,140,-888.4567459355435,1096.9103945140866,,,
0,DS19,141,-896.6014081385449,527.32593121767,,,
0,DS19,142,-894.2989515606776,696.9764851610018,,,
0,DS19,143,-902.027073140628,538.5909215829737,,,
0,DS19,144,-892.9112301366036,274.92223789012087,,,
0,DS19,145,-894.0404602266092,429.59378208862034,,,
0,DS19,146,-893.5636051010608,1698.4276902292604,,,
0,DS19,147,-893.9412953875313,683.665562232993,,,
0,DS19,148,-890.8241198193641,676.5580242567759,,,
0,DS19,149,-893.7629295691817,651.0583085711307,,,
0,DS19,150,-892.6388288576661,734.9771998540216,,,
0,DS19,151,-900.3290981347825,564.463277706405,,,
0,DS19,152,-891.2077493966476,351.57651778133913,,,
0,DS19,153,-895.3778360361957,801.26727030569,,,
0,DS19,154,-894.8676122897878,882.5965070197616,,,
0,DS19,155,-893.05505847632,407.6216684911107,,,
0,DS19,156,-891.9874907671376,1052.481201804568,,,
0,DS19,157,-897.8205861949209,838.4854615556293,,,
0,DS19,158,-889.4979707665543,363.4154327349588,,,
0,DS19,159,-888.3406283209986,313.2810615195661,,,
0,DS19,160,-893.1117316075924,944.6591229719572,,,
0,DS19,161,-889.8242172207301,589.891291039653,,,
0,DS19,162,-901.2840030129448,696.0449220348095,,,
0,DS19,163,-894.6076421447228,590.6018972753222,,,
0,DS19,164,-890.2111632095068,451.555149473266,,,
0,DS19,165,-896.8393681226243,418.4489104432923,,,
0,DS19,166,-891.9759897726397,1430.6905713368678,,,
0,DS19,167,-895.4966351209355,359.4305477798037,,,
0,DS19,168,-893.8239223786009,670.6743264549353,,,
0,DS19,169,-897.3017925401414,563.5047619607544,,,
0,DS19,170,-894.7801355235404,1352.399454944681,,,
0,DS19,171,-891.6122372905847,324.89470281764187,,,
0,DS19,172,-897.204853094279,809.0314098554397,,,
0,DS19,173,-895.3591119625787,433.5540741068936,,,
0,DS19,174,-895.2258993753082,545.730273893059,,,
0,DS19,175,-894.2797334096888,542.5889124690373,,,
0,DS19,176,-892.0204211196806,464.763078484516,,,
0,DS19,177,-895.921084684029,523.0859937289841,,,
0,DS19,178,-893.4513861641169,1127.4703301986556,,,
0,DS19,179,-887.9494657764233,1042.4177403706074,,,
0,DS19,180,-888.8256114948333,424.0064659269975,,,
0,DS19,181,-888.1175682431045,324.40521585336506,,,
0,DS19,182,-894.3377055617212,836.3421242610726,,,
0,DS19,183,-897.116740786041,801.916494769871,,,
0,DS19,184,-897.9518339379189,548.8827855544979,,,
0,DS19,185,-895.6147703308895,337.2601358462999,,,
0,DS19,186,-887.8049285008171,587.7172802754897,,,
0,DS19,187,-897.9239329213044,690.1560740828106,,,
0,DS19,188,-897.7631257025614,750.699426527468,,,
0,DS19,189,-890.8962813829244,475.652354611969,,,
0,DS19,190,-898.3770782611157,1260.2054672961303,,,
0,DS19,191,-891.4692101050159,397.9116114059252,,,
0,DS19,192,-890.7242362209422,443.40511534489787,,,
0,DS19,193,-893.6465693517765,1200.958083763163,,,
0,DS19,194,-889.7492420445369,323.1886848461616,,,
0,DS19,195,-890.3382708817355,545.1104981508656,,,
0,DS19,196,-889.1104473104612,666.5228519773825,,,
0,DS19,197,-894.7836066331438,699.6865087902639,,,
0,DS19,198,-891.0914495832523,823.4116689633775,,,
0,DS19,199,-894.3336835728303,561.838860104439,,,
0,DS19,200,-887.8379254111841,871.6943047103737,,,
0,DS19,201,-890.1059640737922,855.7931562374782,,,
0,DS19,202,-897.3340099197912,478.2953892158678,,,
0,DS19,203,-889.0554013300979,1040.1926969182605,,,
0,DS19,204,-898.6470913164017,443.893794442279,,,
0,DS19,205,-896.3599955963407,1061.6600625569445,,,
0,DS19,206,-894.4070006197569,593.9610622508853,,,
0,DS19,207,-895.172050967665,710.5579070551563,,,
0,DS19,208,-892.5467200930941,414.7716143590832,,,
0,DS19,209,-892.5399131129748,559.6704677238451,,,
0,DS19,210,-890.1841766285129,735.0874584461247,,,
0,DS19,211,-895.8639922359498,494.6965413369846,,,
0,DS19,212,-892.9700266352627,814.6869794882782,,,
0,DS19,213,-896.2263264994657,866.0722689366111,,,
0,DS19,214,-896.626723642636,751.8111453393102,,,
0,DS19,215,-890.0919353720328,1182.3192106386475,,,
0,DS19,216,-888.7646646871897,1168.402137589591,,,
0,DS19,217,-888.8688607478928,460.5425489845634,,,
0,DS19,218,-895.7030072102156,886.3242860673687,,,
0,DS19,219,-895.8157781964078,957.8799127512228,,,
0,DS19,220,-887.3507378995307,895.5481808232321,,,
0,DS19,221,-887.9516547278206,587.587276667867,,,
0,DS19,222,-886.71023546567,1118.214539880643,,,
0,DS19,223,-886.1042855268274,573.5882411017992,,,
0,DS19,224,-891.8883662446781,505.7349875762238,,,
0,DS19,225,-893.2255153161279,378.817992645516,,,
0,DS19,226,-890.4215956599351,423.5531238165906,,,
0,DS19,227,-884.6962826171099,933.9433385459148,,,
0,DS19,228,-889.6645011781482,604.3563590313469,,,
0,DS19,229,-889.6608465999616,481.7266088497142,,,
0,DS19,230,-892.4685569263804,536.8248104036782,,,
0,DS19,231,-892.0236169496528,546.3979096609824,,,
0,DS19,232,-889.175774023429,1024.06533566263,,,
0,DS19,233,-892.9032573511226,524.0887494579972,,,
0,DS19,234,-889.4762835240068,416.06384388383015,,,
0,DS19,235,-887.3916595149419,1702.841650477214,,,
0,DS19,236,-887.7383524867929,285.4160060262987,,,
0,DS19,237,-893.1339545715982,1524.7415126542742,,,
0,DS19,238,-893.1384793590494,884.2717594756143,,,
0,DS19,239,-884.7422385480374,399.98202258266815,,,
0,DS19,240,-888.7068985472497,1165.4763261626538,,,
0,DS19,241,-898.3033791460932,1048.75383554365,,,
0,DS19,242,-885.216854137172,803.8523791269728,,,
0,DS19,243,-894.4338854616416,874.9199648615461,,,
0,DS19,244,-892.3513191638094,320.06280023105165,,,
0,DS19,245,-896.4245360387634,997.6542838701706,,,
0,DS19,246,-895.1093027543773,838.7811066642789,,,
0,DS19,247,-889.4958162095201,672.2851096079196,,,
0,DS19,248,-887.3434028716615,1054.4557526008516,,,
0,DS19,249,-893.8740855139829,458.61547852272895,,,
0,DS19,250,-898.2004642544565,1828.9456353801893,,,
0,DS19,251,-888.8293555272336,750.4522663644489,,,
0,DS19,252,-891.5557130576333,667.7669928450761,,,
0,DS19,253,-894.974768637449,796.1064933202236,,,
0,DS19,254,-894.3974602093946,980.6407916692654,,,
0,DS19,255,-889.1152124468056,618.9072851459189,,,
0,DS19,256,-889.8546319151349,920.6219804723872,,,
0,DS19,257,-890.0209996616021,722.3483713645272,,,
0,DS19,258,-895.5948754538691,1439.6566477340243,,,
0,DS19,259,-890.5318399073851,846.3179826386624,,,
0,DS19,260,-897.9255894105158,565.3823035329001,,,
0,DS19,261,-887.1960780118598,412.3492235274816,,,
0,DS19,262,-893.3113080029284,930.350358505434,,,
0,DS19,263,-889.7048706403074,569.4381608816587,,,
0,DS19,264,-886.650070687912,662.572385473757,,,
0,DS19,265,-889.2369114350261,537.5105770703124,,,
0,DS19,266,-886.7588838927494,551.6251269260237,,,
0,DS19,267,-889.2237556586439,1349.3959715842657,,,
0,DS19,268,-889.9552614435635,640.0602925687307,,,
0,DS19,269,-887.6584544380452,458.58063673996895,,,
0,DS19,270,-890.1737462830695,650.0786752606614,,,
0,DS19,271,-889.5733054834217,819.6961325533209,,,
0,DS19,272,-890.3620067434471,1216.9140705466043,,,
0,DS19,273,-887.4319783180556,367.7591116416387,,,
0,DS19,274,-883.9694944059522,549.2369917623507,,,
0,DS19,275,-891.2668805931609,835.3477506670871,,,
0,DS19,276,-885.2635432577877,441.9651893264264,,,
0,DS19,277,-889.1443089584948,513.0957956623675,,,
0,DS19,278,-889.4077772480571,410.0867153551857,,,
0,DS19,279,-887.4966171069102,575.7636416441026,,,
0,DS19,280,-887.4734553152903,403.4982896433727,,,
0,DS19,281,-885.3736167877843,681.627218729519,,,
0,DS19,282,-889.7023727786466,871.4109721736777,,,
0,DS19,283,-891.0430494379323,585.4451970530064,,,
0,DS19,284,-882.643952315738,831.3283779848456,,,
0,DS19,285,-878.1814307078669,529.6884527803163,,,
0,DS19,286,-883.7691971248873,899.2439247243957,,,
0,DS19,287,-889.5015408166724,778.1335040159341,,,
0,DS19,288,-883.2553544300737,1005.991747174853,,,
0,DS19,289,-888.911890853125,460.2992098960464,,,
0,DS19,290,-887.5714494572095,352.5896845267621,,,
0,DS19,291,-888.3048313747154,507.99060604008696,,,
0,DS19,292,-885.0296662722947,2052.5210053910764,,,
0,DS19,293,-889.2300967065743,1254.56069002432,,,
0,DS19,294,-885.7870166326813,696.0972098474738,,,
0,DS19,295,-884.047118157863,912.7089730058397,,,
0,DS19,296,-891.6307201959976,885.3070148413076,,,
0,DS19,297,-887.4994795862046,528.275480578525,,,
0,DS19,298,-891.5151794466273,736.6557989689695,,,
0,DS19,299,-882.9460862798993,997.625408930412,,,
0,DS19,300,-888.3930571932282,661.1997384358436,,,
0,DS19,301,-885.5901591848115,379.82967865114,,,
0,DS19,302,-884.4690354077837,461.9447347706368,,,
0,DS19,303,-887.022471284764,599.2038890406412,,,
0,DS19,304,-892.6531039242616,1105.1899360528105,,,
0,DS19,305,-891.3126618419074,462.6402155772028,,,
0,DS19,306,-886.6231386000285,581.0950321049804,,,
0,DS19,307,-887.0735348195315,1407.8927739607857,,,
0,DS19,308,-889.2841617642628,656.9242666521174,,,
0,DS19,309,-887.2134468053405,942.9630457482556,,,
0,DS19,310,-884.1381131602736,517.5780505333317,,,
0,DS19,311,-887.5088891362134,1620.236241982934,,,
0,DS19,312,-884.4869073461064,581.549261450096,,,
0,DS19,313,-889.6675412954669,1167.5173534081189,,,
0,DS19,314,-890.686145880418,879.4597431294737,,,
0,DS19,315,-884.6487752159467,594.877437210369,,,
0,DS19,316,-888.5548564848876,506.7808007107839,,,
0,DS19,317,-884.0109304186394,776.5817511534614,,,
0,DS19,318,-884.8738416569213,863.8191811456181,,,
0,DS19,319,-890.2718026555311,413.3879103147721,,,
0,DS19,320,-887.7579693248676,344.81619812179946,,,
0,DS19,321,-884.0453897771375,590.9493683969725,,,
0,DS19,322,-888.8306387350125,1245.398173146347,,,
0,DS19,323,-888.2017252551286,514.842181685775,,,
0,DS19,324,-888.3175256965022,631.6427709361295,,,
0,DS19,325,-885.6237366879499,827.465413167995,,,
0,DS19,326,-892.453257781327,1205.0682251680364,,,
0,DS19,327,-888.9043669248554,1716.5129116543412,,,
0,DS19,328,-887.2906369174748,558.3018680762584,,,
0,DS19,329,-888.524347213147,725.3688491383581,,,
0,DS19,330,-889.5354479869533,1227.4417341483802,,,
0,DS19,331,-892.6053627420608,729.348174401521,,,
0,DS19,332,-885.58655549267,687.5915462713552,,,
0,DS19,333,-891.7471993007264,406.1856423513372,,,
0,DS19,334,-887.3270178421773,439.2828674444673,,,
0,DS19,335,-884.7979030915103,775.0932835698173,,,
0,DS19,336,-885.9345632942857,1351.6724670555493,,,
0,DS19,337,-883.5007736655465,870.2410021553364,,,
0,DS19,338,-888.5732939580648,1303.314481005984,,,
0,DS19,339,-887.036501041328,932.539147876346,,,
0,DS19,340,-888.6998673156464,855.9031912915883,,,
0,DS19,341,-888.751953403126,399.2486250899843,,,
0,DS19,342,-882.0645752156383,439.40946776784176,,,
0,DS19,343,-885.1575877255847,1024.2758113265454,,,
0,DS19,344,-891.2231559941504,345.46672474612194,,,
0,DS19,345,-887.2193526931031,738.9622465915407,,,
0,DS19,346,-889.3793218880683,628.9675505867536,,,
0,DS19,347,-880.2781623989015,615.2273568273789,,,
0,DS19,348,-885.4633661410708,652.0833700900589,,,
0,DS19,349,-887.4760398105303,410.6504396369299,,,
0,DS19,350,-891.5791531937596,595.3653602321441,,,
0,DS19,351,-882.2789024819294,1363.0007928183984,,,
0,DS19,352,-885.5903037343523,931.5395946070907,,,
0,DS19,353,-890.3387498282195,371.1545794457515,,,
0,DS19,354,-884.7843885510493,820.9478394459915,,,
0,DS19,355,-882.0612941965281,468.7344412646585,,,
0,DS19,356,-887.6452581341716,1074.6916543671407,,,
0,DS19,357,-888.3622507145861,1080.7179679796884,,,
0,DS19,358,-884.2992931517131,296.9006097321292,,,
0,DS19,359,-890.2208761544083,1059.6338819298112,,,
0,DS19,360,-889.900667453331,605.1479139616001,,,
0,DS19,361,-885.8587443324741,955.1768819281058,,,
0,DS19,362,-889.9441367821364,686.3190634135675,,,
0,DS19,363,-889.017948678819,545.3433878234734,,,
0,DS19,364,-894.7180159073824,492.25743276510747,,,
0,DS19,365,-887.2620194805877,888.2111713253365,,,
0,DS19,366,-888.0941105767313,305.18445920460726,,,
0,DS19,367,-887.5740698060783,716.0599390613141,,,
0,DS19,368,-889.5704910506813,1107.575023039248,,,
0,DS19,369,-885.7622339362453,457.1710917050472,,,
0,DS19,370,-883.6863532310508,627.2936908485648,,,
0,DS19,371,-887.4465478870168,440.4027126983751,,,
0,DS19,372,-886.4932031792434,1148.2566809814678,,,
0,DS19,373,-885.107098376376,988.0824910126056,,,
0,DS19,374,-887.5113612806108,699.3385572997353,,,
0,DS19,375,-888.7870285914776,658.4525033813014,,,
0,DS19,376,-885.726605018112,513.7615098445218,,,
0,DS19,377,-890.218306202651,1713.5064636559864,,,
0,DS19,378,-889.3048990779905,797.5100754326461,,,
0,DS19,379,-878.5638987351801,766.1649677263567,,,
0,DS19,380,-884.1331535123952,637.2399287815114,,,
0,DS19,381,-892.5546547422337,1055.1029246039532,,,
0,DS19,382,-884.644147611788,474.2840435928694,,,
0,DS19,383,-885.0454825308275,537.6235454543283,,,
0,DS19,384,-885.881651897231,530.8777310529026,,,
0,DS19,385,-886.9316404983568,1677.1357798225197,,,
0,DS19,386,-885.0095450583835,935.925914806148,,,
0,DS19,387,-880.0442781493816,819.7483155343793,,,
0,DS19,388,-889.3117203967056,619.784104468768,,,
0,DS19,389,-887.0217191519062,430.1408925558417,,,
0,DS19,390,-882.5259443211544,1041.6464421222486,,,
0,DS19,391,-885.1973334094774,929.4786089302896,,,
0,DS19,392,-878.2890656383672,1027.37992588722,,,
0,DS19,393,-883.8380732091947,833.3674208158255,,,
0,DS19,394,-887.2251529169752,401.6772760128261,,,
0,DS19,395,-884.8162540138746,1548.9371942374307,,,
0,DS19,396,-888.3147796876469,766.9413347931109,,,
0,DS19,397,-881.6312520146366,494.1276687382236,,,
0,DS19,398,-882.8929009811595,521.492699328206,,,
0,DS19,399,-886.1873521704792,567.9421031190698,,,
0,DS19,400,-887.6684736347527,583.6236533436347,,,
0,DS19,401,-884.7238702983791,621.2311876967323,,,
0,DS19,402,-885.104411640371,566.2967096103555,,,
0,DS19,403,-885.8598980312963,776.7609591381116,,,
0,DS19,404,-890.2665582348741,748.7889749201363,,,
0,DS19,405,-878.666871634937,871.0077975889325,,,
0,DS19,406,-881.20191575984,872.418978176309,,,
0,DS19,407,-882.1614102177898,644.6475693255683,,,
0,DS19,408,-890.838379052856,727.2943982213119,,,
0,DS19,409,-893.053458193655,440.7642540188255,,,
0,DS19,410,-887.0110039934377,490.4930335742547,,,
0,DS19,411,-888.8210557591749,648.120147466657,,,
0,DS19,412,-885.6866056731939,727.9839833728463,,,
0,DS19,413,-889.8230033385039,426.71874167967286,,,
0,DS19,414,-878.9376376440118,1123.0769175169662,,,
0,DS19,415,-891.676337215609,809.1514557672778,,,
0,DS19,416,-891.1279394217752,572.9924680604929,,,
0,DS19,417,-885.9133201445303,824.0304846055775,,,
0,DS19,418,-885.4591990445188,1418.6353430951606,,,
0,DS19,419,-887.9451770836982,667.8993774713596,,,
0,DS19,420,-886.4546081819861,1047.4545774702,,,
0,DS19,421,-882.0275784706128,1092.3225821481828,,,
0,DS19,422,-885.610764181316,1004.0585548658772,,,
0,DS19,423,-883.177367403408,771.313346947755,,,
0,DS19,424,-891.8598171057058,635.3747682527759,,,
0,DS19,425,-884.1218311781046,893.3783561661035,,,
0,DS19,426,-882.7577282253201,620.6875667373176,,,
0,DS19,427,-883.7221242215362,774.142321934307,,,
0,DS19,428,-888.849545131629,764.3397304672764,,,
0,DS19,429,-889.7954353215175,382.2850271047487,,,
0,DS19,430,-885.243824046443,1013.9235962272708,,,
0,DS19,431,-885.3820926405526,622.9240868954762,,,
0,DS19,432,-882.1963164299268,2343.67188297988,,,
0,DS19,433,-878.6628071267304,527.3709652633742,,,
0,DS19,434,-886.2531248290577,584.456081382759,,,
0,DS19,435,-884.3633247858281,498.5217533085536,,,
0,DS19,436,-880.7136804495437,1616.0021227788743,,,
0,DS19,437,-886.9313861295809,1465.9833105982468,,,
0,DS19,438,-885.9521404919545,2544.2096224000675,,,
0,DS19,439,-883.5351546111556,862.9622041051044,,,
0,DS19,440,-885.2930605880964,598.0855124924548,,,
0,DS19,441,-886.4132289299259,727.6943531426512,,,
0,DS19,442,-890.9256172615297,522.8010381065333,,,
0,DS19,443,-886.2710152981651,464.153833343018,,,
0,DS19,444,-886.4603889498252,1300.384330086629,,,
0,DS19,445,-884.582992696521,797.4910464699667,,,
0,DS19,446,-888.3720675662212,394.9715590528381,,,
0,DS19,447,-884.4357767195521,509.6278028819468,,,
0,DS19,448,-881.9982731903356,510.32511233297214,,,
0,DS19,449,-883.8408255344266,502.54836706556887,,,
0,DS19,450,-889.1180783127168,704.3421400943934,,,
0,DS19,451,-884.8181387246102,1128.6308213935229,,,
0,DS19,452,-882.0351296434733,446.8128348263288,,,
0,DS19,453,-884.3153662507152,736.4113488582375,,,
0,DS19,454,-886.037050707432,639.5731994484169,,,
0,DS19,455,-883.1667621397814,414.86509048058895,,,
0,DS19,456,-897.0901420008763,781.6927165016435,,,
0,DS19,457,-881.9114451488075,1267.2089572930302,,,
0,DS19,458,-888.1218768712307,828.0530764389797,,,
0,DS19,459,-882.2857784798492,487.98923915724185,,,
0,DS19,460,-891.5581002988527,535.5739166249986,,,
0,DS19,461,-885.5956581825134,684.0436730195274,,,
0,DS19,462,-883.0371889268254,726.297623201883,,,
0,DS19,463,-882.6562108247231,553.0666983138443,,,
0,DS19,464,-890.5151679621995,536.0642830481532,,,
0,DS19,465,-886.4129782864541,1018.840043872833,,,
0,DS19,466,-885.9245499256066,737.6555094227787,,,
0,DS19,467,-887.4893932655318,475.7856829531537,,,
0,DS19,468,-883.2561981473266,1328.7522859396515,,,
0,DS19,469,-884.7155673373634,583.7377267405546,,,
0,DS19,470,-885.3210788462072,873.0145249826619,,,
0,DS19,471,-888.1533606759374,592.7342902291842,,,
0,DS19,472,-886.5448451430968,950.8015055571558,,,
0,DS19,473,-886.7495368142568,451.1160915469415,,,
0,DS19,474,-889.2846488338823,431.288560828401,,,
0,DS19,475,-890.4847712998746,533.9574487966039,,,
0,DS19,476,-884.9960612116711,296.9460004570555,,,
0,DS19,477,-889.7569465114989,659.9940053399125,,,
0,DS19,478,-880.4964589441065,881.1937980317819,,,
0,DS19,479,-887.7452244472462,1434.0714284270475,,,
0,DS19,480,-884.3553511710688,954.2153109619512,,,
0,DS19,481,-889.0901182782895,781.5262832143254,,,
0,DS19,482,-880.0074935273749,990.9049220922308,,,
0,DS19,483,-889.4631412810104,1366.5789662891857,,,
0,DS19,484,-889.0449811260797,312.2465446317592,,,
0,DS19,485,-887.0226520207254,633.0361558661049,,,
0,DS19,486,-887.6002587522996,444.8049597558912,,,
0,DS19,487,-889.72163833569,840.3431997166236,,,
0,DS19,488,-884.2415280776539,662.1243962081912,,,
0,DS19,489,-893.833609001352,553.8427131857354,,,
0,DS19,490,-885.5198798088577,1174.5344290635044,,,
0,DS19,491,-885.3548858898305,1180.9492510985651,,,
0,DS19,492,-884.9274003341468,692.9696819877471,,,
0,DS19,493,-883.0437622056755,1112.1526817875322,,,
0,DS19,494,-886.5010660483781,769.8543561219223,,,
0,DS19,495,-884.2833305216406,390.90796043098777,,,
0,DS19,496,-885.0746747284346,1007.2647784947897,,,
0,DS19,497,-881.9609887649228,893.175117463769,,,
0,DS19,498,-880.9136171871502,1109.8605474131489,,,
0,DS19,499,-884.3513562069678,640.4221250037047,,,
0,DS19,500,-888.9424737782961,772.9791168388352,,,
0,DS19,501,-886.478179207234,696.1941791733947,,,
0,DS19,502,-881.5881990224603,735.9532559993029,,,
0,DS19,503,-895.1811299338806,1059.9071229649264,,,
0,DS19,504,-882.464944574496,360.2622270459613,,,
0,DS19,505,-889.8774888172343,776.6194482819369,,,
0,DS19,506,-880.4627801715162,992.8072078034,,,
0,DS19,507,-884.5694728944642,1086.4318424771543,,,
0,DS19,508,-881.2734736069754,994.8084969071164,,,
0,DS19,509,-884.2550422587784,655.5922550900485,,,
0,DS19,510,-884.4625031731895,758.2182034179458,,,
0,DS19,511,-886.8735701503099,571.9299278232354,,,
0,DS19,512,-884.3293416862734,1212.9052432352971,,,
0,DS19,513,-887.663217417519,492.9318924016248,,,
0,DS19,514,-882.6256815262116,1225.522735819971,,,
0,DS19,515,-883.1658207248112,654.8296671635335,,,
0,DS19,516,-882.741961422522,1103.0856228984246,,,
0,CTDD21,0,-900.629731860621,117.71780046809089,,,
0,CTDD21,1,-900.787402204162,155.42550564974923,,,
0,CTDD21,2,-903.1743691740152,140.37206669313116,,,
0,CTDD21,3,-889.115450151157,95.38342067216054,,,
0,CTDD21,4,-881.6411857102834,66.86102992757915,,,
0,CTDD21,5,-903.716436208728,59.32639594714747,,,
0,CTDD21,6,-904.971763535134,138.22642367480702,,,
0,CTDD21,7,-891.5278848268788,82.4045589352299,,,
0,CTDD21,8,-892.6624460810319,161.38847298438895,,,
0,CTDD21,9,-905.8070095618762,120.58003153132984,,,
0,CTDD21,10,-914.3278892434764,157.8913656933321,,,
0,CTDD21,11,-895.8546057683251,117.81057474949202,,,
0,CTDD21,12,-897.0569495316403,262.4725032425048,,,
0,CTDD21,13,-888.8231076560337,81.08597991420902,,,
0,CTDD21,14,-902.702425760593,81.30501453681795,,,
0,CTDD21,15,-890.649076717797,48.68663493617952,,,
0,CTDD21,16,-888.9950588240213,97.66486081874665,,,
0,CTDD21,17,-910.2929417371168,66.40710789227451,,,
0,CTDD21,18,-891.2437709438442,122.4621686584114,,,
0,CTDD21,19,-893.0661248482279,116.74509134432589,,,
0,CTDD21,20,-884.0922162562415,71.27751432260315,,,
0,CTDD21,21,-888.1325546376397,122.55293828845716,,,
0,CTDD21,22,-891.2725930905109,139.67202171778365,,,
0,CTDD21,23,-900.4477934979092,100.82042452065323,,,
0,CTDD21,24,-893.3538421937446,75.64918791850077,,,
0,CTDD21,25,-896.6146355224708,97.36883794203366,,,
0,CTDD21,26,-881.1127205128398,104.06579028207038,,,
0,CTDD21,27,-894.1603275218042,139.89624487464422,,,
0,CTDD21,28,-884.8155209770587,61.66069910802232,,,
0,CTDD21,29,-883.9909187942942,70.6842677705258,,,
0,CTDD21,30,-904.6315372894974,130.1368168773815,,,
0,CTDD21,31,-890.8755298963678,70.35673963979889,,,
0,CTDD21,32,-882.2764043196889,52.711144344645966,,,
0,CTDD21,33,-895.6135220248616,103.40856071987857,,,
0,CTDD21,34,-891.2211897054532,96.91263915206896,,,
0,CTDD21,35,-891.2262536201987,98.528225526877,,,
0,CTDD21,36,-894.5221767611768,146.53889935346007,,,
0,CTDD21,37,-906.1729922823542,94.52737893506914,,,
0,CTDD21,38,-897.4761210649513,113.31768365180638,,,
0,CTDD21,39,-902.9018411266384,61.94869882964427,,,
0,CTDD21,40,-884.8296686431138,70.19691406103169,,,
0,CTDD21,41,-883.0995109429832,104.66047042230213,,,
0,CTDD21,42,-891.6278679728449,112.9761446733702,,,
0,CTDD21,43,-887.1183862133369,82.24218250890017,,,
0,CTDD21,44,-888.7530443030208,55.462873243929046,,,
0,CTDD21,45,-885.0008336407392,71.57364622781493,,,
0,CTDD21,46,-905.3309596361592,54.83035072291518,,,
0,CTDD21,47,-883.1778533405328,70.14163643388494,,,
0,CTDD21,48,-900.0290999204734,73.66526734149932,,,
0,CTDD21,49,-897.1645239170265,100.96005475605592,,,
0,CTDD21,50,-890.3736533846933,116.8344000275961,,,
0,CTDD21,51,-887.6982034636054,136.86285146507225,,,
0,CTDD21,52,-883.988583758871,77.23355778746881,,,
0,CTDD21,53,-884.2871296949698,89.73606845398349,,,
0,CTDD21,54,-890.0092379099437,70.99308923709977,,,
0,CTDD21,55,-894.277062870452,69.0421986347706,,,
0,CTDD21,56,-881.2301189038646,43.75412582390399,,,
0,CTDD21,57,-895.0312200702537,58.39833865452852,,,
0,CTDD21,58,-889.6866758569954,83.36061191763127,,,
0,CTDD21,59,-904.498271394911,53.4328150397092,,,
0,CTDD21,60,-872.4978443510867,79.5560031557093,,,
0,CTDD21,61,-889.5839336417546,156.6349327116874,,,
0,CTDD21,62,-884.8540854656804,53.78669173835659,,,
0,CTDD21,63,-884.5573655003765,50.41653910817292,,,
0,CTDD21,64,-896.3589796819065,70.92805368896276,,,
0,CTDD21,65,-900.8298684814948,65.51396273253229,,,
0,CTDD21,66,-894.2748667836187,71.70182378443616,,,
0,CTDD21,67,-882.1848749008259,91.76984261085748,,,
0,CTDD21,68,-891.9094035994983,107.37832068029638,,,
0,CTDD21,69,-900.2950527158705,66.6384620169916,,,
0,CTDD21,70,-890.8672376357039,74.75866203761511,,,
0,CTDD21,71,-900.9016439707088,70.83732625163165,,,
0,CTDD21,72,-880.6463554945748,82.38793198193038,,,
0,CTDD21,73,-895.826586554593,50.37135409901053,,,
0,CTDD21,74,-879.654653166655,39.66608962810058,,,
0,CTDD21,75,-886.3094453457485,81.73820442230642,,,
0,CTDD21,76,-891.0285764867895,55.50439315966609,,,
0,CTDD21,77,-876.2547537849823,38.2752319114176,,,
0,CTDD21,78,-893.3074896014056,63.24361650799781,,,
0,CTDD21,79,-900.9692937512634,79.90791794157413,,,
0,CTDD21,80,-891.8479297346241,61.46614162326056,,,
0,CTDD21,81,-884.9038336071089,78.63841720014238,,,
0,CTDD21,82,-879.9265161407002,34.91972043860112,,,
0,CTDD21,83,-877.9688119521678,77.4299950830516,,,
0,CTDD21,84,-881.4958033596531,76.71447361299651,,,
0,CTDD21,85,-889.9757395744821,47.380646396881495,,,
0,CTDD21,86,-890.8935596274257,64.42961620865336,,,
0,CTDD21,87,-879.7601763940393,49.35642217184476,,,
0,CTDD21,88,-890.7777978361592,99.48305948048234,,,
0,CTDD21,89,-884.4708723497226,103.56432828196542,,,
0,CTDD21,90,-891.3349398991909,84.62579261465562,,,
0,CTDD21,91,-894.4148093837157,108.4004862636518,,,
0,CTDD21,92,-884.1110530523379,92.43178060297656,,,
0,CTDD21,93,-880.7484467692447,94.81323373343886,,,
1,DS19,0,-879.4095870206086,326.6651480806213,True,0.001,0.9669537981972098
1,DS19,1,-880.2859387641124,524.5535925352533,True,0.0009999776952198,1.535112686920911
1,DS19,2,-875.3293929865146,1052.7887715173922,True,0.0009999437837895,2.129655305761844
1,DS19,3,-880.6780825871011,673.2173582869332,True,0.0009998918089545,2.743499238975346
1,DS19,4,-876.4233003278375,856.5691679033869,True,0.000999820456001,3.457588539924473
1,DS19,5,-878.5799484675433,292.98376342548903,True,0.000999714838537,4.1595566449686885
1,DS19,6,-878.5103080304322,413.27399041369694,True,0.0009995873158569,4.720444367267191
1,DS19,7,-877.5019427675243,1553.7364149172024,True,0.0009994685402841,5.290768682956696
1,DS19,8,-880.1784294886273,846.9423535279676,True,0.0009993323940135,5.872189993970096
1,DS19,9,-879.2578603249185,392.9177917536705,True,0.0009991776475981,6.417261982802302
1,DS19,10,-879.3357300947675,416.752854808072,True,0.0009990179545189,6.959599572699517
1,DS19,11,-878.2020035241892,430.6211225876272,True,0.0009988450246167,7.51457754150033
1,DS19,12,-879.2531552439307,698.4526019686017,True,0.0009986535738538,8.178013078402728
1,DS19,13,-879.520755936268,431.9949506430332,True,0.0009984054834015,8.887421967461705
1,DS19,14,-881.8770909958456,518.791838071072,True,0.0009981170508838,9.430652464739978
1,DS19,15,-879.804568720032,560.943729318906,True,0.000997880017504,9.978672373574229
1,DS19,16,-881.7476166913171,594.5035206810815,True,0.0009976266952971,10.52730008866638
1,DS19,17,-877.2299205141451,1008.6013232617878,True,0.0009973588151255,11.069923985749485
1,DS19,18,-879.3245629949521,854.8728816091276,True,0.0009970798235435,11.619189902674409
1,DS19,19,-878.3484352222001,335.901424910936,True,0.0009967832027678,12.16492572473362
1,DS19,20,-877.8690725498138,473.4599840764658,True,0.0009964743346153,12.758237996604294
1,DS19,21,-878.0320722068516,611.7292169356725,True,0.0009961225446041,13.43138168239966
1,DS19,22,-877.9628319566368,863.9398053850152,True,0.0009957032594948,14.087508714292198
1,DS19,23,-879.4903242461272,906.943113322009,True,0.0009952739660918,14.636605852283536
1,DS19,24,-876.5989002622794,889.2652453915272,True,0.0009948990783766,15.18472146615386
1,DS19,25,-876.1084060404587,1151.9184975776643,True,0.0009945106767022,15.728437510319054
1,DS19,26,-877.3016235330308,707.8611973318865,True,0.0009941114035922,16.279072475153953
1,DS19,27,-879.0962391148413,706.4016977263514,True,0.000993692862747,16.828077441081405
1,DS19,28,-877.0882737982154,417.9534638223014,True,0.0009932613609488,17.37517491541803
1,DS19,29,-876.3321337359107,707.324431501253,True,0.0009928172670316,18.020585761405528
1,DS19,30,-878.7957448784186,454.2675653504441,True,0.0009922753030617,18.76820965949446
1,DS19,31,-879.5523098499767,323.9827658671248,True,0.0009916230922318,19.31599367968738
1,DS19,32,-879.7115961446668,851.9704291937148,True,0.000991128602309,19.86415992258117
1,DS19,33,-876.8912675531949,982.0448701389004,True,0.0009906197183744,20.411862147506326
1,DS19,34,-880.0096555598163,1491.863465714712,True,0.0009900972453537,20.958465030416846
1,DS19,35,-879.6474437670518,881.763186349743,True,0.0009895618658448,21.508154631126672
1,DS19,36,-876.2834402598389,1066.623610154518,True,0.0009890094206609,22.05224238755181
1,DS19,37,-876.861117551783,719.428529882647,True,0.0009884487553951,22.624185185413808
1,DS19,38,-875.0304255019294,376.7710048326325,True,0.0009878445504741,23.295125304721296
1,DS19,39,-876.3042091074865,493.850598298702,True,0.0009871164098063,23.994260896462947
1,DS19,40,-877.5316339022443,352.8343252641022,True,0.0009863354741935,24.54172322852537
1,DS19,41,-880.296390315556,349.221599808714,True,0.0009857081696053,25.08544387435541
1,DS19,42,-877.8653545404563,322.2616169070317,True,0.0009850714484048,25.63229986745864
1,DS19,43,-876.0124299049423,676.8567834784552,True,0.0009844173004345,26.17743968311697
1,DS19,44,-877.3797803016325,543.4084072039881,True,0.0009837514961206,26.72337456094101
1,DS19,45,-878.394351724354,606.1375324029816,True,0.000983071024172,27.26800598623231
1,DS19,46,-877.2203428793986,1010.8384873545856,True,0.0009823785407694,27.87689367635176
1,DS19,47,-881.844542585082,518.749994040967,True,0.0009815882592433,28.620165722444654
1,DS19,48,-878.0172157235567,669.9487351236658,True,0.0009806005676729,29.168851463589817
1,DS19,49,-875.646546766652,889.2440990039623,True,0.0009798552657595,29.70799495466053
1,DS19,50,-876.8987835763502,616.1589921527011,True,0.0009791095604921,30.24994984548539
1,DS19,51,-876.3666394911868,503.27292728197176,True,0.0009783466384894,30.786550283432007
1,DS19,52,-880.2401155067608,932.1624333901148,True,0.0009775781118765,31.32558975368738
1,DS19,53,-879.1675177782913,714.9508208818472,True,0.0009767929495409,31.86453204927966
1,DS19,54,-879.2774705571497,1624.8323510137727,True,0.0009759947841478,32.40768184326589
1,DS19,55,-879.3393258867341,533.6935942168949,True,0.0009751771147167,33.050932188518345
1,DS19,56,-877.8211292422533,1509.2063690325392,True,0.0009741915526599,33.79668337944895
1,DS19,57,-876.34644441555,546.843844043557,True,0.0009730256523909,34.341053823474795
1,DS19,58,-878.8690162886852,474.380637046755,True,0.0009721588353679,34.88867117557675
1,DS19,59,-880.4383170261455,568.0449065083095,True,0.0009712734654434,35.432294082362205
1,DS19,60,-878.9267116735123,1362.3365151746168,True,0.0009703813052853,35.976520056370646
1,DS19,61,-880.3111684815567,1055.4775960051395,True,0.000969474961689,36.51473519159481
1,DS19,62,-874.7356252837203,422.4504028520537,True,0.0009685656731686,37.0555071295239
1,DS19,63,-877.5281701995143,466.6794520137682,True,0.0009676391180593,37.61827154783532
1,DS19,64,-876.796752814744,543.4918149538202,True,0.0009666611319692,38.28939229110256
1,DS19,65,-875.874782837889,479.3844608217779,True,0.0009654765534463,38.98799271509051
1,DS19,66,-878.4657381396166,696.1524070423109,True,0.0009642223962869,39.53093728004024
1,DS19,67,-874.276360741022,699.7352894233287,True,0.0009632328735374,40.079692902974784
1,DS19,68,-881.4059754445741,385.4099640426516,True,0.0009622196365599,40.625264435540885
1,DS19,69,-877.3918484448715,1098.0911082959406,True,0.0009611992319099,41.16632690653205
1,DS19,70,-874.7608568063542,295.412458318374,True,0.0009601744444484,41.71005389746279
1,DS19,71,-878.5255781646747,830.8574523914792,True,0.0009591317849505,42.254108358640224
1,DS19,72,-877.1805122744685,304.3727108801403,True,0.0009580756616752,42.86398899368942
1,DS19,73,-878.7903836477208,564.7973664262621,True,0.0009568765331487,43.615044889971614
1,DS19,74,-874.5608904596854,777.7974251219358,True,0.0009553777882676,44.190480425953865
1,DS19,75,-872.8844919672413,421.9029111588505,True,0.0009542130885394,44.73688650969416
1,DS19,76,-878.6136121322485,384.30814173013925,True,0.0009530940095876,45.28219354758039
1,DS19,77,-879.5565238302288,271.36018904293866,True,0.0009519644602102,45.8264682367444
1,DS19,78,-877.5462301536888,486.1233139025005,True,0.0009508244122747,46.37347867991775
1,DS19,79,-877.3018406886255,1184.3822092767489,True,0.0009496659497985,46.915739997755736
1,DS19,80,-878.2887769662847,1369.3811887256836,True,0.0009485050303043,47.45996318152174
1,DS19,81,-876.5881568786191,1168.7720334824824,True,0.0009473274193319,48.12134553026408
1,DS19,82,-874.9501869820635,635.1410753260135,True,0.0009458795033647,48.85599970910698
1,DS19,83,-876.3285960310379,1353.3989908165572,True,0.0009442496578935,49.40147325582802
1,DS19,84,-881.5621163433875,589.4168367790436,True,0.000943024914352,49.94588843267411
1,DS19,85,-878.9361016691015,1101.9639069935577,True,0.0009417901845535,50.485660853330046
1,DS19,86,-875.17231360801,523.2882890467735,True,0.0009405538296595,51.03040486620739
1,DS19,87,-875.8412070557812,592.4358091315968,True,0.0009392938557207,51.57336011622101
1,DS19,88,-874.242534022794,900.5039778738924,True,0.0009380258312415,52.11667276406661
1,DS19,89,-871.6690423230154,736.9733467351639,True,0.0009367448319556,52.69665679614991
1,DS19,90,-877.5635492848219,1214.267402815001,True,0.0009353640143753,53.36834417749196
1,DS19,91,-875.3892474816462,1408.3036130384326,True,0.0009337476987338,54.06608584942296
1,DS19,92,-875.9090174702769,1252.838379667892,True,0.0009320492502001,54.61144232936204
1,DS19,93,-879.9052851749029,774.1589525743458,True,0.0009307080041489,55.15605250140652
1,DS19,94,-875.9844447070986,548.131565503166,True,0.000929356613251,55.70088933128864
1,DS19,95,-879.0181313548969,1300.4769146002136,True,0.0009279927228919,56.24333736021072
1,DS19,96,-878.7280971202181,365.8570439957877,True,0.0009266229938845,56.78621739707887
1,DS19,97,-878.3313100234673,587.145590627217,True,0.0009252404102156,57.33224627515301
1,DS19,98,-875.3738989211535,1412.2333911402498,True,0.0009238379797904,57.95949970791117
1,DS19,99,-877.2707575060854,483.1164573507667,True,0.000922212348518,58.708965057041496
1,DS19,100,-878.3600112010874,479.43739324311537,True,0.0009202496312829,59.250446686986834
1,DS19,101,-875.2667271619281,532.7642764544765,True,0.0009188178595997,59.7945844870992
1,DS19,102,-875.9912220235494,1105.0244679577384,True,0.0009173675148026,60.34544447483495
1,DS19,103,-880.8290325268069,1372.662668942734,True,0.0009158875057531,60.8904176116921
1,DS19,104,-879.0124424657483,789.1296337779619,True,0.0009144117292835,61.44259602855891
1,DS19,105,-877.5024726619888,506.16709033133367,True,0.0009129047377934,61.98910261783749
1,DS19,106,-875.9993070863268,570.0608007811045,True,0.0009114016740675,62.53106465097517
1,DS19,107,-876.5973763339731,1405.3522742469356,True,0.0009098998072611,63.20887561095879
1,DS19,108,-880.4622566207636,1269.1247825386283,True,0.0009080057119102,63.92853394895792
1,DS19,109,-877.068821591474,767.5481568046923,True,0.0009059755922229,64.47717686370015
1,DS19,110,-876.067092307769,1074.795599621733,True,0.0009044147610949,65.0315486267209
1,DS19,111,-877.2853403756327,1070.8011177804146,True,0.0009028261434831,65.57248804345727
1,DS19,112,-874.0300809546458,442.4807655790496,True,0.0009012649353056,66.11733757145703
1,DS19,113,-872.6901188720049,533.9342411359487,True,0.0008996814260172,66.66360464133322
1,DS19,114,-873.984322675736,479.0014203137146,True,0.0008980827478801,67.20725670456886
1,DS19,115,-873.3713942059929,551.6927530256792,True,0.0008964807887328,67.81018618959934
1,DS19,116,-876.3178432123326,605.2962915573588,True,0.000894691463416,68.4811689844355
1,DS19,117,-876.2938817195206,375.2346295305247,True,0.0008926845589058,69.16078272135928
1,DS19,118,-876.5576705106937,349.7294687832111,True,0.0008906351650286,69.70776593126357
1,DS19,119,-875.2593393191058,814.5826488441289,True,0.0008889736018824,70.25424598902464
1,DS19,120,-874.9088493162956,603.749563160011,True,0.0008873028292019,70.80017667310312
1,DS19,121,-874.8400827549817,412.35457873361486,True,0.0008856230721294,71.34694058494642
1,DS19,122,-874.9232086202585,492.3981781114872,True,0.000883930121508,71.89709092630073
1,DS19,123,-879.0659679769545,795.7667304735141,True,0.0008822160027386,72.45630704332143
1,DS19,124,-872.8244236669846,516.5793528758767,True,0.0008804627120298,73.11628366215155
1,DS19,125,-873.5820485829547,823.3759371749009,True,0.0008783794188369,73.85101292422041
1,DS19,126,-873.4844579214714,514.0131631299718,True,0.0008760423258593,74.40147346630692
1,DS19,127,-873.6351343846238,615.0081134216913,True,0.0008742791363979,74.94664452644065
1,DS19,128,-874.4775674825701,640.5909572415019,True,0.0008725226214227,75.49301398033276
1,DS19,129,-879.6588074936855,492.1046577792766,True,0.0008707520485451,76.04259605333209
1,DS19,130,-875.1821480194822,1220.4365338039902,True,0.0008689608232719,76.58633487811312
1,DS19,131,-874.415154465203,474.960092828493,True,0.0008671785904203,77.13226613216102
1,DS19,132,-873.1503835949709,709.5642680012116,True,0.0008653791688292,77.706800152082
1,DS19,133,-874.5106240210339,839.6488331709194,True,0.0008634747091546,78.37579639721662
1,DS19,134,-876.6933514879888,557.5728848930543,True,0.0008612433068564,79.05176987405866
1,DS19,135,-877.8587546958423,903.3355174466388,True,0.0008589736318141,79.59689115919173
1,DS19,136,-873.5017964428338,1102.94417915926,True,0.0008571324031853,80.14079361921176
1,DS19,137,-876.7518995612968,650.6514421471777,True,0.0008552856472053,80.68474982213229
1,DS19,138,-874.2690841687997,814.9665833530255,True,0.0008534291319756,81.23313617613167
1,DS19,139,-872.5525047869189,846.5256339582305,True,0.0008515478612506,81.78265571920201
1,DS19,140,-875.27047450983,428.3529640688269,True,0.0008496530585703,82.32763969758525
1,DS19,141,-878.0060822981238,448.6174068699708,True,0.0008477644194743,82.94800400035456
1,DS19,142,-876.7919881978598,786.7223847010545,True,0.0008456031418752,83.70430885115638
1,DS19,143,-874.5083461864774,388.0339469159047,True,0.0008429519559346,84.25374916614965
1,DS19,144,-875.7347333866128,475.6526636342639,True,0.0008410147715717,84.80060213198885
1,DS19,145,-874.0974160432411,607.8704840999466,True,0.0008390774605634,85.34495595889166
1,DS19,146,-876.3767725221325,781.8200139799559,True,0.0008371399001632,85.88874505273998
1,DS19,147,-875.6021297936554,655.4983212059607,True,0.0008351953427101,86.43548082886264
1,DS19,148,-876.8280248076312,847.6169032701747,True,0.0008332312339092,86.97878959588706
1,DS19,149,-875.5500079790665,522.556416343405,True,0.0008312705440761,87.52208500681445
1,DS19,150,-879.9881277609513,488.518630721306,True,0.0008293010998999,88.17396150669083
1,DS19,151,-872.1552413221048,1617.1537355325854,True,0.0008269265193298,88.88459789473563
1,DS19,152,-874.6680274620563,339.3812442179306,True,0.0008243236842889,89.42076950287446
1,DS19,153,-876.8288960895047,531.8778228549861,True,0.0008223501289602,89.96272762166336
1,DS19,154,-872.2665417122267,503.4528407136892,True,0.0008203468386209,90.50702109141277
1,DS19,155,-875.5471816704674,436.7834707602483,True,0.0008183264425267,91.051438708324
1,DS19,156,-876.2844512840172,641.3232862953123,True,0.0008162971544985,91.5958093861118
1,DS19,157,-877.2180105710443,619.2758418782307,True,0.0008142596742127,92.13717193249612
1,DS19,158,-881.165459490042,842.7422612280925,True,0.0008122252185495,92.70565622812136
1,DS19,159,-872.7220161550636,532.3704013946807,True,0.0008100800690673,93.36766238277778
1,DS19,160,-873.14035770991,657.7952832114737,True,0.0008075707930892,94.05449621891604
1,DS19,161,-877.9624489213779,956.0511543914856,True,0.0008049547616909,94.597514630761
1,DS19,162,-877.8068719687385,418.8957853063299,True,0.0008028774656766,95.13887697970496
1,DS19,163,-877.392424403511,487.6003308776443,True,0.0008007986351331,95.67904354585336
1,DS19,164,-876.5791964793677,855.2588076177094,True,0.0007987166290929,96.22035102313384
1,DS19,165,-876.8277025074719,975.939353523866,True,0.0007966225069449,96.76198172848672
1,DS19,166,-876.9536099560225,1103.565498514016,True,0.0007945194657574,97.30264005437492
1,DS19,167,-870.7979445611257,394.3091682635676,True,0.0007924126150734,97.90801897412166
1,DS19,168,-875.7631351218653,588.4418351175171,True,0.0007900446469392,98.6080448301509
1,DS19,169,-872.7628853756219,1556.4099654141608,True,0.0007872948402553,99.20833669323474
1,DS19,170,-878.3275509562148,432.7283316420061,True,0.0007849269790554,99.7515752161853
1,DS19,171,-875.4473929026649,395.06320482137033,True,0.0007827764266735,100.29179704841226
1,DS19,172,-876.3063946276845,884.1187070763392,True,0.0007806305938134,100.83579976158217
1,DS19,173,-875.7693100285179,669.9137400834838,True,0.0007784625316473,101.37825073162094
1,DS19,174,-876.5874415754782,1084.7906935596104,True,0.0007762935159362,101.9201921960339
1,DS19,175,-870.664660030608,1269.402714348628,True,0.0007741194875139,102.46295745531096
1,DS19,176,-878.6078940874111,750.9541445952345,True,0.0007719351595441,103.10179055528717
1,DS19,177,-875.5680213462585,656.6389993044669,True,0.0007693553362153,103.8394120070152
1,DS19,178,-879.1161637069704,522.7287278251227,True,0.0007663647729531,104.38215621514246
1,DS19,179,-875.8725915169202,669.9514913990076,True,0.0007641563266674,104.92341927718373
1,DS19,180,-873.4353845549758,1814.2688403049235,True,0.0007619472460269,105.4659872832708
1,DS19,181,-877.7525356621774,494.4622566694808,True,0.0007597262322778,106.00736332545056
1,DS19,182,-878.3792521609237,871.5107773197195,True,0.0007575035734901,106.54743585176766
1,DS19,183,-878.8342611169835,1148.9677482368006,True,0.000755279841521,107.09342091763392
1,DS19,184,-872.1069943285188,1040.562254240308,True,0.0007530253121868,107.64791990676896
1,DS19,185,-874.8199006977995,899.8206634210917,True,0.000750729059128,108.30927572073416
1,DS19,186,-875.0585117527727,772.248960189292,True,0.0007479817475958,109.00254527945071
1,DS19,187,-874.689382553943,909.8830464853748,True,0.0007450920101761,109.54906314611436
1,DS19,188,-877.2571822512008,217.13410619353024,True,0.0007428069591056,110.09159669000655
1,DS19,189,-880.1685071260454,728.8686701391014,True,0.0007405325276245,110.6328509291634
1,DS19,190,-878.055926212531,628.7770873545514,True,0.0007382575342038,111.17902444535866
1,DS19,191,-875.1625249868911,299.5216623822754,True,0.000735955937013,111.72401368338616
1,DS19,192,-878.3710467264486,454.83035767102376,True,0.000733653468121,112.2702396386303
1,DS19,193,-877.2506871540738,1372.2657928756453,True,0.0007313399713283,112.86457863170654
1,DS19,194,-878.6032541499155,731.9500659143412,True,0.000728816181371,113.52198763284832
1,DS19,195,-876.8330219268903,700.6260990484902,True,0.0007260167752803,114.17857878282666
1,DS19,196,-875.4698087857487,598.1938614549525,True,0.0007232128012892,114.71674560010432
1,DS19,197,-877.9090839235606,637.0651249875789,True,0.0007209086488341,115.25778533518314
1,DS19,198,-879.1034055063361,791.1529807549193,True,0.0007185869059292,115.797368735075
1,DS19,199,-881.2640173435424,660.6093964033131,True,0.0007162662013301,116.33743675705044
1,DS19,200,-877.1738007146326,538.0775309824484,True,0.0007139382730316,116.87965654674916
1,DS19,201,-873.8235434288208,1062.8229061672373,True,0.0007115959697178,117.4195038760081
1,DS19,202,-877.2612745724334,958.13146294292,True,0.0007092589107792,118.04816258139908
1,DS19,203,-874.0232111433015,381.7564798542307,True,0.0007065311806274,118.79108507931232
1,DS19,204,-878.5270414588128,823.4645786534367,True,0.0007032992169022,119.33330286154523
1,DS19,205,-882.2898387232499,2026.3906142670196,True,0.0007009347127793,119.87356613157316
1,DS19,206,-876.4736781200347,526.4922974063597,True,0.0006985740523955,120.41195035539567
1,DS19,207,-875.9796867690955,1554.135257959645,True,0.0006962170284015,120.9531827843748
1,DS19,208,-879.2299709112957,464.9268628067104,True,0.0006938430059457,121.4935114402324
1,DS19,209,-879.1904082573071,1022.4290748873148,True,0.0006914684913952,122.03757690405472
1,DS19,210,-875.4609487707984,888.1018142526525,True,0.0006890731307301,122.57894734665751
1,DS19,211,-877.4754778978039,642.7029140361177,True,0.0006866853030309,123.23355353390798
1,DS19,212,-883.3695953225665,2077.0378095855067,True,0.0006837923594411,123.93559007998556
1,DS19,213,-882.4066737437818,1920.441760929485,True,0.0006806830522125,124.47561614308506
1,DS19,214,-877.6862667272982,584.3169552456529,True,0.0006782866311886,125.01605054130778
1,DS19,215,-877.8406449308179,1937.170086809583,True,0.0006758844270644,125.55320610804483
1,DS19,216,-875.7439996075689,1627.3632271820816,True,0.0006734929342358,126.09064701804893
1,DS19,217,-884.4480108559833,775.8907337781277,True,0.0006710963901356,126.62422758201136
1,DS19,218,-879.1326512737015,780.5533142771981,True,0.0006687133911811,127.1608542529866
1,DS19,219,-876.9097076364407,562.6320479098406,True,0.0006663131740556,127.7182630528696
1,DS19,220,-878.7672188399232,562.4227071253043,True,0.0006638162436872,128.37498907977715
1,DS19,221,-880.3761879038302,597.5522462952767,True,0.0006608696139713,129.07052355166525
1,DS19,222,-882.8015112607823,1345.3765520057543,True,0.0006577433315752,129.61398907145485
1,DS19,223,-879.1846686218317,676.9073978848364,True,0.0006552967132602,130.15959295257926
1,DS19,224,-876.1575312437542,432.81844544314447,True,0.0006528371515554,130.69965369952843
1,DS19,225,-880.0917419843037,629.2474930823897,True,0.0006503993814043,131.23690309235826
1,DS19,226,-871.590224188904,924.0877797412296,True,0.0006479712207212,131.77320486539975
1,DS19,227,-875.8795326233062,593.583359966757,True,0.0006455443526253,132.31224245438352
1,DS19,228,-883.2788310946796,700.9048802722467,True,0.0006431021686333,132.91108108172193
1,DS19,229,-884.2562969973105,1504.2613302844536,True,0.000640385687961,133.57532256375998
1,DS19,230,-881.6133948991413,788.7376427437837,True,0.0006373685080447,134.2326735635288
1,DS19,231,-882.0973773720794,637.3368029974373,True,0.000634378602541,134.77863297145814
1,DS19,232,-882.5159444002818,985.5286039913276,True,0.0006318924077584,135.32140599610284
1,DS19,233,-875.8229038911686,872.7730520911601,True,0.0006294181575786,135.86065241880715
1,DS19,234,-884.4081800780439,427.30680857613305,True,0.0006269575268632,136.39991513080895
1,DS19,235,-875.9973742332306,622.8733072202217,True,0.0006244944490702,136.94148915074766
1,DS19,236,-878.051221508479,682.3739630755015,True,0.0006220185028776,137.48317815270275
1,DS19,237,-875.4002356608966,554.2574117303865,True,0.000619539790729,138.12637859769166
1,DS19,238,-873.8788066311065,953.2193005586016,True,0.0006165937695751,138.87657970935106
1,DS19,239,-877.897249916186,419.25776122323015,True,0.0006131539769762,139.4201131472364
1,DS19,240,-881.9473854708847,938.3397733171398,True,0.0006106594228514,139.96123917913064
1,DS19,241,-875.8967044279793,521.2744124712493,True,0.0006081740300232,140.50265103206038
1,DS19,242,-876.6310637991553,328.4028237415272,True,0.0006056855169397,141.04421945521608
1,DS19,243,-880.0001858840235,671.410540666165,True,0.0006031945528329,141.58439434412867
1,DS19,244,-880.7077674896861,380.0586361290335,True,0.0006007083504811,142.1259408760816
1,DS19,245,-877.2447379613474,538.42224606253,True,0.0005982142603534,142.68000606400892
1,DS19,246,-875.0375832820039,1531.754438225052,True,0.0005956609646671,143.34304782794788
1,DS19,247,-874.3824146711427,500.23987402627847,True,0.0005926035265649,144.03304111305624
1,DS19,248,-882.778419407635,638.2008320684064,True,0.0005894197023414,144.5692558712326
1,DS19,249,-880.5243081737609,567.6502472217045,True,0.0005869440734819,145.10871469136328
1,DS19,250,-882.5338527764623,1105.042094881679,True,0.0005844523309183,145.6487828725949
1,DS19,251,-874.8320602540047,788.7928835573919,True,0.0005819567089426,146.1895180232823
1,DS19,252,-873.5545896199003,594.8586167043267,True,0.0005794570148948,146.7272418551147
1,DS19,253,-875.4491344164421,575.3628496966107,True,0.0005769703357551,147.26480010710657
1,DS19,254,-879.2491918183011,639.1726582926941,True,0.000574483595885,147.84489448275417
1,DS19,255,-881.2256943020611,763.9770105777212,True,0.0005717992450201,148.5061001800932
1,DS19,256,-877.0628099010435,378.83902117821526,True,0.0005687386134865,149.1699842782691
1,DS19,257,-881.0383166252961,461.8363653662007,True,0.0005656647103131,149.70981997437775
1,DS19,258,-877.6791227358688,2272.79147111346,True,0.0005631646274131,150.25117539661005
1,DS19,259,-882.0468793239515,946.0697562950862,True,0.0005606570979627,150.79216120950878
1,DS19,260,-873.966656842688,651.7141306387861,True,0.0005581509497054,151.33537301933393
1,DS19,261,-881.5398712166401,696.3839309553717,True,0.00055563423501,151.88255778932944
1,DS19,262,-875.9932524275885,568.9220208113308,True,0.00055309893547,152.42593782721087
1,DS19,263,-885.220961096687,662.1615825358127,True,0.0005505811670559,153.04167338320983
1,DS19,264,-877.7784552223897,349.8334109255073,True,0.0005477281193235,153.78731642104685
1,DS19,265,-878.8800642393134,835.3861946158526,True,0.000544273270514,154.3321733130142
1,DS19,266,-882.0455972091081,423.6325376290701,True,0.0005417489424637,154.8716247822158
1,DS19,267,-875.938481124213,1283.173206091917,True,0.0005392499133919,155.41106536937878
1,DS19,268,-880.3496099097417,1124.2611443879669,True,0.000536751266404,155.94854690181091
1,DS19,269,-877.4507501959032,873.6174946782173,True,0.0005342621000486,156.49644749471918
1,DS19,270,-877.9192424438622,541.5835574982375,True,0.0005317251779425,157.03844437981024
1,DS19,271,-879.8675158745041,955.2994721230336,True,0.0005292161635367,157.5818641288206
1,DS19,272,-878.1990912253539,591.3746896213986,True,0.0005267012123529,158.23504777997732
1,DS19,273,-878.5644085563124,658.6159135070354,True,0.0005236792452916,158.9558348832652
1,DS19,274,-878.2524890116767,339.62006207321235,True,0.000520345896839,159.49689514981583
1,DS19,275,-877.0751016997053,432.9789609217365,True,0.0005178447754769,160.03770754486322
1,DS19,276,-878.3559763908698,531.738801564871,True,0.0005153457972785,160.58000154513866
1,DS19,277,-875.1637498336105,513.3497300963434,True,0.0005128410520127,161.11969203175977
1,DS19,278,-875.2807881522515,753.8705158881095,True,0.0005103494820064,161.6692900606431
1,DS19,279,-877.5196592288864,841.4277137235499,True,0.000507813431068,162.21448651887476
1,DS19,280,-874.6525653701716,528.9819233097014,True,0.0005052990252709,162.79459528857842
1,DS19,281,-879.750771995487,1122.9668700600685,True,0.0005026251552675,163.4555264278315
1,DS19,282,-880.3591479726372,481.0703950222241,True,0.0004995808196392,164.12492722272873
1,DS19,283,-878.3637160017083,1141.6782744423429,True,0.0004964998525027,164.67098653363064
1,DS19,284,-878.6324022977641,608.825655515851,True,0.0004939884494985,165.21009766496718
1,DS19,285,-876.0293665847527,581.9981237081564,True,0.0004915107389337,165.74885248113424
1,DS19,286,-880.0035945098898,1500.6574665143362,True,0.0004890364665112,166.29121643025428
1,DS19,287,-877.5877421201158,599.3611815640868,True,0.0004865475140501,166.82967333123088
1,DS19,288,-874.9519032064852,676.9250577366714,True,0.0004840784487938,167.36990565340966
1,DS19,289,-872.6719640706151,521.993343066728,True,0.0004816032790056,167.97323275730014
1,DS19,290,-881.8278830941638,357.0813050555859,True,0.0004788415344859,168.68811166100204
1,DS19,291,-878.1414820320999,679.8766264339307,True,0.0004755727222081,169.2782939998433
1,DS19,292,-877.0817686294836,660.6728797828489,True,0.0004728771211481,169.81851404579356
1,DS19,293,-879.2852097199623,940.9483409248704,True,0.0004704122122762,170.35811179876328
1,DS19,294,-873.6700548861712,410.45831315834187,True,0.0004679526011141,170.90088625391945
1,DS19,295,-873.713957385512,939.7771596719792,True,0.000465481065233,171.44612212805075
1,DS19,296,-878.0593058180068,378.3856489330073,True,0.0004630009792985,171.99062388716266
1,DS19,297,-878.4727041045128,884.6121694719297,True,0.0004605269691641,172.52974391635507
1,DS19,298,-878.555731698469,508.6091176784332,True,0.0004580801822933,173.16358804050833
1,DS19,299,-879.7056701511194,1730.6738217875074,True,0.0004552071202793,173.89827416231856
1,DS19,300,-872.9747658860339,353.3574395378637,True,0.0004518820265269,174.43930106423795
1,DS19,301,-878.1834116801317,727.415982312727,True,0.0004494369885295,174.97831390006468
1,DS19,302,-873.8268923178337,2151.9860570001406,True,0.0004470041560279,175.52566602500156
1,DS19,303,-879.9934254158595,496.801655513628,True,0.0004445369312441,176.06746987905353
1,DS19,304,-876.2803629152681,696.4896181450711,True,0.0004420980145891,176.6127947596833
1,DS19,305,-876.9442412369635,1164.9785073717087,True,0.0004396466393981,177.1581817897968
1,DS19,306,-876.7745000831844,652.4479414090832,True,0.0004371984648131,177.71290564304218
1,DS19,307,-872.8476635025147,594.9122327788741,True,0.0004347120281006,178.38390095392242
1,DS19,308,-876.7876077649058,872.2008366249654,True,0.0004317094623808,179.07323521282524
1,DS19,309,-874.1029219375847,709.1499164689724,True,0.0004286307153112,179.61428841482848
1,DS19,310,-872.2009351664042,584.5621204815147,True,0.00042621850562,180.1600781660527
1,DS19,311,-874.2416509718835,1012.7269527352958,True,0.0004237890713724,180.7140290592797
1,DS19,312,-872.0134793309311,630.9282794456944,True,0.0004213273864242,181.26142395613715
1,DS19,313,-876.3718413232516,514.7450008468645,True,0.0004188989474726,181.8120260271244
1,DS19,314,-877.9871323004377,490.303311680158,True,0.0004164604821714,182.36285545118156
1,DS19,315,-874.253813621546,674.7391382482297,True,0.0004140253049735,182.96480494132263
1,DS19,316,-875.9144635904763,935.1177059602164,True,0.0004113691343782,183.6215485674329
1,DS19,317,-877.1354154150577,484.0245971251573,True,0.0004084772570293,184.27119184145704
1,DS19,318,-876.8300074522292,444.7672191677194,True,0.0004056230118113,184.8195495354012
1,DS19,319,-876.2045510328664,385.7679284359333,True,0.0004032187934748,185.370851946529
1,DS19,320,-876.3963280818189,1298.826539627791,True,0.0004008063817834,185.91722408728677
1,DS19,321,-874.7937583157018,461.613532703665,True,0.0003984202873325,186.4637032351457
1,DS19,322,-877.6529906743631,1410.9101767477655,True,0.0003960385245851,187.00782426539809
1,DS19,323,-875.1172501334588,774.3629459010734,True,0.0003936718826896,187.5455843503587
1,DS19,324,-872.5348328351863,568.3643084655594,True,0.0003913377287894,188.1842092527077
1,DS19,325,-874.5370920380308,509.9558604811709,True,0.0003885720947369,188.9238196350634
1,DS19,326,-873.8956534514232,596.6012067705501,True,0.0003853778633315,189.46505048125985
1,DS19,327,-878.1293186782748,567.815908290856,True,0.0003830464333599,190.0094123692252
1,DS19,328,-876.0787840779678,697.8034437531918,True,0.0003807067464169,190.55562426289544
1,DS19,329,-877.3792192252665,457.23390099456174,True,0.0003783644542076,191.1004905495793
1,DS19,330,-875.297452536486,783.4410298325731,True,0.0003760333413902,191.6509730555117
1,DS19,331,-877.5961927785626,977.4855215289158,True,0.0003736837616548,192.20007940474895
1,DS19,332,-872.1630510614737,738.3503596783853,True,0.0003713456991854,192.7671256614849
1,DS19,333,-875.3643743926998,1243.7186200174208,True,0.0003689372447101,193.43312017433345
1,DS19,334,-877.6596291028784,445.431636763852,True,0.000366116408914,194.120090178214
1,DS19,335,-874.5411381055501,557.1715048370481,True,0.0003632157926858,194.66787930810824
1,DS19,336,-876.7051564948483,845.3739396957587,True,0.0003609095349513,195.21689393091947
1,DS19,337,-879.2280175997448,760.0732971182774,True,0.0003586041539342,195.76674161106348
1,DS19,338,-876.9804671641019,1289.9001422742442,True,0.0003563014053241,196.3157307263464
1,DS19,339,-875.9640519619641,1248.3312584125504,True,0.0003540084467324,196.86335317138585
1,DS19,340,-879.5397023153046,1001.048985701949,True,0.0003517274357132,197.4126200103201
1,DS19,341,-877.8640491197953,481.9009625335235,True,0.0003494459080213,198.03366337018088
1,DS19,342,-877.2036033361773,977.449046335339,True,0.0003468739684013,198.80006794212383
1,DS19,343,-877.4742990685844,561.3464099234117,True,0.0003437115029797,199.35989566799253
1,DS19,344,-873.30160289487,585.4515484820507,True,0.0003414095573936,199.91551797790453
1,DS19,345,-875.7672896129133,1033.5799494113865,True,0.0003391317571061,200.4634648910724
1,DS19,346,-870.9239056696424,1204.315074074797,True,0.0003368921818121,201.01453798776487
1,DS19,347,-875.2409531262105,841.9974461660709,True,0.0003346466713981,201.56725337496027
1,DS19,348,-870.9587880543628,576.8794054056444,True,0.0003324014339657,202.1205386025831
1,DS19,349,-875.2995386107923,1440.5977953955155,True,0.0003301609406532,202.67020102078092
1,DS19,350,-873.5614170795893,554.2732891583014,True,0.0003279421828459,203.337500652764
1,DS19,351,-875.8548371087938,470.5956130805486,True,0.0003252581391083,204.04636354651305
1,DS19,352,-872.9539157202505,623.936204894404,True,0.0003224185428444,204.5948983584531
1,DS19,353,-874.9903902023639,495.54376712645126,True,0.0003202295097996,205.14211951754987
1,DS19,354,-878.0061491127892,454.2225464341094,True,0.0003180530228573,205.6901316824369
1,DS19,355,-878.3749408284006,743.3995461117986,True,0.0003158807699417,206.23786944057792
1,DS19,356,-874.9567563292087,466.48071408533656,True,0.0003137170537234,206.78761351387948
1,DS19,357,-874.6701430720279,833.2149397610003,True,0.000311552969388,207.3412960371934
1,DS19,358,-872.7394172430568,706.1095974158277,True,0.0003093811041518,207.93601945694536
1,DS19,359,-876.2021461351077,1232.398429697164,True,0.000307056966536,208.60997582552957
1,DS19,360,-879.5338513315498,903.4539110384322,True,0.0003044342087063,209.2885545315221
1,DS19,361,-875.1837305293503,855.4839680219317,True,0.0003018054108771,209.84082142077384
1,DS19,362,-872.461451726747,1063.115775981968,True,0.0002996748799462,210.4008685089648
1,DS19,363,-875.3453181904631,464.0643265089748,True,0.0002975226016648,210.9509654771537
1,DS19,364,-876.3351493004909,323.4195718672148,True,0.0002954167352678,211.51358485827225
1,DS19,365,-875.6725999739076,529.994231363786,True,0.0002932713804378,212.06827497901395
1,DS19,366,-871.6800321260814,563.6337067357431,True,0.0002911646955711,212.60991591820493
1,DS19,367,-876.028084812162,682.4941743388387,True,0.000289115718353,213.25441575422883
1,DS19,368,-872.679052411416,608.8201274491394,True,0.0002866882133884,213.97746656415984
1,DS19,369,-874.8519554030672,594.2846310269351,True,0.0002839786543021,214.5206786221825
1,DS19,370,-872.6660750859638,616.1018474008298,True,0.0002819527147198,215.0599153782241
1,DS19,371,-873.6171619789561,430.21315377290586,True,0.0002799498952987,215.59978036535904
1,DS19,372,-874.4236900720958,588.7289545873518,True,0.0002779530825861,216.1436722781509
1,DS19,373,-877.9405706232142,836.02522298639,True,0.0002759498764299,216.68649019906297
1,DS19,374,-873.2970834586357,423.44807651531255,True,0.0002739591957175,217.22808795701712
1,DS19,375,-875.1920691981736,1535.728741482017,True,0.0002719815842075,217.78383983345705
1,DS19,376,-878.855630737078,1062.06699796221,True,0.0002699612786107,218.44588222447783
1,DS19,377,-876.3031425290168,1430.323510882141,True,0.0002675665531622,219.14001819537955
1,DS19,378,-873.6784126737457,828.6350333385541,True,0.0002650698360524,219.68088288372385
1,DS19,379,-876.2080901907145,576.1894441439314,True,0.0002631344989049,220.2219163319096
1,DS19,380,-873.4194340682169,806.8048302938737,True,0.0002612074594447,220.7648494024761
1,DS19,381,-876.421323868097,742.1097003643935,True,0.0002592826640227,221.3054071245715
1,DS19,382,-872.8312691655227,530.6392144424241,True,0.0002573753159536,221.84107001358643
1,DS19,383,-874.6001810512932,553.1922880345201,True,0.0002554941819776,222.37402130290863
1,DS19,384,-874.8417183298724,788.2505837003351,True,0.0002536314620438,222.95796968601644
1,DS19,385,-876.8182035806615,520.4832461553522,True,0.0002516007510452,223.62215575994924
1,DS19,386,-871.6555869922565,1168.3746587277662,True,0.0002493041270533,224.28824398154396
1,DS19,387,-874.297654913788,366.9663781212402,True,0.0002470150505184,224.8383378968574
1,DS19,388,-870.1927164775693,1083.777505494654,True,0.0002451353405759,225.38185035763308
1,DS19,389,-873.5135798138364,386.757798431637,True,0.0002432877259485,225.92724472191185
1,DS19,390,-875.4775747877572,637.56307717988,True,0.000241443370311,226.4707201169804
1,DS19,391,-873.41519951882,384.4977582386573,True,0.0002396151837853,227.01386793516576
1,DS19,392,-875.32261421022,948.7148664820108,True,0.0002377978104006,227.56147944321856
1,DS19,393,-879.1725150873237,1969.998259621776,True,0.0002359753875073,228.19701043330133
1,DS19,394,-873.9252290925426,724.088114143967,True,0.0002338728943704,228.9558683293872
1,DS19,395,-876.9309816327991,612.0897668479147,True,0.0002313801460216,229.5018793507479
1,DS19,396,-879.0599116709707,802.5307489221595,True,0.0002295985970767,230.04577073268592
1,DS19,397,-876.855708448778,790.0538677239824,True,0.0002278340327487,230.58972456073388
1,DS19,398,-879.8205287943217,1172.7381851593989,True,0.0002260793719652,231.1378761795349
1,DS19,399,-872.8219767957575,756.4136814129662,True,0.0002243214499847,231.6889999401756
1,DS19,400,-875.4375201037016,486.21554399663177,True,0.0002225644561961,232.2365303230472
1,DS19,401,-878.1439222111043,487.5651276871494,True,0.0002208293597536,232.80223117908463
1,DS19,402,-871.3584214569062,898.8166855484491,True,0.0002190476719195,233.4712728522718
1,DS19,403,-878.202007164649,924.9345570381164,True,0.0002169550079726,234.1675489093177
1,DS19,404,-877.2057501601878,588.6785243028679,True,0.0002147939442431,234.71525562228635
1,DS19,405,-880.8870104170237,326.48103424902087,True,0.0002131061038117,235.261515816208
1,DS19,406,-876.424388791535,437.1203094982309,True,0.0002114333936744,235.8157239952125
1,DS19,407,-876.4077676477001,591.5481402943395,True,0.0002097472925673,236.36475735343996
1,DS19,408,-874.3884894965671,502.4928376688901,True,0.0002080878606141,236.91513519454747
1,DS19,409,-880.5505620330321,648.6759037698243,True,0.0002064353326679,237.45667441142723
1,DS19,410,-877.1903393546374,287.62335963274154,True,0.0002048201124332,238.08168841339648
1,DS19,411,-874.0662120321344,673.3686949211782,True,0.000202969261441,238.85213433858007
1,DS19,412,-878.5646006051584,484.0440513309108,True,0.0002007075306811,239.39764752564952
1,DS19,413,-877.2249812780736,749.7280490013653,True,0.0001991193996468,239.97822854388505
1,DS19,414,-871.1616824415187,872.6958752650374,True,0.0001974413393049,240.53534482698888
1,DS19,415,-879.6080515837224,370.0170777098934,True,0.0001958429448479,241.10575959598648
1,DS19,416,-873.4334411161287,553.4322857210475,True,0.0001942184719242,241.6738376840949
1,DS19,417,-874.3445972024247,719.6026877832594,True,0.0001926128517773,242.24674021126705
1,DS19,418,-873.5908432676911,419.4637145972577,True,0.0001910059803365,242.816740012262
1,DS19,419,-873.5590063417759,1531.7399038387025,True,0.0001894196482184,243.52881729695943
1,DS19,420,-875.4561605427409,618.3268033429642,True,0.0001874553661236,244.2384103932418
1,DS19,421,-873.8026762154902,1327.5785599473984,True,0.0001855173251537,244.789974488318
1,DS19,422,-871.9051958844493,1039.920705890222,True,0.0001840243283631,245.3646530234255
1,DS19,423,-872.2537541844938,962.8163200220476,True,0.0001824813221399,245.9605593956076
1,DS19,424,-871.8570255310149,871.9100502283666,True,0.0001808949106194,246.5108804665506
1,DS19,425,-877.8123430549341,503.5389976412094,True,0.0001794421969322,247.0884832935408
1,DS19,426,-874.8448050282784,282.952123496535,True,0.0001779302648545,247.66188504174352
1,DS19,427,-872.5910779022001,861.8325675596797,True,0.0001764423471586,248.3318369174376
1,DS19,428,-873.7312287852524,1056.0118315876798,True,0.0001747203913761,249.09306774940345
1,DS19,429,-879.3473222768541,1172.3652814440072,True,0.0001727855028644,249.7046044911258
1,DS19,430,-875.5802470297278,751.0110660812808,True,0.000171247887012,250.26824915781617
1,DS19,431,-875.3202085831434,725.8839594309533,True,0.0001698439867674,250.8297233344056
1,DS19,432,-876.2253489709335,923.6571055733205,True,0.0001684582237337,251.39786967309192
1,DS19,433,-871.1796520739465,970.3644993420388,True,0.00016706897455,251.94558620313185
1,DS19,434,-874.3932317395002,556.6569033378429,True,0.0001657420873452,252.48898772941905
1,DS19,435,-877.3670421622103,1087.5873337367252,True,0.0001644377313855,253.10262811323628
1,DS19,436,-876.8540390692573,1149.973817895413,True,0.0001629792916366,253.8527580825612
1,DS19,437,-875.5008171688153,1253.962642624018,True,0.000161217451583,254.40283647784963
1,DS19,438,-877.1445330292515,1110.6189323782876,True,0.0001599402101432,254.94543493073436
1,DS19,439,-872.5413729974781,884.6292375214092,True,0.0001586925960419,255.489179703407
1,DS19,440,-874.5813217091343,862.758894219145,True,0.0001574545995994,256.0353766102344
1,DS19,441,-870.9876472214919,340.1337806181341,True,0.0001562234087066,256.57957318332046
1,DS19,442,-871.9083213066951,432.99869417293866,True,0.0001550091137283,257.16278876317665
1,DS19,443,-875.0086931826149,575.9749270342741,True,0.0001537215226948,257.707900037989
1,DS19,444,-877.1831818732212,787.2005461105177,True,0.0001525309763487,258.374507448636
1,DS19,445,-877.3795145609924,607.5767655652978,True,0.0001510921006899,259.0993967624381
1,DS19,446,-870.3871703338319,2205.3652700664325,True,0.0001495487560179,259.6471358775161
1,DS19,447,-876.6570143442716,1055.3394131371358,True,0.0001483973709561,260.19231485622004
1,DS19,448,-876.4985986918585,751.7173234660713,True,0.000147264052689,260.74324100418016
1,DS19,449,-873.7259316280794,979.8064834964435,True,0.0001461316799875,261.28944737045094
1,DS19,450,-878.0251763208794,952.2928243470426,True,0.0001450218383748,261.83510481147096
1,DS19,451,-876.8896023015823,523.9434555001618,True,0.0001439259028835,262.3818777552806
1,DS19,452,-872.5880165941348,507.9699586403706,True,0.000142840585233,262.97404691344127
1,DS19,453,-876.3488500611888,1078.0423888582357,True,0.0001416797169247,263.6371604455635
1,DS19,454,-874.5278303755596,587.0630846152121,True,0.0001403977917011,264.3083502165973
1,DS19,455,-879.0878020396084,738.8956922624747,True,0.0001391197001565,264.85442341445014
1,DS19,456,-874.6399275467777,1066.335089407238,True,0.0001380943336516,265.3979667956009
1,DS19,457,-871.9471018406624,688.8374135637165,True,0.0001370866498455,265.9417436895892
1,DS19,458,-872.158637838217,378.7588305699255,True,0.0001360914754944,266.48680531140417
1,DS19,459,-874.6617889352256,1640.5627399889,True,0.0001351069723336,267.0319920973852
1,DS19,460,-874.2192630635259,772.7999479243133,True,0.0001341353163442,267.5733071407303
1,DS19,461,-876.388535898735,726.1076439137864,True,0.0001331835267647,268.2075107805431
1,DS19,462,-876.1220127634758,420.8354686427954,True,0.0001320848873557,268.9526428258978
1,DS19,463,-873.5010686031783,333.79614685987224,True,0.0001308168588629,269.48996661696583
1,DS19,464,-870.8391011171916,905.3210214390666,True,0.0001299177767376,270.03107231715694
1,DS19,465,-871.9721946339631,455.8275947359526,True,0.0001290253618114,270.5707947863266
1,DS19,466,-873.3728439905558,731.9405412759387,True,0.0001281482466041,271.1136479554698
1,DS19,467,-871.1407664819826,511.33015573890015,True,0.0001272791861461,271.6541674216278
1,DS19,468,-877.1065317691791,805.4561497143244,True,0.0001264269842856,272.19984982162714
1,DS19,469,-871.6375812464355,1025.8793410280084,True,0.0001255799517481,272.74485894385725
1,DS19,470,-874.6743927307336,1108.342569508986,True,0.0001247473388062,273.40441828686744
1,DS19,471,-872.2643787966406,642.647396197682,True,0.0001237576399371,274.11183635378256
1,DS19,472,-872.8066737153546,740.3058070687802,True,0.0001227179790124,274.65246220771223
1,DS19,473,-873.2093368211937,826.7455121649319,True,0.0001219387256127,275.1939349346794
1,DS19,474,-873.6576297291336,1706.5614178785738,True,0.0001211715476971,275.7349351728335
1,DS19,475,-876.9543838940389,589.4855297865331,True,0.0001204183521714,276.27838800475
1,DS19,476,-876.6886749195006,645.2257628625375,True,0.0001196751634182,276.8208419927396
1,DS19,477,-874.5383953820093,635.7111249049922,True,0.0001189467784058,277.3639808311127
1,DS19,478,-871.6698058336274,587.3776074533502,True,0.0001182309474608,277.9427509699017
1,DS19,479,-876.1534988966171,824.5423085740655,True,0.0001174830191954,278.5954861799255
1,DS19,480,-873.9770840898436,946.3000451809188,True,0.0001166579404635,279.2490547350608
1,DS19,481,-874.2767131563303,648.9066242690852,True,0.000115851421285,279.7853398970328
1,DS19,482,-876.6598897712524,798.1243168665387,True,0.0001152043170109,280.32225330593064
1,DS19,483,-875.2613348671604,714.2236295632567,True,0.0001145697361416,280.8657716768794
1,DS19,484,-871.5457981956836,542.6746922964425,True,0.0001139409041343,281.4117649560794
1,DS19,485,-874.6347990577583,1637.7832871732553,True,0.0001133229599846,281.9622117560357
1,DS19,486,-876.3472558625194,1071.740285999724,True,0.0001127139467903,282.5115864039399
1,DS19,487,-874.430629282343,454.5973081049556,True,0.0001121201264139,283.1364518739283
1,DS19,488,-874.6403401027252,811.2525953490375,True,0.0001114617412255,283.89463673112914
1,DS19,489,-875.2385249283778,453.3049571078288,True,0.0001106872654507,284.4450559038669
1,DS19,490,-874.3648896310987,691.6515288281922,True,0.0001101417914825,284.99323645979166
1,DS19,491,-880.8322515737884,566.5928651159697,True,0.0001096125787473,285.54244299884886
1,DS19,492,-873.904193345963,765.1971623365429,True,0.0001090964459537,286.0927944770083
1,DS19,493,-874.3652786378095,1022.8477154216764,True,0.0001085933813788,286.6444654571824
1,DS19,494,-875.7398232725224,695.3050746900177,True,0.0001081033367872,287.1942683183588
1,DS19,495,-874.7717646314347,1313.4445960137314,True,0.0001076291382119,287.7451017419808
1,DS19,496,-874.3153413696118,962.9136650407723,True,0.0001071682684222,288.4137548562139
1,DS19,497,-875.1383869663891,1031.5159013006355,True,0.0001066279652156,289.1260418500751
1,DS19,498,-871.1449364789916,1072.9635843030603,True,0.0001060755236383,289.6705386308022
1,DS19,499,-875.9684843020231,654.1959459481982,True,0.000105669320942,290.2195269977674
1,DS19,500,-868.8300058571982,1337.6979243925489,True,0.0001052739077949,290.76982519077137
1,DS19,501,-874.2310187770865,1594.0189380096415,True,0.0001048918131664,291.32428268063813
1,DS19,502,-874.0687197947343,1897.6857155495752,True,0.0001045212842131,291.8728841217235
1,DS19,503,-875.3386122763134,611.4414211647677,True,0.0001041689595395,292.4143845997751
1,DS19,504,-876.5367566859923,977.8400613041052,True,0.0001038351464599,293.0029943594709
1,DS19,505,-872.8286784460898,832.4760193468638,True,0.0001034880260584,293.6701826835051
1,DS19,506,-871.0664262815922,751.4582611454484,True,0.0001031143987451,294.3223408367485
1,DS19,507,-878.1379023660502,1197.1223053726046,True,0.0001027695719935,294.86309806769714
1,DS19,508,-875.2366235400118,612.5115973697411,True,0.0001024989414519,295.40251482091844
1,DS19,509,-873.1787410179336,468.9024697126707,True,0.0001022428043326,295.94620716385543
1,DS19,510,-874.130592765977,1402.9358011445406,True,0.00010199861499,296.4893773426302
1,DS19,511,-877.4499042136042,1605.5149610889723,True,0.0001017686807567,297.03136598458514
1,DS19,512,-875.73743608627,519.4536387029405,True,0.0001015532220173,297.57397002168
1,DS19,513,-873.8415293321575,540.5588182690317,True,0.0001013515092626,298.1951674055308
1,DS19,514,-873.5447532346491,788.1214130217346,True,0.0001011377743906,298.93692928366363
1,DS19,515,-874.9732434603,489.0025155985784,True,0.0001009066144095,299.4753197696991
1,DS19,516,-876.0011052560101,638.6143663721278,True,0.0001007552402251,300.0153154679574
1,DS19,517,-877.8392709529439,1246.9293700872736,True,0.0001006172830504,300.56482044095173
1,DS19,518,-873.0655724833575,427.2504826953816,True,0.0001004911588645,301.1109137008898
1,DS19,519,-871.4912208357109,420.9823435245223,True,0.000100380074891,301.65944928862154
1,DS19,520,-871.6850484204548,1419.1075573726882,True,0.0001002828058952,302.2038164706901
1,DS19,521,-874.2715231030347,1123.663460572208,True,0.000100200459749,302.7516820416786
1,DS19,522,-879.0598690780598,881.8145673655654,True,0.0001001318531161,303.4133906327188
1,DS19,523,-872.8098250837575,528.0963652229221,True,0.0001000680786469,304.13769330084324
1,DS19,524,-877.0029122653186,556.190064809711,True,0.0001000222162434,304.68208387773484
1,DS19,525,-871.8757618434355,747.8344997737817,False,0.000100004220997,305.2257195599377
1,CTDD21,0,-888.5310302117261,95.61639742787064,True,0.001,2.161633317358792
1,CTDD21,1,-880.6820156053321,48.560415929723966,True,0.0009998885355933,4.463075610343367
1,CTDD21,2,-884.6637863691435,38.378448795584696,True,0.0009995249031595,6.456814792472869
1,CTDD21,3,-879.6954304894537,79.29793825385237,True,0.000999005816006,8.782056214287877
1,CTDD21,4,-877.6364607366576,37.28914429692373,True,0.0009981614029747,10.933474154677242
1,CTDD21,5,-884.1848653970696,49.50438613789308,True,0.0009971512935024,13.06753784045577
1,CTDD21,6,-877.5727471937303,67.85884584366943,True,0.0009959325494221,15.300097530242056
1,CTDD21,7,-885.275579934446,46.70919975190302,True,0.0009944271154479,17.563497204799205
1,CTDD21,8,-878.1550262612849,36.519829362692384,True,0.0009926611488179,19.939664300065488
1,CTDD21,9,-889.7460387262726,41.20502579998572,True,0.0009905485244318,22.14360495423898
1,CTDD21,10,-876.8894895956541,41.29413525725416,True,0.000988353259254,24.57995185116306
1,CTDD21,11,-875.0226453414574,55.46602187153172,True,0.0009856638482972,26.62826275546104
1,CTDD21,12,-882.1426642666655,44.85318215519825,True,0.0009831905598084,28.95112567953765
1,CTDD21,13,-876.6945840091992,42.3181179429148,True,0.0009801526548265,31.05056130420417
1,CTDD21,14,-879.1436960441956,38.68453980678317,True,0.0009771951990397,33.28200956527144
1,CTDD21,15,-892.0138860018184,32.02842349149806,True,0.0009738329597256,35.58098528813571
1,CTDD21,16,-889.3886899626855,60.77896486208034,True,0.0009701349872439,37.837770935148
1,CTDD21,17,-895.0864607959849,57.55737371331481,True,0.0009662758859378,40.22449541697279
1,CTDD21,18,-879.8816084909654,42.69551819488972,True,0.0009619500733694,42.32625336619094
1,CTDD21,19,-884.6320371590366,36.60051837707403,True,0.0009579346507203,44.75884786853567
1,CTDD21,20,-881.905249461328,42.40922522256945,True,0.0009530487641776,46.931016655638814
1,CTDD21,21,-878.815898734953,51.12383761871738,True,0.0009484721446214,49.35726499464363
1,CTDD21,22,-879.7503854882352,57.72701819253496,True,0.0009431246367244,51.3979140566662
1,CTDD21,23,-873.3820440640432,58.96052291185136,True,0.0009384368984035,53.712588641792536
1,CTDD21,24,-872.8515841877072,38.65589983818253,True,0.0009329122061544,55.81552640581504
1,CTDD21,25,-878.4429638609377,37.11982138962909,True,0.0009277042354946,57.91780085163191
1,CTDD21,26,-893.5250036068412,65.86781003398626,True,0.0009223209005601,60.38186137285084
1,CTDD21,27,-879.4547072632721,71.80960434692642,True,0.0009157892482251,62.52900711074472
1,CTDD21,28,-884.5931381102574,42.05126102341468,True,0.000909905530271,65.05857764789835
1,CTDD21,29,-876.3865140670887,39.900728782384135,True,0.0009027483942873,67.20422911085188
1,CTDD21,30,-884.6549084149367,68.03666433787726,True,0.0008964897401406,69.55162191670388
1,CTDD21,31,-884.4684576013561,37.42358810489104,True,0.0008894490172969,71.69590671686456
1,CTDD21,32,-884.2130935353795,38.56492932186061,True,0.0008828440773483,74.10126031469554
1,CTDD21,33,-882.4656039477627,54.016557834601166,True,0.0008752420493414,76.2047382616438
1,CTDD21,34,-878.404229737904,36.63144408433204,True,0.0008684304074358,78.44743411848322
1,CTDD21,35,-871.94379190408,98.4622225562486,True,0.0008610034856462,80.49476443976164
1,CTDD21,36,-878.0186658367899,47.92919624018426,True,0.0008540786342584,82.59419601876289
1,CTDD21,37,-870.4606992545952,57.497688958698056,True,0.0008468372515859,85.09594865655527
1,CTDD21,38,-869.1173061261146,54.363792668861095,True,0.0008380273341365,87.19605363858864
1,CTDD21,39,-882.502293348293,65.64890324672736,True,0.000830484015356,89.50323903746903
1,CTDD21,40,-878.4923072876871,61.23147110627207,True,0.0008220458346926,91.64654129277916
1,CTDD21,41,-881.9506701948097,89.05845859973827,True,0.0008140693699979,94.06375464145094
1,CTDD21,42,-881.5816612674834,50.22217319760864,True,0.0008049194105597,96.15406674752012
1,CTDD21,43,-879.1626371541865,35.96446744971501,True,0.0007968793497137,98.45166755653918
1,CTDD21,44,-872.1271763007655,33.68240562625196,True,0.0007879101881714,100.569965550676
1,CTDD21,45,-879.6461821349887,46.24281237786719,True,0.0007795228840735,102.66450301092118
1,CTDD21,46,-872.1149888325804,54.939497496987045,True,0.0007711222823108,104.95715018501504
1,CTDD21,47,-878.9560485814308,36.91686699538359,True,0.0007618093599652,107.02445365767926
1,CTDD21,48,-880.153061575343,63.53809074610528,True,0.000753310453395,109.53136774990708
1,CTDD21,49,-872.2295936679923,31.902357452016265,True,0.0007428810415328,111.61090298416092
1,CTDD21,50,-878.515818962238,56.73281984389177,True,0.0007341318158642,114.1160017340444
1,CTDD21,51,-884.8483499302196,59.16409600583073,True,0.0007234803800624,116.35436401888728
1,CTDD21,52,-880.6581346564913,28.480371563665194,True,0.0007138652268477,118.8536327360198
1,CTDD21,53,-886.013797112374,70.12164774784073,True,0.0007030267014101,120.96921880729496
1,CTDD21,54,-881.161813643956,38.88301715556312,True,0.0006937725981963,123.30484681716187
1,CTDD21,55,-876.3220179741429,38.97247823369223,True,0.0006834769189933,125.55094174016268
1,CTDD21,56,-882.0529466760835,66.84000318140767,True,0.0006735030235037,127.53138736914843
1,CTDD21,57,-877.0719172355351,44.29551706031337,True,0.0006646537811039,129.90031329682097
1,CTDD21,58,-880.9597648826433,57.07573294716912,True,0.000654006383939,131.98312477674335
1,CTDD21,59,-884.2493403845631,47.69998279982159,True,0.0006445936273663,134.35586539749056
1,CTDD21,60,-883.5054123208074,63.89071499735784,True,0.0006338178406403,136.5449115592055
1,CTDD21,61,-882.1684481972495,52.2974333519197,True,0.0006238317841608,138.86296634189785
1,CTDD21,62,-883.0934375771612,51.15364785672344,True,0.0006132164306447,141.00510992622003
1,CTDD21,63,-879.8269266835842,39.554521921864335,True,0.0006033744949089,143.35785382054746
1,CTDD21,64,-872.7100184120919,89.28340502915898,True,0.0005925352295299,145.53625855175778
1,CTDD21,65,-881.6298506329833,64.29338860024484,True,0.0005824767610004,147.58574371878058
1,CTDD21,66,-872.2172337843127,91.9979226025822,True,0.0005729985509862,150.00789599586278
1,CTDD21,67,-878.501546890866,38.28449828399088,True,0.0005617840008009,152.1158868921921
1,CTDD21,68,-885.3916707912603,45.97523809963403,True,0.0005520178050524,154.66462342301384
1,CTDD21,69,-870.8051054028259,47.98235453837137,True,0.0005402088199036,156.78537581209093
1,CTDD21,70,-879.731815896205,39.6808594034947,True,0.0005303875938758,159.3462833832018
1,CTDD21,71,-878.7854194965532,71.77993697663378,True,0.0005185409010113,161.5216917451471
1,CTDD21,72,-877.4361983417563,68.7870060702263,True,0.0005084943755962,163.83508463017642
1,CTDD21,73,-891.0513615263175,56.2616048892444,True,0.0004978335712427,166.0885376711376
1,CTDD21,74,-883.0969794805985,50.69975904959549,True,0.0004874773960033,168.31165466690436
1,CTDD21,75,-885.3696101640687,55.14845231164879,True,0.0004772935953777,170.57804200984538
1,CTDD21,76,-879.9074127820227,39.01667709198554,True,0.0004669508306846,172.73056905297562
1,CTDD21,77,-876.4747283628175,38.99323977775066,True,0.0004571694609844,175.1127331480384
1,CTDD21,78,-889.0849110878881,50.1445703562277,True,0.0004463979465706,177.20241618761793
1,CTDD21,79,-873.3008342330061,36.77919243172714,True,0.0004370000570279,179.5486643346958
1,CTDD21,80,-876.0342452888508,34.97564111257198,True,0.0004265108781223,181.69835195783529
1,CTDD21,81,-875.0193098324702,56.188233690440185,True,0.0004169635643667,184.05933309486136
1,CTDD21,82,-878.1889177345976,37.21120934705188,True,0.0004065531217662,186.1549933352508
1,CTDD21,83,-887.7120628495562,59.57670590259115,True,0.0003973834047878,188.47769107623023
1,CTDD21,84,-877.6647883319338,49.275602841119,True,0.0003873034738173,190.74074396304783
1,CTDD21,85,-882.6436496469784,53.74321487501717,True,0.0003775718431034,192.9631940801628
1,CTDD21,86,-879.5212778046563,40.86414688128973,True,0.0003681059018623,195.39475310221317
1,CTDD21,87,-880.3525162420754,63.22948312428858,True,0.0003578586092193,197.5123501052149
1,CTDD21,88,-884.6714309336649,47.481854631642605,True,0.00034903233823,199.9793737581931
1,CTDD21,89,-873.4959425360904,60.8247220233386,True,0.0003388704180625,202.07923016510904
1,CTDD21,90,-884.3316912556464,46.80128826930979,True,0.0003303279709663,204.58173348009583
1,CTDD21,91,-877.4938037097987,39.16594824880397,True,0.0003202819611922,206.78464818187055
1,CTDD21,92,-879.5412483100376,74.04298547745918,True,0.000311564622075,209.24059405177832
1,CTDD21,93,-876.4714812981371,46.335340745415046,True,0.0003019908121997,211.27789456164464
1,CTDD21,94,-879.7347035982532,36.88652275667224,True,0.0002941690594901,213.46668874658644
1,CTDD21,95,-880.0484501673294,36.31109399442253,True,0.0002858912218259,215.77643764344973
1,CTDD21,96,-873.5479835081137,32.58239436755419,True,0.0002773014982038,217.83990534348413
1,CTDD21,97,-869.6271776200247,101.47563315794616,True,0.0002697579737283,220.118150038179
1,CTDD21,98,-877.1037603798676,48.636113256688986,True,0.0002615763588335,222.20775205921385
1,CTDD21,99,-875.6559533184883,50.8813794916683,True,0.0002542116350144,224.66346721490845
1,CTDD21,100,-876.1629040742349,33.36965917921417,True,0.0002457318285207,226.86436072317883
1,CTDD21,101,-883.6942431218129,77.37363145790563,True,0.000238297090118,229.42399478936568
1,CTDD21,102,-874.0275493385841,52.09406460213295,True,0.0002298521043037,231.5689391423948
1,CTDD21,103,-882.4081271502779,41.55036439367572,True,0.0002229463160725,234.01551826437932
1,CTDD21,104,-879.8810239979924,36.716219471734455,True,0.0002152643421948,236.1129245390184
1,CTDD21,105,-880.5912323343757,56.96192982913284,True,0.0002088476620827,238.32528721774
1,CTDD21,106,-875.4804725639314,54.95621800370112,True,0.0002022517819067,240.66486123669893
1,CTDD21,107,-877.2107006532303,29.85108441066879,True,0.0001954730235111,242.89053936954588
1,CTDD21,108,-878.7369295153607,44.49273805377517,True,0.0001892151687168,245.32006211671975
1,CTDD21,109,-876.6007800515597,41.73203207187903,True,0.000182600588457,247.5285514770076
1,CTDD21,110,-870.3780019417131,56.7463779038001,True,0.0001767871737725,249.91297622257844
1,CTDD21,111,-875.0116216785175,48.78706671036091,True,0.0001707273953616,251.96197882667184
1,CTDD21,112,-876.8356796578341,35.49181034910635,True,0.0001657025630607,254.24393810005856
1,CTDD21,113,-875.3973842948249,56.53362976849993,True,0.0001603078769531,256.2856277311221
1,CTDD21,114,-886.8771116880954,125.12520468310234,True,0.0001556634720875,258.5263811689801
1,CTDD21,115,-875.5496484355237,29.616081235683957,True,0.0001507669067226,260.73348782304674
1,CTDD21,116,-890.1535054670654,84.75626116599024,True,0.0001461516137617,262.9125018799677
1,CTDD21,117,-876.8374489194736,64.95922336649153,True,0.0001417996615546,265.2694650539197
1,CTDD21,118,-879.4650539445321,44.67916809817856,True,0.0001373237150123,267.4768970455043
1,CTDD21,119,-872.0419742291278,45.43262475487058,True,0.0001333520968619,269.80614716140553
1,CTDD21,120,-879.95210186733,49.23099019975728,True,0.0001293947325812,271.8978498606011
1,CTDD21,121,-886.8054426616727,52.37596712902891,True,0.0001260470754633,274.3458802038804
1,CTDD21,122,-878.9446127566538,47.96721282946677,True,0.0001223790035137,276.4396919356659
1,CTDD21,123,-877.8540432750311,35.33902022188619,True,0.000119457167532,278.7752878656611
1,CTDD21,124,-883.5754963493275,48.94636030590462,True,0.0001164341024478,281.0775794168003
1,CTDD21,125,-875.5933556262188,52.92177339968266,True,0.00011369954708,283.19636945892125
1,CTDD21,126,-888.1497514012581,57.48519080164255,True,0.0001113995629241,285.56049832561985
1,CTDD21,127,-880.9941456788212,41.51558870518882,True,0.0001090797172386,287.89041693648323
1,CTDD21,128,-883.1582465259188,57.38392534909571,True,0.0001070490607161,290.39052147977054
1,CTDD21,129,-877.2453388889579,45.10824057679462,True,0.0001051536496145,292.54553628200665
1,CTDD21,130,-878.0740958508336,65.47977922861848,True,0.0001037563829682,294.88905940391123
1,CTDD21,131,-880.9737736736299,74.59031567549498,True,0.0001024862976556,296.9922599638812
1,CTDD21,132,-871.2212746451181,62.46212437710321,True,0.0001015683005382,299.4751723879017
1,CTDD21,133,-886.0437686793697,57.0886240362702,True,0.000100755279774,301.6881100982428
1,CTDD21,134,-882.6863363322041,83.02824488609728,True,0.0001002781179881,304.13257493125275
1,CTDD21,135,-880.339515574619,64.15828607451832,False,0.0001000224525287,306.28586418228224
2,DS19,0,-871.7958118214513,6106.457773620293,True,0.001,0.5335502331145108
2,DS19,1,-867.7978811929793,3606.2825323682746,True,0.0009999924957113,1.063128904439509
2,DS19,2,-870.3173528269583,4496.391717212729,True,0.0009999702061129,1.5925817554816604
2,DS19,3,-874.0377292810815,3667.8994380053286,True,0.0009999331420855,2.1221664333716035
2,DS19,4,-868.2679726187504,4447.574296696783,True,0.000999881286559,2.6519770063459878
2,DS19,5,-873.1455733158467,2742.624977580443,True,0.0009998146170474,3.210781205445528
2,DS19,6,-872.4005354891151,4056.213595605316,True,0.0009997282698559,3.866142701357603
2,DS19,7,-870.2896496902832,4066.609085161384,True,0.0009996060396734,4.536227586213499
2,DS19,8,-874.8919954381544,4288.327911875823,True,0.0009994576713782,5.067977039609104
2,DS19,9,-879.563918793832,6328.301804249181,True,0.0009993231062932,5.601417258381844
2,DS19,10,-873.2429267618851,6378.853896173769,True,0.0009991731572641,6.134041790384799
2,DS19,11,-868.8191816123378,3785.126304623265,True,0.0009990084970271,6.665479127783328
2,DS19,12,-870.2371528797263,3935.057966100228,True,0.0009988293300756,7.19811750901863
2,DS19,13,-869.7512465495406,6091.032568324064,True,0.0009986348566229,7.734337504021823
2,DS19,14,-870.5439421275903,4512.262679838327,True,0.0009984240127989,8.314630240667611
2,DS19,15,-868.3102416363442,10347.805794537238,True,0.0009981788201592,8.968521440867335
2,DS19,16,-870.6185736095881,6301.5771738387775,True,0.0009978813426276,9.627099055796862
2,DS19,17,-871.1215397339961,7312.182037130835,True,0.0009975590551253,10.157881774473935
2,DS19,18,-872.6795941473379,6914.537686860077,True,0.0009972827546015,10.687740279361606
2,DS19,19,-871.0431995411763,3739.9470228703385,True,0.000996992210118,11.21811868948862
2,DS19,20,-875.2700626299243,4890.883543957545,True,0.0009966866562355,11.746805470436811
2,DS19,21,-868.7136355261099,4934.02811437161,True,0.0009963674257889,12.276921478565782
2,DS19,22,-869.2166187615521,10188.78368817979,True,0.0009960326557783,12.806610256433489
2,DS19,23,-872.8145074764593,6203.839672427908,True,0.0009956834879401,13.33477152744308
2,DS19,24,-870.58927773507,2658.316266171019,True,0.000995320740094,13.862907749600708
2,DS19,25,-870.7916696820187,7707.018551015511,True,0.0009949434564849,14.464302830398085
2,DS19,26,-873.290486552911,2501.2842569491777,True,0.0009944961342595,15.194281994365156
2,DS19,27,-867.4349265561887,6166.592135951764,True,0.0009939278660261,15.73024948546663
2,DS19,28,-869.9856914358356,4683.234426739481,True,0.0009934929837606,16.259579645469785
2,DS19,29,-872.6455221740254,5650.146216286481,True,0.0009930488371753,16.788150026462972
2,DS19,30,-871.769186222798,5403.60342536699,True,0.0009925908154781,17.31590042170137
2,DS19,31,-866.5379496213197,5547.924690895236,True,0.0009921190508089,17.843228738754988
2,DS19,32,-867.7274642571231,5030.831906615939,True,0.0009916332538491,18.371779975946996
2,DS19,33,-872.0429792971199,3611.058675805345,True,0.0009911318922095,18.90293110813945
2,DS19,34,-868.4778278468496,3144.293964354344,True,0.0009906135193399,19.433217449113727
2,DS19,35,-867.8888932576463,8954.505669337757,True,0.0009900814623388,19.96418151212856
2,DS19,36,-873.3871728723269,4844.147289224058,True,0.0009895341988107,20.593917599413544
2,DS19,37,-871.0942084037011,3759.1970144589336,True,0.0009888663127349,21.32114112144336
2,DS19,38,-871.6623416580692,4767.589631330474,True,0.000988069665823,21.854419169481844
2,DS19,39,-871.2856318463623,4572.03723277155,True,0.0009874682264063,22.38796310732141
2,DS19,40,-867.875884197856,4247.24683455433,True,0.0009868519004854,22.920510150957853
2,DS19,41,-871.1817977221381,2306.5395493689884,True,0.0009862221972145,23.45307863270864
2,DS19,42,-867.7035936420029,4123.567868876267,True,0.0009855779733241,23.98651211708784
2,DS19,43,-867.9268263014048,6868.198568505733,True,0.0009849181936535,24.521877016872168
2,DS19,44,-871.7297418666107,3518.2170492846853,True,0.0009842414470729,25.057721987832338
2,DS19,45,-869.8364128791936,4077.142741610349,True,0.0009835494923535,25.594767129980028
2,DS19,46,-869.013281673873,7868.232665042347,True,0.0009828413542332,26.13829193264246
2,DS19,47,-868.9125684058414,4837.211316139705,True,0.0009821097804419,26.791805089917037
2,DS19,48,-869.5124885022166,8692.056740690059,True,0.0009812103650574,27.473030949942768
2,DS19,49,-868.8328589085697,6716.492839688329,True,0.0009802498420343,28.00562514271587
2,DS19,50,-869.8546586065422,4997.908447554443,True,0.0009794825921838,28.537033712491397
2,DS19,51,-872.1885227035525,3799.714264586979,True,0.0009787028249508,29.071301850490272
2,DS19,52,-868.6246709753466,3410.6817973171637,True,0.0009779045633499,29.604909252375364
2,DS19,53,-868.7397327629952,7228.221927058316,True,0.0009770930054203,30.139505819417536
2,DS19,54,-871.7001824051924,3793.590412383527,True,0.0009762656558285,30.67351104971021
2,DS19,55,-873.6336732615163,5862.287195994663,True,0.0009754249722649,31.24036897160113
2,DS19,56,-868.9980884835809,6161.286371900427,True,0.0009745170177349,31.89729346241802
2,DS19,57,-870.92955858891,3746.027063832806,True,0.0009734448107676,32.56476460816339
2,DS19,58,-871.0688219492599,5207.166405038053,True,0.0009723334625694,33.09543795930222
2,DS19,59,-866.6854935023418,4113.645505080099,True,0.0009714341512993,33.62679447606206
2,DS19,60,-867.5578071587829,3063.1839672741958,True,0.0009705197507765,34.1572375241667
2,DS19,61,-871.3536297934721,4801.559479346705,True,0.0009695930478092,34.688469203189015
2,DS19,62,-867.8333406701282,4146.552378852507,True,0.0009686511043173,35.219476003199816
2,DS19,63,-870.9558392825136,5321.631145745696,True,0.0009676957264217,35.75101352808997
2,DS19,64,-872.4781763971392,7773.110189350823,True,0.0009667255743224,36.28422945830971
2,DS19,65,-870.2523561349883,3936.947690343354,True,0.0009657384993272,36.81441956339404
2,DS19,66,-869.9585698403846,6007.684889621604,True,0.0009647432947474,37.40802271245048
2,DS19,67,-872.2604917622551,6734.643744655204,True,0.0009636128537209,38.06136214360595
2,DS19,68,-869.6936532887389,4572.789729372073,True,0.0009623489154275,38.695462099742144
2,DS19,69,-871.124816100751,7287.466173074166,True,0.0009611024773974,39.22439888399094
2,DS19,70,-869.848813330151,6911.801365043271,True,0.0009600479393604,39.75317210610956
2,DS19,71,-870.957159530558,7829.305186598113,True,0.0009589802930487,40.28208184009418
2,DS19,72,-872.3519200528721,5469.46757732974,True,0.0009578989686077,40.813049285206944
2,DS19,73,-869.7252499428064,4751.439413627657,True,0.000956799990437,41.34584940597415
2,DS19,74,-873.3595467818184,9070.782073427012,True,0.0009556837127374,41.87800503475592
2,DS19,75,-876.5469090762799,5831.870775882368,True,0.0009545553172743,42.41062211897224
2,DS19,76,-869.1779011160879,3359.196561518453,True,0.0009534125034327,42.93991991085932
2,DS19,77,-864.5687109305888,6838.667585215982,True,0.000952263528902,43.47244772687554
2,DS19,78,-870.2132105956553,3492.6739318244777,True,0.0009510942183162,44.00423505576328
2,DS19,79,-872.4224514522233,3937.0593027447912,True,0.0009499132352045,44.63628528593108
2,DS19,80,-869.7113692730004,2842.8746169949727,True,0.0009484923605781,45.3589265323244
2,DS19,81,-870.1685740419555,5218.920553721641,True,0.0009468449853414,45.88951243646443
2,DS19,82,-871.4706546924363,4419.104935438442,True,0.0009456199670042,46.419122914318
2,DS19,83,-870.9727479189871,4153.441523724083,True,0.0009443841880072,46.94886036403477
2,DS19,84,-869.3991403095555,4132.759082130349,True,0.0009431351479594,47.4802021542564
2,DS19,85,-869.8367620174245,4920.873779263327,True,0.0009418693411167,48.01074081752449
2,DS19,86,-869.2691667921061,2982.7916863009928,True,0.0009405925150927,48.54381000669673
2,DS19,87,-867.2230017296987,9078.318816933006,True,0.0009392966261709,49.07682464458048
2,DS19,88,-871.5968327089331,6676.431706163209,True,0.0009379879112783,49.72567750746384
2,DS19,89,-868.0551729865921,4505.155695485983,True,0.0009363773529179,50.4339867583476
2,DS19,90,-870.650697784068,3547.828380914097,True,0.0009345974592694,50.96187610831112
2,DS19,91,-873.5468402628317,6597.4097702172,True,0.0009332562304931,51.49024028936401
2,DS19,92,-870.1827435095366,4231.542892195527,True,0.0009319012657092,52.02215886116028
2,DS19,93,-867.67782279007,6345.357075421031,True,0.0009305245687207,52.55338332941756
2,DS19,94,-869.8118930545666,6879.045962513495,True,0.0009291370789507,53.086360172368586
2,DS19,95,-869.7469926059653,3930.9024796039776,True,0.000927732415033,53.61929388670251
2,DS19,96,-873.5556642710974,4244.308478924958,True,0.0009263152950887,54.16138779511675
2,DS19,97,-869.0855849700376,5494.870148581376,True,0.0009248609708973,54.82871117442846
2,DS19,98,-868.291867089193,3765.5479998920337,True,0.0009230529649816,55.517631168011576
2,DS19,99,-869.0565353624751,4307.951937368853,True,0.0009211660291286,56.05084716109559
2,DS19,100,-866.2744767729228,6977.969927626752,True,0.0009196913885348,56.584154970012605
2,DS19,101,-870.7089972902354,5726.89650206524,True,0.0009182041761914,57.11836725194007
2,DS19,102,-868.9298870729892,8729.181003315953,True,0.0009167021410476,57.65156251564622
2,DS19,103,-866.0584772648915,3519.16777455385,True,0.0009151907396294,58.181639541871846
2,DS19,104,-870.0463626626359,7845.604930583365,True,0.0009136761198174,58.714642870705575
2,DS19,105,-869.6825867793988,4524.465601347081,True,0.0009121410672167,59.29486946575344
2,DS19,106,-871.1152008029721,3848.405903365584,True,0.0009104563103516,59.95520084397867
2,DS19,107,-866.4682005239671,4729.199222543235,True,0.0009085216661959,60.62761997291818
2,DS19,108,-869.8968198133541,9533.208388245788,True,0.0009065327865561,61.16111845895648
2,DS19,109,-870.5379447723305,2978.81340754845,True,0.0009049413640508,61.692511569708586
2,DS19,110,-867.4029678674897,4741.165589621187,True,0.000903344455919,62.22466291347519
2,DS19,111,-867.7053584332521,6612.229649504745,True,0.0009017335544034,62.75516213150695
2,DS19,112,-867.0901635868348,4465.262231161758,True,0.0009001160386302,63.289048470556736
2,DS19,113,-870.2806798024502,5096.9203798587205,True,0.0008984765406526,63.8200350436382
2,DS19,114,-866.837314982082,3948.829099402932,True,0.0008968344048573,64.41112214466557
2,DS19,115,-871.4663210989538,3649.982877781711,True,0.0008949929284365,65.08622652851045
2,DS19,116,-872.8038456623274,5724.338669217736,True,0.0008928724331063,65.73304521478713
2,DS19,117,-870.0078447451923,10752.741290302509,True,0.0008908236075209,66.26499176677316
2,DS19,118,-869.3511112228413,4884.675078721724,True,0.0008891261207719,66.80127814784646
2,DS19,119,-869.5810867398568,3909.589457983704,True,0.000887403404678,67.33582545584068
2,DS19,120,-870.7097966897533,6357.380025311505,True,0.0008856749612736,67.8723658346571
2,DS19,121,-870.3888409763074,4383.333765488961,True,0.0008839287730317,68.41557341441512
2,DS19,122,-867.1750430534883,5014.8116760881,True,0.0008821494131136,68.95388575084507
2,DS19,123,-873.7543112020876,12430.598403014455,True,0.0008803747602531,69.58673305995762
2,DS19,124,-870.9055271129084,5413.697931367527,True,0.0008782741147968,70.33311322284862
2,DS19,125,-869.3641412926643,5248.32936762162,True,0.0008757768249616,70.86404363065958
2,DS19,126,-867.3564677494116,4630.876606228285,True,0.0008739874501182,71.39471161179245
2,DS19,127,-869.0208174473477,6965.855082295654,True,0.0008721882677422,71.92527352506295
2,DS19,128,-865.2368884537274,10162.330119598648,True,0.0008703788181962,72.45625572279096
2,DS19,129,-869.7853007213187,2491.637602017615,True,0.0008685573567112,72.98572815256193
2,DS19,130,-868.0640169451478,5398.966366825803,True,0.0008667305964357,73.51470140879974
2,DS19,131,-873.817039891516,5791.52439160448,True,0.0008648951702037,74.04685258073732
2,DS19,132,-868.0110638888858,4030.289116653878,True,0.0008630383010867,74.69406891986728
2,DS19,133,-871.0035961702866,3614.907508013636,True,0.0008607659364913,75.41559546068311
2,DS19,134,-866.8895704672468,4805.507848387851,True,0.0008582146967116,75.94811954908073
2,DS19,135,-868.7346873729352,4636.200895896673,True,0.0008563196830122,76.4800063748844
2,DS19,136,-866.7122006750486,5174.882372997006,True,0.0008544167780445,77.01637408696115
2,DS19,137,-869.569035675217,8612.58401306807,True,0.0008524876245322,77.55268779490143
2,DS19,138,-865.1882612950094,5853.355399137917,True,0.0008505484712777,78.09501912584528
2,DS19,139,-869.7042873125432,4506.058942374525,True,0.0008485772610953,78.64352316362783
2,DS19,140,-868.6424721697488,3640.1975662194222,True,0.0008465731501862,79.20981163904071
2,DS19,141,-865.5754984117907,6815.457177850194,True,0.0008444930921718,79.88879433413967
2,DS19,142,-867.0850016469471,7013.625616834255,True,0.0008419845128819,80.58166022552177
2,DS19,143,-864.7788887845402,5875.775269908591,True,0.0008394083837266,81.11307700816542
2,DS19,144,-869.5702818749041,3708.055374337966,True,0.0008374214972754,81.64510784717277
2,DS19,145,-869.4313731553639,7902.448084811992,True,0.0008354227888114,82.17655824776739
2,DS19,146,-869.4329364916357,4432.915456341069,True,0.0008334168109783,82.7076288247481
2,DS19,147,-869.0768813349956,4474.262351302064,True,0.0008314028984659,83.23883330775425
2,DS19,148,-868.7064000561234,5707.305313252642,True,0.0008293791762209,83.76949904672801
2,DS19,149,-869.0175049326174,3419.3265689174186,True,0.000827348284233,84.3410946149379
2,DS19,150,-867.0032866313461,4513.092578197045,True,0.0008251505167303,84.99820041889325
2,DS19,151,-866.4243821206848,6389.286017006643,True,0.0008226109565636,85.66001120582223
2,DS19,152,-868.8851568560898,6260.212401847589,True,0.0008200392737732,86.20273074880242
2,DS19,153,-870.8624939298747,8245.824671069364,True,0.0008179200120468,86.74798815976828
2,DS19,154,-866.8545541490965,4553.983509832731,True,0.0008157815298377,87.29304951615632
2,DS19,155,-871.2387978591653,4351.801813378018,True,0.0008136345638069,87.83818965218961
2,DS19,156,-869.1980785227054,4911.3164935795285,True,0.0008114781091422,88.3818871290423
2,DS19,157,-867.4842402396428,6097.497367306367,True,0.0008093182934509,88.91346756601706
2,DS19,158,-872.2985497352013,3169.599008722688,True,0.000807197928671,89.53101670602337
2,DS19,159,-865.7794341545787,3077.6122306788984,True,0.0008047239653361,90.28357254806906
2,DS19,160,-868.7024924270836,3378.178857946467,True,0.000801693777257,90.81978842942044
2,DS19,161,-866.5744398041103,3365.5889517431096,True,0.0007995244875082,91.35829551704228
2,DS19,162,-872.8574286226074,5554.606337439156,True,0.0007973374691135,91.88961526285856
2,DS19,163,-869.2583289508252,3330.0594636865294,True,0.0007951714042738,92.42393640847877
2,DS19,164,-872.3556687969303,6738.334652428699,True,0.0007929849259063,92.96485090442002
2,DS19,165,-868.2990374792578,3189.9845293635826,True,0.0007907631887887,93.50748558947816
2,DS19,166,-870.1376906581315,3648.399750883694,True,0.0007885260936593,94.04497989220545
2,DS19,167,-867.773979479392,3453.825494243042,True,0.0007863020782368,94.70106536103413
2,DS19,168,-867.6897703962943,4416.43940863877,True,0.0007835765301886,95.43456350034104
2,DS19,169,-866.1167748588847,6276.679558167566,True,0.0007805154500982,95.96670354157686
2,DS19,170,-866.1972752099225,3149.382191618554,True,0.0007782855845265,96.49976783897728
2,DS19,171,-868.670965695376,3552.970504287094,True,0.0007760442525994,97.03296149289235
2,DS19,172,-868.0542976461063,3147.5997377536937,True,0.0007737948486536,97.56801067804918
2,DS19,173,-870.3713082033878,6712.9779474591605,True,0.00077153012372,98.11071227816863
2,DS19,174,-872.8277832711476,5876.759887272569,True,0.0007692254181679,98.64395244885236
2,DS19,175,-865.1091971942045,5213.005287289376,True,0.0007669535242851,99.20450635813177
2,DS19,176,-867.5453985882093,5142.964924029787,True,0.0007645574680725,99.88683003513142
2,DS19,177,-871.8247136103894,5485.980141133436,True,0.0007616302636572,100.58879463514312
2,DS19,178,-869.6257953636833,4751.940088988536,True,0.0007586067536359,101.13726202445103
2,DS19,179,-868.7570746334807,5895.91344184622,True,0.0007562359989063,101.68512895144522
2,DS19,180,-868.3338293682696,4246.072174686545,True,0.0007538605831214,102.23394180322066
2,DS19,181,-873.783175968137,2610.8962668917634,True,0.0007514738784917,102.76752378931268
2,DS19,182,-868.1873209330474,6095.983924217726,True,0.000749146593509,103.3009587712586
2,DS19,183,-871.7186411156694,5144.533997553478,True,0.0007468133096349,103.83268181141466
2,DS19,184,-873.3334020991415,5445.300896346039,True,0.0007444809840298,104.43070783745496
2,DS19,185,-874.3253372333334,3494.877124652338,True,0.0007418501368141,105.09178704069927
2,DS19,186,-872.006728012363,9416.928479574475,True,0.0007389325548403,105.74899683473632
2,DS19,187,-876.2097103016732,3791.8265019446703,True,0.0007360224608165,106.30308000557125
2,DS19,188,-871.3860735660267,2024.748679848976,True,0.0007335616869573,106.8530623363331
2,DS19,189,-869.8869817281759,4256.66664140285,True,0.0007311125960029,107.39346403814852
2,DS19,190,-865.5138167132342,3570.4305653213937,True,0.0007286999158397,107.93764625815676
2,DS19,191,-871.4618986918102,7523.003982618601,True,0.0007262641789197,108.48656758805735
2,DS19,192,-868.0479048079696,5855.614755609188,True,0.0007238010346127,109.03399744397028
2,DS19,193,-866.2344028536363,6062.658481403115,True,0.0007213384723344,109.68676460906865
2,DS19,194,-870.3751163314121,3237.779416046603,True,0.0007183942038031,110.41870056185871
2,DS19,195,-868.4366491892947,3191.220539889937,True,0.0007150828583587,110.96122868685052
2,DS19,196,-870.5593851432043,6434.414685392688,True,0.0007126217132474,111.49940379569308
2,DS19,197,-873.1752149989074,5944.7835156447245,True,0.0007101747745224,112.048647898715
2,DS19,198,-868.3143030273009,4978.102248319647,True,0.0007076719045586,112.5875480985269
2,DS19,199,-874.4844109355754,5003.715315092881,True,0.0007052107543445,113.12081699771808
2,DS19,200,-868.1679968511949,7884.356885561516,True,0.0007027701234236,113.65603205561638
2,DS19,201,-875.9354534138698,3464.430155835956,True,0.0007003154677735,114.20906318025663
2,DS19,202,-867.8345791637719,5613.338492273445,True,0.0006977738038961,114.87041836418211
2,DS19,203,-871.2623358084752,5140.444910769025,True,0.0006947273512099,115.55719655705616
2,DS19,204,-874.2859088679002,5167.446660495084,True,0.000691555943061,116.0861448450014
2,DS19,205,-867.9551671937595,4209.499317540644,True,0.0006891080211544,116.61560480622576
2,DS19,206,-867.0918436494169,3009.1253628560908,True,0.0006866531647836,117.1488051940687
2,DS19,207,-868.1180833999708,5220.770337304695,True,0.000684176430239,117.6790155400522
2,DS19,208,-869.5512318515807,4116.768359426856,True,0.0006817091526755,118.209801111836
2,DS19,209,-872.2409464942227,3096.653073374585,True,0.0006792348533352,118.73858480667695
2,DS19,210,-873.3254539476991,6361.462276905425,True,0.0006767656441654,119.28968607168645
2,DS19,211,-867.7138366410704,5106.879598229099,True,0.000674187802713,119.9374999506399
2,DS19,212,-869.7861830525148,7129.778755199427,True,0.0006711519332205,120.60927538946272
2,DS19,213,-872.0937640009136,3842.311043208077,True,0.0006679974826215,121.13997712964192
2,DS19,214,-867.3332253138267,5190.190129617585,True,0.0006655010513154,121.6703325258568
2,DS19,215,-869.5419507864763,4005.9165532557713,True,0.000663002441716,122.19817694555968
2,DS19,216,-877.9792157326125,2814.9325479054573,True,0.0006605119641994,122.72612108662724
2,DS19,217,-869.2047926142259,2758.370887972181,True,0.0006580174077327,123.25539151672274
2,DS19,218,-871.1226883395357,6307.22035019506,True,0.0006555130439344,123.78437383053824
2,DS19,219,-872.3044199844804,9944.647957936731,True,0.0006530065833532,124.35151956463233
2,DS19,220,-871.44473211098,4741.900179118208,True,0.000650315545237,125.00895150378346
2,DS19,221,-872.8288147899258,4030.6312421892953,True,0.0006471913857221,125.68676583468914
2,DS19,222,-873.7530819014332,3204.855202705303,True,0.000643965216636,126.22115134214982
2,DS19,223,-874.9285249225452,4257.955095122088,True,0.0006414181463691,126.7549540293403
2,DS19,224,-868.6247247236468,2621.6767934982167,True,0.0006388708004327,127.28919667704032
2,DS19,225,-873.5148616404405,4440.86267342277,True,0.000636318384467,127.82441925629972
2,DS19,226,-872.5632061546835,3822.75028622527,True,0.000633758392451,128.36004698229954
2,DS19,227,-867.5568700527343,5746.587954300598,True,0.0006311936483478,128.89065449032933
2,DS19,228,-866.5200327271348,10127.904227173396,True,0.0006286502513854,129.47545155929402
2,DS19,229,-868.4418305359654,7506.129204739077,True,0.0006258441019611,130.12628355203196
2,DS19,230,-868.6537583367474,9542.78786448955,True,0.0006227175159237,130.76385591086
2,DS19,231,-875.2708179552213,7198.720372589197,True,0.000619651128742,131.2976859859191
2,DS19,232,-871.5132110031691,5221.836256719459,True,0.0006170811297709,131.8317437316291
2,DS19,233,-872.2977858654053,4540.012896759017,True,0.0006145077936487,132.3669638405554
2,DS19,234,-871.6398342264389,4167.145852221669,True,0.0006119266941612,132.90076963650063
2,DS19,235,-869.8053333022324,4767.37467133568,True,0.000609350345002,133.43431984167546
2,DS19,236,-872.3893575639758,3661.200368230615,True,0.0006067732494571,133.96988345263526
2,DS19,237,-871.9746951833638,5982.154146942252,True,0.0006041845248345,134.57683726446703
2,DS19,238,-871.9569721379739,4487.197174821808,True,0.0006012485288643,135.32240423141047
2,DS19,239,-872.2686888454747,2221.340586791902,True,0.0005976390103281,135.8621866600588
2,DS19,240,-869.6854521506123,5585.394577510233,True,0.0005950238082119,136.3970166770741
2,DS19,241,-875.5715978428155,6533.477845441692,True,0.0005924310840092,136.93560382304713
2,DS19,242,-873.5037662270827,5751.378741956209,True,0.0005898187093821,137.4848545040004
2,DS19,243,-875.8579179792042,7444.869448164661,True,0.0005871532190235,138.0321055073291
2,DS19,244,-880.29901061137,5789.7315933273285,True,0.0005844961269158,138.57196793425828
2,DS19,245,-872.0652721572648,7980.861952561784,True,0.0005818737225076,139.1080441828817
2,DS19,246,-873.0876633592928,4832.494336974982,True,0.000579268632468,139.7511761309579
2,DS19,247,-868.1428983699228,9327.485567552276,True,0.0005761420071823,140.47600807994604
2,DS19,248,-870.6788016191388,4072.04497708345,True,0.0005726166816028,141.01170246722177
2,DS19,249,-866.5746497968943,7308.466163601225,True,0.0005700103472945,141.54891191795468
2,DS19,250,-869.1502886488277,8676.590480811281,True,0.0005673959661485,142.08814022131264
2,DS19,251,-874.9422659970633,12453.993827696322,True,0.0005647711686722,142.62400263128802
2,DS19,252,-870.5189412956627,3480.529571928039,True,0.0005621622566514,143.15881585748866
2,DS19,253,-872.5444530223136,3177.4374446583734,True,0.0005595580446907,143.69509890163317
2,DS19,254,-871.3616896161625,5026.251335994802,True,0.0005569463540834,144.23922860668972
2,DS19,255,-873.6711120833663,3425.9685656238794,True,0.0005542962115717,144.8994775773026
2,DS19,256,-871.4360652911014,4249.692573603446,True,0.0005510803276291,145.59802139317617
2,DS19,257,-871.8939148933966,8601.354230444686,True,0.0005476778638338,146.13293866533786
2,DS19,258,-871.1261770518948,4882.378686000378,True,0.0005450724708901,146.66874007834122
2,DS19,259,-870.9992350113091,3320.596316055029,True,0.000542462937255,147.20576809626073
2,DS19,260,-873.3116702681455,3546.229254632568,True,0.0005398476840834,147.74176027905196
2,DS19,261,-873.4732250362306,3987.006640729247,True,0.0005372378172716,148.2766084158793
2,DS19,262,-872.811569844421,3149.6961862956746,True,0.0005346339491955,148.81141863344237
2,DS19,263,-876.7456768510453,9617.352029521964,True,0.0005320307806606,149.38282100344077
2,DS19,264,-886.213433780976,7152.246886703535,True,0.0005292501687631,150.04178195632994
2,DS19,265,-868.7667241023578,5911.559537655981,True,0.0005260444633008,150.70199402421713
2,DS19,266,-868.5730036494688,3809.646462750514,True,0.0005228338937174,151.23690320923924
2,DS19,267,-875.1711073956247,5731.156999576403,True,0.0005202336738721,151.7722166753374
2,DS19,268,-870.8680299181715,3648.3125774189057,True,0.0005176324877921,152.30659137526527
2,DS19,269,-871.4952943024352,8202.076968975234,True,0.0005150369471217,152.83951529720798
2,DS19,270,-877.3367720973588,3502.357545671787,True,0.0005124496179755,153.37288215430453
2,DS19,271,-874.7538602664206,3252.1291532084592,True,0.0005098613894313,153.90519472630697
2,DS19,272,-873.2644723290742,6086.804496627624,True,0.0005072796107139,154.4939688052982
2,DS19,273,-871.7154988148171,10046.288314833702,True,0.0005044256424062,155.14885913627222
2,DS19,274,-872.7816336818801,5069.577835166407,True,0.0005012533678626,155.80171536840498
2,DS19,275,-875.0544514238211,5559.832457183584,True,0.0004980933842733,156.33394442219287
2,DS19,276,-874.278081085397,3674.753078112064,True,0.0004955191763562,156.86648344201967
2,DS19,277,-872.1763159176375,4975.608516863638,True,0.0004929452789152,157.3989238087088
2,DS19,278,-873.2165149687263,6927.3315784569895,True,0.0004903737534634,157.9303976520896
2,DS19,279,-872.4061265540473,6821.1245501500725,True,0.0004878088709984,158.45870320592076
2,DS19,280,-875.5074823040908,4866.62285627337,True,0.0004852613182135,158.98688366496935
2,DS19,281,-871.0411901434811,8275.701613183923,True,0.0004827164848423,159.58616011217237
2,DS19,282,-872.7970311636382,8745.065838209573,True,0.0004798317705189,160.32440407434478
2,DS19,283,-870.6579390966647,4614.909304495572,True,0.0004762821851218,160.87127591110766
2,DS19,284,-873.7432403721879,4939.060203504586,True,0.000473655767303,161.40369308227673
2,DS19,285,-882.2607878212935,8555.745490861955,True,0.0004711013388544,161.93697862001136
2,DS19,286,-873.9996509875548,5601.813653740901,True,0.0004685453709159,162.4704849589616
2,DS19,287,-871.5892086890558,4313.19052253754,True,0.0004659910604155,163.0041824709624
2,DS19,288,-874.8981043704292,4099.64507155683,True,0.0004634386375752,163.53565695276484
2,DS19,289,-878.4053244521967,5248.5452249567525,True,0.0004608997169193,164.06384069193157
2,DS19,290,-874.6283699700195,3937.26725149766,True,0.0004583794376857,164.67980600800365
2,DS19,291,-867.2102429273498,4313.526745232583,True,0.0004554440885138,165.402847958263
2,DS19,292,-868.3006034263738,4815.349166248794,True,0.0004520038437783,165.93416719185188
2,DS19,293,-872.2832944778881,6304.296831771351,True,0.000449479632715,166.4646560656838
2,DS19,294,-873.556838377508,4386.017927724697,True,0.0004469626833389,166.99562916951254
2,DS19,295,-875.9810503521437,5247.85176574934,True,0.0004444468383894,167.52513935836032
2,DS19,296,-876.3181704717011,2978.171655534846,True,0.0004419413970437,168.05720091611147
2,DS19,297,-874.2736023099624,3222.097033488993,True,0.0004394274590582,168.58950661029667
2,DS19,298,-874.7041490154121,4460.472730366603,True,0.000436916037398,169.12256490718573
2,DS19,299,-872.7826087640028,3692.0657726800114,True,0.0004344048270045,169.75464657414705
2,DS19,300,-874.5274549810255,3360.4771710768327,True,0.0004314321162528,170.46677752723917
2,DS19,301,-871.2056186780856,2779.760148110693,True,0.000428089585613,170.9983218931593
2,DS19,302,-871.6172654903612,4502.520481620287,True,0.000425599384701,171.52847351087257
2,DS19,303,-875.3618903997599,4300.754019491583,True,0.0004231198102715,172.0587087981403
2,DS19,304,-877.905770909281,4875.144148415644,True,0.0004206440235231,172.58939341828227
2,DS19,305,-872.9123562808527,5119.33382376262,True,0.0004181704050683,173.12182799726725
2,DS19,306,-864.9199460868615,2522.148440049718,True,0.0004156930010931,173.65378682734445
2,DS19,307,-873.2551805751943,4914.2572436636665,True,0.00041322226551,174.18724000360817
2,DS19,308,-873.7105242568639,2958.0775376264523,True,0.0004107491431828,174.83200827799735
2,DS19,309,-879.1228032604199,4569.251777974146,True,0.0004077661616397,175.5348144727759
2,DS19,310,-877.3470422485743,2721.5206077647645,True,0.0004045225672063,176.0654225545004
2,DS19,311,-870.1050828364049,3913.726245006614,True,0.0004020792694702,176.59797986829653
2,DS19,312,-871.0259402660687,2239.456047541409,True,0.00039963190235,177.13138362858444
2,DS19,313,-871.5085756662961,3272.5733029892685,True,0.0003971856538339,177.66593541717157
2,DS19,314,-868.0529089078898,4133.256933192311,True,0.0003947392507753,178.20109450211748
2,DS19,315,-874.603516548938,3840.5005973693696,True,0.0003922952750633,178.73502754000947
2,DS19,316,-870.430406286192,4274.359127627986,True,0.0003898621718542,179.27549077989534
2,DS19,317,-872.2124606999263,4353.413465181473,True,0.0003874047583847,179.92671821266413
2,DS19,318,-870.0819358232881,4938.4463505499225,True,0.0003844511144883,180.61452547973025
2,DS19,319,-870.2805830682036,7201.970830454646,True,0.000381340497254,181.14453780371696
2,DS19,320,-873.0318404481541,6548.716759644472,True,0.0003789498778397,181.67555529391396
2,DS19,321,-873.74581282556,3961.649994604244,True,0.0003765603702245,182.20557221164927
2,DS19,322,-870.6646963433839,4826.462413781259,True,0.000374181078656,182.73794236592948
2,DS19,323,-871.4563005379027,4225.17101791508,True,0.0003717970484911,183.273716671858
2,DS19,324,-871.7486642585109,4548.06836042119,True,0.0003694037483244,183.81043837592009
2,DS19,325,-870.2132467357746,6389.468730696235,True,0.0003670123059411,184.3743648249656
2,DS19,326,-875.8768942096993,3219.3986896987963,True,0.0003645063036196,185.03402417013424
2,DS19,327,-875.4276022003855,3944.859354730824,True,0.0003615836563412,185.70904779434204
2,DS19,328,-873.1822356813664,4608.2308189532805,True,0.0003586028822076,186.2445109654218
2,DS19,329,-875.0945405781315,3371.355690879804,True,0.0003562456395972,186.7737472951412
2,DS19,330,-871.8299497751465,3007.9221025370903,True,0.0003539222042975,187.3065881901421
2,DS19,331,-877.406795002674,4628.130786733916,True,0.0003515894447588,187.84159218985587
2,DS19,332,-864.8369205663626,4490.020844081938,True,0.0003492538554525,188.37560642510653
2,DS19,333,-871.8951763393592,6543.730358304306,True,0.0003469293001994,188.91248852713036
2,DS19,334,-871.4516709457624,8223.3294728089,True,0.0003445991007404,189.50276738405228
2,DS19,335,-872.8446951200922,8231.304231423526,True,0.0003420451548897,190.16136054508388
2,DS19,336,-874.8440531716949,5695.457758538942,True,0.0003392056594556,190.80738540925088
2,DS19,337,-867.826602007605,4075.719206543343,True,0.0003364307580729,191.3413267643191
2,DS19,338,-870.9559444578504,5094.352544491451,True,0.0003341451706244,191.8734815311618
2,DS19,339,-873.3497737417719,4767.446721894044,True,0.0003318744044425,192.4047831320204
2,DS19,340,-873.2589697806526,4559.857671212933,True,0.0003296144983901,192.936839801725
2,DS19,341,-871.2729949516118,4443.8700276768905,True,0.0003273586847706,193.4711287389509
2,DS19,342,-874.635112945452,2136.5852040888485,True,0.0003251008375309,194.0178937362507
2,DS19,343,-871.7092853684754,3531.049779050468,True,0.0003227980556354,194.6383390864357
2,DS19,344,-871.4989890792284,4266.821018201983,True,0.000320194600915,195.3837694101967
2,DS19,345,-876.9186190039118,6537.2992996410985,True,0.0003170804127695,195.91860101837665
2,DS19,346,-873.9154188160398,4527.140906094532,True,0.0003148553748371,196.45652951067316
2,DS19,347,-873.8063673469012,5738.073108086429,True,0.0003126254021386,197.0063306116499
2,DS19,348,-871.3031677755127,4126.341125576681,True,0.0003103545281915,197.5536812786013
2,DS19,349,-876.5495600607961,4669.262110791243,True,0.0003081022056839,198.08927046135068
2,DS19,350,-873.3908862187583,8342.67135524483,True,0.0003059064995022,198.63624336011708
2,DS19,351,-875.3018271313358,3771.0828693050976,True,0.0003036725919123,199.18302618619052
2,DS19,352,-873.5885848702485,6412.2899058894245,True,0.0003014480902663,199.84361052699387
2,DS19,353,-871.2996093079628,3345.652951170938,True,0.0002987722245296,200.5802613850683
2,DS19,354,-873.5929451295339,2560.6680923797085,True,0.000295803385717,201.11209399346265
2,DS19,355,-870.4223946177915,5485.160388822524,True,0.0002936700369656,201.64690164430067
2,DS19,356,-870.4171139084829,4399.919364815291,True,0.0002915333201811,202.1809283629991
2,DS19,357,-877.7297666154673,5556.302115149242,True,0.0002894083656204,202.71514781331643
2,DS19,358,-873.8096434446018,3831.114998760259,True,0.000287291355766,203.2534603271633
2,DS19,359,-873.4454035603557,2491.782502340067,True,0.0002851670112276,203.7967903232202
2,DS19,360,-874.6043745661059,2646.408305892812,True,0.0002830319837006,204.37574555398896
2,DS19,361,-869.2417614679925,5078.118453380213,True,0.0002807671291831,205.06172913126647
2,DS19,362,-873.0256598013179,7052.169279247482,True,0.000278097275633,205.7503278059885
2,DS19,363,-879.0269087599073,3173.364174249525,True,0.0002754323206354,206.29449485102668
2,DS19,364,-873.8652803978918,5216.453322332589,True,0.0002733371147992,206.83791197603568
2,DS19,365,-875.8097560891547,6229.9415243490885,True,0.0002712543747566,207.3801119956188
2,DS19,366,-873.4149426442045,3882.9845735364256,True,0.0002691859109153,207.91808012267572
2,DS19,367,-871.3780329018277,4741.556746081143,True,0.0002671431503485,208.4502396159805
2,DS19,368,-878.0780691483046,5464.657483098312,True,0.0002651318820065,208.98235966823995
2,DS19,369,-870.3429137592144,6984.692482477795,True,0.0002631302132454,209.5781417032704
2,DS19,370,-874.2516675260415,4312.311262019558,True,0.0002609003636982,210.23125255247575
2,DS19,371,-875.7306649487177,5672.048360787342,True,0.0002584697650131,210.86853812029585
2,DS19,372,-877.0122568524482,3504.949603163627,True,0.0002561121041658,211.40010834718123
2,DS19,373,-874.4220577878459,2500.6618955177187,True,0.000254156232978,211.93017735006288
2,DS19,374,-873.4852041655467,2654.583406522029,True,0.0002522156379163,212.4626198969781
2,DS19,375,-874.4018470576284,6268.647716088509,True,0.0002502762219306,212.99325400497764
2,DS19,376,-875.0825549468639,4798.5332187821305,True,0.0002483532974719,213.5246723499149
2,DS19,377,-876.6604294745391,4944.399500310475,True,0.0002464375041464,214.0560040730052
2,DS19,378,-873.8069652444417,2033.7980308525728,True,0.0002445320644278,214.66309564420956
2,DS19,379,-874.0111806356618,4919.9829371184605,True,0.0002423673087059,215.40795408608392
2,DS19,380,-869.8946817015617,4960.464731175724,True,0.0002397294634126,215.94769376609477
2,DS19,381,-872.9922811096126,3946.352041824898,True,0.0002378306188524,216.4801264037378
2,DS19,382,-878.8150588203118,4630.716003653164,True,0.0002359679198972,217.01255137100816
2,DS19,383,-880.9284783625828,3730.844492238033,True,0.0002341156774412,217.54626249475405
2,DS19,384,-870.1263403070716,4865.785659511036,True,0.0002322694898023,218.0765749369748
2,DS19,385,-871.1079872238847,5331.467827282053,True,0.0002304455609841,218.60607372689992
2,DS19,386,-872.77691925099,5722.469229250149,True,0.0002286349352949,219.1364342859015
2,DS19,387,-876.3932055826067,3902.531701857386,True,0.0002268319447323,219.75684879999608
2,DS19,388,-873.6398092547649,3578.280007972668,True,0.0002247363309003,220.47305337293076
2,DS19,389,-873.7615105669464,3425.197385917405,True,0.0002223354069276,221.00330548686907
2,DS19,390,-871.7721726031737,5091.698459543285,True,0.0002205705274331,221.53472157008943
2,DS19,391,-874.9988218406884,4479.428836468936,True,0.0002188126614561,222.0674402890727
2,DS19,392,-873.5004119701123,8399.942124300735,True,0.0002170614845764,222.5995900114067
2,DS19,393,-871.9645336116636,2716.3998913011924,True,0.0002153232300908,223.13271214952687
2,DS19,394,-876.6561397307786,5505.4829078200255,True,0.00021359293347,223.66479934146628
2,DS19,395,-884.3330678766424,3449.504557844183,True,0.0002118771652098,224.1964213903993
2,DS19,396,-871.8776933770736,6064.538472578095,True,0.0002101740975756,224.8255752758123
2,DS19,397,-869.6250087543858,6498.842414179146,True,0.0002081731262433,225.53448409866544
2,DS19,398,-869.0579645919905,5782.480900876501,True,0.0002059374997803,226.0611916668713
2,DS19,399,-880.5097683423278,4674.056766478305,True,0.000204289575964,226.5891468580812
2,DS19,400,-875.0817569643729,2220.6345127239047,True,0.0002026490250956,227.11701197875664
2,DS19,401,-872.3576251240107,6535.557429528583,True,0.0002010200944943,227.64388156682253
2,DS19,402,-872.3130640081106,2781.17496238295,True,0.0001994055963471,228.17162997508424
2,DS19,403,-874.6326913050355,4348.204030615571,True,0.0001977998359588,228.69879403617236
2,DS19,404,-871.8069347374048,4708.02184509125,True,0.0001962073270824,229.22488901717588
2,DS19,405,-875.8425195654845,4689.705765425946,True,0.0001946295317909,229.86146029410884
2,DS19,406,-875.6972245935533,2449.234787159102,True,0.000192735822613,230.5668485024944
2,DS19,407,-875.5857881269372,5312.0229215114,True,0.0001906572074341,231.0944581096992
2,DS19,408,-873.5418191482945,3105.721703847912,True,0.0001891161518554,231.6211851364933
2,DS19,409,-873.9637020653003,4406.990575915824,True,0.0001875894144006,232.14902921346948
2,DS19,410,-871.3929511017611,5824.187748152889,True,0.0001860712567571,232.6771835195832
2,DS19,411,-870.142574018224,9614.792904002492,True,0.0001845640969952,233.2061993442476
2,DS19,412,-871.1792051550905,2721.140278495463,True,0.0001830664509233,233.7349854782224
2,DS19,413,-870.2193925190118,6576.247202499784,True,0.0001815814782493,234.26284373924136
2,DS19,414,-876.9466053367685,4752.615843821747,True,0.0001801111486995,234.9060164000839
2,DS19,415,-875.4436654277599,7633.975335308955,True,0.0001783359396248,235.59887938015163
2,DS19,416,-872.5849511117591,3240.687079931009,True,0.000176443737696,236.1256923130713
2,DS19,417,-875.4539044250101,4418.30582342913,True,0.0001750190717083,236.65346124209464
2,DS19,418,-874.991474969886,3700.1161124668074,True,0.0001736040463059,237.1794686471112
2,DS19,419,-875.3899415230576,3654.4982967793744,True,0.0001722059654564,237.70572881167757
2,DS19,420,-872.6197198384609,9295.324272340338,True,0.0001708194682218,238.23408613353968
2,DS19,421,-872.3933828849966,5109.343206340868,True,0.0001694398228207,238.76125655928627
2,DS19,422,-876.0686710054226,4670.6875068968975,True,0.0001680756814259,239.2895711963065
2,DS19,423,-869.8364301024054,8317.514948809898,True,0.0001667210550272,239.93808306613937
2,DS19,424,-873.9798866231031,4516.244501202075,True,0.0001650753764883,240.62619818514213
2,DS19,425,-877.0626587889951,3867.581411404387,True,0.0001633499408681,241.153861339204
2,DS19,426,-872.2421686835771,2798.6938151968006,True,0.0001620413608204,241.68243098119277
2,DS19,427,-874.7835716646582,3596.958999533201,True,0.0001607432207648,242.2100928542204
2,DS19,428,-875.8881356956448,4997.498294668911,True,0.0001594600187111,242.73743972787636
2,DS19,429,-871.1922894645809,5711.03279547046,True,0.0001581903108075,243.26532848877832
2,DS19,430,-872.6114211289981,7219.801236981602,True,0.0001569320835752,243.79428085964173
2,DS19,431,-872.7381089350608,4924.614448369242,True,0.0001556841930769,244.3301507923752
2,DS19,432,-877.9100966524691,3452.21258302504,True,0.0001544331633848,244.9774903319776
2,DS19,433,-873.5454210369164,2345.7761374044726,True,0.0001529396515894,245.66221037879583
2,DS19,434,-873.697320023299,5172.538272086436,True,0.0001513811135446,246.1918101687916
2,DS19,435,-871.878893930581,3422.789596507736,True,0.0001501906679571,246.7197882500477
2,DS19,436,-874.2455256591883,6531.939520511932,True,0.000149016945227,247.24925066530704
2,DS19,437,-876.5121117248773,7535.071590995039,True,0.0001478530739243,247.7770626121201
2,DS19,438,-876.2079468041093,4860.606081314881,True,0.0001467059767986,248.3047543652356
2,DS19,439,-875.7112442136807,5355.461968545139,True,0.0001455722994448,248.83187898108736
2,DS19,440,-876.3806357449287,2595.9798784644986,True,0.0001444530132796,249.37372045591476
2,DS19,441,-875.031227076571,5917.591138685988,True,0.0001433162381414,250.02091219695285
2,DS19,442,-874.5182201713296,4187.8742726804985,True,0.0001419767758986,250.700148798991
2,DS19,443,-876.4544788747359,4943.832830391898,True,0.0001405925276096,251.22800874197856
2,DS19,444,-873.1913131067092,3194.005778363029,True,0.0001395320545177,251.75476994225755
2,DS19,445,-875.3120587388718,9751.038086225964,True,0.0001384871466114,252.28338788915423
2,DS19,446,-879.3740793445497,2637.491005108184,True,0.000137452004314,252.81174780381843
2,DS19,447,-874.0265678277614,2777.0467322246755,True,0.0001364308636508,253.33937275409696
2,DS19,448,-872.0521218030135,3160.188905039276,True,0.0001354246416619,253.86857302021235
2,DS19,449,-874.7894822570672,3493.6054926488687,True,0.0001344289977489,254.417907725554
2,DS19,450,-874.8598250499047,4182.663598050659,True,0.0001334098963298,255.06416721455756
2,DS19,451,-873.7989144589802,7164.715234465268,True,0.0001322298428707,255.7413200759329
2,DS19,452,-873.127526240807,3011.202412022466,True,0.0001310153112085,256.2713269270025
2,DS19,453,-872.4115326409403,4402.072384855063,True,0.0001300803985329,256.8028516457416
2,DS19,454,-875.6099413714351,6669.4060099261005,True,0.0001291566877673,257.3330097058788
2,DS19,455,-871.1102380969605,4352.4110849487615,True,0.0001282492281103,257.861648786813
2,DS19,456,-876.7075564670077,2488.471475185889,True,0.0001273581969036,258.3906155079603
2,DS19,457,-868.3785083868366,10525.609263227838,True,0.0001264804641372,258.91974594723433
2,DS19,458,-870.7197288393005,4135.74696832138,True,0.0001256163498993,259.47897099191323
2,DS19,459,-873.4073596736283,4346.591242239365,True,0.000124718220051,260.1235693655908
2,DS19,460,-871.8933508325365,3301.664319726666,True,0.0001237023124052,260.7776110069826
2,DS19,461,-871.8380047784188,4902.780861567391,True,0.0001226927327124,261.3050058162771
2,DS19,462,-874.0808310910785,5617.059477785652,True,0.0001218942396071,261.8332618996501
2,DS19,463,-869.1920213269566,5740.884456700811,True,0.0001211084275134,262.36076756566763
2,DS19,464,-878.5131061076602,3996.766363613901,True,0.0001203377239291,262.88751025125384
2,DS19,465,-871.693144497496,4607.298913774019,True,0.0001195821121091,263.4131575510837
2,DS19,466,-880.7884555309513,4929.173125043628,True,0.0001188420194714,263.9403031812981
2,DS19,467,-876.8290627154026,5107.614557939526,True,0.0001181138343041,264.50187418516725
2,DS19,468,-872.4150948758038,5754.859896166307,True,0.0001173535634249,265.1465110052377
2,DS19,469,-878.6972095917606,4608.195799077178,True,0.0001165005441723,265.8019060799852
2,DS19,470,-876.549601911579,4079.134934060585,True,0.000115654925959,266.328515432775
2,DS19,471,-870.2396586687239,2624.66650692982,True,0.0001149913080651,266.8552884743549
2,DS19,472,-873.869651567085,7327.367961741358,True,0.0001143416240453,267.384494994767
2,DS19,473,-869.9380052472466,4605.634216930228,True,0.0001137032005418,267.9117693719454
2,DS19,474,-871.0618134304494,3076.885963059518,True,0.0001130813451808,268.4381283465773
2,DS19,475,-874.2031859573858,3412.9433797045544,True,0.0001124747638624,268.9663750566542
2,DS19,476,-875.9805835467886,5473.287128998946,True,0.0001118802854199,269.53051931457594
2,DS19,477,-874.5487935353113,8440.94740373026,True,0.0001112612254554,270.16575022321194
2,DS19,478,-875.3948263083141,3719.484132434231,True,0.0001105837413457,270.81713901553303
2,DS19,479,-871.8411285729046,9814.88199872667,True,0.0001099105979617,271.3431370332837
2,DS19,480,-872.406489801996,4715.4440817123,True,0.0001093829973016,271.86918260063976
2,DS19,481,-872.8854796633502,6931.526416945646,True,0.0001088696334385,272.39383891876787
2,DS19,482,-879.1289731556103,4006.157047658376,True,0.000108371870494,272.91920178662986
2,DS19,483,-875.3542294603908,4321.453444248508,True,0.0001078877084,273.4442385835573
2,DS19,484,-875.6620026505971,6294.577384639979,True,0.0001074181299301,273.97010022960603
2,DS19,485,-870.8828936403293,4055.705205691792,True,0.0001069621413074,274.5378698827699
2,DS19,486,-869.3413405714324,3796.0968082299487,True,0.000106485928569,275.18807169469073
2,DS19,487,-872.1429412490463,8119.135898415129,True,0.0001059611524423,275.850549868308
2,DS19,488,-871.4395068316043,3130.1812129853406,True,0.0001054490885001,276.37745574116707
2,DS19,489,-873.8420118970839,5253.727557770607,True,0.0001050581343034,276.90441323118284
2,DS19,490,-870.6979909031251,4753.398852686514,True,0.0001046816165084,277.4308346621692
2,DS19,491,-874.3648014259095,5848.882314987874,True,0.0001043199472895,277.956593062263
2,DS19,492,-872.2296412595989,6874.912889791003,True,0.0001039731762044,278.48292000731453
2,DS19,493,-874.5571849913731,4687.018813756326,True,0.0001036404983141,279.0094337211922
2,DS19,494,-878.0089151961324,4309.187558125522,True,0.0001033221968833,279.5876961592585
2,DS19,495,-878.891976625051,2789.037185473726,True,0.0001029893276734,280.2379923495464
2,DS19,496,-872.1725467850454,3013.814628680384,True,0.0001026359142532,280.89646163070574
2,DS19,497,-874.5976302293482,6513.74259518735,True,0.0001023006432897,281.42407349077985
2,DS19,498,-878.6236466126732,5945.101359890417,True,0.0001020484118455,281.9505178597756
2,DS19,499,-871.5330369131905,6635.476635506342,True,0.0001018112996148,282.47640469064936
2,DS19,500,-878.142513922681,3422.309035442036,True,0.0001015889680452,283.0029524676502
2,DS19,501,-873.0911774105251,3572.76511231037,True,0.000101380913502,283.5295083015226
2,DS19,502,-874.3012890120611,3361.387192950384,True,0.0001011874284642,284.0568019291386
2,DS19,503,-882.4921713738978,3439.845870322149,True,0.0001010082820655,284.6454840772785
2,DS19,504,-879.3907420367932,5370.246543249955,True,0.0001008255584257,285.29626142047346
2,DS19,505,-876.7141986673413,4067.9300766131687,True,0.0001006447850011,285.9409610158764
2,DS19,506,-873.4688676208334,2848.5370873198144,True,0.0001004876846404,286.4682244537398
2,DS19,507,-872.334467037566,2996.08741842279,True,0.0001003754723572,286.9959198590368
2,DS19,508,-874.5733351659102,4772.725068692118,True,0.000100277830887,287.52295918995515
2,DS19,509,-877.5488521483231,4943.641832178396,True,0.0001001949553938,288.0507523287088
2,DS19,510,-873.2279896877976,2848.0549031662085,True,0.0001001266309571,288.5764834647998
2,DS19,511,-870.010657833534,3076.7324498196385,True,0.0001000731698233,289.10311996983364
2,DS19,512,-877.6509431055688,7616.951973924215,True,0.0001000342238168,289.7014103089459
2,DS19,513,-869.3043716675181,2491.4054651577862,False,0.0001000077192396,290.4330816688016
2,CTDD21,0,-891.7178909916797,102.86984464648329,True,0.001,1.7259602681733668
2,CTDD21,1,-883.6628544022416,92.88540520585492,True,0.0009999214747976,3.2801631409674883
2,CTDD21,2,-883.535872975297,83.0561822384949,True,0.000999716400557,5.286410194821656
2,CTDD21,3,-886.7435972593205,56.69251523006257,True,0.0009992635159833,6.949536001775414
2,CTDD21,4,-880.6299696614783,57.06915099056218,True,0.0009987274732114,8.506967409979552
2,CTDD21,5,-880.740163480857,61.43541852520168,True,0.0009980936494202,10.370130335912108
2,CTDD21,6,-882.3245248056891,45.90240755176599,True,0.000997168135263,11.98045692127198
2,CTDD21,7,-881.6935228207867,66.99192712225435,True,0.0009962216847419,13.7021678769961
2,CTDD21,8,-888.5544422939596,71.60312641025841,True,0.0009950598237325,15.679457088932397
2,CTDD21,9,-877.1576579151839,88.14519519832452,True,0.0009935348369991,17.343773317988962
2,CTDD21,10,-882.8013012626442,97.72368834115836,True,0.0009920937335401,19.037707393988967
2,CTDD21,11,-883.075265894705,52.53407694286105,True,0.0009904796682042,21.009458161890507
2,CTDD21,12,-887.1373133717482,76.54216237135961,True,0.0009884144297308,22.73020371189341
2,CTDD21,13,-879.554266772074,84.94552738480934,True,0.0009864488879951,24.595076675061136
2,CTDD21,14,-876.8249550517241,40.56361102793272,True,0.0009841477828251,26.38700651889667
2,CTDD21,15,-886.7197135935996,84.75644883909118,True,0.0009817700262355,28.109512748662382
2,CTDD21,16,-870.6394690571904,34.39810427520935,True,0.0009793312683632,30.015118681825697
2,CTDD21,17,-888.1329726976146,46.77015546975434,True,0.0009764594343477,31.803797234781086
2,CTDD21,18,-878.7306456193222,67.47214738861376,True,0.0009735987196954,33.57868192810565
2,CTDD21,19,-894.1583444523823,88.02863486347309,True,0.0009706031198688,35.60924069583416
2,CTDD21,20,-872.7994623451548,50.26859099164197,True,0.00096698568565,37.22433998575434
2,CTDD21,21,-886.3206576202444,47.4627033229886,True,0.0009639644804434,39.09535899758339
2,CTDD21,22,-882.3575312303315,63.36353296187287,True,0.0009603064462418,41.14923983858898
2,CTDD21,23,-881.6784602979451,53.81315766262625,True,0.0009560972052494,42.914087135810405
2,CTDD21,24,-881.7998695657514,38.08333192321525,True,0.0009523199122487,44.72713761823252
2,CTDD21,25,-881.2699958908412,52.226488397917024,True,0.0009482865861286,46.47383251134306
2,CTDD21,26,-883.8065172387289,76.47673090295415,True,0.0009442557908432,48.18915676744655
2,CTDD21,27,-883.9616274981156,37.05291415696802,True,0.0009401602323503,50.08374825306237
2,CTDD21,28,-883.5002872114759,42.18844671823157,True,0.0009354803973429,51.69439175818116
2,CTDD21,29,-883.8586757345121,73.38036951497892,True,0.0009313743810016,53.41034095408395
2,CTDD21,30,-880.1980292882221,36.51298579904081,True,0.0009268724151769,55.30279540549964
2,CTDD21,31,-887.4793890779171,81.91752011596341,True,0.0009217566787364,57.01729294052348
2,CTDD21,32,-884.9298715930225,78.71249907921897,True,0.0009169872718495,58.6820741626434
2,CTDD21,33,-880.4250755424666,56.9217404539094,True,0.0009122352115583,60.57039144169539
2,CTDD21,34,-884.3285821267697,56.879798186517085,True,0.0009067027937597,62.38996181963012
2,CTDD21,35,-880.1577901416078,81.39974547942056,True,0.0009012307920047,64.01210858579725
2,CTDD21,36,-882.2713985283641,85.86655322050812,True,0.0008962375712382,65.94090196676552
2,CTDD21,37,-881.6976987514277,68.85752334737833,True,0.000890161660775,67.65478888479993
2,CTDD21,38,-882.7101569840322,30.179123090209284,True,0.0008846382452223,69.46524033462629
2,CTDD21,39,-886.010168903246,42.35176722893336,True,0.0008786785901297,71.3669261247851
2,CTDD21,40,-883.781273931613,30.93991646273635,True,0.0008722827361899,73.13424100307748
2,CTDD21,41,-887.0033179780626,51.00207529774284,True,0.0008662163337706,75.14407135732472
2,CTDD21,42,-882.4510317356279,33.29158052821703,True,0.0008591769910488,76.80697968555614
2,CTDD21,43,-882.8245401162952,33.52672777509309,True,0.0008532419700736,78.57910650176927
2,CTDD21,44,-888.8055950738761,54.89955375095146,True,0.0008468090573601,80.6445077219978
2,CTDD21,45,-880.5638505973532,45.87531123797195,True,0.0008391739044814,82.30884404899552
2,CTDD21,46,-885.7843575887899,48.4145783707918,True,0.0008329160333353,84.10619069961831
2,CTDD21,47,-877.9573528812188,74.95443121273162,True,0.0008260549947001,86.07956448197365
2,CTDD21,48,-888.9488815160696,60.20951409393204,True,0.0008184017767825,87.79714280413464
2,CTDD21,49,-882.2987675709946,48.58274166458623,True,0.0008116407993346,89.57560504926369
2,CTDD21,50,-882.4160516191629,53.20670030411583,True,0.0008045448981277,91.46251341328023
2,CTDD21,51,-881.5307907979306,31.595165821925946,True,0.0007969132400972,93.07653888361529
2,CTDD21,52,-888.681320538432,61.139787605222,True,0.0007903034141866,95.1730211377144
2,CTDD21,53,-877.1350946363675,32.53241292773335,True,0.0007816086118137,96.83857970312238
2,CTDD21,54,-874.9638036770335,51.25760585531821,True,0.0007746157617068,98.45208645705134
2,CTDD21,55,-874.2296916143118,45.54012636231503,True,0.0007677718144023,100.34204597305506
2,CTDD21,56,-876.9271650697652,26.667481738505572,True,0.0007596709339031,101.95395159209149
2,CTDD21,57,-880.892645984493,25.615949484663208,True,0.0007526924074817,103.66699979500844
2,CTDD21,58,-885.0187337987193,40.45115028869573,True,0.0007452084185911,105.55569857638328
2,CTDD21,59,-880.4160867962961,55.775765390616726,True,0.0007368793601859,107.16622963408008
2,CTDD21,60,-881.5455999511167,44.553818843333104,True,0.000729715177413,108.77920259488748
2,CTDD21,61,-879.3297477854968,101.3080356015154,True,0.000722485396891,110.77228502416985
2,CTDD21,62,-883.5932876653029,35.45177524314309,True,0.0007134794851894,112.44680896308272
2,CTDD21,63,-880.9026001745633,25.057651199058323,True,0.0007058540210451,114.12011691881344
2,CTDD21,64,-883.6784327372343,46.63233762292902,True,0.0006981829498202,116.22718732757494
2,CTDD21,65,-882.8054361048022,54.44294149853563,True,0.0006884545167195,117.9833854176104
2,CTDD21,66,-876.7482491497087,73.84960765985211,True,0.0006802908346484,120.08904728852212
2,CTDD21,67,-886.4661022919928,26.31585601651467,True,0.0006704408671651,121.91623035166413
2,CTDD21,68,-882.4044405664472,35.759173583860814,True,0.0006618426996744,123.73666947660968
2,CTDD21,69,-879.066413907759,69.28203394109309,True,0.0006532327591847,125.759048669599
2,CTDD21,70,-878.7869475620538,57.39487691812709,True,0.0006436208730634,127.41710493760183
2,CTDD21,71,-876.6360863232793,57.2337099470274,True,0.0006357068541115,129.1109381923452
2,CTDD21,72,-880.1976601626731,46.66955562130158,True,0.0006275935836766,131.12954891333356
2,CTDD21,73,-876.6012128517013,40.75767225299278,True,0.0006178908317206,132.70521023636684
2,CTDD21,74,-873.5896775788082,47.864657192850885,True,0.0006102944233354,134.454049739521
2,CTDD21,75,-882.9255949734045,59.09998150400887,True,0.0006018426671417,136.38084781449288
2,CTDD21,76,-881.2760384169562,32.66733313984783,True,0.000592509487955,138.04769908450544
2,CTDD21,77,-876.2836101142522,37.4678026492981,True,0.0005844203965495,139.8681689784862
2,CTDD21,78,-876.9340495373942,36.02764028168887,True,0.0005755730986736,141.70296200038865
2,CTDD21,79,-882.8133590381267,60.68731408213636,True,0.0005666461543012,143.36651128623637
2,CTDD21,80,-878.8134338510055,32.982108684512895,True,0.0005585466043638,145.25484356936067
2,CTDD21,81,-885.4142098413909,52.71885584698366,True,0.0005493494081899,146.91824058117345
2,CTDD21,82,-879.27229501644,45.57149721853439,True,0.0005412478668103,148.58447820832953
2,CTDD21,83,-875.1921640802626,30.10865983515209,True,0.0005331353361214,150.47830815752968
2,CTDD21,84,-882.8583104306349,31.51245858615336,True,0.0005239215167623,152.19537429045886
2,CTDD21,85,-875.9695381358694,26.706030570489023,True,0.0005155770522173,153.85917398054153
2,CTDD21,86,-879.9623358548693,69.32960345800248,True,0.0005075027619751,155.75513175642118
2,CTDD21,87,-872.4668294133071,33.92736339662506,True,0.0004983187763216,157.31509816739708
2,CTDD21,88,-873.9256738448399,26.76137239514858,True,0.0004907784767154,158.98195223836228
2,CTDD21,89,-880.450796309326,51.77477521030251,True,0.0004827402349741,160.97388485539705
2,CTDD21,90,-886.1080757734779,31.883388362148683,True,0.0004731632707626,162.63925440609455
2,CTDD21,91,-878.3518279174655,36.276882331095855,True,0.0004651836088196,164.2313518379815
2,CTDD21,92,-871.114102735425,39.33630236508283,True,0.0004575807637792,165.9909645570442
2,CTDD21,93,-883.3722627379553,56.00968759182235,True,0.0004492099929171,167.70580014726147
2,CTDD21,94,-877.0818444831679,26.22703099458173,True,0.000441087386735,169.38043826445937
2,CTDD21,95,-876.1110283456053,38.96678007187285,True,0.0004331913747597,171.1581370416097
2,CTDD21,96,-884.1492604402129,41.527264068467495,True,0.0004248514775414,172.9280468095094
2,CTDD21,97,-875.8080514820845,48.8182226791162,True,0.0004165941478355,174.71802817843854
2,CTDD21,98,-880.2634379074685,25.94258803909741,True,0.0004082929837605,176.5422976897098
2,CTDD21,99,-877.1986933420978,57.657807334382895,True,0.0003998875573042,178.15582513669506
2,CTDD21,100,-882.194908285126,56.52207803137294,True,0.0003925018084184,180.20504214568064
2,CTDD21,101,-883.2570737561531,43.7630764897594,True,0.0003831912759321,182.00903775542972
2,CTDD21,102,-878.8535555628328,29.913306310833057,True,0.000375062667887,183.67582189571112
2,CTDD21,103,-883.1357844639272,27.42598024184233,True,0.0003676115323605,185.7987231449224
2,CTDD21,104,-880.5015577529916,74.43428538833444,True,0.0003582076585556,187.57663182076067
2,CTDD21,105,-874.3469829585497,29.396802505679343,True,0.0003504097179396,189.3715438125655
2,CTDD21,106,-876.9723304490599,30.41414119850229,True,0.0003426121867177,191.31177123449743
2,CTDD21,107,-880.4410707581383,56.07408901462501,True,0.0003342714981211,192.9535714294761
2,CTDD21,108,-877.6871996030138,30.54734432585456,True,0.0003272878653874,194.77583885518837
2,CTDD21,109,-882.6678859424258,92.0903621644156,True,0.0003196190360991,196.6712636393495
2,CTDD21,110,-877.4693094019354,21.075650885895847,True,0.000311737468936,198.43523611873388
2,CTDD21,111,-877.3086326194723,46.72201156906026,True,0.0003044925319833,200.4562788703479
2,CTDD21,112,-877.9976246914351,23.42781014444473,True,0.0002963019321484,202.0354857631028
2,CTDD21,113,-872.1477077586908,28.88220240132726,True,0.0002899862389097,203.6772281192243
2,CTDD21,114,-878.5578639008334,25.49065080938566,True,0.0002835010162928,205.71183038922027
2,CTDD21,115,-874.353539695407,43.41340072846042,True,0.0002755809088387,207.31356401043013
2,CTDD21,116,-883.0416286250378,62.59665991087104,True,0.0002694392686207,209.02801196742803
2,CTDD21,117,-883.7616850598453,43.30388910652435,True,0.0002629589259244,211.09791172062975
2,CTDD21,118,-884.8878999839142,35.59483931213963,True,0.0002552669447657,212.89116746140644
2,CTDD21,119,-876.4008640410677,25.73220676647388,True,0.0002487224700037,214.57063761353493
2,CTDD21,120,-875.877596803779,51.74852925211571,True,0.0002426961386516,216.35670711053533
2,CTDD21,121,-871.4704663250195,25.61251286485747,True,0.00023639877207,218.04905645549297
2,CTDD21,122,-885.1419467794766,34.29238780359255,True,0.0002305399481203,219.8052318203263
2,CTDD21,123,-875.7309043732885,37.00569315543412,True,0.0002245735198092,221.51363255130127
2,CTDD21,124,-871.2437646413159,29.265592801412485,True,0.0002188822131972,223.07263229740784
2,CTDD21,125,-884.8375163531159,28.253802890131794,True,0.0002137873691184,224.8972073583864
2,CTDD21,126,-879.861118750192,21.299507203933604,True,0.0002079463098456,226.701131391339
2,CTDD21,127,-877.2694678166633,76.42527109395907,True,0.0002023025043637,228.4721364094876
2,CTDD21,128,-872.2976769101019,46.00006969437123,True,0.0001968906280566,230.3379846671596
2,CTDD21,129,-878.737365909569,37.54626784834722,True,0.0001913293261183,232.11125076329336
2,CTDD21,130,-885.7578488173151,33.94179363970481,True,0.0001861795190593,233.8899092045613
2,CTDD21,131,-875.5369422256825,36.9636426815766,True,0.0001811486949001,235.8522211993113
2,CTDD21,132,-874.1887571327892,69.80051019731737,True,0.0001757571036994,237.63467507297173
2,CTDD21,133,-878.0013086152537,56.54052749002037,True,0.000171005950604,239.4492540070787
2,CTDD21,134,-881.5059094953698,35.79462044669992,True,0.0001663140845639,241.4394540656358
2,CTDD21,135,-883.0850235979622,43.20039515504267,True,0.0001613383799009,243.2257542363368
2,CTDD21,136,-877.1942278846838,26.53426276191694,True,0.0001570259646759,245.3446257119067
2,CTDD21,137,-867.7995905940744,40.974818251651726,True,0.0001521012722189,246.85583377210423
2,CTDD21,138,-877.6669901015164,31.101468586887624,True,0.0001487166294044,248.4870519251563
2,CTDD21,139,-871.5498369055216,42.15156639453312,True,0.0001451837212343,250.39364683488384
2,CTDD21,140,-873.341681402603,54.58467826665039,True,0.0001412144269656,252.08988315192985
2,CTDD21,141,-882.1500330882093,86.18394760014887,True,0.000137829360909,253.82119372766465
2,CTDD21,142,-876.1631485080891,25.16335725494893,True,0.0001345175824825,255.8153085377999
2,CTDD21,143,-881.4958054517513,59.05245814933603,True,0.0001308839694491,257.4857945498079
2,CTDD21,144,-871.918078022166,36.87825773322539,True,0.0001279902863215,259.10572938481346
2,CTDD21,145,-881.4892545072981,29.139474618437102,True,0.0001253159283511,261.0962758278474
2,CTDD21,146,-879.2514419576909,33.44819480013339,True,0.0001222085970408,262.71672030584887
2,CTDD21,147,-876.9345577655687,35.97765150722359,True,0.0001198255784612,264.3255320331082
2,CTDD21,148,-874.3403561706942,22.03137530990735,True,0.0001175905800976,266.2119820364751
2,CTDD21,149,-881.9630271448958,77.28574431192733,True,0.0001151369430813,267.9312262884341
2,CTDD21,150,-878.8683746140334,57.72585075609364,True,0.0001130586702818,269.7958735222928
2,CTDD21,151,-873.310658206603,61.8399045593924,True,0.0001109756964867,271.69241516664624
2,CTDD21,152,-873.6914958861362,26.04399496336294,True,0.0001090405447844,273.3073557605967
2,CTDD21,153,-878.38223741602,26.07246993159598,True,0.0001075391772635,275.1190392849967
2,CTDD21,154,-872.7646104669454,37.86565983660291,True,0.0001060158251872,277.01059575378895
2,CTDD21,155,-869.7260402820407,21.76402624287933,True,0.0001046075011247,278.5714065548964
2,CTDD21,156,-881.557787487147,34.86543887790254,True,0.000103585990427,280.6045013736002
2,CTDD21,157,-884.1480581996327,37.8927087539483,True,0.00010244649452,282.4366797716357
2,CTDD21,158,-877.6160043349714,25.11615945563938,True,0.0001016052555153,284.17181526497006
2,CTDD21,159,-882.6986493911338,87.61864466745526,True,0.0001009711494557,286.09340492403135
2,CTDD21,160,-874.5559538363586,39.666147439546776,True,0.0001004537367374,287.65021026320755
2,CTDD21,161,-874.9149711503544,39.78639172499719,True,0.0001001771392473,289.28769468702376
2,CTDD21,162,-882.5240151098831,31.08407310762887,False,0.0001000240341966,291.2927322462201
3,DS19,0,-892.7546614275519,513.4950506548798,True,0.001,0.6948921410366893
3,DS19,1,-883.8215755048591,249.96223107631252,True,0.0009999873962218,1.234308776911348
3,DS19,2,-886.9420817587798,232.604675096423,True,0.0009999602342465,1.7716164542362094
3,DS19,3,-886.2582157106749,347.7977403647343,True,0.000999918079195,2.3085945770144463
3,DS19,4,-885.2142684268542,316.0117081035925,True,0.0009998608955754,2.852196143940091
3,DS19,5,-885.147087934009,164.91479744061957,True,0.0009997876791716,3.397376623004675
3,DS19,6,-889.3087902331811,377.63082592403816,True,0.0009996987639762,3.9365253187716007
3,DS19,7,-887.8077953020179,339.1040031275696,True,0.0009995955833616,4.506166399922222
3,DS19,8,-890.0105031980859,306.74145411423325,True,0.0009994700960286,5.170204770285636
3,DS19,9,-889.7379117053335,519.7919987332957,True,0.0009993024565993,5.8415690013207495
3,DS19,10,-886.4143294930941,335.84892683306856,True,0.0009991096029188,6.381362567190081
3,DS19,11,-887.6059602968027,694.9702382684434,True,0.0009989375124646,6.929106547031552
3,DS19,12,-888.3336893844969,452.8242483557655,True,0.0009987473755934,7.47026725532487
3,DS19,13,-883.8077613981291,259.2222270541548,True,0.0009985441858035,8.009910145308822
3,DS19,14,-894.4072776994295,602.9507997595534,True,0.0009983263914613,8.556814156472683
3,DS19,15,-888.7454156705796,515.6512521881045,True,0.0009980902138067,9.10249086143449
3,DS19,16,-884.0221730130769,277.9919019120704,True,0.0009978390705437,9.714474557433276
3,DS19,17,-890.6052760624066,591.8569460594567,True,0.0009975390071015,10.50731737120077
3,DS19,18,-889.8959158680399,470.8420640849978,True,0.0009971213550354,11.05572692817077
3,DS19,19,-884.9414422176012,251.68220590034355,True,0.0009968133867946,11.597574645187706
3,DS19,20,-883.7598329306941,235.43474738080343,True,0.0009964937930145,12.13871181802824
3,DS19,21,-885.7511189646806,316.63323779434126,True,0.0009961594408528,12.67999629722908
3,DS19,22,-886.1737258437608,331.4682964819333,True,0.0009958098353312,13.2252900111489
3,DS19,23,-890.9959521527468,421.1723290518876,True,0.0009954423190598,13.780568471178412
3,DS19,24,-887.5835582412253,227.9839723310392,True,0.0009950522836232,14.336273674387485
3,DS19,25,-883.1959943985473,236.01602443687128,True,0.0009946460110447,15.015639898367226
3,DS19,26,-886.8278182087582,360.688777082807,True,0.0009941276918192,15.747278982307762
3,DS19,27,-885.5672946215926,393.6565490740625,True,0.0009935428978887,16.292186508420855
3,DS19,28,-887.4266216422521,389.8303568393469,True,0.0009930894594106,16.832491007633507
3,DS19,29,-888.1322338412865,663.7690511018778,True,0.0009926247817443,17.38131664460525
3,DS19,30,-888.0487134949194,665.3042450977362,True,0.0009921374294214,17.92811382561922
3,DS19,31,-881.7902477096452,263.9610248830853,True,0.0009916365145221,18.469719195738435
3,DS19,32,-887.7318479935044,216.0425499944744,True,0.0009911252552155,19.016721882857382
3,DS19,33,-885.0491775939422,265.1249111745775,True,0.0009905936648454,19.618414881639183
3,DS19,34,-885.6666255674506,467.3618157539012,True,0.0009899912625181,20.27833982137963
3,DS19,35,-882.8003427569577,312.19446639201533,True,0.0009893093124474,20.94427821645513
3,DS19,36,-895.0691462219705,453.8355029472458,True,0.000988598649659,21.481279511470348
3,DS19,37,-883.9418047577273,381.661353548493,True,0.000988009147745,22.01676047127694
3,DS19,38,-892.5051752998012,459.74224742252784,True,0.0009874067242375,22.560451868455857
3,DS19,39,-883.2967730038112,484.0799548203432,True,0.0009867801778103,23.09767944645137
3,DS19,40,-887.5249783528827,344.17848130175133,True,0.0009861463682672,23.63650277024135
3,DS19,41,-886.2369465836005,368.6599524158987,True,0.0009854960082943,24.17188429227099
3,DS19,42,-884.905568087979,549.1185701658511,True,0.0009848352750965,24.7795483013615
3,DS19,43,-886.593270137972,535.75211718392,True,0.0009840678178842,25.516709006391466
3,DS19,44,-887.9933322943905,701.4006875449714,True,0.000983111854621,26.053484834264964
3,DS19,45,-886.1317595318781,664.6930770250623,True,0.0009823985717222,26.584278363268822
3,DS19,46,-884.1690382566794,540.5998711690671,True,0.0009816790260184,27.116534875240177
3,DS19,47,-885.3901464543383,373.8819787393605,True,0.0009809433297191,27.659435053355992
3,DS19,48,-884.6573492016068,311.5528094159463,True,0.00098017833132,28.20002409629524
3,DS19,49,-888.0787051271584,310.0801143796882,True,0.0009794019746369,28.73989228857681
3,DS19,50,-887.6017392558117,507.0192070086581,True,0.0009786121249181,29.283760238438845
3,DS19,51,-883.6911657728776,560.5292992571198,True,0.0009778017701452,29.93023700453341
3,DS19,52,-881.4288407378921,423.835801262416,True,0.0009768194370187,30.64503543265164
3,DS19,53,-887.9658246763297,295.3553660565491,True,0.0009757092003979,31.186736108735204
3,DS19,54,-887.0093561313035,333.8414392913689,True,0.0009748510115341,31.722700249869376
3,DS19,55,-887.2953735299177,238.23628292011028,True,0.0009739876772136,32.25776425469667
3,DS19,56,-883.6567948474519,432.2818035141648,True,0.0009731116994761,32.8029476297088
3,DS19,57,-887.5096120654414,242.89234579706272,True,0.0009722047014763,33.34096035268158
3,DS19,58,-879.6529739545849,352.9338466949481,True,0.0009712953611044,33.88047532970086
3,DS19,59,-883.5296580106483,315.1236121044415,True,0.0009703692756413,34.438789925538
3,DS19,60,-880.5814484103281,420.7649318957498,True,0.0009693959756303,35.098674095235765
3,DS19,61,-883.4396512986639,249.29095497928847,True,0.0009682260586638,35.794809038285166
3,DS19,62,-884.6476011558111,367.2201542928181,True,0.0009669689740402,36.35568693326786
3,DS19,63,-882.989020249938,485.3082047145513,True,0.0009659390824233,36.903431558050215
3,DS19,64,-886.5310910641361,883.9746662199118,True,0.0009649186557372,37.51710200402886
3,DS19,65,-884.3058923435976,541.2305461205739,True,0.0009637582605612,38.06431073602289
3,DS19,66,-884.0048025457666,538.3078321599631,True,0.0009627082914374,38.6165706878528
3,DS19,67,-885.3879786910516,733.5593130841816,True,0.0009616340949925,39.17166991299018
3,DS19,68,-884.1859941991956,241.22622092033848,True,0.0009605396993931,39.82046940084547
3,DS19,69,-884.166640238332,199.9054189788988,True,0.0009592419737307,40.605771414004266
3,DS19,70,-886.5806769091377,307.0889660605249,True,0.0009576444892119,41.15010168636218
3,DS19,71,-882.3503015372404,587.0346549327977,True,0.00095652007648,41.69201988354325
3,DS19,72,-885.0271231842535,441.6331635619656,True,0.00095538676596,42.236324816942215
3,DS19,73,-881.6211724874101,783.3760118830481,True,0.0009542345618786,42.77538233157247
3,DS19,74,-880.5257802702874,287.3951144161593,True,0.0009530797726588,43.31123251374811
3,DS19,75,-884.5708082359624,412.3034437496797,True,0.0009519183875724,43.84622161090374
3,DS19,76,-882.8201620374675,539.1821779751192,True,0.0009507455132171,44.378749473020434
3,DS19,77,-882.0011153864807,358.5941138991285,True,0.0009495648204744,45.031871451064944
3,DS19,78,-880.7228041639871,613.3637585528335,True,0.0009480988098288,45.72916576312855
3,DS19,79,-879.7362008490129,413.4984374210406,True,0.0009465119074586,46.26085431035608
3,DS19,80,-884.1279483015696,319.0734173080795,True,0.0009452868574727,46.7936074170284
3,DS19,81,-881.8348890189841,326.1735441731175,True,0.0009440463525598,47.32695358619094
3,DS19,82,-883.4203280194284,370.71060126132375,True,0.0009427914707666,47.85927528003231
3,DS19,83,-879.4899522972438,716.690263515193,True,0.0009415260749217,48.39182722615078
3,DS19,84,-883.2929454359391,268.34200552575294,True,0.0009402472529556,48.925295361317694
3,DS19,85,-878.6940309735355,212.882995532052,True,0.0009389533583094,49.470612664241344
3,DS19,86,-882.7775042097387,463.3691839097696,True,0.0009376174525607,50.12684609834105
3,DS19,87,-880.3570080565979,327.87834935207354,True,0.0009359921032793,50.81489113718271
3,DS19,88,-881.9712828154837,267.4679060852648,True,0.0009342672569051,51.34671977115795
3,DS19,89,-884.2215627219762,552.2492583643882,True,0.0009329195611931,51.8804026232101
3,DS19,90,-881.6435734357808,351.6067573771283,True,0.0009315545368022,52.41118457494304
3,DS19,91,-880.716853008081,561.7244987973569,True,0.0009301844278216,52.94260542606935
3,DS19,92,-879.4003330947737,397.5969709933052,True,0.0009288002218079,53.473867274820805
3,DS19,93,-888.2166453922944,470.51173863470825,True,0.0009274040255193,54.00505989883095
3,DS19,94,-886.7814413371021,367.0982358509958,True,0.0009259956567135,54.56508913496509
3,DS19,95,-882.0010543931999,309.149018150696,True,0.0009244975054674,55.21429291414097
3,DS19,96,-881.9588464967808,219.20062934563092,True,0.0009227437515976,55.87667889101431
3,DS19,97,-880.8346452485492,712.6926869452832,True,0.0009209356046909,56.40788514912128
3,DS19,98,-880.1973965202731,290.20489450016896,True,0.0009194718991707,56.940145717933774
3,DS19,99,-883.2463398573019,392.9581969647003,True,0.0009179931579494,57.47216626489535
3,DS19,100,-882.8409887907316,773.507860895366,True,0.0009165029976621,58.00344493659213
3,DS19,101,-883.3572854899683,291.7528409844204,True,0.0009150029062254,58.53392559569329
3,DS19,102,-881.8585687337445,324.75436256163573,True,0.0009134931433253,59.064721850678325
3,DS19,103,-879.9483619832008,496.1883826367458,True,0.0009119706052316,59.63844777364284
3,DS19,104,-880.1419523407578,381.6810825688262,True,0.0009103116242816,60.28989093052223
3,DS19,105,-886.7700868976538,415.4429562287339,True,0.0009084112399956,60.94174352940172
3,DS19,106,-884.3371441104506,375.310163933027,True,0.0009064919998047,61.47316559124738
3,DS19,107,-875.4310177306666,879.1349066941029,True,0.0009049143346132,62.00431462330744
3,DS19,108,-882.7485635152505,779.45852445021,True,0.0009033258614156,62.5360370380804
3,DS19,109,-880.235065948706,252.92647740443675,True,0.000901724091142,63.0679377047345
3,DS19,110,-879.4460789317909,312.1948024579583,True,0.0009001102420748,63.59877956658602
3,DS19,111,-884.892065084786,407.4560620227758,True,0.0008984881490011,64.12926413770765
3,DS19,112,-878.1453062523549,211.32134549921227,True,0.0008968557671179,64.71778938407078
3,DS19,113,-880.8804151359914,331.57750400655385,True,0.0008950315379341,65.36711094016209
3,DS19,114,-880.3210676491217,204.016089089222,True,0.0008930027780179,66.00064499024302
3,DS19,115,-879.7514270574512,255.89349502749096,True,0.0008910071746909,66.53262046398595
3,DS19,116,-880.0089366106133,345.455260135773,True,0.0008893192085943,67.06419711420313
3,DS19,117,-883.346983842447,456.2366580934709,True,0.0008876213807182,67.59475637506694
3,DS19,118,-882.5913178741314,326.50524170416736,True,0.0008859157666372,68.12723319232464
3,DS19,119,-878.0199819301747,372.2080089711529,True,0.0008841929592343,68.65921299904585
3,DS19,120,-883.0514522739268,455.8497515779079,True,0.0008824607830983,69.19085178617388
3,DS19,121,-884.7165653988459,348.2142117093527,True,0.0008807188130548,69.79285140754655
3,DS19,122,-882.6452898367359,511.5079835222813,True,0.0008787332101065,70.51954639144242
3,DS19,123,-883.1808787136824,392.0293211781786,True,0.0008763179155555,71.06707654567435
3,DS19,124,-882.8390200993634,502.9789132480033,True,0.00087448489245,71.59933016169816
3,DS19,125,-879.987987331375,347.9348500401184,True,0.0008726921946823,72.13168971566483
3,DS19,126,-881.1321135576197,361.56145142444194,True,0.0008708885319568,72.66570553649217
3,DS19,127,-890.0437651535244,313.9987659776793,True,0.0008690686585817,73.19843145646155
3,DS19,128,-878.7287582955161,419.8283216657488,True,0.0008672426637796,73.73355492949486
3,DS19,129,-882.2436297740157,232.51391152425023,True,0.0008653979360959,74.26838330645114
3,DS19,130,-879.7968424254616,382.9004488391368,True,0.0008635437570072,74.89534177538007
3,DS19,131,-879.075276562749,254.3500361526037,True,0.0008613569326166,75.6354873594828
3,DS19,132,-882.44849882113,355.19011910878027,True,0.0008587570466573,76.17223619949073
3,DS19,133,-875.5766541656094,267.4862304596892,True,0.0008568593422014,76.70983000379056
3,DS19,134,-882.069012830284,659.9086222841087,True,0.00085494837042,77.24594958405942
3,DS19,135,-879.3526234456874,593.9180609902079,True,0.0008530324570272,77.78248192509636
3,DS19,136,-881.2400680599594,316.4183625078742,True,0.0008511049528299,78.31815282488242
3,DS19,137,-881.1669019540902,316.8296848672014,True,0.0008491705122734,78.85312318010256
3,DS19,138,-880.5813503296185,358.0424929336712,True,0.0008472286624364,79.3853783630766
3,DS19,139,-880.1194838738459,337.8160872427848,True,0.0008452868749766,80.03913798183203
3,DS19,140,-880.5660694823247,507.8312128189727,True,0.0008428885382261,80.75882637593895
3,DS19,141,-880.3836235235599,274.84567517342686,True,0.0008402315520317,81.29224806791171
3,DS19,142,-881.049995493506,443.08126274921926,True,0.0008382509740961,81.82574166823179
3,DS19,143,-876.2862459601674,247.7114982224595,True,0.0008362606125177,82.35892389249057
3,DS19,144,-879.1300356278866,379.6348886051428,True,0.0008342619693061,82.89310478745028
3,DS19,145,-881.4856327886873,570.4617738263416,True,0.0008322501816111,83.42647303827107
3,DS19,146,-885.2315527556232,718.0058044482282,True,0.0008302321325146,83.95960035920143
3,DS19,147,-877.0096554946746,399.6857158361246,True,0.0008282057530692,84.50637787440792
3,DS19,148,-877.1663803245312,500.33968748647794,True,0.000826117962466,85.16720062540844
3,DS19,149,-880.4627575504277,263.7197069129279,True,0.0008235819326506,85.85665681632236
3,DS19,150,-878.0390512771592,625.0001718922571,True,0.0008209212456019,86.39027685858309
3,DS19,151,-883.8009567747795,309.2610649566459,True,0.0008188516836231,86.92254209751263
3,DS19,152,-876.5898229905463,241.0560709035707,True,0.0008167785287847,87.4565950166434
3,DS19,153,-883.7368541795488,314.07520094350576,True,0.0008146895990345,87.99207097059116
3,DS19,154,-878.3148409845741,523.9437849519311,True,0.0008125863104662,88.52620222233236
3,DS19,155,-876.0319666036005,363.2672722624282,True,0.0008104796020858,89.05993878748268
3,DS19,156,-881.6463244095659,550.8490363378218,True,0.0008083658390284,89.64634670130908
3,DS19,157,-881.8320398042573,865.4877511691578,True,0.0008060336398705,90.32252952922136
3,DS19,158,-875.2430494460241,448.3326315999336,True,0.0008033317246013,90.9916736963205
3,DS19,159,-879.7388346864395,234.6688717505492,True,0.0008006447062777,91.52920436719432
3,DS19,160,-880.4102575106958,303.3794472521509,True,0.0007984767591819,92.06752474140376
3,DS19,161,-880.6905194370722,331.05654945620444,True,0.0007962972800727,92.60625273548068
3,DS19,162,-881.4656189442361,264.0989611524193,True,0.0007941078613512,93.14567680750042
3,DS19,163,-884.2501682417956,251.03695652030683,True,0.0007919073790915,93.6803186503239
3,DS19,164,-877.8646401982144,420.13500434114417,True,0.0007897183474047,94.21598539222032
3,DS19,165,-882.4658030272107,323.0953365447631,True,0.000787517147577,94.83552501630038
3,DS19,166,-882.9279584640185,330.0916996695979,True,0.0007849614361044,95.59016914013772
3,DS19,167,-877.1849888874355,386.398390360413,True,0.0007818342725794,96.13062122417614
3,DS19,168,-881.0926798767664,607.0310957576999,True,0.0007795852734458,96.66676318319514
3,DS19,169,-876.9468367434556,251.3049677960292,True,0.0007773465234365,97.2051501260139
3,DS19,170,-880.8249367158484,233.35407624651688,True,0.0007750907704469,97.74165872111917
3,DS19,171,-884.3007658206503,469.7957997157576,True,0.0007728353580334,98.2777345823124
3,DS19,172,-883.3891191628043,310.93159158013265,True,0.0007705743329209,98.81311164749786
3,DS19,173,-877.4272244713447,447.5211562675957,True,0.0007683089160231,99.34983437135816
3,DS19,174,-885.149091959336,319.9739612622247,True,0.0007660305187472,100.00187719147652
3,DS19,175,-880.2312416159875,339.4273912840526,True,0.0007632528802787,100.72110823448747
3,DS19,176,-878.162661676157,629.1918014075794,True,0.0007601768325667,101.25432789744808
3,DS19,177,-882.8567985478485,354.9113390403777,True,0.0007578881769595,101.78806816227734
3,DS19,178,-875.6757280490045,345.8637344144,True,0.0007555904199564,102.32160161761568
3,DS19,179,-876.4497207821737,286.91578253863406,True,0.0007532867628719,102.87233964167535
3,DS19,180,-876.9661915474034,272.59472872652407,True,0.0007509017806493,103.4059810396284
3,DS19,181,-883.8610639978784,336.5115587324423,True,0.0007485840916417,103.93975423462688
3,DS19,182,-878.9978656875937,959.1691074231104,True,0.0007462592674333,104.48147621238604
3,DS19,183,-878.1320038598776,466.1874730260837,True,0.0007438931906845,105.14250211929902
3,DS19,184,-879.2002171481599,250.3421278414632,True,0.0007409970972166,105.85329435952008
3,DS19,185,-874.7239989733021,454.6570698913079,True,0.000737872168717,106.4229238172993
3,DS19,186,-883.5235606700708,539.909191836253,True,0.0007353598917354,106.9577022572048
3,DS19,187,-876.6896910198851,329.79788441527967,True,0.0007329949689044,107.49216312495992
3,DS19,188,-876.6890166447357,372.857903089308,True,0.0007306253846943,108.02667308179662
3,DS19,189,-877.3975755649981,314.17345392927064,True,0.0007282495965974,108.56114009255543
3,DS19,190,-879.6040294933111,580.8597123214264,True,0.0007258680923157,109.09578680852428
3,DS19,191,-878.2041584637252,597.3048813376892,True,0.00072347995645,109.67204533424228
3,DS19,192,-876.7635308035383,187.4736779945852,True,0.0007208995114698,110.3261312074028
3,DS19,193,-882.8257949837919,410.32923554255785,True,0.0007179625892497,110.97915205918252
3,DS19,194,-880.6619912675352,381.0760940038424,True,0.0007150221332158,111.51302173919976
3,DS19,195,-879.2157020521003,478.5466849372496,True,0.0007126121254954,112.04496087506412
3,DS19,196,-882.3100273461184,1124.9059916486226,True,0.0007102054851185,112.57600022200496
3,DS19,197,-880.677697672978,306.7473726715146,True,0.000707797670141,113.10724189085886
3,DS19,198,-882.2533669650705,309.50167967018166,True,0.0007053837726232,113.64212705893442
3,DS19,199,-880.9146581442296,333.71149804710484,True,0.0007029481800703,114.17332576680928
3,DS19,200,-880.3636877837866,406.1461795408515,True,0.0007005243496121,114.7576864818111
3,DS19,201,-878.1885520191736,216.68344655598256,True,0.0006978522552994,115.4010384688154
3,DS19,202,-877.8729476311372,363.4296217849967,True,0.0006949036432058,116.03343121055514
3,DS19,203,-875.4398717067377,428.76189844780345,True,0.0006919984779187,116.56583163235337
3,DS19,204,-875.4276027082523,378.5886017341799,True,0.0006895475567145,117.09859865624458
3,DS19,205,-878.3580017025291,432.34383071692565,True,0.000687090354492,117.62930291425435
3,DS19,206,-880.1348814210663,473.2417193115296,True,0.0006846381780922,118.16061670193449
3,DS19,207,-878.558209296762,350.8587053055694,True,0.0006821787787065,118.6921483911574
3,DS19,208,-879.3536140801413,244.69517562189384,True,0.0006797140394165,119.22457574727014
3,DS19,209,-876.0962245352954,557.9236165013543,True,0.000677240884791,119.81993564823642
3,DS19,210,-874.8798645307993,341.3124135808196,True,0.0006744704532983,120.5090757976286
3,DS19,211,-874.7938765444051,314.60632973920883,True,0.0006712572439418,121.08240678394212
3,DS19,212,-878.6569302897506,443.3179366079057,True,0.0006685789121141,121.61314122378826
3,DS19,213,-872.6246542903874,290.3191064082797,True,0.0006660955387289,122.14524622168392
3,DS19,214,-879.0398727433387,729.8088512054836,True,0.0006636019440679,122.67805879982188
3,DS19,215,-878.0731798361826,461.37545743933873,True,0.0006611012947368,123.2099179266952
3,DS19,216,-876.589755662369,202.23991077136327,True,0.00065860147109,123.7439524536021
3,DS19,217,-876.7258569052393,553.6856640317785,True,0.0006560878371311,124.27620616229252
3,DS19,218,-878.9330352375507,512.5760617440342,True,0.0006535790928565,124.88238775450736
3,DS19,219,-883.4834538874163,244.96746615168811,True,0.0006507177527434,125.60138366231696
3,DS19,220,-877.0330427615908,707.2684974690388,True,0.0006473183423267,126.13642138335854
3,DS19,221,-875.9824947463719,454.1488091035362,True,0.0006447848869452,126.66948392940684
3,DS19,222,-872.9223900285126,937.0755278455316,True,0.0006422576538228,127.20402968674898
3,DS19,223,-880.8771340414099,1067.2132283384522,True,0.0006397203350281,127.7398034618236
3,DS19,224,-877.6482870797115,275.5828800649962,True,0.0006371742030049,128.27717980369923
3,DS19,225,-875.34685694838,342.5978305036612,True,0.0006346175393074,128.81252609891817
3,DS19,226,-879.4647401110308,505.92049946559206,True,0.0006320677151888,129.35107995197177
3,DS19,227,-875.4821212420151,1179.7133496275485,True,0.0006294998607396,129.98023983696476
3,DS19,228,-880.2777919877295,254.9424067624902,True,0.0006264966100767,130.69565215799958
3,DS19,229,-878.900648982171,511.4555293567471,True,0.0006230773789942,131.22938547702506
3,DS19,230,-877.8127891467932,767.8849052831351,True,0.0006205236246384,131.76382849831134
3,DS19,231,-878.9795584797444,339.5162967561656,True,0.0006179641393575,132.29794319719076
3,DS19,232,-876.7058848887309,304.2188290844433,True,0.0006154039765009,132.83018941385671
3,DS19,233,-874.0173895735569,607.2901010608464,True,0.0006128506165552,133.36438872478902
3,DS19,234,-876.9789317754493,898.2828604149191,True,0.0006102858102246,133.8998443535529
3,DS19,235,-880.2694338061,350.39152582880104,True,0.0006077129693122,134.4375046202913
3,DS19,236,-882.4702495148738,435.5484283905205,True,0.0006051276038843,134.97355193132535
3,DS19,237,-875.2039984102084,770.4776137818905,True,0.0006025481539445,135.50813951902092
3,DS19,238,-878.8453879967999,348.83357550530906,True,0.000599973983585,136.04205789836124
3,DS19,239,-877.0319260971492,372.1569664473902,True,0.0005974013819177,136.57481863629073
3,DS19,240,-879.3016053662868,354.7386261897833,True,0.0005948327956336,137.1068799556233
3,DS19,241,-887.1967942517745,532.1657427663578,True,0.0005922661081102,137.63887380762026
3,DS19,242,-872.8549947080166,229.9367800954757,True,0.0005896983582794,138.17030533542857
3,DS19,243,-877.9501079320793,438.5310287523112,True,0.0005871320212515,138.7502853544429
3,DS19,244,-875.1789097835895,527.1796646114603,True,0.0005843298532091,139.39616281725466
3,DS19,245,-875.8944564680476,348.5713624727072,True,0.0005812077305781,140.05642785551026
3,DS19,246,-877.7967455074872,366.3521126904615,True,0.000578014499581,140.58850548230112
3,DS19,247,-875.0741909007209,419.3702872936382,True,0.0005754401811546,141.11910643335432
3,DS19,248,-877.7276251268463,630.054015299413,True,0.0005728721751191,141.6511640753597
3,DS19,249,-881.2560287826273,413.56169355148586,True,0.0005702963689667,142.183640611358
3,DS19,250,-876.9218264605413,288.8765751673313,True,0.0005677178675623,142.71611069142818
3,DS19,251,-872.5899834758433,342.54243395264086,True,0.0005651388146615,143.24722301214933
3,DS19,252,-876.4421166715263,944.5475830498144,True,0.000562565842058,143.7804395481944
3,DS19,253,-878.5036174340848,291.8879385660501,True,0.0005599822620567,144.3130843359977
3,DS19,254,-879.6780145715757,264.6493404954932,True,0.000557401123585,144.92815334768966
3,DS19,255,-878.4399937246797,817.9752191323365,True,0.0005544202687313,145.6519775907509
3,DS19,256,-878.988013443698,651.3986421704988,True,0.0005509121066856,146.18474104767665
3,DS19,257,-871.1111139982233,705.5795942636069,True,0.0005483299123623,146.71918013272807
3,DS19,258,-876.0689389615098,315.7679612946395,True,0.0005457396519563,147.2525874278508
3,DS19,259,-876.9079803393604,443.49896110089264,True,0.0005431545330169,147.78525788988918
3,DS19,260,-877.5830495159872,371.8760297989266,True,0.0005405732105237,148.3176266681403
3,DS19,261,-876.5191518741079,384.5910654370777,True,0.0005379936599995,148.85015577217564
3,DS19,262,-878.0766968018831,398.2870672866236,True,0.0005354137275645,149.3829635027796
3,DS19,263,-880.8807107140319,372.1233094609146,True,0.0005328329255255,150.01138898869976
3,DS19,264,-878.5683835400254,420.4334383339816,True,0.0005297897055464,150.71948632085696
3,DS19,265,-877.5312247676757,222.8522774459229,True,0.0005263617823101,151.25208011595532
3,DS19,266,-879.040990478874,202.13705251787488,True,0.0005237843728055,151.78535416675732
3,DS19,267,-878.1754643298242,188.12263104605088,True,0.000521204535647,152.3178800875321
3,DS19,268,-881.4574011453403,267.13269534439723,True,0.0005186292656722,152.85049448767677
3,DS19,269,-872.4124564583868,685.4087901451508,True,0.0005160546001028,153.38477055123076
3,DS19,270,-874.0287443307408,365.90981407842406,True,0.0005134730244479,153.91898261616006
3,DS19,271,-885.6071510384052,279.5091388282419,True,0.0005108929673736,154.45133269624785
3,DS19,272,-877.2156289771251,380.6020487383286,True,0.000508323190866,155.09617424802855
3,DS19,273,-873.5544767188946,552.9042375238872,True,0.0005052122351235,155.797196701169
3,DS19,274,-878.3628170447705,368.1651874518249,True,0.0005018326977528,156.32913515390828
3,DS19,275,-875.9945493198662,604.4687996870916,True,0.0004992701142409,156.86139313085005
3,DS19,276,-882.3063655159447,272.0447797655684,True,0.000496707658174,157.3935836260207
3,DS19,277,-876.8928448565598,785.4526688251184,True,0.0004941472780814,157.9257085802965
3,DS19,278,-876.4791583588122,519.6311315296958,True,0.0004915890480781,158.45720914006233
3,DS19,279,-877.987039869779,414.8227134427999,True,0.0004890357351834,158.98986787488684
3,DS19,280,-876.1706442921848,249.41336798622748,True,0.0004864788629154,159.52223889855668
3,DS19,281,-879.4165776229515,374.350760662458,True,0.0004839254607546,160.05413561780006
3,DS19,282,-875.7147163660345,312.264107032096,True,0.0004813765030021,160.585954525508
3,DS19,283,-880.7948560694886,624.1882117662086,True,0.000478830169865,161.11764862341806
3,DS19,284,-877.4057116416436,447.4270459824749,True,0.0004762867685971,161.68130625225604
3,DS19,285,-879.3377645302199,314.5625939947891,True,0.0004735931088309,162.3320664372295
3,DS19,286,-880.3054680055636,380.2275335573656,True,0.0004704867040632,162.98949407832697
3,DS19,287,-875.5152255692636,376.85674699417575,True,0.0004673524392489,163.52188953617588
3,DS19,288,-884.5461542460894,584.0408543230949,True,0.0004648172906819,164.05469375522807
3,DS19,289,-879.7582353739772,246.9423062345119,True,0.0004622829998768,164.58756651822478
3,DS19,290,-874.7672893135737,546.6592734927559,True,0.0004597512723086,165.12101863138378
3,DS19,291,-878.0815987990725,302.7457392259202,True,0.0004572197699206,165.65458638453856
3,DS19,292,-878.1328928303003,495.3654408489943,True,0.0004546907826481,166.1879160045646
3,DS19,293,-875.9791811066468,356.15726590620955,True,0.0004521660696881,166.76976105151698
3,DS19,294,-876.253468278712,659.9654679163762,True,0.0004494153759808,167.41843929560855
3,DS19,295,-874.9326549276175,814.2523028202419,True,0.0004463533877489,168.0737046515569
3,DS19,296,-876.9651675870496,420.7777813117023,True,0.0004432654432651,168.6086654206738
3,DS19,297,-876.85814521952,510.4208226663859,True,0.000440748370309,169.14375974796712
3,DS19,298,-874.8037336665833,313.2393455100442,True,0.0004382342973774,169.67649760702625
3,DS19,299,-879.9653645492776,399.6999546099274,True,0.0004357349837939,170.21003793366253
3,DS19,300,-875.5231962209439,436.6328702924002,True,0.0004332356760698,170.7433564797975
3,DS19,301,-874.868534792959,367.4143682970592,True,0.0004307412607636,171.27842812007293
3,DS19,302,-871.4941722707184,743.3761146882246,True,0.0004282426005009,171.88171925395727
3,DS19,303,-879.0347571148842,251.4091437472964,True,0.0004254302254485,172.612626302056
3,DS19,304,-871.757789457803,512.9164611382342,True,0.0004220299978917,173.16378471208736
3,DS19,305,-880.9670281449913,783.8314567794869,True,0.0004194712064206,173.70038280636072
3,DS19,306,-873.9016743751879,650.0944070511315,True,0.0004169844306484,174.2520380592905
3,DS19,307,-875.7882552189062,617.5705376076752,True,0.0004144325076054,174.8147022034973
3,DS19,308,-870.597974247111,335.8841918794905,True,0.0004118345889765,175.34885980049148
3,DS19,309,-880.1546218750942,376.4949198506085,True,0.0004093729838185,175.883026055526
3,DS19,310,-872.8694206111368,498.18454064158186,True,0.0004069159935761,176.4190951893106
3,DS19,311,-876.7945199308504,229.4777635142316,True,0.0004044550123285,176.95200039353222
3,DS19,312,-877.2230552259775,189.177244513072,True,0.0004020133650146,177.48482459178194
3,DS19,313,-875.1109811085125,318.3973856934488,True,0.0003995769630955,178.01795194856822
3,DS19,314,-872.9504005130688,382.5799955103453,True,0.0003971441333119,178.55698642646894
3,DS19,315,-875.6656233074835,691.1902429979737,True,0.0003946894718045,179.20842594327405
3,DS19,316,-879.7178586292667,295.10074902270475,True,0.0003917299329098,179.8963808612898
3,DS19,317,-876.820483754353,281.73368872847044,True,0.0003886129637781,180.42848083237183
3,DS19,318,-879.897899853625,202.14433699858915,True,0.000386208206617,180.95917108049616
3,DS19,319,-874.7645715058281,348.42294225412184,True,0.0003838151788469,181.5103852637112
3,DS19,320,-878.1800500477618,598.8811216602402,True,0.000381335352599,182.0424137916416
3,DS19,321,-880.2052745607764,342.43920450263715,True,0.0003789474768283,182.5737357698381
3,DS19,322,-875.7754079131884,1023.4621692358648,True,0.00037656837774,183.10687191784385
3,DS19,323,-877.0352598403085,1074.407157824847,True,0.0003741868642956,183.6390035948716
3,DS19,324,-873.0936563703815,371.8116013480973,True,0.0003718156185042,184.1696410598233
3,DS19,325,-876.9315436505136,374.04130646650856,True,0.0003694568595906,184.73200573865324
3,DS19,326,-876.7746674266,669.6107363549602,True,0.0003669635072409,185.3640355663374
3,DS19,327,-876.2142674363179,325.19485961089777,True,0.0003641693000199,186.0137028102763
3,DS19,328,-872.2172020058583,522.2622470299804,True,0.0003613060942124,186.5645106965676
3,DS19,329,-875.4544426700427,866.9690092937623,True,0.0003588858117465,187.1320920032449
3,DS19,330,-879.420068684529,434.483455081816,True,0.0003563988634669,187.66500132344663
3,DS19,331,-876.274617729448,284.3035400929557,True,0.0003540704200188,188.199707464315
3,DS19,332,-876.9657473685237,269.98127270882406,True,0.000351740613403,188.7344143483788
3,DS19,333,-876.2448304148019,516.782237937095,True,0.0003494173793591,189.26626157667488
3,DS19,334,-874.7672865708955,219.9738457228217,True,0.0003471131696194,189.8610592726618
3,DS19,335,-876.2857681378109,356.5362846569095,True,0.0003445441188192,190.5063844146207
3,DS19,336,-870.7476341256099,673.0650762521964,True,0.0003417663702816,191.14374648034573
3,DS19,337,-879.0504710686348,645.4364837976369,True,0.0003390327720238,191.68269224930555
3,DS19,338,-877.1277587366136,520.9730846107882,True,0.0003367290264786,192.22303712647408
3,DS19,339,-876.7429145900342,591.1874195397116,True,0.0003344265147766,192.7615172988735
3,DS19,340,-876.6235873222818,416.95913841347,True,0.000332139212753,193.2992444387637
3,DS19,341,-875.2293725348701,400.4503858193393,True,0.0003298624222761,193.8343793177046
3,DS19,342,-871.8209628216468,306.7281437281598,True,0.0003276039384405,194.3728454979137
3,DS19,343,-874.8486700936826,428.5339962394759,True,0.000325338852653,194.98209265293556
3,DS19,344,-873.2917551856071,959.2797603320276,True,0.0003227851389599,195.6980745331384
3,DS19,345,-878.2704989223698,418.0576200716091,True,0.0003197965503435,196.232680127956
3,DS19,346,-877.8814945144806,393.7475483268738,True,0.0003175739640631,196.76913500623775
3,DS19,347,-870.037175503447,761.3416341641217,True,0.0003153514357538,197.30659218411893
3,DS19,348,-878.6897560036166,365.1273479646252,True,0.0003131326106689,197.84427205240357
3,DS19,349,-873.8844730632384,263.7370861152598,True,0.0003109208085599,198.38172091776505
3,DS19,350,-873.1718176889792,389.1828472777314,True,0.0003087179696674,198.91710965055967
3,DS19,351,-875.469435805662,440.4591686754706,True,0.0003065316131735,199.4490343006328
3,DS19,352,-877.8825995876412,437.14770447786935,True,0.0003043674202305,199.9817082043737
3,DS19,353,-873.3090357102753,387.5842025021652,True,0.0003022082584581,200.51350184716284
3,DS19,354,-873.7189814216142,234.80002282814735,True,0.0003000608008391,201.1438129520975
3,DS19,355,-873.9644026787934,465.0699978527652,True,0.0002975261405801,201.83724791230637
3,DS19,356,-876.5390927288042,561.2609826473541,True,0.0002947510883492,202.3705176236108
3,DS19,357,-870.5681801771198,281.2861192040784,True,0.0002926266772672,202.90086457086727
3,DS19,358,-879.0262244868779,299.9955054098477,True,0.0002905223305953,203.4309498323128
3,DS19,359,-875.0649302461121,290.7688603104877,True,0.0002884274824914,203.96225367719308
3,DS19,360,-875.8230975729423,292.78410791084445,True,0.0002863363745765,204.4935488058254
3,DS19,361,-874.2105795312825,327.9585658905589,True,0.0002842539349206,205.025948680006
3,DS19,362,-875.0211494917876,380.3356212288988,True,0.0002821758944377,205.55602889880535
3,DS19,363,-874.201914623199,343.45314212297166,True,0.000280115656996,206.08680280204865
3,DS19,364,-872.5823273420955,350.95608680165225,True,0.0002780615379637,206.61851530428976
3,DS19,365,-875.196235670175,521.4671772840568,True,0.0002760126975243,207.1502140839584
3,DS19,366,-871.6425220789959,278.1109153352751,True,0.0002739728956556,207.6832676799968
3,DS19,367,-875.4909873383624,644.3095466267864,True,0.000271936983349,208.2158495276235
3,DS19,368,-872.5238296720438,389.7209002050405,True,0.0002699120264022,208.78214774560183
3,DS19,369,-880.3200190194098,315.0215629236978,True,0.0002677689860781,209.4197568865493
3,DS19,370,-875.6026389051947,483.19811500239206,True,0.0002653686543447,210.06266243150455
3,DS19,371,-878.1307540663231,220.2769270027528,True,0.0002629619757075,210.595025153365
3,DS19,372,-875.7882951516024,530.694185969647,True,0.0002609795194461,211.1275421255268
3,DS19,373,-875.885776984516,699.2103181067662,True,0.0002590059951986,211.6591939595528
3,DS19,374,-878.9401863403237,256.82897406672106,True,0.0002570452265463,212.19172002281996
3,DS19,375,-870.956624008021,358.61756515867063,True,0.0002550908633493,212.7221924779005
3,DS19,376,-872.528437237482,396.349605638332,True,0.0002531536825781,213.25257498864084
3,DS19,377,-873.3324038186745,353.70165752504124,True,0.000251226518196,213.78281043469903
3,DS19,378,-872.3098627616532,475.14960352408144,True,0.0002493096341204,214.31206872314212
3,DS19,379,-873.7326840178471,224.763216000538,True,0.000247406062607,214.8431176203303
3,DS19,380,-877.897212235345,388.95170180857394,True,0.0002455059337371,215.37444323208183
3,DS19,381,-876.9669489817287,330.4774400073914,True,0.0002436147842316,215.90486646303907
3,DS19,382,-875.2965635206277,320.5031111855131,True,0.0002417368549796,216.43471454503012
3,DS19,383,-875.944943007687,165.52206178622524,True,0.0002398710068522,217.0417454009876
3,DS19,384,-875.6465473301713,261.2292329175769,True,0.000237745779213,217.7540532508865
3,DS19,385,-878.6833846176753,352.4339057797342,True,0.0002352690023413,218.2842604639009
3,DS19,386,-873.8268867275546,391.9043629222799,True,0.0002334374289702,218.8155906368047
3,DS19,387,-878.6027360779397,360.3026102614527,True,0.000231612332949,219.34665024792776
3,DS19,388,-871.0954214136576,913.96191148433,True,0.0002297985855649,219.87844541715455
3,DS19,389,-878.0085491384325,534.1540481091336,True,0.0002279928237702,220.40957358991727
3,DS19,390,-879.6157507480029,523.3813002943787,True,0.0002261998711833,220.944162895903
3,DS19,391,-874.1136472646544,546.2181696947134,True,0.000224405935069,221.47686648974195
3,DS19,392,-875.0843747665008,466.7916589028568,True,0.0002226290642432,222.0103368028067
3,DS19,393,-875.1029615145953,418.4332110640222,True,0.0002208604362211,222.54523838544264
3,DS19,394,-876.5093567787694,375.4588947357613,True,0.0002190979732752,223.07629181211811
3,DS19,395,-872.6691174870641,424.8441500726528,True,0.0002173590546197,223.60772278811783
3,DS19,396,-877.3447656463998,479.9089687172929,True,0.0002156297940057,224.1378568871878
3,DS19,397,-875.4240913376477,558.3281140127455,True,0.0002139156681055,224.6701173731126
3,DS19,398,-880.2157016039168,485.8899970846136,True,0.0002122056901851,225.20160917844623
3,DS19,399,-880.479892588773,265.51175051679786,True,0.000210509259305,225.75823396304625
3,DS19,400,-877.3533996414694,355.5427911723531,True,0.0002087445358881,226.394902122207
3,DS19,401,-872.5962469736389,463.4470185922048,True,0.0002067410847701,227.04547422891483
3,DS19,402,-875.9650122032556,645.0727410167423,True,0.0002047105554175,227.5759553345852
3,DS19,403,-874.834061567768,483.8213121065313,True,0.0002030673909353,228.106406419538
3,DS19,404,-872.6457956510433,329.9101938295317,True,0.0002014356442891,228.63595115346837
3,DS19,405,-873.3723076833726,350.8503461712605,True,0.0001998180343301,229.1670103291981
3,DS19,406,-875.6456233359057,320.8541307723185,True,0.000198207238707,229.69674410438165
3,DS19,407,-871.0079732770694,926.142224172133,True,0.0001966119296757,230.2271948312409
3,DS19,408,-876.0906887722505,343.181040553122,True,0.0001950259889811,230.7587463716045
3,DS19,409,-874.1782848497164,579.2183941223932,True,0.0001934483802036,231.2897257218137
3,DS19,410,-872.7394194789402,270.8341440137741,True,0.0001918841376148,231.8206250434741
3,DS19,411,-875.7297641162147,575.1309192118744,True,0.0001903318410001,232.3508425047621
3,DS19,412,-874.3784189805303,590.3291648193829,True,0.0001887932754982,232.88197588874027
3,DS19,413,-874.5757187312279,436.4373971669928,True,0.0001872638628539,233.4125567208976
3,DS19,414,-877.0174003729737,519.523854295694,True,0.0001857478936252,233.94238817784932
3,DS19,415,-875.9708199054099,214.122148796802,True,0.0001842459359747,234.47328713908792
3,DS19,416,-876.2711742153842,375.8918968051946,True,0.0001827528992538,235.0034797959961
3,DS19,417,-871.3449624466363,471.020910457348,True,0.0001812738327668,235.5334579963237
3,DS19,418,-877.7228918802147,659.8531699691015,True,0.0001798073814288,236.06491673737764
3,DS19,419,-877.5309588528507,367.8584513444416,True,0.0001783489463091,236.5946580134332
3,DS19,420,-876.256589531654,361.25841517763007,True,0.0001769073427768,237.12525088060647
3,DS19,421,-875.019416917399,319.481658055407,True,0.0001754755969778,237.655115169473
3,DS19,422,-876.2228884982026,403.4949867766471,True,0.0001740580236738,238.18580307252705
3,DS19,423,-879.0589941948717,413.65098878007615,True,0.0001726505198119,238.7167184157297
3,DS19,424,-878.10592872379,652.1049860499743,True,0.0001712547490519,239.24711264576763
3,DS19,425,-875.2594987319451,349.6534096733823,True,0.0001698727146512,239.77767192572355
3,DS19,426,-872.8445287904167,255.00098902104955,True,0.0001685026613838,240.30837072059512
3,DS19,427,-872.1726474865873,647.824105302627,True,0.0001671447106329,240.83901351690287
3,DS19,428,-876.1707989892,652.0424612836426,True,0.0001657994099747,241.36975290393457
3,DS19,429,-876.8987243113625,480.1282200162185,True,0.0001644664179568,241.90151838725436
3,DS19,430,-877.8054206696215,272.56953258780527,True,0.0001631434836252,242.4322296562605
3,DS19,431,-874.6478229724733,689.6914511211116,True,0.0001618358246188,242.96380105940625
3,DS19,432,-877.2250500491298,348.2798788924412,True,0.0001605387599715,243.49549122154716
3,DS19,433,-874.1451855368632,347.202160421085,True,0.0001592541763238,244.0270617767237
3,DS19,434,-881.2903327242168,285.97076789144614,True,0.0001579826916532,244.55815251450983
3,DS19,435,-875.0755465987824,355.7065909136965,True,0.0001567251875142,245.09138739481568
3,DS19,436,-871.8925690022085,868.094953231107,True,0.000155475552815,245.6227725907229
3,DS19,437,-877.7988752036773,418.7412416692007,True,0.0001542431987012,246.1530307158828
3,DS19,438,-876.6267426406004,611.598794487887,True,0.0001530263809508,246.68349947873503
3,DS19,439,-879.8711766822609,508.9184813719795,True,0.0001518220360918,247.2152956589125
3,DS19,440,-873.6437682537887,628.3417649623561,True,0.0001506277245427,247.74737899564207
3,DS19,441,-874.3190161787586,440.834746568246,True,0.00014944588117,248.27878937264904
3,DS19,442,-877.9055785713924,472.27007553005495,True,0.0001482786630087,248.81181163247675
3,DS19,443,-871.6922105299269,354.18211739773176,True,0.0001471211248028,249.3456749543548
3,DS19,444,-875.2090570080716,355.83351614791985,True,0.0001459750700821,249.91979060135785
3,DS19,445,-873.9932669585578,202.63815529574177,True,0.0001447575130754,250.56000185059384
3,DS19,446,-879.112105455069,339.9018689187422,True,0.0001434180595247,251.1874093762599
3,DS19,447,-877.9533996844016,519.7523091753212,True,0.000142124149588,251.7175952852704
3,DS19,448,-873.6340897562006,293.1876952644225,True,0.0001410452585634,252.2480140374973
3,DS19,449,-872.5758636988953,391.1506161171837,True,0.0001399792382129,252.77907537668943
3,DS19,450,-875.126878482221,250.73856235918996,True,0.0001389253329623,253.3103956934065
3,DS19,451,-876.3762525900518,490.2647125245337,True,0.0001378843727443,253.84130606148392
3,DS19,452,-869.9377586919408,288.7002977899338,True,0.0001368576964171,254.37260501924905
3,DS19,453,-873.7968870683471,320.0728145344788,True,0.0001358437925752,254.9048396344297
3,DS19,454,-877.4097732189289,477.2981345675667,True,0.000134841701121,255.43556743720544
3,DS19,455,-875.0676537121461,216.58951270296657,True,0.0001338560316036,256.0393982944079
3,DS19,456,-875.1657674898297,550.005180910201,True,0.0001327511329872,256.7523071295582
3,DS19,457,-873.11300606242,631.8484393416701,True,0.0001314693641294,257.2833033488132
3,DS19,458,-870.8217326296876,197.5785202234429,True,0.0001305306941543,257.8147361017764
3,DS19,459,-878.4073456876632,261.43479419980457,True,0.0001296049898453,258.3460656409152
3,DS19,460,-878.3019347049334,439.2903938961613,True,0.0001286932346249,258.8765741912648
3,DS19,461,-876.2755816604194,300.53517743295856,True,0.0001277966540581,259.4089448186569
3,DS19,462,-873.671542911035,437.25876471948754,True,0.0001269107836916,259.939520041924
3,DS19,463,-874.4304961005994,488.5788405681346,True,0.0001260417411272,260.46908732131124
3,DS19,464,-879.0790876131675,332.39951885373733,True,0.0001251881553198,260.9991861274466
3,DS19,465,-874.4090284795574,260.0011279902712,True,0.0001243475540737,261.5290341335349
3,DS19,466,-871.234204746504,901.852983066692,True,0.0001235212163238,262.0596450092271
3,DS19,467,-873.1065532513488,1233.824804549245,True,0.0001227076082721,262.5913671962917
3,DS19,468,-877.9232123509076,283.9898301536302,True,0.0001219062961178,263.95209344057366
3,DS19,469,-875.1516368207558,265.5271520361682,True,0.0001199196674305,265.2580576916225
3,DS19,470,-872.9540729624305,449.9204366445584,True,0.0001180998610538,266.49896894348785
3,DS19,471,-872.920512961942,354.05818774589824,True,0.0001164498714981,267.8231876986101
3,DS19,472,-874.7959914069047,543.4796233002295,True,0.0001147745379148,269.3067774209194
3,DS19,473,-873.0144091156108,348.35238462359234,True,0.0001130027502692,270.5490697473288
3,DS19,474,-876.4181956613763,875.2790727849101,True,0.0001116049490366,271.71807298529893
3,DS19,475,-873.909585128386,573.3283587472997,True,0.000110361283998,273.0164752015844
3,DS19,476,-879.0542936790157,410.5240969863539,True,0.000109061658684,274.26887157326564
3,DS19,477,-872.3260567210314,369.47590188644045,True,0.0001078897840171,275.4779019611888
3,DS19,478,-874.4223490580952,362.6942493937823,True,0.0001068347988258,276.48480448592454
3,DS19,479,-873.3094001721109,321.4697078253538,True,0.0001060135341009,277.5312097831629
3,DS19,480,-874.2550945803989,507.61980715142704,True,0.0001052153826313,278.9279023753479
3,DS19,481,-875.7308202128797,616.0861190642418,True,0.000104238096519,280.22614401811734
3,DS19,482,-873.4423168364053,374.10305383972593,True,0.000103420153107,281.4366078181192
3,DS19,483,-866.595648315837,306.9301742457028,True,0.0001027361693056,282.5421234802343
3,DS19,484,-879.2162883713905,519.7114843358712,True,0.0001021779068395,283.87374802911654
3,DS19,485,-874.2955931408233,431.0565042758192,True,0.0001015897687618,284.78953252127394
3,DS19,486,-877.8389838570607,321.5787174032678,True,0.000101238818265,285.8180011343211
3,DS19,487,-876.9172319403472,237.86889317103743,True,0.00010089673487,286.7279787021689
3,DS19,488,-876.7877312042801,438.1515868447679,True,0.0001006400116994,287.6872460381128
3,DS19,489,-877.8529897746209,309.5569602461623,True,0.0001004161193796,288.9147659689188
3,DS19,490,-875.9501526150551,766.6748683137245,True,0.0001001996196721,289.74880754295737
3,DS19,491,-876.3412684998383,360.7704860615156,True,0.0001000973759905,290.48073412291706
3,DS19,492,-877.5411239473958,343.3847228604428,True,0.0001000375605502,291.1578307468444
3,DS19,493,-877.6489277957864,486.2560656826524,False,0.0001000071258777,291.73372069373727
3,CTDD21,0,-871.5337903238114,59.41539953943385,True,0.001,2.440964948851615
3,CTDD21,1,-872.3868665403544,47.19204246993098,True,0.0009998444872331,4.68500573001802
3,CTDD21,2,-863.7332268677036,38.885687906528574,True,0.0009994272091446,6.876144100911915
3,CTDD21,3,-869.6139422444926,64.14075887342537,True,0.0009987664424961,9.066727151162922
3,CTDD21,4,-875.4718504767701,59.9909127730732,True,0.00099785600431,11.328351982403548
3,CTDD21,5,-872.6619128502975,70.13359055481368,True,0.0009966544880392,13.712007631082088
3,CTDD21,6,-872.9694814049105,41.01470663208597,True,0.0009951013034411,15.904504031408578
3,CTDD21,7,-871.4388197824876,58.79682056449222,True,0.0009934136323595,18.367052633315325
3,CTDD21,8,-870.1112834841238,43.44795676969,True,0.0009912233229762,20.61910059442744
3,CTDD21,9,-866.0867048164564,37.997816220594416,True,0.0009889484874634,23.077773494645957
3,CTDD21,10,-871.1213322205375,48.08402637887079,True,0.0009861701135269,25.281460641883317
3,CTDD21,11,-871.2011726119018,54.95196217212008,True,0.0009834198980953,27.633585941512138
3,CTDD21,12,-872.2268155668328,24.588277602675863,True,0.0009802150888951,29.773409781511877
3,CTDD21,13,-871.587019704846,25.00374391250129,True,0.0009770596417456,31.966123543679718
3,CTDD21,14,-869.0945077239892,44.52770472259087,True,0.0009735909019687,34.21221343288198
3,CTDD21,15,-867.4790796635075,45.37711063810914,True,0.0009697927929173,36.404833474196494
3,CTDD21,16,-870.1886741631042,41.711962048591886,True,0.0009658481150184,38.914189748000354
3,CTDD21,17,-873.5214529201579,37.07298676637388,True,0.0009610491568249,41.05393241811544
3,CTDD21,18,-869.1963938144858,55.231637606434425,True,0.0009567197488885,43.245317832101136
3,CTDD21,19,-876.4519545088003,48.03682711573136,True,0.0009520619719223,45.4395705787465
3,CTDD21,20,-868.9561541750975,23.66366910209213,True,0.000947173688768,47.6863157148473
3,CTDD21,21,-863.0766233655186,18.36887746225765,True,0.0009419386351946,49.986949055921286
3,CTDD21,22,-869.1097058912668,33.98802833946214,True,0.0009363402182129,52.49291969882324
3,CTDD21,23,-869.7525027539152,54.0123477021234,True,0.000929972339567,54.68882205383852
3,CTDD21,24,-871.62838281685,45.09863653908668,True,0.0009241646640738,57.0094819618389
3,CTDD21,25,-879.7969673902362,65.11770019632594,True,0.0009177996346645,59.61273971572518
3,CTDD21,26,-871.8710390997933,67.59202623952223,True,0.0009103862563947,61.85987729672343
3,CTDD21,27,-876.4670314293355,53.16870835493257,True,0.0009037589677261,64.15347138093784
3,CTDD21,28,-869.134711615849,51.689378348868026,True,0.0008967810071878,66.68216434819624
3,CTDD21,29,-877.9736855550726,29.113697375932016,True,0.0008888426953222,69.03461521398276
3,CTDD21,30,-877.7694284982664,29.99830256537812,True,0.0008812318661775,71.48008415987715
3,CTDD21,31,-863.1566709601467,21.37058721533784,True,0.0008730947542708,73.78128305822611
3,CTDD21,32,-868.6639436414788,33.15394538620717,True,0.0008652328934051,75.92104848427698
3,CTDD21,33,-872.8266758176246,69.52324619869803,True,0.0008577487104862,78.13382677314803
3,CTDD21,34,-878.377052210744,34.89124109161645,True,0.0008498372864642,80.63804087229073
3,CTDD21,35,-877.6255144109879,61.93592360200376,True,0.0008406786968986,82.84971067914739
3,CTDD21,36,-875.8227072473178,44.20159185965428,True,0.0008324139584614,85.1243770509027
3,CTDD21,37,-870.3837265297643,42.44563369388314,True,0.0008237466974059,87.54951433092356
3,CTDD21,38,-877.6531784960665,20.55094993594676,True,0.0008143252519346,89.74988029804081
3,CTDD21,39,-876.722774124424,28.44848708797541,True,0.0008056208135803,92.37937986804172
3,CTDD21,40,-869.4571415523131,38.23868264964701,True,0.0007950308905813,94.64248099690305
3,CTDD21,41,-867.5177227532887,46.22969106383335,True,0.0007857589045416,96.9436494326219
3,CTDD21,42,-875.108992725133,38.13266687596362,True,0.0007761873654972,99.1899966513738
3,CTDD21,43,-871.1810602947926,28.48239103645063,True,0.0007667097909352,101.3862911304459
3,CTDD21,44,-872.664363391355,32.67673215860885,True,0.0007573207103566,103.5992234176956
3,CTDD21,45,-875.2001003688722,61.762908680337446,True,0.0007477431874495,105.89476480381563
3,CTDD21,46,-872.4518787564697,29.44215988105635,True,0.0007376895062334,108.3237130898051
3,CTDD21,47,-875.3077167994379,35.22665529992982,True,0.0007269267553032,110.51668482879175
3,CTDD21,48,-871.3091962785887,23.85899192891643,True,0.0007171054066405,112.71114804176614
3,CTDD21,49,-869.4686569602011,39.62943803690976,True,0.0007071840617192,114.90399360936136
3,CTDD21,50,-865.1731517850228,34.12825237676347,True,0.0006971823187537,117.09680664958432
3,CTDD21,51,-874.4495759277966,29.3556143198366,True,0.0006870986271098,119.35932198585942
3,CTDD21,52,-867.1922478494613,17.51417437151506,True,0.0006766143143255,121.55300910864024
3,CTDD21,53,-865.1055307643377,34.470937215126554,True,0.0006663770965533,123.81593845970929
3,CTDD21,54,-865.6174836361655,22.705964404861184,True,0.0006557487376916,126.19810805143788
3,CTDD21,55,-873.885027660919,23.18538432249997,True,0.0006444925906308,128.40804969938472
3,CTDD21,56,-871.1519419471841,38.30261900651976,True,0.0006339944699568,130.5648851902224
3,CTDD21,57,-873.7747406222785,50.06695027356656,True,0.0006237026947516,132.70682766428217
3,CTDD21,58,-869.490223259483,36.27167206445118,True,0.0006134426103454,134.95406648609787
3,CTDD21,59,-876.8742976330996,60.6346447518246,True,0.0006026419487532,137.15991512918845
3,CTDD21,60,-869.399244466255,49.85571654929131,True,0.0005920101866075,139.64147484255955
3,CTDD21,61,-861.0808934361897,25.77488114620612,True,0.0005800215069455,141.8350805887021
3,CTDD21,62,-871.1352412845946,34.04032509943724,True,0.0005694058300237,144.28756709443405
3,CTDD21,63,-866.3158789001648,20.27549090561734,True,0.0005575247835829,146.5389708345756
3,CTDD21,64,-872.5135380356901,44.7066407004726,True,0.0005466130590048,149.0428068935871
3,CTDD21,65,-872.6458607347809,31.567305781646063,True,0.0005344805085224,151.25474912347272
3,CTDD21,66,-866.2727357954941,18.434099941301483,True,0.0005237714586369,153.50099647371098
3,CTDD21,67,-875.9900090474597,77.90950922220121,True,0.0005129115880912,155.64275980275124
3,CTDD21,68,-869.6995707281444,28.319036234179404,True,0.0005025769886894,158.1505087777041
3,CTDD21,69,-862.1984893322731,40.410749659398526,True,0.0004905088761725,160.34410353656858
3,CTDD21,70,-865.909704911213,20.449197330975387,True,0.0004799878607393,162.58871443662792
3,CTDD21,71,-875.8736878069964,24.63788460390917,True,0.0004692626600429,164.8534480384551
3,CTDD21,72,-872.5543492719694,43.430947190673365,True,0.00045848915124,167.09741526143625
3,CTDD21,73,-869.128331987512,15.836747899578606,True,0.0004478681104369,169.3446809654124
3,CTDD21,74,-873.5225765536793,24.04139730110368,True,0.0004372912486813,171.6212889314629
3,CTDD21,75,-866.4131593405658,49.44842454615527,True,0.0004266436407705,173.98018654808402
3,CTDD21,76,-866.5875151016991,22.62449447775764,True,0.0004156894833333,176.17715311935171
3,CTDD21,77,-867.1485145427406,47.960145018447264,True,0.0004055651219122,178.62559682736173
3,CTDD21,78,-867.6090682378788,33.34111849838335,True,0.0003943774068074,180.8785668774508
3,CTDD21,79,-879.9583131577106,47.27272582438736,True,0.0003841782975177,183.13090245611968
3,CTDD21,80,-869.5001579971979,24.11301636323498,True,0.0003740796560896,185.32843840727585
3,CTDD21,81,-875.4413512134764,25.10825532801292,True,0.0003643264476103,187.6283239731565
3,CTDD21,82,-874.2525639656342,52.32982904855498,True,0.0003542304685885,189.8212456479669
3,CTDD21,83,-867.4769084231752,49.24465720116199,True,0.0003447158197151,192.120942406822
3,CTDD21,84,-873.422149968261,15.497398057218216,True,0.0003348610025806,194.28234892198816
3,CTDD21,85,-878.5279157109757,55.84464456707708,True,0.000325719004964,196.76306474162263
3,CTDD21,86,-867.7279041046579,36.41753408869461,True,0.0003153765411319,198.90104324696583
3,CTDD21,87,-866.5185057177815,40.20942274828749,True,0.000306597105765,201.15875528519973
3,CTDD21,88,-867.1651451763962,44.86318975992784,True,0.0002974661939426,203.60261686192823
3,CTDD21,89,-866.425953732029,34.43244623334188,True,0.0002877508946702,205.7442277711816
3,CTDD21,90,-862.9499609504223,40.45965714978426,True,0.0002793863061023,207.8993269270286
3,CTDD21,91,-870.5811743815856,47.559858575405215,True,0.0002711143865586,210.2984365508892
3,CTDD21,92,-874.0015673962761,29.382937830737973,True,0.0002620828124542,212.5455976696685
3,CTDD21,93,-872.0710354339684,31.68222980429731,True,0.0002537974990863,214.9926399895921
3,CTDD21,94,-874.8689398105909,31.92960840260705,True,0.0002449727271777,217.18966650264335
3,CTDD21,95,-866.5660597169478,54.76285485818224,True,0.0002372299235122,219.65003053937107
3,CTDD21,96,-871.0696558679501,69.38045069080731,True,0.0002287671376816,221.85963160172105
3,CTDD21,97,-864.7105070649308,40.60029965473219,True,0.0002213589743493,224.10410991776732
3,CTDD21,98,-878.5627788624614,37.30970121146443,True,0.0002140244589718,226.569343498908
3,CTDD21,99,-868.4734428542054,24.333736384013363,True,0.0002061949702513,228.716537381988
3,CTDD21,100,-870.530538830184,84.51950333180633,True,0.0001995728635018,231.0735883219168
3,CTDD21,101,-866.6630276385279,60.611165102098575,True,0.0001925194585772,233.2843832387589
3,CTDD21,102,-864.7593128654416,37.14628089764437,True,0.0001861130215071,235.56611472787336
3,CTDD21,103,-875.8552272073416,45.04629951644133,True,0.0001797174141949,237.8895082580857
3,CTDD21,104,-878.2765638986015,30.720834191623634,True,0.0001734348432576,240.1708343392238
3,CTDD21,105,-870.171455338508,34.7799774762402,True,0.0001674954393409,242.7510193581693
3,CTDD21,106,-874.2213066244976,28.457717217734057,True,0.0001610564295266,245.0507014929317
3,CTDD21,107,-876.5869060151585,14.882943078878547,True,0.000155570442063,247.2650415878743
3,CTDD21,108,-870.9279075882944,40.85146541196841,True,0.0001505166743368,249.7511047339067
3,CTDD21,109,-865.5177595025618,55.34951176231476,True,0.0001451136485213,251.89282013801855
3,CTDD21,110,-863.0984701161038,29.26261539607949,True,0.0001406916186245,254.45898326300085
3,CTDD21,111,-873.4623378771084,37.283655466805065,True,0.0001356802335636,256.731578854844
3,CTDD21,112,-862.101703389336,39.74168106148462,True,0.0001315062844233,258.9853648697026
3,CTDD21,113,-871.7709079244046,40.24663585828453,True,0.000127614495755,261.4610518044792
3,CTDD21,114,-860.8660257238106,55.2329344908141,True,0.0001236264637139,263.67193777579814
3,CTDD21,115,-866.3717709589044,39.90480272255594,True,0.0001203211501303,266.1235729767941
3,CTDD21,116,-861.8569587065064,32.3029076119631,True,0.0001169408630046,268.3708491725847
3,CTDD21,117,-873.5144910220309,38.13334036996096,True,0.0001141075251894,270.45859026443213
3,CTDD21,118,-874.733366071112,23.98351351744616,True,0.0001117041075855,272.8138845744543
3,CTDD21,119,-870.9544784022501,76.31175304102683,True,0.0001092587685853,274.99866643035784
3,CTDD21,120,-872.2655062414395,36.51945396208888,True,0.0001072439934852,277.1976279304363
3,CTDD21,121,-863.4570382204879,40.106805747394255,True,0.0001054636941605,279.6697195926681
3,CTDD21,122,-876.499930672337,37.704692664027846,True,0.0001037600395695,281.93291743984446
3,CTDD21,123,-869.8760116877042,26.971892848674724,True,0.0001024776944286,284.457705616951
3,CTDD21,124,-866.3382632528005,35.10208565975657,True,0.0001013609401362,286.668453770224
3,CTDD21,125,-867.3360888792074,71.82015631761837,True,0.0001006554856811,289.2255283910781
3,CTDD21,126,-870.2536951129931,39.68313782256413,True,0.0001001572807298,291.47214482724667
3,CTDD21,127,-860.3165060726204,51.97144963069852,False,0.0001000011312741,293.679528481327
