method,inference_nstep,start,start_type,particles,iterations_requested,updates_completed,termination_reason,elapsed_seconds,output_selected_iteration,output_selected_elapsed_seconds,initial_pseudo_loglik,final_pseudo_loglik,minimum_ess,maximum_invalid_fraction,maximum_backward_fallbacks,total_backtracks,gamma,m,epsilon,beta_trend,sigma,tau,bs1,bs2,bs3,bs4,bs5,bs6,omegas1,omegas2,omegas3,omegas4,omegas5,omegas6,S_0,I_0,R1_0,R2_0,R3_0,raw_0,raw_1,raw_2,raw_3,raw_4,raw_5,raw_6,raw_7,raw_8,raw_9,raw_10,raw_11,raw_12,raw_13,raw_14,raw_15,raw_16,raw_17,raw_18,raw_19,raw_20,raw_21,raw_22
DS order-1.5 block Gaussian,20,0,global-box,5000,5000,46,time-budget,806.4488476209808,40,712.8729550309945,-6213.326621917971,-4121.771789944999,1.0354162330164458,0.4972,0,8,11.480773039778493,0.419711214883117,20.785800779246884,-0.0031106742346213236,2.4111022530540103,0.38714026350254305,0.960515742947486,5.032883580638983,-3.343390647159757,3.0159980668137196,3.5953852181510544,3.2721444282624406,-3.8844177200296888,-4.485771701365154,-3.5289554286495703,-8.429350578509629,-7.5768371806851755,-8.26707832737407,0.2534125454221388,0.15829912803912424,0.17392818975812244,0.16094759135847575,0.2534125454221388,2.4406737265841207,-0.8681883878103732,3.034270098748457,-0.31106742346213234,0.8800840093548787,-0.9489682136260709,0.960515742947486,5.032883580638983,-3.343390647159757,3.0159980668137196,3.5953852181510544,3.2721444282624406,-3.8844177200296888,-4.485771701365154,-3.5289554286495703,-8.429350578509629,-7.5768371806851755,-8.26707832737407,0.0,-0.4705323164453622,-0.3763762635463277,-0.4539399825572863,0.0
DS order-1.5 block Gaussian,20,1,global-box,5000,5000,47,time-budget,808.6410083239898,40,701.6710160779767,-5620.568935201456,-4170.331954877631,1.007544959608585,0.8,0,7,11.771423578784281,0.3442316555844326,30.000000000000004,-0.002939146065252783,2.1067534194400936,0.3295014517219082,-1.5562314448313506,2.0230446427030686,-0.682332123861156,3.1267092607890272,2.313313599338964,4.406610986667693,-2.904626297008037,-0.5659453219878695,-5.200103244199483,-8.803894871387953,-3.8399518995503943,-4.836189647143146,0.33496449838817133,0.23462603664295226,0.04918734186736691,0.04625762471333835,0.33496449838817133,2.4656748637276196,-1.0664404308558826,3.4011973816621555,-0.2939146065252783,0.7451480987567471,-1.110174519216479,-1.5562314448313506,2.0230446427030686,-0.682332123861156,3.1267092607890272,2.313313599338964,4.406610986667693,-2.904626297008037,-0.5659453219878695,-5.200103244199483,-8.803894871387953,-3.8399518995503943,-4.836189647143146,0.0,-0.35603163805464927,-1.9183882399708874,-1.9797982422111282,0.0
DS order-1.5 block Gaussian,20,2,global-box,5000,5000,47,time-budget,806.1795419150731,41,712.9306505210698,-24182.325336136608,-4316.234845756611,1.0,0.6212,0,7,18.205773564916107,0.37835672585132496,5.515485266710505,-0.003774008052985792,4.999999999999999,0.5,-3.8718017553467616,6.139484774124879,-1.5439634947995688,0.355918709302234,0.36572070704049087,4.829553455659071,-2.2396944049676777,-1.6176998378037357,-4.904921417692355,-2.567730883968044,-2.873386714991483,-9.35654371603126,0.03888780248468522,0.24474840893530447,0.08360600619421267,0.2940700087065148,0.3386877736792828,2.901738772617864,-0.9719178092021361,1.7075596391718968,-0.3774008052985792,1.6094379124341003,-0.6931471805599453,-3.8718017553467616,6.139484774124879,-1.5439634947995688,0.355918709302234,0.36572070704049087,4.829553455659071,-2.2396944049676777,-1.6176998378037357,-4.904921417692355,-2.567730883968044,-2.873386714991483,-9.35654371603126,-2.1643980207354914,-0.3248478807699855,-1.398963299446067,-0.14126079754086662,0.0
DS order-1.5 block Gaussian,20,3,global-box,5000,5000,51,time-budget,802.761215156992,45,701.2984787910245,-7098.553314294436,-4033.3515019736933,1.0124680609128305,0.5382,0,0,10.000000000000002,0.6,7.5378791231310895,-0.009581070175161353,2.578065411220048,0.47424870421498805,0.5958444513876339,3.3141370789387845,-0.32633835319417326,1.584366274082133,3.0195809480805282,2.981465430074886,-5.278337246203676,-1.2431870419667332,-6.779557244766255,-10.0,-2.1438629051675666,-6.301539710989349,0.11691557195604545,0.16040595196496046,0.27680444772847435,0.04431167479682072,0.40156235355369896,2.302585092994046,-0.5108256237659907,2.019940859047903,-0.9581070175161354,0.9470392770500551,-0.7460234024533228,0.5958444513876339,3.3141370789387845,-0.32633835319417326,1.584366274082133,3.0195809480805282,2.981465430074886,-5.278337246203676,-1.2431870419667332,-6.779557244766255,-10.0,-2.1438629051675666,-6.301539710989349,-1.2339107557317297,-0.91765502107496,-0.372051530834759,-2.204114641070102,0.0
DS order-1.5 block Gaussian,20,4,global-box,5000,5000,21,non-finite-path-or-score,416.5013341230806,22,416.5012814720394,-11996.819712497763,-4666.283321497714,1.0,0.506,0,7,32.43672466857565,0.2673455916009721,3.991175456535174,-0.0010883199312335299,4.999999999999999,0.5,3.456652744687889,5.013924668632101,3.1033524106535224,0.11983508344953132,7.118068053175755,5.809418172928603,0.0,-5.812059662586378,-3.616979429655083,-5.773691557915629,-8.001293032125451,-1.562045624850896,0.038250170450737954,0.31177465162691564,0.1444421778906235,0.24401310910657176,0.26151989092515115,3.4792912583229287,-1.3192131069660158,1.3840857881509077,-0.10883199312335298,1.6094379124341003,-0.6931471805599453,3.456652744687889,5.013924668632101,3.1033524106535224,0.11983508344953132,7.118068053175755,5.809418172928603,0.0,-5.812059662586378,-3.616979429655083,-5.773691557915629,-8.001293032125451,-1.562045624850896,-2.0981326399289215,0.0,-0.7694013819561379,-0.24505870672335472,-0.17577031108444596
DS order-1.5 block Gaussian,20,5,global-box,5000,5000,47,time-budget,805.7963060360635,41,712.5847859310452,-1385610.3100241465,-9295.846449360037,1.0,0.22939999999999994,0,7,27.43128318252132,0.5406976793885626,1.137770382884692,-0.01,4.999999999999999,0.5,1.3516569868586221,5.497326455506502,4.0,4.267729188907017,3.3549581477152914,7.251865783242404,-3.8192119698967932,-5.592685626711753,0.0,-1.6836860915717171,-6.744814213437865,-0.42496208658860024,0.2514772951644938,0.08997820765873742,0.046277343145000024,0.3086658983334455,0.3036012556983233,3.3116840841149675,-0.614894974468447,0.12907054283626984,-1.0,1.6094379124341003,-0.6931471805599453,1.3516569868586221,5.497326455506502,4.0,4.267729188907017,3.3549581477152914,7.251865783242404,-3.8192119698967932,-5.592685626711753,0.0,-1.6836860915717171,-6.744814213437865,-0.42496208658860024,-0.20490674898592073,-1.2326919528892726,-1.8976069643726259,0.0,-0.016544275232816503
DS order-1.5 block Gaussian,20,6,global-box,5000,5000,51,time-budget,802.6893251000438,45,701.237687980989,-25794.604320962993,-4056.8431349099237,1.0,0.6177999999999999,0,0,10.000000000000002,0.6,23.188648811245486,-0.01,2.0752666936998683,0.4031580695979744,-1.5583591931024048,1.6633359344422873,0.23782265301278716,0.2834695789014331,2.8976387029757147,3.5255450713658827,-5.967842030463847,0.0,-8.833530604306576,-6.392243362301544,-5.110936646493438,-3.0659160638035234,0.2309428954160706,0.014307365205860009,0.27051570581028356,0.3688785730110778,0.11535546055670799,2.302585092994046,-0.5108256237659907,3.14366288356066,-1.0,0.7300896725080374,-0.9084265616853775,-1.5583591931024048,1.6633359344422873,0.23782265301278716,0.2834695789014331,2.8976387029757147,3.5255450713658827,-5.967842030463847,0.0,-8.833530604306576,-6.392243362301544,-5.110936646493438,-3.0659160638035234,-0.4682970454839688,-3.2496930654199834,-0.31013736070806763,0.0,-1.1624491969284716
DS order-1.5 block Gaussian,20,7,global-box,5000,5000,41,time-budget,804.0225417719921,40,764.0709693450481,-6318.4339875522855,-4098.989172597718,1.642216355768497,0.4875999999999999,0,14,11.24863631986454,0.470257913040795,5.6670272673877005,-0.004667994423053418,2.3581632773469225,0.40548655720872784,1.940246783271509,4.054189761481442,-1.7020624554868191,2.244791735914875,4.579936626930842,0.09314693714911335,-7.843491322398872,-3.3895206445929813,-6.437858488089701,-10.0,-3.5663399687559028,-5.332066974118928,0.07384599673849071,0.0384927477832435,0.41871703805673327,0.41871703805673327,0.050227179364799444,2.4202469052911337,-0.7544739836362591,1.7346646887848178,-0.46679944230534176,0.8578830437157708,-0.9026675571260506,1.940246783271509,4.054189761481442,-1.7020624554868191,2.244791735914875,4.579936626930842,0.09314693714911335,-7.843491322398872,-3.3895206445929813,-6.437858488089701,-10.0,-3.5663399687559028,-5.332066974118928,-1.7352135654542058,-2.3867255106690655,0.0,0.0,-2.120639063161246
DS order-1.5 block Gaussian,20,8,global-box,5000,5000,47,time-budget,805.7717905970057,41,712.5783665690105,-8252.191690380456,-4031.8823614607722,1.0000104740812938,0.6626,0,7,25.387905826711084,0.10464314663090406,11.238832755698322,-0.0004484272934432429,2.9530422676891335,0.16443064558747403,2.3438009547124965,4.949687242441412,-1.179490591284064,3.132311025959168,3.818590524634962,4.01711559426169,-4.1490132371227535,0.0,-5.3310773760019545,-6.253691428303187,-5.704219030841789,-7.457196172880147,0.014503024015319145,0.3366839377183045,0.32316802698988567,0.18997435316134617,0.13567065811514453,3.2342729120750895,-2.257199320711381,2.4193749917152343,-0.04484272934432429,1.0828359161334882,-1.8052664050490652,2.3438009547124965,4.949687242441412,-1.179490591284064,3.132311025959168,3.818590524634962,4.01711559426169,-4.1490132371227535,0.0,-5.3310773760019545,-6.253691428303187,-5.704219030841789,-7.457196172880147,-3.144787439541716,0.0,-0.04097222464404572,-0.5722555403166909,-0.9089143026669196
DS order-1.5 block Gaussian,20,9,global-box,5000,5000,47,time-budget,806.1028620420257,41,712.8882491809782,-13327.577022622052,-3986.4834484703288,1.0000000288105186,0.4875999999999999,0,7,13.716499670489874,0.6,2.506250225699621,-0.008788331826336836,2.2513544303002755,0.42235975948383586,1.6129396496246586,5.349045430478476,-3.0441289807193086,3.889974871258192,3.390363751692025,1.9312699140481469,-5.250049990699638,-10.0,-3.2259057830162883,-9.608128315354888,-5.270517156986835,-1.5801496854812325,0.16752917963746994,0.009430730263044793,0.23858209221303153,0.25054691987090505,0.3339110780155487,2.6185994636899608,-0.5108256237659907,0.9187877021274498,-0.8788331826336835,0.8115320041279999,-0.8618978175017091,1.6129396496246586,5.349045430478476,-3.0441289807193086,3.889974871258192,3.390363751692025,1.9312699140481469,-5.250049990699638,-10.0,-3.2259057830162883,-9.608128315354888,-5.270517156986835,-1.5801496854812325,-0.6897171811601478,-3.5669011899891614,-0.3361612707883925,-0.287228516184469,0.0
DS order-1.5 block Gaussian,20,10,global-box,5000,5000,47,time-budget,805.9770612330176,41,712.7409666610183,-28539.273924562745,-4183.156730048606,1.0,0.5626,0,7,10.171684564433132,0.5842993409475918,30.000000000000004,-0.0067171182305961865,2.7975304488247636,0.5,1.198880554133851,4.8911451589176655,-3.9080123949874883,2.963244116352455,3.7858459606119426,3.1219076894580455,-5.552134209818149,-5.743508376553479,-10.0,-5.981747510678465,-8.483515247760991,-2.5294048961485256,0.3620986590167126,0.10037017085875319,0.09815626446441518,0.07727624664340632,0.3620986590167126,2.3196078368974837,-0.5373418573573607,3.4011973816621555,-0.6717118230596186,1.028737045443106,-0.6931471805599453,1.198880554133851,4.8911451589176655,-3.9080123949874883,2.963244116352455,3.7858459606119426,3.1219076894580455,-5.552134209818149,-5.743508376553479,-10.0,-5.981747510678465,-8.483515247760991,-2.5294048961485256,0.0,-1.2830516533007188,-1.3053559693140095,-1.5445300929681594,0.0
DS order-1.5 block Gaussian,20,11,global-box,5000,5000,47,time-budget,805.8802673739847,41,712.6592078489484,-6036.202448015153,-4021.3983542836195,1.001105136728902,0.5256,0,7,13.435271535133678,0.247759815601875,10.38390060532959,-0.004376815275910953,2.538100695393834,0.4532316196037061,1.5436242122499255,4.752721992992731,-3.9516478466046685,0.04835218324637849,4.774007413620827,2.1894399100198974,-4.902545139351039,-2.071005817629692,-6.984771060182466,-3.090468022333731,-9.95164784655119,-0.05315508645288233,0.22981608247735044,0.25986516402480325,0.08538667451921685,0.15219313749005525,0.27273894148857425,2.5978834528891674,-1.395295487578546,2.340256588010067,-0.4376815275910953,0.9314160436012334,-0.7913519826157679,1.5436242122499255,4.752721992992731,-3.9516478466046685,0.04835218324637849,4.774007413620827,2.1894399100198974,-4.902545139351039,-2.071005817629692,-6.984771060182466,-3.090468022333731,-9.95164784655119,-0.05315508645288233,-0.171235731758065,-0.04835218280322575,-1.161325026849825,-0.5833647237480738,0.0
DS order-1.5 block Gaussian,20,12,global-box,5000,5000,1,non-finite-path-or-score,28.969562974059954,1,28.969534791074693,-6981.7982615569035,-6476.003290971655,1.4317707799305097,0.2158,0,0,21.759265862717527,0.3053437475992887,26.217908091168166,-0.0029470035416647696,3.1168097171885654,0.3507477441426879,3.8380137780471917,4.746879613902238,3.5055431320123263,8.0,6.265762110021629,3.2536039423068814,-9.239000941671977,-3.6566467253572084,-7.617817854732324,-6.950465024304122,-8.62076032310541,-3.528893145864373,0.273654854791839,0.22404965341602018,0.07708920423555998,0.1515514327647419,0.273654854791839,3.080039683492021,-1.186317095699844,3.266442692207194,-0.29470035416647694,1.1368099521423551,-1.0476879915450164,3.8380137780471917,4.746879613902238,3.5055431320123263,8.0,6.265762110021629,3.2536039423068814,-9.239000941671977,-3.6566467253572084,-7.617817854732324,-6.950465024304122,-8.62076032310541,-3.528893145864373,0.0,-0.1999999639863214,-1.2669044104325784,-0.5909426007806757,0.0
DS order-1.5 block Gaussian,20,13,global-box,5000,5000,47,time-budget,806.9487714580027,40,700.000090359943,-5901.451085613004,-4241.206852992904,1.0000016292127065,0.5024,0,7,20.18715932303071,0.15129793404287797,11.164208803090064,-0.008026260498961282,3.3144496898807665,0.5,0.8430626302887146,4.618173648048691,1.291033132853386,0.42779732922362923,1.3210347003062322,4.498253015403826,-0.436903423660953,-6.228870383288511,-9.816697504733382,-3.2242567968303093,-1.4775411391332374,-1.181123447046786,0.2742620905406379,0.2742620905406379,0.10894125782099877,0.10930388068078074,0.23323068041694467,3.0050467252011344,-1.8885043129877421,2.412713018749805,-0.8026260498961283,1.1982916037881428,-0.6931471805599453,0.8430626302887146,4.618173648048691,1.291033132853386,0.42779732922362923,1.3210347003062322,4.498253015403826,-0.436903423660953,-6.228870383288511,-9.816697504733382,-3.2242567968303093,-1.4775411391332374,-1.181123447046786,0.0,0.0,-0.9232753661333472,-0.9199522846116138,-0.1620561755174141
DS order-1.5 block Gaussian,20,14,global-box,5000,5000,51,time-budget,802.541368375998,45,701.0910900849849,-25814.468218627335,-5867.430594627789,1.0,0.45119999999999993,0,0,18.338697910194167,0.2651207043895151,10.901769876855543,-0.004204144833591697,4.999999999999999,0.5,0.7166643464728994,5.767988111746999,3.0984487640708345,7.606014252383483,4.751509972323516,4.888531397323668,-5.893026031250547,-0.2741939606649699,-7.30542503592946,-0.47722072589902675,-5.468703139791734,-6.788087076708104,0.054228014286284154,0.2633329482645234,0.2157302167841604,0.3183296737868114,0.14837914687822068,2.9090134670447623,-1.327570068436883,2.3889251500773074,-0.42041448335916975,1.6094379124341003,-0.6931471805599453,0.7166643464728994,5.767988111746999,3.0984487640708345,7.606014252383483,4.751509972323516,4.888531397323668,-5.893026031250547,-0.2741939606649699,-7.30542503592946,-0.47722072589902675,-5.468703139791734,-6.788087076708104,-1.769889912123293,-0.18966836128361242,-0.38905892512039303,0.0,-0.7633167546179571
DS order-1.5 block Gaussian,20,15,global-box,5000,5000,51,time-budget,802.9652839329792,45,701.4715024490142,-16395.305634421336,-4196.322016428508,1.0000000002262368,0.5642,0,0,13.504279162638,0.43210350125308233,10.782611492245845,-0.01,4.4797192164322,0.43700420405492196,-0.3087090564009216,3.637635083829434,-0.42358852719614754,2.049864804908074,2.532438286048334,3.5309600353073236,-6.28408618610944,-1.0773961054949244,-2.5201212307527263,-9.957296904114218,-6.412630594071406,-2.2609649285825473,0.07462752659246744,0.01858587344000718,0.3610053187998622,0.49954802471741316,0.046233256450249983,2.6030066102286407,-0.8390901332002383,2.3779347895973086,-1.0,1.4995603695592132,-0.827812463669842,-0.3087090564009216,3.637635083829434,-0.42358852719614754,2.049864804908074,2.532438286048334,3.5309600353073236,-6.28408618610944,-1.0773961054949244,-2.5201212307527263,-9.957296904114218,-6.412630594071406,-2.2609649285825473,-1.9011943107222071,-3.2913019393614253,-0.3248110473053574,0.0,-2.3800043633322248
DS order-1.5 block Gaussian,20,16,global-box,5000,5000,51,time-budget,805.2908301639836,45,703.4292291629827,-642408.1614745953,-4214.068708686884,1.0,0.5338,0,0,10.000000000000002,0.6,5.384147065546635,-2.971670217652156e-05,3.132606956628974,0.3853758769815406,1.4516070007088702,2.0870788420907602,0.12885187386377622,0.7794379476521,3.243238912887786,3.039887237889658,-4.450258834683351,-7.441575655746222,-5.696689356355377,-5.771331602052984,-7.584120061136128,-4.918867849999345,0.2962069008219104,0.2962069008219104,0.0911659252151769,0.06130454637223008,0.25511572676877214,2.302585092994046,-0.5108256237659907,1.6834589072640653,-0.002971670217652156,1.1418655513804383,-0.9535361171208301,1.4516070007088702,2.0870788420907602,0.12885187386377622,0.7794379476521,3.243238912887786,3.039887237889658,-4.450258834683351,-7.441575655746222,-5.696689356355377,-5.771331602052984,-7.584120061136128,-4.918867849999345,0.0,0.0,-1.1783769991703068,-1.575204193274284,-0.14934092673375512
DS order-1.5 block Gaussian,20,17,global-box,5000,5000,51,time-budget,802.8773394520395,45,701.3714633090422,-151308.84451578616,-4167.770974762626,1.0,0.5932,0,0,10.000000000000002,0.6,18.802504089315725,-0.005906425266692666,4.237473925413632,0.4877951506877102,-3.3975233222330665,3.7535236852689113,0.1298629657859754,3.371864631498441,2.346594237412501,5.413370751564561,-0.7773830482614918,-4.412397558054833,-4.28425397846299,-10.0,-6.730958072684295,-7.88399135987726,0.3761857272808316,0.021288973322103357,0.11213097156958009,0.0923890480465373,0.3980052797809477,2.302585092994046,-0.5108256237659907,2.93399005720627,-0.5906425266692666,1.443967319392919,-0.7178597344393371,-3.3975233222330665,3.7535236852689113,0.1298629657859754,3.371864631498441,2.346594237412501,5.413370751564561,-0.7773830482614918,-4.412397558054833,-4.28425397846299,-10.0,-6.730958072684295,-7.88399135987726,-0.056382294009578574,-2.9282760167154747,-1.2667976938712864,-1.460456826989918,0.0
DS order-1.5 block Gaussian,20,18,global-box,5000,5000,51,time-budget,802.9182369380724,45,701.4388568310533,-53900.42654917034,-4193.227577600934,1.0,0.5382,0,0,10.000000000000002,0.6,25.300551955008906,-0.01,3.698425608594787,0.4586771176981887,-3.9269821641750386,2.0039733256274324,1.0231269285154203,0.2057499898318471,1.8988031430841343,4.553811071808252,-2.709145609201136,-3.9081664678984804,-6.414978011933362,-4.497082357251255,-8.215191712229458,-3.769883336954977,0.36950357497903097,0.32168767291073985,0.07213754237492509,0.04683790262230812,0.18983330711299606,2.302585092994046,-0.5108256237659907,3.2308262118990143,-1.0,1.3079072179040048,-0.779408763737357,-3.9269821641750386,2.0039733256274324,1.0231269285154203,0.2057499898318471,1.8988031430841343,4.553811071808252,-2.709145609201136,-3.9081664678984804,-6.414978011933362,-4.497082357251255,-8.215191712229458,-3.769883336954977,0.0,-0.13857930059715137,-1.6335858080657772,-2.065467655285821,-0.6660140594253269
DS order-1.5 block Gaussian,20,19,global-box,5000,5000,47,time-budget,805.979123297031,41,712.7552573860157,-8512.813922714018,-3920.021617659882,1.000000017324432,0.7928,0,7,29.858605829337336,0.07399823423305935,16.027770072830037,-0.0030642538105768546,2.8456742615514363,0.331147846282144,0.9192623925480911,6.342827331299607,-1.0039709950191351,4.487114150067672,3.38081216766128,4.959935656747755,0.0,-3.994326216025373,-6.082947741613175,-5.6306955422738865,-5.402812509958431,-4.653142119362646,0.022257850854144542,0.3309976648660631,0.026522255234014712,0.4807263956809267,0.13949583336485102,3.396473100777797,-2.6037140477780767,2.7743228473272317,-0.30642538105768546,1.045800038286369,-1.1051903378254493,0.9192623925480911,6.342827331299607,-1.0039709950191351,4.487114150067672,3.38081216766128,4.959935656747755,0.0,-3.994326216025373,-6.082947741613175,-5.6306955422738865,-5.402812509958431,-4.653142119362646,-3.0726034905623303,-0.37318696374899596,-2.8973140836238174,0.0,-1.237263551852836
DS order-1.5 block Gaussian,20,20,global-box,5000,5000,45,time-budget,800.7761675550137,40,720.8677250390174,-5770.292093652575,-4102.553079296191,1.000000650495496,0.6132,0,9,22.223806043667466,0.409482579620752,30.000000000000004,-0.003385959164464286,3.270891445013828,0.263536355806883,1.3756459310097988,5.38245187354588,-2.750796109434638,4.162091512887013,3.798878222981884,4.28564167690438,-3.520113894220466,-1.7811269509211358,-3.859213963444544,-7.41032143580173,-9.306519945494344,-9.039632906570843,0.021464810368119706,0.268403581861359,0.10636124317919694,0.20495590910227426,0.39881445548905003,3.1011640586371274,-0.8928609172025544,3.4011973816621555,-0.3385959164464286,1.185062560911024,-1.3335639478164345,1.3756459310097988,5.38245187354588,-2.750796109434638,4.162091512887013,3.798878222981884,4.28564167690438,-3.520113894220466,-1.7811269509211358,-3.859213963444544,-7.41032143580173,-9.306519945494344,-9.039632906570843,-2.9220814177274295,-0.3960045346512383,-1.3216550301801222,-0.6657014064397464,0.0
DS order-1.5 block Gaussian,20,21,global-box,5000,5000,51,time-budget,802.8983494519489,45,701.4194122649496,-280905.5096602411,-4020.9483466754714,1.0,0.5836,0,0,20.78424686128165,0.22001805253211756,11.333431169403157,-0.005570896308532774,3.8380618663274677,0.3529655189588438,0.9570645284240101,3.6067003283946244,-3.721853765957173,4.768800494768566,2.3339726789413073,4.212967253036125,-1.6117532368542504,-1.4557170105272186,-4.2585635332490375,-9.966153367306921,-3.206291814368584,-5.720842371291908,0.1691227445040303,0.1440858748144459,0.3341251084717811,0.3341251084717811,0.01854116373796163,3.034195337325069,-1.5140456790320933,2.4277568685051873,-0.5570896308532773,1.3449675168739001,-1.0413849068231178,0.9570645284240101,3.6067003283946244,-3.721853765957173,4.768800494768566,2.3339726789413073,4.212967253036125,-1.6117532368542504,-1.4557170105272186,-4.2585635332490375,-9.966153367306921,-3.206291814368584,-5.720842371291908,-0.6808907489672162,-0.8411060243969605,0.0,0.0,-2.891522171897684
DS order-1.5 block Gaussian,20,22,global-box,5000,5000,51,time-budget,802.6173951909877,45,701.153409802937,-17390.374960296216,-3849.5441620433676,1.0,0.5166,0,0,24.514389704686423,0.13611289676125343,17.635904230383304,0.0,2.09569460495022,0.24286367100009354,0.7701580549877651,6.464733482901559,-1.9006146873147316,4.605951317970131,3.4639607065493574,4.448885866684962,-2.2570853565564817,-4.911402944584909,-6.7071080665798615,-4.0438873453381605,-8.135125433795267,-3.7542252878620586,0.312472747052613,0.2351549193718156,0.037807117788217534,0.27554028713579315,0.13902492865156071,3.199260280022214,-1.994270614363313,2.8699368371329825,0.0,0.7398850520978498,-1.415255017765799,0.7701580549877651,6.464733482901559,-1.9006146873147316,4.605951317970131,3.4639607065493574,4.448885866684962,-2.2570853565564817,-4.911402944584909,-6.7071080665798615,-4.0438873453381605,-8.135125433795267,-3.7542252878620586,0.0,-0.2842727276258161,-2.112019869767176,-0.12578340524206122,-0.8098639960741795
DS order-1.5 block Gaussian,20,23,global-box,5000,5000,1,non-finite-path-or-score,28.97787172498647,1,28.977840225910768,-8580.036354230204,-7088.004257811284,1.0005574521440874,0.11159999999999992,0,0,10.087241935474218,0.4035174893966247,27.47533623068,-0.007217320783588813,2.1069439706241018,0.31119215347590223,2.9219249693501044,1.6864302315985447,-2.4544665499724325,6.461447902723699,7.788844267978584,2.454730235858082,-7.310370166448322,-6.031369362909564,-2.042103705346902,-3.865508076665018,-4.3990216763078065,-2.9646390806190768,0.3213151232698659,0.3213151232698659,0.001996847090391966,0.24944351475377435,0.10592939161610197,2.3112714506640404,-0.9075354479819144,3.3132887379101645,-0.7217320783588813,0.745238542453339,-1.1673447007621538,2.9219249693501044,1.6864302315985447,-2.4544665499724325,6.461447902723699,7.788844267978584,2.454730235858082,-7.310370166448322,-6.031369362909564,-2.042103705346902,-3.865508076665018,-4.3990216763078065,-2.9646390806190768,0.0,0.0,-5.080852852171051,-0.2531898382264312,-1.1096495786861635
DS order-1.5 block Gaussian,20,24,global-box,5000,5000,51,time-budget,802.6816034180811,45,701.2255930760875,-7185.902933041312,-3935.471424175646,1.0,0.483,0,0,16.486792715509157,0.3638135616634973,0.5873092010924589,-0.01,3.7705571871228454,0.29295580242139774,2.340511574132632,4.333782363192699,-0.5106868553974961,1.9405559007219835,4.295020654474881,3.1903935742236054,-6.624060423483944,-1.4210202365244515,-10.0,-3.385846554658016,-7.800994796808423,-1.4844249915091896,0.28426815587360615,0.15612920038605815,0.17367035044583012,0.16481083686445067,0.2211214564300548,2.8025596188979045,-1.0111137357933073,-0.5322038498090456,-1.0,1.3272227855321126,-1.2277335263214824,2.340511574132632,4.333782363192699,-0.5106868553974961,1.9405559007219835,4.295020654474881,3.1903935742236054,-6.624060423483944,-1.4210202365244515,-10.0,-3.385846554658016,-7.800994796808423,-1.4844249915091896,0.0,-0.5992341314193212,-0.492759038856622,-0.5451196305110566,-0.2512058763347046
DS order-1.5 block Gaussian,20,25,global-box,5000,5000,47,time-budget,806.5879476199625,41,712.9795141709037,-25689.08008314945,-4155.083392689434,1.0,0.5216,0,7,23.12728346320903,0.4895853559234087,3.9594235573762653,-0.0058977776266681435,4.960812706104563,0.5,-1.5868544688871173,6.34855446615232,-2.143822352906331,5.236991829394947,0.9908330842987088,3.7107016540066438,-5.354412748458178,-0.5886816815401327,-6.503305734096685,-9.136167903994249,-1.0113472016866485,-2.007533049486098,0.2026862874262994,0.06892328485907735,0.19831681819426014,0.16365035498700553,0.3664232545333575,3.141013022878571,-0.7141964585184978,1.3760984483514593,-0.5897777626668144,1.6015695793517675,-0.6931471805599453,-1.5868544688871173,6.34855446615232,-2.143822352906331,5.236991829394947,0.9908330842987088,3.7107016540066438,-5.354412748458178,-0.5886816815401327,-6.503305734096685,-9.136167903994249,-1.0113472016866485,-2.007533049486098,-0.5921296968281673,-1.6707950259614464,-0.6139232545972255,-0.8060569282697615,0.0
DS order-1.5 block Gaussian,20,26,global-box,5000,5000,51,time-budget,805.4793392380234,45,703.5971398190595,-83346.13682621837,-4125.905800002563,1.0,0.5546,0,0,10.000000000000002,0.5959838983986375,16.660725999045948,-0.005788749697968811,3.858226300875648,0.4974751751553166,1.2403477203259232,3.842240197867041,-0.7125151231776591,2.055036343689531,2.870249133121216,2.7422606712595368,-4.842015645302223,-10.0,-5.702367214767298,-5.983700332089258,-5.379072867858825,-8.424681853235953,0.27801264212005006,0.08199465496835483,0.1235100562412225,0.27801264212005006,0.23847000455032252,2.302585092994046,-0.5175416283913976,2.813054213162937,-0.5788749697968811,1.3502075703256262,-0.6982096228137886,1.2403477203259232,3.842240197867041,-0.7125151231776591,2.055036343689531,2.870249133121216,2.7422606712595368,-4.842015645302223,-10.0,-5.702367214767298,-5.983700332089258,-5.379072867858825,-8.424681853235953,0.0,-1.221012526081665,-0.8113440081011855,0.0,-0.15342305257419636
DS order-1.5 block Gaussian,20,27,global-box,5000,5000,51,time-budget,805.1472028170247,45,703.2452246580506,-9631.851073692216,-4330.000659174131,1.0000001954164328,0.8244,0,0,12.145611800441447,0.2951671084398851,6.536850690140151,-0.0015006097911303962,4.999999999999999,0.5,1.7576961447830284,0.5159823525887987,-0.24270214245286958,2.087303672780553,0.025185470894567085,2.034850597888105,-4.1345615307946275,-2.554546398879955,-4.113560751552184,-5.951948354987855,-3.32756438517397,-3.1072044854012617,0.30176209222240347,0.08933830060906572,0.2908611902090015,0.0010490630202914634,0.3169893539392378,2.496967935861492,-1.2202136137377328,1.8774555036385399,-0.15006097911303962,1.6094379124341003,-0.6931471805599453,1.7576961447830284,0.5159823525887987,-0.24270214245286958,2.087303672780553,0.025185470894567085,2.034850597888105,-4.1345615307946275,-2.554546398879955,-4.113560751552184,-5.951948354987855,-3.32756438517397,-3.1072044854012617,-0.049229256705643466,-1.2664378953957027,-0.08602204575027399,-5.710970785374846,0.0
DS order-1.5 block Gaussian,20,28,global-box,5000,5000,41,time-budget,804.3987821950577,40,764.2995417970233,-5901.493338900798,-4733.564124411818,3.9480565728967334,0.41979999999999995,0,14,18.39215316630863,0.09029971809533331,3.54656662091519,-0.005760818000952679,4.338807776969577,0.5,2.06866957814294,5.464873519538236,-1.2169565317268438,5.646987910819606,5.622258933644543,4.738242505338683,-3.6204505818908386,-1.4474979276291444,-6.4773918858212385,-1.9225175463349065,-9.926542885739552,-9.147538895562683,0.17561273874878397,0.1755714041617145,0.21629911357355164,0.21629911357355164,0.2162176299423982,2.9119241153029236,-2.4046209404319185,1.2659799864589503,-0.5760818000952679,1.4675996046063942,-0.6931471805599453,2.06866957814294,5.464873519538236,-1.2169565317268438,5.646987910819606,5.622258933644543,4.738242505338683,-3.6204505818908386,-1.4474979276291444,-6.4773918858212385,-1.9225175463349065,-9.926542885739552,-9.147538895562683,-0.20838101211902949,-0.20861641333571182,0.0,0.0,-0.00037678833635470567
DS order-1.5 block Gaussian,20,29,global-box,5000,5000,49,time-budget,855.4675523099722,45,702.2600855269702,-23457.332127564092,-3932.34370523048,1.0,0.7424,0,7,14.517456633325887,0.5840359518526238,20.13360659625345,-0.002998974610280567,2.0985561163615847,0.48739469143063874,-0.156271586213306,4.923150175473724,-2.0628842424449716,2.6328126427744105,3.6584184395490165,3.2400880074101606,-3.2224291737849997,-3.041298146722019,-10.0,-5.513824773857121,-8.404706353848495,-6.947327304716619,0.3507962542132785,0.3005672222874203,0.1845633372445272,0.04385825346787824,0.12021493278689578,2.675351831059736,-0.5377927366572556,3.002390388842147,-0.2998974610280567,0.7412495446117559,-0.7186810294575697,-0.156271586213306,4.923150175473724,-2.0628842424449716,2.6328126427744105,3.6584184395490165,3.2400880074101606,-3.2224291737849997,-3.041298146722019,-10.0,-5.513824773857121,-8.404706353848495,-6.947327304716619,0.0,-0.1545341521862739,-0.6422128867318814,-2.0792426610166688,-1.0709243353788191
DS order-1.5 block Gaussian,20,30,global-box,5000,5000,41,time-budget,803.9590290030465,40,763.9143766299821,-37669.04287768288,-4847.436559306382,1.0,0.43999999999999995,0,14,31.057837114395358,0.08501917140679692,4.192594290900561,-0.01,4.999999999999999,0.5,4.0,4.061249418249475,1.861719170536434,3.016844877400339,6.566842745779012,7.456307761873561,0.0,-5.034487074286145,-5.426203680082752,-7.175674004058813,-0.36260787730428345,-3.504618321703439,0.3245147363662884,0.3276264089153054,0.22650402431052788,0.061201438130513194,0.06015339227736497,3.4358511795713076,-2.4648785019611705,1.4333197048381268,-1.0,1.6094379124341003,-0.6931471805599453,4.0,4.061249418249475,1.861719170536434,3.016844877400339,6.566842745779012,7.456307761873561,0.0,-5.034487074286145,-5.426203680082752,-7.175674004058813,-0.36260787730428345,-3.504618321703439,-0.009543014380458494,0.0,-0.36911124988377064,-1.6777032739176394,-1.6949761242303079
DS order-1.5 block Gaussian,20,31,global-box,5000,5000,50,time-budget,823.2925042669522,43,708.228257134906,-17757.825617290153,-3887.167034152225,1.0,0.5256,0,3,31.250055109280417,0.088206860489595,28.159852201364828,-0.0029876323142159983,2.744447168014677,0.32650201101441456,0.6905877551048689,5.742803154917656,-0.7977903376450909,3.8486640239760903,3.3220567109084,4.44184597099552,-0.19758789391874515,-2.1530792364974696,-4.591689653853738,-5.430944684298267,-7.688857535823865,-5.047474092362513,0.46989053263377145,0.3862760543817623,0.013225958984783626,0.0564322924823828,0.07417516151729978,3.442021139677829,-2.4280705356656163,3.3378972827449895,-0.29876323142159983,1.0095796586912316,-1.11931917097554,0.6905877551048689,5.742803154917656,-0.7977903376450909,3.8486640239760903,3.3220567109084,4.44184597099552,-0.19758789391874515,-2.1530792364974696,-4.591689653853738,-5.430944684298267,-7.688857535823865,-5.047474092362513,0.0,-0.19594747763962253,-3.5703182701441376,-2.1194582018892216,-1.8460704145954803
DS order-1.5 block Gaussian,20,32,global-box,5000,5000,49,time-budget,867.0056032630382,44,700.3925163559616,-7028.889054566478,-4015.015027145113,1.0000074058068167,0.8028,0,8,12.643157871192603,0.31681052279989785,17.300686359008985,-0.006991624881197721,3.375793042726194,0.5,-1.1184298106326571,4.404464997171316,-2.9969227334990984,3.026950288488404,3.507403488262816,4.077069240970417,-2.07834337248449,-1.5305130187040639,-4.277137892063893,-9.90787981821827,-3.2179093938083034,-8.895085463725675,0.332308485470357,0.22900710718650502,0.04123991592359651,0.08960872607930012,0.3078357653402412,2.537116189097692,-1.1494514036847339,2.850746174647899,-0.6991624881197721,1.2166302723446214,-0.6931471805599453,-1.1184298106326571,4.404464997171316,-2.9969227334990984,3.026950288488404,3.507403488262816,4.077069240970417,-2.07834337248449,-1.5305130187040639,-4.277137892063893,-9.90787981821827,-3.2179093938083034,-8.895085463725675,0.0,-0.3723106717842926,-2.0866570901692576,-1.3106110060891036,-0.07649729926445355
DS order-1.5 block Gaussian,20,33,global-box,5000,5000,47,time-budget,805.9760309929261,41,712.5448858889285,-20076.235541868893,-4020.703578866345,1.0,0.6446000000000001,0,7,10.725008662788523,0.5674798983959812,28.197532001381557,-0.008485800475270457,2.5690630559971686,0.4610035290411616,-2.7225210712468053,5.1846084249334226,-2.302447991996822,2.4383840349335335,4.371430757371872,2.160012148810415,-0.9006976939107454,-6.750129419681661,-5.043777473954967,-9.951647971123371,-8.537218349912246,-3.9167748534050992,0.19089019984704553,0.03780384991538936,0.27965916961918547,0.3593614317479159,0.1322853488704638,2.372578272532964,-0.5665499515825969,3.339234456432667,-0.8485800475270456,0.9435412627845499,-0.7743495808278879,-2.7225210712468053,5.1846084249334226,-2.302447991996822,2.4383840349335335,4.371430757371872,2.160012148810415,-0.9006976939107454,-6.750129419681661,-5.043777473954967,-9.951647971123371,-8.537218349912246,-3.9167748534050992,-0.6326302628678255,-2.2519177086499402,-0.2507570453456271,0.0,-0.999367332433895
DS order-1.5 block Gaussian,20,34,global-box,5000,5000,51,time-budget,803.7942682469729,45,702.1068098309916,-8895.329151022812,-3942.7106316241156,1.0,0.46799999999999997,0,0,11.632182249755738,0.27283352243525866,9.303191436199045,-0.004875629846356649,2.189006861706386,0.3074987619284124,0.9109138992239022,4.520870171530964,-2.903391680317405,1.5169740932188898,4.675870929172599,2.4322028000877935,-4.386406692916259,-1.2173023180949283,-7.213761355225206,-6.025558084152362,-8.600801662723697,-3.785471638563328,0.30508923636505636,0.14364537652976575,0.15860639313508842,0.08756975760503312,0.30508923636505636,2.4537755886322925,-1.2988934777351118,2.230357506474199,-0.48756298463566494,0.7834479531664141,-1.1792842179927352,0.9109138992239022,4.520870171530964,-2.903391680317405,1.5169740932188898,4.675870929172599,2.4322028000877935,-4.386406692916259,-1.2173023180949283,-7.213761355225206,-6.025558084152362,-8.600801662723697,-3.785471638563328,0.0,-0.7532567128147206,-0.6541786938674031,-1.2481686065443094,0.0
DS order-1.5 block Gaussian,20,35,global-box,5000,5000,41,time-budget,805.8681960490067,40,765.8235591349658,-4758.843698890432,-4361.709838945879,1.0,0.4546,0,14,27.88284058890672,0.19827270023898386,5.569798024075239,-0.0021854725697342315,4.999999999999999,0.5,1.1792776536571168,6.994950742631857,-2.0637237914485222,1.8474208369646672,2.78339634477406,7.801381134212495,-3.663146233644066,-6.5217878402420935,-2.4622941072726565,-5.554563385852251,-2.2943539145363308,-0.803612172157072,0.37780304283333194,0.37780304283333194,0.03040839282061218,0.1107282337729692,0.10325728773975473,3.328011466961479,-1.6181119219251408,1.7173587918948816,-0.21854725697342314,1.6094379124341003,-0.6931471805599453,1.1792776536571168,6.994950742631857,-2.0637237914485222,1.8474208369646672,2.78339634477406,7.801381134212495,-3.663146233644066,-6.5217878402420935,-2.4622941072726565,-5.554563385852251,-2.2943539145363308,-0.803612172157072,0.0,0.0,-2.5196543591854157,-1.2272941542915878,-1.2971491963338955
DS order-1.5 block Gaussian,20,36,global-box,5000,5000,41,time-budget,804.9056037740083,37,703.2177181349834,-46099.43923582452,-5399.825510524789,1.0,0.3732,0,14,37.02730498540767,0.12088231746017909,15.204756285314707,0.0,4.425178566213459,0.5,1.4831633358879008,6.556860998491875,3.167755185282822,6.123874340663916,6.775860611348969,5.11980410094678,-6.748712026194877,-5.766962300193809,-1.706622794386863,-5.680644360635507,-1.9984084267933173,-2.573426268224467,0.1804715957467393,0.16072810226617595,0.14746855067056996,0.43423803038595643,0.07709372093055832,3.61165561305494,-2.112937789624828,2.721608292412556,0.0,1.4873106315922386,-0.6931471805599453,1.4831633358879008,6.556860998491875,3.167755185282822,6.123874340663916,6.775860611348969,5.11980410094678,-6.748712026194877,-5.766962300193809,-1.706622794386863,-5.680644360635507,-1.9984084267933173,-2.573426268224467,-0.8780194397573879,-0.9938787093190387,-1.079977903609863,0.0,-1.72857100419984
DS order-1.5 block Gaussian,20,37,global-box,5000,5000,47,time-budget,807.5491261449642,40,700.7386238039471,-44758.69772876881,-4250.286718426039,1.0,0.9702,0,7,20.200757264551076,0.05193196926933037,7.6417362524650745,-0.01,4.999999999999999,0.5,0.6378437808340955,3.7946928084113414,1.8594033787862847,2.4686516945157453,3.7120580600418536,2.0228340199737755,-6.38214704328697,0.0,-2.846709995224245,-8.898203697903059,-8.368225086567158,0.0,0.20662268472031053,0.23270159344365415,0.18615764613055266,0.19629933008813352,0.17821874561734904,3.0057200920486014,-2.9578207002325456,2.0336248355352584,-1.0,1.6094379124341003,-0.6931471805599453,0.6378437808340955,3.7946928084113414,1.8594033787862847,2.4686516945157453,3.7120580600418536,2.0228340199737755,-6.38214704328697,0.0,-2.846709995224245,-8.898203697903059,-8.368225086567158,0.0,-0.11886256706240743,0.0,-0.22316304333659828,-0.17011622933304166,-0.26674521415006075
DS order-1.5 block Gaussian,20,38,global-box,5000,5000,51,time-budget,804.395636221976,45,702.68753400899,-7352.398395108394,-4093.564624662549,1.0002005078491065,0.5249999999999999,0,0,20.771180672820446,0.14062279293580549,17.534260258250715,-0.01,4.853314340050965,0.4991382558300231,0.29126792118989303,5.550853851574663,-2.898058802643441,4.6413459089353735,0.6339365080063258,4.535762071576199,-2.8795122436858707,-1.4677327254554167,-3.493746663604421,-6.073824246479086,-1.838396056359961,-0.03401079697248448,0.22317176932374744,0.1458713722038832,0.10470386561387371,0.10367969057736996,0.42257330228112566,3.0335664813768983,-1.9616742008253318,2.8641566961183282,-1.0,1.5796618406417353,-0.6948721558146272,0.29126792118989303,5.550853851574663,-2.898058802643441,4.6413459089353735,0.6339365080063258,4.535762071576199,-2.8795122436858707,-1.4677327254554167,-3.493746663604421,-6.073824246479086,-1.838396056359961,-0.03401079697248448,-0.6384211872885573,-1.0636377071850864,-1.3952268902184959,-1.4050566800726774,0.0
DS order-1.5 block Gaussian,20,39,global-box,5000,5000,47,time-budget,807.8191531159682,40,701.048682885943,-30019.604445050667,-4109.837888115289,1.0,0.5506,0,7,13.056986331372023,0.28376219889050874,18.09674035926588,-0.008257715703134017,2.491114363861049,0.447247568352739,3.1322233550678593,3.223989217519015,0.913744235693448,0.4677503550559303,4.216119328922202,1.9319360649900583,-5.92612506099936,-7.423857857461793,-10.0,-4.318350911408654,-4.672699234253525,-0.1512703891814567,0.001230602058199542,0.35845563510309436,0.05621966190311245,0.22563846583249939,0.35845563510309436,2.569323341582436,-1.2596187194260282,2.895731831405218,-0.8257715703134018,0.9127301460495575,-0.8046429934940829,3.1322233550678593,3.223989217519015,0.913744235693448,0.4677503550559303,4.216119328922202,1.9319360649900583,-5.92612506099936,-7.423857857461793,-10.0,-4.318350911408654,-4.672699234253525,-0.1512703891814567,-5.674301373086075,0.0,-1.8525383492844296,-0.4628708912596958,0.0
DS order-1.5 block Gaussian,20,40,global-box,5000,5000,47,time-budget,807.853569734958,40,701.0788288220065,-301704.1677465605,-4142.345558757679,1.0,0.681,0,7,33.57400197257393,0.27964480064504105,10.294923399322082,-0.004799233557171217,4.999999999999999,0.3006449021936152,0.3958287900585717,5.967750469809893,-3.0008536641007617,4.780112403545706,2.6620582330777225,5.108339961300055,-1.5276068428491871,-2.6512290019903033,-8.424107691757364,-3.282532119251316,-8.068971294537715,-6.369680528663186,0.2773314452348552,0.16159309845987574,0.06445639350058788,0.07268131356157059,0.42393774924311056,3.5137520166532417,-1.2742350502526902,2.3316508998811227,-0.47992335571712175,1.6094379124341003,-1.2018254375903705,0.3958287900585717,5.967750469809893,-3.0008536641007617,4.780112403545706,2.6620582330777225,5.108339961300055,-1.5276068428491871,-2.6512290019903033,-8.424107691757364,-3.282532119251316,-8.068971294537715,-6.369680528663186,-0.4243732825477868,-0.9645051890055858,-1.8835977012251295,-1.7635023100464737,0.0
DS order-1.5 block Gaussian,20,41,global-box,5000,5000,49,time-budget,856.0463641890092,45,702.8589492859319,-438950.89039409294,-4090.6200739797305,1.0,0.7285999999999999,0,7,10.076140894854149,0.6,29.488536469349455,-0.0023106516629879253,1.7570920699644064,0.27018966442228864,1.4534193073673476,3.804320158978083,-2.2104691527891185,0.5895783948157682,3.899884721214401,1.8602946355879517,-4.256061961389043,-2.866379463590939,-6.681797057370034,-8.048764998619223,-6.476708243376118,-7.610460519941559,0.27885307349312066,0.022436197239219753,0.11665533459487565,0.29102769733639194,0.29102769733639194,2.3101703416055956,-0.5108256237659907,3.384001593564119,-0.23106516629879253,0.5636602096330618,-1.3086311057705926,1.4534193073673476,3.804320158978083,-2.2104691527891185,0.5895783948157682,3.899884721214401,1.8602946355879517,-4.256061961389043,-2.866379463590939,-6.681797057370034,-8.048764998619223,-6.476708243376118,-7.610460519941559,-0.042733417687303814,-2.5627428396912677,-0.914194713438518,0.0,0.0
DS order-1.5 block Gaussian,20,42,global-box,5000,5000,41,time-budget,805.703446020023,37,704.0214710590662,-7577.369389526703,-4315.129065859546,1.0,0.3962,0,14,19.930615163933435,0.1052797389455071,1.012386585382957,-0.01,4.999999999999999,0.5,-2.2556345643082367,8.0,-1.1296130563910034,1.6301650605576519,3.165241580323287,5.376997206782411,-5.341569425438944,-5.418061622822066,-8.279531292400057,-1.9491137340292506,-1.5399978284164717,-0.5469922953014781,0.22530513852532158,0.2728529049658629,0.09995701813513526,0.1549850626814112,0.24689987569226915,2.9922569999768225,-2.2511342910291474,0.01231049928788592,-1.0,1.6094379124341003,-0.6931471805599453,-2.2556345643082367,8.0,-1.1296130563910034,1.6301650605576519,3.165241580323287,5.376997206782411,-5.341569425438944,-5.418061622822066,-8.279531292400057,-1.9491137340292506,-1.5399978284164717,-0.5469922953014781,-0.19147718566756788,0.0,-1.004192565385093,-0.565604097847992,-0.0999499474490183
DS order-1.5 block Gaussian,20,43,global-box,5000,5000,51,time-budget,804.4382136589848,45,702.7417375999503,-6192.69471715373,-4196.693574583215,1.0001968355938475,0.6732,0,0,13.408159675054348,0.37855613464968724,0.2,-0.01,4.999999999999999,0.5,0.05640148368950002,6.888168048041414,-0.28780686064593597,2.622430102789771,4.84502354264532,5.152971380477385,-4.806694582149189,0.0,-6.7334259511459225,-2.548638019462023,-9.359193930928432,-2.1452825926619834,0.037268303380378086,0.07784177434477804,0.06696421800133649,0.4712901705561194,0.34663553371738803,2.595863452607834,-0.9713909089118076,-1.6094379124341003,-1.0,1.6094379124341003,-0.6931471805599453,0.05640148368950002,6.888168048041414,-0.28780686064593597,2.622430102789771,4.84502354264532,5.152971380477385,-4.806694582149189,0.0,-6.7334259511459225,-2.548638019462023,-9.359193930928432,-2.1452825926619834,-2.537330787627627,-1.8007957453022574,-1.9513155606399304,0.0,-0.3072000848386862
DS order-1.5 block Gaussian,20,44,global-box,5000,5000,51,time-budget,804.4186471269932,45,702.72887356102,-5884.364418122119,-4175.279095183247,1.0074940360979976,0.47639999999999993,0,0,10.000000000000002,0.14125315849180167,3.575464278486572,-0.006099098210514337,3.0866871189385194,0.5,-0.9127714159585192,5.293816918515636,-3.8556356484499914,2.730675570113514,0.7876607802592597,4.215026281763657,-5.316101794639102,-9.151581274421762,-5.5380965277427645,-4.976099558487904,-2.8579059236567352,-0.020354684767385223,0.39460651387132384,0.39471813534739275,0.13178198634195404,0.009227443496806305,0.06966592094252305,2.302585092994046,-1.9572015482016847,1.2740950358219703,-0.6099098210514337,1.1270983859740262,-0.6931471805599453,-0.9127714159585192,5.293816918515636,-3.8556356484499914,2.730675570113514,0.7876607802592597,4.215026281763657,-5.316101794639102,-9.151581274421762,-5.5380965277427645,-4.976099558487904,-2.8579059236567352,-0.020354684767385223,-0.00028282779949531656,0.0,-1.0970229902426005,-3.7559898962264606,-1.7344606697166256
DS order-1.5 block Gaussian,20,45,global-box,5000,5000,49,time-budget,856.0591057699639,45,702.8364490818931,-5676.483579978582,-4013.0493792715997,1.0000000000006253,0.6004,0,7,14.838719911856453,0.46601709017817644,29.73899749997975,-0.0073505861941300845,2.7256852994546414,0.5,-0.5748019907064693,3.664812417059606,-0.3053845943971227,1.9425774560628961,4.008862475315456,3.9015151465971556,-3.7064568085309513,0.0,-9.849233565375897,-4.406738525378272,-6.258510752878728,-5.991178526033509,0.22436792271584824,0.06027106735895073,0.1708639063282458,0.287874623571306,0.25662248002564914,2.697239974709822,-0.7635329713268779,3.3924592316534894,-0.7350586194130084,1.0027198825362948,-0.6931471805599453,-0.5748019907064693,3.664812417059606,-0.3053845943971227,1.9425774560628961,4.008862475315456,3.9015151465971556,-3.7064568085309513,0.0,-9.849233565375897,-4.406738525378272,-6.258510752878728,-5.991178526033509,-0.2492378339967906,-1.563672873567695,-0.5216576803233898,0.0,-0.11491899491348354
DS order-1.5 block Gaussian,20,46,global-box,5000,5000,46,time-budget,805.2636585319415,40,711.8365922649391,-5331.320926083036,-4032.236282166291,1.0014179048914462,0.8128,0,8,15.831132030361564,0.3437416248083086,17.64713303395626,-0.004411544409420709,2.3612723336673485,0.22114784163016715,0.8352311282497191,5.321055495215596,-3.561766612723091,0.389359812933157,5.261434317892558,2.0405293326940024,-3.39927359818462,-3.7541931169340588,-8.628832825076145,-4.494967638555191,-6.877585596438534,-2.0536886290765106,0.28429786167324794,0.12946050915201218,0.13065409972276726,0.11033757151476303,0.34524995793720964,2.7619783830455917,-1.0678649944921792,2.8705733358486643,-0.4411544409420709,0.8592005981974695,-1.508923834470494,0.8352311282497191,5.321055495215596,-3.561766612723091,0.389359812933157,5.261434317892558,2.0405293326940024,-3.39927359818462,-3.7541931169340588,-8.628832825076145,-4.494967638555191,-6.877585596438534,-2.0536886290765106,-0.19424617320231463,-0.9808927844563547,-0.9717152995504301,-1.1407241719648251,0.0
DS order-1.5 block Gaussian,20,47,global-box,5000,5000,47,time-budget,807.8766452729469,40,701.0814081699355,-6597.005779511014,-4314.764100270157,1.0033960370713866,0.6235999999999999,0,7,15.87941529794801,0.3606369041925856,12.872962964468567,-0.007732025423129349,3.122274624524275,0.46841407367694243,-0.3797639984197323,4.550241377531596,-0.642608389329822,0.9869630968936751,4.389891129284382,2.2435362502367724,-3.0822870858176286,-3.2891082493425094,-9.915327157459442,-5.480075716848248,-6.574853820418527,-5.941481832786252,0.1677742200012781,0.2600794604284099,0.13149682785241454,0.18057003128948762,0.2600794604284099,2.765023635112653,-1.0198836323718026,2.5551292176803164,-0.773202542312935,1.1385617825180985,-0.7584026014312566,-0.3797639984197323,4.550241377531596,-0.642608389329822,0.9869630968936751,4.389891129284382,2.2435362502367724,-3.0822870858176286,-3.2891082493425094,-9.915327157459442,-5.480075716848248,-6.574853820418527,-5.941481832786252,-0.4383680543989815,0.0,-0.6820044728249678,-0.36486851384696595,0.0
DS order-1.5 block Gaussian,20,48,global-box,5000,5000,47,time-budget,807.8050891369348,40,700.9602862179745,-108486.76826889551,-4231.868498021729,1.0,0.5246,0,7,10.000000000000002,0.6,12.823657051112567,-0.01,4.999999999999999,0.5,0.1801911645465544,0.0,-2.1179266598300313,2.969229509613184,2.632602486557533,5.816023305692911,-4.822454850453373,-3.3617499082110727,-6.191241772725523,-5.840185272256177,-7.6898801347407355,-3.369902094934175,0.23914621968786842,0.2489102819790017,0.15841743379967757,0.19924109436068227,0.15428497017277015,2.302585092994046,-0.5108256237659907,2.5512916722104637,-1.0,1.6094379124341003,-0.6931471805599453,0.1801911645465544,0.0,-2.1179266598300313,2.969229509613184,2.632602486557533,5.816023305692911,-4.822454850453373,-3.3617499082110727,-6.191241772725523,-5.840185272256177,-7.6898801347407355,-3.369902094934175,-0.04001735548222965,0.0,-0.45185898300830357,-0.22257689733334124,-0.4782911701018635
DS order-1.5 block Gaussian,20,49,global-box,5000,5000,47,time-budget,807.7394551229663,40,700.9556668789592,-5007.185403511767,-4342.466654373892,1.0693802368691596,0.5508,0,7,10.000000000000002,0.6,29.234145763183324,-0.00822805098386275,2.866255823643508,0.3725061546614502,-0.863683088500686,4.690932411789289,-2.557860203636268,1.2871175111518143,3.990366550478885,3.46153890082445,-3.7579381380942753,-1.2877057160101169,-9.580374621576212,-8.435705086659453,-4.365207567639513,-9.273311789930045,0.28409120101752605,0.28409120101752605,0.10873322828470958,0.0389931686627123,0.28409120101752605,2.302585092994046,-0.5108256237659907,3.375337401538796,-0.8228050983862751,1.053006586986782,-0.9875017187179448,-0.863683088500686,4.690932411789289,-2.557860203636268,1.2871175111518143,3.990366550478885,3.46153890082445,-3.7579381380942753,-1.2877057160101169,-9.580374621576212,-8.435705086659453,-4.365207567639513,-9.273311789930045,0.0,0.0,-0.9603978815473776,-1.9859088486609464,0.0
DS order-1.5 block Gaussian,20,50,global-box,5000,5000,49,time-budget,855.703640416963,45,702.5109235239215,-5197.76496389506,-3950.5014138803394,1.0000080909481768,0.6664,0,7,17.29970484076813,0.1523282155619571,18.50218794181254,-0.005668085874559581,2.432838631842339,0.2308859354200412,-1.2552940479904906,6.321894278679277,-3.08709878654436,2.6593658771739848,3.4928497920417976,3.5144783023935315,-1.702464173757105,-0.33174307257549795,-9.460420842211647,-5.783130867682331,-6.782438285353113,-5.7802888724193755,0.14701203837562796,0.41866189343660126,0.22112519095780764,0.17707200092408612,0.03612887630587696,2.850689440130913,-1.8817177731937629,2.9178889922162763,-0.5668085874559581,0.8890587368349859,-1.4658314764732552,-1.2552940479904906,6.321894278679277,-3.08709878654436,2.6593658771739848,3.4928497920417976,3.5144783023935315,-1.702464173757105,-0.33174307257549795,-9.460420842211647,-5.783130867682331,-6.782438285353113,-5.7802888724193755,-1.0465491801304316,0.0,-0.6383346412142081,-0.8605072225266837,-2.4499712140069008
DS order-1.5 block Gaussian,20,51,global-box,5000,5000,47,time-budget,807.7713931910694,40,700.9955627809977,-8623.24821173885,-4232.738691093526,1.000000032933457,0.49039999999999995,0,7,22.911885523218043,0.16292570283759547,7.360865017444828,-0.0018045329148903776,2.356309573593214,0.26877706864670425,2.1089893841429213,4.543335381003851,-0.0020662378528971542,3.6960624695539632,3.7709204238210665,3.4454209779325558,-2.8752036797888807,-3.4187335390493794,-6.339401070322746,-8.834216899604149,-9.700016629228534,-3.2435966521071675,0.2601993923976911,0.2601993923976911,0.14862076913260508,0.08731258632595294,0.24366785974605978,3.1316557943978256,-1.8144609929009985,1.9961774553788634,-0.18045329148903777,0.8570966551171526,-1.3138729840663619,2.1089893841429213,4.543335381003851,-0.0020662378528971542,3.6960624695539632,3.7709204238210665,3.4454209779325558,-2.8752036797888807,-3.4187335390493794,-6.339401070322746,-8.834216899604149,-9.700016629228534,-3.2435966521071675,0.0,0.0,-0.5600503430618544,-1.091953605222323,-0.06564216351163898
DS order-1.5 block Gaussian,20,52,global-box,5000,5000,49,time-budget,855.9707472810987,45,702.7509983410127,-24425.50915788821,-4185.34376784215,1.0,0.3064,0,7,18.308966769062003,0.3717872957757348,0.32105031302878834,-0.01,4.999999999999999,0.5,0.34137600910807425,7.065058979942787,-0.7821411815065474,5.212792407512039,2.467239454087386,6.203369880764477,0.0,-6.184990447268109,-6.676690425756,-5.4802833320572555,-0.5466801350652359,-5.984803296754795,0.46707450990743143,0.46707450990743143,0.005917224026145045,0.0027802479342436967,0.057153508224748475,2.907390927223195,-0.9894333737897871,-1.1361574297268617,-1.0,1.6094379124341003,-0.6931471805599453,0.34137600910807425,7.065058979942787,-0.7821411815065474,5.212792407512039,2.467239454087386,6.203369880764477,0.0,-6.184990447268109,-6.676690425756,-5.4802833320572555,-0.5466801350652359,-5.984803296754795,0.0,0.0,-4.368621370646507,-5.123948686359561,-2.1007480204485334
DS order-1.5 block Gaussian,20,53,global-box,5000,5000,45,time-budget,802.7504583420232,40,722.6735375369899,-14675.530702604407,-4075.4105929360016,1.0,0.725,0,9,12.526857945412647,0.4813625630031356,20.56761339162837,-0.004267582508007801,1.993698698827266,0.4798375744730289,-0.8270644553789473,4.940355982675178,-1.8880086907258584,2.4431107848750777,4.198269419644145,3.2638593040546993,-5.540796497378609,-0.39433133064256853,-6.598369564959626,-7.947898234386079,-6.771333722731625,-2.4305671635587847,0.15877158724541693,0.06709036238165927,0.2203933082120294,0.4068509341863931,0.14689380797450138,2.527874974924895,-0.731134523580444,3.0237176731916544,-0.42675825080078017,0.6899915562242412,-0.7343076188603592,-0.8270644553789473,4.940355982675178,-1.8880086907258584,2.4431107848750777,4.198269419644145,3.2638593040546993,-5.540796497378609,-0.39433133064256853,-6.598369564959626,-7.947898234386079,-6.771333722731625,-2.4305671635587847,-0.940980252108244,-1.8024064602984942,-0.6130331484810998,0.0,-1.0187369322898887
DS order-1.5 block Gaussian,20,54,global-box,5000,5000,47,time-budget,807.8522301689954,40,701.0700709329685,-5165.35310791884,-4203.3075002756195,1.001259392796017,0.5194,0,7,19.083566288537202,0.12143326680216278,8.367802879142815,-0.009979706182536267,4.628168354652456,0.49258722091948964,-4.0,2.5677452016227096,-1.017131449503639,3.9837568961848855,2.9315436362080174,5.273451708276815,-1.7096416705786368,0.0,-4.6620900653316735,-6.076713433417859,-6.115949849366153,-3.437292350476426,0.27259387276549407,0.08186041153867804,0.2339216606985819,0.13510348633024225,0.27652056866700375,2.948827560951323,-2.1083904115181507,2.1243913505373184,-0.9979706182536268,1.532161186079567,-0.7080837357363641,-4.0,2.5677452016227096,-1.017131449503639,3.9837568961848855,2.9315436362080174,5.273451708276815,-1.7096416705786368,0.0,-4.6620900653316735,-6.076713433417859,-6.115949849366153,-3.437292350476426,-0.014302165594030008,-1.2172697091887918,-0.16729893162219947,-0.7162441574016225,0.0
DS order-1.5 block Gaussian,20,55,global-box,5000,5000,47,time-budget,807.8302100150613,40,701.0320613259682,-344285.3118135581,-4180.671730534414,1.0,0.5518,0,7,16.393031645317905,0.1520102268116897,9.025585407537157,-0.01,4.15146727434712,0.5,1.8205111259560502,2.0141364444215055,-1.3040102740291328,1.1451963638028935,2.9599674259640643,3.019996086047254,-1.7385237442687194,-5.2443303724471555,-2.3199550678158745,-7.946932860324241,-1.426407875226279,-7.965365941196564,0.2804487498848552,0.28171201347375946,0.03138323325957072,0.11253376692702964,0.2939222364547849,2.7968563448589694,-1.8838074787433163,2.200063367216365,-1.0,1.4234618318386123,-0.6931471805599453,1.8205111259560502,2.0141364444215055,-1.3040102740291328,1.1451963638028935,2.9599674259640643,3.019996086047254,-1.7385237442687194,-5.2443303724471555,-2.3199550678158745,-7.946932860324241,-1.426407875226279,-7.965365941196564,-0.04692423208606552,-0.042429910185201564,-2.2370414528225044,-0.9600619034266014,0.0
DS order-1.5 block Gaussian,20,56,global-box,5000,5000,47,time-budget,807.609938072972,40,700.8387966760201,-34390.05811282662,-4000.0875625807657,1.0,0.5808,0,7,10.371207464897696,0.15693842485807316,18.63771994075712,-0.005573865728323731,2.1030149655110466,0.4517171259048422,0.4192708878669889,5.229352553870323,-3.2165981853256813,0.6503700950267227,4.73876956808867,2.7616593147227526,-1.3414543059977664,-6.967364619223718,-3.954276126912052,-6.3295742564647,-9.821979871098586,-6.422137691055121,0.21687902745537935,0.06941412922960102,0.0893767745656776,0.35963343541732723,0.2646966333320148,2.339033453736671,-1.8519017489199414,2.9251874810008163,-0.5573865728323731,0.7433720129629771,-0.7946991227059227,0.4192708878669889,5.229352553870323,-3.2165981853256813,0.6503700950267227,4.73876956808867,2.7616593147227526,-1.3414543059977664,-6.967364619223718,-3.954276126912052,-6.3295742564647,-9.821979871098586,-6.422137691055121,-0.505745556816767,-1.6449948397493988,-1.3922244216475395,0.0,-0.30650088739887543
DS order-1.5 block Gaussian,20,57,global-box,5000,5000,47,time-budget,807.7823009069543,40,701.0039644489298,-6867.506965581533,-4033.918120966823,1.0000224486095932,0.5098,0,7,10.3427561297853,0.09470589280536824,30.000000000000004,-0.002407052670560401,2.17600757341462,0.41332073909539346,1.768543532487121,3.844735188400576,-2.5034395765774886,3.7885839634985814,2.6658934601944755,3.343875045793852,-1.5369263784792686,-6.082684309748059,-9.017900059160203,-6.881472673333439,-3.2079827303282737,-3.373636757797384,0.30528890394595437,0.16284204549760317,0.07922836958179541,0.1473517770286927,0.30528890394595437,2.336286383831443,-2.356979054692608,3.4011973816621555,-0.2407052670560401,0.7774918094171525,-0.8835313794458817,1.768543532487121,3.844735188400576,-2.5034395765774886,3.7885839634985814,2.6658934601944755,3.343875045793852,-1.5369263784792686,-6.082684309748059,-9.017900059160203,-6.881472673333439,-3.2079827303282737,-3.373636757797384,0.0,-0.6284778693730798,-1.3489241178524374,-0.7284357852967591,0.0
DS order-1.5 block Gaussian,20,58,global-box,5000,5000,47,time-budget,807.876524676918,40,701.0951646589674,-17035.237694391406,-4186.132087414723,1.0,0.7727999999999999,0,7,10.000000000000002,0.6,30.000000000000004,-0.01,3.447279233512789,0.48423144531453177,-0.20050030748006464,3.87830152120033,0.674261595527913,0.0,0.0,3.9179860597142118,-5.956561225019484,-1.5148810073836134,-9.159741922536664,-6.385224684792243,-2.9502124949085546,-3.341507717203657,0.20749995638336013,0.017551262229457836,0.10920639110599539,0.3351775400760638,0.33056485020512283,2.302585092994046,-0.5108256237659907,3.4011973816621555,-1.0,1.2375852919453372,-0.7251922937646262,-0.20050030748006464,3.87830152120033,0.674261595527913,0.0,0.0,3.9179860597142118,-5.956561225019484,-1.5148810073836134,-9.159741922536664,-6.385224684792243,-2.9502124949085546,-3.341507717203657,-0.47952923234661743,-2.9495344925846263,-1.1214207736068054,0.0,-0.013857503300876133
DS order-1.5 block Gaussian,20,59,global-box,5000,5000,47,time-budget,807.8510788739659,40,701.0723140910268,-6978.439567792022,-4038.355362782955,1.0042619454231592,0.5025999999999999,0,7,10.725208602072172,0.5594430210416348,0.46747293025818254,-0.008264257740941215,2.2196870086932106,0.42632684902386714,0.7222583982820248,3.9883819387757002,0.2960130459434143,1.5012752595166305,4.15156335435088,2.927355172248018,-5.70666817795376,-2.0884676257182435,-8.600080330302912,-9.324210358799244,-4.898402893901569,-4.570008653878026,0.29131764372168556,0.29423232760631507,0.07948878341662433,0.026342843318187956,0.3086184019371871,2.3725969147015897,-0.5808135954837839,-0.7604138351209032,-0.8264257740941215,0.7973661988694457,-0.8525489756697892,0.7222583982820248,3.9883819387757002,0.2960130459434143,1.5012752595166305,4.15156335435088,2.927355172248018,-5.70666817795376,-2.0884676257182435,-8.600080330302912,-9.324210358799244,-4.898402893901569,-4.570008653878026,-0.057691337502461915,-0.047735883312621366,-1.3564896459302405,-2.460908931268053,0.0
DS order-1.5 block Gaussian,20,60,global-box,5000,5000,51,time-budget,804.6272216970101,45,702.923430987983,-44946.71331669079,-4136.144325512494,1.0,0.5733999999999999,0,0,10.000000000000002,0.12877654791134172,19.155920527305007,-0.009990746940812308,2.422197455830561,0.46281443585852466,-3.106343667541701,2.4548525546093676,0.3291722420310224,0.805569568336075,3.613831574113415,3.8261440171094248,0.0,-5.83155951472007,-4.343253620454815,-4.840933939255291,-5.3030039129484345,-4.751264909935379,0.38324792090553195,0.16580545826914359,0.017452978248442733,0.05380383558143885,0.3796898069954429,2.302585092994046,-2.049676563324403,2.9526118337614315,-0.9990746940812308,0.8846751677494439,-0.7704290917149393,-3.106343667541701,2.4548525546093676,0.3291722420310224,0.805569568336075,3.613831574113415,3.8261440171094248,0.0,-5.83155951472007,-4.343253620454815,-4.840933939255291,-5.3030039129484345,-4.751264909935379,0.0,-0.8378669298708282,-3.089171785484577,-1.963337334871398,-0.009327470845292875
DS order-1.5 block Gaussian,20,61,global-box,5000,5000,51,time-budget,804.5499479140854,45,702.8609525520587,-5245.60239518948,-3965.9127234321118,1.0062357301438696,0.8032,0,0,10.533500443198067,0.6,29.928650605884997,-0.0054250231892564475,2.7687231789698483,0.47371140664494377,-0.8843932574813307,0.1575496958055645,-3.4985832060527353,2.7086171109368165,3.1512809609300407,3.238330300196531,-4.3374964673478855,-0.6541332200421759,-7.33365691065793,-10.0,-3.021725665301343,-10.0,0.3945549206307316,0.046522026689422916,0.028847626721209357,0.13552050532790455,0.3945549206307316,2.354560696659487,-0.5108256237659907,3.3988162358460765,-0.5425023189256447,1.0183862677106095,-0.7471569894501287,-0.8843932574813307,0.1575496958055645,-3.4985832060527353,2.7086171109368165,3.1512809609300407,3.238330300196531,-4.3374964673478855,-0.6541332200421759,-7.33365691065793,-10.0,-3.021725665301343,-10.0,0.0,-2.137832453708096,-2.6157306195163414,-1.068635386686662,0.0
DS order-1.5 block Gaussian,20,62,global-box,5000,5000,49,time-budget,866.995439123013,44,700.4259888349334,-16868.32925163804,-4298.173829114975,1.0,0.4806,0,8,31.796642272832138,0.24454853920215514,9.619617734381563,-0.005499161354381492,4.8352762038078705,0.5,1.4221489817117403,4.760241905269382,2.280900411024665,0.0,1.2668687333456807,4.987382792400263,-0.974152111204096,-5.872977080933147,-6.309119035865409,-5.024209589559657,-0.9166812238857385,-3.5399617183504803,0.29370866213059826,0.30047386037925006,0.038292308174186954,0.05382616483163847,0.3136990044843263,3.4593606953065805,-1.4083414654263675,2.2638045273373244,-0.5499161354381492,1.575938253190464,-0.6931471805599453,1.4221489817117403,4.760241905269382,2.280900411024665,0.0,1.2668687333456807,4.987382792400263,-0.974152111204096,-5.872977080933147,-6.309119035865409,-5.024209589559657,-0.9166812238857385,-3.5399617183504803,-0.0658456108336118,-0.04307317862655928,-2.103184896671357,-1.7626742576218533,0.0
DS order-1.5 block Gaussian,20,63,global-box,5000,5000,47,time-budget,807.9040370240109,40,701.1138549729949,-24536.76425402698,-4125.419134226047,1.0,0.5642,0,7,11.147544066380048,0.4714351461934874,19.009700492329095,-0.01,3.246919897573012,0.5,-2.313250211919906,5.147866595222174,-1.7714216724687017,2.2920825356935617,3.4780762020190825,0.7106372759624592,-4.991766634989032,-0.8747654319562306,-10.0,-9.464845097872416,-2.272866601847686,-5.526288548498661,0.12251051206828326,0.08423797876990978,0.36178489614314263,0.366008565121873,0.06545804789679126,2.411219210539719,-0.751973734209096,2.9449494011068427,-1.0,1.1777068231437904,-0.6931471805599453,-2.313250211919906,5.147866595222174,-1.7714216724687017,2.2920825356935617,3.4780762020190825,0.7106372759624592,-4.991766634989032,-0.8747654319562306,-10.0,-9.464845097872416,-2.272866601847686,-5.526288548498661,-1.094459895994489,-1.4690108612715318,-0.011606909435894678,0.0,-1.721247287785418
DS order-1.5 block Gaussian,20,64,global-box,5000,5000,47,time-budget,807.7657324960455,40,700.9813801329583,-43824.98203611415,-4345.406802400211,1.0,0.45819999999999994,0,7,12.793876293984198,0.5287851074616489,12.372565595435148,-0.0015382301451768916,2.747845237331902,0.5,1.1358504652726922,4.790673999818213,-3.838834931257727,3.28194708020257,4.522986503740838,0.0,-2.083591330795455,-7.35015691785741,-10.0,-3.4485993220052764,-2.224731041860002,-10.0,0.12598606281435118,0.15899061830811673,0.4668283869212887,0.22029362143971445,0.027901310516528968,2.5489666419163415,-0.6371731537352497,2.515481569542127,-0.15382301451768915,1.0108170544815562,-0.6931471805599453,1.1358504652726922,4.790673999818213,-3.838834931257727,3.28194708020257,4.522986503740838,0.0,-2.083591330795455,-7.35015691785741,-10.0,-3.4485993220052764,-2.224731041860002,-10.0,-1.309790422056765,-1.0771165141777665,0.0,-0.7510004108897352,-2.8172880506629308
DS order-1.5 block Gaussian,20,65,global-box,5000,5000,51,time-budget,804.8229095779825,45,703.0865424000658,-442906.6512893678,-4066.765144169144,1.0,0.5942000000000001,0,0,17.029625612171944,0.41809034264825096,1.680909754578038,-0.008522007007118254,4.674403609675423,0.3248118844628946,1.8150078647787429,3.0060517334076082,-0.5670477920385665,3.913948145372284,2.973123673229011,3.928303839004037,-2.1735444279919047,-0.7760428722987722,-6.850436648663426,-8.2810376372339,-2.784698784302281,-8.143033191315443,0.22299559968268579,0.2124691424456227,0.22863031920638593,0.2259168776088386,0.10998806105646694,2.834954510414856,-0.8720577390728214,0.5193351674279738,-0.8522007007118253,1.542101584479986,-1.1245090812688965,1.8150078647787429,3.0060517334076082,-0.5670477920385665,3.913948145372284,2.973123673229011,3.928303839004037,-2.1735444279919047,-0.7760428722987722,-6.850436648663426,-8.2810376372339,-2.784698784302281,-8.143033191315443,-0.02495433361453564,-0.07330960671574464,0.0,-0.01193923908836857,-0.7317345484636569
DS order-1.5 block Gaussian,20,66,global-box,5000,5000,47,time-budget,807.6201742360136,40,700.8464487619931,-10573.798141804116,-4901.280669839647,1.0000000094117922,0.48919999999999997,0,7,40.0,0.07952017925428759,4.710322101962749,-0.003430565201406773,4.999999999999999,0.5,0.45713363114942224,7.654639623778653,2.7553306537536875,5.64296517732536,6.1201891101704335,8.0,0.0,-2.710266464297759,-7.046113313930077,-4.68325047380364,-2.3360631756591053,-4.176358850706739,0.0984547184167606,0.1464061326300002,0.2588452866142897,0.2361111348462751,0.26018272749267446,3.6888794541139363,-2.5317444624325414,1.549756292518663,-0.34305652014067733,1.6094379124341003,-0.6931471805599453,0.45713363114942224,7.654639623778653,2.7553306537536875,5.64296517732536,6.1201891101704335,8.0,0.0,-2.710266464297759,-7.046113313930077,-4.68325047380364,-2.3360631756591053,-4.176358850706739,-0.9717874512440307,-0.5749996920183256,-0.005153647981397927,-0.09708157766968263,0.0
DS order-1.5 block Gaussian,20,67,global-box,5000,5000,47,time-budget,807.84576452896,40,701.0651998999529,-19737.130095894165,-4083.3630168215964,1.0,0.5962000000000001,0,7,10.000000000000002,0.3381502989933283,30.000000000000004,-0.01,3.674965535717947,0.3480639392272998,0.042330840031719455,4.787637742176114,-2.4001375524235664,1.4332187519678818,3.810585352457797,2.4010875640630385,-2.8785514397591827,-2.807209244320645,-7.248209639211969,-9.876609712475377,-3.295167403302662,-4.107467939586232,0.15815114579253656,0.06645403038940709,0.3495346893344044,0.3495346893344044,0.07632544514924756,2.302585092994046,-1.084264810758331,3.4011973816621555,-1.0,1.3015437545848931,-1.055369082672798,0.042330840031719455,4.787637742176114,-2.4001375524235664,1.4332187519678818,3.810585352457797,2.4010875640630385,-2.8785514397591827,-2.807209244320645,-7.248209639211969,-9.876609712475377,-3.295167403302662,-4.107467939586232,-0.7930516162254163,-1.6600923746410128,0.0,0.0,-1.5215964400340096
DS order-1.5 block Gaussian,20,68,global-box,5000,5000,47,time-budget,807.8482361839851,40,701.0747305549448,-7976.075424037378,-4007.0048829752914,1.0000000002959624,0.915,0,7,13.73487115576972,0.05231213008802348,10.234167099834956,-0.0038558485595241625,2.383727894378909,0.25780143284523444,1.3127788711540131,5.985847768262862,-2.9001393989370388,2.9652131360674376,4.203248762709135,3.531838971505435,-2.8105684665031507,-5.668087780262753,-2.6160697323600823,-7.519937100027283,-5.035389310187932,-0.00988593546876813,0.22632519398640003,0.22632519398640003,0.1633484732195863,0.15767594482121372,0.22632519398640003,2.619937938780247,-2.9505270019541276,2.3257318381599936,-0.38558485595241626,0.8686656044249557,-1.3555656305202906,1.3127788711540131,5.985847768262862,-2.9001393989370388,2.9652131360674376,4.203248762709135,3.531838971505435,-2.8105684665031507,-5.668087780262753,-2.6160697323600823,-7.519937100027283,-5.035389310187932,-0.00988593546876813,0.0,0.0,-0.3260870851535079,-0.3614309317368605,0.0
DS order-1.5 block Gaussian,20,69,global-box,5000,5000,51,time-budget,804.5253512940835,45,702.8186632200377,-6167.2644330882895,-4088.7586724560947,1.0002868686535626,0.5025999999999999,0,0,34.428317842922915,0.13491269711112341,10.794456876709598,-0.0027550492088798863,3.6419000376473014,0.5,1.681179243484216,6.201432008340353,0.36927964091043336,1.4815734429075746,3.895497104361047,4.474391093042242,-3.708060318928023,-2.4599880950339466,-4.221818079203597,-3.7125170611969187,-1.658374155394891,-9.596568198980988,0.22734510081813397,0.20726548023262995,0.08841734185838582,0.2492128488474433,0.2277592282434069,3.53887941884996,-2.0031273978023805,2.3790327502146815,-0.2755049208879886,1.2925055338247566,-0.6931471805599453,1.681179243484216,6.201432008340353,0.36927964091043336,1.4815734429075746,3.895497104361047,4.474391093042242,-3.708060318928023,-2.4599880950339466,-4.221818079203597,-3.7125170611969187,-1.658374155394891,-9.596568198980988,-0.09183821500179652,-0.18430686121818088,-1.0362392206946636,0.0,-0.09001829146720713
DS order-1.5 block Gaussian,20,70,global-box,5000,5000,47,time-budget,807.9864156680414,40,701.1991486420156,-14815.99661366128,-4148.983079452408,1.0000000000150067,0.5516,0,7,10.000000000000002,0.6,2.915694681876846,-0.007362441152217038,2.98613853775441,0.3303609044053476,-1.9402926797756201,4.026567906860163,-2.907394221349944,4.853472527457545,0.558106256529132,5.75965264216205,-3.106178320497278,-1.3661866285053461,-6.435973940059952,-5.5060904656110266,-7.611078544833444,-6.16931659330289,0.19444869303085327,0.2676286321569226,0.1587602455082914,0.16037826981862052,0.21878415948531207,2.302585092994046,-0.5108256237659907,1.0701081042327114,-0.7362441152217039,1.0939810938057886,-1.1075695724076144,-1.9402926797756201,4.026567906860163,-2.907394221349944,4.853472527457545,0.558106256529132,5.75965264216205,-3.106178320497278,-1.3661866285053461,-6.435973940059952,-5.5060904656110266,-7.611078544833444,-6.16931659330289,-0.31943197941690626,0.0,-0.5222051443073217,-0.5120651073239026,-0.20151464793897264
DS order-1.5 block Gaussian,20,71,global-box,5000,5000,47,time-budget,807.8252859630156,40,701.037787934998,-4915.743126576755,-4125.400121126186,1.0097326794888584,0.5222,0,7,32.51077126576034,0.17098816887190785,10.725755574431536,-0.007999092587682994,3.946287564043175,0.4152164033171775,1.2129608339733569,5.810639875396425,-0.6562509591447814,3.0903438154596796,2.9207218557058137,4.350643979924204,-2.9728102531297855,-3.357825320131662,-7.431522203264186,-3.017380639802975,-3.3930054171897703,-1.3404685510939793,0.05441443326634324,0.07519038429057495,0.04876816568359871,0.3497520969122134,0.47187491984726965,3.4815714579888914,-1.766160912756649,2.372647912163054,-0.7999092587682994,1.3727752797660584,-0.8789554408848828,1.2129608339733569,5.810639875396425,-0.6562509591447814,3.0903438154596796,2.9207218557058137,4.350643979924204,-2.9728102531297855,-3.357825320131662,-7.431522203264186,-3.017380639802975,-3.3930054171897703,-1.3404685510939793,-2.1600845140757077,-1.8366905958396573,-2.2696361927012703,-0.2994893411553421,0.0
DS order-1.5 block Gaussian,20,72,global-box,5000,5000,44,time-budget,800.145781381987,40,733.4058015929768,-11201.033113317228,-4096.510381677341,1.000000025119672,0.7766,0,10,29.23293548948386,0.20791039402053763,4.052055597451862,-0.006338461002521127,3.2221629759314996,0.4132063535267284,2.526175089936491,5.415148578799834,0.3295260566445297,3.247211102104244,3.849559570138461,3.855379607653987,-0.4073948537765565,-8.765144832948865,-0.01935761425957696,-7.035161467559565,-1.313361512651058,-3.514395781562298,0.12018382616546312,0.06551777018004547,0.3509356032190292,0.1042647039600925,0.35909809647536967,3.375296001363733,-1.5706480900791113,1.3992243072823993,-0.6338461002521126,1.1700528657013363,-0.8838081654591082,2.526175089936491,5.415148578799834,0.3295260566445297,3.247211102104244,3.849559570138461,3.855379607653987,-0.4073948537765565,-8.765144832948865,-0.01935761425957696,-7.035161467559565,-1.313361512651058,-3.514395781562298,-1.0945731450417648,-1.701274194092918,-0.0229928603761633,-1.236662704483801,0.0
DS order-1.5 block Gaussian,20,73,global-box,5000,5000,49,time-budget,856.1834070549812,45,702.896870831959,-8399.716028513998,-4286.32016813344,1.0000000000047748,0.5244,0,7,10.000000000000002,0.43395966388794766,30.000000000000004,-0.008239383101275066,3.608828248657454,0.5,2.0253210203660728,2.736586847997397,0.2549929620172357,4.448247127412294,0.27588966720405406,2.5843322158452877,-3.5186635812066833,-3.2235316444826148,-10.0,-8.177361666917518,-3.0767647125649544,-1.948525261817381,0.11392589102403873,0.053957780906560546,0.3981601659645991,0.3334672188922175,0.10048894321258414,2.302585092994046,-0.8348036895513052,3.4011973816621555,-0.8239383101275066,1.2833831347962914,-0.6931471805599453,2.0253210203660728,2.736586847997397,0.2549929620172357,4.448247127412294,0.27588966720405406,2.5843322158452877,-3.5186635812066833,-3.2235316444826148,-10.0,-8.177361666917518,-3.0767647125649544,-1.948525261817381,-1.2513061931139309,-1.9986524456709718,0.0,-0.1773097850308927,-1.376806647717625
DS order-1.5 block Gaussian,20,74,global-box,5000,5000,4,non-finite-path-or-score,69.08250777400099,4,69.08247802895494,-36705.59145179238,-5569.480185707924,1.0,0.4728,0,0,25.539973284566067,0.0552375686602928,19.401790641018852,-0.009182466791769787,4.999999999999999,0.5,0.7207298789925402,4.052896076049976,0.7671053696112289,6.00276228415581,7.074195543953795,4.836057922331379,-6.362014760256418,-2.3305071317679062,-3.870773141512813,-6.29769573465725,-7.7615990316414045,-8.066232320324657,0.25265057191553075,0.30734653430700515,0.09777330958263104,0.14532737611049149,0.19690220808434158,3.240244804580591,-2.8961119655245975,2.9653653628932455,-0.9182466791769788,1.6094379124341003,-0.6931471805599453,0.7207298789925402,4.052896076049976,0.7671053696112289,6.00276228415581,7.074195543953795,4.836057922331379,-6.362014760256418,-2.3305071317679062,-3.870773141512813,-6.29769573465725,-7.7615990316414045,-8.066232320324657,-0.19596849184000228,0.0,-1.1453242556010998,-0.7489869234672246,-0.44526868741794123
DS order-1.5 block Gaussian,20,75,global-box,5000,5000,51,time-budget,804.7408371519996,45,703.0113790860632,-10578.097161374852,-3957.3803980979874,1.0,0.6026,0,0,35.027138480896255,0.101841662511489,7.081307897126389,-0.009674336899066573,4.265827540265597,0.5,2.338332114383764,5.579610560392512,-0.16283052428323933,4.577823674159707,3.103461383393606,5.456031981534505,-2.4682382998181125,-0.9243541439964401,-2.3546612604572874,-4.429209005463036,-7.8931705363156945,-8.998013324541363,0.3567455536971648,0.04006777627483663,0.15186477523775946,0.061899773920006215,0.38942212087023287,3.556123146202101,-2.284336000126553,1.9574586218774561,-0.9674336899066573,1.4506361926650815,-0.6931471805599453,2.338332114383764,5.579610560392512,-0.16283052428323933,4.577823674159707,3.103461383393606,5.456031981534505,-2.4682382998181125,-0.9243541439964401,-2.3546612604572874,-4.429209005463036,-7.8931705363156945,-8.998013324541363,-0.08764110597931998,-2.274091471803938,-0.9416734106098701,-1.8391473715594726,0.0
DS order-1.5 block Gaussian,20,76,global-box,5000,5000,49,time-budget,855.9953711900162,45,702.7937608739594,-8608.71351679676,-5033.033504224425,1.0159363418054839,0.2542,0,7,21.1999254307346,0.03750376273102492,6.058970658507042,-0.002653800821232678,4.999999999999999,0.5,2.0724107324485765,6.283848649945795,1.9575522175409057,7.165163011070549,2.3364667488625437,6.417952051087838,-0.6376980330400256,-0.9563467568208337,-7.2928535337773175,-2.1081871587387844,-7.085791260576393,-4.874210148542549,0.24378638180665416,0.2448205135931323,0.1317125379081793,0.11174757637127541,0.2679329903207588,3.0539976642536013,-3.2833140115454444,1.8015399273214916,-0.2653800821232678,1.6094379124341003,-0.6931471805599453,2.0724107324485765,6.283848649945795,1.9575522175409057,7.165163011070549,2.3364667488625437,6.417952051087838,-0.6376980330400256,-0.9563467568208337,-7.2928535337773175,-2.1081871587387844,-7.085791260576393,-4.874210148542549,-0.09444455569609196,-0.09021156864510836,-0.7101151083944035,-0.8744943678243452,0.0
DS order-1.5 block Gaussian,20,77,global-box,5000,5000,51,time-budget,804.7794418829726,45,703.0611792589771,-235832.6434512471,-4220.010022075671,1.0,0.582,0,0,10.000000000000002,0.160545073040358,30.000000000000004,-0.01,2.9808193338554942,0.5,-1.521931982015058,2.8228434661822153,-0.058939515262927025,3.2591178403539343,1.8489996290831134,5.549208435955263,-2.453950181831826,-0.24752398295745082,-6.040494463871878,-8.249744172529711,-4.942401092974034,-0.002217294244036964,0.12583876558620824,0.13043924390239922,0.2393144245672184,0.25220378297208706,0.25220378297208706,2.302585092994046,-1.8291805469252365,3.4011973816621555,-1.0,1.0921982069738805,-0.6931471805599453,-1.521931982015058,2.8228434661822153,-0.058939515262927025,3.2591178403539343,1.8489996290831134,5.549208435955263,-2.453950181831826,-0.24752398295745082,-6.040494463871878,-8.249744172529711,-4.942401092974034,-0.002217294244036964,-0.6952359739969594,-0.6593298689197377,-0.05245915203521971,0.0,0.0
DS order-1.5 block Gaussian,20,78,global-box,5000,5000,41,time-budget,805.8035199609585,40,765.7652518480318,-7719.605537725036,-5218.335678879732,1.0,0.39979999999999993,0,14,18.4468123723168,0.10054099847424132,19.62704687167605,-0.0034308419739990255,3.3148162597326576,0.5,-0.9771728003154363,6.774492834170294,-2.1278813818619318,6.119617661766958,5.77864103144624,4.833229349864718,-7.122017422814255,-3.9148429358068584,-2.7279392030505827,-6.182861873171195,-3.5825440512539974,-1.1177622889553587,0.4366934949959097,0.1565516513067894,0.03517814681465098,0.3207995622839275,0.05077714459872244,2.914891584411741,-2.2971896896526256,2.9769085574233736,-0.34308419739990254,1.1984021951733885,-0.6931471805599453,-0.9771728003154363,6.774492834170294,-2.1278813818619318,6.119617661766958,5.77864103144624,4.833229349864718,-7.122017422814255,-3.9148429358068584,-2.7279392030505827,-6.182861873171195,-3.5825440512539974,-1.1177622889553587,0.0,-1.0258455687338621,-2.51880650388111,-0.308415053021894,-2.1517852206908907
DS order-1.5 block Gaussian,20,79,global-box,5000,5000,17,non-finite-path-or-score,264.22516764397733,17,264.2251159409061,-5848.983472788414,-6874.450012128004,1.00002021370192,0.41279999999999994,0,0,37.78321680016894,0.2627231736144693,2.5761652437693887,0.0,4.999999999999999,0.5,0.3524696762832322,5.829756841986826,1.7940911357782678,3.3030429182926846,8.0,5.263113323434646,-0.2851196207890249,-0.5036083077326284,-7.798123978856298,-5.541338018584295,-5.955602324571011,-6.529407580785022,0.41944560626874716,0.41944560626874716,0.00816150555654112,0.07847111419370958,0.07447616771225513,3.6318650040328273,-1.3366543729552043,0.946301953610754,0.0,1.6094379124341003,-0.6931471805599453,0.3524696762832322,5.829756841986826,1.7940911357782678,3.3030429182926846,8.0,5.263113323434646,-0.2851196207890249,-0.5036083077326284,-7.798123978856298,-5.541338018584295,-5.955602324571011,-6.529407580785022,0.0,0.0,-3.939505197820078,-1.676203269239936,-1.728454676527391
DS order-1.5 block Gaussian,20,80,global-box,5000,5000,51,time-budget,804.9307632069103,45,703.1814387929626,-254605.00161909248,-4287.3472320134015,1.0,0.5602,0,0,10.000000000000002,0.6,2.896418670497582,-0.01,4.999999999999999,0.5,-2.8223717768366514,3.157649006172443,0.7874737441197973,2.3213316094290803,2.333129516276716,4.248308839838005,-4.543152540500558,-2.2848408421685575,-2.9414770072280456,-9.096937491568807,-8.09230646530869,-7.539794675761069,0.14749546556158005,0.10619321122027012,0.3206191196969669,0.3157715064609564,0.1099206970602265,2.302585092994046,-0.5108256237659907,1.0634750326164282,-1.0,1.6094379124341003,-0.6931471805599453,-2.8223717768366514,3.157649006172443,0.7874737441197973,2.3213316094290803,2.333129516276716,4.248308839838005,-4.543152540500558,-2.2848408421685575,-2.9414770072280456,-9.096937491568807,-8.09230646530869,-7.539794675761069,-0.7764564422784912,-1.1049936933454165,0.0,-0.015235004412302923,-1.070494705653334
DS order-1.5 block Gaussian,20,81,global-box,5000,5000,47,time-budget,807.8188628189964,40,701.0068895530421,-11318.960905029844,-4157.043506843182,1.000000000000739,0.813,0,7,20.53549112337476,0.275846401354123,17.709653251486415,-0.004991385930550498,4.999999999999999,0.2539088967737845,1.7030705570754732,4.10783202931362,-1.428562877731057,1.7058094739198033,4.410432261812523,3.294627471068353,-1.6812866600883982,-2.837808461203185,-5.643924999716393,-5.177510861807681,-7.31434288255814,-4.819664391255489,0.2520784611802765,0.1952330744643035,0.1550410839058163,0.29181620100906464,0.10583117944053903,3.022154663527436,-1.2879110850108444,2.874109872353287,-0.49913859305504976,1.6094379124341003,-1.370779750421506,1.7030705570754732,4.10783202931362,-1.428562877731057,1.7058094739198033,4.410432261812523,3.294627471068353,-1.6812866600883982,-2.837808461203185,-5.643924999716393,-5.177510861807681,-7.31434288255814,-4.819664391255489,-0.14638376254240326,-0.40193005700338436,-0.6324340162286447,0.0,-1.01427897776865
DS order-1.5 block Gaussian,20,82,global-box,5000,5000,41,time-budget,805.8740366150159,37,704.1684541481081,-330684.5759375613,-5865.708340630204,1.0,0.235,0,14,27.42839173783247,0.41457448952248566,0.33505133916081686,-0.01,4.999999999999999,0.5,0.14190142007331985,7.442167916453713,1.756844972941471,5.996800116728232,5.162904336126452,2.012453205521252,0.0,-4.608413081346117,-7.002570887701322,-7.507234277311447,-3.3493946048161525,-4.549104057193823,0.12999162216479868,0.3017337570242079,0.12010673086924828,0.1731851330925413,0.2749827568492038,3.311578671726151,-0.8805026112100302,-1.0934715076725212,-1.0,1.6094379124341003,-0.6931471805599453,0.14190142007331985,7.442167916453713,1.756844972941471,5.996800116728232,5.162904336126452,2.012453205521252,0.0,-4.608413081346117,-7.002570887701322,-7.507234277311447,-3.3493946048161525,-4.549104057193823,-0.8420750257873477,0.0,-0.9211642578907258,-0.5551838734840914,-0.09283663594594106
DS order-1.5 block Gaussian,20,83,global-box,5000,5000,47,time-budget,807.7778119909344,40,700.9853581729112,-6296.767652474647,-4077.0428416439963,1.0000083973641363,0.569,0,7,10.846124605913142,0.5660564770576256,30.000000000000004,-0.004024060892273099,1.7308566721627825,0.3982202236732142,0.12156556587407895,2.8989709074023993,-2.6685874432610186,1.5813423476169894,4.530158367671988,2.110363792404504,-1.3688528932621224,-4.709456246266757,-5.74490964055955,-9.609510871420794,-6.285289129923078,-6.27080776739962,0.320381957071596,0.41932778780471996,0.04031957830979909,0.0010155931888503934,0.21895508362503469,2.38380783700428,-0.5690614229696008,3.4011973816621555,-0.40240608922730986,0.548616472166712,-0.9207501009138835,0.12156556587407895,2.8989709074023993,-2.6685874432610186,1.5813423476169894,4.530158367671988,2.110363792404504,-1.3688528932621224,-4.709456246266757,-5.74490964055955,-9.609510871420794,-6.285289129923078,-6.27080776739962,-0.2691390240243352,0.0,-2.3418157587517068,-6.023180059575672,-0.6497863126952665
DS order-1.5 block Gaussian,20,84,global-box,5000,5000,51,time-budget,804.5502647790127,45,702.8586477640783,-195141.7512402478,-3975.929664248105,1.0,0.6524,0,0,12.7255486294579,0.4734900918022642,22.585952664414354,-0.00043008335613065355,2.097605895641197,0.48031230409338677,1.0527936851996909,5.277376689401239,-2.104081798490968,2.2608512954978863,4.3537372158912655,2.4352765986835867,-3.248883094249014,-9.974570863302567,-4.750443541188749,-10.0,-5.064135502073184,-7.228863484417818,0.2547642729533648,0.022717469065913945,0.14044296334803769,0.3188199569651739,0.2632553376675098,2.5436116758064373,-0.7476242920189481,3.117328149506063,-0.04300833561306536,0.7407966446837208,-0.7333187531225404,1.0527936851996909,5.277376689401239,-2.104081798490968,2.2608512954978863,4.3537372158912655,2.4352765986835867,-3.248883094249014,-9.974570863302567,-4.750443541188749,-10.0,-5.064135502073184,-7.228863484417818,-0.22428784739569432,-2.6414923543227884,-0.8198250936903163,0.0,-0.19150211837546324
DS order-1.5 block Gaussian,20,85,global-box,5000,5000,47,time-budget,807.8456362300785,40,701.0190757929813,-12310.598350016118,-4282.599138989172,1.0000000000000568,0.486,0,7,27.99347590233457,0.2484079622689236,6.8600217889201245,-0.00847084673242586,4.188883151822063,0.5,2.839090719559709,4.379549910589555,-0.7542109346005417,1.3656174502001663,2.6243835372331676,3.131778549612607,-4.25257243008643,-7.641555540268484,-4.689504124828164,-7.036643304361472,-0.9083081817377898,-3.2210282711402103,0.43900214886382694,0.43900214886382694,0.030682083601099606,0.061151444928993624,0.030162173742252864,3.3319714795376227,-1.3926828752138192,1.925710617960173,-0.847084673242586,1.4324341475252578,-0.6931471805599453,2.839090719559709,4.379549910589555,-0.7542109346005417,1.3656174502001663,2.6243835372331676,3.131778549612607,-4.25257243008643,-7.641555540268484,-4.689504124828164,-7.036643304361472,-0.9083081817377898,-3.2210282711402103,0.0,0.0,-2.6608254197901005,-1.9711508168595644,-2.6779156937447066
DS order-1.5 block Gaussian,20,86,global-box,5000,5000,47,time-budget,807.6536476219771,40,700.882496671984,-6389.669107461494,-4027.809710800738,1.0160394338792207,0.577,0,7,10.000000000000002,0.6,13.906608387997206,-0.005619957578814418,2.1809589189070295,0.438732771223556,1.1576257018782368,2.5250745520008313,-0.6898889927314263,1.388926795432203,4.106495105677751,2.8370966454288737,-0.5230211524914574,-5.607622064896693,-10.0,-6.134547068296874,-6.5230545647450775,-10.0,0.2617660498054965,0.2587321285821375,0.17826296206021003,0.038535065754448816,0.26270379379770714,2.302585092994046,-0.5108256237659907,2.632364150755576,-0.5619957578814418,0.7797646511443546,-0.8238647728396035,1.1576257018782368,2.5250745520008313,-0.6898889927314263,1.388926795432203,4.106495105677751,2.8370966454288737,-0.5230211524914574,-5.607622064896693,-10.0,-6.134547068296874,-6.5230545647450775,-10.0,-0.0035759729675128513,-0.015233864234155592,-0.38776736306591764,-1.9194585125617878,0.0
DS order-1.5 block Gaussian,20,87,global-box,5000,5000,9,non-finite-path-or-score,189.6600165340351,9,189.65998112002853,-16935.528702503972,-inf,1.0,1.0,0,0,33.077348114216235,0.029999999999999995,9.091912081132868,-0.01,4.999999999999999,0.5,4.0,2.38115242943558,2.9639778074065735,1.3389789365942832,4.772451345994497,4.4972642350013405,-3.7033149622445123,-2.276962172891063,-1.4943813416968368,-6.99487891429186,-4.702550376510159,-6.962392113380116,0.1618477845536247,0.1650069750049407,0.37232543236763105,0.1771627401009126,0.12365706797289085,3.498848701108188,-3.506557897319982,2.207385236028548,-1.0,1.6094379124341003,-0.6931471805599453,4.0,2.38115242943558,2.9639778074065735,1.3389789365942832,4.772451345994497,4.4972642350013405,-3.7033149622445123,-2.276962172891063,-1.4943813416968368,-6.99487891429186,-4.702550376510159,-6.962392113380116,-0.8331119980259544,-0.8137805442709609,0.0,-0.7426995442850877,-1.1022561365782415
DS order-1.5 block Gaussian,20,88,global-box,5000,5000,7,non-finite-path-or-score,109.12661259702872,7,109.12657158100046,-8149.681942360987,-5275.361682216671,1.0844126093636601,0.5266,0,0,14.265867710879595,0.6,30.000000000000004,0.0,4.999999999999999,0.5,0.5157988235088004,6.961425127283609,0.21201913630621894,3.24267770077957,8.0,2.0389465274051886,-1.8977271366309783,-3.806908093861623,-2.274671106613978,-8.653677478819468,-3.848142193308556,-4.53129424186316,0.2079351971708662,0.11046346493534642,0.3635496977046305,0.1367915019459512,0.1812601382432057,2.6578698107776346,-0.5108256237659907,3.4011973816621555,0.0,1.6094379124341003,-0.6931471805599453,0.5157988235088004,6.961425127283609,0.21201913630621894,3.24267770077957,8.0,2.0389465274051886,-1.8977271366309783,-3.806908093861623,-2.274671106613978,-8.653677478819468,-3.848142193308556,-4.53129424186316,-0.5586895284902225,-1.191231175368921,0.0,-0.9774581246051995,-0.6959827802805698
DS order-1.5 block Gaussian,20,89,global-box,5000,5000,51,time-budget,804.5171170890098,45,702.8217727530282,-239639.93971145415,-4536.015584761453,1.0,0.347,0,0,18.104916358506067,0.38631948495614277,0.25376634633604495,-0.0003171461694179403,4.999999999999999,0.5,4.0,7.449794313636692,-1.1079553881424227,4.163850810331798,6.330209178341829,4.364827606699057,-4.9813969200315285,-7.6924187644001645,-4.42855029794449,-4.509831114846471,-1.6416683721757506,-3.6972469686836926,0.4243216411896257,0.4243270991060393,0.06597474014613916,0.0025440212665969594,0.08283249829159882,2.8961835234061084,-0.9510905706230024,-1.3713413316426533,-0.03171461694179403,1.6094379124341003,-0.6931471805599453,4.0,7.449794313636692,-1.1079553881424227,4.163850810331798,6.330209178341829,4.364827606699057,-4.9813969200315285,-7.6924187644001645,-4.42855029794449,-4.509831114846471,-1.6416683721757506,-3.6972469686836926,-1.2862604171926667e-05,0.0,-1.861232674255281,-5.116758613010963,-1.6336841421342558
DS order-1.5 block Gaussian,20,90,global-box,5000,5000,1,non-finite-path-or-score,61.27500200108625,1,61.27497469400987,-14224.485398661593,-inf,1.0,1.0,0,0,40.0,0.05299676900297092,8.639350919187654,-0.004063083485949589,4.4829728302897065,0.5,0.875579983977266,4.321363425092177,3.359426526764095,7.194116953772365,6.249682402872143,7.283674287373219,-5.297375014602344,-9.632225504257192,-6.738963698399676,-8.499485213371434,-3.5854265721429037,-0.337785473627243,0.37437895558216117,0.06570630369835033,0.4572674864741264,0.09402158223749177,0.008625672007870101,3.6888794541139363,-2.937524329496382,2.1563274548999116,-0.4063083485949589,1.5002864045459041,-0.6931471805599453,0.875579983977266,4.321363425092177,3.359426526764095,7.194116953772365,6.249682402872143,7.283674287373219,-5.297375014602344,-9.632225504257192,-6.738963698399676,-8.499485213371434,-3.5854265721429037,-0.337785473627243,-0.19999999459605367,-1.9400736616483458,0.0,-1.5817441750512171,-3.970525655400518
DS order-1.5 block Gaussian,20,91,global-box,5000,5000,51,time-budget,804.7231482079951,45,703.0203419189202,-21865.636451852875,-4104.920680999028,1.0,0.8814,0,0,10.000000000000002,0.59074028073414,18.297986732473163,-0.006686698791684262,2.542715042848639,0.45351014359731434,-1.0056500607295666,3.310974611758287,-0.32495657169628905,2.589734435501324,4.156272914950496,2.6777360197842794,-2.38278204448492,-5.5889207006723405,-8.594829127710936,-7.554708953211125,-5.813733790634923,-3.960915653670176,0.07858366432476806,0.06916627506196484,0.6369943637690272,0.1651533079567091,0.050102388887530915,2.302585092994046,-0.526378815468338,2.9067910391763703,-0.6686698791684262,0.9332324246554515,-0.7907376423180741,-1.0056500607295666,3.310974611758287,-0.32495657169628905,2.589734435501324,4.156272914950496,2.6777360197842794,-2.38278204448492,-5.5889207006723405,-8.594829127710936,-7.554708953211125,-5.813733790634923,-3.960915653670176,-2.092596962630051,-2.220247418214829,0.0,-1.3498866257971422,-2.5426921181068223
DS order-1.5 block Gaussian,20,92,global-box,5000,5000,46,time-budget,805.1480941009941,40,711.7215419440763,-5185.152748131497,-4003.515851488667,1.0000695988684276,0.6506,0,8,24.83743254268116,0.28164732329253955,20.27348718424274,-0.0009378350162090962,3.1050562825704504,0.26781169421444695,1.2010180224199098,5.064346582360364,-0.3758888946324985,3.851158093581458,3.201275587886732,4.1160986344992265,-0.32052140855758826,-7.40627979932783,-3.836303897352062,-9.707867401725625,-2.30430604839896,-8.013877921402289,0.139488933721504,0.3127705775003566,0.16074701863376695,0.17981395683684767,0.2071795133075246,3.2123518919278418,-1.2670996173523312,3.0093139823837545,-0.09378350162090962,1.1330318416528673,-1.3174711789620905,1.2010180224199098,5.064346582360364,-0.3758888946324985,3.851158093581458,3.201275587886732,4.1160986344992265,-0.32052140855758826,-7.40627979932783,-3.836303897352062,-9.707867401725625,-2.30430604839896,-8.013877921402289,-0.807484672593936,0.0,-0.6656381262034722,-0.5535471992909011,-0.41188431104891104
DS order-1.5 block Gaussian,20,93,global-box,5000,5000,3,non-finite-path-or-score,55.74185100803152,3,55.741821974981576,-96439.18805083277,-10125.061245747127,1.0,0.5232,0,0,29.418311864306567,0.5793228612996864,5.162465396502874,0.0,4.9812060988030495,0.26052901378891047,-0.6543119116906213,1.0307868078774407,-2.5789332194661805,7.992921066865412,5.180193287543509,2.966651779307077,-4.961746269892862,-1.3228740262457954,-8.237639122730418,-6.877242776748771,-8.35364138485515,-1.8238099321650978,0.010916137802789936,0.42284763665079805,0.34941857998495285,0.07708324123105964,0.1397344043303993,3.3816173329799413,-0.5458953379957283,1.6414142554081008,0.0,1.6056720502283262,-1.34504104668203,-0.6543119116906213,1.0307868078774407,-2.5789332194661805,7.992921066865412,5.180193287543509,2.966651779307077,-4.961746269892862,-1.3228740262457954,-8.237639122730418,-6.877242776748771,-8.35364138485515,-1.8238099321650978,-3.656769690423043,0.0,-0.19074134399901566,-1.702126024233307,-1.1072684082291215
DS order-1.5 block Gaussian,20,94,global-box,5000,5000,41,time-budget,806.0690984160174,40,766.0101639860077,-5969.867967070101,-4190.800688831566,1.0,0.5116,0,14,21.929657674302046,0.45762810175698837,3.3080247324193732,-0.004127023444891456,3.818987498182084,0.5,2.0066293931417802,3.6935887266438803,-2.0063531148638787,4.6731695722946505,3.091454165828523,3.8238173344873814,-0.1576367348762986,-2.255357796610869,-0.32041778861467035,-10.0,-4.100687007460257,-5.123739294406152,0.030517292591608944,0.14234807070762642,0.27632783426481583,0.1176416275770458,0.43316517485890293,3.0878399523810134,-0.7816984296199085,1.1963512536810692,-0.41270234448914556,1.3399853346538586,-0.6931471805599453,2.0066293931417802,3.6935887266438803,-2.0063531148638787,4.6731695722946505,3.091454165828523,3.8238173344873814,-0.1576367348762986,-2.255357796610869,-0.32041778861467035,-10.0,-4.100687007460257,-5.123739294406152,-2.6528256282864393,-1.1128438609777374,-0.4495311553077545,-1.303476172624513,0.0
DS order-1.5 block Gaussian,20,95,global-box,5000,5000,47,time-budget,807.8359345539939,40,701.0113367829472,-9127.430608836368,-4212.534022128924,1.0,0.5788,0,7,10.000000000000002,0.574565659726642,26.967605812161487,-0.002783815407724952,3.2039696546602268,0.5,-0.24266809587863114,1.9597330528791241,-0.7580626086121534,1.4980302805096224,4.210844665862989,0.3561343669962398,-5.124276881455282,0.0,-10.0,-5.0057188515919755,-8.430465430454316,-1.7932737017272071,0.007281428545189115,0.23216263601032366,0.3744407062861569,0.3744407062861569,0.011674522872173493,2.302585092994046,-0.55414089801222,3.294636360951656,-0.2783815407724952,1.1643905580814324,-0.6931471805599453,-0.24266809587863114,1.9597330528791241,-0.7580626086121534,1.4980302805096224,4.210844665862989,0.3561343669962398,-5.124276881455282,0.0,-10.0,-5.0057188515919755,-8.430465430454316,-1.7932737017272071,-3.9401063910552883,-0.4779953193939689,0.0,0.0,-3.468024527508235
DS order-1.5 block Gaussian,20,96,global-box,5000,5000,51,time-budget,804.596150242025,45,702.9023076029262,-6430.658110722,-3897.8642025858817,1.0000001992941094,0.5648,0,0,25.439550498789398,0.246871835856248,11.167463298721248,-0.003078165863071031,2.7698954702225342,0.33395159147228587,0.3611567516323323,5.212354586833096,-1.1467985897166035,4.611188130360394,3.082600354566166,4.4389670221177715,-3.166534839217753,-0.6065544537830554,-6.963560151893931,-6.501044037658564,-8.173448471083603,-1.3913066496165705,0.3084734392107385,0.061586499161779204,0.21647013876098328,0.07200268262465084,0.3414672402418482,3.2363050692430777,-1.3988859601937047,2.4130044878023136,-0.3078165863071031,1.0188095831054553,-1.0967592322213509,0.3611567516323323,5.212354586833096,-1.1467985897166035,4.611188130360394,3.082600354566166,4.4389670221177715,-3.166534839217753,-0.6065544537830554,-6.963560151893931,-6.501044037658564,-8.173448471083603,-1.3913066496165705,-0.10161600231844581,-1.7128090683290373,-0.45579913466702865,-1.5565483683980668,0.0
DS order-1.5 block Gaussian,20,97,global-box,5000,5000,50,time-budget,802.0627116889227,45,702.9006846179254,-5567.170110436473,-4043.116332398603,1.1415100481711826,0.567,0,1,23.408235321026968,0.06741297459873716,28.313512187611366,-0.0016413860297327428,3.325630239461426,0.3051601948849374,0.8385066808004593,5.943282088718463,0.8693662975143628,4.234353281580192,3.3162328217635992,4.655478800913825,-0.870883892654756,-0.6499255073267531,-8.748070246251382,-3.4974481096228707,-5.846697210441892,-2.6792807343632896,0.2954059614155889,0.31046319206513245,0.1570758489447563,0.03165597208846275,0.20539902548605968,3.1530878972444523,-2.6969177781249623,3.3433391531600267,-0.1641386029732743,1.201659201848985,-1.1869184111283246,0.8385066808004593,5.943282088718463,0.8693662975143628,4.234353281580192,3.3162328217635992,4.655478800913825,-0.870883892654756,-0.6499255073267531,-8.748070246251382,-3.4974481096228707,-5.846697210441892,-2.6792807343632896,-0.04971479955472575,0.0,-0.681336547289003,-2.2831385279042116,-0.4131107972588165
DS order-1.5 block Gaussian,20,98,global-box,5000,5000,1,non-finite-path-or-score,61.298074685037136,1,61.2980494890362,-279924.79327097925,-inf,1.0,1.0,0,0,33.82344383275541,0.029999999999999995,6.0849093541927255,-0.0034623499586315964,2.4537359998275132,0.31107567595737823,-0.42278844958890704,0.7032120800762252,1.1099717773322781,4.479057930458928,7.443870083385823,3.9865962700404123,-8.555810907743192,-8.643662486788395,-3.76812639275691,-1.3649381808236416,-5.577463220039602,-7.997904218163615,0.21467203619538208,0.19059315902430024,0.24882424335457973,0.24730883346019042,0.09860172796554738,3.5211541665759194,-3.506557897319982,1.8058118297291472,-0.34623499586315964,0.897611760969236,-1.1677190653504388,-0.42278844958890704,0.7032120800762252,1.1099717773322781,4.479057930458928,7.443870083385823,3.9865962700404123,-8.555810907743192,-8.643662486788395,-3.76812639275691,-1.3649381808236416,-5.577463220039602,-7.997904218163615,-0.14763534679777496,-0.26660569847049836,0.0,-0.006108903751698008,-0.9256580107931358
DS order-1.5 block Gaussian,20,99,global-box,5000,5000,49,time-budget,856.477781087975,45,703.2160406110343,-10577.859900889514,-4321.359871054927,1.0,0.671,0,7,15.44819667793867,0.38782018052236966,0.9308893134682478,-0.0006143045551250541,4.999999999999999,0.5,-2.177098773648513,6.472156710739951,-3.359176455281015,5.422957020241034,0.002227718985777554,5.560403665000488,-6.346339530214577,-2.875773269197493,-6.690532582164582,-4.161045639963136,-4.019251596090463,-6.249225279750864,0.09974015775994773,0.015235099192258706,0.3259304376755129,0.3259304376755129,0.23316386769676786,2.73749227665694,-0.9472134990479898,-0.0716148987104741,-0.06143045551250541,1.6094379124341003,-0.6931471805599453,-2.177098773648513,6.472156710739951,-3.359176455281015,5.422957020241034,0.002227718985777554,5.560403665000488,-6.346339530214577,-2.875773269197493,-6.690532582164582,-4.161045639963136,-4.019251596090463,-6.249225279750864,-1.1841155954055542,-3.063082054003244,0.0,0.0,-0.3349424760285127
