method,inference_nstep,start,iteration,elapsed_seconds,pseudo_loglik,complete_pseudologlik,score_norm,minimum_ess,maximum_invalid_fraction,unique_initial_ancestors,accepted_step_size,backtrack_count,gamma,m,epsilon,beta_trend,sigma,tau,bs1,bs2,bs3,bs4,bs5,bs6,omegas1,omegas2,omegas3,omegas4,omegas5,omegas6,S_0,I_0,R1_0,R2_0,R3_0,raw_0,raw_1,raw_2,raw_3,raw_4,raw_5,raw_6,raw_7,raw_8,raw_9,raw_10,raw_11,raw_12,raw_13,raw_14,raw_15,raw_16,raw_17,raw_18,raw_19,raw_20,raw_21,raw_22
DS order-1.5 block Gaussian,20,0,0,6.059928219008725,-6230.759840064467,28017.864725996402,48646.181952200976,8.9393392887343,-2.0816681711721685e-17,1,0.05,0,12.204439319925953,0.40694085741223185,15.776105071350697,-0.009654575819763804,1.285275956517952,0.4046354317852725,2.0519699908305746,5.157343476386535,-2.22942514844895,4.8620776876508796,5.000225608613919,2.862000628488265,-3.7594382581790438,-2.3527504780275645,-0.5265467864596349,-6.352280427453167,-6.610966241633912,-9.421106416727302,0.30016229191247606,0.12847598067816407,0.16178485054093503,0.1308026974351881,0.27877417943323657,2.501799764233874,-0.899087417582029,2.7584964580403506,-0.9654575819763804,0.25097344744528827,-0.904768785701927,2.0519699908305746,5.157343476386535,-2.22942514844895,4.8620776876508796,5.000225608613919,2.862000628488265,-3.7594382581790438,-2.3527504780275645,-0.5265467864596349,-6.352280427453167,-6.610966241633912,-9.421106416727302,0.0,-0.8485813353537146,-0.6180559319568264,-0.8306332400209862,-0.07392124005080869
DS order-1.5 block Gaussian,20,0,1,9.59049817896448,-6027.653079517088,27953.133861168713,49858.377923719134,4.142685428276725,-2.0816681711721685e-17,1,0.05,0,12.830174304401394,0.38709411760564255,15.00669534800602,-0.01,1.3511734614633641,0.42538153395536515,2.0019699920033047,5.107343477865838,-2.2794251452121688,4.812077689147179,4.950225610888597,2.8120006295681637,-3.809438236946092,-2.402750473528848,-0.5765467841199949,-6.402280420327769,-6.6609660934058885,-9.471106145737629,0.29120152608372885,0.12464057805506404,0.17346218426620835,0.1402437952005426,0.2704519163944563,2.5517997642251586,-0.9490874175727855,2.7084964580485003,-1.0,0.30097344560170103,-0.8547687858197605,2.0019699920033047,5.107343477865838,-2.2794251452121688,4.812077689147179,4.950225610888597,2.8120006295681637,-3.809438236946092,-2.402750473528848,-0.5765467841199949,-6.402280420327769,-6.6609660934058885,-9.471106145737629,0.0,-0.8485813370718921,-0.5180559394701901,-0.7306332545511492,-0.0739212327412804
DS order-1.5 block Gaussian,20,0,2,12.74954481999157,-5843.480910878286,27970.467040306525,21891.68124945152,10.2823311130015,0.00999999999999998,1,0.05,0,13.482753849873141,0.3683196650607805,14.274331653302948,-0.01,1.4183338007323263,0.44694520983810626,1.9519636513573606,5.057446119731679,-2.329456707802889,4.7642193612103325,4.905453199777655,2.7619575872754423,-3.8589416974929254,-2.45268014215032,-0.6265281757294833,-6.452326636707877,-6.711020567418375,-9.520336562293723,0.2913333957496728,0.1251079283198293,0.17185894922321449,0.13793044446635647,0.27376928224092684,2.601411376153103,-0.9988040628191985,2.658462935062681,-1.0,0.34948280289817907,-0.8053192649503743,1.9519636513573606,5.057446119731679,-2.329456707802889,4.7642193612103325,4.905453199777655,2.7619575872754423,-3.8589416974929254,-2.45268014215032,-0.6265281757294833,-6.452326636707877,-6.711020567418375,-9.520336562293723,0.0,-0.8452915099084823,-0.5277942235087321,-0.7477187687436421,-0.062182585171239944
DS order-1.5 block Gaussian,20,0,3,16.196216022013687,-5648.407555120052,28031.421719751674,18975.562515184934,6.283803523837474,0.00999999999999998,1,0.05,0,14.171931590741217,0.3503741374409266,13.616132566894002,-0.01,1.4858769843884296,0.46945024791393425,1.9040867573028264,5.00878006345261,-2.377121234824699,4.718691112351234,4.862768593855668,2.7165946483466406,-3.9065799966224835,-2.4990189741086684,-0.6725901606287945,-6.498003736133688,-6.753819199348686,-9.56670316681383,0.28750811869021553,0.12309913972246628,0.17551298444842295,0.14126543713562378,0.2726143200032714,2.6512633599199704,-1.0487537313170494,2.6112553078951093,-1.0,0.39600515981935264,-0.7561929541832814,1.9040867573028264,5.00878006345261,-2.377121234824699,4.718691112351234,4.862768593855668,2.7165946483466406,-3.9065799966224835,-2.4990189741086684,-0.6725901606287945,-6.498003736133688,-6.753819199348686,-9.56670316681383,0.0,-0.8482610540398227,-0.4935380731309524,-0.7106104452505467,-0.05319304968524696
DS order-1.5 block Gaussian,20,0,4,19.513319919002242,-5498.21439815705,28206.159626071978,45706.176120926844,5.648562077325714,0.00999999999999998,1,0.05,0,14.557950349693522,0.3423540281370463,13.434210767740218,-0.01,1.5523203522861686,0.4933347724076074,1.855279856828447,4.959534612919606,-2.4256825101005077,4.6714793480742225,4.818862388576794,2.66953610047906,-3.9549347065840394,-2.546454924693081,-0.719497115817766,-6.544019723698438,-6.799067988146318,-9.614373405485727,0.28682647460845095,0.12482965368299986,0.17151850027087903,0.13809791072736075,0.2787274607103094,2.678137260173251,-1.071909907347156,2.5978044958492026,-1.0,0.4397508130164075,-0.7065672838538931,1.855279856828447,4.959534612919606,-2.4256825101005077,4.6714793480742225,4.818862388576794,2.66953610047906,-3.9549347065840394,-2.546454924693081,-0.719497115817766,-6.544019723698438,-6.799067988146318,-9.614373405485727,0.0,-0.8319273774653247,-0.5141862807276997,-0.7309144832085523,-0.02864295374861775
DS order-1.5 block Gaussian,20,0,5,22.68268743500812,-5364.276702617459,28400.55337708787,51895.14120624891,2.021959793104895,0.00999999999999998,1,0.05,0,15.017554603497222,0.3327788817021455,13.11468115241524,-0.01,1.62269545242971,0.5,1.8107117187427262,4.914656837969766,-2.4721032617474474,4.623941343034308,4.773082908561839,2.6230154683537914,-3.996033721158083,-2.591193792890727,-0.7658293851311819,-6.590088097687747,-6.844822590545599,-9.65472593151148,0.28589076570843347,0.12674760090881657,0.16691713236262462,0.13455373531169204,0.28589076570843347,2.7092198237267278,-1.1002770284723693,2.5737323013508093,-1.0,0.48408862608805825,-0.6931471805599453,1.8107117187427262,4.914656837969766,-2.4721032617474474,4.623941343034308,4.773082908561839,2.6230154683537914,-3.996033721158083,-2.591193792890727,-0.7658293851311819,-6.590088097687747,-6.844822590545599,-9.65472593151148,0.0,-0.8134120852294568,-0.538112323915838,-0.7536461614790781,0.0
DS order-1.5 block Gaussian,20,0,6,26.12111658300273,-5254.0919132250365,28647.08570230544,10014.188703745647,1.164290421892683,0.01999999999999998,1,0.05,0,15.257892284170689,0.3284773264452251,13.029023887551038,-0.01,1.6948869271644778,0.5,1.7696512672679494,4.873828071312827,-2.516187319884398,4.578330651530401,4.729030770058476,2.5786595976787807,-4.031966851749304,-2.634411238738117,-0.810750023200531,-6.634764545719149,-6.89083479923596,-9.689588536028202,0.2875290614379551,0.13099477574033258,0.16260583942391316,0.1313412619598441,0.2875290614379551,2.725096896013461,-1.1132874649152862,2.5671794756331163,-1.0,0.5276160289697505,-0.6931471805599453,1.7696512672679494,4.873828071312827,-2.516187319884398,4.578330651530401,4.729030770058476,2.5786595976787807,-4.031966851749304,-2.634411238738117,-0.810750023200531,-6.634764545719149,-6.89083479923596,-9.689588536028202,0.0,-0.786166495830149,-0.5699948291062343,-0.7835249493310551,0.0
DS order-1.5 block Gaussian,20,0,7,29.397053765016608,-5111.254924963917,29249.455432002625,7646.197716630599,1.078624892973065,0.029999999999999978,1,0.05,0,15.506674597613845,0.32446228675801,12.799898120371196,-0.01,1.7668487543230875,0.5,1.728373381917468,4.843976113012392,-2.560967025614585,4.535385223006421,4.685722319048559,2.5327711073409724,-4.042130490766576,-2.6798461987620903,-0.8535637608110458,-6.675042874540945,-6.927112585675472,-9.729179594735154,0.28517270982808407,0.12973096441779824,0.16611989308920064,0.134082750435838,0.284893682229079,2.7412705504362544,-1.1255859691358898,2.5494372115478954,-1.0,0.5691975950635416,-0.6931471805599453,1.728373381917468,4.843976113012392,-2.560967025614585,4.535385223006421,4.685722319048559,2.5327711073409724,-4.042130490766576,-2.6798461987620903,-0.8535637608110458,-6.675042874540945,-6.927112585675472,-9.729179594735154,0.0,-0.7876321945282875,-0.5403852209353289,-0.7546378462047941,-0.000978930262073156
DS order-1.5 block Gaussian,20,0,8,32.747236479015555,-5020.466873242013,29279.599262850774,13608.480870184276,1.0056138957529666,0.029999999999999978,1,0.05,0,15.832239919608087,0.3192772317296141,12.491419534979595,-0.01,1.8448538021149925,0.5,1.686038949364684,4.819283237334678,-2.6072203171112145,4.492153642296454,4.642976003290737,2.486641083070465,-4.027881110726194,-2.726627151437326,-0.8983192311630108,-6.717092920079021,-6.964931429680209,-9.765881509303835,0.28332310446708436,0.12903360592641464,0.16675776242413123,0.13548798497550757,0.2853975422068622,2.7620483622789296,-1.141695488632497,2.525041971400736,-1.0,0.6124000343067577,-0.6931471805599453,1.686038949364684,4.819283237334678,-2.6072203171112145,4.492153642296454,4.642976003290737,2.486641083070465,-4.027881110726194,-2.726627151437326,-0.8983192311630108,-6.717092920079021,-6.964931429680209,-9.765881509303835,-0.007295134973063531,-0.7938102117647121,-0.5373408582753394,-0.7450001286360385,0.0
DS order-1.5 block Gaussian,20,0,9,36.11235172301531,-4917.044232389271,29551.689754971183,8492.64875265043,1.0501656730261288,0.04999999999999998,1,0.05,0,16.176478472827487,0.31379722469016325,12.37188076946119,-0.01,1.9303811411917169,0.5,1.6495281811443308,4.801876417960978,-2.6530155543116503,4.447751854770543,4.598561140833762,2.4408577852477977,-4.003417959870738,-2.7709915212382024,-0.9442026706362368,-6.760671041497276,-7.004691085130675,-9.768821661509335,0.2794157141419651,0.12741356312718735,0.1693002474345767,0.1385340416977383,0.2853364335985325,2.78355824102139,-1.1590082829219224,2.5154262176490976,-1.0,0.6577174659024504,-0.6931471805599453,1.6495281811443308,4.801876417960978,-2.6530155543116503,4.447751854770543,4.598561140833762,2.4408577852477977,-4.003417959870738,-2.7709915212382024,-0.9442026706362368,-6.760671041497276,-7.004691085130675,-9.768821661509335,-0.020968265133571737,-0.8062307543915918,-0.5219952021764851,-0.722552868972333,0.0
DS order-1.5 block Gaussian,20,0,10,39.53874903998803,-4831.986228390438,29669.609180092135,32335.84256106845,1.0106460940350748,0.059999999999999984,1,0.05,0,16.539617942121993,0.30800744230777705,12.162965781569355,-0.01,2.023559188299131,0.5,1.6255031286514228,4.798821996391367,-2.7002829699316813,4.401326178263386,4.552154960786931,2.3950810333934096,-3.9708250593630234,-2.8150626020010066,-0.9917796400833849,-6.8064631781416995,-7.047639970236672,-9.75111800009205,0.28375705905417037,0.12929938551353434,0.16604830071773352,0.13603483967665775,0.28486041503790394,2.805758590303486,-1.1776313329635528,2.49839574331074,-1.0,0.7048579353626963,-0.6931471805599453,1.6255031286514228,4.798821996391367,-2.7002829699316813,4.401326178263386,4.552154960786931,2.3950810333934096,-3.9708250593630234,-2.8150626020010066,-0.9917796400833849,-6.8064631781416995,-7.047639970236672,-9.75111800009205,-0.003880842284324445,-0.7898687551367812,-0.5397205742818099,-0.7390882614722963,0.0
DS order-1.5 block Gaussian,20,0,11,42.714117380965035,-4693.526095685088,30034.96839227004,36879.03911195221,1.000170289816253,0.06999999999999998,1,0.05,0,16.734845080472496,0.30545720548558153,12.074628188295069,-0.01,2.1171193263359744,0.5,1.6051915756309563,4.7992994702935725,-2.7437498728281935,4.3575411468932055,4.507677830527966,2.351902471109243,-3.938419972756111,-2.855907071218502,-1.036635291266151,-6.848919926705022,-7.087188616042296,-9.728443479773507,0.285020101471301,0.13041608652366127,0.1645982751684175,0.13494543536531917,0.285020101471301,2.8174930774033813,-1.1859455904262364,2.491106407204936,-1.0,0.7500563563346555,-0.6931471805599453,1.6051915756309563,4.7992994702935725,-2.7437498728281935,4.3575411468932055,4.507677830527966,2.351902471109243,-3.938419972756111,-2.855907071218502,-1.036635291266151,-6.848919926705022,-7.087188616042296,-9.728443479773507,0.0,-0.7818297044641849,-0.5490518999998117,-0.7476891950041142,0.0
DS order-1.5 block Gaussian,20,0,12,46.10265969199827,-4597.161366109136,30190.19895275307,4141.126750737056,1.000421356930107,0.07999999999999999,1,0.05,0,16.818807673870353,0.30495273351545893,12.09236674528044,-0.009995705107127339,2.20842392854726,0.5,1.5882706767293115,4.802010950113677,-2.784594840020842,4.315847542267345,4.465300175283981,2.312006227384481,-3.906763479026189,-2.894080306653988,-1.0788670590319156,-6.889241841909314,-7.1253093678547215,-9.70248752981294,0.2853555187223789,0.1312924725076862,0.16368193056320182,0.1343145594843542,0.2853555187223789,2.822497764628506,-1.1875984864646016,2.4925744060372033,-0.999570510712734,0.7922791066105208,-0.6931471805599453,1.5882706767293115,4.802010950113677,-2.784594840020842,4.315847542267345,4.465300175283981,2.312006227384481,-3.906763479026189,-2.894080306653988,-1.0788670590319156,-6.889241841909314,-7.1253093678547215,-9.70248752981294,0.0,-0.7763083877996744,-0.5558107401080347,-0.7535513291705238,0.0
DS order-1.5 block Gaussian,20,0,13,49.390883764019236,-4543.637783737304,30491.826076777506,24486.280513104764,1.0000003944148528,0.10999999999999999,1,0.05,0,16.901832993441094,0.3047992615827837,12.202963362055199,-0.009792133451178051,2.3093529535026,0.5,1.568870359645329,4.804579209972757,-2.828309021001435,4.271214754897689,4.4204325786458165,2.269643275174278,-3.8788239075637163,-2.9360807289917576,-1.1239209931663003,-6.93280293466905,-7.166824131680108,-9.671846192237885,0.2823503320269268,0.1298235910803124,0.16670650646864266,0.13702016218092597,0.2840994082431922,2.827422077197903,-1.1881018778012429,2.501678820773254,-0.9792133451178051,0.8369673785876596,-0.6931471805599453,1.568870359645329,4.804579209972757,-2.828309021001435,4.271214754897689,4.4204325786458165,2.269643275174278,-3.8788239075637163,-2.9360807289917576,-1.1239209931663003,-6.93280293466905,-7.166824131680108,-9.671846192237885,-0.006175593881560193,-0.7831476687219902,-0.5330893859399496,-0.7291961217370235,0.0
DS order-1.5 block Gaussian,20,0,14,52.6176014689845,-4530.71673897246,30418.450314137317,13525.913067985952,1.0031823390322907,0.12999999999999998,1,0.05,0,16.964710752993106,0.3049382815117798,12.394104667592993,-0.009575889854046638,2.4053282638640687,0.5,1.5524770620759896,4.809773673892188,-2.8697071769814992,4.227854906536465,4.376941258435141,2.2299979981647087,-3.8497280926851207,-2.9746850850425197,-1.1665768346265106,-6.974167353769434,-7.207280138207142,-9.64074300286502,0.27996538630354056,0.12861950240933456,0.16909118337019535,0.13916441203333543,0.28315951588359406,2.831135348458846,-1.1876458785504849,2.517220929525476,-0.9575889854046639,0.8776863864946767,-0.6931471805599453,1.5524770620759896,4.809773673892188,-2.8697071769814992,4.227854906536465,4.376941258435141,2.2299979981647087,-3.8497280926851207,-2.9746850850425197,-1.1665768346265106,-6.974167353769434,-7.207280138207142,-9.64074300286502,-0.0113444240293319,-0.789151947201341,-0.5155722832230979,-0.7103543446789643,0.0
DS order-1.5 block Gaussian,20,0,15,56.059367214969825,-4425.653996170475,30599.857091708705,33572.0264592036,1.0023557515146866,0.13999999999999999,1,0.05,0,17.052379343836368,0.3045856856410575,12.6542453570179,-0.009335007903681252,2.5052438880596712,0.5,1.541766189525586,4.817474105196187,-2.909604954602211,4.185840724222217,4.334974568843817,2.1948717612995705,-3.814964553255845,-3.0113011663939093,-1.2094704994909917,-7.016279313838824,-7.248716378298253,-9.60373238973018,0.2775166861465093,0.12739189581065008,0.1715691903852852,0.14139660739710272,0.28212562026045274,2.8362897449513413,-1.1888028335811454,2.5379927602172825,-0.9335007903681252,0.9183860903004648,-0.6931471805599453,1.541766189525586,4.817474105196187,-2.909604954602211,4.185840724222217,4.334974568843817,2.1948717612995705,-3.814964553255845,-3.0113011663939093,-1.2094704994909917,-7.016279313838824,-7.248716378298253,-9.60373238973018,-0.016471372029479646,-0.7950843047124873,-0.4973658059411518,-0.6907836734396257,0.0
DS order-1.5 block Gaussian,20,0,16,59.33773885597475,-4439.264514846076,30686.63935383514,11130.567354934883,1.0000051443813578,0.15999999999999998,1,0.05,0,17.04180939835669,0.30583094702559216,12.970042914245596,-0.009114609667700967,2.6025740186983217,0.5,1.5342397842001831,4.828616267977775,-2.946596784606283,4.146108687011563,4.295781912962124,2.1637662026971722,-3.7815443681649477,-3.0444999380397966,-1.249644755507934,-7.055876087577561,-7.288033969355683,-9.569387435602833,0.27590048213020796,0.1265361039411667,0.17288602265556416,0.14268454664625804,0.2819928446268031,2.8356697011134755,-1.1847227903930777,2.5626423070542277,-0.9114609667700967,0.9565009624851788,-0.6931471805599453,1.5342397842001831,4.828616267977775,-2.946596784606283,4.146108687011563,4.295781912962124,2.1637662026971722,-3.7815443681649477,-3.0444999380397966,-1.249644755507934,-7.055876087577561,-7.288033969355683,-9.569387435602833,-0.021841468248939382,-0.8013540228559939,-0.489249148158072,-0.6812454709317055,0.0
DS order-1.5 block Gaussian,20,0,17,62.603945945971645,-4414.565778695667,30763.611974213145,13574.63244198707,1.2846637796822629,0.15999999999999998,1,0.05,0,16.912078092641018,0.3092281854729143,13.328447143880823,-0.008844330795806949,2.6956891098527547,0.5,1.532669087973337,4.845091593135094,-2.982935505814389,4.105877956498478,4.256144234538942,2.1356939915447275,-3.7440272275338873,-3.0758345729879273,-1.2901660242391366,-7.095128065800143,-7.326937129576222,-9.529707420999639,0.27411220767351946,0.12564433658342103,0.1745100798102443,0.14421715693975395,0.28151621899306123,2.8280280467047927,-1.1736758103013631,2.5899006340724706,-0.884433079580695,0.9916538710642205,-0.6931471805599453,1.532669087973337,4.845091593135094,-2.982935505814389,4.105877956498478,4.256144234538942,2.1356939915447275,-3.7440272275338873,-3.0758345729879273,-1.2901660242391366,-7.095128065800143,-7.326937129576222,-9.529707420999639,-0.026652522620883648,-0.8067348722158594,-0.4782075583066064,-0.6688698642983705,0.0
DS order-1.5 block Gaussian,20,0,18,65.96780149498954,-4406.770212035398,30770.280016248453,10003.377935447417,1.0063871917414249,0.19999999999999998,1,0.05,0,16.68421858560895,0.3143616271051524,13.729272268878898,-0.00855193015765722,2.7906677255931296,0.5,1.538136792153064,4.867155732813077,-3.0180907589399424,4.066557413385662,4.218371989362563,2.1141941291180477,-3.7054986796930325,-3.1064586502301426,-1.330810209654257,-7.134276254219191,-7.365495513565092,-9.488050919519775,0.2723055962622972,0.12480150699467193,0.17632145783487654,0.14587388519355426,0.2806975537146,2.8144632777598404,-1.1572112770682017,2.6195302153801894,-0.855193015765722,1.026280895368437,-0.6931471805599453,1.538136792153064,4.867155732813077,-3.0180907589399424,4.066557413385662,4.218371989362563,2.1141941291180477,-3.7054986796930325,-3.1064586502301426,-1.330810209654257,-7.134276254219191,-7.365495513565092,-9.488050919519775,-0.0303528170888431,-0.8105532372434138,-0.46496897433352397,-0.6545353200097069,0.0
DS order-1.5 block Gaussian,20,0,19,69.20523717597825,-4356.7668293958795,30802.622347551907,3217.391010000434,1.0000000000118767,0.21,1,0.05,0,16.655742425339618,0.31548766036255654,14.076794160001322,-0.008232823607894638,2.8806233671668666,0.5,1.5483999210286228,4.89345034322217,-3.053227546109022,4.026982694900295,4.181670257820604,2.096703843242908,-3.6655729608255685,-3.1383131099248676,-1.372459877563694,-7.17338777654846,-7.401293140476483,-9.442767533375317,0.27043604990061376,0.12382781069429773,0.17869668507010544,0.14786678191010616,0.27917267242487687,2.812755047376214,-1.1536357091363996,2.644527637305256,-0.8232823607894637,1.0580067176595365,-0.6931471805599453,1.5483999210286228,4.89345034322217,-3.053227546109022,4.026982694900295,4.181670257820604,2.096703843242908,-3.6655729608255685,-3.1383131099248676,-1.372459877563694,-7.17338777654846,-7.401293140476483,-9.442767533375317,-0.03179483204267802,-0.8129385108224905,-0.44614061622134954,-0.6355187417816194,0.0
DS order-1.5 block Gaussian,20,0,20,72.46635668899398,-4380.469296526382,30930.231724955254,2265.1055675298317,1.0000028204299367,0.19999999999999998,1,0.05,0,16.691215656372094,0.3153335982533739,14.47968645885097,-0.007865137875819628,2.9693510869776967,0.5,1.5687521845974124,4.926027020027439,-3.0927709174603484,3.9835422277969124,4.142262380490461,2.0934434239917508,-3.622679660823336,-3.169320472946338,-1.4175277431448277,-7.216494741558171,-7.437332311891715,-9.400581309582066,0.26674403893363197,0.121999001731284,0.18443410545541689,0.15229667117127946,0.2745261827083877,2.81488257243118,-1.1541241584717428,2.672746733328862,-0.7865137875819629,1.0883434397092597,-0.6931471805599453,1.5687521845974124,4.926027020027439,-3.0927709174603484,3.9835422277969124,4.142262380490461,2.0934434239917508,-3.622679660823336,-3.169320472946338,-1.4175277431448277,-7.216494741558171,-7.437332311891715,-9.400581309582066,-0.028757096756978448,-0.8110337775043847,-0.39775439199025037,-0.5892162370614941,0.0
DS order-1.5 block Gaussian,20,0,21,75.83129516599001,-4280.512879021571,30898.783025422577,5916.392908651103,1.0000689225469814,0.21,1,0.05,0,16.548481725850696,0.31754561112429364,14.822153450989747,-0.0074708365660763896,3.0064557017479103,0.5,1.5990014339242995,4.961317380135608,-3.136924037941799,3.9365370391049517,4.098374402424324,2.1000207772502955,-3.576009461745766,-3.207407723553061,-1.465378004409118,-7.262997641943837,-7.478658953439401,-9.355129306938867,0.2633269488735409,0.12035389464711777,0.18962670542256985,0.15633647220314706,0.27035597885362445,2.806294358995534,-1.147133813882692,2.6961229163962175,-0.747083656607639,1.100761877228921,-0.6931471805599453,1.5990014339242995,4.961317380135608,-3.136924037941799,3.9365370391049517,4.098374402424324,2.1000207772502955,-3.576009461745766,-3.207407723553061,-1.465378004409118,-7.262997641943837,-7.478658953439401,-9.355129306938867,-0.02634311910286602,-0.8093030061060377,-0.35468209953073343,-0.5477289731827739,0.0
DS order-1.5 block Gaussian,20,0,22,79.00683664396638,-4256.531324931622,31009.715469279206,10399.052803301705,1.000743710286251,0.19999999999999998,1,0.05,0,16.574392852886774,0.3165397166064606,15.120686884276417,-0.007111842108061225,3.023947381893488,0.5,1.623745612466213,4.986683336636118,-3.181684048211466,3.8904470218537,4.057163089264496,2.11011989385006,-3.533366191001553,-3.2488080986851555,-1.514075315262177,-7.310546751194534,-7.519746259311826,-9.308606404417814,0.25963260655402326,0.11855137749728487,0.19536881317923618,0.16074986453232823,0.2656973382371275,2.8078589051076133,-1.1503065583624814,2.716063798573788,-0.7111842108061225,1.1065630579984045,-0.6931471805599453,1.623745612466213,4.986683336636118,-3.181684048211466,3.8904470218537,4.057163089264496,2.11011989385006,-3.533366191001553,-3.2488080986851555,-1.514075315262177,-7.310546751194534,-7.519746259311826,-9.308606404417814,-0.02309025478866288,-0.8070114027990284,-0.30746871293865163,-0.5025083143951476,0.0
DS order-1.5 block Gaussian,20,0,23,82.3096527470043,-4346.841822128557,31033.35044748384,7499.420391997986,1.0002195714084503,0.21,1,0.05,0,16.48873809988796,0.3178008835946923,15.465568449423412,-0.0067644750919644125,3.030976677844992,0.5,1.6463599694665842,5.007849296369313,-3.224764662856811,3.8464747721877437,4.017941578840073,2.1209746893333383,-3.4918629504435947,-3.2871636521490877,-1.5605643258872406,-7.356662126108828,-7.560521452034393,-9.263951598813085,0.25657855381444994,0.11704074527308471,0.19989284452421927,0.1643063969594393,0.2621814594288067,2.802677608469745,-1.1463302445350787,2.738616162617885,-0.6764475091964413,1.1088849035046549,-0.6931471805599453,1.6463599694665842,5.007849296369313,-3.224764662856811,3.8464747721877437,4.017941578840073,2.1209746893333383,-3.4918629504435947,-3.2871636521490877,-1.5605643258872406,-7.356662126108828,-7.560521452034393,-9.263951598813085,-0.021601986855847903,-0.8065147328987681,-0.27125541167965794,-0.4673038983551564,0.0
DS order-1.5 block Gaussian,20,0,24,85.67576184001518,-4316.433620069251,30964.252874742528,13033.61065550483,1.0000433750287745,0.21,1,0.05,0,16.325856672455167,0.32061989437348504,15.867247979039083,-0.006405807790813067,3.0317790017575645,0.5,1.6668932100224858,5.019623947852631,-3.267358601863283,3.804193464911468,3.9804322894007234,2.135735414758306,-3.4527761488349973,-3.3266469068808457,-1.6065955416620188,-7.402053778733296,-7.601128823465792,-9.218927761165942,0.2534724819082286,0.11552508240218277,0.20456185938902002,0.1679439156922507,0.258496660608318,2.792750149893186,-1.1374989871652241,2.76425710923253,-0.6405807790813067,1.1091495765212356,-0.6931471805599453,1.6668932100224858,5.019623947852631,-3.267358601863283,3.804193464911468,3.9804322894007234,2.135735414758306,-3.4527761488349973,-3.3266469068808457,-1.6065955416620188,-7.402053778733296,-7.601128823465792,-9.218927761165942,-0.01962751101326476,-0.8053951054814804,-0.2340123548804158,-0.43125268701925623,0.0
DS order-1.5 block Gaussian,20,0,25,89.00631594698643,-4282.276226807509,31331.97884983358,5232.181980728039,1.0000000133163347,0.21,1,0.05,0,16.10814206602393,0.3247664227214686,16.327471780276934,-0.006070313778778553,3.0300845639307417,0.5,1.6841225509524533,5.025694023893453,-3.3077853489617874,3.764527117467396,3.9455745738815606,2.15181030905197,-3.416867313814381,-3.36393183184482,-1.6493018849057786,-7.4440629231278015,-7.637718146705484,-9.175627566806483,0.25076602442605495,0.11422146334824013,0.2084705816499221,0.17105790788360256,0.25548402269218035,2.77932486254455,-1.1246490543591225,2.7928490744377648,-0.6070313778778553,1.1085905280198656,-0.6931471805599453,1.6841225509524533,5.025694023893453,-3.3077853489617874,3.764527117467396,3.9455745738815606,2.15181030905197,-3.416867313814381,-3.36393183184482,-1.6493018849057786,-7.4440629231278015,-7.637718146705484,-9.175627566806483,-0.018639543407651393,-0.8050206493756009,-0.20336193811427586,-0.40115773242369146,0.0
DS order-1.5 block Gaussian,20,0,26,92.35539954097476,-4257.043112652273,31340.67125883013,2522.77229915095,1.000000005503356,0.21,1,0.05,0,15.794879219371058,0.3311858399756263,16.790303021122895,-0.005697910462193428,3.017682171344871,0.5,1.7017575033207333,5.026429597955167,-3.3483578870650996,3.724916516125019,3.9125544713193734,2.174428139009691,-3.379625511527382,-3.4021744594006997,-1.6931128435718932,-7.487115192409724,-7.674898631318678,-9.129045721508204,0.24780700484064938,0.11277645492973978,0.2130160980159674,0.17454209807071056,0.2518583441429328,2.759685787461346,-1.1050756110817783,2.8208015186408795,-0.5697910462193428,1.104489043781133,-0.6931471805599453,1.7017575033207333,5.026429597955167,-3.3483578870650996,3.724916516125019,3.9125544713193734,2.174428139009691,-3.379625511527382,-3.4021744594006997,-1.6931128435718932,-7.487115192409724,-7.674898631318678,-9.129045721508204,-0.016216566124624535,-0.803459218658364,-0.16749906264886277,-0.3667008408068616,0.0
DS order-1.5 block Gaussian,20,0,27,95.80838377296459,-4245.863530640387,31520.256214692177,2725.1334014131626,1.000001738671576,0.19999999999999998,1,0.05,0,15.48875685573755,0.3374228936544855,17.096352142375352,-0.00530353657576705,2.9759189130903962,0.5,1.6967394390140722,5.007934995034579,-3.3917898550119303,3.683239935628714,3.8872878928779024,2.2072343607364875,-3.3493473858071443,-3.446300963238657,-1.7409533129905392,-7.5340603441246845,-7.71290492911134,-9.079485849981362,0.24580353923260623,0.11167069355212982,0.21581906452393507,0.17681888837011325,0.24988781432121576,2.7401143965753776,-1.0864182580172244,2.838865115744309,-0.5303536575767049,1.0905528696542093,-0.6931471805599453,1.6967394390140722,5.007934995034579,-3.3917898550119303,3.683239935628714,3.8872878928779024,2.2072343607364875,-3.3493473858071443,-3.446300963238657,-1.7409533129905392,-7.5340603441246845,-7.71290492911134,-9.079485849981362,-0.016479478572911706,-0.8054577702643513,-0.14657168202558027,-0.3458860952622537,0.0
DS order-1.5 block Gaussian,20,0,28,99.04445053800009,-4230.486542119816,31804.01136043453,3768.937791658178,1.0000062551789517,0.22999999999999998,1,0.05,0,15.343470476840114,0.3405006999674536,17.3255306722931,-0.004887024139335159,2.908668555973265,0.5,1.6866874130122642,4.989438770881527,-3.4380882360071303,3.6388276070633756,3.8616011350466395,2.2443023124386,-3.317322764854854,-3.493263110563116,-1.7911905692164873,-7.584442575125152,-7.756976543844307,-9.02683961998422,0.24397939648135097,0.11073627678724562,0.2181582214915465,0.17885304846500744,0.24827305677484954,2.7306900074335063,-1.0773380976899736,2.852181175042253,-0.48870241393351593,1.0676954355769654,-0.6931471805599453,1.6866874130122642,4.989438770881527,-3.4380882360071303,3.6388276070633756,3.8616011350466395,2.2443023124386,-3.317322764854854,-3.493263110563116,-1.7911905692164873,-7.584442575125152,-7.756976543844307,-9.02683961998422,-0.017445394774848254,-0.8073776862325508,-0.1293085896607438,-0.32796466547863967,0.0
DS order-1.5 block Gaussian,20,0,29,102.35121665801853,-4241.390340995215,31733.964453908433,3090.8528518614976,1.000117427654955,0.18999999999999997,1,0.05,0,15.135908948449948,0.3453629485833055,17.621649383547922,-0.004505155331242004,2.840864240865366,0.5,1.6796024226915076,4.965476673439508,-3.4862278225145245,3.5948789460357937,3.836415927807386,2.284529066431122,-3.2832851403289616,-3.542854149222244,-1.8432512115636022,-7.6363768452905685,-7.802402440317559,-8.97161007692942,0.2422048787456573,0.10978836949925286,0.22058796101134245,0.18087013139980188,0.24654865934394551,2.71706999672919,-1.0631593900619982,2.8691282247279255,-0.45051553312420034,1.0441083160440294,-0.6931471805599453,1.6796024226915076,4.965476673439508,-3.4862278225145245,3.5948789460357937,3.836415927807386,2.284529066431122,-3.2832851403289616,-3.542854149222244,-1.8432512115636022,-7.6363768452905685,-7.802402440317559,-8.97161007692942,-0.017775400616719415,-0.809004775941146,-0.11126284349915028,-0.3097801073346673,0.0
DS order-1.5 block Gaussian,20,0,30,105.77265176299261,-4158.881467637208,31906.646781063508,5447.651328461206,1.0000027095621495,0.18999999999999997,1,0.05,0,14.837019551593466,0.3524747172592344,17.877688750837404,-0.004112508448370656,2.7956645630773354,0.5,1.6763704024894877,4.940497951385331,-3.534759194780445,3.553208688909868,3.820796647762293,2.330545349495131,-3.253379790474813,-3.593444731799412,-1.895616025561569,-7.688967572590414,-7.843163568150135,-8.914987912534375,0.24028212914156444,0.10858287528365837,0.22374525210846477,0.18318905470648078,0.24420068875983153,2.697125378727003,-1.0427763833893873,2.883553496895441,-0.41125084483706553,1.0280698468874774,-0.6931471805599453,1.6763704024894877,4.940497951385331,-3.534759194780445,3.553208688909868,3.820796647762293,2.330545349495131,-3.253379790474813,-3.593444731799412,-1.895616025561569,-7.688967572590414,-7.843163568150135,-8.914987912534375,-0.01617661111900355,-0.8104766732350496,-0.08748224484410509,-0.2874716767436949,0.0
DS order-1.5 block Gaussian,20,0,31,109.02290848898701,-4172.087539063492,32323.42166161791,2876.1055259705777,1.0522908960289408,0.18,1,0.05,0,14.489009066389333,0.36108984004164013,18.194712477966263,-0.00373359482036357,2.7549491327507627,0.5,1.6716984726188573,4.9123291997116025,-3.5817084042606977,3.512749576642007,3.8057484419272933,2.377002616498676,-3.227276132736145,-3.6429168162551897,-1.9465091116303483,-7.740018915733104,-7.882389200562992,-8.859525129006023,0.2386039421549191,0.10743046139853495,0.22653474039336977,0.18523217981874743,0.2421986762344289,2.673390366581321,-1.018628487229585,2.9011310286840457,-0.373359482036357,1.0133989788230848,-0.6931471805599453,1.6716984726188573,4.9123291997116025,-3.5817084042606977,3.512749576642007,3.8057484419272933,2.377002616498676,-3.227276132736145,-3.6429168162551897,-1.9465091116303483,-7.740018915733104,-7.882389200562992,-8.859525129006023,-0.0149533339641073,-0.8129145979701188,-0.06686005313353093,-0.2681483012766797,0.0
DS order-1.5 block Gaussian,20,0,32,112.39704299700679,-4120.483848177404,32340.575314700956,4900.678637791736,1.1270009066277098,0.18999999999999997,1,0.05,0,14.12234101939036,0.37049548464959486,18.586649044852297,-0.003407648583203311,2.7108947675441812,0.5,1.6637089733163704,4.879438294150502,-3.628297857315634,3.4738886918309047,3.7935789210990025,2.4250644858783654,-3.210400864463153,-3.6936499427081664,-1.9966660052945266,-7.789757009338556,-7.918059258140344,-8.805339844515384,0.237058350110827,0.10641594248095791,0.22898163463652743,0.18710417076891425,0.24043990200277346,2.6477580128970826,-0.9929140215008404,2.922443529694701,-0.3407648583203311,0.9972787529221842,-0.6931471805599453,1.6637089733163704,4.879438294150502,-3.628297857315634,3.4738886918309047,3.7935789210990025,2.4250644858783654,-3.210400864463153,-3.6936499427081664,-1.9966660052945266,-7.789757009338556,-7.918059258140344,-8.805339844515384,-0.01416385676490453,-0.8151147695656227,-0.04882836835188701,-0.25080464590832274,0.0
DS order-1.5 block Gaussian,20,0,33,115.82144386001164,-4134.2444911252505,32389.237492069773,4731.5571037697355,1.2029384485834895,0.16999999999999998,1,0.05,0,13.744033848051746,0.380694214352655,19.052550788097115,-0.0031099623757237997,2.6647263479330427,0.5,1.6531092282959956,4.842951653564196,-3.674403977449986,3.4365033587801763,3.7836071395923128,2.474371384438115,-3.1986184864217866,-3.7449080149749236,-2.04638994464691,-7.83845495090122,-7.951975680757001,-8.752345721856983,0.2357320162357018,0.10556006082683103,0.2309152885740748,0.18869573471001247,0.23909689965337996,2.6206048279900127,-0.9657588131017201,2.9472009922465974,-0.31099623757238,0.9801013686430525,-0.6931471805599453,1.6531092282959956,4.842951653564196,-3.674403977449986,3.4365033587801763,3.7836071395923128,2.474371384438115,-3.1986184864217866,-3.7449080149749236,-2.04638994464691,-7.83845495090122,-7.951975680757001,-8.752345721856983,-0.014173272239745283,-0.817588819779149,-0.034817980508588635,-0.23673305907553582,0.0
DS order-1.5 block Gaussian,20,0,34,119.04744435998145,-4157.345022552523,32541.137316677836,329.6661026869536,1.182166913478878,0.15,1,0.05,0,13.345614930778257,0.3921300855574995,19.563284844228242,-0.0028357359848907976,2.6144349958785833,0.5,1.6389165530446717,4.803857559488013,-3.71983886883789,3.4002797871742327,3.775165511316962,2.523968007717436,-3.1919574331170337,-3.7961440791930343,-2.0952770257589957,-7.88589366260227,-7.984528712000323,-8.702521650642868,0.2346146672862236,0.10482508343299385,0.23239726439265973,0.19003025748384525,0.2381327274042776,2.591187861283677,-0.9361616433300212,2.9736545873283466,-0.28357359848907976,0.9610480114104291,-0.6931471805599453,1.6389165530446717,4.803857559488013,-3.71983886883789,3.4002797871742327,3.775165511316962,2.523968007717436,-3.1919574331170337,-3.7961440791930343,-2.0952770257589957,-7.88589366260227,-7.984528712000323,-8.702521650642868,-0.014883741729336245,-0.8205351074130324,-0.02437994260347346,-0.22564488699948804,0.0
DS order-1.5 block Gaussian,20,0,35,122.3862743069767,-4122.442781749037,32745.202809273684,4429.440108715845,1.47105281259506,0.15999999999999998,1,0.05,0,12.956387552932561,0.40434111732876804,20.0757218166871,-0.0024918223802839964,2.546613054254167,0.5,1.6175206538960194,4.765396934272866,-3.7691910405936526,3.362455680501612,3.7679751980815364,2.5769452108233337,-3.1833112620603834,-3.8496413731963175,-2.148251007353834,-7.9368736909338695,-8.012153929440586,-8.64828440961245,0.23336250641173492,0.10384025841027614,0.23433805687354356,0.19161377948335534,0.23684539882109007,2.5615889138697683,-0.90549640746009,2.9995112151857812,-0.24918223802839964,0.9347642622942861,-0.6931471805599453,1.6175206538960194,4.765396934272866,-3.7691910405936526,3.362455680501612,3.7679751980815364,2.5769452108233337,-3.1833112620603834,-3.8496413731963175,-2.148251007353834,-7.9368736909338695,-8.012153929440586,-8.64828440961245,-0.014814536589897611,-0.8245538611333684,-0.010642842334280754,-0.21192582170640262,0.0
DS order-1.5 block Gaussian,20,0,36,125.83934722101549,-4113.594209849456,33182.45263785312,1773.7935898477053,1.4461640600974826,0.19999999999999998,1,0.05,0,12.59722903912882,0.4166223395874774,20.564250637915208,-0.0021093969431230874,2.471063091312813,0.4980401685363768,1.5910042708601244,4.7278207755897315,-3.820887674202877,3.3241094312628885,3.7626341701463795,2.6321555826338945,-3.1750236406723173,-3.9047812591665756,-2.203934368128276,-7.990141834850726,-8.036102726593022,-8.59140217474124,0.23191900486367487,0.10264761906422296,0.23689566305638285,0.19348406159568504,0.2350536514200343,2.533476872242568,-0.8755751280032386,3.023554162307818,-0.21093969431230872,0.9046484593850164,-0.6970745454987037,1.5910042708601244,4.7278207755897315,-3.820887674202877,3.3241094312628885,3.7626341701463795,2.6321555826338945,-3.1750236406723173,-3.9047812591665756,-2.203934368128276,-7.990141834850726,-8.036102726593022,-8.59140217474124,-0.021231610188631272,-0.8363178554348318,0.0,-0.2024246638697315,-0.007806011930681199
DS order-1.5 block Gaussian,20,0,37,129.06539979501395,-4104.460310031043,33216.04857938113,2054.0031835689074,1.9956611451614383,0.13999999999999999,1,0.05,0,12.258184955654238,0.4293144316713555,21.009587664272402,-0.001701544796945142,2.3895265552851033,0.49280091295329653,1.5588792076311238,4.690062190897104,-3.8742574242207772,3.2850172812866236,3.758911396487767,2.688937649014584,-3.1685198267392947,-3.9624073998964433,-2.2622875002547924,-8.045703199417618,-8.057707502337463,-8.533334938626554,0.23091236727157577,0.1015479608416835,0.23796270277911136,0.1962076771269347,0.23336929198069473,2.506193873516705,-0.8455656875653003,3.0449788889752414,-0.1701544796945142,0.8710952522972375,-0.7076500141807432,1.5588792076311238,4.690062190897104,-3.8742574242207772,3.2850172812866236,3.758911396487767,2.688937649014584,-3.1685198267392947,-3.9624073998964433,-2.2622875002547924,-8.045703199417618,-8.057707502337463,-8.533334938626554,-0.030075674293943516,-0.8515827428920301,0.0,-0.19294027492581098,-0.01949180738839047
DS order-1.5 block Gaussian,20,0,38,132.4191397880204,-4092.9123212250925,33340.84289370236,2855.8244873136778,1.3453357341954704,0.12999999999999998,1,0.05,0,11.928077840770591,0.44267169285423574,21.4280876762882,-0.0012762847312664718,2.3056197044931994,0.4848768487438268,1.5217971214224226,4.6502814888028485,-3.9290072325892567,3.245196743044025,3.756112158501656,2.746801084821229,-3.165500365869973,-4.022336026501713,-2.322562965983743,-8.1028122253499,-8.07807378450431,-8.475581267064559,0.22982223640793478,0.10037132970486957,0.23920361353653774,0.19926354493555778,0.23133927541510005,2.4788951033273436,-0.8149268833389397,3.06470256967957,-0.12762847312664719,0.8353494925890222,-0.7238603404036458,1.5217971214224226,4.6502814888028485,-3.9290072325892567,3.245196743044025,3.756112158501656,2.746801084821229,-3.165500365869973,-4.022336026501713,-2.322562965983743,-8.1028122253499,-8.07807378450431,-8.475581267064559,-0.040009003809905436,-0.8684385229515359,0.0,-0.18268683375936193,-0.03342977097924152
DS order-1.5 block Gaussian,20,0,39,135.89384731301107,-4091.1534328756247,33582.64825599016,6433.5042848663015,2.3055958568483006,0.10999999999999999,1,0.05,0,11.622633329359894,0.45602059948638246,21.816277871845145,-0.0008422823945015426,2.22127553385641,0.4749640920862813,1.4805828034747297,4.608693528449291,-3.9845880693083098,3.2048965842446338,3.753680459694135,2.804898155371359,-3.166436703778475,-4.084086321610892,-2.3842481769704316,-8.16116291087256,-8.09825953352847,-8.418610510523326,0.22870938627325488,0.09916024576163834,0.24046342075791027,0.20242507371407253,0.22924187349312397,2.4529543461760763,-0.7852172961758372,3.0826563825287807,-0.08422823945015426,0.7980815956852169,-0.7445160734128166,1.4805828034747297,4.608693528449291,-3.9845880693083098,3.2048965842446338,3.753680459694135,2.804898155371359,-3.166436703778475,-4.084086321610892,-2.3842481769704316,-8.16116291087256,-8.09825953352847,-8.418610510523326,-0.05011583929125756,-0.8858307957380853,0.0,-0.1721981696101478,-0.04779031905962022
DS order-1.5 block Gaussian,20,0,40,139.14386752800783,-4096.796467472741,34025.64391557401,2669.809533645223,1.2053947195387926,0.15,1,0.05,0,11.350294499178714,0.46892349996663724,22.16289719520461,-0.00040597889223082664,2.13882047485579,0.4637339767477901,1.4365363290219972,4.5663438692791525,-4.0,3.1643826162083832,3.7513819536467055,2.862744506787425,-3.171110995121845,-4.146960943159616,-2.4467007716238127,-8.220157644631552,-8.118459068329983,-8.363154043451301,0.2275785542464374,0.09791849341004573,0.24174774048345934,0.20568647986826222,0.22706873199179534,2.4292436906549963,-0.757315636917775,3.0984195931891767,-0.04059788922308266,0.7602544971043093,-0.7684442171446536,1.4365363290219972,4.5663438692791525,-4.0,3.1643826162083832,3.7513819536467055,2.862744506787425,-3.171110995121845,-4.146960943159616,-2.4467007716238127,-8.220157644631552,-8.118459068329983,-8.363154043451301,-0.0603993156071446,-0.9037593550702089,0.0,-0.161541720717289,-0.06264203203266792
DS order-1.5 block Gaussian,20,0,41,142.44448371900944,-4100.062825555997,34258.27779325375,3382.6852652989733,1.075597091308662,0.09999999999999998,1,0.05,0,11.110832406233781,0.481218141691011,22.45329768541672,0.0,2.0590966074991974,0.45157684228742034,1.3902562090529305,4.523722975275581,-4.0,3.123685935856463,3.748693317271956,2.919913531294216,-3.179544740870064,-4.210684336077782,-2.509696045713336,-8.27955890149942,-8.139463560691103,-8.309751296077021,0.22642971256124872,0.09664232040199397,0.2430785603437625,0.2090638108750524,0.22478559581794244,2.4079205248983175,-0.7314345946550126,3.111437493619959,0.0,0.7222673465657469,-0.7950097272787184,1.3902562090529305,4.523722975275581,-4.0,3.123685935856463,3.748693317271956,2.919913531294216,-3.179544740870064,-4.210684336077782,-2.509696045713336,-8.27955890149942,-8.139463560691103,-8.309751296077021,-0.07095010774212082,-0.9223679400076921,0.0,-0.15074516413091413,-0.07823764426451507
DS order-1.5 block Gaussian,20,0,42,145.83537575200899,-4106.778828265276,34200.50949457907,2226.424358464857,2.2007659216932365,0.08999999999999998,1,0.05,0,10.89358538627425,0.4931102938683523,22.70885894719879,0.0,1.98322506697191,0.43883848617339277,1.3418352729940048,4.480839245630087,-4.0,3.0829515609868254,3.745509882740918,2.9760623505553796,-3.192639397807102,-4.275039737551738,-2.572938739466339,-8.339150295056676,-8.161778725478056,-8.259332739167759,0.2252822944086482,0.0953689906165953,0.24439500141467874,0.21246132007556667,0.22249239348451116,2.3881741193308765,-0.7070224101468907,3.1227551103460893,0.0,0.6847243413180553,-0.8236238466482382,1.3418352729940048,4.480839245630087,-4.0,3.0829515609868254,3.745509882740918,2.9760623505553796,-3.192639397807102,-4.275039737551738,-2.572938739466339,-8.339150295056676,-8.161778725478056,-8.259332739167759,-0.08143151699622739,-0.9410322949438028,0.0,-0.14002582598908175,-0.09389286017606739
DS order-1.5 block Gaussian,20,0,43,149.06776259600883,-4102.983526903583,34529.88505024745,4135.5118752153985,2.8798642478312915,0.08999999999999998,1,0.05,0,10.70441644422354,0.5043757336553119,22.920784396705244,0.0,1.9131103180458917,0.425803372573965,1.2914427437291485,4.438249397837479,-4.0,3.042133957168861,3.741374522883912,3.0307362532013293,-3.2105326341777896,-4.339904868354688,-2.6363029071383597,-8.398861529425037,-8.186236295308747,-8.212860529212744,0.2241322099414407,0.09408674196045415,0.24571737818229342,0.21590482657188936,0.22015884334392244,2.3706564081058623,-0.6844337853759594,3.132044114502876,0.0,0.6487303563572939,-0.8537776059952598,1.2914427437291485,4.438249397837479,-4.0,3.042133957168861,3.741374522883912,3.0307362532013293,-3.2105326341777896,-4.339904868354688,-2.6363029071383597,-8.398861529425037,-8.186236295308747,-8.212860529212744,-0.09194590560375974,-0.9599648627212579,0.0,-0.12934431343768196,-0.10983270527416944
DS order-1.5 block Gaussian,20,0,44,152.39629663300002,-4092.8410207237885,34774.39609951273,1867.798270097737,1.0149973597541404,0.059999999999999984,1,0.05,0,10.548075672721307,0.5146618068440603,23.08755321435619,0.0,1.8489185806216635,0.41277181099752425,1.2397332856915684,4.396852107758331,-4.0,3.0012783547400654,3.7359276214912045,3.0835324224267415,-3.2315856076871308,-4.404953282340279,-2.6996321874132865,-8.458553529745105,-8.212986297392256,-8.169885432265263,0.22299221761363372,0.09281251320452377,0.24700858639201456,0.2193376401317959,0.217849042658032,2.355943442595123,-0.6642452797706122,3.139293650421725,0.0,0.6146009171583621,-0.8848603544586678,1.2397332856915684,4.396852107758331,-4.0,3.0012783547400654,3.7359276214912045,3.0835324224267415,-3.2315856076871308,-4.404953282340279,-2.6996321874132865,-8.458553529745105,-8.212986297392256,-8.169885432265263,-0.10228622648689663,-0.9788416274765027,0.0,-0.118810820420796,-0.12562074069133572
DS order-1.5 block Gaussian,20,0,45,155.8001995459781,-4119.7573392792465,34836.47301235758,985.5716838525113,1.532402682618702,0.06999999999999998,1,0.05,0,10.415169111321383,0.5245574464639055,23.216292030775282,0.0,1.793877248110313,0.4001031689346746,1.1872582534999243,4.3577303705873165,-4.0,2.9604317017802617,3.7291512182423325,3.1340313615715436,-3.2559004443573434,-4.470322006068303,-2.763114912253584,-8.51842401811088,-8.242076476797502,-8.131357813990935,0.2218572222911671,0.09155302701393761,0.2482822617024587,0.222769372260063,0.21553811673237366,2.3432633118659303,-0.6452003309967095,3.1448542749210615,0.0,0.5843793377227582,-0.9160328427937161,1.1872582534999243,4.3577303705873165,-4.0,2.9604317017802617,3.7291512182423325,3.1340313615715436,-3.2559004443573434,-4.470322006068303,-2.763114912253584,-8.51842401811088,-8.242076476797502,-8.131357813990935,-0.11253221885240976,-0.9976479163613743,0.0,-0.10842921979786033,-0.1414284812956379
DS order-1.5 block Gaussian,20,0,46,158.97105820500292,-4107.6717109296915,35114.7327455637,471.031893597034,1.000721541999938,0.06999999999999998,1,0.05,0,10.29495676209985,0.5342563428595306,23.304236831334357,0.0,1.7547343986146136,0.3882883758211267,1.1344499486310937,4.325625481110353,-4.0,2.919182019731604,3.720621751836232,3.1823235865631876,-3.28231650996369,-4.5359581130812305,-2.827239205409492,-8.578846405874913,-8.273339028458832,-8.098129285927351,0.22065473300611188,0.09030494530787112,0.24967884134255805,0.22639715502858418,0.21296432531487483,2.3316541405777667,-0.6268795123975206,3.1486351822957768,0.0,0.5623175056440699,-0.9460069787700573,1.1344499486310937,4.325625481110353,-4.0,2.919182019731604,3.720621751836232,3.1823235865631876,-3.28231650996369,-4.5359581130812305,-2.827239205409492,-8.578846405874913,-8.273339028458832,-8.098129285927351,-0.12357627160826438,-1.0169832331444975,0.0,-0.09788467726014792,-0.15905079248473755
DS order-1.5 block Gaussian,20,0,47,162.33615502901375,-4130.640635083479,35218.77227861529,2530.2905181684728,1.0458182306733903,0.059999999999999984,1,0.05,0,10.184646004483133,0.5440529738256722,23.351040357003015,0.0,1.7414027500613565,0.3784695168112899,1.0816531635491824,4.30898822757837,-4.0,2.876484508804232,3.706933555776323,3.225719663061902,-3.3074377564999993,-4.601603030480535,-2.8927565826764634,-8.640820038614816,-8.309112522084543,-8.072815773197823,0.21939282590050252,0.08895537079305141,0.25125378820882294,0.23030907785178506,0.2100889372458381,2.3208812925193345,-0.6087086585111436,3.1506415380261354,0.0,0.5546909666355234,-0.9716197461740805,1.0816531635491824,4.30898822757837,-4.0,2.876484508804232,3.706933555776323,3.225719663061902,-3.3074377564999993,-4.601603030480535,-2.8927565826764634,-8.640820038614816,-8.309112522084543,-8.072815773197823,-0.1355996881226601,-1.0383287445079827,0.0,-0.08704131315121784,-0.17893258495107933
DS order-1.5 block Gaussian,20,0,48,165.76712237496395,-4140.335924071654,35417.44353317706,485.7614354126819,1.2793513340420692,0.059999999999999984,1,0.05,0,10.087393856311083,0.5538198037545462,23.350444869415284,0.0,1.7487398776599412,0.37064712574338243,1.028841573049963,4.305543977361035,-4.0,2.8327063867066036,3.688621035784405,3.26395345087352,-3.3316024230882393,-4.667103226964583,-2.9592794023062114,-8.70396809609411,-8.349340785564669,-8.055465663148338,0.21804984769420327,0.08750127793030668,0.25303549760725347,0.2345479058653469,0.20686547090288973,2.31128651124193,-0.5909159091256188,3.1506160361567677,0.0,0.5588954586519616,-0.9925048125475913,1.028841573049963,4.305543977361035,-4.0,2.8327063867066036,3.688621035784405,3.26395345087352,-3.3316024230882393,-4.667103226964583,-2.9592794023062114,-8.70396809609411,-8.349340785564669,-8.055465663148338,-0.1488060898351945,-1.0618763874587778,0.0,-0.07586992920692683,-0.20146110266388534
DS order-1.5 block Gaussian,20,0,49,168.89058472699253,-4118.506961125348,35386.03007309264,2946.40031247386,1.3621986436578681,0.06999999999999998,1,0.05,0,10.00354503166221,0.5637218402620743,23.300746383090544,0.0,1.7769901879848802,0.36589051703344255,0.9755198978362036,4.314826067335924,-4.0,2.787146641649994,3.662893988281876,3.2955089382536484,-3.3571516435628768,-4.733332286607325,-3.027455459387938,-8.769208172686524,-8.395419367963859,-8.043936669444358,0.2166041195853434,0.08597568492912422,0.2549544238071132,0.23909345534567614,0.2033723163327431,2.302939533338866,-0.573194340167465,3.148485393667626,0.0,0.5749210274830324,-1.005421124118615,0.9755198978362036,4.314826067335924,-4.0,2.787146641649994,3.662893988281876,3.2955089382536484,-3.3571516435628768,-4.733332286607325,-3.027455459387938,-8.769208172686524,-8.395419367963859,-8.043936669444358,-0.16301344530716255,-1.0870202761214895,0.0,-0.06423029696460407,-0.22604642922349427
DS order-1.5 block Gaussian,20,0,50,172.4061109710019,-4087.185031966822,35625.32440473983,1985.5689005552035,1.000808448468075,0.06999999999999998,1,0.05,0,10.000000000000002,0.5740004822186396,23.218780705456226,-2.5021345478710015e-05,1.8228198481622115,0.3638104198136072,0.9220363932025936,4.3345503032169965,-4.0,2.7403335714893435,3.6312897604799925,3.320798980210108,-3.3833481493552315,-4.799824693018081,-3.0967769237769542,-8.83592729895672,-8.44597254458194,-8.037911942965955,0.2150697002339602,0.0843984046824239,0.2569621422444758,0.24388058286541797,0.19968916997372205,2.302585092994046,-0.5551250425607638,3.1449614643594184,-0.0025021345478710016,0.6003846691798916,-1.0111223717095776,0.9220363932025936,4.3345503032169965,-4.0,2.7403335714893435,3.6312897604799925,3.320798980210108,-3.3833481493552315,-4.799824693018081,-3.0967769237769542,-8.83592729895672,-8.44597254458194,-8.037911942965955,-0.17796660487776544,-1.1133802680465783,0.0,-0.05225007659798175,-0.25216676013024986
DS order-1.5 block Gaussian,20,0,51,175.79667502897792,-4090.794477526656,35368.96173926861,1466.690118913383,1.0000002269236647,0.08999999999999998,1,0.05,0,10.000000000000002,0.5842739738683236,23.102906915371236,-0.00013328733495180558,1.8838135910325062,0.3642414290095679,0.8686255627096268,4.362997436531268,-4.0,2.6926751642543203,3.5949822639535953,3.3400289864279675,-3.410060701404529,-4.866405664446123,-3.1669529493451813,-8.903777342341868,-8.500212697266683,-8.037202874946546,0.21344448608617897,0.08280540671414209,0.25904257964059724,0.24887114694286286,0.1958363806162187,2.302585092994046,-0.5373852728263785,3.1399584501027586,-0.013328733495180557,0.6332982280702801,-1.0099383646996123,0.8686255627096268,4.362997436531268,-4.0,2.6926751642543203,3.5949822639535953,3.3400289864279675,-3.410060701404529,-4.866405664446123,-3.1669529493451813,-8.903777342341868,-8.500212697266683,-8.037202874946546,-0.19361566781772171,-1.140499090604721,0.0,-0.040057167976629865,-0.2797129305214624
DS order-1.5 block Gaussian,20,0,52,179.00616860797163,-4093.163124500712,35460.68800748948,2043.2413405839775,1.8007755411357749,0.06999999999999998,1,0.05,0,10.000000000000002,0.5945808334515045,22.948669267382996,-0.0003188975899587699,1.9586054801446782,0.3671668705699237,0.815263980695051,4.399105663059068,-4.0,2.644649959131501,3.5547034759940286,3.3528097191159,-3.4370705485068713,-4.932959557677698,-3.237758481194968,-8.97240806175496,-8.557477167306443,-8.041976495342103,0.21169095777932256,0.08119693454456778,0.26124585432869485,0.25413032985373263,0.1917359234936822,2.302585092994046,-0.5198986032943806,3.1332599508333914,-0.03188975899587699,0.6722327302913902,-1.0019388460654965,0.815263980695051,4.399105663059068,-4.0,2.644649959131501,3.5547034759940286,3.3528097191159,-3.4370705485068713,-4.932959557677698,-3.237758481194968,-8.97240806175496,-8.557477167306443,-8.041976495342103,-0.2103344697526386,-1.168584440013995,0.0,-0.027614689471662963,-0.3093429077261014
DS order-1.5 block Gaussian,20,0,53,182.35974533198169,-4068.3310167154714,35573.15977123041,2302.535504064039,1.1422961548450612,0.10999999999999999,1,0.05,0,10.000000000000002,0.6,22.773080362531687,-0.0005650443890422183,2.0461936831078913,0.37234262099000676,0.7625528691823259,4.442150399654415,-4.0,2.596565922538843,3.5111206264330797,3.35942931542612,-3.4635161766943554,-4.999134095167489,-3.308903329043219,-9.041489614263583,-8.617108150087493,-8.051737926463282,0.20984129873829857,0.07958721636601104,0.263512784553823,0.259566701944622,0.18749199839724542,2.302585092994046,-0.5108256237659907,3.12557915254786,-0.056504438904221826,0.7159813273246617,-0.9879408244248128,0.7625528691823259,4.442150399654415,-4.0,2.596565922538843,3.5111206264330797,3.35942931542612,-3.4635161766943554,-4.999134095167489,-3.308903329043219,-9.041489614263583,-8.617108150087493,-8.051737926463282,-0.2277503603121508,-1.197248403499189,0.0,-0.015088175209489622,-0.3403657157501115
DS order-1.5 block Gaussian,20,0,54,185.74120749201393,-4070.368642604275,35562.626700167064,6985.115299182745,1.1811236777352085,0.08999999999999998,1,0.05,0,10.000000000000002,0.6,22.589630057451707,-0.0008665835219354731,2.1460213277755726,0.37959496081584077,0.7106003259550937,4.490892891156049,-4.0,2.5487883254923624,3.465155903069677,3.3606411661654993,-3.4891390360663173,-5.064725111664723,-3.3801262432543457,-9.11071072338315,-8.678310334097,-8.065635277156101,0.20793486343005588,0.07799197623095662,0.2657799783503983,0.26507989677597854,0.1832132852126106,2.302585092994046,-0.5108256237659907,3.117490953960324,-0.08665835219354731,0.7636155825447563,-0.968650487319091,0.7106003259550937,4.490892891156049,-4.0,2.5487883254923624,3.465155903069677,3.3606411661654993,-3.4891390360663173,-5.064725111664723,-3.3801262432543457,-9.11071072338315,-8.678310334097,-8.065635277156101,-0.2454439433752227,-1.226062864882167,0.0,-0.002637539633609987,-0.3720178502996633
DS order-1.5 block Gaussian,20,0,55,188.88482388999546,-4051.1365737673473,35434.104307851936,2917.7961265669596,1.000000941486201,0.11999999999999998,1,0.05,0,10.000000000000002,0.6,22.407885476470103,-0.001213557886541609,2.2575523190212157,0.38873955693070905,0.6595314212956098,4.544007979311256,-4.0,2.5015372504428615,3.4175004180269104,3.3572930784160815,-3.51385105308777,-5.129549983153336,-3.451117916299914,-9.179746594943168,-8.74047002342988,-8.082763953890733,0.20652574895199827,0.0766184438207616,0.26872039539391773,0.26872039539391773,0.1794150164394046,2.302585092994046,-0.5108256237659907,3.1094129271124595,-0.12135578865416091,0.8142811816866166,-0.9448456790502638,0.6595314212956098,4.544007979311256,-4.0,2.5015372504428615,3.4175004180269104,3.3572930784160815,-3.51385105308777,-5.129549983153336,-3.451117916299914,-9.179746594943168,-8.74047002342988,-8.082763953890733,-0.2632463198112396,-1.2548335879870305,0.0,0.0,-0.4039697669030364
DS order-1.5 block Gaussian,20,0,56,192.31239822797943,-4068.6478326410343,35268.830700911596,4821.153232937632,1.0274362677475075,0.15999999999999998,1,0.05,0,10.000000000000002,0.6,22.22270089591402,-0.001600014783218581,2.3798829432470976,0.3996348699561455,0.609343039476406,4.600733714509114,-4.0,2.455071127664657,3.3688393239012324,3.3500028162106776,-3.538038269888905,-5.193522939014823,-3.5217017514279867,-9.248360970411419,-8.802976324470142,-8.103021269142486,0.20524288281271438,0.0753223560516551,0.27182069546311105,0.27182069546311105,0.17579337020940833,2.302585092994046,-0.5108256237659907,3.101114329295959,-0.1600014783218581,0.867051302964212,-0.9172039738623424,0.609343039476406,4.600733714509114,-4.0,2.455071127664657,3.3688393239012324,3.3500028162106776,-3.538038269888905,-5.193522939014823,-3.5217017514279867,-9.248360970411419,-8.802976324470142,-8.103021269142486,-0.28094856903475374,-1.283365657208677,0.0,0.0,-0.4358333686462042
DS order-1.5 block Gaussian,20,0,57,195.76354824600276,-4062.3561441687916,35185.22503590976,2282.8459273131452,1.0031717168282794,0.15999999999999998,1,0.05,0,10.000000000000002,0.6,22.040769629651987,-0.0020189333402301185,2.512782334936271,0.41215535610871046,0.5601839782402052,4.6602860273008595,-4.0,2.409555174022994,3.3197372792358726,3.3395329521828683,-3.5616116112103455,-5.256511730419151,-3.591683704197573,-9.316350134899935,-8.865438616613321,-8.125786261225912,0.2039433502564672,0.074048168426141,0.2748914559091324,0.2748914559091324,0.17222556949912707,2.302585092994046,-0.5108256237659907,3.092893903350716,-0.20189333402301185,0.9213906391858597,-0.8863549227748646,0.5601839782402052,4.6602860273008595,-4.0,2.409555174022994,3.3197372792358726,3.3395329521828683,-3.5616116112103455,-5.256511730419151,-3.591683704197573,-9.316350134899935,-8.865438616613321,-8.125786261225912,-0.29853405350613565,-1.3116605078425954,0.0,0.0,-0.4675712457751833
DS order-1.5 block Gaussian,20,0,58,199.13613615301438,-4067.7908559012917,35117.87526008764,1618.0421521362455,1.0008368171862092,0.19999999999999998,1,0.05,0,10.000000000000002,0.6,21.86021391851748,-0.0024640976875996605,2.6555823159746392,0.4261887399395467,0.5120985325438601,4.7222184399048235,-4.0,2.3652712777496308,3.270921804921335,3.3265530879491947,-3.583768848080458,-5.318245918617556,-3.660886971139766,-9.383525287687398,-8.927424405305137,-8.15023335588861,0.20262647035656453,0.07279810187498761,0.2779307502677047,0.2779307502677047,0.1687139272330384,2.302585092994046,-0.5108256237659907,3.084668268543031,-0.24640976875996604,0.9766639586957331,-0.8528729793298198,0.5120985325438601,4.7222184399048235,-4.0,2.3652712777496308,3.270921804921335,3.3265530879491947,-3.583768848080458,-5.318245918617556,-3.660886971139766,-9.383525287687398,-8.927424405305137,-8.15023335588861,-0.31600774633344425,-1.3396821011867261,0.0,0.0,-0.4991674405468968
DS order-1.5 block Gaussian,20,0,59,202.48797719198046,-4092.4036636044693,35258.37706184661,6267.879336258278,1.0000268862793702,0.18,1,0.05,0,10.000000000000002,0.6,21.689769044451477,-0.002928843595151562,2.807017295419388,0.44167000607042195,0.4649145524734964,4.786012888517797,-4.0,2.3224246883430886,3.2229182417431725,3.311620790787913,-3.604112503595353,-5.378584076035097,-3.7291388822480123,-9.44966830349222,-8.988195780426654,-8.174699934497657,0.20131336423357238,0.07156513037745053,0.2809151426074924,0.2809151426074924,0.16529122017399225,2.302585092994046,-0.5108256237659907,3.0768406767623357,-0.29288435951515623,1.0321224588924298,-0.8171922683443448,0.4649145524734964,4.786012888517797,-4.0,2.3224246883430886,3.2229182417431725,3.311620790787913,-3.604112503595353,-5.378584076035097,-3.7291388822480123,-9.44966830349222,-8.988195780426654,-8.174699934497657,-0.33318992004700143,-1.3674446906851045,0.0,0.0,-0.5303437512028366
DS order-1.5 block Gaussian,20,0,60,205.88380788598442,-4111.117912493186,34939.86857163671,1961.904603989791,1.006455278537859,0.22999999999999998,1,0.05,0,10.000000000000002,0.6,21.520906222400857,-0.003407691792645142,2.9665496023535307,0.4585312130906126,0.4186815217957297,4.851178275219644,-4.0,2.281036955181941,3.1759256798773867,3.295116775749451,-3.622691434042348,-5.437452998860281,-3.796319699725008,-9.51466567748463,-9.047583459938377,-8.19904241246339,0.1999872815699651,0.07034565523206915,0.2838716415249518,0.2838716415249518,0.16192378014806205,2.302585092994046,-0.5108256237659907,3.0690248451133124,-0.34076917926451417,1.0873995274105905,-0.7797269130692133,0.4186815217957297,4.851178275219644,-4.0,2.281036955181941,3.1759256798773867,3.295116775749451,-3.622691434042348,-5.437452998860281,-3.796319699725008,-9.51466567748463,-9.047583459938377,-8.19904241246339,-0.3502683971563466,-1.3951011471956436,0.0,0.0,-0.5613964379294749
DS order-1.5 block Gaussian,20,0,61,209.1276984930155,-4143.716417943045,34696.80856642016,1934.9209972287445,1.0003860890001983,0.26,1,0.03298769776932236,0,10.000000000000002,0.6,21.362262368115957,-0.0038987987273243797,3.13293447639442,0.47671446335245693,0.3733985881797388,4.917414688483466,-4.0,2.2412097433819644,3.1303737054949847,3.2776535779318183,-3.6399333256109103,-5.494893622029289,-3.8624006047244506,-9.578449676610456,-9.10535427456078,-8.223200938465471,0.19866716176578217,0.06915374372866966,0.2867643642263477,0.2867643642263477,0.1586503660528528,2.302585092994046,-0.5108256237659907,3.0616259245935766,-0.38987987273243796,1.1419700977374436,-0.7408375766558795,0.3733985881797388,4.917414688483466,-4.0,2.2412097433819644,3.1303737054949847,3.2776535779318183,-3.6399333256109103,-5.494893622029289,-3.8624006047244506,-9.578449676610456,-9.10535427456078,-8.223200938465471,-0.36702997745543203,-1.422328652070683,0.0,0.0,-0.5919580226345076
DS order-1.5 block Gaussian,20,0,62,212.52730182697996,-4118.842300838113,34613.76366820188,6251.507688780729,1.3595917280528964,0.22999999999999998,1,0.025864092898589333,0,10.000000000000002,0.6,21.26120550261499,-0.004228093233259972,3.2455232590104273,0.4894624198070395,0.34422105536211633,4.961609585792058,-4.0,2.2160479992024458,3.101642001602214,3.2659557007455313,-3.650399489308885,-5.531867885384957,-3.905260860377907,-9.619714877484556,-9.14221756306877,-8.238753035653614,0.1977823509617671,0.06838040555678708,0.288662994588825,0.288662994588825,0.1565112543037958,2.302585092994046,-0.5108256237659907,3.0568840741573844,-0.4228093233259972,1.1772765880072034,-0.7144475925694864,0.34422105536211633,4.961609585792058,-4.0,2.2160479992024458,3.101642001602214,3.2659557007455313,-3.650399489308885,-5.531867885384957,-3.905260860377907,-9.619714877484556,-9.14221756306877,-8.238753035653614,-0.378092710466505,-1.4401735838689331,0.0,0.0,-0.612131979110536
DS order-1.5 block Gaussian,20,0,63,215.9874762459658,-4141.149754882805,34695.200249436864,5523.712786160458,1.0007101819190285,0.22999999999999998,1,0.021763764082403103,0,10.000000000000002,0.6,21.18193750917206,-0.004488966417611432,3.3344614835888304,0.4998968702787682,0.32190770957010356,4.996477167920199,-4.0,2.1971679395804156,3.0801669016256947,3.2567596130833807,-3.6579175869004543,-5.560133944478988,-3.9382546815495743,-9.651403552056372,-9.170140024242217,-8.250552214340802,0.1970800572209248,0.06778389944455378,0.290145130301616,0.290145130301616,0.15484578273128946,2.302585092994046,-0.5108256237659907,3.053148814231688,-0.4488966417611432,1.2043111921429692,-0.6933534612768131,0.32190770957010356,4.996477167920199,-4.0,2.1971679395804156,3.0801669016256947,3.2567596130833807,-3.6579175869004543,-5.560133944478988,-3.9382546815495743,-9.651403552056372,-9.170140024242217,-8.250552214340802,-0.3867712190940802,-1.4540565516871358,0.0,0.0,-0.6279515756063334
DS order-1.5 block Gaussian,20,0,64,219.2549313000054,-4132.139165208617,34525.687800173524,4210.600076274895,1.1664115333915674,0.24999999999999997,1,0.019036539387158786,0,10.000461111793586,0.6,21.118093042633962,-0.0047097150568044975,3.4090090623702816,0.5,0.3035954093222575,5.025841596665148,-4.0,2.1819748934864847,3.062987217649741,3.249083815538313,-3.663597059750148,-5.583296947429141,-3.965480789472424,-9.677491556065451,-9.192805432092998,-8.260086739760444,0.19649089398385594,0.06729276451957168,0.2913748692902719,0.2913748692902719,0.1534666029160286,2.3026312031103164,-0.5108256237659907,3.0501301632195816,-0.4709715056804497,1.226421651518405,-0.6931471805599453,0.3035954093222575,5.025841596665148,-4.0,2.1819748934864847,3.062987217649741,3.249083815538313,-3.663597059750148,-5.583296947429141,-3.965480789472424,-9.677491556065451,-9.192805432092998,-8.260086739760444,-0.39399455957312796,-1.4655579287419274,0.0,0.0,-0.6411276759838637
DS order-1.5 block Gaussian,20,0,65,222.69010109698866,-4148.907310086546,34563.21380070421,4660.684248721796,1.0230876583835724,0.27999999999999997,1,0.017063937592326828,0,10.004263326409994,0.6,21.063062983321917,-0.004903071182033932,3.4734660236079016,0.5,0.2879580685877906,5.051440744700723,-4.0,2.1692954965498688,3.0487931267760793,3.2425202581794523,-3.6680919449794986,-5.603016064431084,-3.9888072501949448,-9.699792812299178,-9.211897755795437,-8.268125526074023,0.19597894366082655,0.06687228135044625,0.29243368424086047,0.29243368424086047,0.1522814065070062,2.3030113347811065,-0.5108256237659907,3.047520936933851,-0.49030711820339323,1.2451529495016633,-0.6931471805599453,0.2879580685877906,5.051440744700723,-4.0,2.1692954965498688,3.0487931267760793,3.2425202581794523,-3.6680919449794986,-5.603016064431084,-3.9888072501949448,-9.699792812299178,-9.211897755795437,-8.268125526074023,-0.40023069726529276,-1.475453368736637,0.0,0.0,-0.6525077526299234
DS order-1.5 block Gaussian,20,0,66,226.15941223001573,-4156.899956659225,34485.36443829715,2572.5333380502066,1.0000340816754356,0.26999999999999996,1,0.015556474460591286,0,10.010909733102764,0.6,21.0121283346347,-0.005076141232185227,3.530140328295685,0.5,0.2742734567918027,5.074248287151015,-4.0,2.1584601475419802,3.036805652740732,3.2367988157781484,-3.671698508604625,-5.6201996262980005,-4.0092707953404485,-9.719315692732309,-9.228355389756622,-8.275070044782655,0.19552015056992963,0.06650244936518378,0.29337263963869165,0.29337263963869165,0.15123212078750317,2.30367547162542,-0.5108256237659907,3.0450998107560396,-0.5076141232185227,1.2613376232133413,-0.6931471805599453,0.2742734567918027,5.074248287151015,-4.0,2.1584601475419802,3.036805652740732,3.2367988157781484,-3.671698508604625,-5.6201996262980005,-4.0092707953404485,-9.719315692732309,-9.228355389756622,-8.275070044782655,-0.4057801625125569,-1.4842048290527157,0.0,0.0,-0.6626277283411398
DS order-1.5 block Gaussian,20,0,67,229.51569806196494,-4158.411621820232,34382.28827683002,616.4277374804228,1.0811382844885264,0.27999999999999997,1,0.01435872943746294,0,10.020841440141965,0.6,20.965535091201073,-0.0052331092140110004,3.5803504519739615,0.5,0.2620825634152864,5.094891945449889,-4.0,2.149064042771894,3.026574261287446,3.231739079188334,-3.6745419128697385,-5.635407817578501,-4.0275209792284405,-9.736691068179946,-9.242760124468397,-8.281158636801036,0.1951147436340081,0.06617514695401124,0.2942009638393607,0.2942009638393607,0.15030818173325936,2.304667068192999,-0.5108256237659907,3.0428799033688554,-0.5233109214011,1.2754606872343761,-0.6931471805599453,0.2620825634152864,5.094891945449889,-4.0,2.149064042771894,3.026574261287446,3.231739079188334,-3.6745419128697385,-5.635407817578501,-4.0275209792284405,-9.736691068179946,-9.242760124468397,-8.281158636801036,-0.41067526989877895,-1.4919581155000388,0.0,0.0,-0.6715753530047729
DS order-1.5 block Gaussian,20,0,68,232.76986479200423,-4188.291747065652,34459.60865834948,3300.647569762688,1.0165920774287718,0.27999999999999997,1,0.01337902602933718,0,10.032101083579384,0.6,20.922826310591574,-0.005376516541478768,3.624119450980198,0.5,0.2511197615272327,5.11375421349055,-4.0,2.1408923911688884,3.0179870869963117,3.227613166820845,-3.6765457365799996,-5.649019910250769,-4.043995874657379,-9.752309970945202,-9.255315708748148,-8.286264541067112,0.19478614767977903,0.06588499534370665,0.29489450509893395,0.29489450509893395,0.14953984677864626,2.3057900599541736,-0.5108256237659907,3.0408407309601175,-0.5376516541478767,1.2876113487247793,-0.6931471805599453,0.2511197615272327,5.11375421349055,-4.0,2.1408923911688884,3.0179870869963117,3.227613166820845,-3.6765457365799996,-5.649019910250769,-4.043995874657379,-9.752309970945202,-9.255315708748148,-8.286264541067112,-0.414715404341501,-1.4987069552238812,0.0,0.0,-0.6790547915946611
DS order-1.5 block Gaussian,20,0,69,236.30770228500478,-4175.900492901741,34304.66719480883,2926.448692359734,1.0563784864779224,0.27999999999999997,1,0.0125594321575479,0,10.044612067197287,0.6,20.88154519826602,-0.0055088224938143636,3.6623669090257454,0.5,0.24116940040439183,5.13109978060063,-4.0,2.133740537126515,3.0107843435797412,3.224279577004331,-3.677857208474604,-5.661313501236817,-4.0590028691244955,-9.766477479084807,-9.266329045409615,-8.290566740721461,0.19451323693852948,0.06562498899724506,0.2954874340476583,0.2954874340476583,0.14888690596890877,2.307036378028591,-0.5108256237659907,3.0388657640246683,-0.5508822493814364,1.2981096348503534,-0.6931471805599453,0.24116940040439183,5.13109978060063,-4.0,2.133740537126515,3.0107843435797412,3.224279577004331,-3.677857208474604,-5.661313501236817,-4.0590028691244955,-9.766477479084807,-9.266329045409615,-8.290566740721461,-0.418126094586553,-1.5046697583178132,0.0,0.0,-0.6854393141677779
DS order-1.5 block Gaussian,20,0,70,239.6442483199644,-4198.866011132985,34247.673782573205,3847.2797663130846,1.0000904951320146,0.29,1,0.011861357433085789,0,10.058201755288291,0.6,20.843398197938402,-0.005631832246329076,3.6956543611964436,0.5,0.23207761773213906,5.14714857993036,-4.0,2.127454557918398,3.004787887449846,3.2216448641283604,-3.678545502400329,-5.672500012636199,-4.0727779957009345,-9.779424762369073,-9.276023055456436,-8.294174446883439,0.19429193897541616,0.06539124221896345,0.29598935164798745,0.29598935164798745,0.14833811550964557,2.308388396734143,-0.5108256237659907,3.0370372649135344,-0.5631832246329076,1.307157632414147,-0.6931471805599453,0.23207761773213906,5.14714857993036,-4.0,2.127454557918398,3.004787887449846,3.2216448641283604,-3.678545502400329,-5.672500012636199,-4.0727779957009345,-9.779424762369073,-9.276023055456436,-8.294174446883439,-0.4209616115091647,-1.5099351410435227,0.0,0.0,-0.6908292471454486
DS order-1.5 block Gaussian,20,0,71,242.93520225700922,-4172.806742563902,34205.94783526833,6603.2099258251965,1.0017391673749754,0.3,1,0.011258000321005114,0,10.073294588873047,0.6,20.80693945192083,-0.005746817267402249,3.724637247489494,0.5,0.22370879986443354,5.162052252690717,-4.0,2.121912661190785,2.99983721016752,3.219614173280526,-3.678718210003105,-5.682744659264124,-4.085494987034261,-9.791325268753155,-9.284578168640333,-8.29715286037285,0.19411365070284511,0.06517998123929587,0.29641523071636744,0.29641523071636744,0.14787590662512412,2.3098878219288204,-0.5108256237659907,3.035286558562188,-0.5746817267402249,1.3149694638651719,-0.6931471805599453,0.22370879986443354,5.162052252690717,-4.0,2.121912661190785,2.99983721016752,3.219614173280526,-3.678718210003105,-5.682744659264124,-4.085494987034261,-9.791325268753155,-9.284578168640333,-8.29715286037285,-0.4233174618864233,-1.514608892204262,0.0,0.0,-0.6953878244810651
DS order-1.5 block Gaussian,20,0,72,246.40691335499287,-4195.143440636144,34207.06264047262,3110.172020774728,1.0057958370603546,0.29,1,0.010730105522650331,0,10.08998162638652,0.6,20.7708192403715,-0.005854663523083215,3.7498130454613703,0.5,0.2159591562339184,5.175936095027059,-4.0,2.117007962343565,2.9957633331886053,3.21807424729201,-3.678487142733724,-5.692178046048386,-4.0972875045601524,-9.802313611038192,-9.292161874115047,-8.299619170429567,0.19396833884702583,0.06498734886696386,0.2967815142659142,0.2967815142659142,0.1474812837541819,2.311543013391265,-0.5108256237659907,3.0335490805560563,-0.5854663523083216,1.3217059841959058,-0.6931471805599453,0.2159591562339184,5.175936095027059,-4.0,2.117007962343565,2.9957633331886053,3.21807424729201,-3.678487142733724,-5.692178046048386,-4.0972875045601524,-9.802313611038192,-9.292161874115047,-8.299619170429567,-0.4253012819578826,-1.518803607746618,0.0,0.0,-0.6992949479563643
DS order-1.5 block Gaussian,20,0,73,249.77350400201976,-4187.002697667878,34262.29747842413,815.8419162845287,1.5997445242387245,0.32,1,0.010263445557243348,0,10.108480876014262,0.6,20.734362736771672,-0.005955856245650007,3.771535898046331,0.5,0.20874717669542545,5.188906350292991,-4.0,2.112659282686887,2.9924720766911976,3.216987133382346,-3.6779398488203388,-5.700898618119868,-4.1082678901024705,-9.812502309941179,-9.298890719517422,-8.301640208440462,0.19384546090703442,0.06481013052064145,0.29710453768504724,0.29710453768504724,0.14713533320222968,2.3133747621986895,-0.5108256237659907,3.0317923595280405,-0.5955856245650007,1.3274823185073563,-0.6931471805599453,0.20874717669542545,5.188906350292991,-4.0,2.112659282686887,2.9924720766911976,3.216987133382346,-3.6779398488203388,-5.700898618119868,-4.1082678901024705,-9.812502309941179,-9.298890719517422,-8.301640208440462,-0.42702280725863867,-1.522622129276008,0.0,0.0,-0.7027312583263258
DS order-1.5 block Gaussian,20,0,74,253.08083725196775,-4185.418594164801,34242.003193881304,514.6363526368634,1.0220244874340172,0.3,1,0.009847256463542592,0,10.12892213867953,0.5999670657932552,20.698635862580954,-0.006051860123364557,3.789802505312102,0.5,0.2019546424755163,5.201028310779445,-4.0,2.1088656041718195,2.990088804555969,3.2164257447903615,-3.6771877587818826,-5.708999862104286,-4.11852973501991,-9.821976404189554,-9.304798236837089,-8.30327972999782,0.19374063047787227,0.0646467529415521,0.2973911856309907,0.2973911856309907,0.1468302453185942,2.315394909704983,-0.5108805156170954,3.0300677977413915,-0.6051860123364557,1.3323139083202602,-0.6931471805599453,0.2019546424755163,5.201028310779445,-4.0,2.1088656041718195,2.990088804555969,3.2164257447903615,-3.6771877587818826,-5.708999862104286,-4.11852973501991,-9.821976404189554,-9.304798236837089,-8.30327972999782,-0.42852808725308394,-1.5261105167254663,0.0,0.0,-0.7057712697537266
DS order-1.5 block Gaussian,20,0,75,256.50721532601165,-4185.518403215807,34099.96434036081,3323.7896179503873,1.1547985185056737,0.31,1,0.00947322854068999,0,10.151277344385239,0.5997722977864473,20.662816490856784,-0.006141542416224235,3.803578698091654,0.5,0.19539596463722386,5.212291741643861,-4.0,2.1056309300573433,2.988663836253352,3.216437125692498,-3.6762023557187566,-5.716543546154837,-4.128160708911571,-9.83079298840466,-9.309796128567106,-8.304578911979501,0.1936425807416751,0.0644947935752908,0.29765725490975237,0.29765725490975237,0.14654811586352928,2.317599544307222,-0.5112051994849947,3.028335780191689,-0.6141542416224235,1.335942386207814,-0.6931471805599453,0.19539596463722386,5.212291741643861,-4.0,2.1056309300573433,2.988663836253352,3.216437125692498,-3.6762023557187566,-5.716543546154837,-4.128160708911571,-9.83079298840466,-9.309796128567106,-8.304578911979501,-0.429928580757925,-1.5293581724834568,0.0,0.0,-0.7085888628018584
DS order-1.5 block Gaussian,20,0,76,259.93330281897215,-4223.534869881579,34196.51135006311,3346.6318088808753,1.0555868786815856,0.3,1,0.009134833828228625,0,10.175694873571846,0.5994080690791235,20.626665445682576,-0.0062256363387761275,3.813434546690423,0.5,0.18906207261767477,5.222780186180904,-4.0,2.102890303934092,2.9880779495721344,3.21696316132066,-3.6750137868595916,-5.7235934571385645,-4.1372252635191185,-9.839021372028107,-9.313998850033606,-8.30559013221399,0.19355134616896105,0.0643528645472222,0.29790421258859967,0.29790421258859967,0.14628736410661736,2.320002021239783,-0.5118126622630522,3.0265846778423087,-0.6225636338776127,1.3385302388955822,-0.6931471805599453,0.18906207261767477,5.222780186180904,-4.0,2.102890303934092,2.9880779495721344,3.21696316132066,-3.6750137868595916,-5.7235934571385645,-4.1372252635191185,-9.839021372028107,-9.313998850033606,-8.30559013221399,-0.4312291684200842,-1.532390552408178,0.0,0.0,-0.7111990660147712
DS order-1.5 block Gaussian,20,0,77,263.13810996501707,-4179.208016036831,34142.76200207751,2645.4875087614255,1.0000000034050487,0.3,1,0.008826865342073437,0,10.20217747876365,0.5988767052168726,20.589735552231268,-0.006304687400528849,3.8197805972468406,0.5,0.18292081689333675,5.232537233452079,-4.0,2.100585331906741,2.988214776941544,3.217925186802547,-3.6736229194475447,-5.73020811923869,-4.145778745146062,-9.846720818527935,-9.317502060834807,-8.30634645870445,0.19346464729239893,0.06421941947251507,0.2981363547128359,0.2981363547128359,0.14604322380941423,2.322601175817135,-0.5126995364159705,3.0247926774521816,-0.6304687400528849,1.340192985693319,-0.6931471805599453,0.18292081689333675,5.232537233452079,-4.0,2.100585331906741,2.988214776941544,3.217925186802547,-3.6736229194475447,-5.73020811923869,-4.145778745146062,-9.846720818527935,-9.317502060834807,-8.30634645870445,-0.4324561535577479,-1.5352452990519747,0.0,0.0,-0.7136483166221033
DS order-1.5 block Gaussian,20,0,78,266.5544103849679,-4200.961162316097,34186.3442177921,4159.2322671811235,1.0158068458984326,0.31,1,0.00854511366088334,0,10.229669110844554,0.5982421664012708,20.552937735640153,-0.006379100647393086,3.822957418746257,0.5,0.17694502826738837,5.241630272464843,-4.0,2.0986763050960104,2.988994535195957,3.2192622922260323,-3.6720802541669415,-5.736434381844541,-4.15386585093625,-9.853939148048026,-9.320368509919623,-8.306862758530274,0.1933812996446599,0.06409429487784798,0.29835549919636195,0.29835549919636195,0.14581340708476828,2.325292234459443,-0.5137596464686514,3.0230038862306827,-0.6379100647393086,1.3410243164744422,-0.6931471805599453,0.17694502826738837,5.241630272464843,-4.0,2.0986763050960104,2.988994535195957,3.2192622922260323,-3.6720802541669415,-5.736434381844541,-4.15386585093625,-9.853939148048026,-9.320368509919623,-8.306862758530274,-0.4336218401183817,-1.5379303693290611,0.0,0.0,-0.7159579551680934
DS order-1.5 block Gaussian,20,0,79,269.9305591430166,-4209.024229545857,34305.482727073824,4505.455662326694,1.0382957459146274,0.27999999999999997,1,0.008286135043349968,0,10.257542765041874,0.5975444975246141,20.5173446979736,-0.006448997727879432,3.823368451261217,0.5,0.17111689960720589,5.250112149729965,-4.0,2.0971138943714123,2.9903283338869904,3.220930246229153,-3.670429571054518,-5.742311228617456,-4.16152665690151,-9.860721440374626,-9.322662812813668,-8.307142374311582,0.19330352507027854,0.06397684799316258,0.29855970380526864,0.29855970380526864,0.14560021932602163,2.328013314474124,-0.5149265251048935,3.02127061124603,-0.6448997727879432,1.3411318275908513,-0.6931471805599453,0.17111689960720589,5.250112149729965,-4.0,2.0971138943714123,2.9903283338869904,3.220930246229153,-3.670429571054518,-5.742311228617456,-4.16152665690151,-9.860721440374626,-9.322662812813668,-8.307142374311582,-0.4347083032664218,-1.5404486577752594,0.0,0.0,-0.718105283459253
DS order-1.5 block Gaussian,20,0,80,273.15005535201635,-4185.565955218397,34113.70213321511,4401.08580916906,1.0387773500875666,0.29,1,0.008047082012465307,0,10.28613980597497,0.5967691234559299,20.482489826923963,-0.006514911874685988,3.8213833015944627,0.5,0.16542871035790005,5.258022864321205,-4.0,2.095859504851438,2.992149597723475,3.2229013680334777,-3.668707965418744,-5.747871057697476,-4.1687958953795015,-9.867107807128539,-9.32445023446423,-8.307212634026484,0.19323072767263616,0.06386604161754851,0.29875070536816256,0.29875070536816256,0.14540181997349025,2.3307973391303705,-0.5162249682675608,3.01957036636211,-0.6514911874685988,1.3406124779048048,-0.6931471805599453,0.16542871035790005,5.258022864321205,-4.0,2.095859504851438,2.992149597723475,3.2229013680334777,-3.668707965418744,-5.747871057697476,-4.1687958953795015,-9.867107807128539,-9.32445023446423,-8.307212634026484,-0.435724509251339,-1.5428216742687522,0.0,0.0,-0.7201083822752056
DS order-1.5 block Gaussian,20,0,81,276.6229739449918,-4187.6028116064135,34235.25970402723,1645.1200807923306,1.000058530568692,0.29,1,0.007825577482730784,0,10.314757005649717,0.5959545971698801,20.44907777998876,-0.006577182290536113,3.8173429850428113,0.5,0.1598886388312437,5.2654255012019435,-4.0,2.094876529599844,2.9943961025977623,3.225145954112675,-3.666932853821626,-5.753135230993127,-4.1757018769400505,-9.873130054135258,-9.325784207579238,-8.307086420668233,0.19316241554436023,0.06376126530888988,0.29892995451917104,0.29892995451917104,0.14521641010840788,2.333575588868103,-0.517590794063741,3.0179377851388725,-0.6577182290536113,1.3395546269551,-0.6931471805599453,0.1598886388312437,5.2654255012019435,-4.0,2.094876529599844,2.9943961025977623,3.225145954112675,-3.666932853821626,-5.753135230993127,-4.1757018769400505,-9.873130054135258,-9.325784207579238,-8.307086420668233,-0.43667791379013204,-1.5450634009692734,0.0,0.0,-0.7219841668437309
DS order-1.5 block Gaussian,20,0,82,280.03247104398906,-4164.344394597512,34196.26197650786,1867.4760937729327,1.0328458603042114,0.3,1,0.0076196198185158465,0,10.343480067186894,0.5951068311037686,20.416176517596888,-0.0066357512931330565,3.8112503283152837,0.5,0.15445274166147244,5.27233792525226,-4.0,2.094147023857328,2.9970323003355417,3.2276489885282826,-3.665183829770966,-5.758137675442845,-4.182275147731987,-9.878819653868344,-9.326703508963668,-8.30683924499369,0.193095246463289,0.06366131362280175,0.2991021432011113,0.2991021432011113,0.1450391535116868,2.3363563760132005,-0.5190143414797729,3.01632755316717,-0.6635751293133056,1.337957305464052,-0.6931471805599453,0.15445274166147244,5.27233792525226,-4.0,2.094147023857328,2.9970323003355417,3.2276489885282826,-3.665183829770966,-5.758137675442845,-4.182275147731987,-9.878819653868344,-9.326703508963668,-8.30683924499369,-0.43760155894795383,-1.54720807448978,0.0,0.0,-0.7237814009213089
DS order-1.5 block Gaussian,20,0,83,283.21198452997487,-4184.2327935951735,34132.37342473413,3379.4646098142844,1.0020052479455943,0.29,1,0.007427510241525015,0,10.37162552734722,0.5942614361292048,20.383650459720876,-0.006691008672478425,3.8032157571870764,0.5,0.14912961386528795,5.278829933696835,-4.0,2.0936503783766596,3.0000270394537387,3.2303948734688173,-3.663439587057075,-5.762892654237792,-4.188540894873178,-9.884202900334364,-9.327250481390815,-8.306458335276925,0.19302722217958024,0.06356490782502006,0.29927095952866456,0.29927095952866456,0.1448659509380706,2.339073762835215,-0.5204359282838378,3.0147331314660835,-0.6691008672478426,1.3358469607544283,-0.6931471805599453,0.14912961386528795,5.278829933696835,-4.0,2.0936503783766596,3.0000270394537387,3.2303948734688173,-3.663439587057075,-5.762892654237792,-4.188540894873178,-9.884202900334364,-9.327250481390815,-8.306458335276925,-0.4385181556602159,-1.54928782787053,0.0,0.0,-0.7255405436417723
DS order-1.5 block Gaussian,20,0,84,286.6908901879797,-4201.484005032675,34147.24766330249,2452.770191278945,1.1276642761203526,0.27999999999999997,1,0.007247796636776956,0,10.39928647709451,0.5934146747454959,20.350774554536628,-0.0067431298575571594,3.793589784070752,0.5,0.14391641159610147,5.284930491349815,-4.0,2.0933681420291324,3.003343142923531,3.233355764135751,-3.661718001569866,-5.76741986119676,-4.194521032507588,-9.889303218256988,-9.32745545696319,-8.305957664319521,0.19295583840801409,0.06347144260277038,0.2994401458811961,0.2994401458811961,0.1446924272268233,2.341737195822011,-0.5218618414927123,3.0131189728122694,-0.674312985755716,1.33331274338747,-0.6931471805599453,0.14391641159610147,5.284930491349815,-4.0,2.0933681420291324,3.003343142923531,3.233355764135751,-3.661718001569866,-5.76741986119676,-4.194521032507588,-9.889303218256988,-9.32745545696319,-8.305957664319521,-0.4394532045925112,-1.5513244688241066,0.0,0.0,-0.7273042528079304
DS order-1.5 block Gaussian,20,0,85,290.1676946359803,-4200.452960156137,34279.21417173372,3212.254117338223,1.0046543236714263,0.3,1,0.007079229560282516,0,10.42614039994766,0.5925908260660633,20.317157936203504,-0.006792439920902228,3.7825332920996035,0.5,0.13881131402980137,5.290658650356425,-4.0,2.0932852743872097,3.006947338535251,3.236505772121812,-3.6599850287247726,-5.7717335682669795,-4.2002369362957035,-9.894143125691782,-9.32734434605189,-8.305307103767284,0.19287649499643716,0.06337961138576152,0.2996164292386272,0.2996164292386272,0.1445110351405469,2.3443161525843883,-0.5232511247825092,3.011465747583896,-0.6792439920902228,1.3303939682542252,-0.6931471805599453,0.13881131402980137,5.290658650356425,-4.0,2.0932852743872097,3.006947338535251,3.236505772121812,-3.6599850287247726,-5.7717335682669795,-4.2002369362957035,-9.894143125691782,-9.32734434605189,-8.305307103767284,-0.4404530256156745,-1.5533608646370118,0.0,0.0,-0.7291472149933735
DS order-1.5 block Gaussian,20,0,86,293.3722698040074,-4168.309529650269,34252.225487949145,1891.8850508328474,1.006431807722789,0.27999999999999997,1,0.006920727442308431,0,10.452482675033718,0.5917745980569356,20.283707791309972,-0.006839115817868045,3.770215910255951,0.5,0.13380605609938512,5.296045567723525,-4.0,2.093382920637817,3.010802284557058,3.239812109459165,-3.658214740763476,-5.775839983202199,-4.205706447196329,-9.898742928930194,-9.326956651044535,-8.304520417985895,0.19279410967600194,0.0632902644945627,0.29979334233107896,0.29979334233107896,0.14432894116727746,2.346839526752229,-0.5246294631259403,3.009817991957876,-0.6839115817868044,1.3271322704449404,-0.6931471805599453,0.13380605609938512,5.296045567723525,-4.0,2.093382920637817,3.010802284557058,3.239812109459165,-3.658214740763476,-5.775839983202199,-4.205706447196329,-9.898742928930194,-9.326956651044535,-8.304520417985895,-0.44147054815077047,-1.5553618605196953,0.0,0.0,-0.7309983702278378
DS order-1.5 block Gaussian,20,0,87,296.82998299901374,-4189.452278744717,34233.719394724285,2396.797837999081,1.0132996248759276,0.29,1,0.006771348802284756,0,10.478706860285943,0.5909439920194514,20.250827525887846,-0.006883412371301736,3.7568312554406367,0.5,0.12890798471786238,5.301124057773309,-4.0,2.093647294170838,3.0149000071367587,3.243284805851005,-3.6564326463373424,-5.779761278651707,-4.210948643420014,-9.903121103980897,-9.326313345542296,-8.303594150523386,0.19271151212089493,0.06320340354931925,0.29996784957931105,0.29996784957931105,0.14414938517116363,2.349345280085487,-0.526034034223421,3.0081956581935203,-0.6883412371301736,1.3235758508747615,-0.6931471805599453,0.12890798471786238,5.301124057773309,-4.0,2.093647294170838,3.0149000071367587,3.243284805851005,-3.6564326463373424,-5.779761278651707,-4.210948643420014,-9.903121103980897,-9.326313345542296,-8.303594150523386,-0.44248098605174735,-1.5573171475131038,0.0,0.0,-0.7328251419707934
DS order-1.5 block Gaussian,20,0,88,300.285104657989,-4170.067324110594,34216.75601574472,1949.1292696248602,1.0130497352332082,0.3,1,,0,10.50506013422575,0.5900907051802722,20.219121450643954,-0.006925577925274864,3.742562764834871,0.5,0.12413203467064152,5.305953601578617,-4.0,2.094065409180159,3.0192197710772946,3.2469173563389804,-3.654642349259865,-5.783490870620076,-4.215972062847835,-9.90728901577368,-9.32542884456291,-8.302521820020042,0.19263116303467648,0.0631195812085236,0.30013672951002707,0.30013672951002707,0.14397579673674576,2.351857058623821,-0.527479016305103,3.0066287631253186,-0.6925577925274864,1.3197706080019784,-0.6931471805599453,0.12413203467064152,5.305953601578617,-4.0,2.094065409180159,3.0192197710772946,3.2469173563389804,-3.654642349259865,-5.783490870620076,-4.215972062847835,-9.90728901577368,-9.32542884456291,-8.302521820020042,-0.44346084774325084,-1.5592070941906309,0.0,0.0,-0.7345929286280575
DS order-1.5 block Gaussian,20,4,0,6.205688524991274,-11169.302756751138,33293.550427031296,83527843.01920597,1.0000000007306795,0.21999999999999997,1,0.05,0,24.214281062976966,0.3580815985401582,2.381229416753962,-0.009877190622179857,3.7565973442732203,0.23003454753868038,2.080316866412839,4.055784952714765,2.611698907788444,0.009247947093431463,7.146427570857983,4.795752208689171,-0.2199555776744635,-6.918954441448173,-5.019868229624852,-7.2132387623366885,-9.322873336924197,-2.92970793953788,0.019912385694508726,0.1857073088921001,0.15081814906808277,0.31433247010534343,0.3292296862399649,3.1869425856757263,-1.0269943896701548,0.8676169159726648,-0.9877190622179857,1.3235135860473561,-1.4695257746489223,2.080316866412839,4.055784952714765,2.611698907788444,0.009247947093431463,7.146427570857983,4.795752208689171,-0.2199555776744635,-6.918954441448173,-5.019868229624852,-7.2132387623366885,-9.322873336924197,-2.92970793953788,-2.8054137068199188,-0.572583815466283,-0.7806808414083362,-0.0463043939076877,0.0
DS order-1.5 block Gaussian,20,4,1,9.575455350975972,-10496.077005861105,33073.11876349391,69016789.84618163,1.0000000003013056,0.18999999999999997,1,0.05,0,25.455773793664502,0.34061775300183117,2.503317659661257,-0.01,3.949199570062676,0.24182864738975104,2.130315200048839,4.105783776954475,2.6616962216786932,0.0592436484616449,7.196420732246398,4.845746176854662,-0.1699572259297374,-6.868958189478356,-4.96987389869091,-7.163244764304941,-9.272898986810885,-2.87971265917011,0.018705527216669904,0.1744518776278039,0.15657762575360176,0.32513248470096223,0.32513248470096223,3.236942585386264,-1.0769943893819114,0.9176169159676633,-1.0,1.3735129178882104,-1.4195258722618362,2.130315200048839,4.105783776954475,2.6616962216786932,0.0592436484616449,7.196420732246398,4.845746176854662,-0.1699572259297374,-6.868958189478356,-4.96987389869091,-7.163244764304941,-9.272898986810885,-2.87971265917011,-2.855413691227348,-0.6225838137951488,-0.7306808462862867,0.0,0.0
DS order-1.5 block Gaussian,20,4,2,12.781471904017963,-10461.080149628746,32909.659087851316,37396328.05954443,1.0000000000433822,0.18999999999999997,1,0.05,0,26.535293654182418,0.3267568129299981,2.4976646417950064,-0.01,4.151142198843301,0.25424135220019606,2.180009178777003,4.155647984280808,2.7114357596166583,0.10708091359513291,7.235081996643449,4.890321109905367,-0.11993524833775207,-6.819117260417289,-4.920003412798944,-7.113190894416688,-9.222855586867139,-2.8296853007666427,0.01808853196954443,0.1687013234689279,0.16192618703558587,0.32564197876297085,0.32564197876297085,3.2784756828921644,-1.1185390761060467,0.915356152008413,-1.0,1.4233835250110938,-1.3694712576105021,2.180009178777003,4.155647984280808,2.7114357596166583,0.10708091359513291,7.235081996643449,4.890321109905367,-0.11993524833775207,-6.819117260417289,-4.920003412798944,-7.113190894416688,-9.222855586867139,-2.8296853007666427,-2.8905204085985012,-0.6576687185982063,-0.698657957406516,0.0,0.0
DS order-1.5 block Gaussian,20,4,3,16.164551445981488,-9245.78647091115,33446.31870315797,28926685.23283959,1.0000000034862921,0.22999999999999998,1,0.05,0,26.141880510738925,0.33165254270866673,2.538506058668725,-0.009971490608415927,4.360456599522906,0.26678387458140074,2.2273391908530487,4.2043467584974525,2.760486716684561,0.08991740301979864,7.204969932819629,4.937205767637392,-0.07273535301505742,-6.77097116534948,-4.870984654976017,-7.064602851664623,-9.172966169252435,-2.7829380052488952,0.0179156842109656,0.1670925352144979,0.16301567795574345,0.3259880513093965,0.3259880513093965,3.2635386455755797,-1.103667416196402,0.9315757421145872,-0.9971490608415926,1.4725767765389155,-1.3213164068669423,2.2273391908530487,4.2043467584974525,2.760486716684561,0.08991740301979864,7.204969932819629,4.937205767637392,-0.07273535301505742,-6.77097116534948,-4.870984654976017,-7.064602851664623,-9.172966169252435,-2.7829380052488952,-2.9011841861704473,-0.6683129662306728,-0.6930143483108604,0.0,0.0
DS order-1.5 block Gaussian,20,4,4,19.26400718797231,-7906.891424515192,34044.25159049779,12689654.98021834,1.000000000118611,0.31,1,0.05,0,25.331080393396178,0.3422605006191677,2.5923570961984295,-0.01,4.581698870516382,0.2801428319831963,2.2753889098193705,4.2530967415227074,2.809977566252861,0.06601568370053973,7.169384214064962,4.984398120610368,-0.024654725706111602,-6.722129672479088,-4.821871547941799,-7.015328151869926,-9.123653603263067,-2.735361842331675,0.017738606176781774,0.16545201723829134,0.16384740804251388,0.32648098427120653,0.32648098427120653,3.2320321158239262,-1.0721831341471493,0.95256753759588,-1.0,1.522069861774826,-1.2724556916512182,2.2753889098193705,4.2530967415227074,2.809977566252861,0.06601568370053973,7.169384214064962,4.984398120610368,-0.024654725706111602,-6.722129672479088,-4.821871547941799,-7.015328151869926,-9.123653603263067,-2.735361842331675,-2.9126283016124295,-0.6796904791630555,-0.6894361499586643,0.0,0.0
DS order-1.5 block Gaussian,20,4,5,22.568946864979807,-6736.776193104599,34397.75133370627,6053636.13201736,1.000005519680928,0.27999999999999997,1,0.05,0,24.413083813546407,0.3551271499197718,2.6648514817852478,-0.009823905295173272,4.815521317786545,0.2933194337648719,2.3206391945204556,4.298641569496393,2.8581377449551444,0.057770144909411285,7.167287347589926,5.023065493913951,0.0,-6.674849422439455,-4.7739492435376265,-6.966984399766097,-9.076118318728192,-2.6879037549063143,0.017371216068871303,0.16203828878561027,0.1664852924602997,0.3270526013426094,0.3270526013426094,3.1951192104502404,-1.0352793848457602,0.9801483269036226,-0.9823905295173272,1.5718443089192822,-1.2264930461931762,2.3206391945204556,4.298641569496393,2.8581377449551444,0.057770144909411285,7.167287347589926,5.023065493913951,0.0,-6.674849422439455,-4.7739492435376265,-6.966984399766097,-9.076118318728192,-2.6879037549063143,-2.935306430811106,-0.7022883605011063,-0.6752140463884776,0.0,0.0
DS order-1.5 block Gaussian,20,4,6,25.95949770399602,-5910.694256864378,34647.37448318435,15297650.691498041,1.000000052979314,0.22999999999999998,1,0.05,0,23.96581449840694,0.3617423432215911,2.752551133968525,-0.009560868175207123,5.0,0.3064194988574424,2.3635772235852266,4.3410852979234065,2.903558286186576,0.037158570196888105,7.144335433547505,5.045405091607682,0.0,-6.629691416205396,-4.7266582498939025,-6.923312819382309,-9.030837961404924,-2.6415403923608776,0.0169399940473553,0.15801330326746213,0.17187156993986974,0.3282219212725779,0.32495321147273487,3.176628419032044,-1.016823079633478,1.012528166724077,-0.9560868175207123,1.6094379124341003,-1.1828002045718724,2.3635772235852266,4.3410852979234065,2.903558286186576,0.037158570196888105,7.144335433547505,5.045405091607682,0.0,-6.629691416205396,-4.7266582498939025,-6.923312819382309,-9.030837961404924,-2.6415403923608776,-2.964012631018438,-0.7310107414686404,-0.6469424573382806,0.0,-0.010008761579945156
DS order-1.5 block Gaussian,20,4,7,29.045857178978622,-5621.8220675405955,34730.50989169321,13399077.211727485,1.000067784942412,0.31,1,0.05,0,23.30970928464908,0.37191577727696845,2.812336965228254,-0.009246454045119203,5.0,0.31983908698516067,2.4068364232163897,4.383631371498554,2.946621110278208,0.008063629008139641,7.117147423929611,5.068096871313095,0.0,-6.584909729700538,-4.679077659957272,-6.878912140369739,-8.986346598041907,-2.596026752930789,0.0167116266414315,0.15588175394369913,0.17514852984508197,0.3289998684358249,0.32325822113396246,3.1488699812688674,-0.9890878555119497,1.0340157979314908,-0.9246454045119203,1.6094379124341003,-1.1399372628327937,2.4068364232163897,4.383631371498554,2.946621110278208,0.008063629008139641,7.117147423929611,5.068096871313095,0.0,-6.584909729700538,-4.679077659957272,-6.878912140369739,-8.986346598041907,-2.596026752930789,-2.9799526676167534,-0.7469596185828398,-0.6304229949565675,0.0,-0.01760590080327892
DS order-1.5 block Gaussian,20,4,8,32.449327790993266,-5326.335109209464,34908.46762484376,23215060.10460134,1.0000000000000302,0.26999999999999996,1,0.05,0,22.649995226244194,0.3827476065030492,2.833129734940578,-0.0088972713315099,5.0,0.3336131674283981,2.449379478212541,4.425721926315054,2.9830606171984058,0.0,7.087716926278579,5.090349682939929,0.0,-6.541485404924648,-4.633049876179555,-6.834617865262792,-8.940632498954622,-2.553297850494561,0.016681931649672344,0.15559480192442446,0.176995136716856,0.32981075558958334,0.32091737411946397,3.120159641167175,-0.9603794978850614,1.0413820139899663,-0.88972713315099,1.6094379124341003,-1.097773138567866,2.449379478212541,4.425721926315054,2.9830606171984058,0.0,7.087716926278579,5.090349682939929,0.0,-6.541485404924648,-4.633049876179555,-6.834617865262792,-8.940632498954622,-2.553297850494561,-2.9841928254937216,-0.7512638175236521,-0.6223967660341616,0.0,-0.027335333554991043
DS order-1.5 block Gaussian,20,4,9,35.81224861298688,-5220.89437745213,34896.29050573577,15067917.93396109,1.0003799997202485,0.29,1,0.05,0,22.35210008566021,0.3878442207282648,2.8304949052687998,-0.008502552373367733,5.0,0.34715846392940214,2.4896208419051997,4.465676552948391,3.015945946763648,0.0,7.058395338899615,5.110527621244972,0.0,-6.500589229819822,-4.590330412276763,-6.792948392238856,-8.897775162856984,-2.5145811988106423,0.016524330424886276,0.15411759602412992,0.18004030400637958,0.33063645931940705,0.31868131022519713,3.106920280209494,-0.9471515129471346,1.0404515745525937,-0.8502552373367732,1.6094379124341003,-1.0579739348921058,2.4896208419051997,4.465676552948391,3.015945946763648,0.0,7.058395338899615,5.110527621244972,0.0,-6.500589229819822,-4.590330412276763,-6.792948392238856,-8.897775162856984,-2.5145811988106423,-2.9961855955799264,-0.7633035400214098,-0.6078387246067354,0.0,-0.036827885662105014
DS order-1.5 block Gaussian,20,4,10,38.87684595998144,-5036.315145603352,35202.597923028385,11527906.13522745,1.000001438543361,0.26,1,0.05,0,22.018306123181397,0.39371849005194115,2.8034672394014937,-0.008084954659050195,5.0,0.36089178824767854,2.5292860848971266,4.504617958770598,3.0433971664338637,0.0,7.029499584190766,5.130751325140427,0.0,-6.460960573737887,-4.550464839682237,-6.753805508323903,-8.859785556581707,-2.477676879580948,0.016203475265769162,0.1511189346163394,0.1858756530079702,0.3323425138263123,0.31445942328360893,3.0918742038661855,-0.9321191173093979,1.030856950906569,-0.8084954659050194,1.6094379124341003,-1.0191771211315268,2.5292860848971266,4.504617958770598,3.0433971664338637,0.0,7.029499584190766,5.130751325140427,0.0,-6.460960573737887,-4.550464839682237,-6.753805508323903,-8.859785556581707,-2.477676879580948,-3.0209403634541725,-0.7880989320141198,-0.5810881873334971,0.0,-0.05531105721339624
DS order-1.5 block Gaussian,20,4,11,42.281709038012195,-5036.2332451934,35307.171491851586,13329196.095599748,1.0879677791778806,0.24,1,0.05,0,21.7138084284908,0.39922909038502163,2.7575750849027383,-0.0076528310720789024,5.0,0.3748991697962388,2.5675676200802897,4.543313266799213,3.062981260913921,0.0,7.002147135900466,5.140384318476797,0.0,-6.422072047870191,-4.512704787690743,-6.7155800293535135,-8.829857896468706,-2.443903264385073,0.016119585868931936,0.1503323623893238,0.18845916717993236,0.3334495574647611,0.31163932709705083,3.0779483912825225,-0.9182198654938759,1.0143517011139704,-0.7652831072078903,1.6094379124341003,-0.9810981697099438,2.5675676200802897,4.543313266799213,3.062981260913921,0.0,7.002147135900466,5.140384318476797,0.0,-6.422072047870191,-4.512704787690743,-6.7155800293535135,-8.829857896468706,-2.443903264385073,-3.029456555700649,-0.796643009730108,-0.5706102382487025,0.0,-0.06764508570753403
DS order-1.5 block Gaussian,20,4,12,45.71159218996763,-4972.530445801062,35460.44035202646,16925844.436324436,1.000000977195964,0.24999999999999997,1,0.05,0,21.690860652146974,0.3996376877079926,2.731590087211544,-0.007234454508075289,5.0,0.3889812736452106,2.604833515752897,4.580356921222652,3.076539719076036,0.0,6.984446180097328,5.15738382033396,0.0,-6.385077395523719,-4.477717690075028,-6.6790212910123685,-8.799597045084981,-2.4119931660332723,0.01646021948616282,0.15350373310617382,0.18727387923239505,0.3311640901512351,0.3115980780240331,3.0768910037263915,-0.91719692307142,1.0048838891670162,-0.7234454508075289,1.6094379124341003,-0.9442240762519803,2.604833515752897,4.580356921222652,3.076539719076036,0.0,6.984446180097328,5.15738382033396,0.0,-6.385077395523719,-4.477717690075028,-6.6790212910123685,-8.799597045084981,-2.4119931660332723,-3.0016674634986313,-0.7688891065349863,-0.5700418529691591,0.0,-0.0608998472860556
DS order-1.5 block Gaussian,20,4,13,48.84190125000896,-4915.450297582034,35330.43626142596,16318364.818187876,1.0000125097941417,0.26999999999999996,1,0.05,0,21.562125174302995,0.40201178448415087,2.729157846257452,-0.006807709420013641,5.0,0.40293834474290063,2.6404070176279415,4.615018803998957,3.0843845093087032,0.0,6.968727126527648,5.179115205855027,0.0,-6.349741280222364,-4.444939664482344,-6.643900162866991,-8.769723873791019,-2.38311000970448,0.017005133113450033,0.15858033215849385,0.18500999701523077,0.3269264619355147,0.3124780757773107,3.070938311419758,-0.9112738761555903,1.0039930803823716,-0.6807709420013641,1.6094379124341003,-0.9089717194521323,2.6404070176279415,4.615018803998957,3.0843845093087032,0.0,6.968727126527648,5.179115205855027,0.0,-6.349741280222364,-4.444939664482344,-6.643900162866991,-8.769723873791019,-2.38311000970448,-2.9562200122298736,-0.7234739661369709,-0.5693253970205185,0.0,-0.04520094935631701
DS order-1.5 block Gaussian,20,4,14,52.266803479986265,-4825.603471170486,35382.9000020653,25097453.158539545,1.0005775598501234,0.27999999999999997,1,0.05,0,21.626595322171937,0.4008073246227105,2.711474570760581,-0.006355868142836896,5.0,0.41673018025871955,2.6748121667251223,4.648995041112478,3.0901877214341127,0.0,6.9475840313774455,5.199692863879294,0.0,-6.315894720361672,-4.4142720446358705,-6.6098072728385135,-8.739232248617254,-2.3567292122793844,0.017576060733763162,0.1639002081647342,0.18252048158896886,0.3223295523190629,0.3136736971934707,3.0739238222204714,-0.9142744543717051,0.9974926089627579,-0.6355868142836896,1.6094379124341003,-0.8753163163496445,2.6748121667251223,4.648995041112478,3.0901877214341127,0.0,6.9475840313774455,5.199692863879294,0.0,-6.315894720361672,-4.4142720446358705,-6.6098072728385135,-8.739232248617254,-2.3567292122793844,-2.9090366860086685,-0.6763167207584714,-0.5687120819688133,0.0,-0.027221211906148332
DS order-1.5 block Gaussian,20,4,15,55.86241295700893,-4837.334015663026,35383.69973474138,29437335.639926523,1.0000297136911502,0.26999999999999996,1,0.05,0,21.67899517330052,0.39982721294605994,2.71627034583884,-0.005904799442184449,5.0,0.4301279948226703,2.707508272101714,4.680881628963976,3.0915031848252634,0.0,6.9302841670055155,5.21998947965319,0.0,-6.284064251051985,-4.385030939689317,-6.577181827250463,-8.713142647190503,-2.3328584918940884,0.01810769371278214,0.1688539608129228,0.18008986871175142,0.31791418599048016,0.31503429077206346,3.076343827402345,-0.9167227928339006,0.9992597429751167,-0.590479944218445,1.6094379124341003,-0.8436724522088824,2.707508272101714,4.680881628963976,3.0915031848252634,0.0,6.9302841670055155,5.21998947965319,0.0,-6.284064251051985,-4.385030939689317,-6.577181827250463,-8.713142647190503,-2.3328584918940884,-2.865444576025883,-0.6327472868471656,-0.5683254940698703,0.0,-0.009099998492104772
DS order-1.5 block Gaussian,20,4,16,59.042637787992135,-4752.122216415302,35404.01332777292,34136164.23582098,1.0049031565502176,0.24,1,0.05,0,21.4916867551665,0.40330425347400023,2.7158668685562244,-0.005501589849318216,5.0,0.4430572376947477,2.7379551110685556,4.70984088875799,3.0900003346984426,0.0,6.913592413417991,5.239995664668296,0.0,-6.254287941851577,-4.358253466920059,-6.545860534337981,-8.687363102636919,-2.310908978724854,0.01859731144120415,0.1734147083205921,0.1780584448698888,0.3141447342999263,0.31578480106838863,3.0676661978099826,-0.9080640304834979,0.9991111910268011,-0.5501589849318216,1.6094379124341003,-0.8140563125546634,2.7379551110685556,4.70984088875799,3.0900003346984426,0.0,6.913592413417991,5.239995664668296,0.0,-6.254287941851577,-4.358253466920059,-6.545860534337981,-8.687363102636919,-2.310908978724854,-2.8320439482179802,-0.5993750884968775,-0.5729491339521853,-0.005207155347292524,0.0
DS order-1.5 block Gaussian,20,4,17,62.45773136900971,-4748.400082021793,35495.82402116825,42219787.22533681,1.0198087871696024,0.22999999999999998,1,0.05,0,21.490802853636414,0.40331372797926485,2.701553943008181,-0.00510028902892567,5.0,0.45541785279877695,2.7663555345327513,4.736709938344029,3.086597815687159,0.0,6.897721286594245,5.258044226030311,0.0,-6.226478900972729,-4.332781350707384,-6.515637889566732,-8.663916888920447,-2.2910462687298714,0.019221422956920652,0.17923031405577317,0.175106123903198,0.3088243851587459,0.3176177539253623,3.0676250693626423,-0.9080405385567547,0.9938271419013269,-0.510028902892567,1.6094379124341003,-0.7865399236642033,2.7663555345327513,4.736709938344029,3.086597815687159,0.0,6.897721286594245,5.258044226030311,0.0,-6.226478900972729,-4.332781350707384,-6.515637889566732,-8.663916888920447,-2.2910462687298714,-2.80482319205812,-0.5721769785873895,-0.5954564156515914,-0.02807584556355283,0.0
DS order-1.5 block Gaussian,20,4,18,66.04724718799116,-4707.761506117612,35430.214030055045,2386569.808382159,1.0005501748894012,0.26999999999999996,1,0.05,0,21.354951518025267,0.40587186658229096,2.7042424745931957,-0.0047435963881048175,5.0,0.4671873878250195,2.791994892343913,4.761368703689518,3.0823870184937783,0.0,6.885151986799977,5.274880541095192,0.0,-6.200988302286671,-4.309693562455284,-6.48698553854392,-8.641399831671025,-2.2737094843785557,0.01978136679630591,0.1844471643476245,0.17267368507203712,0.3043853418058759,0.3187124419781566,3.061283634004047,-0.9017177687434309,0.9948218267170295,-0.47435963881048177,1.6094379124341003,-0.7610248430700416,2.791994892343913,4.761368703689518,3.0823870184937783,0.0,6.885151986799977,5.274880541095192,0.0,-6.200988302286671,-4.309693562455284,-6.48698553854392,-8.641399831671025,-2.2737094843785557,-2.779548836720477,-0.5469262100734414,-0.6128856605414564,-0.04599478999683552,0.0
DS order-1.5 block Gaussian,20,4,19,69.1767725229729,-4693.718366456467,35459.82664953289,13605996.591601279,1.0053874772818874,0.26,1,0.05,0,21.043413140670857,0.41188466780663646,2.711074009802754,-0.004371236479125727,5.0,0.481325347814687,2.821060660738842,4.787307899187,3.0605051243763226,0.0,6.861019646838955,5.295292997575237,0.0,-6.1736871820653505,-4.2847156224442475,-6.4526371697161045,-8.617003666683908,-2.2584513961133954,0.019335672765793975,0.18029019517595066,0.17493468541808657,0.3083004374598937,0.31713900918027516,3.0465875962277966,-0.8870119013291928,0.9973448699604773,-0.43712364791257263,1.6094379124341003,-0.7312118387477977,2.821060660738842,4.787307899187,3.0605051243763226,0.0,6.861019646838955,5.295292997575237,0.0,-6.1736871820653505,-4.2847156224442475,-6.4526371697161045,-8.617003666683908,-2.2584513961133954,-2.797388472837001,-0.5647724444018306,-0.5949275144471299,-0.028265438688713698,0.0
DS order-1.5 block Gaussian,20,4,20,72.50598479498876,-4689.322157055392,35501.568904454405,9498804.290986799,1.0990669924913097,0.24999999999999997,1,0.05,0,20.706941864365398,0.4185807645551912,2.6988470385687395,-0.00398583598996344,5.0,0.49504851140698863,2.849120533202154,4.811498642973632,3.0378098105597657,0.0,6.835927579785095,5.316290972712752,0.0,-6.147370799866055,-4.26070932635328,-6.421295042468561,-8.603078933435084,-2.2451884735979757,0.01896307035089571,0.17681440233009021,0.17685613803248446,0.3116045344821865,0.31576185480434316,3.0304689998185914,-0.870885421877009,0.9928246590577853,-0.398583598996344,1.6094379124341003,-0.7030995183730103,2.849120533202154,4.811498642973632,3.0378098105597657,0.0,6.835927579785095,5.316290972712752,0.0,-6.147370799866055,-4.26070932635328,-6.421295042468561,-8.603078933435084,-2.2451884735979757,-2.8124948833780152,-0.5798876974038664,-0.5796516828206603,-0.013253439288477931,0.0
DS order-1.5 block Gaussian,20,4,21,75.89296316797845,-4672.116483481579,35494.982185258654,22263662.88020449,1.1640945882746958,0.22999999999999998,1,0.05,0,20.569552461641972,0.4213759509993548,2.699532897608865,-0.0035736233676246665,5.0,0.5,2.874802081636055,4.8359708813975315,3.0133142418767123,0.0,6.809553879868433,5.334221224898391,0.0,-6.122888015744487,-4.2397923078647475,-6.394025545805464,-8.598999941644792,-2.236761256795685,0.01857247491273829,0.17317123254752556,0.1792511469717343,0.31457362355676616,0.31443152201123553,3.0238119465804414,-0.864229848534927,0.9930787571582984,-0.35736233676246665,1.6094379124341003,-0.6931471805599453,2.874802081636055,4.8359708813975315,3.0133142418767123,0.0,6.809553879868433,5.334221224898391,0.0,-6.122888015744487,-4.2397923078647475,-6.394025545805464,-8.598999941644792,-2.236761256795685,-2.8295375046355717,-0.5969372574070908,-0.5624302677180503,0.0,-0.0004518295246052259
DS order-1.5 block Gaussian,20,4,22,79.0496086049825,-4689.148140036012,35676.69703967704,17648462.82342684,1.6299647271529534,0.24999999999999997,1,0.05,0,20.333972867904247,0.4262578878059783,2.6852965456569353,-0.0032060768932524876,5.0,0.5,2.8980156227501785,4.857536304116515,2.9884429925617635,0.0,6.788353021255276,5.352879982609544,0.0,-6.100735719704434,-4.221273303494352,-6.36848574672065,-8.593736867564536,-2.229934148314962,0.01838133727306531,0.1713881837055956,0.1811059317923111,0.314562273614514,0.314562273614514,3.0122930275304625,-0.8527107454389635,0.9877911671720394,-0.32060768932524875,1.6094379124341003,-0.6931471805599453,2.8980156227501785,4.857536304116515,2.9884429925617635,0.0,6.788353021255276,5.352879982609544,0.0,-6.100735719704434,-4.221273303494352,-6.36848574672065,-8.593736867564536,-2.229934148314962,-2.8398461936041506,-0.6072510009394642,-0.5520999462627701,0.0,0.0
DS order-1.5 block Gaussian,20,4,23,82.46536301600281,-4687.21356351189,35620.33464309635,11803801.182634665,1.6386853648000952,0.26999999999999996,1,0.05,0,20.24822140189524,0.42806237437535954,2.6865379812329544,-0.0028589048540506035,5.0,0.5,2.9169959329721866,4.875770911576463,2.9624101635097198,0.0,6.77197277440538,5.371146421995975,0.0,-6.081264982213216,-4.202987672510268,-6.343808089471992,-8.592045945863894,-2.2259314203599447,0.01821299947490182,0.16981811971801478,0.18278312703650457,0.3145928768852895,0.3145928768852895,3.0080669576899184,-0.8484863594967159,0.9882533688991795,-0.28589048540506035,1.6094379124341003,-0.6931471805599453,2.9169959329721866,4.875770911576463,2.9624101635097198,0.0,6.77197277440538,5.371146421995975,0.0,-6.081264982213216,-4.202987672510268,-6.343808089471992,-8.592045945863894,-2.2259314203599447,-2.849143752568313,-0.6165513682496225,-0.542978996657647,0.0,0.0
DS order-1.5 block Gaussian,20,4,24,85.8415455520153,-4695.064948974765,35593.84563259697,81703649.22832587,2.58279927488983,0.3,1,0.05,0,20.070637676445187,0.4318589288862287,2.7028521294591994,-0.002562311842425025,5.0,0.5,2.9341397650860057,4.89235111112212,2.9343323951536315,0.0,6.752128162824369,5.379619727388094,0.0,-6.0631288699706385,-4.184826263714446,-6.3206311140946605,-8.593334477131856,-2.2236561560742296,0.018147314645617148,0.16920529889912622,0.1834126293730252,0.31461737854111577,0.31461737854111577,2.9992579349216038,-0.839656297572333,0.994307559715451,-0.2562311842425025,1.6094379124341003,-0.6931471805599453,2.9341397650860057,4.89235111112212,2.9343323951536315,0.0,6.752128162824369,5.379619727388094,0.0,-6.0631288699706385,-4.184826263714446,-6.3206311140946605,-8.593334477131856,-2.2236561560742296,-2.852834632861325,-0.6202444651640093,-0.5396188093166832,0.0,0.0
DS order-1.5 block Gaussian,20,4,25,89.00920436496381,-4694.739042277636,35533.76375762504,8556066.728688607,1.3246569377608057,0.24999999999999997,1,0.05,0,19.916117720128558,0.4352171878513333,2.7354882822453366,-0.0022881541530958716,5.0,0.5,2.949501319609261,4.90702654691459,2.9078907252464066,0.0,6.734080956345572,5.386229376513467,0.0,-6.046675001371655,-4.167837876493264,-6.298816167799145,-8.594127477720532,-2.2216741748531716,0.018103091038406457,0.16879270766434026,0.18382016230364376,0.31464201949680476,0.31464201949680476,2.9915293395943894,-0.8319100900765888,1.0063099509246825,-0.22881541530958716,1.6094379124341003,-0.6931471805599453,2.949501319609261,4.90702654691459,2.9078907252464066,0.0,6.734080956345572,5.386229376513467,0.0,-6.046675001371655,-4.167837876493264,-6.298816167799145,-8.594127477720532,-2.2216741748531716,-2.8553528472454257,-0.6227641663512524,-0.5374776456609309,0.0,0.0
DS order-1.5 block Gaussian,20,4,26,92.44608672801405,-4705.172077077119,35402.797578817444,30399327.546808705,3.528545259766247,0.26999999999999996,1,0.05,0,19.62796389223087,0.44161829943799125,2.756719944874979,-0.002056488818766339,5.0,0.5,2.9613071988828197,4.91706369708363,2.876917593747187,0.0,6.714429938978547,5.394399350425951,0.0,-6.032967018814268,-4.157747014018612,-6.278714231019533,-8.59455467232451,-2.2216636208563822,0.01809790795912467,0.16874384089117486,0.1840350463145434,0.3147689594662301,0.314354245368927,2.9769552786208533,-0.8173093459330942,1.0140415472212256,-0.2056488818766339,1.6094379124341003,-0.6931471805599453,2.9613071988828197,4.91706369708363,2.876917593747187,0.0,6.714429938978547,5.394399350425951,0.0,-6.032967018814268,-4.157747014018612,-6.278714231019533,-8.59455467232451,-2.2216636208563822,-2.856042558475985,-0.6234570770349172,-0.5367126991259765,0.0,-0.0013183877313231165
DS order-1.5 block Gaussian,20,4,27,95.95227232400794,-4732.687385193034,35507.87051895204,18167014.859616507,2.385556195929923,0.24,1,0.05,0,19.27291379630201,0.4497597064990027,2.760981725287546,-0.0018364159043483138,5.0,0.5,2.97123237190214,4.926029244395618,2.8474927116251676,0.0,6.695015673590681,5.4005876195238205,0.0,-6.020634352244708,-4.1479149058575855,-6.26004530369085,-8.596986722411962,-2.2226360796885776,0.01807513824890023,0.1685312926377447,0.1840963095567992,0.3146486297782779,0.3146486297782779,2.958700679936819,-0.7990418243966053,1.0155863140516272,-0.1836415904348314,1.6094379124341003,-0.6931471805599453,2.97123237190214,4.926029244395618,2.8474927116251676,0.0,6.695015673590681,5.4005876195238205,0.0,-6.020634352244708,-4.1479149058575855,-6.26004530369085,-8.596986722411962,-2.2226360796885776,-2.8569191385738586,-0.624335109681079,-0.5359975130385465,0.0,0.0
DS order-1.5 block Gaussian,20,4,28,99.12547684798483,-4759.870499427454,35452.4915551813,37135747.063972495,1.8363613432114896,0.26,1,0.05,0,18.935077557566622,0.45778333139117294,2.782793055770666,-0.0016244143409144213,5.0,0.5,2.9779985934436253,4.9325921484229545,2.8178784134772976,0.0,6.677592477792843,5.398228168428757,0.0,-6.009648789118766,-4.137893758600674,-6.24172818221169,-8.598288291792997,-2.2247449566846837,0.01803962741370764,0.1681997464487241,0.1844571797316257,0.3146517232029713,0.3146517232029713,2.9410161573351568,-0.7813592823686258,1.0234551196533783,-0.16244143409144213,1.6094379124341003,-0.6931471805599453,2.9779985934436253,4.9325921484229545,2.8178784134772976,0.0,6.677592477792843,5.398228168428757,0.0,-6.009648789118766,-4.137893758600674,-6.24172818221169,-8.598288291792997,-2.2247449566846837,-2.858895525449602,-0.6263141464301512,-0.5340490381601649,0.0,0.0
DS order-1.5 block Gaussian,20,4,29,102.5332055480103,-4767.338655808357,35524.03662184658,13820760.608438205,3.618399387476855,0.26,1,0.05,0,18.523424536568395,0.46795436631838583,2.789729865673061,-0.0014309411614063744,5.0,0.5,2.983581391351083,4.937386032363756,2.7892589268116157,0.0,6.662946392412519,5.398812541508498,0.0,-5.999943989698363,-4.127763660958558,-6.224390215555531,-8.599789810655093,-2.2269397462510345,0.017992534098502204,0.16776030181110566,0.18507327119084466,0.31475009845630036,0.31442379444324714,2.9190361223061316,-0.7593844956853883,1.0259447688062844,-0.14309411614063744,1.6094379124341003,-0.6931471805599453,2.983581391351083,4.937386032363756,2.7892589268116157,0.0,6.662946392412519,5.398812541508498,0.0,-5.999943989698363,-4.127763660958558,-6.224390215555531,-8.599789810655093,-2.2269397462510345,-2.8618220861834454,-0.6292428000755363,-0.5310271785742278,0.0,-0.001037245969646827
DS order-1.5 block Gaussian,20,4,30,105.94587789598154,-4781.983333129114,35429.75835914183,26401885.782929875,2.424531859515324,0.24,1,0.05,0,18.25343466503411,0.47487047259940846,2.810879284035517,-0.0011937143940100807,5.0,0.5,2.9848599500973245,4.938043195518645,2.7583637082604597,0.0,6.6409018070676575,5.390018928479471,0.0,-5.992506665369285,-4.1171703060735565,-6.20508606673995,-8.594872326377486,-2.2309520299304455,0.017963518954373696,0.16748945640776622,0.18553843842351656,0.314876302193391,0.31413228402095245,2.904353263144734,-0.7447132013983769,1.033497346866914,-0.11937143940100806,1.6094379124341003,-0.6931471805599453,2.9848599500973245,4.938043195518645,2.7583637082604597,0.0,6.6409018070676575,5.390018928479471,0.0,-5.992506665369285,-4.1171703060735565,-6.20508606673995,-8.594872326377486,-2.2309520299304455,-2.8638368936993004,-0.6312594677880214,-0.5289177944501076,0.0,-0.002365686369739858
DS order-1.5 block Gaussian,20,4,31,109.10115048097214,-4787.070121105064,35655.67061811112,9005778.135934738,4.288788793513061,0.26999999999999996,1,0.05,0,18.131423999495517,0.47806456289826393,2.8175511530538047,-0.0009765608994338396,5.0,0.5,2.9845719733804095,4.937472014134254,2.7284349865231725,0.0,6.618091641265823,5.377805628798436,-0.00024412461183963117,-5.986433154500499,-4.10855028969964,-6.186838608239934,-8.58891767122919,-2.2351953876950503,0.01798270713158934,0.16766819218360324,0.18520589437894233,0.3143533184523075,0.31478988785355755,2.897646565504502,-0.7380094867868335,1.0358681222430477,-0.09765608994338396,1.6094379124341003,-0.6931471805599453,2.9845719733804095,4.937472014134254,2.7284349865231725,0.0,6.618091641265823,5.377805628798436,-0.00024412461183963117,-5.986433154500499,-4.10855028969964,-6.186838608239934,-8.58891767122919,-2.2351953876950503,-2.8624948123778022,-0.6299184136791139,-0.5304372447741801,-0.0013878222539656518,0.0
DS order-1.5 block Gaussian,20,4,32,112.51988152897684,-4793.790665916489,35509.34902299771,44837162.91379652,2.061038508806083,0.24,1,0.05,0,18.115704807223064,0.47847886441780485,2.826506581581895,-0.0007616897944139823,5.0,0.5,2.9800077843378445,4.932833001674117,2.6971256502283967,0.0,6.594282583724646,5.360111795652071,-0.002191725884882258,-5.982515119116122,-4.10378802417942,-6.1687995472897645,-8.583880350900703,-2.240817617191895,0.01806799962608277,0.1684634866442879,0.18468927039722371,0.3135938242732858,0.3151854190591198,2.896779230972065,-0.7371432395603789,1.039041525657614,-0.07616897944139822,1.6094379124341003,-0.6931471805599453,2.9800077843378445,4.932833001674117,2.6971256502283967,0.0,6.594282583724646,5.360111795652071,-0.002191725884882258,-5.982515119116122,-4.10378802417942,-6.1687995472897645,-8.583880350900703,-2.240817617191895,-2.8590187004861654,-0.6264420677462501,-0.5344863041219183,-0.005062502307285556,0.0
DS order-1.5 block Gaussian,20,4,33,115.9350872549694,-4787.357531042336,35611.61102642005,78210909.00862224,2.7995080571631106,0.33999999999999997,1,0.05,0,18.15292629184519,0.4774979303424131,2.829552689415964,-0.0005511906646033566,5.0,0.5,2.9728870675313113,4.9257462660235145,2.665606539589362,0.0,6.570059714698412,5.339844201052132,-0.005167961003843062,-5.980082890177633,-4.101590745764298,-6.151420258871034,-8.57994443557598,-2.247154849532077,0.018195104574980425,0.16964870250903777,0.18392807108778442,0.3124625279864109,0.31576559384178654,2.898831775915827,-0.739195453432184,1.0401186388852597,-0.05511906646033567,1.6094379124341003,-0.6931471805599453,2.9728870675313113,4.9257462660235145,2.665606539589362,0.0,6.570059714698412,5.339844201052132,-0.005167961003843062,-5.980082890177633,-4.101590745764298,-6.151420258871034,-8.57994443557598,-2.247154849532077,-2.85384756817882,-0.6212703035282053,-0.5404553835039902,-0.010515595140304585,0.0
DS order-1.5 block Gaussian,20,4,34,119.108397236967,-4772.208240046037,35651.14506603115,5409025.428075003,5.1399405803503635,0.26999999999999996,1,0.05,0,18.210636088453292,0.4759848881482238,2.833865808496008,-0.00034740185554265967,5.0,0.5,2.9641212340383216,4.917004331277691,2.6344601011443833,0.0,6.546012316693941,5.318382854309553,-0.008835754153256568,-5.978775857206098,-4.101165335336373,-6.13487286118431,-8.576699206929748,-2.2538776310770787,0.018337321301307153,0.17097487523178848,0.18307902059998668,0.31120076149097053,0.3164080213759471,2.9020058238517645,-0.7423691728424474,1.0416417895814336,-0.034740185554265966,1.6094379124341003,-0.6931471805599453,2.9641212340383216,4.917004331277691,2.6344601011443833,0.0,6.546012316693941,5.318382854309553,-0.008835754153256568,-5.978775857206098,-4.101165335336373,-6.13487286118431,-8.576699206929748,-2.2538776310770787,-2.8480941891471296,-0.615515970343547,-0.547114721384986,-0.016594348330426424,0.0
DS order-1.5 block Gaussian,20,4,35,122.55055860901484,-4777.6068489115005,35619.98083760138,5868795.305816036,1.2942252181498357,0.26999999999999996,1,0.05,0,18.24541053181281,0.4750777854316641,2.837655064854565,-0.00014499935633038814,5.0,0.5,2.951253996617193,4.904869739971245,2.6018552423034382,0.0,6.52238240770159,5.2946898480782885,-0.014515327484567013,-5.979252047827053,-4.10318902458592,-6.1203512165073795,-8.578244849579729,-2.2627227473299083,0.018401027966993104,0.17156860940243682,0.1826852802294939,0.310636195317222,0.31670888708385414,2.903913570693792,-0.7442767295510017,1.0429780297212465,-0.014499935633038814,1.6094379124341003,-0.6931471805599453,2.951253996617193,4.904869739971245,2.6018552423034382,0.0,6.52238240770159,5.2946898480782885,-0.014515327484567013,-5.979252047827053,-4.10318902458592,-6.1203512165073795,-8.578244849579729,-2.2627227473299083,-2.845576483846603,-0.6129997732422582,-0.5502181225172406,-0.019360577208252676,0.0
DS order-1.5 block Gaussian,20,4,36,126.10552272800123,-4764.282044397093,35468.935901785335,16195977.965069367,3.8730297893377585,0.24999999999999997,1,0.05,0,18.238785084106098,0.4752484825817354,2.8383205906919295,0.0,4.9873817347617475,0.5,2.934269408187849,4.889549270606703,2.5672761515430773,0.0,6.49913384421234,5.269231360487479,-0.022625341452010263,-5.981732644752843,-4.106191432976158,-6.107145250891768,-8.585216546390289,-2.273923971475261,0.01844678677262323,0.1719947393862086,0.18240076702184008,0.3102270893682021,0.31693061745112594,2.9035503751968,-0.7439174905029979,1.0432125359562279,0.0,1.6069110696063684,-0.6931471805599453,2.934269408187849,4.889549270606703,2.5672761515430773,0.0,6.49913384421234,5.269231360487479,-0.022625341452010263,-5.981732644752843,-4.106191432976158,-6.107145250891768,-8.585216546390289,-2.273923971475261,-2.843792680873551,-0.6112189861454781,-0.5524765947323119,-0.021378301880181923,0.0
DS order-1.5 block Gaussian,20,4,37,129.29819194297306,-4765.167222800315,35615.12727215528,10338579.967255604,2.625724827159371,0.26,1,0.05,0,18.223809166884525,0.47563545645315114,2.838646267200533,0.0,4.9682501541353945,0.5,2.9141040487830288,4.8717691758855866,2.531210258626064,0.0,6.475969719345063,5.241783253896042,-0.0326991134495177,-5.985801800979577,-4.109908297554173,-6.094724511723111,-8.596276139519638,-2.2870224974272584,0.018478145428969844,0.1722864082476159,0.18220407587332296,0.30994299974329914,0.3170883707067922,2.902728935122592,-0.7431035659494466,1.043327272052849,0.0,1.603067696450338,-0.6931471805599453,2.9141040487830288,4.8717691758855866,2.531210258626064,0.0,6.475969719345063,5.241783253896042,-0.0326991134495177,-5.985801800979577,-4.109908297554173,-6.094724511723111,-8.596276139519638,-2.2870224974272584,-2.842591801370963,-0.6100222507783766,-0.5540531520720801,-0.02279209819642692,0.0
DS order-1.5 block Gaussian,20,4,38,132.7283725659945,-4764.417008840497,35470.9991824559,4339063.792129708,3.396568614036429,0.29,1,0.05,0,18.227676532317204,0.47552956537256574,2.8393493365676408,0.0,4.941727455081537,0.5,2.891376923674553,4.851722746812726,2.493761453636475,0.0,6.455053368952484,5.214890998668208,-0.04449667940723445,-5.9912917430691435,-4.1143506806040095,-6.08262337449462,-8.609819525315778,-2.3017614094432894,0.018492564950813625,0.17242011264642512,0.18210171318239918,0.30980690872501254,0.3171787004953495,2.902941127595574,-0.7433262214899533,1.043574919081753,0.0,1.5977149573369587,-0.6931471805599453,2.891376923674553,4.851722746812726,2.493761453636475,0.0,6.455053368952484,5.214890998668208,-0.04449667940723445,-5.9912917430691435,-4.1143506806040095,-6.08262337449462,-8.609819525315778,-2.3017614094432894,-2.842096582252306,-0.6095313248973996,-0.5548999443944851,-0.023516110673397508,0.0
DS order-1.5 block Gaussian,20,4,39,136.14344976097345,-4748.603171556223,35655.46735145154,15965440.797593134,1.5460851273125498,0.26,1,0.05,0,18.242615986443443,0.47513652551590835,2.8375853437316003,0.0,4.912636276497556,0.5,2.8665396746570604,4.829927904283259,2.4546171008104936,0.0,6.438047795826348,5.188854765821479,-0.057702571472111434,-5.998015530213139,-4.121836167637995,-6.07022356271771,-8.620466084844887,-2.3179353779666307,0.018541851130963544,0.17287843913941012,0.18182627164567178,0.3093561786246515,0.3173972594593031,2.9037603946718753,-0.7441530941065713,1.042953459441241,0.0,1.591810717573473,-0.6931471805599453,2.8665396746570604,4.829927904283259,2.4546171008104936,0.0,6.438047795826348,5.188854765821479,-0.057702571472111434,-5.998015530213139,-4.121836167637995,-6.07022356271771,-8.620466084844887,-2.3179353779666307,-2.8401237733062685,-0.6075654901315852,-0.5571024939062362,-0.025660879007791827,0.0
DS order-1.5 block Gaussian,20,4,40,139.32394832896534,-4739.96791584442,35734.991593147424,6040026.074778994,1.3009635809164284,0.29,1,0.05,0,18.24933359146909,0.4749585508106962,2.8322815660764284,0.0,4.881822754731761,0.5,2.840101651767219,4.806872475016197,2.414305597493395,0.0,6.424367556595759,5.163839955960833,-0.07207983176866142,-6.005799796500851,-4.131921891928763,-6.057630496145333,-8.628318521533888,-2.3352428839502615,0.018617157966104955,0.17357902591023552,0.18142052720994703,0.3086721454756256,0.3177111434380868,2.904128563825852,-0.7445277402061636,1.041082593938916,0.0,1.5855186654394617,-0.6931471805599453,2.840101651767219,4.806872475016197,2.414305597493395,0.0,6.424367556595759,5.163839955960833,-0.07207983176866142,-6.005799796500851,-4.131921891928763,-6.057630496145333,-8.628318521533888,-2.3352428839502615,-2.8370589892084763,-0.6045096395707491,-0.5603249248069648,-0.02886292026685541,0.0
DS order-1.5 block Gaussian,20,4,41,142.637223867001,-4756.252756267542,35823.51577941761,35696657.01678571,1.7914512146174566,0.29,1,0.05,0,18.248799058252644,0.4749704841920033,2.821811393608958,0.0,4.848810138752317,0.5,2.8124796807299366,4.783160533291626,2.372894597135822,0.0,6.4144290834569615,5.14039005904516,-0.08753519438491754,-6.014353541502417,-4.143918545522871,-6.044501426307556,-8.633521440933526,-2.3537854144480033,0.01870263142914383,0.1743740564995333,0.18097582139748902,0.30789675738976013,0.3180507332840737,2.904099272836002,-0.7445026154213261,1.0373790168983719,0.0,1.5787333426345036,-0.6931471805599453,2.8124796807299366,4.783160533291626,2.372894597135822,0.0,6.4144290834569615,5.14039005904516,-0.08753519438491754,-6.014353541502417,-4.143918545522871,-6.044501426307556,-8.633521440933526,-2.3537854144480033,-2.8335466765876993,-0.6010081668787782,-0.5638474697809295,-0.032446385184008046,0.0
DS order-1.5 block Gaussian,20,4,42,146.0472196660121,-4746.715449587464,35835.80559581943,33771230.15822556,1.3682612386316562,0.29,1,0.05,0,18.252493554824433,0.4748736586728295,2.8090884425463836,0.0,4.814276398949014,0.5,2.784120906040395,4.759138778872508,2.3308549582011264,0.0,6.407353756651148,5.118419073562739,-0.10379375665955401,-6.023482137299908,-4.15724698132574,-6.030782376517437,-8.636122304568135,-2.3732337387276727,0.01879904315574052,0.17527077641807265,0.18049244428444847,0.30703839787106196,0.31839933827067635,2.904301703836108,-0.7447064920683245,1.0328600330470221,0.0,1.5715857533647242,-0.6931471805599453,2.784120906040395,4.759138778872508,2.3308549582011264,0.0,6.407353756651148,5.118419073562739,-0.10379375665955401,-6.023482137299908,-4.15724698132574,-6.030782376517437,-8.636122304568135,-2.3732337387276727,-2.8295004031030433,-0.5969743037570905,-0.5676174586956222,-0.036333561407846444,0.0
DS order-1.5 block Gaussian,20,4,43,149.1829699089867,-4739.711312759771,36045.481780760674,4483844.040019641,2.1012431935544496,0.24999999999999997,1,0.05,0,18.251719117170282,0.47489417744740303,2.792816805318509,0.0,4.7783324189427825,0.5,2.7553546876860704,4.7350782486444265,2.288566499939146,0.0,6.402728207337452,5.097698847414966,-0.12061762880193419,-6.033014909581586,-4.171800432827525,-6.016740373051942,-8.636681171324295,-2.3933340558058567,0.01891096535650753,0.17631186413872107,0.18006158414465567,0.3062549227794793,0.31846066358063646,2.90425927379324,-0.744663284088866,1.0270506941632964,0.0,1.5640916193053878,-0.6931471805599453,2.7553546876860704,4.7350782486444265,2.288566499939146,0.0,6.402728207337452,5.097698847414966,-0.12061762880193419,-6.033014909581586,-4.171800432827525,-6.016740373051942,-8.636681171324295,-2.3933340558058567,-2.823757030722851,-0.5912445798324633,-0.5702000356308391,-0.039081126031769414,0.0
DS order-1.5 block Gaussian,20,4,44,152.5868744539912,-4744.287944834747,36116.763231746765,5482937.991401541,1.2551196049107054,0.26999999999999996,1,0.05,0,18.248663140208055,0.4749763212887993,2.7718865477776253,0.0,4.738768976916205,0.5,2.7264848560355026,4.711614437452879,2.2458890408421803,0.0,6.403185396485943,5.079373119682524,-0.13793843939627903,-6.042680185019884,-4.187828960940505,-6.002350184159274,-8.634989770129069,-2.4141444256638347,0.01904750000256393,0.1775819546028047,0.17974927294649148,0.30564405938438916,0.31797721306375076,2.904091824754059,-0.7444903261083616,1.0195281525599367,0.0,1.5557773924652807,-0.6931471805599453,2.7264848560355026,4.711614437452879,2.2458890408421803,0.0,6.403185396485943,5.079373119682524,-0.13793843939627903,-6.042680185019884,-4.187828960940505,-6.002350184159274,-8.634989770129069,-2.4141444256638347,-2.815043863680824,-0.5825475047509162,-0.5704167713914245,-0.039558502901839356,0.0
DS order-1.5 block Gaussian,20,4,45,155.97963085398078,-4760.542231702591,36096.22476644189,34207267.17038697,1.0571453004462594,0.24999999999999997,1,0.05,0,18.228030358355177,0.47551748405102484,2.7475212350713085,0.0,4.700318024051509,0.5,2.6977983544289064,4.689061077613193,2.2029148595560537,0.0,6.408536515603406,5.062205671442575,-0.15536626891160332,-6.052077896814259,-4.205518687657185,-5.987544407397158,-8.629412174782644,-2.4354124347325077,0.019187809309682523,0.17888681162824918,0.17962626448524785,0.3053223926575616,0.31697672191925885,2.9029605388794666,-0.7433516278492893,1.0106991361361297,0.0,1.5476301711186713,-0.6931471805599453,2.6977983544289064,4.689061077613193,2.2029148595560537,0.0,6.408536515603406,5.062205671442575,-0.15536626891160332,-6.052077896814259,-4.205518687657185,-5.987544407397158,-8.629412174782644,-2.4354124347325077,-2.80455319315781,-0.5720750701907567,-0.5679499547913729,-0.0374600952931344,0.0
DS order-1.5 block Gaussian,20,4,46,159.0821339369868,-4770.0373424861455,36368.19654908486,20021668.877768606,1.2173069715336624,0.26,1,0.05,0,18.190193088433702,0.4765107504746974,2.722202446848367,0.0,4.663733805934489,0.5,2.6695227099902077,4.667536977741092,2.1599671453169678,0.0,6.418030554200007,5.046148643029694,-0.17275624689483,-6.061139170004763,-4.224463734335252,-5.972397277348052,-8.620255136674507,-2.456928592922555,0.01932976057774588,0.1802066384298866,0.1796558965411922,0.30523459263865793,0.3155731118125174,2.9008826075607557,-0.7412649948103845,1.001441275765027,0.0,1.5398163732201022,-0.6931471805599453,2.6695227099902077,4.667536977741092,2.1599671453169678,0.0,6.418030554200007,5.046148643029694,-0.17275624689483,-6.061139170004763,-4.224463734335252,-5.972397277348052,-8.620255136674507,-2.456928592922555,-2.7927444811986786,-0.5602862045677449,-0.5633470528926242,-0.03330975114629042,0.0
DS order-1.5 block Gaussian,20,4,47,162.53093727497617,-4789.115935896994,36512.93784073503,15993451.327573005,1.0000150369471144,0.3,1,0.05,0,18.12693738614823,0.47817816433119686,2.69728771627135,0.0,4.627550030666091,0.5,2.6417699022134427,4.647089849452439,2.1171934995179154,0.0,6.430858490838708,5.030718733844707,-0.18995018014672369,-6.069779015753285,-4.244474545105045,-5.956961554313978,-8.607992049856986,-2.4785356188835883,0.01948233280784115,0.1816251756751044,0.1797916364934782,0.30530613850015953,0.3137947165234167,2.8973990852986278,-0.7377718872104236,0.9922467185831171,0.0,1.532027577004281,-0.6931471805599453,2.6417699022134427,4.647089849452439,2.1171934995179154,0.0,6.430858490838708,5.030718733844707,-0.18995018014672369,-6.069779015753285,-4.244474545105045,-5.956961554313978,-8.607992049856986,-2.4785356188835883,-2.7792309580339807,-0.5467939139436381,-0.5569403977278805,-0.02742399708249242,0.0
DS order-1.5 block Gaussian,20,4,48,166.09299174096668,-4841.197337366884,36477.55775163925,20653721.75677625,1.0376492981718142,0.24,1,0.05,0,18.052619102130535,0.48015201697830534,2.6739445880241655,0.0,4.5916451232328255,0.5,2.6147266192478633,4.62792581236759,2.0748235206142196,0.0,6.446645784577634,5.016041014801785,-0.20685623610286138,-6.077942834928794,-4.265314133996229,-5.941195342798384,-8.59309309057307,-2.5001003305451057,0.01964938194170939,0.1831784325245539,0.17997485220987502,0.30544483427448277,0.3117524990493788,2.8932907768636342,-0.7336525231815688,0.9835547559609856,0.0,1.5242383745049417,-0.6931471805599453,2.6147266192478633,4.62792581236759,2.0748235206142196,0.0,6.446645784577634,5.016041014801785,-0.20685623610286138,-6.077942834928794,-4.265314133996229,-5.941195342798384,-8.59309309057307,-2.5001003305451057,-2.7641637162524204,-0.5317488818095234,-0.5493924695401727,-0.02044041362519223,0.0
DS order-1.5 block Gaussian,20,4,49,169.2497241239762,-4824.862645380842,36549.064484946866,37190694.09025867,1.0028686746907507,0.21999999999999997,1,0.05,0,17.97917719796935,0.4821194016730732,2.653048956186965,0.0,4.556441840884684,0.5,2.5885000453033293,4.6101399930356415,2.0330706886511387,0.0,6.464636220786141,5.001579749817911,-0.22338639542865257,-6.085529792284625,-4.2864885610881975,-5.925053826485427,-8.575892982741001,-2.5215235993809206,0.019826792340657453,0.18482813324483055,0.1801563626363161,0.30557630707531563,0.30961240470288026,2.8892142659256885,-0.7295634742959651,0.9757095281278124,0.0,1.5165420208837075,-0.6931471805599453,2.5885000453033293,4.6101399930356415,2.0330706886511387,0.0,6.464636220786141,5.001579749817911,-0.22338639542865257,-6.085529792284625,-4.2864885610881975,-5.925053826485427,-8.575892982741001,-2.5215235993809206,-2.7482870362445584,-0.5158948239885256,-0.5414960526648568,-0.013121682699673337,0.0
DS order-1.5 block Gaussian,20,4,50,172.68350851698779,-4868.155050531754,36818.06584579401,25659947.41248217,1.1852139224225453,0.24999999999999997,1,0.05,0,17.899111386679174,0.48428256288885807,2.633239086752895,0.0,4.522547137777052,0.5,2.563156116307437,4.593757560379981,1.9920776620311607,0.0,6.484368218468379,4.987294034828079,-0.23946598332520383,-6.092515740698477,-4.307920630908169,-5.908662592178106,-8.556826903219038,-2.542712478221945,0.020019897444945155,0.18662400429135323,0.18030725162446518,0.30565500514544225,0.30739384149379423,2.884751068412164,-0.7250867349932697,0.9682146803237218,0.0,1.5090753611798275,-0.6931471805599453,2.563156116307437,4.593757560379981,1.9920776620311607,0.0,6.484368218468379,4.987294034828079,-0.23946598332520383,-6.092515740698477,-4.307920630908169,-5.908662592178106,-8.556826903219038,-2.542712478221945,-2.7314031454823295,-0.49903387622543965,-0.5334674475560578,-0.0056727649710113515,0.0
DS order-1.5 block Gaussian,20,4,51,176.10971003997838,-4887.96581146498,36732.83149001584,26980766.647330776,1.0270471131670962,0.26,1,0.05,0,17.820732583390942,0.4864199307748445,2.6133575689012494,0.0,4.489567042281076,0.5,2.5387931117939844,4.578853864398081,1.9519394275120177,0.0,6.505532027902722,4.973285866137281,-0.25502521566355646,-6.098848936196602,-4.329799884098591,-5.892206627448654,-8.536098998316618,-2.5636046126602445,0.02021632916494298,0.18845078889347774,0.18045678518639502,0.3057291914033654,0.3051469053518188,2.8803625313767283,-0.7206829730700791,0.9606358194654587,0.0,1.5017562699958784,-0.6931471805599453,2.5387931117939844,4.578853864398081,1.9519394275120177,0.0,6.505532027902722,4.973285866137281,-0.25502521566355646,-6.098848936196602,-4.329799884098591,-5.892206627448654,-8.536098998316618,-2.5636046126602445,-2.716209062348305,-0.48386280877282617,-0.5272083828407383,0.0,-0.0019063971597256379
DS order-1.5 block Gaussian,20,4,52,179.41046959900996,-4895.8692060005105,36895.17274304036,38690831.68671776,1.0020390505727392,0.21,1,0.05,0,17.75577540332074,0.48820800847249485,2.593381394359325,0.0,4.4578460238430075,0.5,2.515535710806589,4.5654948765471595,1.9127804760270115,0.0,6.527878960570155,4.959604863527938,-0.2699875230690771,-6.104457970517626,-4.3519658407086625,-5.8757798035504605,-8.514112409276136,-2.5841114608815556,0.02041765321531198,0.1903230571385941,0.18061723565054352,0.30581748998608677,0.30282456400946367,2.876710837833484,-0.7170137170765143,0.9529625818797681,0.0,1.4946656950766948,-0.6931471805599453,2.515535710806589,4.5654948765471595,1.9127804760270115,0.0,6.527878960570155,4.959604863527938,-0.2699875230690771,-6.104457970517626,-4.3519658407086625,-5.8757798035504605,-8.514112409276136,-2.5841114608815556,-2.706588605719251,-0.47426555704344986,-0.5266084141335234,0.0,-0.009834844900909804
DS order-1.5 block Gaussian,20,4,53,182.78243250900414,-4916.266433636019,36944.76503883289,23666784.647127815,1.007994355759172,0.19999999999999998,1,0.05,0,17.699285896193604,0.48977566293041574,2.572259590270373,0.0,4.427598622498529,0.5,2.4934039539933743,4.553658420660004,1.8746682448244654,0.0,6.551281373994096,4.946333439213075,-0.28432424843784043,-6.109339756945685,-4.374236024547779,-5.859427330046202,-8.491189995818377,-2.604190781205753,0.02061726788933536,0.1921793218854628,0.1807904438873582,0.30592439197511323,0.3004885743627304,2.873524293918089,-0.7138078234682176,0.9447847306254182,0.0,1.487857365412319,-0.6931471805599453,2.4934039539933743,4.553658420660004,1.8746682448244654,0.0,6.551281373994096,4.946333439213075,-0.28432424843784043,-6.109339756945685,-4.374236024547779,-5.859427330046202,-8.491189995818377,-2.604190781205753,-2.6972090146553938,-0.46490908206883796,-0.5259993944172887,0.0,-0.017928255208206643
DS order-1.5 block Gaussian,20,4,54,186.18992075900314,-4956.447960791693,37047.3838964034,10879776.556742162,1.000684374254267,0.26999999999999996,1,0.05,0,17.648198564823755,0.49120359970154165,2.551462863105228,0.0,4.39936317260071,0.5,2.4724860467814294,4.54343183152931,1.8376958758189899,0.0005400126122400426,6.5756559342681085,4.933655334840298,-0.2979601046021368,-6.113422034940288,-4.396516946817099,-5.843172686389013,-8.46752567235133,-2.623793615460961,0.02081413471632499,0.19400990898741957,0.18096345707369302,0.3060302251454894,0.29818227407707304,2.8706337138544544,-0.7108965737934394,0.9366668664895407,0.0,1.4814597969494732,-0.6931471805599453,2.4724860467814294,4.54343183152931,1.8376958758189899,0.0005400126122400426,6.5756559342681085,4.933655334840298,-0.2979601046021368,-6.113422034940288,-4.396516946817099,-5.843172686389013,-8.46752567235133,-2.623793615460961,-2.6880515624750134,-0.45577463704604293,-0.52538875579783,0.0,-0.025978914564049223
DS order-1.5 block Gaussian,20,4,55,189.55616638297215,-4994.085444379216,37158.2507046239,56730835.00390379,1.0040112053994834,0.21,1,0.05,0,17.606416139666464,0.4923798550336505,2.5300110650366934,0.0,4.374537510764626,0.5,2.4530733425406206,4.535212275867463,1.8020734322054375,0.002181255743332878,6.601031079242733,4.921607114438228,-0.3107040153460294,-6.116438703507175,-4.418618186207453,-5.827012282755487,-8.443034146750437,-2.6428108075343792,0.021007484409827807,0.19580766851884035,0.18116026331347626,0.3061733383290882,0.29585124542876734,2.8682633890008042,-0.7085047973006853,0.9282236762621549,0.0,1.4758008023964606,-0.6931471805599453,2.4530733425406206,4.535212275867463,1.8020734322054375,0.002181255743332878,6.601031079242733,4.921607114438228,-0.3107040153460294,-6.116438703507175,-4.418618186207453,-5.827012282755487,-8.443034146750437,-2.6428108075343792,-2.6792726320034603,-0.4470185123093628,-0.524769334526619,0.0,-0.03429462792257649
DS order-1.5 block Gaussian,20,4,56,192.8388058799901,-5016.866574254123,37317.44903646258,35252018.20039809,1.009851807116645,0.22999999999999998,1,0.05,0,17.565890869462987,0.4935265532257305,2.5073061753631873,0.0,4.35318822939774,0.5,2.435093789352479,4.52887571730557,1.7678084000635526,0.004869704718686257,6.6272250831553805,4.910053726432936,-0.3225890391369448,-6.118459099809733,-4.440445001969338,-5.810949219910375,-8.417852696778048,-2.6612287315463603,0.02120010750490554,0.19759861542430024,0.18137153922661267,0.3063391259151622,0.2934906119290192,2.8659590028753192,-0.7061786156275559,0.9192089399054697,0.0,1.4709085029396103,-0.6931471805599453,2.435093789352479,4.52887571730557,1.7678084000635526,0.004869704718686257,6.6272250831553805,4.910053726432936,-0.3225890391369448,-6.118459099809733,-4.440445001969338,-5.810949219910375,-8.417852696778048,-2.6612287315463603,-2.6706864902650707,-0.43845496458911526,-0.5241451126569687,0.0,-0.042847090772944414
DS order-1.5 block Gaussian,20,4,57,196.2694981219829,-5057.711129839145,37434.89272934427,44026111.43462151,1.0064083399902861,0.21999999999999997,1,0.05,0,17.532994377590946,0.4944635258531096,2.482842952757592,0.0,4.335026053793415,0.5,2.418516384932212,4.524351336594083,1.7349174755066932,0.008508534484361122,6.654177376661773,4.899170275644218,-0.3336376979747287,-6.119515343846149,-4.461856514602958,-5.794949387121462,-8.39219074505277,-2.6790459714489936,0.021384071621180868,0.19930885589008393,0.1816044527625661,0.3065404315984484,0.29116218812772077,2.8640844988121255,-0.704281890289677,0.9094042555356321,0.0,1.4667276203167319,-0.6931471805599453,2.418516384932212,4.524351336594083,1.7349174755066932,0.008508534484361122,6.654177376661773,4.899170275644218,-0.3336376979747287,-6.119515343846149,-4.461856514602958,-5.794949387121462,-8.39219074505277,-2.6790459714489936,-2.6627033324182645,-0.4304939993331977,-0.5235186750533206,0.0,-0.051469201108575016
DS order-1.5 block Gaussian,20,4,58,199.67386504198657,-5087.561558141017,37488.82704699532,81770441.32773851,1.00057391260052,0.19999999999999998,1,0.05,0,17.506002461679575,0.495237012005045,2.4560066232475033,0.0,4.319785211436959,0.5,2.403291008435462,4.5215467681049075,1.7033896439405267,0.012915141247085656,6.681677731692758,4.888927278034693,-0.3438792566058381,-6.1196468000371995,-4.482871476084036,-5.779132243425841,-8.366397612036256,-2.696272826008407,0.021561683171230722,0.2009598931674192,0.18185900519037754,0.306776834841715,0.28884258362925763,2.8625438199294284,-0.7027188188759934,0.8985367070432725,0.0,1.463205681445182,-0.6931471805599453,2.403291008435462,4.5215467681049075,1.7033896439405267,0.012915141247085656,6.681677731692758,4.888927278034693,-0.3438792566058381,-6.1196468000371995,-4.482871476084036,-5.779132243425841,-8.366397612036256,-2.696272826008407,-2.6552027487512504,-0.4230152092428314,-0.5228888708233271,0.0,-0.06023871452258882
DS order-1.5 block Gaussian,20,4,59,203.12951705098385,-5176.119647584073,37421.8628676688,92622716.21261235,1.0035787990112788,0.24,1,0.05,0,17.486034157153238,0.49581374924052024,2.4263530036948966,0.0,4.307087307267884,0.5,2.38934681046081,4.520315043639775,1.6731893487815952,0.018010626251870065,6.709633051692361,4.879389632478148,-0.35334727614554956,-6.11892185488757,-4.503456230480222,-5.763528964511975,-8.340563517422435,-2.712906560298306,0.021730750720365396,0.20253131020934848,0.18213575411708438,0.30704952541093616,0.28655265954226566,2.8614025141568393,-0.7015549283405452,0.8863893084669793,0.0,1.4602618768829772,-0.6931471805599453,2.38934681046081,4.520315043639775,1.6731893487815952,0.018010626251870065,6.709633051692361,4.879389632478148,-0.35334727614554956,-6.11892185488757,-4.503456230480222,-5.763528964511975,-8.340563517422435,-2.712906560298306,-2.6482807138148288,-0.4161145622210466,-0.5222567443606629,0.0,-0.06908673292828195
DS order-1.5 block Gaussian,20,4,60,206.68156155996257,-5190.178534490604,37498.39790638,42179472.59450315,1.0000026530657666,0.21999999999999997,1,0.05,0,17.475115954738953,0.49613484080285114,2.3954010306619216,0.0,4.29671558903232,0.5,2.3766085274751365,4.520530192746285,1.644288038951091,0.02367898342502227,6.737897568196614,4.870525225768177,-0.3620835087831001,-6.117406805242353,-4.523576283452505,-5.748172466222728,-8.314839989024875,-2.728956350863896,0.02189108167113154,0.20402133430751093,0.18242661718878342,0.3073462403311288,0.2843147265014453,2.860777923562177,-0.7009075327461192,0.8735506617983227,0.0,1.457850914338953,-0.6931471805599453,2.3766085274751365,4.520530192746285,1.644288038951091,0.02367898342502227,6.737897568196614,4.870525225768177,-0.3620835087831001,-6.117406805242353,-4.523576283452505,-5.748172466222728,-8.314839989024875,-2.728956350863896,-2.6418956064924215,-0.4097503624307816,-0.5216269361817532,0.0,-0.0778931142693478
DS order-1.5 block Gaussian,20,4,61,210.03909047396155,-5269.792233718133,37572.965209495684,57789046.0360649,1.0003060899451266,0.22999999999999998,1,0.03298769776932236,0,17.480915487593133,0.4959817659738612,2.3637684047140826,0.0,4.2886890536938935,0.5,2.3650318429424186,4.52214786804452,1.6166945646795319,0.0298845181783676,6.766382589813067,4.862268645302293,-0.3700984827289933,-6.115112303671655,-4.543221842057606,-5.733092590218021,-8.289263110921055,-2.7444237089794865,0.02204527600982428,0.20545417250112788,0.18273254883466367,0.3076678147726743,0.2821001878817098,2.8611097422880505,-0.7012161150824274,0.8602571271956836,0.0,1.4559811043507307,-0.6931471805599453,2.3650318429424186,4.52214786804452,1.6166945646795319,0.0298845181783676,6.766382589813067,4.862268645302293,-0.3700984827289933,-6.115112303671655,-4.543221842057606,-5.733092590218021,-8.289263110921055,-2.7444237089794865,-2.6359223384603365,-0.40379767327695965,-0.520997075425825,0.0,-0.08675839346452341
DS order-1.5 block Gaussian,20,4,62,213.29668762197252,-5262.093260470897,37607.07328819612,28231013.74343888,1.0001226142916815,0.19999999999999998,1,0.025864092898589333,0,17.4956312367891,0.4955722554374493,2.3431608878621453,0.0,4.285006098910902,0.5,2.3581271881184045,4.524083997310769,1.5993360967241395,0.03429981147429746,6.7852670575126695,4.857196829987456,-0.37492071327501525,-6.113104838114352,-4.555870787757684,-5.723315965945282,-8.272410552989983,-2.7542471710452374,0.022141732888084274,0.20635036943530422,0.18293888996582344,0.307888417315035,0.28068059039575294,2.8619512061512635,-0.7020421125588172,0.8515008246295928,0.0,1.45512197536516,-0.6931471805599453,2.3581271881184045,4.524083997310769,1.5993360967241395,0.03429981147429746,6.7852670575126695,4.857196829987456,-0.37492071327501525,-6.113104838114352,-4.555870787757684,-5.723315965945282,-8.272410552989983,-2.7542471710452374,-2.632273242110349,-0.40016188935868363,-0.5205852734292507,0.0,-0.09252010205934363
DS order-1.5 block Gaussian,20,4,63,216.8487755539827,-5247.906113808314,37830.18482276508,34360739.38113275,1.0001004517682197,0.16999999999999998,1,0.021763764082403103,0,17.510783217964956,0.4951493758070277,2.32696651390054,0.0,4.283613613815544,0.5,2.353298296293036,4.526298167843542,1.5864040455236461,0.03790925506124677,6.800009421129592,4.853456490597378,-0.3783143285565513,-6.111114383340868,-4.56551935127025,-5.715795543479821,-8.2593161311576,-2.7616392029386394,0.022204771255842744,0.20693577388169584,0.1831067883753648,0.3080734080839965,0.27967925840310004,2.8628168750498397,-0.7028957926295193,0.8445654939718955,0.0,1.4547969556643678,-0.6931471805599453,2.353298296293036,4.526298167843542,1.5864040455236461,0.03790925506124677,6.800009421129592,4.853456490597378,-0.3783143285565513,-6.111114383340868,-4.56551935127025,-5.715795543479821,-8.2593161311576,-2.7616392029386394,-2.630030905290366,-0.3979296184922416,-0.5202685668294825,0.0,-0.0966946516377459
DS order-1.5 block Gaussian,20,4,64,220.32354497699998,-5290.800738196922,37709.65053508332,59453447.462105386,1.0000000901283779,0.18999999999999997,1,0.019036539387158786,0,17.525652851361375,0.4947342270967157,2.3129866194324866,0.0,4.283516181487871,0.5,2.3497310119639856,4.528739605490828,1.5760877631251893,0.041030966401334336,6.812356535716689,4.850575403345268,-0.380836256444291,-6.1090820587047485,-4.573423557149227,-5.709621577342087,-8.24850944798884,-2.767590865703914,0.02225201159011639,0.20737430264199402,0.18325585060950472,0.3082426610591548,0.27887517409923,2.8636656848009094,-0.7037345755600259,0.8385395982920102,0.0,1.4547742100471062,-0.6931471805599453,2.3497310119639856,4.528739605490828,1.5760877631251893,0.041030966401334336,6.812356535716689,4.850575403345268,-0.380836256444291,-6.1090820587047485,-4.573423557149227,-5.709621577342087,-8.24850944798884,-2.767590865703914,-2.6284549202858165,-0.39636194763831184,-0.5200040661711888,0.0,-0.10012305631223706
DS order-1.5 block Gaussian,20,4,65,223.50889770599315,-5358.992703912891,37763.714221646456,107365527.34255022,1.0003725476207004,0.21999999999999997,1,0.017063937592326828,0,17.537844786920967,0.4943945671850743,2.300740539306136,0.0,4.284403966350843,0.5,2.3470206292066385,4.531350740516268,1.5675486371866367,0.04381010741088903,6.823068313940175,4.848268562492579,-0.3827668853135358,-6.1070097905678935,-4.5801340351712865,-5.704354758762357,-8.239279372451108,-2.7725710565280104,0.022288334033220055,0.2077113203378418,0.1833933165795293,0.30840305980097055,0.27820396924843843,2.8643611052165627,-0.704421361602361,0.8332310447240877,0.0,1.454981444673674,-0.6931471805599453,2.3470206292066385,4.531350740516268,1.5675486371866367,0.04381010741088903,6.823068313940175,4.848268562492579,-0.3827668853135358,-6.1070097905678935,-4.5801340351712865,-5.704354758762357,-8.239279372451108,-2.7725710565280104,-2.6273441591154505,-0.3952583304650599,-0.5197744457844329,0.0,-0.10305301617840715
DS order-1.5 block Gaussian,20,4,66,226.9542804940138,-5349.152790732242,37767.13436173641,3823199.158478065,1.0180694413907547,0.19999999999999998,1,0.015556474460591286,0,17.547462482596348,0.4941273456235817,2.2895161836167235,0.0,4.286042071082202,0.5,2.344933304605909,4.5340767486033355,1.560309840414943,0.04633634986685965,6.832578117434891,4.846388664579243,-0.3842673868029489,-6.10491265352581,-4.585970651940485,-5.699752991494258,-8.231200549187788,-2.776839806943989,0.022316419249869737,0.20797175261806727,0.18352126911919378,0.3085555488556853,0.27763501015718395,2.8649093515717907,-0.7049620103518509,0.8283405217149371,0.0,1.455363712934661,-0.6931471805599453,2.344933304605909,4.5340767486033355,1.560309840414943,0.04633634986685965,6.832578117434891,4.846388664579243,-0.3842673868029489,-6.10491265352581,-4.585970651940485,-5.699752991494258,-8.231200549187788,-2.776839806943989,-2.626579191486958,-0.39449962249872916,-0.519571319472604,0.0,-0.10559455029546495
DS order-1.5 block Gaussian,20,4,67,230.42333677998977,-5367.786537451965,37761.134244590845,72634259.29304492,1.0000020844500583,0.18,1,0.01435872943746294,0,17.552614465222344,0.4939852566630758,2.2790976113998145,0.0,4.289489115931886,0.5,2.3435721515433583,4.537293018395084,1.5542507039248896,0.04883038034840813,6.841283444727227,4.844579364610452,-0.3852090504718912,-6.102437517912677,-4.591139206999162,-5.695765470668191,-8.224015712858385,-2.7804603306248596,0.022340095512545968,0.20819121462004198,0.18365583328890556,0.3087234300399327,0.2770894265385739,2.8652029111939337,-0.7052496070511672,0.8237795801492369,0.0,1.456167638653118,-0.6931471805599453,2.3435721515433583,4.537293018395084,1.5542507039248896,0.04883038034840813,6.841283444727227,4.844579364610452,-0.3852090504718912,-6.102437517912677,-4.591139206999162,-5.695765470668191,-8.224015712858385,-2.7804603306248596,-2.6260627586514467,-0.39398886922749654,-0.5193822928510538,0.0,-0.10810553411296404
DS order-1.5 block Gaussian,20,4,68,233.57781347900163,-5355.878949000961,37780.740701771174,90028471.28062364,1.0013867331188,0.21999999999999997,1,0.01337902602933718,0,17.555007703626828,0.4939202362381191,2.269577788938762,0.0,4.294314175393869,0.5,2.342772330200919,4.540865061929791,1.5491229931525048,0.051277590905904925,6.849323461054424,4.842834588361584,-0.3857184601694923,-6.0996849158760496,-4.59576730222358,-5.692264925242793,-8.217556235453037,-2.783568078995543,0.022359370159577008,0.2083697547294155,0.18379592857503366,0.3089040320706353,0.27657091446533855,2.8653392484483726,-0.70538123993613,0.8195938181316791,0.0,1.4572918629174485,-0.6931471805599453,2.342772330200919,4.540865061929791,1.5491229931525048,0.051277590905904925,6.849323461054424,4.842834588361584,-0.3857184601694923,-6.0996849158760496,-4.59576730222358,-5.692264925242793,-8.217556235453037,-2.783568078995543,-2.625785173122073,-0.3937164843461211,-0.5192045945468532,0.0,-0.11056339291108278
DS order-1.5 block Gaussian,20,4,69,237.01467955496628,-5409.439878804737,37820.28697916522,15282047.41288971,1.0000304445592303,0.18999999999999997,1,0.0125594321575479,0,17.556507112023283,0.4938799235268373,2.2606470124806375,0.0,4.3001912683612575,0.5,2.3424138586067267,4.544694356116005,1.5447491448588389,0.053664515387419696,6.856800423821954,4.841156131814712,-0.3858883921670365,-6.096729557496989,-4.599941716076164,-5.689163012986737,-8.211718625660811,-2.786261429887943,0.022376240570973677,0.20852596727380115,0.18393960851398322,0.3090934837674914,0.2760646998737506,2.865424656805445,-0.7054628611241925,0.8156510610196488,0.0,1.4586595027245117,-0.6931471805599453,2.3424138586067267,4.544694356116005,1.5447491448588389,0.053664515387419696,6.856800423821954,4.841156131814712,-0.3858883921670365,-6.096729557496989,-4.599941716076164,-5.689163012986737,-8.211718625660811,-2.786261429887943,-2.625644060470472,-0.3935801908435835,-0.5190362784703222,0.0,-0.11300850952964689
DS order-1.5 block Gaussian,20,4,70,240.45099045999814,-5335.754035905201,37837.956220212174,64144553.81289574,1.000261111098937,0.19999999999999998,1,0.011861357433085789,0,17.55625553411434,0.4938884879330789,2.2523971681787547,0.0,4.306844325765808,0.5,2.342432037526118,4.548768832014121,1.5410255537628619,0.05599598267491962,6.8637799429339355,4.8394604711488265,-0.38576940106050456,-6.0935779952701035,-4.603718320032183,-5.686352924363515,-8.206332221764262,-2.7886171605670347,0.02239003874381332,0.2086536202722569,0.18409429542106578,0.30928785763342437,0.27557418792943966,2.865410327092259,-0.7054455202047171,0.8119950571513785,0.0,1.4602054609483048,-0.6931471805599453,2.342432037526118,4.548768832014121,1.5410255537628619,0.05599598267491962,6.8637799429339355,4.8394604711488265,-0.38576940106050456,-6.0935779952701035,-4.603718320032183,-5.686352924363515,-8.206332221764262,-2.7886171605670347,-2.625656260333668,-0.3935968635294107,-0.518824319896912,0.0,-0.11541554432714177
DS order-1.5 block Gaussian,20,4,71,243.5553743839846,-5412.058492943781,37934.40168643446,55168954.44385056,1.0000048034372453,0.18,1,0.011258000321005114,0,17.55330699845959,0.4939725935860545,2.2446210465184953,0.0,4.3141196945716205,0.5,2.3427591496938063,4.553022698172995,1.5378452773623752,0.058272207406393516,6.870325084611633,4.837772368104108,-0.3854168230478918,-6.0902807106872485,-4.607160308715112,-5.683794188059915,-8.20132949525571,-2.790688636940461,0.022400655221859998,0.20875168751242085,0.18426219975836738,0.30947273286967397,0.27511272463767783,2.865242365121275,-0.7052752419039473,0.8085367080679077,0.0,1.4618932931943989,-0.6931471805599453,2.3427591496938063,4.553022698172995,1.5378452773623752,0.058272207406393516,6.870325084611633,4.837772368104108,-0.3854168230478918,-6.0902807106872485,-4.607160308715112,-5.683794188059915,-8.20132949525571,-2.790688636940461,-2.6257797782518444,-0.3937245400708032,-0.5185102457122792,0.0,-0.1176890662102249
DS order-1.5 block Gaussian,20,4,72,246.94095367199043,-5401.789450750347,37851.165050217714,80907958.73638052,1.0005823520114734,0.24,1,0.010730105522650331,0,17.549135533438893,0.4940909075637674,2.2374126163319574,0.0,4.321871077887653,0.5,2.3433414649676596,4.557408586816276,1.535127168331817,0.06048473408940003,6.876486183117254,4.836109306398507,-0.38487240797435357,-6.086875808563648,-4.610307665190107,-5.681451764803879,-8.196683617715397,-2.792516638453002,0.022407070955317757,0.20881067681081117,0.18444203547845073,0.3096406597686424,0.27469955698677795,2.865004691344782,-0.7050357553160089,0.8053201162509249,0.0,1.4636884283680787,-0.6931471805599453,2.3433414649676596,4.557408586816276,1.535127168331817,0.06048473408940003,6.876486183117254,4.836109306398507,-0.38487240797435357,-6.086875808563648,-4.610307665190107,-5.681451764803879,-8.196683617715397,-2.792516638453002,-2.6260358863980584,-0.3939844742420453,-0.5180772198245409,0.0,-0.11973448271118753
DS order-1.5 block Gaussian,20,4,73,250.42478552099783,-5431.387346281144,37818.71343969892,42517429.17980252,1.0003469992035727,0.18,1,0.010263445557243348,0,17.54359466699941,0.4942476354833487,2.230559071134849,0.0,4.33000449344163,0.5,2.34413247363207,4.561882563485555,1.5328019096132555,0.06263448882326744,6.882304050070436,4.834480772015943,-0.38417085741127366,-6.083396790768808,-4.613202954198941,-5.67930183706557,-8.192361051657102,-2.794135182274852,0.02240986254087556,0.20883595577259262,0.1846297075719422,0.3097921197868019,0.27433235432778785,2.864688907052487,-0.7047186009927305,0.80225225859567,0.0,1.465568579760195,-0.6931471805599453,2.34413247363207,4.561882563485555,1.5328019096132555,0.06263448882326744,6.882304050070436,4.834480772015943,-0.38417085741127366,-6.083396790768808,-4.613202954198941,-5.67930183706557,-8.192361051657102,-2.794135182274852,-2.6264003372417815,-0.3943524480466229,-0.5175492526595933,0.0,-0.12156114787496437
DS order-1.5 block Gaussian,20,4,74,253.57751118997112,-5370.1166663298445,37945.24271035756,115199389.10868108,1.0048224936172259,0.22999999999999998,1,0.009847256463542592,0,17.538331443898244,0.4943964930075308,2.224100976805747,0.0,4.338451369654055,0.5,2.3451029812163293,4.566417691430606,1.530816632468372,0.06472540751767729,6.8878276176182665,4.832912892371785,-0.38333298023282736,-6.079859764065771,-4.615870189465636,-5.677316730681198,-8.188322550806172,-2.7955682502138077,0.02241017339960189,0.208838169236108,0.18482062188863013,0.3099307774045143,0.2740002580711456,2.8643888537929243,-0.7044174662951843,0.7993527785976342,0.0,1.4675174571656642,-0.6931471805599453,2.3451029812163293,4.566417691430606,1.530816632468372,0.06472540751767729,6.8878276176182665,4.832912892371785,-0.38333298023282736,-6.079859764065771,-4.615870189465636,-5.677316730681198,-8.188322550806172,-2.7955682502138077,-2.62683394846694,-0.39478933169220987,-0.5169632305609223,0.0,-0.12321992559608952
DS order-1.5 block Gaussian,20,4,75,257.03673877898837,-5396.095009074207,37845.541585660154,58975639.94692768,1.0001745835992455,0.18,1,0.00947322854068999,0,17.533775017957264,0.49452539143953433,2.2178760597259206,0.0,4.347124292921929,0.5,2.3462176965482713,4.570980885108772,1.5291228036959785,0.06675213656583702,6.893076185907138,4.831405999337376,-0.38238641916191657,-6.076291995677869,-4.618333502212289,-5.675474072703313,-8.184536852301376,-2.7968409478447787,0.022408658943360135,0.20882341874576807,0.18501244893530208,0.3100589384009262,0.2736965349746436,2.86412902189651,-0.7041567815338079,0.796550008072875,0.0,1.4695145444025652,-0.6931471805599453,2.3462176965482713,4.570980885108772,1.5291228036959785,0.06675213656583702,6.893076185907138,4.831405999337376,-0.38238641916191657,-6.076291995677869,-4.618333502212289,-5.675474072703313,-8.184536852301376,-2.7968409478447787,-2.627314959144522,-0.3952733948186321,-0.5163392889253701,0.0,-0.12474244725458888
DS order-1.5 block Gaussian,20,4,76,260.47557564196177,-5361.932835675637,37863.90717767877,53913389.84326061,1.0029020698338764,0.21,1,0.009134833828228625,0,17.530242243520277,0.49462538583841453,2.2120004379062435,0.0,4.35598881860773,0.5,2.3474528177602005,4.575554062950384,1.5276837138780308,0.06871452457461937,6.8980695232336116,4.829954298664369,-0.38134867378792914,-6.072708377717245,-4.620615901915077,-5.673755731565902,-8.180976505737727,-2.797972242261132,0.022404980041914466,0.2087885451367269,0.18520321430025996,0.3101729314737795,0.2734303290473191,2.86392751763517,-0.703954599214352,0.7938972816285333,0.0,1.471551638172959,-0.6931471805599453,2.3474528177602005,4.575554062950384,1.5276837138780308,0.06871452457461937,6.8980695232336116,4.829954298664369,-0.38134867378792914,-6.072708377717245,-4.620615901915077,-5.673755731565902,-8.180976505737727,-2.797972242261132,-2.6278467279555877,-0.39580799135886735,-0.515676307511767,0.0,-0.1260831343965013
DS order-1.5 block Gaussian,20,4,77,263.6376535890158,-5409.411234592944,37919.89946919598,112109404.10955703,1.000385683488384,0.18999999999999997,1,0.008826865342073437,0,17.52868117002318,0.49466973610112874,2.206383640955163,0.0,4.365000761356934,0.5,2.34879098179641,4.580125370832055,1.5264711384529794,0.07061598883793929,6.902836550222857,4.8285693281467115,-0.3802350762099001,-6.069119506790717,-4.622738149982947,-5.672150356787271,-8.177621171413268,-2.798978086281532,0.022399864428816012,0.20874032392668207,0.18539265102569527,0.31027710347380366,0.27319005714500305,2.863838463360473,-0.7038649388859821,0.7913548136689909,0.0,1.4736183637146738,-0.6931471805599453,2.34879098179641,4.580125370832055,1.5264711384529794,0.07061598883793929,6.902836550222857,4.8285693281467115,-0.3802350762099001,-6.069119506790717,-4.622738149982947,-5.672150356787271,-8.177621171413268,-2.798978086281532,-2.628410873820321,-0.3963747701683758,-0.5149897665124793,0.0,-0.12729804739561068
DS order-1.5 block Gaussian,20,4,78,267.0509971390129,-5379.041477093319,37828.03464615024,21637991.613515906,1.0000019885978708,0.19999999999999998,1,0.00854511366088334,0,17.528890898119144,0.4946640940221107,2.201126083156598,0.0,4.37411075426138,0.5,2.3502100203527263,4.584674662763475,1.5254552693140349,0.07245695234192406,6.907393294375273,4.827248365785002,-0.3790617029850366,-6.065541025182544,-4.624712567790891,-5.670646479572527,-8.174457919119835,-2.799873745654178,0.02239292621322151,0.20867515992659694,0.18558065943481525,0.3103689000070983,0.272982354418268,2.8638504281420363,-0.7038763447003722,0.7889690853909541,0.0,1.4757032429814159,-0.6931471805599453,2.3502100203527263,4.584674662763475,1.5254552693140349,0.07245695234192406,6.907393294375273,4.827248365785002,-0.3790617029850366,-6.065541025182544,-4.624712567790891,-5.670646479572527,-8.174457919119835,-2.799873745654178,-2.6290164750783402,-0.39698280588599033,-0.5142719807223486,0.0,-0.12835443274782712
DS order-1.5 block Gaussian,20,4,79,270.60041733598337,-5359.532931188415,37904.67139466582,109572489.30469269,1.0002612031059799,0.18,1,0.008286135043349968,0,17.52956110366487,0.49464545031312895,2.1962511739663944,0.0,4.383321907415102,0.5,2.3517116227212425,4.589217520474318,1.5246261888646666,0.07423194502572358,6.9117557062744055,4.825990010756313,-0.3778255749656321,-6.0619585936194404,-4.6265455996265175,-5.66923331562898,-8.17148088743142,-2.800667365497753,0.022384492217778038,0.20859608540060112,0.18576868106155087,0.31045135474249064,0.2727993865775793,2.8638886617494856,-0.7039140350453015,0.7867518950512499,0.0,1.4778068632789056,-0.6931471805599453,2.3517116227212425,4.589217520474318,1.5246261888646666,0.07423194502572358,6.9117557062744055,4.825990010756313,-0.3778255749656321,-6.0619585936194404,-4.6265455996265175,-5.66923331562898,-8.17148088743142,-2.800667365497753,-2.6296588142076525,-0.3976274452698696,-0.5135249720720969,0.0,-0.12929054425302772
DS order-1.5 block Gaussian,20,4,80,273.75124988897005,-5423.938399864081,37774.543790998665,46425251.94812827,1.0035131108987039,0.18999999999999997,1,0.008047082012465307,0,17.53083324661615,0.49460981716569086,2.191822125208395,0.0,4.392602339541025,0.5,2.353278124244714,4.5937384443867515,1.5239606866069262,0.07593859409125771,6.915927551059955,4.824784008128868,-0.3765402632208717,-6.058385475391215,-4.628249074553736,-5.66790204836357,-8.168680218367504,-2.8013713342941307,0.022374603044607793,0.20850347822183296,0.18595620091439471,0.31052430463967856,0.27264141317948587,2.8639612304113853,-0.7039860753944913,0.7847332185342083,0.0,1.479921839507995,-0.6931471805599453,2.353278124244714,4.5937384443867515,1.5239606866069262,0.07593859409125771,6.915927551059955,4.824784008128868,-0.3765402632208717,-6.058385475391215,-4.628249074553736,-5.66790204836357,-8.168680218367504,-2.8013713342941307,-2.6303356511418814,-0.3983064509034971,-0.5127510070934994,0.0,-0.1301047471780174
DS order-1.5 block Gaussian,20,4,81,277.205453011964,-5384.431660479908,37929.46896624961,80219478.11274384,1.0000258644729882,0.18999999999999997,1,0.007825577482730784,0,17.533378673681717,0.4945382925617413,2.1877152929314745,0.0,4.401956075909984,0.5,2.354901504642761,4.598234565151464,1.523444772916885,0.07759182408577014,6.919938014491985,4.823644283258802,-0.3752145043336448,-6.05482526723742,-4.629830856176961,-5.666643282151919,-8.166039329621512,-2.8019954069634765,0.022363027074050128,0.20839518237170204,0.1861434079644737,0.310586411437508,0.2725119711522661,2.8641064170236397,-0.7041306939877451,0.7828577540325556,0.0,1.4820490048423074,-0.6931471805599453,2.354901504642761,4.598234565151464,1.523444772916885,0.07759182408577014,6.919938014491985,4.823644283258802,-0.3752145043336448,-6.05482526723742,-4.629830856176961,-5.666643282151919,-8.166039329621512,-2.8019954069634765,-2.631053142254695,-0.3990259679675654,-0.5119447731623159,0.0,-0.13077961638887792
DS order-1.5 block Gaussian,20,4,82,280.6717655999819,-5392.967045951811,37945.765329534464,75274291.61295922,1.0001288199150022,0.18,1,0.0076196198185158465,0,17.537215262018663,0.4944304063981408,2.1838028853714926,0.0,4.411354567359814,0.5,2.3565707099086226,4.602696007578629,1.523060646385253,0.0791987118647615,6.923802965432289,4.822570799879832,-0.3738559122541035,-6.051286233253366,-4.631304225046576,-5.665448857177984,-8.163535860094873,-2.8025464385982266,0.02234995761847797,0.20827299803319746,0.18632864423882292,0.31063762707736875,0.2724107730321329,2.8643252093463065,-0.7043488731154404,0.781067799858744,0.0,1.4841818004268303,-0.6931471805599453,2.3565707099086226,4.602696007578629,1.523060646385253,0.0791987118647615,6.923802965432289,4.822570799879832,-0.3738559122541035,-6.051286233253366,-4.631304225046576,-5.665448857177984,-8.163535860094873,-2.8025464385982266,-2.631802621782755,-0.39977733689284023,-0.511115027492042,0.0,-0.13131592450612223
DS order-1.5 block Gaussian,20,4,83,283.89081078598974,-5353.5186678019,37925.09999727252,51748885.025588706,1.000163429276063,0.22999999999999998,1,0.007427510241525015,0,17.54266643264926,0.49427709808886544,2.1799940078637907,0.0,4.4207674891584,0.5,2.35827534930298,4.607115691503996,1.5227941479704228,0.08075586143654122,6.927524281158796,4.821551546395127,-0.37247175555851086,-6.047774781693955,-4.632681175510662,-5.664317540746042,-8.161169614165747,-2.8030323901155687,0.022335915515218924,0.20814177455795535,0.18651175815061424,0.3106811129168149,0.27232943885939664,2.8646359954955827,-0.7046589917497347,0.7793221281108854,0.0,1.4863133210969988,-0.6931471805599453,2.35827534930298,4.607115691503996,1.5227941479704228,0.08075586143654122,6.927524281158796,4.821551546395127,-0.37247175555851086,-6.047774781693955,-4.632681175510662,-5.664317540746042,-8.161169614165747,-2.8030323901155687,-2.6325710816177517,-0.4005475697780627,-0.5102727422610296,0.0,-0.13175452004580138
DS order-1.5 block Gaussian,20,4,84,287.3087769849808,-5356.5762290801795,37951.71308999759,28559924.17198265,1.000057535282589,0.16999999999999998,1,0.007247796636776956,0,17.548894433870114,0.4941020081746761,2.17621685107818,0.0,4.430185102312777,0.5,2.3600090393974775,4.6114932604872765,1.5226349685679628,0.0822686413581907,6.931119370577634,4.820582502097721,-0.37106550897309204,-6.04429129629269,-4.633967846212459,-5.663242164088008,-8.158925270177978,-2.8034591505639512,0.022322358802756515,0.20801508889885414,0.1866904914417611,0.3107244252814389,0.27224763557518933,2.8649909527065165,-0.7050132888305032,0.7775879798547538,0.0,1.4884413670019074,-0.6931471805599453,2.3600090393974775,4.6114932604872765,1.5226349685679628,0.0822686413581907,6.931119370577634,4.820582502097721,-0.37106550897309204,-6.04429129629269,-4.633967846212459,-5.663242164088008,-8.158925270177978,-2.8034591505639512,-2.6333176139683747,-0.40129580717154173,-0.5094543073842696,0.0,-0.1321943500053168
DS order-1.5 block Gaussian,20,4,85,290.76025504496647,-5429.259073387169,37933.257072069086,27447907.742307525,1.0001419045626028,0.18,1,0.007079229560282516,0,17.555046687700177,0.49392916804061554,2.172540870087125,0.0,4.439614185275626,0.5,2.3617731046958115,4.615840248204597,1.5225800297588699,0.08372764156886937,6.934576781583277,4.819641641756851,-0.369637547527587,-6.040828581618157,-4.635161226825503,-5.662221766137123,-8.156810063568324,-2.803830658440101,0.022309227940158806,0.2078923859231161,0.18686378784394755,0.31076639012376517,0.27216820816901244,2.8653414691269803,-0.7053631566079264,0.7758973904486396,0.0,1.4905674774603337,-0.6931471805599453,2.3617731046958115,4.615840248204597,1.5225800297588699,0.08372764156886937,6.934576781583277,4.819641641756851,-0.369637547527587,-6.040828581618157,-4.635161226825503,-5.662221766137123,-8.156810063568324,-2.803830658440101,-2.634041070914545,-0.40202090231416177,-0.5086615285755167,0.0,-0.13262118521709762
DS order-1.5 block Gaussian,20,4,86,293.9699828620069,-5403.104350437561,37894.21877564891,57066975.280250974,1.0037493076469703,0.18,1,0.006920727442308431,0,17.56041360417127,0.493778500318593,2.169020169716355,0.0,4.449044546605529,0.5,2.3635676437610376,4.620161286631891,1.5226227811187363,0.08512765565820085,6.937894946923044,4.818710608472991,-0.36818594196227933,-6.037380698210165,-4.636268202956363,-5.661250386198206,-8.154825975962174,-2.8041492834426593,0.022296247653681444,0.20777110110609492,0.1870316686474742,0.3108052848786228,0.2720956977141265,2.8656471416978806,-0.7056682422684265,0.7742755308869574,0.0,1.4926893644969803,-0.6931471805599453,2.3635676437610376,4.620161286631891,1.5226227811187363,0.08512765565820085,6.937894946923044,4.818710608472991,-0.36818594196227933,-6.037380698210165,-4.636268202956363,-5.661250386198206,-8.154825975962174,-2.8041492834426593,-2.6347482248063017,-0.40272962418076463,-0.5078886688905699,0.0,-0.13301278821315424
DS order-1.5 block Gaussian,20,4,87,297.44855270400876,-5332.985563671843,37943.78150473629,58640393.60955975,1.0000003089757745,0.24999999999999997,1,0.006771348802284756,0,17.56446877701123,0.49366473964662516,2.1655892072912093,0.0,4.458474618507234,0.5,2.3653861625889965,4.624451562884655,1.5227534744817084,0.08647271680572363,6.941078784634552,4.817781462093054,-0.36671541596628865,-6.033951836890272,-4.637297408326617,-5.660322662251281,-8.152954817212317,-2.8044200474844057,0.022283292927582087,0.20765006933067087,0.187194844638815,0.31084083326234835,0.2720309598405837,2.8658780419932306,-0.705898656874283,0.772692475601809,0.0,1.4948066937443025,-0.6931471805599453,2.3653861625889965,4.624451562884655,1.5227534744817084,0.08647271680572363,6.941078784634552,4.817781462093054,-0.36671541596628865,-6.033951836890272,-4.637297408326617,-5.660322662251281,-8.152954817212317,-2.8044200474844057,-2.6354437894108402,-0.4034266870576704,-0.5071309666750234,0.0,-0.13336510825475154
DS order-1.5 block Gaussian,20,4,88,300.9053401349811,-5406.896243347606,37859.939072623725,72329464.82175405,1.000170205975465,0.19999999999999998,1,,0,17.567682174530905,0.4935746482763982,2.1621756085623383,0.0,4.467881251137418,0.5,2.3672241978819075,4.628707726927824,1.5229641583180058,0.0877636310284084,6.944137485862219,4.816860796148084,-0.36522924676775703,-6.030544595139557,-4.638255814726068,-5.6594395853819215,-8.151199300892149,-2.804647025632249,0.02227068585720242,0.20753228985245853,0.1873536385475607,0.3108753358795868,0.27196804986319145,2.8660609740051686,-0.7060811685762656,0.771114940970401,0.0,1.4969143032211347,-0.6931471805599453,2.3672241978819075,4.628707726927824,1.5229641583180058,0.0877636310284084,6.944137485862219,4.816860796148084,-0.36522924676775703,-6.030544595139557,-4.638255814726068,-5.6594395853819215,-8.151199300892149,-2.804647025632249,-2.6361207044010815,-0.4041050412449361,-0.5063940363809157,0.0,-0.13370738689758863
DS order-1.5 block Gaussian,20,7,0,6.06467196799349,-6751.0948996177885,23788.144497026136,130737.7744064247,1.0463100261069869,0.18,1,0.05,0,12.944630501010124,0.16681305074425481,10.710773562634152,-0.0067633797536898,3.6163903245401885,0.31194914698342,3.9264961604949784,6.043432618631635,0.5295525987743455,4.620298760012203,6.980293609733675,0.02688543604106286,-7.489304885674145,-1.670919974786747,-3.943638653425605,-9.848399460604021,-1.118699665821449,-4.4617507344191925,0.1897191416516161,0.09885627276470042,0.3374988107654474,0.25382298336892173,0.12010279144931421,2.560681069034832,-1.790881550246195,2.3712501099217516,-0.67633797536898,1.2854763804378837,-1.164915094894796,3.9264961604949784,6.043432618631635,0.5295525987743455,4.620298760012203,6.980293609733675,0.02688543604106286,-7.489304885674145,-1.670919974786747,-3.943638653425605,-9.848399460604021,-1.118699665821449,-4.4617507344191925,-0.5760172099397449,-1.2278949816379663,0.0,-0.2849248784590459,-1.033214015123918
DS order-1.5 block Gaussian,20,7,1,9.52389106398914,-6392.957999821736,24158.760775538703,130163.79496539335,1.0725598181098925,0.15999999999999998,1,0.05,0,13.608315898860392,0.15867748225984263,10.18840297205103,-0.006263380075506226,3.801806612636925,0.327943121695288,3.876496163057201,5.993432619992957,0.4795526019647706,4.570298761917172,6.930293611493814,0.0,-7.5393046131629875,-1.7209198024699333,-3.9936384129848714,-9.898399046376248,-1.1686987244856482,-4.511750042699673,0.18649209502788558,0.09717476799253685,0.34876768805827607,0.2495055577739134,0.11805989114738805,2.610681069026084,-1.8408815502387792,2.3212501099324583,-0.6263380075506226,1.3354763781321157,-1.1149150951007385,3.876496163057201,5.993432619992957,0.4795526019647706,4.570298761917172,6.930293611493814,0.0,-7.5393046131629875,-1.7209198024699333,-3.9936384129848714,-9.898399046376248,-1.1686987244856482,-4.511750042699673,-0.6260171980200068,-1.277894961082803,0.0,-0.3349248597056859,-1.083214002494933
DS order-1.5 block Gaussian,20,7,2,12.762990531977266,-6121.375080649362,24403.527044378836,206341.6691159095,1.1664084910578305,0.22999999999999998,1,0.05,0,14.174541465875466,0.15247939363606075,10.386354957240984,-0.006482963215910588,3.996980156458086,0.3445738985797506,3.826506284502301,5.943824455096424,0.4300884385699678,4.523322343221036,6.883416162008891,0.0,-7.589033136743392,-1.7708821300750057,-4.041521713959517,-9.944551515814423,-1.2187657249730888,-4.55842721152394,0.194712660326765,0.10144701325765182,0.3392457494528466,0.24161812243019623,0.12297645453254034,2.651447501004218,-1.8807258157626623,2.340492921348906,-0.6482963215910588,1.3855391151079275,-1.0654467018668734,3.826506284502301,5.943824455096424,0.4300884385699678,4.523322343221036,6.883416162008891,0.0,-7.589033136743392,-1.7708821300750057,-4.041521713959517,-9.944551515814423,-1.2187657249730888,-4.55842721152394,-0.5551998343342518,-1.2071881440864378,0.0,-0.3393662960828612,-1.0147318589058651
DS order-1.5 block Gaussian,20,7,3,16.353160616010427,-5898.19911227514,24478.4436954395,197710.1713698508,1.1872539279914998,0.24999999999999997,1,0.05,0,14.823049272032632,0.14586237497261845,10.604517305891946,-0.006790879619167056,4.193490569524057,0.3608437307632283,3.7789784004121754,5.896459828168054,0.38273788868301517,4.477802053252707,6.843148459432518,0.0,-7.6342799287656495,-1.8203462341154906,-4.089848903083948,-9.991274952516862,-1.2689327688280554,-4.600277612240017,0.19837002438723014,0.10333148052383696,0.3352374303262271,0.23798006386021875,0.125081000902487,2.6961833525518766,-1.9250917390094633,2.361280071270444,-0.6790879619167056,1.4335334586080506,-1.0193102931405396,3.7789784004121754,5.896459828168054,0.38273788868301517,4.477802053252707,6.843148459432518,0.0,-7.6342799287656495,-1.8203462341154906,-4.089848903083948,-9.991274952516862,-1.2689327688280554,-4.600277612240017,-0.5247049313467128,-1.1768969497889694,0.0,-0.34265212315505067,-0.9858774933686416
DS order-1.5 block Gaussian,20,7,4,19.587626521009952,-5724.583275888328,24468.931795323773,68676.78285342146,1.4926219342472973,0.31,1,0.05,0,15.21623455805644,0.14199620099066856,10.945374689400625,-0.007159513741529,4.384037685239675,0.3770516752851991,3.733117895091013,5.852369748723998,0.3376952719860838,4.438431690750159,6.808731941970649,0.0,-7.669780319230733,-1.861615082311641,-4.1383579322652,-10.0,-1.3181663383742137,-4.640267280194249,0.20207992586466525,0.10529990324238833,0.33169153100234877,0.23395119884216617,0.12697744104843148,2.7223629209087505,-1.951954975325601,2.3929169642308556,-0.7159513741529,1.4779701456944605,-0.9753730312053087,3.733117895091013,5.852369748723998,0.3376952719860838,4.438431690750159,6.808731941970649,0.0,-7.669780319230733,-1.861615082311641,-4.1383579322652,-10.0,-1.3181663383742137,-4.640267280194249,-0.4955421217860147,-1.147392913263009,0.0,-0.3490928718756491,-0.9601959723861258
DS order-1.5 block Gaussian,20,7,5,22.84128078498179,-5587.731965825091,24217.116466686264,29761.995602777064,1.3214859183064485,0.24999999999999997,1,0.05,0,15.742820397686991,0.13721783575533109,11.256607303578658,-0.0075584343972423616,4.5475578217216865,0.3947897371604593,3.6859682592351186,5.806225500700439,0.291065949196494,4.395810244545587,6.7732448837297,0.0,-7.700695966405248,-1.9027975775204484,-4.180578928077149,-10.0,-1.363577808014695,-4.683697904105959,0.20033131557723327,0.10443310134483279,0.33263091594046207,0.2368842249319704,0.12572044220550155,2.7563844135755584,-1.9861855739226892,2.4209552721216197,-0.7558434397242362,1.5145903463863,-0.9294019667949849,3.6859682592351186,5.806225500700439,0.291065949196494,4.395810244545587,6.7732448837297,0.0,-7.700695966405248,-1.9027975775204484,-4.180578928077149,-10.0,-1.363577808014695,-4.683697904105959,-0.5070609409329798,-1.158486826870756,0.0,-0.3394619953732972,-0.9729727854484489
DS order-1.5 block Gaussian,20,7,6,26.268288320978172,-5467.315518933526,24252.181915203528,39024.94124076451,1.6998655711515427,0.24999999999999997,1,0.05,0,15.965003654239993,0.13524627649218174,11.612968841161884,-0.007928386389942416,4.734732446169359,0.4134959089890956,3.6411056749325605,5.762665236265998,0.24595915095522358,4.351925517164987,6.733035964773455,0.0,-7.7352862147043595,-1.9396566626759124,-4.221376332992539,-9.993417588748011,-1.3706091849038837,-4.723423046684283,0.19613473547589744,0.10225442436798869,0.3343926960626057,0.24422940425610543,0.12298873983740274,2.770399055057417,-2.0006578921914007,2.4521224771602093,-0.7928386389942416,1.5549252194806888,-0.883107658184998,3.6411056749325605,5.762665236265998,0.24595915095522358,4.351925517164987,6.733035964773455,0.0,-7.7352862147043595,-1.9396566626759124,-4.221376332992539,-9.993417588748011,-1.3706091849038837,-4.723423046684283,-0.533514190094966,-1.184851974964597,0.0,-0.3142080740769648,-1.0002232339095158
DS order-1.5 block Gaussian,20,7,7,29.583626187988557,-5374.309649840246,24211.121937758617,41653.301280725245,1.7234164442200879,0.27999999999999997,1,0.05,0,15.995736139411768,0.13483683215906522,11.78406538432818,-0.008327411486135894,4.939727236726407,0.4334431767409303,3.5946801522760627,5.71700051284879,0.19938125319451777,4.3067630965305606,6.691094653754601,0.0,-7.763473932623868,-1.9549501322219662,-4.24416160696257,-10.0,-1.394357121254983,-4.753614163204146,0.19232244364184584,0.10023735375097677,0.33614124402455536,0.25092897978678774,0.12036997879583422,2.772322195437904,-2.003689882224605,2.4667482277131794,-0.8327411486135894,1.5973101144378443,-0.8359945715356968,3.5946801522760627,5.71700051284879,0.19938125319451777,4.3067630965305606,6.691094653754601,0.0,-7.763473932623868,-1.9549501322219662,-4.24416160696257,-10.0,-1.394357121254983,-4.753614163204146,-0.5583580833630323,-1.2099905296465243,0.0,-0.2923614907160348,-1.0269612845201581
DS order-1.5 block Gaussian,20,7,8,32.838978828978725,-5313.519815186858,24189.444106173698,64275.61207007086,1.8989865705343216,0.24999999999999997,1,0.05,0,16.07865770836514,0.1339991144845123,11.769817713010589,-0.008720532942603292,5.0,0.454323941913936,3.5481203564687314,5.670933882774444,0.15226609216489737,4.260304650944693,6.646974430773474,0.0,-7.765111074738675,-1.971603219205355,-4.273618596771143,-10.0,-1.4134526469387565,-4.747675182467557,0.18845561783092724,0.09820871753457146,0.3376707741548189,0.25787672216048074,0.11778816831920162,2.7774927844185786,-2.009922087377596,2.4655384337274953,-0.8720532942603292,1.6094379124341003,-0.7889448069363905,3.5481203564687314,5.670933882774444,0.15226609216489737,4.260304650944693,6.646974430773474,0.0,-7.765111074738675,-1.971603219205355,-4.273618596771143,-10.0,-1.4134526469387565,-4.747675182467557,-0.5832088498420216,-1.2349763951499968,0.0,-0.26958973018944066,-1.0531835523780533
DS order-1.5 block Gaussian,20,7,9,36.18883655098034,-5230.5100237772385,24504.609552250316,43816.38770567358,1.7642852312727828,0.32,1,0.05,0,16.136523196882727,0.13336664166359133,11.626430719691095,-0.00911781518473689,5.0,0.4752418384818477,3.501627209689192,5.625312859664971,0.10602782530268726,4.214007827547804,6.602469054848738,0.0,-7.771161530808625,-1.9899601994045106,-4.298553434137109,-10.0,-1.4292611117161171,-4.743047359709288,0.1851554329096605,0.09648351530425532,0.3388402143480549,0.2639104586834396,0.11561037875458968,2.7810852243257327,-2.014653239263271,2.453281016562201,-0.911781518473689,1.6094379124341003,-0.7439314708660602,3.501627209689192,5.625312859664971,0.10602782530268726,4.214007827547804,6.602469054848738,0.0,-7.771161530808625,-1.9899601994045106,-4.298553434137109,-10.0,-1.4292611117161171,-4.743047359709288,-0.6043330019403594,-1.256156484266965,0.0,-0.24991877819590258,-1.0753029183346197
DS order-1.5 block Gaussian,20,7,10,39.45535663701594,-5154.787223183655,24682.111112400227,69943.22966278013,2.6387799416895827,0.29,1,0.05,0,16.2757422987796,0.13212928617682734,11.615612224658134,-0.009534654741349305,5.0,0.496637800859673,3.4535822576378337,5.578053043534374,0.05867434137566516,4.166839533487003,6.5567453122487676,0.0,-7.783642546528556,-2.018378366230433,-4.331443496859703,-10.0,-1.438996300839326,-4.723781665888799,0.1828121800888231,0.09527218504146107,0.339543040486458,0.2682573733027941,0.11411522108046367,2.7896757968105828,-2.023974395001337,2.4523500746617675,-0.9534654741349304,1.6094379124341003,-0.6998942894742046,3.4535822576378337,5.578053043534374,0.05867434137566516,4.166839533487003,6.5567453122487676,0.0,-7.783642546528556,-2.018378366230433,-4.331443496859703,-10.0,-1.438996300839326,-4.723781665888799,-0.6191414275816723,-1.2708628143571254,0.0,-0.23565384724848473,-1.0903920658629018
DS order-1.5 block Gaussian,20,7,11,42.73224703100277,-5118.908732440874,24627.90756185834,42404.51955421573,2.507182862322668,0.31,1,0.05,0,16.276995590583844,0.13203919271870063,11.691452974502987,-0.009928303078628936,4.961241802949548,0.5,3.4063953357262853,5.5321728344961,0.011934915657416993,4.121061854455361,6.518852901786788,0.0,-7.7950342176449094,-2.0448622730846218,-4.364368639338868,-10.0,-1.4473020227828177,-4.7059767913374335,0.1809498595736493,0.09433884206734718,0.34000591277347314,0.2717527308369308,0.11295265474859961,2.7897527975107463,-2.024656485930553,2.458858059847865,-0.9928303078628936,1.6016560728990183,-0.6931471805599453,3.4063953357262853,5.5321728344961,0.011934915657416993,4.121061854455361,6.518852901786788,0.0,-7.7950342176449094,-2.0448622730846218,-4.364368639338868,-10.0,-1.4473020227828177,-4.7059767913374335,-0.6307430340103288,-1.2820700042254438,0.0,-0.22407043294043963,-1.101994261581077
DS order-1.5 block Gaussian,20,7,12,46.141414936981164,-5102.446426236159,24684.704236577873,29449.423010162016,1.9963484594493288,0.27999999999999997,1,0.05,0,16.16224065992265,0.13296694027413436,11.680006327158996,-0.01,4.877356167499608,0.5,3.3583981762287647,5.485541199164927,-0.035207012089428495,4.076598453625467,6.4842340601307145,0.0,-7.812319585905386,-2.074290798804426,-4.399779269246132,-10.0,-1.45659778300213,-4.6904143097120015,0.1784032655318118,0.09303985309499942,0.3406575185763457,0.2765787156608523,0.11132064713599076,2.7826776981794588,-2.0176547510262797,2.4578785191087524,-1.0,1.58460330410023,-0.6931471805599453,3.3583981762287647,5.485541199164927,-0.035207012089428495,4.076598453625467,6.4842340601307145,0.0,-7.812319585905386,-2.074290798804426,-4.399779269246132,-10.0,-1.45659778300213,-4.6904143097120015,-0.6468311037119885,-1.2978496989762696,0.0,-0.20838216185948125,-1.1184628783051704
DS order-1.5 block Gaussian,20,7,13,49.43305227201199,-5075.627498949661,24797.070276265888,57237.89479026879,2.3385053744624384,0.3,1,0.05,0,16.220859160438415,0.1326238862959615,11.632915115762483,-0.01,4.76732020764139,0.5,3.3088946841889717,5.437183463305223,-0.08361522899792684,4.029828144385141,6.446957563744726,0.0,-7.835104185364209,-2.10698033308484,-4.4346426190097255,-10.0,-1.4815504581456898,-4.674558747977603,0.1753005624798072,0.09141900630964085,0.3414879160490141,0.28251092214294016,0.10928159301859781,2.786298016485337,-2.020238079474679,2.4538385899596005,-1.0,1.5617843456977087,-0.6931471805599453,3.3088946841889717,5.437183463305223,-0.08361522899792684,4.029828144385141,6.446957563744726,0.0,-7.835104185364209,-2.10698033308484,-4.4346426190097255,-10.0,-1.4815504581456898,-4.674558747977603,-0.6668102928706325,-1.3178588901252184,0.0,-0.18959508117041593,-1.1393843203432117
DS order-1.5 block Gaussian,20,7,14,52.751783657004125,-5010.771112236662,25118.54426571772,28980.34665987315,1.8336093341963704,0.32999999999999996,1,0.05,0,16.32641024070917,0.13198688416546595,11.69146253510911,-0.01,4.6425763652812435,0.5,3.260253157621628,5.389442612647358,-0.13125698760391327,3.983680779108236,6.41060878730489,0.0,-7.853805211327327,-2.1362371104158426,-4.469122298062414,-10.0,-1.5028262458430308,-4.659707697455688,0.17275016148975164,0.09012770391345395,0.3419734725672141,0.2874751637309543,0.10767349829862605,2.7927840567735585,-2.0250527237153686,2.458858877590727,-1.0,1.535269463281488,-0.6931471805599453,3.260253157621628,5.389442612647358,-0.13125698760391327,3.983680779108236,6.41060878730489,0.0,-7.853805211327327,-2.1362371104158426,-4.469122298062414,-10.0,-1.5028262458430308,-4.659707697455688,-0.6828867709962902,-1.3335055714925939,0.0,-0.17359669897823418,-1.155629684229699
DS order-1.5 block Gaussian,20,7,15,56.19325573602691,-4976.685423851151,25056.6910066062,28161.551077767905,3.187938717518355,0.32,1,0.05,0,16.568694127103296,0.1303525821452337,11.735384736308168,-0.01,4.503939981658823,0.5,3.2100834923844697,5.340658131880741,-0.17997614024165268,3.935647882162105,6.376026082152622,0.0,-7.8766515575789855,-2.1631770625367963,-4.4868248998163915,-10.0,-1.524453452780713,-4.642877813790602,0.16837268130689473,0.08786745759894392,0.34268386684264296,0.2961530938974856,0.10492290035403269,2.8075150188641214,-2.0375123294759767,2.46260861413481,-1.0,1.5049525651843985,-0.6931471805599453,3.2100834923844697,5.340658131880741,-0.17997614024165268,3.935647882162105,6.376026082152622,0.0,-7.8766515575789855,-2.1631770625367963,-4.4868248998163915,-10.0,-1.524453452780713,-4.642877813790602,-0.7106284875234643,-1.3609788357281885,0.0,-0.14593182142269412,-1.1835825530556914
DS order-1.5 block Gaussian,20,7,16,59.48848453501705,-4921.439685725692,25356.986458664913,89063.87662039793,1.5626980401199149,0.29,1,0.05,0,16.753217790238256,0.12922804549046688,11.869139327531418,-0.01,4.348272307880674,0.5,3.160121210314053,5.291348829226791,-0.2294713711024107,3.886364317970364,6.3373500892014,0.0,-7.899081042371641,-2.191039684473776,-4.505729996404816,-10.0,-1.5528478776974832,-4.6257410302761715,0.16311101237401,0.0851271299535367,0.34345913583007703,0.30671811034131885,0.10158461150105728,2.8185903467008075,-2.0461766408303466,2.4739416977813913,-1.0,1.4697785956053153,-0.6931471805599453,3.160121210314053,5.291348829226791,-0.2294713711024107,3.886364317970364,6.3373500892014,0.0,-7.899081042371641,-2.191039684473776,-4.505729996404816,-10.0,-1.5528478776974832,-4.6257410302761715,-0.7446371139794272,-1.3949223548437826,0.0,-0.11313902206170645,-1.218176078411887
DS order-1.5 block Gaussian,20,7,17,62.826481026015244,-4884.836882779915,25495.557874426202,26759.04615921233,2.238234655179723,0.26999999999999996,1,0.05,0,16.873435512073907,0.12860004322096386,12.077945701990785,-0.01,4.193328377446227,0.5,3.112408223611196,5.244489027741423,-0.27661800810169124,3.839513324979455,6.300776526372951,0.0,-7.9225353839096995,-2.2171978629191043,-4.512586324002067,-10.0,-1.578190838542675,-4.609696819406378,0.1579442233713672,0.08243351047242599,0.3440718704957568,0.3172680514236056,0.09828234423684432,2.825740522065099,-2.0510481310903086,2.491381120262985,-1.0,1.433494780754415,-0.6931471805599453,3.112408223611196,5.244489027741423,-0.27661800810169124,3.839513324979455,6.300776526372951,0.0,-7.9225353839096995,-2.2171978629191043,-4.512586324002067,-10.0,-1.578190838542675,-4.609696819406378,-0.7786086073461795,-1.4288585266772533,0.0,-0.08110355675502115,-1.253006161408936
DS order-1.5 block Gaussian,20,7,18,66.23745549097657,-4838.829491464897,25735.36510616371,19200.461915662207,2.271301643405685,0.24999999999999997,1,0.05,0,17.0442070654842,0.12753736022625992,12.176061382046926,-0.01,4.025057618358668,0.5,3.0633646505091052,5.19562952331596,-0.3257723266547746,3.7902798346289455,6.2610124319791405,0.0,-7.951405054956926,-2.2481320420339976,-4.522005132710777,-10.0,-1.6115891225506995,-4.601372606504997,0.15334458163659956,0.08010837372532437,0.34381198047310785,0.3272117318592102,0.09552333230575803,2.8358103844423126,-2.059345935923606,2.4994718423391236,-1.0,1.3925392258882323,-0.6931471805599453,3.0633646505091052,5.19562952331596,-0.3257723266547746,3.7902798346289455,6.2610124319791405,0.0,-7.951405054956926,-2.2481320420339976,-4.522005132710777,-10.0,-1.6115891225506995,-4.601372606504997,-0.807407382934327,-1.4567145500575802,0.0,-0.049487480157077136,-1.2807244045744726
DS order-1.5 block Gaussian,20,7,19,69.5395430069766,-4783.8702382875,26061.923738145393,68221.264619363,1.5942793038286804,0.3,1,0.05,0,17.18884580219536,0.12657518503124754,12.169877515635008,-0.01,3.8485126887177263,0.5,3.0124150857359875,5.144875646510323,-0.37653061352045014,3.7389940409714986,6.217031680772925,0.0,-7.9661662256492525,-2.2668191154663315,-4.5435520009194486,-10.0,-1.6497238504049756,-4.5826695805094495,0.15073736682230926,0.07887439291549615,0.342877850931188,0.3333750159026913,0.0941353734283153,2.844260673580049,-2.066918799296322,2.498963842498091,-1.0,1.3476867590422048,-0.6931471805599453,3.0124150857359875,5.144875646510323,-0.37653061352045014,3.7389940409714986,6.217031680772925,0.0,-7.9661662256492525,-2.2668191154663315,-4.5435520009194486,-10.0,-1.6497238504049756,-4.5826695805094495,-0.8218352340841428,-1.469517639966788,0.0,-0.02810623380181458,-1.2926403748928517
DS order-1.5 block Gaussian,20,7,20,72.75865456601605,-4746.036506400986,26099.798289111175,27193.273251509636,2.470063066838602,0.21999999999999997,1,0.05,0,17.24726762019701,0.1262446518548525,12.244023644059011,-0.01,3.6863847559519383,0.5,2.9646820130428098,5.097028288951664,-0.4245369019524471,3.6894048704256064,6.1736700791881916,0.0,-7.967828675281457,-2.2788955179373986,-4.555116861886132,-10.0,-1.6849319352766359,-4.567454318253653,0.14827601885839206,0.0776995659147116,0.34198349809024675,0.3392309874703358,0.0928099296663138,2.8476537321017905,-2.0695335732696662,2.5050379521543995,-1.0,1.30464623685814,-0.6931471805599453,2.9646820130428098,5.097028288951664,-0.4245369019524471,3.6894048704256064,6.1736700791881916,0.0,-7.967828675281457,-2.2788955179373986,-4.555116861886132,-10.0,-1.6849319352766359,-4.567454318253653,-0.8356869555886862,-1.481912814025622,0.0,-0.008081230384630867,-1.3042088499177946
DS order-1.5 block Gaussian,20,7,21,76.18193470698316,-4692.110828980185,26464.792987038734,19818.657412320426,3.492798884248263,0.19999999999999998,1,0.05,0,17.378787928751688,0.1253612305225687,12.234208877669207,-0.01,3.536414963991396,0.5,2.9177173601796214,5.0498124755911675,-0.4730241378986341,3.637529117932442,6.126640315015651,0.0,-7.966841441461988,-2.28581084501149,-4.555831670559205,-10.0,-1.724990406038853,-4.549305380598466,0.1455512217023364,0.07635661642930769,0.3434311365968571,0.3434311365968571,0.09122988867464173,2.8552503779779332,-2.0765558650718208,2.5042360342130565,-1.0,1.2631134919599118,-0.6931471805599453,2.9177173601796214,5.0498124755911675,-0.4730241378986341,3.637529117932442,6.126640315015651,0.0,-7.966841441461988,-2.28581084501149,-4.555831670559205,-10.0,-1.724990406038853,-4.549305380598466,-0.8584585520122974,-1.5035719287619722,0.0,0.0,-1.3256040457786475
DS order-1.5 block Gaussian,20,7,22,79.40692685201066,-4654.364936547486,26746.51451904135,16000.859928292582,1.624745505374609,0.18999999999999997,1,0.05,0,17.62721122446889,0.12370975982865952,12.271895422260275,-0.01,3.379305807019059,0.5,2.8712030727358484,5.002079077194865,-0.5231300480303724,3.583722012141621,6.077441857190875,0.0,-7.952944167633586,-2.2988705858491465,-4.575308797692862,-10.0,-1.7696834555914518,-4.5427512684784865,0.14409813352716805,0.07567919122268503,0.34486210428044456,0.34486210428044456,0.09049846668925783,2.869443800373276,-2.0898171035153155,2.5073117229344413,-1.0,1.2176703058623057,-0.6931471805599453,2.8712030727358484,5.002079077194865,-0.5231300480303724,3.583722012141621,6.077441857190875,0.0,-7.952944167633586,-2.2988705858491465,-4.575308797692862,-10.0,-1.7696834555914518,-4.5427512684784865,-0.8726500890935074,-1.516641401510412,0.0,0.0,-1.3378117314908682
DS order-1.5 block Gaussian,20,7,23,82.70679021498654,-4601.305323248334,27093.178672462225,3784.751815073843,1.4127467792055979,0.21,1,0.05,0,17.70591572837149,0.12327040818694536,12.332282680416231,-0.01,3.2201129295658903,0.5,2.82324969147966,4.95397840583456,-0.5741745515694097,3.5281948830194785,6.026082293354578,0.0,-7.933390985442077,-2.3167100561545384,-4.599310437812378,-10.0,-1.8178662083686112,-4.523375717989025,0.14142982036946083,0.0743498098564431,0.3476591713319946,0.3476591713319946,0.08890202711010696,2.873898805681964,-2.0933748960999004,2.512220432273045,-1.0,1.1694164302350882,-0.6931471805599453,2.82324969147966,4.95397840583456,-0.5741745515694097,3.5281948830194785,6.026082293354578,0.0,-7.933390985442077,-2.3167100561545384,-4.599310437812378,-10.0,-1.8178662083686112,-4.523375717989025,-0.8994189822023809,-1.5424414916406546,0.0,0.0,-1.3636876627335588
DS order-1.5 block Gaussian,20,7,24,86.08921717602061,-4618.322456399746,27170.90083200353,11010.659802439335,1.360998826148154,0.18,1,0.05,0,17.853764577349207,0.12230351455029945,12.312085726739706,-0.009931399723561734,3.0595034979825457,0.5,2.7724751801204186,4.904782754934375,-0.6244067848188717,3.4792881849084254,5.982520305085529,0.0,-7.90247367066991,-2.34719451407762,-4.630608788076185,-10.0,-1.859997085072993,-4.494577691635146,0.1383388203360397,0.07303702021706412,0.3507484035662066,0.3507484035662066,0.08712735231448299,2.882214386681056,-2.1012494995776336,2.5105813593729374,-0.9931399723561734,1.1182526472381722,-0.6931471805599453,2.7724751801204186,4.904782754934375,-0.6244067848188717,3.4792881849084254,5.982520305085529,0.0,-7.90247367066991,-2.34719451407762,-4.630608788076185,-10.0,-1.859997085072993,-4.494577691635146,-0.9303632716302324,-1.5691027286215091,0.0,0.0,-1.392698299464374
DS order-1.5 block Gaussian,20,7,25,89.31863234902266,-4576.282009289712,27435.18435273043,28710.368908444245,1.495773928749244,0.16999999999999998,1,0.05,0,18.116999146291864,0.12067494298947103,12.249996417287951,-0.009976647054443254,2.8999788300350424,0.5,2.7243644653128873,4.8566943403776115,-0.6753529957379024,3.42835654358617,5.9370764242662775,0.0,-7.869496791486875,-2.3715598079665114,-4.635164859734502,-10.0,-1.8979259199780332,-4.471780405263348,0.13456156893963717,0.0712498893288273,0.3546631409600604,0.3546631409600604,0.08486225981141483,2.8968506768719355,-2.114654769866013,2.5055256445244036,-0.9976647054443253,1.064703436977867,-0.6931471805599453,2.7243644653128873,4.8566943403776115,-0.6753529957379024,3.42835654358617,5.9370764242662775,0.0,-7.869496791486875,-2.3715598079665114,-4.635164859734502,-10.0,-1.8979259199780332,-4.471780405263348,-0.9691465843479928,-1.6049751744140468,0.0,0.0,-1.4301389709847536
DS order-1.5 block Gaussian,20,7,26,92.66945609299,-4614.176256473522,27815.163128881617,19808.76811467563,1.0221390878303123,0.16999999999999998,1,0.05,0,18.23891034570764,0.12000919081666289,12.140533899065307,-0.009977688076777737,2.7643158305239517,0.5,2.679896400303095,4.8115210609278245,-0.7231092257333831,3.379332900431783,5.893408385529814,0.0,-7.8359261601992305,-2.3908615525366272,-4.635930144076455,-10.0,-1.9362976462788537,-4.447272981571899,0.13158510598358703,0.06989926836174434,0.3577068763300325,0.3577068763300325,0.08310187299460357,2.903557243043031,-2.1201869489941085,2.4965497631705293,-0.9977688076777738,1.0167931651243167,-0.6931471805599453,2.679896400303095,4.8115210609278245,-0.7231092257333831,3.379332900431783,5.893408385529814,0.0,-7.8359261601992305,-2.3908615525366272,-4.635930144076455,-10.0,-1.9362976462788537,-4.447272981571899,-1.0000600337454917,-1.6326586875581117,0.0,0.0,-1.459646629163293
DS order-1.5 block Gaussian,20,7,27,96.10428576602135,-4552.708518162538,28109.63951766837,34630.24029675624,1.0000051598701525,0.15,1,0.05,0,18.32823958686191,0.11950899882205124,11.961223634135745,-0.009943402013416642,2.636621658172849,0.5,2.6410290896818354,4.769649028471838,-0.7694927734000466,3.3303593393557605,5.85008482814655,0.0,-7.797478102226794,-2.4019397830562124,-4.644952285668915,-10.0,-1.9754664786567955,-4.423578284431623,0.12844886166265662,0.06844320447053485,0.3609952269190189,0.3609952269190189,0.08111748002877049,2.9084430172428553,-2.1243636064955522,2.4816700538355856,-0.9943402013416642,0.9694984227405395,-0.6931471805599453,2.6410290896818354,4.769649028471838,-0.7694927734000466,3.3303593393557605,5.85008482814655,0.0,-7.797478102226794,-2.4019397830562124,-4.644952285668915,-10.0,-1.9754664786567955,-4.423578284431623,-1.0333338750025338,-1.6628604668832305,0.0,0.0,-1.4929662617882367
DS order-1.5 block Gaussian,20,7,28,99.31034239602741,-4598.474649764838,28222.305315231704,16600.895560865407,1.0001402097850405,0.12999999999999998,1,0.05,0,18.290535277342432,0.11984950303140122,11.85046712748591,-0.009892544155982872,2.531257963788143,0.5,2.6085516781468154,4.732616473724368,-0.8121499000917751,3.2836345562055635,5.808471494762483,0.0,-7.757569525153792,-2.409054237402353,-4.653228215520551,-10.0,-2.0127506167178457,-4.4007307483608615,0.126259913966453,0.06748484612119439,0.3632500688269858,0.3632500688269858,0.07975510225838103,2.906383728094947,-2.121518464698566,2.472367286845196,-0.9892544155982872,0.9287163980556714,-0.6931471805599453,2.6085516781468154,4.732616473724368,-0.8121499000917751,3.2836345562055635,5.808471494762483,0.0,-7.757569525153792,-2.409054237402353,-4.653228215520551,-10.0,-2.0127506167178457,-4.4007307483608615,-1.056748900386521,-1.683188421159976,0.0,0.0,-1.5161307741459467
DS order-1.5 block Gaussian,20,7,29,102.66654683201341,-4697.570671407426,28473.36942925102,26480.296345998464,1.027464179312006,0.12999999999999998,1,0.05,0,18.187428294651806,0.12058277156925551,11.680630470670934,-0.009821941619795977,2.4563778115623034,0.5,2.5876695285223303,4.700140985636253,-0.8526344153827717,3.2378907958465213,5.766952956188895,0.0,-7.71165655848444,-2.40428946153082,-4.661221898396276,-10.0,-2.0382140940046716,-4.368466646426415,0.123658640764621,0.0662531806465572,0.36598179759843924,0.36598179759843924,0.07812458339194325,2.9007306023618393,-2.1154188608702613,2.4579319545966194,-0.9821941619795977,0.8986878305232984,-0.6931471805599453,2.5876695285223303,4.700140985636253,-0.8526344153827717,3.2378907958465213,5.766952956188895,0.0,-7.71165655848444,-2.40428946153082,-4.661221898396276,-10.0,-2.0382140940046716,-4.368466646426415,-1.0850587264712201,-1.7091001253537712,0.0,0.0,-1.5442788233678042
DS order-1.5 block Gaussian,20,7,30,106.14836812100839,-4534.71160958235,28777.68175694793,22953.748809397526,1.0392578643674824,0.09999999999999998,1,0.05,0,17.998929010081337,0.12188182798295333,11.590294343260812,-0.009644535894569737,2.3860193962264864,0.5,2.572811273128512,4.672122484615192,-0.890991376112614,3.1917150096547102,5.724430399302159,0.0,-7.662557841114575,-2.390395390748958,-4.670576656308093,-10.0,-2.061819419429983,-4.334734753396964,0.12120824078636178,0.0650940765575074,0.36856673164112796,0.36856673164112796,0.076564219373875,2.890312256686077,-2.1047033267579236,2.4501680533415877,-0.9644535894569737,0.8696264528239428,-0.6931471805599453,2.572811273128512,4.672122484615192,-0.890991376112614,3.1917150096547102,5.724430399302159,0.0,-7.662557841114575,-2.390395390748958,-4.670576656308093,-10.0,-2.061819419429983,-4.334734753396964,-1.112111720559218,-1.733788229995155,0.0,0.0,-1.5714919275547545
DS order-1.5 block Gaussian,20,7,31,109.41425799299031,-4499.571607123301,28941.538164029716,12588.91092974312,1.014340572555135,0.11999999999999998,1,0.05,0,17.77212559921939,0.12346668863129608,11.582683016344657,-0.009385253146317362,2.332547634576758,0.5,2.565581328765312,4.648491447323315,-0.9269842662674289,3.1452842289142335,5.681126985665112,0.0,-7.610285602741779,-2.3685986709835514,-4.67511337758003,-10.0,-2.088061355607954,-4.29650206839589,0.11853729677643443,0.06374433509169193,0.3714616910319891,0.3714616910319891,0.07479498606789554,2.877631252301637,-2.091783886978972,2.449511139292801,-0.9385253146317363,0.8469610756430554,-0.6931471805599453,2.565581328765312,4.648491447323315,-0.9269842662674289,3.1452842289142335,5.681126985665112,0.0,-7.610285602741779,-2.3685986709835514,-4.67511337758003,-10.0,-2.088061355607954,-4.29650206839589,-1.142218087357946,-1.7625654203587209,0.0,0.0,-1.6026948875861886
DS order-1.5 block Gaussian,20,7,32,112.72138236399041,-4522.260499198056,29221.067519496406,16771.30049546692,1.0003889124918859,0.13999999999999999,1,0.05,0,17.61022834029979,0.1246493608233793,11.589171416506979,-0.009068933725599356,2.28830340899643,0.5,2.5649102790712535,4.629278050992414,-0.9613971979569098,3.097481751942392,5.636626963634986,0.005369937984414349,-7.554588091645572,-2.3379815695896853,-4.678189135095133,-10.0,-2.1241978919126523,-4.258924284390946,0.11593277725274784,0.062372822315728875,0.37435164827994294,0.37435164827994294,0.0729911038716374,2.868479888937383,-2.082250596796441,2.4500711635541914,-0.9068933725599356,0.8278106735528893,-0.6931471805599453,2.5649102790712535,4.629278050992414,-0.9613971979569098,3.097481751942392,5.636626963634986,0.005369937984414349,-7.554588091645572,-2.3379815695896853,-4.678189135095133,-10.0,-2.1241978919126523,-4.258924284390946,-1.172185075026349,-1.792065951023795,0.0,0.0,-1.634858022761941
DS order-1.5 block Gaussian,20,7,33,116.17767089197878,-4665.261215590452,29228.621946398594,17627.61126768865,1.0000003356342648,0.08999999999999998,1,0.05,0,17.532785048727227,0.12527192714434313,11.622376525657486,-0.0087266341938679,2.258470290410239,0.5,2.5717408294893773,4.615047797161941,-0.9940404182246793,3.049210029293497,5.591730521586767,0.019831164734972852,-7.495947342559902,-2.2996413458363,-4.680015132122838,-10.0,-2.166123372351951,-4.2200967116966925,0.11390168789469357,0.061316538629497576,0.3766207095975828,0.3766207095975828,0.07154035428064338,2.864072559601468,-2.077268487318902,2.4529322507926783,-0.87266341938679,0.814687721458915,-0.6931471805599453,2.5717408294893773,4.615047797161941,-0.9940404182246793,3.049210029293497,5.591730521586767,0.019831164734972852,-7.495947342559902,-2.2996413458363,-4.680015132122838,-10.0,-2.166123372351951,-4.2200967116966925,-1.1959029162401968,-1.8151890009260119,0.0,0.0,-1.6609769196543598
DS order-1.5 block Gaussian,20,7,34,119.46297587401932,-4454.678021010055,29329.89238619149,64910.056013959074,1.0000000000002327,0.11999999999999998,1,0.05,0,17.53327180339123,0.12534502501369366,11.69030513353158,-0.008355177206823229,2.24156262015668,0.5,2.5844546412687994,4.604272509512059,-1.025277017367009,3.0006033947708817,5.546466623955057,0.04128627960896207,-7.434904154465039,-2.2561769755385845,-4.679070034732454,-10.0,-2.212514573642488,-4.178389538023544,0.11301983672315513,0.06091230009676648,0.37759688831550137,0.37759688831550137,0.07087408654907562,2.8641003217571095,-2.0766851439273717,2.458759877241833,-0.8355177206823229,0.8071732209425989,-0.6931471805599453,2.5844546412687994,4.604272509512059,-1.025277017367009,3.0006033947708817,5.546466623955057,0.04128627960896207,-7.434904154465039,-2.2561769755385845,-4.679070034732454,-10.0,-2.212514573642488,-4.178389538023544,-1.206263844018994,-1.8243920671929745,0.0,0.0,-1.6729223197791123
DS order-1.5 block Gaussian,20,7,35,122.78498306899564,-4600.396633946685,29523.045548214464,9608.647039153675,1.0006697395243263,0.13999999999999999,1,0.05,0,17.565846319311028,0.12519272696469444,11.79598791986708,-0.007964219332170914,2.234262035302323,0.5,2.6011818554522033,4.5961306417977275,-1.055009051067196,2.9524365976331297,5.501553177921295,0.0674307067785155,-7.372421460401957,-2.2096500513376593,-4.675962248760585,-10.0,-2.2615559892757093,-4.135351660718861,0.11298897345856593,0.060981961844210945,0.3777178067891299,0.3775351336503663,0.07077612425772692,2.8659564666983166,-2.0779009133398123,2.4677594668652794,-0.7964219332170913,0.8039109879952232,-0.6931471805599453,2.6011818554522033,4.5961306417977275,-1.055009051067196,2.9524365976331297,5.501553177921295,0.0674307067785155,-7.372421460401957,-2.2096500513376593,-4.675962248760585,-10.0,-2.2615559892757093,-4.135351660718861,-1.2068571399933703,-1.8235692609604968,0.0,-0.0004837403008840057,-1.674625658104462
DS order-1.5 block Gaussian,20,7,36,126.2615791989956,-4493.992406253279,29617.02652398584,26567.85559317418,1.0011202924631095,0.08999999999999998,1,0.05,0,17.61711968246502,0.12491098241981569,11.914871299782826,-0.007547808433245323,2.237296818997301,0.5,2.622786644319676,4.591074373178292,-1.0833179315898172,2.9039990329165883,5.456185942019695,0.09921733263159205,-7.3081477823706384,-2.159935331408598,-4.670103322447457,-10.0,-2.3132395505224346,-4.087974631672837,0.11495000302242898,0.06213947567120096,0.37366452575097553,0.37728015731420184,0.07196583824119268,2.868871138500006,-2.0801539360139074,2.477787308963441,-0.7547808433245323,0.8052683598916099,-0.6931471805599453,2.622786644319676,4.591074373178292,-1.0833179315898172,2.9039990329165883,5.456185942019695,0.09921733263159205,-7.3081477823706384,-2.159935331408598,-4.670103322447457,-10.0,-2.3132395505224346,-4.087974631672837,-1.1884907568156704,-1.803606568251856,-0.009629629410641166,0.0,-1.6567964967705244
DS order-1.5 block Gaussian,20,7,37,129.53866112802643,-4526.461555550788,29479.18255060366,10826.644304700865,1.0000030132195734,0.10999999999999999,1,0.05,0,17.674141908320784,0.12459091832658732,12.056479284462101,-0.007113484981081385,2.2496625915840225,0.5,2.6483729499316864,4.588764591160424,-1.1102441857065553,2.855626769568101,5.410754914108318,0.1359889051293846,-7.242453140448037,-2.107695292033468,-4.661627161054914,-10.0,-2.3672044261861487,-4.03721302446555,0.11843611131242927,0.06412510862980578,0.36691940708711107,0.3763951868731013,0.07412418609755259,2.872102662277157,-2.0827195619096432,2.4896022153832034,-0.7113484981081385,0.8107802456753193,-0.6931471805599453,2.6483729499316864,4.588764591160424,-1.1102441857065553,2.855626769568101,5.410754914108318,0.1359889051293846,-7.242453140448037,-2.107695292033468,-4.661627161054914,-10.0,-2.3672044261861487,-4.03721302446555,-1.1562659502220838,-1.769803622841972,-0.02549739564207939,0.0,-1.6248977432401202
DS order-1.5 block Gaussian,20,7,38,132.84851080999942,-4448.574491209624,29604.9774864784,37300.026110148196,1.0000000092116181,0.10999999999999999,1,0.05,0,17.757297676476277,0.12408662162446386,12.211996500224462,-0.006639196691617635,2.273195380023978,0.5,2.6772601553725535,4.588668751723984,-1.1358505559561614,2.8077272621585236,5.365622898592835,0.17816873591656834,-7.1752919618917685,-2.052583494310006,-4.649450674392026,-10.0,-2.4209425846560895,-3.9818660839863975,0.12299153462438867,0.06669169071422483,0.35849478333422335,0.3748619685408019,0.07696002278636123,2.8767965681307777,-2.086775395769994,2.50241878828763,-0.6639196691617635,0.8211864980720467,-0.6931471805599453,2.6772601553725535,4.588668751723984,-1.1358505559561614,2.8077272621585236,5.365622898592835,0.17816873591656834,-7.1752919618917685,-2.052583494310006,-4.649450674392026,-10.0,-2.4209425846560895,-3.9818660839863975,-1.1144423455077503,-1.7264775061566215,-0.04464376575488199,0.0,-1.5832717718817277
DS order-1.5 block Gaussian,20,7,39,136.28321563598,-4427.660030508878,29619.27799162574,18524.835035663928,1.0000000327561627,0.11999999999999998,1,0.05,0,17.843726697042,0.1235614117224546,12.384817013369094,-0.006134492921482854,2.3056880073058985,0.5,2.708585833380689,4.590416413301084,-1.160146452504614,2.76056429930543,5.321116699138451,0.22454233672145668,-7.107196888719759,-1.9954489288021642,-4.634165024230131,-10.0,-2.4743677026642006,-3.923280869036315,0.12831279823077169,0.06967947780314389,0.3488644015244979,0.37285818150307953,0.08028514093850692,2.881652000910324,-2.0910169855967777,2.5164712879729967,-0.6134492921482854,0.835379116642316,-0.6931471805599453,2.708585833380689,4.590416413301084,-1.160146452504614,2.76056429930543,5.321116699138451,0.22454233672145668,-7.107196888719759,-1.9954489288021642,-4.634165024230131,-10.0,-2.4743677026642006,-3.923280869036315,-1.066727117868081,-1.6772922985961765,-0.06651482450833464,0.0,-1.535613577420434
DS order-1.5 block Gaussian,20,7,40,139.6080316019943,-4413.118570045763,29634.573771769243,16198.63255713695,1.0003220668482447,0.11999999999999998,1,0.05,0,17.93857584502936,0.122972440494302,12.560082661901102,-0.005605650307642845,2.3450976007753064,0.5,2.741999575300528,4.593834146642856,-1.183173439443854,2.7142511506166858,5.277426883013116,0.2748194944820913,-7.038372036028084,-1.9366445750998744,-4.616573390570166,-10.0,-2.527110939231353,-3.8619256987544603,0.13417731501905994,0.07297004859366665,0.3384521754242631,0.3704416836350377,0.08395877732797252,2.8869534691445056,-2.0957950097370754,2.5305237423799483,-0.5605650307642844,0.8523270218318255,-0.6931471805599453,2.741999575300528,4.593834146642856,-1.183173439443854,2.7142511506166858,5.277426883013116,0.2748194944820913,-7.038372036028084,-1.9366445750998744,-4.616573390570166,-10.0,-2.527110939231353,-3.8619256987544603,-1.015533861609054,-1.6246469695342418,-0.0903132347089382,0.0,-1.4843701009594163
DS order-1.5 block Gaussian,20,7,41,142.83411273400998,-4401.815974173481,29631.729411299577,40314.78837308946,1.0000000000003215,0.13999999999999999,1,0.05,0,18.030727314953143,0.12239691493414948,12.74551354433313,-0.005054867103561318,2.390474488011047,0.5,2.7771828771907043,4.598572971166977,-1.2050819941964495,2.668917952667421,5.234702415528711,0.32868521481335067,-6.9690168786921385,-1.8768143745023096,-4.597719272576077,-10.0,-2.5779217511609995,-3.798263677409668,0.14059645014100616,0.07656901997898104,0.3274848516387627,0.36736417431463453,0.08798550392661555,2.892077375555986,-2.100486114007918,2.5451793308047037,-0.5054867103561318,0.871491876787393,-0.6931471805599453,2.7771828771907043,4.598572971166977,-1.2050819941964495,2.668917952667421,5.234702415528711,0.32868521481335067,-6.9690168786921385,-1.8768143745023096,-4.597719272576077,-10.0,-2.5779217511609995,-3.798263677409668,-0.9604599255070557,-1.5681611006122589,-0.11491185716722797,0.0,-1.4291815838322308
DS order-1.5 block Gaussian,20,7,42,146.20167379302438,-4362.897987133665,29778.21180672136,27983.745019996484,1.0000899786638175,0.13999999999999999,1,0.05,0,18.13044369888688,0.121764917072073,12.930423502161876,-0.0044909367420779825,2.441443174101022,0.5,2.8135686320504063,4.604322606942972,-1.225916037601709,2.624724870781092,5.19312263167212,0.38534834056433526,-6.899511697550073,-1.8165767172892338,-4.577371363207586,-10.0,-2.626804262543431,-3.732846300261167,0.14747342743753908,0.08042304908444127,0.31618994368329395,0.3636104740970521,0.0923031056976735,2.8975924976546583,-2.1056630023721135,2.5595829457015116,-0.4490936742077983,0.8925893292542494,-0.6931471805599453,2.8135686320504063,4.604322606942972,-1.225916037601709,2.624724870781092,5.19312263167212,0.38534834056433526,-6.899511697550073,-1.8165767172892338,-4.577371363207586,-10.0,-2.626804262543431,-3.732846300261167,-0.9024351619514351,-1.508782353281219,-0.13974004792450048,0.0,-1.3710053797311303
DS order-1.5 block Gaussian,20,7,43,149.50498804700328,-4346.715047892174,29603.16702346112,22668.2081571695,1.0000396224527,0.12999999999999998,1,0.05,0,18.23261066941785,0.1211100789692598,13.10403262046858,-0.003917799229065733,2.497473522881657,0.5,2.8507946474846455,4.611029709817561,-1.245651637518473,2.5817315801051346,5.152805199312679,0.44441702146066125,-6.830113316486401,-1.7558939227503574,-4.555092811026271,-10.0,-2.6739627428318884,-3.666009553151866,0.15468743384623126,0.084467776495408,0.30472511405127617,0.3592828038707495,0.09683687173633505,2.90321178575597,-2.1110554034036486,2.572920016459613,-0.39177992290657326,0.9152796300355898,-0.6931471805599453,2.8507946474846455,4.611029709817561,-1.245651637518473,2.5817315801051346,5.152805199312679,0.44441702146066125,-6.830113316486401,-1.7558939227503574,-4.555092811026271,-10.0,-2.6739627428318884,-3.666009553151866,-0.8427033077849758,-1.4477397145034754,-0.16469972806926403,0.0,-1.3110820047639513
DS order-1.5 block Gaussian,20,7,44,152.8061896720319,-4346.725475073279,29441.952814183656,7318.335610796914,1.0007170211881096,0.15999999999999998,1,0.05,0,18.337958604387204,0.1204304913431935,13.257367706365846,-0.003339650174846638,2.557731432126104,0.5,2.8884969538884278,4.618357021432549,-1.264395123930927,2.539986774066045,5.1138413138624355,0.5055936299011593,-6.760978480859445,-1.6955567623671532,-4.532025837618817,-10.0,-2.719201883984701,-3.5979551084170156,0.16222519901919577,0.08869595126363673,0.2932111365314497,0.35429030550024593,0.10157740768547198,2.9089731522572477,-2.1166825278111254,2.584553451202505,-0.3339650174846638,0.9391207062944403,-0.6931471805599453,2.8884969538884278,4.618357021432549,-1.264395123930927,2.539986774066045,5.1138413138624355,0.5055936299011593,-6.760978480859445,-1.6955567623671532,-4.532025837618817,-10.0,-2.719201883984701,-3.5979551084170156,-0.7811311617768897,-1.3849024060995725,-0.18922369708885622,0.0,-1.2492955039759415
DS order-1.5 block Gaussian,20,7,45,156.2075336180278,-4375.65166253181,29390.261540867446,7724.947051157671,1.000041665010495,0.15999999999999998,1,0.05,0,18.459750542341425,0.11964515100139095,13.394452438789711,-0.002757014665680678,2.624290523087947,0.5,2.9264029002246295,4.625926449999573,-1.282184109159312,2.499383981235745,5.076399923862927,0.5696885843887444,-6.691612668214252,-1.634698189942856,-4.50329972178632,-10.0,-2.7626017998961836,-3.528166853527058,0.1700211007559391,0.0930725845361226,0.28171475354828435,0.34870401759560155,0.10648754356405249,2.9155927155674415,-2.1232249919730806,2.5948406241311592,-0.2757014665680678,0.9648105825933206,-0.6931471805599453,2.9264029002246295,4.625926449999573,-1.282184109159312,2.499383981235745,5.076399923862927,0.5696885843887444,-6.691612668214252,-1.634698189942856,-4.50329972178632,-10.0,-2.7626017998961836,-3.528166853527058,-0.7183009238129563,-1.3208438076334337,-0.21332842848022718,0.0,-1.18619545878544
DS order-1.5 block Gaussian,20,7,46,159.42102802498266,-4306.06754620595,29510.72518022968,2071.9290385236986,1.000001429511879,0.16999999999999998,1,0.05,0,18.604330406729016,0.11870967809547676,13.51059083927035,-0.002169130878178668,2.6953526163408377,0.5,2.96375341778472,4.6330366873518045,-1.29933918940575,2.4598792393064275,5.040554025761235,0.6365412437432371,-6.621859533343491,-1.5739138091362146,-4.469699513463434,-10.0,-2.8028489512166916,-3.4563389543381606,0.178064820569203,0.09758649186927144,0.27034811181727514,0.342443671858255,0.11155690388599541,2.923394371187428,-2.1310744466087144,2.6034738844925367,-0.21691308781786678,0.9915290367448277,-0.6931471805599453,2.96375341778472,4.6330366873518045,-1.29933918940575,2.4598792393064275,5.040554025761235,0.6365412437432371,-6.621859533343491,-1.5739138091362146,-4.469699513463434,-10.0,-2.8028489512166916,-3.4563389543381606,-0.6539595379463612,-1.25536810158755,-0.23639675086135897,0.0,-1.1215723729793832
DS order-1.5 block Gaussian,20,7,47,162.74848771700636,-4305.425377339174,29301.563988860384,5124.267369049618,1.0000393723070562,0.15,1,0.05,0,18.7712045391743,0.11762443482716031,13.600671688597995,-0.0016153053431430821,2.773392936753208,0.5,2.9994755620578073,4.637486445103289,-1.3167753155588928,2.421475001964881,5.007343474645483,0.7058991770867007,-6.550886684938522,-1.5162025432775845,-4.430799525879741,-10.0,-2.833477149157015,-3.383615017300902,0.18576181575002698,0.10190287203901519,0.25934308387377075,0.3365873388380194,0.1164048894991678,2.9323240221767937,-2.1402584859581872,2.610119180389916,-0.16153053431430822,1.0200714575518093,-0.6931471805599453,2.9994755620578073,4.637486445103289,-1.3167753155588928,2.421475001964881,5.007343474645483,0.7058991770867007,-6.550886684938522,-1.5162025432775845,-4.430799525879741,-10.0,-2.833477149157015,-3.383615017300902,-0.5943923735776816,-1.1948375414799657,-0.26070583290048444,0.0,-1.0617831257672323
DS order-1.5 block Gaussian,20,7,48,166.15949557197746,-4334.0735559685,29237.512574902117,11504.727860763696,1.0000007247130454,0.18,1,0.05,0,18.966358279856916,0.11635193220681549,13.672234553456525,-0.0010927407664080289,2.856483963130402,0.5,3.0336322954685864,4.639001730405099,-1.3346354006359458,2.384178943340326,4.976837067314757,0.7775807404445949,-6.4787851852481495,-1.4631142188857484,-4.387917512506076,-10.0,-2.855751499802174,-3.309321822599843,0.19299536200294823,0.10596241302468014,0.24876865331687326,0.3313129038734177,0.12096066778208064,2.9426667929219854,-2.151135782523293,2.615367101419242,-0.10927407664080288,1.0495914849990737,-0.6931471805599453,3.0336322954685864,4.639001730405099,-1.3346354006359458,2.384178943340326,4.976837067314757,0.7775807404445949,-6.4787851852481495,-1.4631142188857484,-4.387917512506076,-10.0,-2.855751499802174,-3.309321822599843,-0.5403971002144586,-1.1399788206358663,-0.28653989632202337,0.0,-1.0075978246566117
DS order-1.5 block Gaussian,20,7,49,169.39542211499065,-4303.777212845202,29106.073276157793,3432.7458932474174,1.006016680937319,0.18,1,0.05,0,19.180121519906024,0.1149707744103359,13.73441858593744,-0.0006087482462417334,2.945645708870062,0.5,3.0664789687176457,4.637716187361445,-1.3528878361577186,2.3482167837870693,4.949329796205045,0.8514327527741832,-6.405820917477798,-1.4148115516350803,-4.3416518079793045,-10.0,-2.8702818273924957,-3.233365926817438,0.19976381821389627,0.10976268053776338,0.23868143136204414,0.3265702427315885,0.12522182715470767,2.953874405196745,-2.1630773184790977,2.6199049878130705,-0.06087482462417334,1.080328049053513,-0.6931471805599453,3.0664789687176457,4.637716187361445,-1.3528878361577186,2.3482167837870693,4.949329796205045,0.8514327527741832,-6.405820917477798,-1.4148115516350803,-4.3416518079793045,-10.0,-2.8702818273924957,-3.233365926817438,-0.4915093043171008,-1.090324478623801,-0.3135153244843649,0.0,-0.9585582823450068
DS order-1.5 block Gaussian,20,7,50,172.7309246120276,-4250.610536757385,28920.172429742484,11561.635025769387,1.0000178953745344,0.21999999999999997,1,0.05,0,19.41501176947036,0.11346089468335298,13.794199553306369,-0.00016205641202002137,3.033370770925968,0.5,3.095796766982298,4.632183378522327,-1.3719604147537228,2.313754573315682,4.925405970186382,0.9271707781223689,-6.332084466694953,-1.3720529516712192,-4.290949396298238,-10.0,-2.879373950978779,-3.1559235292576346,0.20626394119277525,0.11342694279653066,0.22906725812908899,0.3219297165204828,0.12931214136112226,2.9660465693884617,-2.1762970416630787,2.624248181578836,-0.016205641202002137,1.109674466842038,-0.6931471805599453,3.095796766982298,4.632183378522327,-1.3719604147537228,2.313754573315682,4.925405970186382,0.9271707781223689,-6.332084466694953,-1.3720529516712192,-4.290949396298238,-10.0,-2.879373950978779,-3.1559235292576346,-0.44517663345177755,-1.0431742961724018,-0.34031758599190953,0.0,-0.9121040679700081
DS order-1.5 block Gaussian,20,7,51,176.14672657998744,-4318.648214732237,28907.038568464326,11323.24806613309,1.0000080339447466,0.24,1,0.05,0,19.65907271700032,0.1119028122821113,13.856839135487224,0.0,3.1214800646005783,0.5,3.1219595763976185,4.623011500378682,-1.391604129296249,2.280924519407974,4.905047854053003,1.0045386130952134,-6.257820280659244,-1.3336047172145686,-4.236763313005104,-10.0,-2.882977468951475,-3.0772224886026476,0.21246752395956245,0.11693607531975236,0.21994128377341024,0.3174420647566486,0.13321305219062632,2.9785389476351716,-2.1901245318789795,2.6287789111502424,0.0,1.138307269018595,-0.6931471805599453,3.1219595763976185,4.623011500378682,-1.391604129296249,2.280924519407974,4.905047854053003,1.0045386130952134,-6.257820280659244,-1.3336047172145686,-4.236763313005104,-10.0,-2.882977468951475,-3.0772224886026476,-0.4015061802156499,-0.9986679077773937,-0.36693470968375375,0.0,-0.8683455857503233
DS order-1.5 block Gaussian,20,7,52,179.4024108860176,-4274.122383750129,28750.670263916632,3186.5489856155386,1.000002131670471,0.24,1,0.05,0,19.90872023800884,0.11032056953069808,13.928812316212015,0.0,3.209534560626766,0.5,3.1449421791799024,4.610420157837702,-1.4117401073075733,2.2497837270744734,4.8881706125222815,1.083232212132198,-6.183293871833824,-1.3000197675881118,-4.180066089161857,-10.0,-2.881298164995119,-2.997460569225039,0.21837885373111615,0.12028905375929194,0.2113065347696542,0.313099639881118,0.13692591785881975,2.9911578386626054,-2.204364882976895,2.633959523296213,0.0,1.1661259299394073,-0.6931471805599453,3.1449421791799024,4.610420157837702,-1.4117401073075733,2.2497837270744734,4.8881706125222815,1.083232212132198,-6.183293871833824,-1.3000197675881118,-4.180066089161857,-10.0,-2.881298164995119,-2.997460569225039,-0.36029006255203694,-0.956623850513504,-0.3932116275148437,0.0,-0.8270814441431472
DS order-1.5 block Gaussian,20,7,53,182.75381363299675,-4251.0059060154235,28648.318574455185,4143.223055254356,1.000269546290391,0.21999999999999997,1,0.05,0,20.150696158736423,0.10878903277641926,14.008209397864,0.0,3.2937367279866403,0.5,3.1642396939680335,4.5942291420643295,-1.4323064057060404,2.2203253593605936,4.874843313236124,1.1631401223724387,-6.108158860088594,-1.267529208797433,-4.118896923295369,-10.0,-2.874469235268343,-2.9166017866623073,0.22418609571796863,0.12361948584354063,0.2031481078112708,0.30848609936141713,0.1405602112658028,3.0032388366165614,-2.2183447513284493,2.639643543320139,0.0,1.1920227038456457,-0.6931471805599453,3.1642396939680335,4.5942291420643295,-1.4323064057060404,2.2203253593605936,4.874843313236124,1.1631401223724387,-6.108158860088594,-1.267529208797433,-4.118896923295369,-10.0,-2.874469235268343,-2.9166017866623073,-0.31920029213434076,-0.9144685984806314,-0.41774147538815015,0.0,-0.7860408366271664
DS order-1.5 block Gaussian,20,7,54,186.17447822302347,-4229.07152773141,28545.450976291122,6247.940458950732,1.000088300679864,0.24,1,0.05,0,20.382662893867234,0.10731344686253771,14.08711404636636,0.0,3.3728065771366027,0.5,3.178295085929033,4.57376101504171,-1.4532067509192363,2.193032629163079,4.865339168321426,1.2441283321497918,-6.032812624280342,-1.2388423446846277,-4.053526641607887,-10.0,-2.862300811111218,-2.834734963872786,0.23000646011606268,0.12700008329680526,0.19543374794137588,0.3033723277882988,0.14418738085745744,3.014684681372239,-2.232001316950088,2.645260482104443,0.0,1.215745209975311,-0.6931471805599453,3.178295085929033,4.57376101504171,-1.4532067509192363,2.193032629163079,4.865339168321426,1.2441283321497918,-6.032812624280342,-1.2388423446846277,-4.053526641607887,-10.0,-2.862300811111218,-2.834734963872786,-0.2768534597388838,-0.8707731133900435,-0.43973941894827817,0.0,-0.7438471460979975
DS order-1.5 block Gaussian,20,7,55,189.43718248099321,-4237.7893884557225,28319.962310083843,3847.178659476612,1.0005957311006475,0.21999999999999997,1,0.05,0,20.615447398937363,0.10583944986821242,14.16754203880127,0.0,3.445963920890061,0.5,3.1877260154112226,4.549854048639714,-1.474186280780457,2.1678198048691444,4.859339889635545,1.325929748848354,-5.95708655824375,-1.2103716924563483,-3.9842204287748677,-9.997351756421264,-2.8456977646646506,-2.752050217449278,0.23589707646901562,0.13045946620345153,0.18814621677450008,0.29766120407833463,0.14783603647469815,3.026040668515525,-2.2458319569571574,2.650953576327485,0.0,1.237203668198944,-0.6931471805599453,3.1877260154112226,4.549854048639714,-1.474186280780457,2.1678198048691444,4.859339889635545,1.325929748848354,-5.95708655824375,-1.2103716924563483,-3.9842204287748677,-9.997351756421264,-2.8456977646646506,-2.752050217449278,-0.23256034743705414,-0.8248933659689968,-0.4587365313388131,0.0,-0.6998521427051035
DS order-1.5 block Gaussian,20,7,56,192.78487888799282,-4200.637630826943,28477.544732456437,4969.471202011891,1.0028362635097705,0.22999999999999998,1,0.05,0,20.844810930809047,0.10439110446536609,14.24280578222342,0.0,3.5148658192952382,0.5,3.1926591738304744,4.522736020871206,-1.4953394332880443,2.145186327513307,4.858035298108638,1.4086350664759362,-5.880929286783341,-1.1827748580692583,-3.9118493258634235,-9.987069344426262,-2.822254775521691,-2.668552295754653,0.24172374617120684,0.1339133160291565,0.18125432349970372,0.29167949921002856,0.15142911508990445,3.037105041049795,-2.259610813434299,2.6562519218434293,0.0,1.257001350791528,-0.6931471805599453,3.1926591738304744,4.522736020871206,-1.4953394332880443,2.145186327513307,4.858035298108638,1.4086350664759362,-5.880929286783341,-1.1827748580692583,-3.9118493258634235,-9.987069344426262,-2.822254775521691,-2.668552295754653,-0.18786006466205962,-0.7784628986941174,-0.47575444677142287,0.0,-0.6555379657524739
DS order-1.5 block Gaussian,20,7,57,196.20050975802587,-4246.470019512818,28085.020334446395,8117.297995463252,1.000026013322783,0.26999999999999996,1,0.05,0,21.06655967779292,0.1029874539985862,14.319322694889905,-2.9564857598590453e-05,3.5760882825200833,0.5,3.1929799042403224,4.492664556450252,-1.5165905640088773,2.1249884557558407,4.861152031922063,1.4920676765738745,-5.804628052456693,-1.1556888831794667,-3.8367787780653173,-9.969447800434546,-2.7921711687469286,-2.5843930258779486,0.2475604272326115,0.1374078848145261,0.17473598860724912,0.28528929582760976,0.15500640351800354,3.047686933886027,-2.273148104010404,2.6616098625710376,-0.0029564857598590455,1.2742695445121524,-0.6931471805599453,3.1929799042403224,4.492664556450252,-1.5165905640088773,2.1249884557558407,4.861152031922063,1.4920676765738745,-5.804628052456693,-1.1556888831794667,-3.8367787780653173,-9.969447800434546,-2.7921711687469286,-2.5843930258779486,-0.14184903586600234,-0.7305499745271286,-0.4902275402540959,0.0,-0.6100373094244093
DS order-1.5 block Gaussian,20,7,58,199.83095979201607,-4165.605079510328,27981.303695891384,8980.931309611118,1.0000007305183538,0.24,1,0.05,0,21.273774266739892,0.1016611388868528,14.401544548339196,-0.00013063160262896415,3.631805375731521,0.5,3.189172831888909,4.460067942917706,-1.5377358530303633,2.107286631582665,4.868501418925933,1.5760059186343134,-5.72844870228205,-1.1292297519575836,-3.75951949381353,-9.943870798580868,-2.755414181254258,-2.4997968128250445,0.25340079456549974,0.14094059448611435,0.16856061323985855,0.278533126851363,0.15856487085716445,3.057475059015441,-2.286110164125751,2.667335461131313,-0.013063160262896415,1.289729873326263,-0.6931471805599453,3.189172831888909,4.460067942917706,-1.5377358530303633,2.107286631582665,4.868501418925933,1.5760059186343134,-5.72844870228205,-1.1292297519575836,-3.75951949381353,-9.943870798580868,-2.755414181254258,-2.4997968128250445,-0.0945645961955978,-0.681198513796865,-0.502241592095785,0.0,-0.5633732102542119
DS order-1.5 block Gaussian,20,7,59,203.09644425398437,-4139.734689244667,28060.80219167303,6865.507102773548,1.0018311466303005,0.26999999999999996,1,0.05,0,21.460320134786723,0.10043645364174929,14.493377525430287,-0.0002908761632002425,3.68152251314103,0.5,3.1816699414027947,4.425380571423641,-1.5586427308383874,2.0919367766859613,4.879697367655288,1.6602209388510043,-5.652536308504723,-1.103225774652008,-3.6805520320632734,-9.911255244571654,-2.7131758202174416,-2.4150310616140613,0.25920611267097327,0.14448494277925653,0.1627023824277357,0.2715238297309606,0.16208273239107387,3.0662056548353065,-2.2982300535424143,2.673691822712975,-0.029087616320024254,1.3033263930166912,-0.6931471805599453,3.1816699414027947,4.425380571423641,-1.5586427308383874,2.0919367766859613,4.879697367655288,1.6602209388510043,-5.652536308504723,-1.103225774652008,-3.6805520320632734,-9.911255244571654,-2.7131758202174416,-2.4150310616140613,-0.04642635913488362,-0.630874606267097,-0.5121272489811779,0.0,-0.5159430075257163
DS order-1.5 block Gaussian,20,7,60,206.54516815498937,-4152.036596287975,27920.60805651749,1074.3282627442095,1.0000613766045083,0.22999999999999998,1,0.05,0,21.633261613869028,0.09927299423055849,14.588531977417816,-0.0005042433403616006,3.7208114522031517,0.5,3.1702548137817725,4.388756985082955,-1.5792114922871106,2.078684035631109,4.894124602822308,1.7444891910258207,-5.577216233120108,-1.0773001350721059,-3.6000413386122903,-9.873021075158126,-2.66733517822994,-2.330327034453785,0.2649390527302456,0.14801507682984005,0.1571398486626886,0.2643672280642999,0.16553879371292574,3.0742320198069644,-2.3098817063436106,2.680235739063674,-0.05042433403616006,1.3139417768103365,-0.6931471805599453,3.1702548137817725,4.388756985082955,-1.5792114922871106,2.078684035631109,4.894124602822308,1.7444891910258207,-5.577216233120108,-1.0773001350721059,-3.6000413386122903,-9.873021075158126,-2.66733517822994,-2.330327034453785,0.0,-0.5821856707897864,-0.5223636451632663,-0.0021606578616379553,-0.47029423938909704
DS order-1.5 block Gaussian,20,7,61,209.94077542203013,-4151.320955519772,27946.08063124078,8987.95611493773,1.000173212483771,0.26,1,0.03298769776932236,0,21.782588094787933,0.09820514029399516,14.685043908688773,-0.0007586454582016749,3.7418043088502326,0.5,3.1539788343621216,4.3506397071615535,-1.5986166668832689,2.0680814232882936,4.912139577199378,1.82935422134672,-5.501876964664442,-1.046778802936968,-3.517558109801643,-9.826181096927552,-2.6158517713897886,-2.245074874163726,0.26498255149745964,0.15236786402694202,0.15293555165567985,0.25977276888628065,0.16994126393363793,3.0811109394070093,-2.3206967198389763,2.686829554682802,-0.0758645458201675,1.3195679306132915,-0.6931471805599453,3.1539788343621216,4.3506397071615535,-1.5986166668832689,2.0680814232882936,4.912139577199378,1.82935422134672,-5.501876964664442,-1.046778802936968,-3.517558109801643,-9.826181096927552,-2.6158517713897886,-2.245074874163726,0.0,-0.5533662253603923,-0.5496473787715332,-0.019856697349898454,-0.44421110933613767
DS order-1.5 block Gaussian,20,7,62,213.19993659498869,-4157.591552834041,27785.144569737524,8554.29194639086,1.0103593354667646,0.24,1,0.025864092898589333,0,21.86888172803483,0.09754581517199086,14.74558761166237,-0.0009506195914693564,3.7430778561978095,0.5,3.1402535779701157,4.324663280110109,-1.610642183681618,2.062738631054365,4.926075094720494,1.8855208297530088,-5.452386234510289,-1.0241416796621652,-3.462108699858024,-9.790718886372442,-2.5789050379896894,-2.188678067206629,0.26487523107775224,0.1550777405732918,0.15026823331861414,0.25709463524450393,0.172684159785838,3.0850647006897614,-2.327433112146485,2.6909438930610037,-0.09506195914693565,1.3199082291862774,-0.6931471805599453,3.1402535779701157,4.324663280110109,-1.610642183681618,2.062738631054365,4.926075094720494,1.8855208297530088,-5.452386234510289,-1.0241416796621652,-3.462108699858024,-9.790718886372442,-2.5789050379896894,-2.188678067206629,0.0,-0.5353323457213185,-0.5668369697364078,-0.029814641352750422,-0.42779462903040905
DS order-1.5 block Gaussian,20,7,63,216.62317788600922,-4125.570920133922,27805.7240585535,4651.001560547262,1.1637873549597715,0.3,1,0.021763764082403103,0,21.92321278348072,0.0970802641003909,14.792148536753588,-0.0011198595993414972,3.7354701566790895,0.5,3.1274455806032844,4.303812858183652,-1.619431179736211,2.0597893363977713,4.938431266936902,1.9295721364338296,-5.413797043415766,-1.0046994279156942,-3.418041548673386,-9.759971670361463,-2.5480762458159356,-2.1444600914003398,0.26471101602940394,0.15707533408281066,0.1482539721339494,0.25524963153321023,0.17471004622062583,3.0875460199291376,-2.332217177686657,2.694096535729484,-0.11198595993414973,1.3178736892916705,-0.6931471805599453,3.1274455806032844,4.303812858183652,-1.619431179736211,2.0597893363977713,4.938431266936902,1.9295721364338296,-5.413797043415766,-1.0046994279156942,-3.418041548673386,-9.759971670361463,-2.5480762458159356,-2.1444600914003398,0.0,-0.5219132002162902,-0.5797118944004612,-0.03639671191181766,-0.4155110043604078
DS order-1.5 block Gaussian,20,7,64,220.20803088898538,-4159.948556041527,27752.218574673276,9827.645787704547,1.0000022666674255,0.26,1,0.019036539387158786,0,21.955250861371457,0.09674167387939703,14.8319729566882,-0.001278395543076938,3.7211814619816947,0.5,3.1152416666150637,4.285986743068389,-1.6262464845200302,2.0583624781015963,4.949844926444314,1.9665284153695757,-5.381446213907265,-0.9865144662725256,-3.3804454694629107,-9.731944835498359,-2.5211881100810745,-2.1073786658415883,0.2645262019516518,0.1586610034169799,0.14662242329195582,0.25386764899502445,0.17632272234438798,3.089006330109708,-2.3357110088695436,2.6967851855133285,-0.12783955430769378,1.3140412151686136,-0.6931471805599453,3.1152416666150637,4.285986743068389,-1.6262464845200302,2.0583624781015963,4.949844926444314,1.9665284153695757,-5.381446213907265,-0.9865144662725256,-3.3804454694629107,-9.731944835498359,-2.5211881100810745,-2.1073786658415883,0.0,-0.5111704364148977,-0.5900795752282523,-0.04112724432382537,-0.40562434295223365
DS order-1.5 block Gaussian,20,7,65,223.38190907402895,-4124.627937295021,27642.75371274669,3928.266321785658,1.0000000000023572,0.24,1,0.017063937592326828,0,21.971704647606508,0.0964903915993636,14.869269277183946,-0.0014296711258112293,3.70283527842803,0.5,3.1035352772393745,4.270266844112902,-1.6316965592032393,2.0579444924496677,4.96055607449802,1.9986869624763584,-5.3532934252316995,-0.9690340631284208,-3.3472255980651875,-9.705964563808095,-2.4971258610339753,-2.0751227852519065,0.26433202524680405,0.15996864227519134,0.1452482414958979,0.2527934563610225,0.17765763462108414,3.0897554731729553,-2.3383118445130227,2.699296618523794,-0.14296711258112293,1.309098817665811,-0.6931471805599453,3.1035352772393745,4.270266844112902,-1.6316965592032393,2.0579444924496677,4.96055607449802,1.9986869624763584,-5.3532934252316995,-0.9690340631284208,-3.3472255980651875,-9.705964563808095,-2.4971258610339753,-2.0751227852519065,0.0,-0.5022281740834905,-0.5987616954116134,-0.044633207039705594,-0.39734768715359653
DS order-1.5 block Gaussian,20,7,66,226.83751471003052,-4165.979132704865,27607.370375060906,5164.526535983127,1.0007754346904032,0.26,1,0.015556474460591286,0,21.9784712194646,0.09629585915443649,14.902785429962343,-0.001574803962124038,3.6814972991775465,0.5,3.092128823577446,4.256129825530151,-1.6360567677837878,2.058277323430108,4.970670503687585,2.0273059242300504,-5.328163321424663,-0.9517505841120839,-3.3171261297303425,-9.681479079784506,-2.475086657342339,-2.046359217361514,0.264130237640133,0.16106912218760996,0.14406043391155998,0.25195368300323795,0.1787865232574592,3.0900633933019677,-2.340329960537279,2.7015481370882193,-0.1574803962124038,1.3033195442062504,-0.6931471805599453,3.092128823577446,4.256129825530151,-1.6360567677837878,2.058277323430108,4.970670503687585,2.0273059242300504,-5.328163321424663,-0.9517505841120839,-3.3171261297303425,-9.681479079784506,-2.475086657342339,-2.046359217361514,0.0,-0.4946087026899045,-0.6062094144198908,-0.0471970328839107,-0.3902498192780097
DS order-1.5 block Gaussian,20,7,67,230.30843887198716,-4107.125859104639,27531.11337341451,3007.0077516580373,1.0000019034860954,0.24999999999999997,1,0.01435872943746294,0,21.976062765003512,0.09615187903168185,14.93210814306092,-0.0017144963369425548,3.658419296950583,0.5,3.080975349249385,4.243236019068017,-1.6395332568520105,2.059251035859062,4.9803307858758625,2.0531677394526655,-5.305254149322639,-0.934559129320767,-3.289421377890884,-9.658151381918387,-2.4547299768344164,-2.0203104133260816,0.26392799521646015,0.16201351137447717,0.14301669792228153,0.251280950984983,0.17976084450179816,3.0899538048593125,-2.341826264427105,2.7035138033955812,-0.17144963369425548,1.2970311680445452,-0.6931471805599453,3.080975349249385,4.243236019068017,-1.6395332568520105,2.059251035859062,4.9803307858758625,2.0531677394526655,-5.305254149322639,-0.934559129320767,-3.289421377890884,-9.658151381918387,-2.4547299768344164,-2.0203104133260816,0.0,-0.4879965852516736,-0.6127149284220726,-0.04910468076613166,-0.3840489947457151
DS order-1.5 block Gaussian,20,7,68,233.41979814402293,-4150.199739717637,27536.099698730384,4976.868584359447,1.0000000000476277,0.21999999999999997,1,0.01337902602933718,0,21.96454465464503,0.096056090126656,14.95733559238934,-0.0018489828768559833,3.6345655703225503,0.5,3.070293166069807,4.231500931607317,-1.6421875570338331,2.060707027914519,4.989467501257785,2.0767927792776124,-5.284023112386522,-0.9168933533941067,-3.2635399893110995,-9.635776573586492,-2.4360509200051115,-1.9964898628829832,0.2637058982996297,0.1628026682341302,0.14208403646348966,0.2508203127834848,0.18058708421926567,3.089429546716393,-2.3428229859821523,2.7052018545712544,-0.18489828768559832,1.290489590864572,-0.6931471805599453,3.070293166069807,4.231500931607317,-1.6421875570338331,2.060707027914519,4.989467501257785,2.0767927792776124,-5.284023112386522,-0.9168933533941067,-3.2635399893110995,-9.635776573586492,-2.4360509200051115,-1.9964898628829832,0.0,-0.4822956174920494,-0.6184157719367003,-0.05009766313195276,-0.3786213380961275
DS order-1.5 block Gaussian,20,7,69,236.80708130297717,-4164.7282922815675,27727.58885665825,9408.03974142185,1.0000057272203582,0.27999999999999997,1,0.0125594321575479,0,21.948275381744374,0.09598731258181464,14.9786385792627,-0.0019797480274666027,3.6101370547785914,0.5,3.060035403719361,4.220776109847605,-1.644126283180432,2.0625947456577025,4.998179000664368,2.098543266397604,-5.264182963151053,-0.8990575273846574,-3.2391915015086536,-9.614211251016645,-2.4185796776124886,-1.974527625302544,0.2634672474133474,0.16346135750992696,0.14124235692283332,0.2505394581014283,0.181289580052464,3.088688566126599,-2.3435392568543807,2.706625091399771,-0.19797480274666027,1.2837457369367544,-0.6931471805599453,3.060035403719361,4.220776109847605,-1.644126283180432,2.0625947456577025,4.998179000664368,2.098543266397604,-5.264182963151053,-0.8990575273846574,-3.2391915015086536,-9.614211251016645,-2.4185796776124886,-1.974527625302544,0.0,-0.47735244511591074,-0.6234518037324746,-0.050312636522852464,-0.373833419415999
DS order-1.5 block Gaussian,20,7,70,240.3053181989817,-4151.115475487909,27619.334357729713,11096.36689008372,1.0000004100554547,0.21999999999999997,1,0.011861357433085789,0,21.927133467451622,0.09594560523737025,14.997805741259754,-0.0021067202951616836,3.584818138943259,0.5,3.050130750824187,4.210910944957188,-1.6454794413907736,2.064796135979003,5.006462987683258,2.1186762287967253,-5.245571335506144,-0.8812916658514427,-3.2161876126561615,-9.59347819646046,-2.4022471294879146,-1.954166277242969,0.2632183851385437,0.16401429513243854,0.14047725201266642,0.25039846693849094,0.18189160077786043,3.087724841047626,-2.343973860210332,2.707903906485658,-0.21067202951616837,1.2767077444366184,-0.6931471805599453,3.050130750824187,4.210910944957188,-1.6454794413907736,2.064796135979003,5.006462987683258,2.1186762287967253,-5.245571335506144,-0.8812916658514427,-3.2161876126561615,-9.59347819646046,-2.4022471294879146,-1.954166277242969,0.0,-0.4730304598944798,-0.6279384810794624,-0.04993053260460517,-0.36957313984675255
DS order-1.5 block Gaussian,20,7,71,243.46943942201324,-4131.934096680676,27722.808326875314,4481.668767520294,1.0000151607345829,0.24,1,0.011258000321005114,0,21.90270468028384,0.09592336307682676,15.01396359596039,-0.002229830933849773,3.558902522704513,0.5,3.040564148329183,4.2017926298797015,-1.6463438574264855,2.0672234172309714,5.014332584316919,2.1374055790372206,-5.228034488617538,-0.8637017839132887,-3.194362358314882,-9.573563394530026,-2.3869599473787524,-1.9351849802759098,0.2629605357342695,0.16447548667769593,0.13977709898587845,0.2503802657396248,0.18240661286253118,3.086610130579611,-2.344205707609508,2.708980674474925,-0.2229830933849773,1.269452217196667,-0.6931471805599453,3.040564148329183,4.2017926298797015,-1.6463438574264855,2.0672234172309714,5.014332584316919,2.1374055790372206,-5.228034488617538,-0.8637017839132887,-3.194362358314882,-9.573563394530026,-2.3869599473787524,-1.9351849802759098,0.0,-0.4692424247317757,-0.6319549629856593,-0.04902314149997149,-0.36576563496434533
DS order-1.5 block Gaussian,20,7,72,246.918744479015,-4095.341175873863,27633.021347785627,1920.8477607868874,1.000000000000087,0.21999999999999997,1,0.010730105522650331,0,21.87552013233192,0.09591795342040677,15.026496909024804,-0.00235025484039518,3.532180720560933,0.5,3.0313146634158246,4.193337794495059,-1.6467724318184025,2.0698280862278695,5.021754038280248,2.1548895425493795,-5.211387531903742,-0.8463729066884857,-3.1735660451041277,-9.554403659468464,-2.3728899594891906,-1.9174177690154575,0.26269920201059505,0.16486375176885867,0.13913345700863547,0.25045291136200726,0.18285067784990355,3.085368209439029,-2.344262104808195,2.709815103347249,-0.235025484039518,1.2619154480694765,-0.6931471805599453,3.0313146634158246,4.193337794495059,-1.6467724318184025,2.0698280862278695,5.021754038280248,2.1548895425493795,-5.211387531903742,-0.8463729066884857,-3.1735660451041277,-9.554403659468464,-2.3728899594891906,-1.9174177690154575,0.0,-0.46589027311319203,-0.6355760641693281,-0.04773873478169154,-0.36233980731665
DS order-1.5 block Gaussian,20,7,73,250.37166888301726,-4123.236669572543,27651.173814872112,10412.22178551257,1.1032888016715252,0.24999999999999997,1,0.010263445557243348,0,21.84709484628197,0.09592146045592292,15.035122162989428,-0.002470391779957756,3.5031441825465985,0.5,3.022193454197878,4.185466411502145,-1.6467829813855108,2.072526360071729,5.028703715378387,2.1713167831729216,-5.195556551040332,-0.8292405198625467,-3.1536565573030977,-9.53594462391192,-2.360109939815213,-1.9006908020655797,0.2624370290543568,0.1651894962893225,0.13853927976919944,0.2505984164070778,0.18323577848004338,3.08406795372154,-2.3442255426081164,2.7103889416478837,-0.24703917799577563,1.2536609031018535,-0.6931471805599453,3.022193454197878,4.185466411502145,-1.6467829813855108,2.072526360071729,5.028703715378387,2.1713167831729216,-5.195556551040332,-0.8292405198625467,-3.1536565573030977,-9.53594462391192,-2.360109939815213,-1.9006908020655797,0.0,-0.46291788665518946,-0.6388572700769032,-0.04615944070049139,-0.359237433384769
DS order-1.5 block Gaussian,20,7,74,253.51599213498412,-4115.668887817095,27634.73107319897,7848.170136690868,1.000000000106807,0.21999999999999997,1,0.009847256463542592,0,21.817019718905815,0.0959354718831871,15.041442576263155,-0.0025892737703815316,3.4722852377992193,0.5,3.013226242600039,4.17812523940632,-1.6464413090496854,2.075262283361078,5.035183436215093,2.186784140781833,-5.180483612175793,-0.8123887509889066,-3.1345716250334754,-9.518190660491078,-2.348559207228281,-1.8849091258582351,0.26217600600532603,0.1654627168766675,0.13798867528989625,0.25080153720599824,0.18357106462211195,3.0826903862416195,-2.344079481403882,2.7108092298969946,-0.25892737703815316,1.2448129471676845,-0.6931471805599453,3.013226242600039,4.17812523940632,-1.6464413090496854,2.075262283361078,5.035183436215093,2.186784140781833,-5.180483612175793,-0.8123887509889066,-3.1345716250334754,-9.518190660491078,-2.348559207228281,-1.8849091258582351,0.0,-0.4602701630960491,-0.6418444381919597,-0.044354118914607284,-0.3564141911963483
DS order-1.5 block Gaussian,20,7,75,256.9711043019779,-4128.564159270294,27555.27394134904,10891.689061001354,1.0000337745861958,0.22999999999999998,1,0.00947322854068999,0,21.786062646787425,0.0959564477839753,15.046802851119248,-0.0027058759869315807,3.4403471855149252,0.5,3.0044586605317702,4.171276168300559,-1.6457913233636454,2.0780043422626875,5.041205735989679,2.201380229444892,-5.1660638679615225,-0.7958452661622124,-3.1162481476676542,-9.501104306096485,-2.3381938939652915,-1.8699862104286125,0.26191848007845786,0.1656929577386995,0.13747681154803934,0.2510465203405115,0.1838652302942918,3.0812704372086497,-2.3438608593701025,2.7111655334857656,-0.27058759869315807,1.2355723923143993,-0.6931471805599453,3.0044586605317702,4.171276168300559,-1.6457913233636454,2.0780043422626875,5.041205735989679,2.201380229444892,-5.1660638679615225,-0.7958452661622124,-3.1162481476676542,-9.501104306096485,-2.3381938939652915,-1.8699862104286125,0.0,-0.45789688714565385,-0.6445780510090577,-0.04239504864633355,-0.3538302654187917
DS order-1.5 block Gaussian,20,7,76,260.41841315699276,-4102.2528274531105,27653.531577246897,4956.6931620636915,1.000000000000087,0.21,1,0.009134833828228625,0,21.755546791798963,0.09597828829731515,15.050662334657165,-0.0028199376948395845,3.4077416700479435,0.5,2.995913893508539,4.1648931089549865,-1.6448751995285165,2.0807307352537534,5.046781525328239,2.2151704312600127,-5.152247431425177,-0.7796403040262726,-3.098659256922421,-9.484670717255316,-2.3289457739528743,-1.8558582337538319,0.26166465890224705,0.16588562813851482,0.13699940878648728,0.2513270646014828,0.18412323957126797,3.0798687499316655,-2.3436332766627714,2.7114219991738393,-0.28199376948395843,1.226049805051755,-0.6931471805599453,2.995913893508539,4.1648931089549865,-1.6448751995285165,2.0807307352537534,5.046781525328239,2.2151704312600127,-5.152247431425177,-0.7796403040262726,-3.098659256922421,-9.484670717255316,-2.3289457739528743,-1.8558582337538319,0.0,-0.4557651923213573,-0.6470871457081048,-0.04030861897494063,-0.3514584424149076
DS order-1.5 block Gaussian,20,7,77,263.553911022027,-4141.796399772569,27711.46494369356,5225.292381188513,1.0001477687618086,0.21,1,0.008826865342073437,0,21.724976005175773,0.0960033561947286,15.052473762026784,-0.002931320694254142,3.374843717806584,0.5,2.987628548182791,4.158960997513666,-1.6436997191895983,2.083458208011589,5.0519586297556485,2.2282295575524067,-5.138983228053953,-0.7637387986572101,-3.081679303379759,-9.468804854912985,-2.3206127012694937,-1.8424357834291223,0.2614105500382352,0.166039044960333,0.1365520984306849,0.25165400492196327,0.18434430164878357,3.0784625666710195,-2.3433721277636437,2.711542347257573,-0.2931320694254142,1.2163490174172586,-0.6931471805599453,2.987628548182791,4.158960997513666,-1.6436997191895983,2.083458208011589,5.0519586297556485,2.2282295575524067,-5.138983228053953,-0.7637387986572101,-3.081679303379759,-9.468804854912985,-2.3206127012694937,-1.8424357834291223,0.0,-0.45386918882082045,-0.649385944833013,-0.038037012377214234,-0.34928694642462477
DS order-1.5 block Gaussian,20,7,78,267.0359255709918,-4127.47564647076,27758.84294220803,7552.805866543425,1.01484522784518,0.19999999999999998,1,0.00854511366088334,0,21.693781498399918,0.09603373073706827,15.051867632920272,-0.003040184683202213,3.3418803860052897,0.5,2.9795743851684127,4.153443500563591,-1.6422855751832381,2.0861788517047923,5.056734583793477,2.240609666630028,-5.126244721601873,-0.7481199426506258,-3.065221846246226,-9.453452893682572,-2.313265652604728,-1.8296756076570526,0.2611569230157747,0.1661577563060603,0.13613202221221535,0.2520206981418769,0.1845326003240728,3.0770256525842625,-2.343055787382957,2.7115020787063604,-0.30401846832022134,1.2065336383912384,-0.6931471805599453,2.9795743851684127,4.153443500563591,-1.6422855751832381,2.0861788517047923,5.056734583793477,2.240609666630028,-5.126244721601873,-0.7481199426506258,-3.065221846246226,-9.453452893682572,-2.313265652604728,-1.8296756076570526,0.0,-0.4521837879968278,-0.6514962978382354,-0.03561024463798098,-0.3472953208649122
DS order-1.5 block Gaussian,20,7,79,270.5062523050001,-4145.1529348208505,27747.61769421421,3670.31447310336,1.0019492153976064,0.21,1,0.008286135043349968,0,21.662578568280253,0.09606633406726121,15.048506727312368,-0.0031465948466179905,3.308971199954865,0.5,2.971748176562777,4.148327826726919,-1.6406505247876162,2.0888794405493893,5.061098769187785,2.252341695640868,-5.113998905018528,-0.7327798363015384,-3.0492618433689986,-9.438594070682433,-2.306961056284522,-1.8175495390961187,0.260903149748011,0.1662441780042493,0.13573638724378914,0.25242595650493393,0.18469032849901654,3.0755862819609523,-2.3427163462636718,2.711278765495591,-0.31465948466179905,1.1966373253521476,-0.6931471805599453,2.971748176562777,4.148327826726919,-1.6406505247876162,2.0888794405493893,5.061098769187785,2.252341695640868,-5.113998905018528,-0.7327798363015384,-3.0492618433689986,-9.438594070682433,-2.306961056284522,-1.8175495390961187,0.0,-0.4506916052959253,-0.6534345890399881,-0.033031300548296706,-0.34546874215833856
DS order-1.5 block Gaussian,20,7,80,273.7312261600164,-4101.255206862463,27787.055609021696,4064.9589086697897,1.0001668278805718,0.21,1,0.008047082012465307,0,21.631904483926927,0.09609992265775591,15.042138663665463,-0.003251566000254477,3.275815821968927,0.5,2.964154028939401,4.143619939722638,-1.6388074345326697,2.091562275503246,5.065047252144123,2.2634488603386833,-5.102174763885548,-0.7177496571168563,-3.0338199810826523,-9.424191431931089,-2.301671916458849,-1.8060005106243686,0.2606485355003365,0.1662998180507099,0.13536303531037902,0.2528701174978549,0.1848184936407197,3.074169284351865,-2.3423667678162463,2.7108555067944744,-0.3251566000254477,1.1865669440101916,-0.6931471805599453,2.964154028939401,4.143619939722638,-1.6388074345326697,2.091562275503246,5.065047252144123,2.2634488603386833,-5.102174763885548,-0.7177496571168563,-3.0338199810826523,-9.424191431931089,-2.301671916458849,-1.8060005106243686,0.0,-0.44938060045841094,-0.6552125729641319,-0.0302969052193799,-0.34379866453997576
DS order-1.5 block Gaussian,20,7,81,277.21805545699317,-4129.096600128158,27870.074224514934,21813.150955913716,1.0021859615834632,0.18,1,0.007825577482730784,0,21.600644263489027,0.09613940677172247,15.033132528296827,-0.00335493645139424,3.242573042562718,0.5,2.9568049943793375,4.139360266645734,-1.6367373370059979,2.0942268420378896,5.068536837501864,2.2739393603265143,-5.090693763867245,-0.7029283020198076,-3.0188182774548196,-9.410175020593226,-2.297497135899619,-1.7950339588292983,0.2603947835255348,0.16633012671697683,0.13501003100902237,0.25334306716524424,0.18492199158322176,3.0727231412586837,-2.3419559869979927,2.7102566004318116,-0.335493645139424,1.1763671635739297,-0.6931471805599453,2.9568049943793375,4.139360266645734,-1.6367373370059979,2.0942268420378896,5.068536837501864,2.2739393603265143,-5.090693763867245,-0.7029283020198076,-3.0188182774548196,-9.410175020593226,-2.297497135899619,-1.7950339588292983,0.0,-0.4482243489467984,-0.656849798141154,-0.02745431069490832,-0.3422648085557047
DS order-1.5 block Gaussian,20,7,82,280.6729776239954,-4114.896449355254,27831.094130467398,16757.259415977274,1.0000000550162553,0.24,1,0.0076196198185158465,0,21.568480389311013,0.09618606988303531,15.022584469088265,-0.0034562024070860344,3.2095192238666055,0.5,2.9496985542792973,4.135503656869908,-1.6344812937108377,2.0968663225166098,5.071619215132906,2.2838623583179225,-5.079555885931856,-0.6883672174049349,-3.004262124333955,-9.396554599795225,-2.294315375632631,-1.7846103719278414,0.26014267914761535,0.16633832261026,0.1346757666977261,0.2538393916074766,0.18500383993692196,3.0712330077251293,-2.3414707355061974,2.7095547000484315,-0.3456202407086034,1.16612115142822,-0.6931471805599453,2.9496985542792973,4.135503656869908,-1.6344812937108377,2.0968663225166098,5.071619215132906,2.2838623583179225,-5.079555885931856,-0.6883672174049349,-3.004262124333955,-9.396554599795225,-2.294315375632631,-1.7846103719278414,0.0,-0.44720644416450833,-0.6583600849528699,-0.024528495934777114,-0.3408536651722146
DS order-1.5 block Gaussian,20,7,83,283.8485403319937,-4139.217295704043,27636.454072549885,6343.601175583445,1.000000073949212,0.18999999999999997,1,0.007427510241525015,0,21.53627349523848,0.0962358776643905,15.010219127155782,-0.0035551733226003176,3.1769072801282126,0.5,2.942829019285414,4.132012965519586,-1.6320685306840959,2.099469957730886,5.074321000244236,2.2932557191499616,-5.068749352512092,-0.6740929648652763,-2.9901512294736894,-9.383333893573889,-2.2920277116505883,-1.7746943372437747,0.25989300024882556,0.16632748716914436,0.13435878199733473,0.2543537640950467,0.18506696648964865,3.0697386528262602,-2.340953042144266,2.7087312442833658,-0.35551733226003174,1.1559081701363512,-0.6931471805599453,2.942829019285414,4.132012965519586,-1.6320685306840959,2.099469957730886,5.074321000244236,2.2932557191499616,-5.068749352512092,-0.6740929648652763,-2.9901512294736894,-9.383333893573889,-2.2920277116505883,-1.7746943372437747,0.0,-0.44631134962017577,-0.6597563093210213,-0.021543938767259598,-0.33955226820208423
DS order-1.5 block Gaussian,20,7,84,287.3188264580094,-4121.554026162714,27810.886178263827,7261.709604918229,1.0000531179791334,0.18,1,0.007247796636776956,0,21.504720147175078,0.09628556987534556,14.995831958061478,-0.003651581024802155,3.1449100262438074,0.5,2.9362025120656674,4.128881936222871,-1.6295052439607836,2.1020336905660213,5.076655434112744,2.3021528663862636,-5.058233252654713,-0.6600713399791949,-2.976463103307652,-9.370525490355762,-2.2906955753753206,-1.765260158690206,0.25964498012065096,0.16629778595401462,0.13405767564755078,0.2548876739354034,0.18511188434238027,3.068272452766932,-2.340436816937219,2.70777229302677,-0.36515810248021546,1.1457852812356393,-0.6931471805599453,2.9362025120656674,4.128881936222871,-1.6295052439607836,2.1020336905660213,5.076655434112744,2.3021528663862636,-5.058233252654713,-0.6600713399791949,-2.976463103307652,-9.370525490355762,-2.2906955753753206,-1.765260158690206,0.0,-0.4455351643051399,-0.6610451142205837,-0.01849228310832487,-0.33835481434809284
DS order-1.5 block Gaussian,20,7,85,290.85478717298247,-4107.506956515058,27814.793630283333,15039.341946014643,1.1407215985264747,0.18,1,0.007079229560282516,0,21.47392144688152,0.09633429993304143,14.979193807618373,-0.0037456412217018137,3.1135864142482848,0.5,2.929836001856391,4.126110581392362,-1.6267981107213092,2.1045384393884827,5.078613917754637,2.3105749663584603,-5.047974521083627,-0.646282867924469,-2.9631809493178713,-9.358151187202507,-2.2903586773479088,-1.7562697090759392,0.2593988573978764,0.1662515479694895,0.13377128634711538,0.2554382826738256,0.185140025611693,3.0668392429481384,-2.3399308456811494,2.706662158724841,-0.37456412217018137,1.1357752496419502,-0.6931471805599453,2.929836001856391,4.126110581392362,-1.6267981107213092,2.1045384393884827,5.078613917754637,2.3105749663584603,-5.047974521083627,-0.646282867924469,-2.9631809493178713,-9.358151187202507,-2.2903586773479088,-1.7562697090759392,0.0,-0.44486487649690426,-0.6622353437123298,-0.015386041712223845,-0.3372544331082415
DS order-1.5 block Gaussian,20,7,86,294.02009017497767,-4110.599309468587,27887.94291104299,13241.914823122892,1.0388666639123834,0.18,1,0.006920727442308431,0,21.443126501370415,0.09638533198687613,14.961134305333854,-0.0038373858386021257,3.083038123528286,0.5,2.9237202323928657,4.12366495808449,-1.6239734031843247,2.106983381131207,5.080229081958486,2.3185526431327745,-5.037974531630944,-0.6327593899793917,-2.950301787520753,-9.346196627460104,-2.290900496942097,-1.7476944392315348,0.2591537684001799,0.1661889131104187,0.1334983434234498,0.2560073369275925,0.1851516381383592,3.0654041511946986,-2.3394012467553,2.7054557922210014,-0.3837385838602126,1.1259155145519457,-0.6931471805599453,2.9237202323928657,4.12366495808449,-1.6239734031843247,2.106983381131207,5.080229081958486,2.3185526431327745,-5.037974531630944,-0.6327593899793917,-2.950301787520753,-9.346196627460104,-2.290900496942097,-1.7476944392315348,0.0,-0.44429641383994495,-0.6633325169657788,-0.012215481973698672,-0.33624643096731205
DS order-1.5 block Gaussian,20,7,87,297.4933555240277,-4128.235670989298,27911.55087208567,17677.588586213187,1.0000474014784575,0.18,1,0.006771348802284756,0,21.41193073511865,0.09644036183052199,14.942446336446054,-0.003926679693019516,3.0533055801262723,0.5,2.9178515236936278,4.121518614737199,-1.6210519921379956,2.109370737186007,5.081525090140546,2.3261113332565917,-5.028229698595668,-0.6195162089555152,-2.9378136813837092,-9.33464452100131,-2.2922339433344194,-1.7395118777176206,0.2589113905022495,0.1661138689619165,0.13323804890052182,0.25658640476554545,0.18515028686976678,3.0639482776631457,-2.338830473804347,2.7042059103727683,-0.3926679693019516,1.1162248004983246,-0.6931471805599453,2.9178515236936278,4.121518614737199,-1.6210519921379956,2.109370737186007,5.081525090140546,2.3261113332565917,-5.028229698595668,-0.6195162089555152,-2.9378136813837092,-9.33464452100131,-2.2922339433344194,-1.7395118777176206,0.0,-0.44381237075258256,-0.6643485118279229,-0.009020412979260737,-0.3353180248001046
DS order-1.5 block Gaussian,20,7,88,300.8997983720037,-4107.977440888223,27801.317452928015,16384.848962432534,1.0010883573952494,0.18,1,,0,21.37998977883842,0.09650110677401152,14.923762583652007,-0.004013507137392992,3.02444877189553,0.5,2.912221144066871,4.119644126508254,-1.6180517187521988,2.111697587583335,5.082528825541537,2.3332781576799717,-5.018735438389772,-0.6065571836759004,-2.9256959228191053,-9.323485947692543,-2.29429121244205,-1.7317023279028363,0.2586730842129104,0.1660298582364748,0.13298963893338542,0.25716838220557287,0.18513903641165655,3.0624554275256166,-2.338200801542226,2.7029547468734876,-0.40135071373929926,1.1067288507111972,-0.6931471805599453,2.912221144066871,4.119644126508254,-1.6180517187521988,2.111697587583335,5.082528825541537,2.3332781576799717,-5.018735438389772,-0.6065571836759004,-2.9256959228191053,-9.323485947692543,-2.29429121244205,-1.7317023279028363,0.0,-0.44339740023230184,-0.6652938188781257,-0.005833987273433242,-0.3344579503302689
DS order-1.5 block Gaussian,20,8,0,5.865377150999848,-9329.62127233223,28107.013735723012,155654.664868124,1.0000335913489917,0.00999999999999998,1,0.05,0,28.88045318166437,0.18135720269790512,12.710570127165683,-0.0035921771249572175,1.1200058978724465,0.3039926921505578,3.271919871346058,4.082672774589102,-2.4570474329555596,3.750743474919954,3.973823975599469,4.893666409484686,-5.655884124994054,-0.22676262730203867,-7.531437258226452,-6.3808257446161,-5.107983945709524,-7.826799898467271,0.034107971637396005,0.34635963866023034,0.23545614756849637,0.057722970213009615,0.3263532719208677,3.3631650057873945,-1.7072866969318927,2.542433940778002,-0.35921771249572176,0.11333395125067962,-1.1907516168432846,3.271919871346058,4.082672774589102,-2.4570474329555596,3.750743474919954,3.973823975599469,4.893666409484686,-5.655884124994054,-0.22676262730203867,-7.531437258226452,-6.3808257446161,-5.107983945709524,-7.826799898467271,-2.317946524003298,0.0,-0.38595296711289473,-1.7918224617563712,-0.05949720249577517
DS order-1.5 block Gaussian,20,8,1,9.414141796994954,-7710.142308918916,28923.45051281828,25783.019465965936,1.0005202359675394,0.00999999999999998,1,0.05,0,27.471936859919513,0.19065558531161442,13.36225499307932,-0.0040921770103099645,1.1774298268159367,0.31957873071111287,3.3219197500296733,4.132672772386252,-2.407047437023815,3.8007434733402454,4.023823967225915,4.84366641172625,-5.605884175335001,-0.17676263605580464,-7.481437262292917,-6.3308257467460605,-5.0579839525386285,-7.876798775294658,0.0357073701665242,0.3449169449286827,0.2230399006678035,0.05467908035016255,0.3416567038868271,3.3131650058094206,-1.6572866969544524,2.592433940772727,-0.4092177010309965,0.16333395007180398,-1.140751617019464,3.3219197500296733,4.132672772386252,-2.407047437023815,3.8007434733402454,4.023823967225915,4.84366641172625,-5.605884175335001,-0.17676263605580464,-7.481437262292917,-6.3308257467460605,-5.0579839525386285,-7.876798775294658,-2.267946533991974,0.0,-0.4359529664957567,-1.8418224557582739,-0.009497205588213611
DS order-1.5 block Gaussian,20,8,2,12.541721860994585,-6528.108303708678,29474.839026547776,62323.29626524219,1.0035084072267864,0.00999999999999998,1,0.05,0,26.133751796146598,0.20036326838501511,14.046842601188409,-0.004554986771041736,1.2290206385215616,0.33359032752679524,3.2849557833952168,4.17642210426714,-2.364170622274785,3.8449693523125927,3.993177279204704,4.8021403113644325,-5.561390660341038,-0.1330505702050436,-7.4376857437605075,-6.2864020639097875,-5.012507675069583,-7.915632558581311,0.037640300020489924,0.3475028997997173,0.21470121894014468,0.05265268143993082,0.3475028997997173,3.2632276511677025,-1.6076232180633063,2.642397644631044,-0.4554986771041736,0.20621762338151595,-1.097841603142121,3.2849557833952168,4.17642210426714,-2.364170622274785,3.8449693523125927,3.993177279204704,4.8021403113644325,-5.561390660341038,-0.1330505702050436,-7.4376857437605075,-6.2864020639097875,-5.012507675069583,-7.915632558581311,-2.222697724243219,0.0,-0.4815256274377847,-1.8870558429009487,0.0
DS order-1.5 block Gaussian,20,8,3,15.888547972950619,-5962.289401490493,29661.053871729197,16016.745860996172,1.001202097716064,0.01999999999999998,1,0.05,0,25.43755093643704,0.20429307163917773,14.216722634675609,-0.0048632968280028005,1.2826112370794662,0.34765599680781656,3.244847535775987,4.218443280684881,-2.3221265158737383,3.887946589811921,3.957029751076046,4.7596556662398655,-5.5196910470247715,-0.09192736325940212,-7.395896115294381,-6.2439654755724145,-4.969892841324813,-7.955087469852301,0.03894717961256268,0.34978495120045505,0.20999409780244058,0.05148882018408665,0.34978495120045505,3.2362264656160242,-1.5881996904150686,2.654418922050266,-0.48632968280028005,0.24889802886644863,-1.0565418030308222,3.244847535775987,4.218443280684881,-2.3221265158737383,3.887946589811921,3.957029751076046,4.7596556662398655,-5.5196910470247715,-0.09192736325940212,-7.395896115294381,-6.2439654755724145,-4.969892841324813,-7.955087469852301,-2.195112181270949,0.0,-0.5102391158855883,-1.9159538402059724,0.0
DS order-1.5 block Gaussian,20,8,4,19.13780751498416,-5650.798640639465,29758.638090847136,26184.53874702824,1.000439175470413,0.00999999999999998,1,0.05,0,25.28675987721015,0.20392704487844168,14.547547166443124,-0.005064576595204122,1.3396131780014704,0.3635076658167583,3.205912024771173,4.26188908033048,-2.2772795175495797,3.9329674736086506,3.9209220098736304,4.717137781885146,-5.475070594453241,-0.047458667707777825,-7.351007182816891,-6.198941456209529,-4.9275218743138645,-7.997025572090944,0.03876206301174274,0.34945369039900154,0.21247120034183847,0.052035061089853944,0.34727798515756325,3.2302809337396914,-1.5899929722452213,2.677422399780457,-0.5064576595204122,0.29238089915547977,-1.0119548933265063,3.205912024771173,4.26188908033048,-2.2772795175495797,3.9329674736086506,3.9209220098736304,4.717137781885146,-5.475070594453241,-0.047458667707777825,-7.351007182816891,-6.198941456209529,-4.9275218743138645,-7.997025572090944,-2.198929039576428,0.0,-0.4975645990831032,-1.9044533073559242,-0.006245481266033
DS order-1.5 block Gaussian,20,8,5,22.325261111953296,-5391.774579332962,29869.909354846484,40547.00840723169,1.000040076586242,0.00999999999999998,1,0.05,0,25.495294389661836,0.20079314907453788,14.624968552614071,-0.005308643869101976,1.3996263511330576,0.3801846865799819,3.164133750796738,4.3029052971748,-2.2323373775371076,3.9764404842479575,3.879991835818766,4.672300737267726,-5.431823694337876,-0.0032211866059046884,-7.3064705117438375,-6.155154692586418,-4.890342066383171,-8.041464463143836,0.038363518753005546,0.3468094438445481,0.2182190919167429,0.05339471704192902,0.3432132284437745,3.2384939013971836,-1.6054800099012922,2.682730242866998,-0.5308643869101977,0.33620530895137596,-0.9670981270141255,3.164133750796738,4.3029052971748,-2.2323373775371076,3.9764404842479575,3.879991835818766,4.672300737267726,-5.431823694337876,-0.0032211866059046884,-7.3064705117438375,-6.155154692586418,-4.890342066383171,-8.041464463143836,-2.201668500368291,0.0,-0.46327590902301935,-1.8710636666482892,-0.010423564633700321
DS order-1.5 block Gaussian,20,8,6,25.778169972996693,-5160.191402794982,29967.74292869627,17295.529078476262,1.0032542600499337,0.01999999999999998,1,0.05,0,25.70737862959892,0.19769687044309053,14.85007157741599,-0.005632578749099064,1.4615660365260275,0.3967597385111982,3.12140351606687,4.342040586827932,-2.1891328159803636,4.016503737921966,3.8377473346950866,4.62766616957017,-5.387794735444781,0.0,-7.26367923120656,-6.114055971536117,-4.859345753369975,-8.087137484736461,0.0380661349599544,0.3448996724779538,0.22236640201810512,0.054373661717430334,0.34029412882655635,3.246778056904148,-1.6210203787584232,2.698004685265105,-0.5632578749099064,0.3795084886236779,-0.9244243741649549,3.12140351606687,4.342040586827932,-2.1891328159803636,4.016503737921966,3.8377473346950866,4.62766616957017,-5.387794735444781,0.0,-7.26367923120656,-6.114055971536117,-4.859345753369975,-8.087137484736461,-2.2039285296486093,0.0,-0.4389270894261103,-1.847373693315099,-0.013443241903813094
DS order-1.5 block Gaussian,20,8,7,28.983760833973065,-5047.784355170055,30021.20158991907,27829.351888374928,1.0000117008309632,0.029999999999999978,1,0.05,0,26.177626652661225,0.19292167538792035,14.896098553679636,-0.005776393457094946,1.5294095006896837,0.4143969249980639,3.076365684883589,4.381687875490059,-2.1444412532652777,4.054787398561564,3.794497772742808,4.5814029664206934,-5.343648009963959,0.0,-7.219507065203957,-6.072751202139262,-4.834444853713534,-8.133065195750367,0.03790447067131832,0.34421992753935465,0.22463027658464127,0.054880658175133476,0.3383646670295523,3.26490510139378,-1.6454709994529109,2.7010993366298788,-0.5776393457094946,0.42488171364588656,-0.8809310084358624,3.076365684883589,4.381687875490059,-2.1444412532652777,4.054787398561564,3.794497772742808,4.5814029664206934,-5.343648009963959,0.0,-7.219507065203957,-6.072751202139262,-4.834444853713534,-8.133065195750367,-2.2062117125379506,0.0,-0.42682494186884734,-1.8361198010021875,-0.017156566905461433
DS order-1.5 block Gaussian,20,8,8,32.22336153197102,-4832.591331886935,30300.608757644746,6104.821271677513,1.0005010195387662,0.03999999999999998,1,0.05,0,26.538531723443935,0.18909803540679912,14.798099261890366,-0.006040107874646443,1.6018749546915974,0.4324120190857432,3.031390541945133,4.420359290603244,-2.1001109785893495,4.093210484548476,3.750420198214703,4.534609879613489,-5.300348716295987,0.0,-7.175401147930925,-6.032358461578096,-4.814054846562079,-8.180537945310821,0.037829320042364174,0.3444225103283345,0.2253129378346684,0.05502969048987483,0.33740554130475814,3.2785977042178365,-1.665489692547795,2.6944987442718045,-0.6040107874646443,0.4711747898515925,-0.8383763973828938,3.031390541945133,4.420359290603244,-2.1001109785893495,4.093210484548476,3.750420198214703,4.534609879613489,-5.300348716295987,0.0,-7.175401147930925,-6.032358461578096,-4.814054846562079,-8.180537945310821,-2.2087846669661846,0.0,-0.42437886070714326,-1.8339962647505708,-0.02058353789344442
DS order-1.5 block Gaussian,20,8,9,35.593021309992764,-4680.124971772209,30507.33245261608,14561.417289566834,1.0024802386142424,0.029999999999999978,1,0.05,0,26.475214356352904,0.18747171268958412,14.603241519895183,-0.005883005672337234,1.6724614112505414,0.4523014962925842,2.9889604477320244,4.457324276502441,-2.0572480439804512,4.134088265288687,3.7076162861934896,4.49192413644383,-5.263550120747345,0.0,-7.131547892558135,-5.989033977044556,-4.8199762058340525,-8.218084004868855,0.0382211703993154,0.34353296546152134,0.2221715607594082,0.05426698454859367,0.34180731883116133,3.2762089880119323,-1.6741273106085908,2.681243525981703,-0.5883005672337234,0.5142964402581329,-0.7934062943176868,2.9889604477320244,4.457324276502441,-2.0572480439804512,4.134088265288687,3.7076162861934896,4.49192413644383,-5.263550120747345,0.0,-7.131547892558135,-5.989033977044556,-4.8199762058340525,-8.218084004868855,-2.195893515341966,0.0,-0.4358331967453499,-1.8453670537196973,-0.005035893312583688
DS order-1.5 block Gaussian,20,8,10,38.74816044594627,-4443.142146268325,30399.69824886145,19357.862033260888,1.1129329066624116,0.03999999999999998,1,0.05,0,26.13579392182059,0.1886128827704146,14.542283607430768,-0.005744014750769172,1.7454774936391213,0.47246380848779407,2.94587234501392,4.494669880587225,-2.01416640573144,4.172644362112596,3.6631873071881134,4.44835763843124,-5.223661025876566,0.0,-7.087656093162875,-5.9464230936250635,-4.827057667924934,-8.257084566540652,0.03849454359067735,0.34325615873555565,0.22099948007830392,0.05399365885990737,0.34325615873555565,3.2633057894276387,-1.6680586037433285,2.677060516680434,-0.5744014750769172,0.5570281535463523,-0.7497941307749756,2.94587234501392,4.494669880587225,-2.01416640573144,4.172644362112596,3.6631873071881134,4.44835763843124,-5.223661025876566,0.0,-7.087656093162875,-5.9464230936250635,-4.827057667924934,-8.257084566540652,-2.1879604805744566,0.0,-0.4403166379786734,-1.8496103757580267,0.0
DS order-1.5 block Gaussian,20,8,11,42.103592331986874,-4330.5007935845715,30483.12881908982,28273.346451604768,1.4304992498942195,0.04999999999999998,1,0.05,0,26.16513057973303,0.1871570508928191,14.396256168885696,-0.005569961227161618,1.8213413557824345,0.49220809488172523,2.902351123071354,4.532419778832285,-1.971611672126323,4.207460806241183,3.6181874193733963,4.404440232553193,-5.181613103490739,0.0,-7.0446897397387245,-5.9058620912892295,-4.837620387314578,-8.296933116883897,0.03868368916490674,0.34291432208823874,0.22088514350757654,0.05400772434063482,0.34350912089864316,3.264427630437861,-1.6758071702528536,2.6669681845073185,-0.5569961227161617,0.5995732383028498,-0.7088536948342826,2.902351123071354,4.532419778832285,-1.971611672126323,4.207460806241183,3.6181874193733963,4.404440232553193,-5.181613103490739,0.0,-7.0446897397387245,-5.9058620912892295,-4.837620387314578,-8.296933116883897,-2.1837956215585437,-0.0017330380113052411,-0.44157081035943074,-1.8500865844647219,0.0
DS order-1.5 block Gaussian,20,8,12,45.47261428897036,-4224.718892856108,30566.19162238622,10555.684553222016,1.0053598691173058,0.07999999999999999,1,0.05,0,25.88883023612897,0.18840583388340454,14.352162748263247,-0.005353137982412586,1.8960382010031689,0.5,2.8606449818587527,4.567912790811546,-1.931247802871685,4.237348032140018,3.574373116749438,4.362452288315721,-5.1424357853285745,0.0,-7.003971616372601,-5.868652603727358,-4.850780500162495,-8.335085538618216,0.03880756099557321,0.3425198146617723,0.22090603977798443,0.05404786818327213,0.3437187163813979,3.253811610669665,-1.6691569519084406,2.6639006450140776,-0.5353137982412586,0.63976655183828,-0.6931471805599453,2.8606449818587527,4.567912790811546,-1.931247802871685,4.237348032140018,3.574373116749438,4.362452288315721,-5.1424357853285745,0.0,-7.003971616372601,-5.868652603727358,-4.850780500162495,-8.335085538618216,-2.181208539284659,-0.0034941288929933394,-0.44208618621268,-1.8499535362091288,0.0
DS order-1.5 block Gaussian,20,8,13,48.6202181839617,-4144.296074672293,30621.56351126737,3094.36073809676,1.028535726226851,0.06999999999999998,1,0.05,0,25.77787581658486,0.18802980836076133,14.217508866794057,-0.005116945315520966,1.9741051027762944,0.5,2.817655722698059,4.604485445512218,-1.890686726875382,4.2604672429119566,3.5304019807305567,4.3197243015164375,-5.105510644199179,0.0,-6.963206393450362,-5.834568316387956,-4.872783565110811,-8.375751018471616,0.038841285923769925,0.3405391457032395,0.22200887883588932,0.05441250431332383,0.34419818522377754,3.2495165975524434,-1.6711547736102883,2.654474223852153,-0.5116945315520965,0.6801151831482559,-0.6931471805599453,2.817655722698059,4.604485445512218,-1.890686726875382,4.2604672429119566,3.5304019807305567,4.3197243015164375,-5.105510644199179,0.0,-6.963206393450362,-5.834568316387956,-4.872783565110811,-8.375751018471616,-2.181733860208577,-0.010687526980489198,-0.4385002354878724,-1.8446236251674022,0.0
DS order-1.5 block Gaussian,20,8,14,52.00857076997636,-4084.3369378286543,30496.263515107126,22417.30276288635,2.5372604138512576,0.09999999999999998,1,0.05,0,26.047335958932365,0.18539824319633463,14.144896996444402,-0.004802332606867098,2.0623354200186,0.5,2.7733283353457896,4.645426847875384,-1.8467851974562717,4.265777462803054,3.484079812871657,4.274522281584494,-5.076374050050386,0.0,-6.919250943416183,-5.80754652047366,-4.903952852507923,-8.41959466197971,0.03845249886084239,0.334897271874306,0.22718184327242094,0.055744853150623934,0.3437235328418068,3.259915496518073,-1.685249101643203,2.6493539227506577,-0.4802332606867098,0.7238390396881823,-0.6931471805599453,2.7733283353457896,4.645426847875384,-1.8467851974562717,4.265777462803054,3.484079812871657,4.274522281584494,-5.076374050050386,0.0,-6.919250943416183,-5.80754652047366,-4.903952852507923,-8.41959466197971,-2.190413966928428,-0.026013816970673544,-0.41408688216779105,-1.8190525647369173,0.0
DS order-1.5 block Gaussian,20,8,15,55.428330397000536,-4074.4893778251785,30541.812140937192,24136.93829393605,1.000280047817498,0.10999999999999999,1,0.05,0,26.3662291714026,0.18256344309069658,13.985908880561997,-0.0044812520320704615,2.1488222866123894,0.5,2.731658080603892,4.684841074869496,-1.8055468001714308,4.271460670152977,3.4406192848697246,4.231263332659474,-5.0467877494024345,0.0,-6.87816882610061,-5.782675964417415,-4.932787736336787,-8.460062623376889,0.03809817510349008,0.3295657017110757,0.23183621540404964,0.05695605457827148,0.343543853203113,3.2720839932271018,-1.7006575329963922,2.63805031421412,-0.44812520320704613,0.7649199183881091,-0.6931471805599453,2.731658080603892,4.684841074869496,-1.8055468001714308,4.271460670152977,3.4406192848697246,4.231263332659474,-5.0467877494024345,0.0,-6.87816882610061,-5.782675964417415,-4.932787736336787,-8.460062623376889,-2.1991483858768466,-0.04153903703813227,-0.3932836150486828,-1.7970347711446577,0.0
DS order-1.5 block Gaussian,20,8,16,58.60449627897469,-4011.7922747395505,30680.71415148196,17426.078197570347,1.007690134833875,0.10999999999999999,1,0.05,0,26.533304830687893,0.18086698299535836,13.938239546545269,-0.004160436412469498,2.2337935178252564,0.5,2.6923643162405777,4.72253457480273,-1.7661593190395617,4.277138134295137,3.4008247793260864,4.191297164308931,-5.018156630656314,0.0,-6.83923515880311,-5.759082254870631,-4.959890944928783,-8.497950104554887,0.03778528694910285,0.32489936145715714,0.2357896272043972,0.05800119161857376,0.3435245327707691,3.278400729961345,-1.7099934184662462,2.6346361094481536,-0.4160436412469498,0.8037012692604344,-0.6931471805599453,2.6923643162405777,4.72253457480273,-1.7661593190395617,4.277138134295137,3.4008247793260864,4.191297164308931,-5.018156630656314,0.0,-6.83923515880311,-5.759082254870631,-4.959890944928783,-8.497950104554887,-2.207338736410807,-0.055743051793165334,-0.37631853178190033,-1.7787949736311621,0.0
DS order-1.5 block Gaussian,20,8,17,62.00341598899104,-4007.833061407279,30566.84502181109,6662.448215017196,1.1802353526942557,0.10999999999999999,1,0.05,0,26.92169562070653,0.17778004276611675,13.827176543288349,-0.003841180600373173,2.315105515998284,0.5,2.6551930256494742,4.759119337824741,-1.7283095420676335,4.284321915479675,3.364791072559419,4.153643960771704,-4.987442929510751,0.0,-6.801976378572214,-5.735684090814832,-4.985648872950181,-8.532027804068354,0.03736576621812219,0.3201037815809998,0.24157084983838928,0.059464738630446545,0.34149486373204224,3.292932490189135,-1.7272082076122373,2.6266359703359887,-0.3841180600373173,0.8394552657644119,-0.6931471805599453,2.6551930256494742,4.759119337824741,-1.7283095420676335,4.284321915479675,3.364791072559419,4.153643960771704,-4.987442929510751,0.0,-6.801976378572214,-5.735684090814832,-4.985648872950181,-8.532027804068354,-2.212577695103648,-0.06468737792674652,-0.3461698344427354,-1.7479491297631657,0.0
DS order-1.5 block Gaussian,20,8,18,65.36288568394957,-4004.5695366491636,30513.537249570756,11876.643508962206,1.2091075105421825,0.15,1,0.05,0,27.131162997287888,0.17577843319246161,13.646023976327188,-0.003540775013500901,2.387758992941841,0.5,2.6170689507670626,4.796578816420829,-1.6895277220567442,4.2906397340038875,3.335634276346591,4.119354536129493,-4.9602679127626415,0.0,-6.764876308468383,-5.714089342001323,-5.013308280040608,-8.562430555881413,0.03692366193857055,0.31500102902478516,0.24777803867076667,0.06103035089336573,0.339266919472512,3.3006829933262463,-1.7385309793427437,2.613448195414053,-0.3540775013500901,0.8703552662084532,-0.6931471805599453,2.6170689507670626,4.796578816420829,-1.6895277220567442,4.2906397340038875,3.335634276346591,4.119354536129493,-4.9602679127626415,0.0,-6.764876308468383,-5.714089342001323,-5.013308280040608,-8.562430555881413,-2.217934580155642,-0.07421126507449632,-0.3142538305914072,-1.7154158745776442,0.0
DS order-1.5 block Gaussian,20,8,19,68.49500090297079,-4013.1678536804293,30625.23948497493,14199.163625790923,1.000662759372665,0.13999999999999999,1,0.05,0,27.59915360742972,0.17212714524753547,13.448743066674023,-0.003265868243842545,2.4586112894954915,0.5,2.5803398069940355,4.835165763641958,-1.6504630179384625,4.30656613460571,3.31389497123907,4.087020869238811,-4.925584464354191,0.0,-6.7280049297161675,-5.69125663066991,-5.035033802186583,-8.586120106556335,0.036751380599709525,0.3118258798466684,0.2503191125907967,0.06166429489643734,0.33943933206638793,3.317785105855407,-1.7595218586992316,2.5988856493890165,-0.3265868243842545,0.8995966740796124,-0.6931471805599453,2.5803398069940355,4.835165763641958,-1.6504630179384625,4.30656613460571,3.31389497123907,4.087020869238811,-4.925584464354191,0.0,-6.7280049297161675,-5.69125663066991,-5.035033802186583,-8.586120106556335,-2.2231194408482615,-0.08485027852871148,-0.30455867888525057,-1.7055901586087945,0.0
DS order-1.5 block Gaussian,20,8,20,71.88564350199886,-4006.548337050309,30426.34382569898,32483.296899463014,1.0542939117869088,0.16999999999999998,1,0.05,0,27.674199752745437,0.17098348896010915,13.293043931877639,-0.003019975408676736,2.5275354573143294,0.5,2.5458774241932547,4.87301982642838,-1.612456266377762,4.324784325009689,3.2987727779883365,4.058709959237882,-4.8946302635294385,0.0,-6.692127730388033,-5.6690696570333605,-5.054202241206741,-8.60621076429549,0.036694324943488406,0.3095901164480776,0.2519071303434803,0.06208201910371611,0.33972640916123753,3.320500562286671,-1.7661882829301228,2.5872408857681104,-0.3019975408676736,0.9272447004251001,-0.6931471805599453,2.5458774241932547,4.87301982642838,-1.612456266377762,4.324784325009689,3.2987727779883365,4.058709959237882,-4.8946302635294385,0.0,-6.692127730388033,-5.6690696570333605,-5.054202241206741,-8.60621076429549,-2.225518505333702,-0.09289139715610853,-0.2990801255403921,-1.6996842151764973,0.0
DS order-1.5 block Gaussian,20,8,21,75.23952884000028,-4014.193785875271,30452.885459645946,15837.57212903121,1.0872752782780795,0.16999999999999998,1,0.05,0,27.861960224976258,0.16914183316739775,13.078801317641751,-0.0027848857662446744,2.5932842157812215,0.5,2.5139784059484067,4.90744201574525,-1.5766268025566332,4.346001568965811,3.287382885007339,4.033286165285932,-4.864859802469196,0.0,-6.657988217968217,-5.64624684894411,-5.0691425063724855,-8.623461549470566,0.03645757962015065,0.30621984892508075,0.25551771339195184,0.06297262170948967,0.3388322363533271,3.327262325710559,-1.7770176665207904,2.570992699447504,-0.27848857662446747,0.9529251094127076,-0.6931471805599453,2.5139784059484067,4.90744201574525,-1.5766268025566332,4.346001568965811,3.287382885007339,4.033286165285932,-4.864859802469196,0.0,-6.657988217968217,-5.64624684894411,-5.0691425063724855,-8.623461549470566,-2.2293557243540216,-0.1012018023514873,-0.2822133712892327,-1.6828050509779748,0.0
DS order-1.5 block Gaussian,20,8,22,78.39889793697512,-4011.71606163249,30231.45243647674,23649.139988360756,1.000001014329658,0.15999999999999998,1,0.05,0,27.98472897803246,0.1676705569573351,12.811204559529958,-0.002550024808915607,2.6552797197238713,0.5,2.4841671005867103,4.93913576144634,-1.5418519296162727,4.36847398213857,3.281308667796473,4.011695013756579,-4.83466962815724,0.0,-6.624322359445731,-5.623409146283268,-5.081730951412452,-8.635484959036717,0.03644540477984423,0.30456237648807183,0.2566771960324594,0.0632652957081723,0.3390497269914522,3.331658967752295,-1.7857541952908444,2.5503201442380328,-0.2550024808915607,0.9765500049725667,-0.6931471805599453,2.4841671005867103,4.93913576144634,-1.5418519296162727,4.36847398213857,3.281308667796473,4.011695013756579,-4.83466962815724,0.0,-6.624322359445731,-5.623409146283268,-5.081730951412452,-8.635484959036717,-2.230331402546132,-0.10727086884855552,-0.27832753507207364,-1.678809856163504,0.0
DS order-1.5 block Gaussian,20,8,23,81.77161278895801,-4008.3851000291324,30252.363554628504,12722.096053658948,1.0056369498119606,0.16999999999999998,1,0.05,0,28.1231209453963,0.1661144966975786,12.657965634688955,-0.0023199624641698337,2.7178689271642034,0.5,2.4579485188580787,4.970382798697902,-1.5084420634923836,4.390716171874919,3.27927026579972,3.9935902884562364,-4.806322630109116,0.0,-6.592541177520952,-5.602482393357199,-5.09200819998696,-8.643379193343558,0.03637523560920231,0.3026962727879231,0.2580683477420017,0.0636205613852797,0.33923958247559316,3.3365920474622874,-1.7950779892442736,2.5382867114409873,-0.23199624641698338,0.9998480905647407,-0.6931471805599453,2.4579485188580787,4.970382798697902,-1.5084420634923836,4.390716171874919,3.27927026579972,3.9935902884562364,-4.806322630109116,0.0,-6.592541177520952,-5.602482393357199,-5.09200819998696,-8.643379193343558,-2.232818388029052,-0.11397668799806115,-0.2734821271618006,-1.6737698804088752,0.0
DS order-1.5 block Gaussian,20,8,24,85.13384058600059,-4030.2942711778387,30222.184267402325,25550.21247064045,1.0132837979587577,0.15999999999999998,1,0.05,0,27.986422978678945,0.1662439727468943,12.476821567027834,-0.0021326798528713054,2.7798290816886984,0.5,2.4340999768631932,5.002428051220808,-1.4742093989850642,4.412588594168158,3.2813796820759586,3.979504823981774,-4.7795589516326356,0.0,-6.559653280075717,-5.580550390099584,-5.1019643513833115,-8.650188339601664,0.0368876296333899,0.3057054400598508,0.2551341819212212,0.06293217906737843,0.33934056931815965,3.3317194989576673,-1.7942988542573906,2.5238726483751006,-0.21326798528713053,1.0223894444055435,-0.6931471805599453,2.4340999768631932,5.002428051220808,-1.4742093989850642,4.412588594168158,3.2813796820759586,3.979504823981774,-4.7795589516326356,0.0,-6.559653280075717,-5.580550390099584,-5.1019643513833115,-8.650188339601664,-2.219127977781958,-0.10438220817700508,-0.28521462196083064,-1.6849466085506102,0.0
DS order-1.5 block Gaussian,20,8,25,88.27556248399196,-3975.325104624758,29964.329157480304,15125.991667825081,1.5199109581623418,0.18,1,0.05,0,27.606572089892296,0.16794708391662122,12.344795181617782,-0.0019541858416412673,2.838943731336128,0.5,2.4122908259751594,5.033955932759997,-1.4416615872075123,4.432748091664348,3.286462678819616,3.9677122813554733,-4.753475059505054,0.0,-6.528207923197873,-5.561084903523417,-5.112430652013545,-8.656966385834208,0.03747723031625222,0.3094585685455069,0.2515660285196107,0.0621109133693339,0.33938725924929625,3.318053863576224,-1.784106325881232,2.5132345314580316,-0.19541858416412672,1.0434320574057694,-0.6931471805599453,2.4122908259751594,5.033955932759997,-1.4416615872075123,4.432748091664348,3.286462678819616,3.9677122813554733,-4.753475059505054,0.0,-6.528207923197873,-5.561084903523417,-5.112430652013545,-8.656966385834208,-2.2034082560596593,-0.09231759565586281,-0.29943631912609103,-1.6982201009181388,0.0
DS order-1.5 block Gaussian,20,8,26,91.6465328639606,-3968.6638337138356,29961.012819994074,10364.567576579866,1.3349288590302189,0.18999999999999997,1,0.05,0,27.040656191389147,0.17094669381786515,12.25888757015911,-0.0017889812648753953,2.8995920123500643,0.5,2.391991702434691,5.064897765060571,-1.4090247488332532,4.453788771654491,3.2958744571797993,3.9594466212978605,-4.734100648199932,0.0,-6.496834148084924,-5.542113568944402,-5.12204025115638,-8.658911159580484,0.038266154870976565,0.3146210835587793,0.24684063747443238,0.060949567130530624,0.33932255696528113,3.2973415183133445,-1.7664035031372838,2.506251189862637,-0.17889812648753953,1.0645700416987802,-0.6931471805599453,2.391991702434691,5.064897765060571,-1.4090247488332532,4.453788771654491,3.2958744571797993,3.9594466212978605,-4.734100648199932,0.0,-6.496834148084924,-5.542113568944402,-5.12204025115638,-8.658911159580484,-2.1823853297922917,-0.07558214505611305,-0.3182082144777976,-1.7169043966084718,0.0
DS order-1.5 block Gaussian,20,8,27,95.044609871984,-3971.506332527859,29973.950284328894,20866.01566847628,2.389178505873175,0.18,1,0.05,0,26.637712878954513,0.17287587868539728,12.113254359911103,-0.001665723340065768,2.947699184537938,0.5,2.372254127666105,5.091648238055529,-1.3781930586030515,4.470897395607351,3.3069040534348333,3.953738686783326,-4.72104935834408,0.0,-6.46595186043028,-5.5252258095998785,-5.132425050263069,-8.65684749605448,0.039095203137541064,0.3197607518537945,0.24223512873593298,0.05974209376641061,0.3391668225063208,3.28232798909452,-1.7551814062312614,2.494300254733625,-0.16657233400657678,1.0810249285975142,-0.6931471805599453,2.372254127666105,5.091648238055529,-1.3781930586030515,4.470897395607351,3.3069040534348333,3.953738686783326,-4.72104935834408,0.0,-6.46595186043028,-5.5252258095998785,-5.132425050263069,-8.65684749605448,-2.1604923105656715,-0.05891902241973908,-0.33658322732704454,-1.7364552279714032,0.0
DS order-1.5 block Gaussian,20,8,28,98.3374289329513,-3963.971110881551,29572.403202252422,10562.478468127882,1.2929435661918691,0.21,1,0.05,0,26.34022520798864,0.17426803522936435,11.912576538629192,-0.0015294093448225132,2.9902983136865866,0.5,2.3532565488380808,5.115216400382263,-1.3503117757707528,4.483745063431131,3.3177478799565,3.9491345529921222,-4.709887767552962,0.0,-6.437511935136068,-5.51020290014094,-5.142425911925048,-8.653333438002488,0.03981814984077973,0.3243323886235887,0.23818987153545096,0.05869558247959915,0.33896400752058137,3.2710972463161174,-1.747160732663815,2.4775946940282374,-0.15294093448225132,1.0953731528895947,-0.6931471805599453,2.3532565488380808,5.115216400382263,-1.3503117757707528,4.483745063431131,3.3177478799565,3.9491345529921222,-4.709887767552962,0.0,-6.437511935136068,-5.51020290014094,-5.142425911925048,-8.653333438002488,-2.1415710947457787,-0.04412504849857337,-0.3528257940628635,-1.7535294611200778,0.0
DS order-1.5 block Gaussian,20,8,29,101.76188522699522,-3973.5839080888773,29732.4447629347,20411.687969977313,2.6603655890466316,0.19999999999999998,1,0.05,0,26.23657276730916,0.1743088297304399,11.790404165856282,-0.0014278320621861457,3.0277739983616643,0.5,2.334648289928994,5.134067123917189,-1.3254002750332012,4.494170096294812,3.3314146287394926,3.9469084721979,-4.7036835575727585,0.0,-6.410639084541669,-5.4948160101918715,-5.147121401024272,-8.649703185864716,0.040447036717678284,0.3287228710373934,0.23434211318566509,0.05777222955116716,0.338715749508096,3.267154344543591,-1.7469266695037913,2.467285994356655,-0.14278320621861457,1.1078276955247308,-0.6931471805599453,2.334648289928994,5.134067123917189,-1.3254002750332012,4.494170096294812,3.3314146287394926,3.9469084721979,-4.7036835575727585,0.0,-6.410639084541669,-5.4948160101918715,-5.147121401024272,-8.649703185864716,-2.1251678757045047,-0.02994620009129679,-0.3683791888141022,-1.7686530559895839,0.0
DS order-1.5 block Gaussian,20,8,30,105.11049649195047,-3969.721566446676,29718.663668142683,59236.18281165014,3.697162249707707,0.21,1,0.05,0,26.122540872033092,0.17443355146789086,11.61118399507645,-0.0013436982092640774,3.0605220764177243,0.5,2.317285652728602,5.149759414792695,-1.3032442595072482,4.500824243791523,3.345415799243459,3.946017641948013,-4.693732214832655,0.0,-6.385708128433472,-5.480870103284609,-5.152152039270808,-8.644265681375872,0.04129512299337664,0.3346619909200997,0.22929353136257072,0.0565091596586624,0.33824019506529057,3.2627985765543657,-1.7462114037403373,2.4519687711368694,-0.13436982092640773,1.118585514619918,-0.6931471805599453,2.317285652728602,5.149759414792695,-1.3032442595072482,4.500824243791523,3.345415799243459,3.946017641948013,-4.693732214832655,0.0,-6.385708128433472,-5.480870103284609,-5.152152039270808,-8.644265681375872,-2.1030118737217673,-0.01063523925677436,-0.38875330029072047,-1.7893535365233069,0.0
DS order-1.5 block Gaussian,20,8,31,108.23352663696278,-3983.1903970787534,29564.326992040402,22950.834304250006,2.41313377286636,0.19999999999999998,1,0.05,0,25.977554661937454,0.17486744348948954,11.522894239733365,-0.0012717563353614025,3.08971737615058,0.5,2.301154555064182,5.163268890330292,-1.2834331571170983,4.504959492764147,3.358317605991215,3.945485072825209,-4.683663130523733,0.0,-6.363095481089458,-5.468639282876489,-5.156926457415971,-8.638936504444153,0.042137172054245525,0.3384742272949811,0.2253809957601439,0.055533377595648296,0.3384742272949811,3.2572328829456056,-1.743727057855117,2.44433585980121,-0.12717563353614025,1.1280796226976262,-0.6931471805599453,2.301154555064182,5.163268890330292,-1.2834331571170983,4.504959492764147,3.358317605991215,3.945485072825209,-4.683663130523733,0.0,-6.363095481089458,-5.468639282876489,-5.156926457415971,-8.638936504444153,-2.08351765370037,0.0,-0.4066556668239275,-1.807463713372464,0.0
DS order-1.5 block Gaussian,20,8,32,111.62431672797538,-3981.146456000194,29470.775287109234,29634.644389758923,2.8312461739225907,0.18,1,0.05,0,25.744419731144106,0.1760188339858866,11.505450346049518,-0.001206880732881616,3.113914795915567,0.5,2.285733503380826,5.173977026694264,-1.2660542338495955,4.5052192656295365,3.3701060598282364,3.9455699530538344,-4.676826630546187,0.0,-6.342370226736654,-5.458205847718576,-5.162104231506576,-8.633467232827078,0.04305520475570975,0.33973807862274014,0.22263310824371085,0.054835529755099054,0.33973807862274014,3.248217894154723,-1.7371642783858376,2.442820866228371,-0.12068807328816161,1.13588071141755,-0.6931471805599453,2.285733503380826,5.173977026694264,-1.2660542338495955,4.5052192656295365,3.3701060598282364,3.9455699530538344,-4.676826630546187,0.0,-6.342370226736654,-5.458205847718576,-5.162104231506576,-8.633467232827078,-2.065691839926173,0.0,-0.42264980171076205,-1.8238366266817625,0.0
DS order-1.5 block Gaussian,20,8,33,114.99707032798324,-3993.417768235959,29626.71990112575,8466.791382947258,4.6879219900638285,0.21,1,0.05,0,25.50544848090948,0.17730345401441996,11.504136346444316,-0.0011514191579706857,3.132933050281651,0.5,2.271042411635585,5.182496319717871,-1.2508339932637103,4.502725429428718,3.3808905345798648,3.945986096758101,-4.671898920438254,0.0,-6.3234108650885625,-5.44942349758671,-5.167777954409251,-8.628202514801496,0.043820020622897436,0.34076540213707573,0.2203762250260518,0.05427295007689939,0.34076540213707573,3.238892095259088,-1.729892584904929,2.4427066529985386,-0.11514191579706858,1.1419696425370223,-0.6931471805599453,2.271042411635585,5.182496319717871,-1.2508339932637103,4.502725429428718,3.3808905345798648,3.945986096758101,-4.671898920438254,0.0,-6.3234108650885625,-5.44942349758671,-5.167777954409251,-8.628202514801496,-2.0511034654561495,0.0,-0.4358580707233184,-1.83716832439556,0.0
DS order-1.5 block Gaussian,20,8,34,118.12726297898917,-3994.875474778557,29420.813747674187,10704.228852179283,4.892641340006815,0.19999999999999998,1,0.05,0,25.266471853551106,0.17873526274890159,11.493094904241708,-0.0010945829579900078,3.1410816766664107,0.4998959295592079,2.255753586200783,5.186318656834342,-1.2388422639307597,4.49416196245542,3.3903822026763595,3.946739360910444,-4.673884926757163,0.0,-6.306027458895084,-5.443232841252192,-5.175056623313891,-8.624053230213674,0.04462499972304479,0.34177115017701387,0.21813928398366653,0.053693415939260934,0.34177115017701387,3.2294782936688735,-1.7218495469668826,2.4417464119216317,-0.1094582957990008,1.1445672236142916,-0.693355343105849,2.255753586200783,5.186318656834342,-1.2388422639307597,4.49416196245542,3.3903822026763595,3.946739360910444,-4.673884926757163,0.0,-6.306027458895084,-5.443232841252192,-5.175056623313891,-8.624053230213674,-2.0358471276580734,0.0,-0.44900758542703695,-1.8508509757612104,0.0
DS order-1.5 block Gaussian,20,8,35,121.62514957599342,-3992.027210173408,29580.928525425916,21347.93333795916,5.209118073519569,0.22999999999999998,1,0.05,0,25.070812562128467,0.17998588980945068,11.462068827366501,-0.0010399710151395166,3.1381290668692907,0.49929215503930935,2.2393281103879046,5.18505540418221,-1.229957211078204,4.478619490678606,3.3979211307155084,3.9476497650304405,-4.685458880815262,0.0,-6.289884325958842,-5.439691067870382,-5.1844192238120765,-8.62143856548942,0.04537560102127267,0.3426759893587402,0.21610046026296723,0.05317195999827972,0.3426759893587402,3.2217043233772413,-1.7148768211120755,2.4390432209419566,-0.10399710151395167,1.1436267837611545,-0.6945638735170735,2.2393281103879046,5.18505540418221,-1.229957211078204,4.478619490678606,3.3979211307155084,3.9476497650304405,-4.685458880815262,0.0,-6.289884325958842,-5.439691067870382,-5.1844192238120765,-8.62143856548942,-2.021810825131567,0.0,-0.4610419699051456,-1.8632541735796588,0.0
DS order-1.5 block Gaussian,20,8,36,125.00730018597096,-3986.7263381035386,29692.44520321838,16819.051007037026,6.265436897487419,0.24999999999999997,1,0.05,0,24.886447301651096,0.18127170995637537,11.429655093198287,-0.000990215020324206,3.12614953556747,0.49826442830473955,2.222138551556946,5.179601261713955,-1.2237575784654362,4.457658775019362,3.403660940309746,3.948707733063851,-4.703684341814249,0.0,-6.274957643291365,-5.438603259144675,-5.195545826478712,-8.619789019489666,0.04611487808221356,0.34351249762583624,0.21418670303082712,0.05267342363528688,0.34351249762583624,3.2143233702195184,-1.7077582133506357,2.4362113017782243,-0.09902150203242062,1.139802066929223,-0.6966243623461593,2.222138551556946,5.179601261713955,-1.2237575784654362,4.457658775019362,3.403660940309746,3.948707733063851,-4.703684341814249,0.0,-6.274957643291365,-5.438603259144675,-5.195545826478712,-8.619789019489666,-2.0080878612837902,0.0,-0.47237541545773776,-1.8751124611887062,0.0
DS order-1.5 block Gaussian,20,8,37,128.1322270979872,-3988.799808827085,29539.633108703598,8655.751487186875,6.646053456575165,0.21999999999999997,1,0.05,0,24.747927413652913,0.1823224083117041,11.405217664167843,-0.0009450811211320054,3.1063251851709883,0.496841781689212,2.204214191406532,5.1705221078815295,-1.2200046087080187,4.431906930547794,3.4078387013121336,3.9499103079986666,-4.72793987701308,0.0,-6.261109295335615,-5.439874109358878,-5.208553522936508,-8.61921078340333,0.04676094863147566,0.344211023724461,0.21256160899457222,0.052255394925030195,0.344211023724461,3.208741744645729,-1.701978684875126,2.434070940531688,-0.09450811211320054,1.133440415051484,-0.6994836502703631,2.204214191406532,5.1705221078815295,-1.2200046087080187,4.431906930547794,3.4078387013121336,3.9499103079986666,-4.72793987701308,0.0,-6.261109295335615,-5.439874109358878,-5.208553522936508,-8.61921078340333,-1.9962064867138898,0.0,-0.48202303933005114,-1.8851117726863522,0.0
DS order-1.5 block Gaussian,20,8,38,131.50936288194498,-3984.440835974448,29684.35995062978,22334.116578190966,4.291645680019724,0.19999999999999998,1,0.05,0,24.62345024158233,0.18338831973211442,11.396067477417224,-0.000909555680159806,3.0788365045142196,0.49497367785200563,2.185338322360039,5.157739771872579,-1.21857417011117,4.401300020872833,3.4104460612258904,3.9512874656174692,-4.756447486215811,0.0,-6.247850403493198,-5.443070559793161,-5.223438853726132,-8.619184660659139,0.04740620442821631,0.34486478253746583,0.2110224994842729,0.051841731012579134,0.34486478253746583,3.2036992507257165,-1.6961494085809519,2.4332683377674145,-0.0909555680159806,1.124551767342248,-0.7032506938838976,2.185338322360039,5.157739771872579,-1.21857417011117,4.401300020872833,3.4104460612258904,3.9512874656174692,-4.756447486215811,0.0,-6.247850403493198,-5.443070559793161,-5.223438853726132,-8.619184660659139,-1.9843992902858165,0.0,-0.49118764511278085,-1.8949569625979845,0.0
DS order-1.5 block Gaussian,20,8,39,134.90617311099777,-3972.4847067039914,29789.90083711002,23327.061979615104,7.025824935356402,0.19999999999999998,1,0.05,0,24.488564633122557,0.18463631464479544,11.391148569161391,-0.0008818435977023981,3.0449810594604383,0.49273175219458987,2.165640331286384,5.141651411560548,-1.219218614696863,4.366888209752582,3.4115966164818596,3.9527360089723174,-4.788436536432534,-0.0005570195094308512,-6.235218711826991,-5.447867620374,-5.239901184567397,-8.619753812729789,0.048041453166577895,0.34546462207927137,0.20958812796054935,0.05144117471433001,0.34546462207927137,3.198206258920681,-1.6893672555410002,2.4328366125121503,-0.0881843597702398,1.1134946809324782,-0.7077903662183083,2.165640331286384,5.141651411560548,-1.219218614696863,4.366888209752582,3.4115966164818596,3.9527360089723174,-4.788436536432534,-0.0005570195094308512,-6.235218711826991,-5.447867620374,-5.239901184567397,-8.619753812729789,-1.9728259958171184,0.0,-0.4997459322344234,-1.90445132540619,0.0
DS order-1.5 block Gaussian,20,8,40,138.049893837946,-3970.4384733690367,29875.229433114484,16577.703735296443,5.025599918320574,0.18999999999999997,1,0.05,0,24.34938632372344,0.18601674966448103,11.380179359141305,-0.0008598609930397531,3.005734916979199,0.4901662707147129,2.1452382861914217,5.122706018389788,-1.2217304624562435,4.32955021821981,3.41145755528839,3.954207222328524,-4.823315722956679,-0.002631276851140031,-6.223294706296426,-5.454035057930702,-5.257646986878667,-8.620818854420264,0.048685987244736995,0.34603617518378743,0.2082008581440138,0.05104080424367436,0.34603617518378743,3.192506646899863,-1.6819185573637947,2.4318731894827095,-0.08598609930397531,1.1005221028046306,-0.7130106174469764,2.1452382861914217,5.122706018389788,-1.2217304624562435,4.32955021821981,3.41145755528839,3.954207222328524,-4.823315722956679,-0.002631276851140031,-6.223294706296426,-5.454035057930702,-5.257646986878667,-8.620818854420264,-1.9611520697099587,0.0,-0.5080400442452387,-1.9139179261091122,0.0
DS order-1.5 block Gaussian,20,8,41,141.47290159697877,-3952.617618425368,30138.72097593402,18009.863896895527,5.560823571759823,0.21,1,0.05,0,24.210850110038635,0.18747813743493885,11.355643603160129,-0.0008390934756908068,2.9618121282952994,0.48731896044646345,2.1243556416682154,5.1014117508842665,-1.2259777217049967,4.289556008843713,3.4101248801769635,3.955762391662168,-4.860303351012575,-0.0060328182534944395,-6.212113556163073,-5.461607773713417,-5.276615057494505,-8.622278826889154,0.04928377292694627,0.346538324977033,0.20696415690182496,0.05067542021716267,0.346538324977033,3.186800884337559,-1.6740930407170131,2.4297148541062716,-0.08390934756908068,1.0858012865197963,-0.7188364207033615,2.1243556416682154,5.1014117508842665,-1.2259777217049967,4.289556008843713,3.4101248801769635,3.955762391662168,-4.860303351012575,-0.0060328182534944395,-6.212113556163073,-5.461607773713417,-5.276615057494505,-8.622278826889154,-1.9503985411956914,0.0,-0.5154477952992365,-1.9225524338082987,0.0
DS order-1.5 block Gaussian,20,8,42,144.89408055099193,-3942.9999988397612,30258.23335805413,12540.450199543298,4.85171195755273,0.18,1,0.05,0,24.073236134183418,0.1890064991913097,11.312128370151186,-0.0008169777918807996,2.9138863576066645,0.4842246656631461,2.103136773690723,5.0783300660467825,-1.231702291572728,4.247373236847017,3.4075815483404877,3.957271460728657,-4.89883153971543,-0.010540289610275103,-6.201658184467823,-5.47042527678258,-5.296502298728645,-8.623922589081731,0.04984873738710303,0.34699133466252124,0.20583406683517919,0.05033452645267521,0.34699133466252124,3.1811006895456657,-1.6659738772581159,2.4258754572290764,-0.08169777918807997,1.0694877082502439,-0.725206294711719,2.103136773690723,5.0783300660467825,-1.231702291572728,4.247373236847017,3.4075815483404877,3.957271460728657,-4.89883153971543,-0.010540289610275103,-6.201658184467823,-5.47042527678258,-5.296502298728645,-8.623922589081731,-1.9403066396365178,0.0,-0.5222294640815385,-1.930608555257276,0.0
DS order-1.5 block Gaussian,20,8,43,148.00424020399805,-3937.385978711767,30395.187432923696,24166.307515586443,3.596212331932161,0.19999999999999998,1,0.05,0,23.954461563237672,0.19044692753438375,11.247639815294335,-0.0007934071949007859,2.8632106708511023,0.4808985250236393,2.081677956278106,5.053694310076857,-1.2387483133039447,4.203438101204144,3.4041890705467956,3.9588590075800543,-4.938599076494191,-0.016040226843117476,-6.191937313537598,-5.4805258696345875,-5.317215262199656,-8.625299663510534,0.050218192250104196,0.3472709249999716,0.20512344136451033,0.050116516385442275,0.3472709249999716,3.176154593072984,-1.6583817188503833,2.420158312444489,-0.07934071949007859,1.0519436073595985,-0.7320989978197983,2.081677956278106,5.053694310076857,-1.2387483133039447,4.203438101204144,3.4041890705467956,3.9588590075800543,-4.938599076494191,-0.016040226843117476,-6.191937313537598,-5.4805258696345875,-5.317215262199656,-8.625299663510534,-1.9337278825294,0.0,-0.5264932880834773,-1.9357546168638828,0.0
DS order-1.5 block Gaussian,20,8,44,151.38284697098425,-3930.129479960678,30682.09016067583,85663.90030075061,3.967187351662094,0.21,1,0.05,0,23.850245483623524,0.191825349322725,11.173625858232189,-0.0007678259711703965,2.8102619859451563,0.47738980608298237,2.0601744556037325,5.027905457642222,-1.2469656905212485,4.158157933002224,3.3999257176873785,3.960465883814731,-4.978953363366474,-0.02236601063038383,-6.182940067871084,-5.491787479696441,-5.338734988444488,-8.62625433134865,0.050370461728368544,0.34736947158511156,0.20486020081754402,0.05003039428386439,0.34736947158511156,3.171794510095783,-1.6511699598710632,2.4135561672324384,-0.07678259711703965,1.033277712432128,-0.7394219182945302,2.0601744556037325,5.027905457642222,-1.2469656905212485,4.158157933002224,3.3999257176873785,3.960465883814731,-4.978953363366474,-0.02236601063038383,-6.182940067871084,-5.491787479696441,-5.338734988444488,-8.62625433134865,-1.9309840466545856,0.0,-0.5280611738285383,-1.9377582666858952,0.0
DS order-1.5 block Gaussian,20,8,45,154.7751486809575,-3914.034703744943,30690.567316147622,27139.09373930125,2.6594661176078196,0.15999999999999998,1,0.05,0,23.752344025232276,0.19319742935151785,11.0988466837997,-0.0007410049308218587,2.755858716093284,0.4737539319137745,2.038761954028309,5.001300005285522,-1.2561375401445958,4.1120238448076964,3.3949586537901126,3.9620742065350507,-5.01955326010477,-0.029361803739542447,-6.174611397274247,-5.503960106487094,-5.360820103178492,-8.626851313316271,0.05038236553349053,0.3469893629490482,0.20504754248207846,0.05007041088554087,0.3475103181498419,3.167681221409794,-1.6440426629262057,2.406841200559677,-0.07410049308218587,1.0137290877202665,-0.7470672230658006,2.038761954028309,5.001300005285522,-1.2561375401445958,4.1120238448076964,3.3949586537901126,3.9620742065350507,-5.01955326010477,-0.029361803739542447,-6.174611397274247,-5.503960106487094,-5.360820103178492,-8.626851313316271,-1.9311531334386227,-0.001500231930067113,-0.5275524902844525,-1.9373641245512743,0.0
DS order-1.5 block Gaussian,20,8,46,157.88895576796494,-3914.1819045718908,30800.0456101153,13271.779073564952,2.8008588047654954,0.15999999999999998,1,0.05,0,23.648710306397202,0.19465930632593342,11.029413974885404,-0.00071362544821497,2.7004828125003453,0.47001662812040235,2.0174870619395153,4.974116380003797,-1.2660980743220842,4.065478040830868,3.389455653476567,3.9636556886980747,-5.0600292660468265,-0.036872819796503475,-6.166915685710113,-5.516825855858618,-5.383192295859669,-8.626943450480416,0.050341555999481306,0.3463542610891511,0.2054406443618718,0.0501669223716294,0.3476966161778664,3.16330858095193,-1.6365043955063547,2.4005657017438393,-0.071362544821497,0.9934305764685647,-0.7549872059242747,2.0174870619395153,4.974116380003797,-1.2660980743220842,4.065478040830868,3.389455653476567,3.9636556886980747,-5.0600292660468265,-0.036872819796503475,-6.166915685710113,-5.516825855858618,-5.383192295859669,-8.626943450480416,-1.9324994079175317,-0.003868179715541532,-0.5261731499566416,-1.9359744143332471,0.0
DS order-1.5 block Gaussian,20,8,47,161.28944966598647,-3909.803168634468,30995.489982941082,63519.86489724957,2.975825965219972,0.15999999999999998,1,0.05,0,23.527904589408188,0.1963050593993098,10.96019285106797,-0.0006879940084755094,2.6447078543927054,0.4661803679018055,1.996366682273592,4.946486007436505,-1.2767001364266655,4.018720586132682,3.383613118807227,3.965322282456875,-5.100441254656288,-0.044821434811055896,-6.159788836438351,-5.5302815230799505,-5.405774836306537,-8.626488505338092,0.05034443836803719,0.3459173504879109,0.20568026659465602,0.050220076687296215,0.34783786786209975,3.158187146050008,-1.6280854042197883,2.3942698772654256,-0.06879940084755094,0.9725606071845463,-0.763182664159907,1.996366682273592,4.946486007436505,-1.2767001364266655,4.018720586132682,3.383613118807227,3.965322282456875,-5.100441254656288,-0.044821434811055896,-6.159788836438351,-5.5302815230799505,-5.405774836306537,-8.626488505338092,-1.9328483206225944,-0.0055365991616018444,-0.5254136151437154,-1.9353215935075025,0.0
DS order-1.5 block Gaussian,20,8,48,164.70255648699822,-3899.4957707363455,31080.485338139802,23428.420567774654,1.711534588908705,0.13999999999999999,1,0.05,0,23.394483946440694,0.1980949060923824,10.897417764921123,-0.0006642850417766374,2.5890042030372014,0.4622837581960493,1.975495371161066,4.918615117101838,-1.2878121963576448,3.972027362479302,3.377548647011889,3.9670679519542937,-5.140606668698274,-0.05312672815222443,-6.153198852128111,-5.5441764181883,-5.428417885500423,-8.625588631480612,0.05042064580752886,0.3458097847076631,0.20566335122632257,0.05019903977594317,0.34790717848254227,3.152500265790673,-1.6190090394276098,2.3885258588685008,-0.06642850417766374,0.9512733241891727,-0.7715763812115477,1.975495371161066,4.918615117101838,-1.2878121963576448,3.972027362479302,3.377548647011889,3.9670679519542937,-5.140606668698274,-0.05312672815222443,-6.153198852128111,-5.5441764181883,-5.428417885500423,-8.625588631480612,-1.9315349854612307,-0.00604684699088638,-0.5256951010457998,-1.935939817152178,0.0
DS order-1.5 block Gaussian,20,8,49,167.85595439799363,-3900.1866104991755,31187.09483056441,18141.97985742351,1.2433781167046851,0.13999999999999999,1,0.05,0,23.265939108276307,0.1998707015381988,10.844068977775848,-0.0006418805326417035,2.5339255798259472,0.45834268412864043,1.9549053644072905,4.890703726821148,-1.299277511046853,3.925809565389949,3.371495783592867,3.968911511523857,-5.180493103008352,-0.061746447265140315,-6.147079297675317,-5.558269068341882,-5.4509356287072634,-8.624313397892127,0.0505205766211507,0.3458090027844015,0.20556740424498823,0.05015371639943881,0.3479492999500207,3.1469904501933637,-1.6100846138093705,2.3836182925324416,-0.06418805326417035,0.929769712811779,-0.7801381560224722,1.9549053644072905,4.890703726821148,-1.299277511046853,3.925809565389949,3.371495783592867,3.968911511523857,-5.180493103008352,-0.061746447265140315,-6.147079297675317,-5.558269068341882,-5.4509356287072634,-8.624313397892127,-1.9296760682244167,-0.006170171794567815,-0.5262827980140787,-1.936964162027878,0.0
DS order-1.5 block Gaussian,20,8,50,171.305236116983,-3897.4409018930423,31424.766266316696,15466.87346623716,1.4259458640069298,0.10999999999999999,1,0.05,0,23.160681909119354,0.20146238002713435,10.79794264151072,-0.0006216824896556869,2.4801799091106345,0.45435759252569585,1.9347479318235863,4.863068308315573,-1.3109098242844595,3.8803430583848613,3.365660569351796,3.9709249114442424,-5.219433224751615,-0.07040939860622196,-6.141297943722262,-5.572307637079268,-5.4731745512051715,-8.62240810568154,0.050651772634827036,0.34596457552466503,0.20535170044789383,0.05007572394533381,0.34795622744728033,3.142456095670282,-1.6021526146431417,2.3793556198270616,-0.06216824896556869,0.9083311015419259,-0.7888707422382539,1.9347479318235863,4.863068308315573,-1.3109098242844595,3.8803430583848613,3.365660569351796,3.9709249114442424,-5.219433224751615,-0.07040939860622196,-6.141297943722262,-5.572307637079268,-5.4731745512051715,-8.62240810568154,-1.9271024608572465,-0.0057403017260850816,-0.5273525675674083,-1.9385403499974119,0.0
DS order-1.5 block Gaussian,20,8,51,174.7620429879753,-3904.711989778481,31464.621251268312,22993.972243233136,1.01926599661189,0.12999999999999998,1,0.05,0,23.061312808290673,0.20301640355970155,10.755137786733794,-0.000604030163987685,2.427647872528824,0.4503415800801365,1.9150752761933263,4.835906389162508,-1.3226171120476462,3.835829954303334,3.360216972584307,3.9731428877032187,-5.257151932149636,-0.07904716769522764,-6.135807069050154,-5.586164133688695,-5.495022450954981,-8.619782704281668,0.05076892656274002,0.3461016360397958,0.20515443436951716,0.05000860767495201,0.347966395352995,3.138156443328464,-1.59446849749214,2.375383574049417,-0.060403016398768494,0.8869228348909177,-0.7977489173185571,1.9150752761933263,4.835906389162508,-1.3226171120476462,3.835829954303334,3.360216972584307,3.9731428877032187,-5.257151932149636,-0.07904716769522764,-6.135807069050154,-5.586164133688695,-5.495022450954981,-8.619782704281668,-1.9248214244392137,-0.00537343233153006,-0.5283428761248022,-1.9399107659236934,0.0
DS order-1.5 block Gaussian,20,8,52,177.87396421196172,-3908.243324752321,31702.86014198779,59317.34622861579,1.3931161258241422,0.11999999999999998,1,0.05,0,22.975334812358554,0.20445757419362634,10.710989624638827,-0.0005902712314543162,2.376591072439104,0.44631838598941476,1.8959265748243728,4.809346707894301,-1.3342956186612929,3.7925005958013065,3.355282086005253,3.9755429552787307,-5.293422594949183,-0.08753443674871636,-6.130536962151074,-5.599787420316894,-5.516440752997827,-8.616540578591193,0.050884210689801215,0.3462506302839286,0.20495148182614997,0.04994186470791243,0.3479718124922079,3.1344212410347425,-1.5873947861781845,2.3712702821179237,-0.05902712314543162,0.8656671384243805,-0.806722711714589,1.8959265748243728,4.809346707894301,-1.3342956186612929,3.7925005958013065,3.355282086005253,3.9755429552787307,-5.293422594949183,-0.08753443674871636,-6.130536962151074,-5.599787420316894,-5.516440752997827,-8.616540578591193,-1.9225688050325236,-0.004958600093815506,-0.5293482008003899,-1.9412618547887501,0.0
DS order-1.5 block Gaussian,20,8,53,181.2824427819578,-3917.348489916323,31824.460263949335,52166.06280107397,1.0222156818000518,0.10999999999999999,1,0.05,0,22.900102706597227,0.20580272699141386,10.670700322332138,-0.0005806563360359038,2.3271787542939717,0.442310155268513,1.8773216054848094,4.783461516601215,-1.3458732878755817,3.7504307584756083,3.350874869765407,3.978101299905551,-5.32828624725966,-0.09584972639036264,-6.125446755074035,-5.613115787206743,-5.53738278097516,-8.612762939522643,0.051024247230175866,0.3465229990144078,0.20465521992437416,0.04984907601362527,0.34794845781741696,3.131141395554382,-1.5808372049828352,2.3675016978675907,-0.05806563360359038,0.8446566988575829,-0.8157439342346215,1.8773216054848094,4.783461516601215,-1.3458732878755817,3.7504307584756083,3.350874869765407,3.978101299905551,-5.32828624725966,-0.09584972639036264,-6.125446755074035,-5.613115787206743,-5.53738278097516,-8.612762939522643,-1.9197534034587844,-0.004105167435903808,-0.5307276498783857,-1.9430543981825095,0.0
DS order-1.5 block Gaussian,20,8,54,184.6916067879647,-3936.7841108166876,32116.580437294713,35541.25779121362,1.036050540977339,0.13999999999999999,1,0.05,0,22.837840569012855,0.2070244776535182,10.629394621810885,-0.0005749332241582944,2.279480082623215,0.43833946954948544,1.8592759992076853,4.758298906488605,-1.3572928261857709,3.709731549013985,3.3470385464364067,3.9808066433142106,-5.361773982723263,-0.10397910073414346,-6.120530884123669,-5.626102147687678,-5.557798907045595,-8.608514206702742,0.051189656211196866,0.34691572073311133,0.20426807876457062,0.04973020173089515,0.347896342560226,3.1284188343028543,-1.5749182431737887,2.3636232407613913,-0.05749332241582943,0.8239473830254714,-0.8247616241641564,1.8592759992076853,4.758298906488605,-1.3572928261857709,3.709731549013985,3.3470385464364067,3.9808066433142106,-5.361773982723263,-0.10397910073414346,-6.120530884123669,-5.626102147687678,-5.557798907045595,-8.608514206702742,-1.9163670846871053,-0.002822698482144734,-0.5324713264509685,-1.9452921399557301,0.0
DS order-1.5 block Gaussian,20,8,55,187.7946795859607,-3947.2607163171715,32115.052306624042,41211.32373736482,1.0973281300863182,0.10999999999999999,1,0.05,0,22.791891810494516,0.20808139122191122,10.58320951854525,-0.000572882909329751,2.2334767330390175,0.43442576818517153,1.8418127275313667,4.733903405974042,-1.3685086202966605,3.670496772266942,3.3438089710055308,3.9836492731488318,-5.3938850686840425,-0.11196807095350407,-6.1158101066749815,-5.6387195512745905,-5.577667406839882,-8.603846321237997,0.05130735208685921,0.3471084527815514,0.20403958813979867,0.04965911695657537,0.3478854900352153,3.126404850365041,-1.569825971868748,2.3592687375670622,-0.05728829093297509,0.8035594444909531,-0.8337301930950772,1.8418127275313667,4.733903405974042,-1.3685086202966605,3.670496772266942,3.3438089710055308,3.9836492731488318,-5.3938850686840425,-0.11196807095350407,-6.1158101066749815,-5.6387195512745905,-5.577667406839882,-8.603846321237997,-1.9140393165608138,-0.00223609884796706,-0.5335593394762429,-1.946691375864871,0.0
DS order-1.5 block Gaussian,20,8,56,191.26392170897452,-3964.3133901675865,32154.567148060196,28149.399021215875,1.0122432005277462,0.11999999999999998,1,0.05,0,22.748846328974274,0.20909438532210048,10.536025745310875,-0.0005750640515013576,2.1892645386768272,0.4305854813750853,1.8249688931816055,4.710353416404001,-1.37946931330337,3.632766272669553,3.341256480756852,3.986645497775027,-5.424449636697924,-0.1197383389463587,-6.111240755239956,-5.650942979029508,-5.596989731271854,-8.598684727626168,0.05138166367249374,0.34712295193650916,0.20395412796564252,0.04963025988038707,0.34791099654496754,3.124514433296805,-1.5649695245479438,2.3548004079944556,-0.05750640515013576,0.7835656603376582,-0.8426094118170483,1.8249688931816055,4.710353416404001,-1.37946931330337,3.632766272669553,3.341256480756852,3.986645497775027,-5.424449636697924,-0.1197383389463587,-6.111240755239956,-5.650942979029508,-5.596989731271854,-8.598684727626168,-1.9126653190825755,-0.0022676444736867032,-0.5340515843631264,-1.947345964065949,0.0
DS order-1.5 block Gaussian,20,8,57,194.60420070996042,-4015.1970119130674,32365.306576012274,22056.037491979103,1.0000148433333031,0.09999999999999998,1,0.05,0,22.696116032925932,0.21018285076893484,10.485872452066099,-0.0005824673258131032,2.1469721773899586,0.4268400366592113,1.808796558894084,4.687751885280336,-1.3901200640093176,3.596645407390735,3.339562140844889,3.989849114324524,-5.453047531157847,-0.12714446129441995,-6.106803632435781,-5.662749485207647,-5.61570260483788,-8.59289810019793,0.051484408209379724,0.34726634167488596,0.2037699689642144,0.049573063601280484,0.3479062175502395,3.122193809977,-1.5597774091723302,2.3500288704359,-0.058246732581310315,0.7640585599817316,-0.851345957348641,1.808796558894084,4.687751885280336,-1.3901200640093176,3.596645407390735,3.339562140844889,3.989849114324524,-5.453047531157847,-0.12714446129441995,-6.106803632435781,-5.662749485207647,-5.61570260483788,-8.59289810019793,-1.9106539450426554,-0.0018409128714063161,-0.5349411991525013,-1.948485339998669,0.0
DS order-1.5 block Gaussian,20,8,58,197.78193526895484,-4047.439006971301,32403.678903778018,44849.847936825136,1.0284071743288035,0.08999999999999998,1,0.05,0,22.622819444268924,0.21145048750628256,10.431223248469818,-0.0005959205603825488,2.1064974404018555,0.42321308016359377,1.7933355757905545,4.666193232491183,-1.40039154528818,3.5623154893591673,3.338888795637312,3.99330750600923,-5.479352364890973,-0.13405774959186736,-6.102450731027882,-5.674047663212066,-5.633597659703475,-8.586295077986843,0.05158582180047068,0.3474132216974577,0.20358801969695703,0.04951545370695925,0.3478974830981553,3.1189591067874574,-1.5537644095270087,2.3448035438682013,-0.05959205603825488,0.7450265873409457,-0.8598794911567179,1.7933355757905545,4.666193232491183,-1.40039154528818,3.5623154893591673,3.338888795637312,3.99330750600923,-5.479352364890973,-0.13405774959186736,-6.102450731027882,-5.674047663212066,-5.633597659703475,-8.586295077986843,-1.9086609841540096,-0.0013929354910183448,-0.5358094069840412,-1.949623030624497,0.0
DS order-1.5 block Gaussian,20,8,59,201.34967412200058,-3999.742171694286,32495.785830996338,21512.976131302737,1.0000011650958547,0.08999999999999998,1,0.05,0,22.51964992622666,0.2129923537183654,10.371086176391165,-0.0006147768157697977,2.0678311006059813,0.419717619615584,1.778595744962334,4.645722018309564,-1.4102427609814374,3.5298018395830373,3.3392534966797744,3.9970310133941664,-5.503355672870639,-0.14042536871175332,-6.098162520271955,-5.684795411868968,-5.650653169414884,-8.578939655063662,0.051714293508391795,0.34768326363674207,0.20331472186684285,0.04942946822992121,0.3478582527581021,3.1143882581340865,-1.5464990119529052,2.3390217589348685,-0.06147768157697976,0.726500280489684,-0.8681731280713605,1.778595744962334,4.645722018309564,-1.4102427609814374,3.5298018395830373,3.3392534966797744,3.9970310133941664,-5.503355672870639,-0.14042536871175332,-6.098162520271955,-5.684795411868968,-5.650653169414884,-8.578939655063662,-1.9060608636514575,-0.0005031737744688852,-0.5370399446291185,-1.9512483079189316,0.0
DS order-1.5 block Gaussian,20,8,60,204.79271603398956,-4112.251840889282,32535.87631548153,39394.925609955724,1.0394377344733956,0.11999999999999998,1,0.05,0,22.40463558265162,0.21463706985245357,10.306570609055314,-0.0006388336806206322,2.0309143723555545,0.41637771658952616,1.764589568092376,4.6264544292792955,-1.419618965445495,3.499280640465546,3.3408080783249914,4.001019094239409,-5.524837272287988,-0.14612623556556142,-6.093902081257653,-5.694986782400271,-5.666767330491577,-8.570702100576824,0.05180859674446296,0.34783765797823823,0.203133512523117,0.04937433376045655,0.34784589899372514,3.109267883104786,-1.538806724409434,2.3327816150583254,-0.06388336806206323,0.7084861213724764,-0.8761624581076469,1.764589568092376,4.6264544292792955,-1.419618965445495,3.499280640465546,3.3408080783249914,4.001019094239409,-5.524837272287988,-0.14612623556556142,-6.093902081257653,-5.694986782400271,-5.666767330491577,-8.570702100576824,-1.904203466904281,-2.369185071216082e-05,-0.5378961027056375,-1.9523288330465056,0.0
DS order-1.5 block Gaussian,20,8,61,207.94680678995792,-4126.642786917837,32601.530193279646,36211.412831779526,1.0027726115297972,0.07999999999999999,1,0.03298769776932236,0,22.292773723436405,0.21624112253791047,10.237566654522125,-0.0006687927738123713,1.9957014731199283,0.413207224895088,1.7513207265485133,4.6084205104359555,-1.4284992751835712,3.47071078037098,3.343471954670584,4.00524245912629,-5.543765642656126,-0.1511276194376794,-6.089653059463797,-5.704586795037955,-5.681914708006768,-8.561643332915335,0.05187256114007782,0.3478686166520958,0.20304129590175723,0.049348909653973386,0.3478686166520958,3.1042625776746906,-1.5313611858606113,2.3260639599782245,-0.06687927738123713,0.6909956041385102,-0.8838060566642327,1.7513207265485133,4.6084205104359555,-1.4284992751835712,3.47071078037098,3.343471954670584,4.00524245912629,-5.543765642656126,-0.1511276194376794,-6.089653059463797,-5.704586795037955,-5.681914708006768,-8.561643332915335,-1.9030349068543928,0.0,-0.5384154836923062,-1.9529091986418783,0.0
DS order-1.5 block Gaussian,20,8,62,211.4718563509523,-4105.054820228768,32596.26588438448,48500.24707191752,1.000976085686263,0.06999999999999998,1,0.025864092898589333,0,22.21356041866186,0.2173454016015046,10.188434951040872,-0.0006921238716279478,1.9735152040572514,0.41123137615052885,1.7430551189922958,4.597358331793614,-1.434014160268284,3.453170928634192,3.3459650865260655,4.008183302010367,-5.5544390216210395,-0.1539063393416882,-6.0868458633367775,-5.710516613358659,-5.691241094059599,-8.555121931649056,0.051857478068664295,0.3476896812310199,0.20314219892421725,0.049384165644038115,0.34792647613206035,3.100702932067179,-1.526267478423984,2.3212532486912747,-0.06921238716279478,0.6798163201991457,-0.8885992638841562,1.7430551189922958,4.597358331793614,-1.434014160268284,3.453170928634192,3.3459650865260655,4.008183302010367,-5.5544390216210395,-0.1539063393416882,-6.0868458633367775,-5.710516613358659,-5.691241094059599,-8.555121931649056,-1.903492032647413,-0.0006808206154514544,-0.5380849608436025,-1.9523613426795483,0.0
DS order-1.5 block Gaussian,20,8,63,214.92264841595897,-4083.1259305212925,32828.15084401155,101820.00732650916,1.0002859941399238,0.06999999999999998,1,0.021763764082403103,0,22.143133513582807,0.2182873946722895,10.148834495518644,-0.0007131147649143131,1.9569154285263437,0.40977290799551974,1.736958148187446,4.589334038504815,-1.4380618101237634,3.4404441682915885,3.3484987904719077,4.010619433554385,-5.561438397512692,-0.15566594921185173,-6.084625779903988,-5.71482288655145,-5.698013482688117,-8.549582661697935,0.05181966845877844,0.34745457671180574,0.2032961555465817,0.049435761270752394,0.34799383801208167,3.0975274490446214,-1.5219427602345765,2.317358870866834,-0.07131147649143131,0.6713694726239131,-0.8921521556713594,1.736958148187446,4.589334038504815,-1.4380618101237634,3.4404441682915885,3.3484987904719077,4.010619433554385,-5.561438397512692,-0.15566594921185173,-6.084625779903988,-5.71482288655145,-5.698013482688117,-8.549582661697935,-1.9044149955818106,-0.0015508307933102775,-0.5375209625483713,-1.9515106980967545,0.0
DS order-1.5 block Gaussian,20,8,64,218.07658370799618,-4086.300294000738,32637.910136965238,6188.630746507758,1.0000103613264957,0.09999999999999998,1,0.019036539387158786,0,22.078705473977138,0.21912633003351298,10.113327671695366,-0.0007327475304255837,1.943563624769048,0.40861798693642365,1.732134386311687,4.583098139586268,-1.4412456205810216,3.4305481214539104,3.3510738727451606,4.012768066010362,-5.566265367682933,-0.15681603629218213,-6.082746233138299,-5.71817398821911,-5.70328792701465,-8.544616752259367,0.051775648589467545,0.3472157255606957,0.20345823109151057,0.049490191755666824,0.34806020300265933,3.0946135907941907,-1.5181068660112393,2.3138541254329406,-0.07327475304255837,0.6645232079850171,-0.8949745766756229,1.732134386311687,4.583098139586268,-1.4412456205810216,3.4305481214539104,3.3510738727451606,4.012768066010362,-5.566265367682933,-0.15681603629218213,-6.082746233138299,-5.71817398821911,-5.70328792701465,-8.544616752259367,-1.9054555276650105,-0.002429187672229535,-0.5369147307523963,-1.9506009583553765,0.0
DS order-1.5 block Gaussian,20,8,65,221.54955758398864,-4098.147802191504,32769.26633432146,42561.536223522686,1.0083977547749026,0.059999999999999984,1,0.017063937592326828,0,22.016498286674526,0.21990238155235595,10.081869607196065,-0.0007524109745712254,1.9326861066812324,0.40770167633809623,1.7282909792277434,4.578398880975916,-1.4436987997400257,3.422901787923206,3.354018087072269,4.01482078798656,-5.56833756398415,-0.15716265608784072,-6.080933283633722,-5.7206945547599535,-5.707473272339964,-8.53977328698244,0.05166957968281224,0.34672295347311616,0.20389202667663614,0.04961908140631619,0.3480963587611193,3.091792094428793,-1.5145715513192854,2.3107387223488796,-0.07524109745712254,0.6589108004292135,-0.8972195574702726,1.7282909792277434,4.578398880975916,-1.4436987997400257,3.422901787923206,3.354018087072269,4.01482078798656,-5.56833756398415,-0.15716265608784072,-6.080933283633722,-5.7206945547599535,-5.707473272339964,-8.53977328698244,-1.9076101268189603,-0.003953278363161056,-0.5348887617097027,-1.9481038689153138,0.0
DS order-1.5 block Gaussian,20,8,66,225.09736656799214,-4120.021209083833,32876.93766961378,35538.53614583769,1.0002944095472455,0.06999999999999998,1,0.015556474460591286,0,21.955647201218895,0.22063548202317454,10.05232509672793,-0.0007720613557380497,1.9235876854430476,0.4069622752815484,1.7251620961335739,4.574824549565046,-1.445615611355051,3.4169213405025776,3.35723615536765,4.016797918750762,-5.568452220985902,-0.15692824901861074,-6.079175652717615,-5.72260191535475,-5.710844051733942,-8.535036829133693,0.05152804911705923,0.34609421286648867,0.20452260401018807,0.049801081441426365,0.34805405256483773,3.0890243821134216,-1.5112433418365412,2.3078039606553795,-0.07720613557380497,0.6541920285725608,-0.8990347875614255,1.7251620961335739,4.574824549565046,-1.445615611355051,3.4169213405025776,3.35723615536765,4.016797918750762,-5.568452220985902,-0.15692824901861074,-6.079175652717615,-5.72260191535475,-5.710844051733942,-8.535036829133693,-1.9102314887200216,-0.005646761660452207,-0.5316792887435291,-1.9443210916890943,0.0
DS order-1.5 block Gaussian,20,8,67,228.24991159397177,-4102.778042163518,32743.065097069244,81571.65479915832,1.0000519900128804,0.059999999999999984,1,0.01435872943746294,0,21.89429708817925,0.2213524967642593,10.023563315026301,-0.0007918580193020669,1.915841268619962,0.406362131876305,1.7225757596122813,4.572114621107929,-1.4471179057559713,3.4122242704693178,3.3606712942905723,4.0187182699112665,-5.567092961926489,-0.15623783395682816,-6.077463083054845,-5.724053788104656,-5.713593071915423,-8.530390880907563,0.051348783384995454,0.345313871124146,0.2053537693928265,0.05003859282109204,0.34794498327694007,3.0862261959782282,-1.507998840155566,2.3049386527009266,-0.07918580193020669,0.6501568309289054,-0.9005105664975644,1.7225757596122813,4.572114621107929,-1.4471179057559713,3.4122242704693178,3.3606712942905723,4.0187182699112665,-5.567092961926489,-0.15623783395682816,-6.077463083054845,-5.724053788104656,-5.713593071915423,-8.530390880907563,-1.9134031297505147,-0.0075905984299649955,-0.5273101770677486,-1.939249809122503,0.0
DS order-1.5 block Gaussian,20,8,68,231.72654204099672,-4114.990679184875,32856.327888091466,24035.899763682963,1.0647883688772484,0.06999999999999998,1,0.01337902602933718,0,21.83109880991256,0.2220735050818688,9.996347482731581,-0.0008116282002394368,1.9091668170699094,0.4058720301226735,1.7204192148871418,4.570080736064745,-1.4482946471062184,3.4085328383568365,3.3642503414641767,4.020585237002351,-5.5646349972550615,-0.155201303212856,-6.075795884517283,-5.725152625765711,-5.7158467429233895,-8.525837205612865,0.05114640818359154,0.3444377774587941,0.20631313867569104,0.05031163984478802,0.3477910358371352,3.083335504151375,-1.5047468479402992,2.3022197745465447,-0.08116282002394368,0.6466669254569255,-0.9017173658075217,1.7204192148871418,4.570080736064745,-1.4482946471062184,3.4085328383568365,3.3642503414641767,4.020585237002351,-5.5646349972550615,-0.155201303212856,-6.075795884517283,-5.725152625765711,-5.7158467429233895,-8.525837205612865,-1.9169095589943994,-0.009688370501849416,-0.5222067224068021,-1.933365368906772,0.0
DS order-1.5 block Gaussian,20,8,69,235.19266561599215,-4112.007388175402,32900.1452976006,77863.33498078171,1.000000012038555,0.06999999999999998,1,0.0125594321575479,0,21.768900157917408,0.2227712517587871,9.971163535170962,-0.0008315629283866434,1.9033850139241002,0.40547521260529684,1.7186204168874895,4.568627176989957,-1.4491926550456367,3.4056909197836513,3.3679666737275755,4.02240746277898,-5.5612409129882385,-0.15385024531152044,-6.074163067956551,-5.72595029642643,-5.717658412545514,-8.521335862152828,0.05092417193734129,0.34347822351847,0.20737925885404687,0.050615152970720605,0.34760319271942136,3.0804823529742427,-1.501609810857591,2.2996972807923886,-0.08315629283866434,0.6436338873058406,-0.9026955352721335,1.7186204168874895,4.568627176989957,-1.4491926550456367,3.4056909197836513,3.3679666737275755,4.02240746277898,-5.5612409129882385,-0.15385024531152044,-6.074163067956551,-5.72595029642643,-5.717658412545514,-8.521335862152828,-1.9207238768421235,-0.011937864605403999,-0.5165122931184539,-1.9268105811006686,0.0
DS order-1.5 block Gaussian,20,8,70,238.37328570196405,-4047.050471770948,32961.07395821472,38671.02168432261,1.0000000999279286,0.07999999999999999,1,0.011861357433085789,0,21.707261031753895,0.22345364066423526,9.948485182313146,-0.0008515185514823033,1.898342839079106,0.40515517607366086,1.7171157742226206,4.567642267483287,-1.4498640288958855,3.4035422206100603,3.3717726636878753,4.024185121760188,-5.557135045429574,-0.15225554440982358,-6.072564983542896,-5.726503848550244,-5.719111293466295,-8.516903119656877,0.05068536706098152,0.3424475705902951,0.20853324447873914,0.050944321333325215,0.347389496536659,3.0776468143352975,-1.4985513107650084,2.2974202965967585,-0.08515185514823033,0.6409813156350602,-0.9034851344599587,1.7171157742226206,4.567642267483287,-1.4498640288958855,3.4035422206100603,3.3717726636878753,4.024185121760188,-5.557135045429574,-0.15225554440982358,-6.072564983542896,-5.726503848550244,-5.719111293466295,-8.516903119656877,-1.9248093680432592,-0.014328051439493514,-0.5103481443856742,-1.919713321074142,0.0
DS order-1.5 block Gaussian,20,8,71,241.80233679997036,-4101.476572483499,32947.88802279906,97637.90894877915,1.0619661900081856,0.07999999999999999,1,0.011258000321005114,0,21.644425608544967,0.2241416729339361,9.92752068154335,-0.0008713919780268471,1.8939249865429422,0.40490076594468816,1.715860978794352,4.567062025026997,-1.4503420657604964,3.401969070212596,3.37564263337209,4.025922997805369,-5.552439843311042,-0.1504443333213313,-6.070998579534851,-5.72686091034033,-5.720279509885145,-8.512553291382506,0.050440713590985245,0.34138883510072254,0.2097307503194694,0.05128572404364777,0.3471539769451749,3.0747479436300744,-1.495476958595906,2.2953107672790547,-0.08713919780268471,0.6386513881416149,-0.904113264257275,1.715860978794352,4.567062025026997,-1.4503420657604964,3.401969070212596,3.37564263337209,4.025922997805369,-5.552439843311042,-0.1504443333213313,-6.070998579534851,-5.72686091034033,-5.720279509885145,-8.512553291382506,-1.9289697607987053,-0.016746312571528192,-0.503943852383447,-1.9123559894195519,0.0
DS order-1.5 block Gaussian,20,8,72,245.26471525698435,-4058.212391348792,32923.58400549675,101971.84688709749,1.0000033743187802,0.059999999999999984,1,0.010730105522650331,0,21.58146198164386,0.22482613963530085,9.907389615830319,-0.0008910993457000638,1.8900300213872707,0.4047012318811942,1.7148153427324937,4.566817190875231,-1.4506607009127312,3.400866910942351,3.3795402035114313,4.027618375850145,-5.5472866180712925,-0.14845787052537104,-6.069465492615571,-5.727061667811537,-5.721216237827623,-8.50829488099061,0.0501955166347836,0.34032363707406726,0.2109437632220875,0.0516315602270683,0.3469055228419934,3.071834704599387,-1.492427888206077,2.2932809045447686,-0.08910993457000638,0.6365927132772856,-0.9046061831682208,1.7148153427324937,4.566817190875231,-1.4506607009127312,3.400866910942351,3.3795402035114313,4.027618375850145,-5.5472866180712925,-0.14845787052537104,-6.069465492615571,-5.727061667811537,-5.721216237827623,-8.50829488099061,-1.9331267617629626,-0.019155435795263888,-0.49746090147003375,-1.9049193565839564,0.0
DS order-1.5 block Gaussian,20,8,73,248.48947680200217,-4027.7841782776086,33024.47257662322,40193.3822407425,1.0007849645403453,0.059999999999999984,1,0.010263445557243348,0,21.519842206248818,0.22549257448278145,9.88749908179838,-0.0009106258369973963,1.8865833964677516,0.4045478676861305,1.7139455627245144,4.566849804834509,-1.4508463704255719,3.400158008430347,3.3834422781583053,4.0292705500790875,-5.54178738683972,-0.14633437306170483,-6.067965907513451,-5.727130942234112,-5.721956127260293,-8.504131016111987,0.04995233519339039,0.3392623123871486,0.21216043100518822,0.051978314430593975,0.34664660698367883,3.068975402843319,-1.4894680497044999,2.291271240228876,-0.09106258369973963,0.6347674664251186,-0.9049852115711733,1.7139455627245144,4.566849804834509,-1.4508463704255719,3.400158008430347,3.3834422781583053,4.0292705500790875,-5.54178738683972,-0.14633437306170483,-6.067965907513451,-5.727130942234112,-5.721956127260293,-8.504131016111987,-1.9372365827027258,-0.021532246305152193,-0.49096309881737876,-1.8974792359036654,0.0
DS order-1.5 block Gaussian,20,8,74,251.9510855389526,-4030.7000717382753,32956.40554635662,54389.052881389405,1.000023424112293,0.059999999999999984,1,0.009847256463542592,0,21.46177833409312,0.22611757674447489,9.867981378574099,-0.0009299650740394928,1.883513036852736,0.4044350942773267,1.7132256342792112,4.567126668584584,-1.4509168756573863,3.3997859390827987,3.3873387540168918,4.030878733763355,-5.536001466446078,-0.1440890746070658,-6.06650382438006,-5.727096289304977,-5.722529370166404,-8.500064402374228,0.04971009498186537,0.33819669074648934,0.21339239467175683,0.05232876450328962,0.34637205509659885,3.066273601154754,-1.486700163911779,2.2892953116136576,-0.09299650740394928,0.6331386697361643,-0.905264014499879,1.7132256342792112,4.567126668584584,-1.4509168756573863,3.3997859390827987,3.3873387540168918,4.030878733763355,-5.536001466446078,-0.1440890746070658,-6.06650382438006,-5.727096289304977,-5.722529370166404,-8.500064402374228,-1.9413054702559251,-0.023885849564531637,-0.4843808016865895,-1.8899672906959586,0.0
DS order-1.5 block Gaussian,20,8,75,255.38301757595036,-4071.921670256888,32980.29403445257,109117.78910291503,1.0277583046328813,0.07999999999999999,1,0.00947322854068999,0,21.407619059996357,0.22669785373206738,9.849417840898752,-0.0009490416261374422,1.8807753341202422,0.4043579321982876,1.7126351902983115,4.5676163973880035,-1.4508861667869473,3.399706571994271,3.391219157608795,4.032444572382941,-5.529986761123318,-0.14173750616542022,-6.06507755356802,-5.726972630560749,-5.722958769115371,-8.496098604785432,0.04946813118016234,0.3371250095202697,0.21463694437462755,0.052682835370678145,0.34608707955426216,3.0637468895048166,-1.4841371889503145,2.287412350990552,-0.09490416261374422,0.6316841035895859,-0.9054548224736063,1.7126351902983115,4.5676163973880035,-1.4508861667869473,3.399706571994271,3.391219157608795,4.032444572382941,-5.529986761123318,-0.14173750616542022,-6.06507755356802,-5.726972630560749,-5.722958769115371,-8.496098604785432,-1.9453617707103081,-0.026236608705721972,-0.47774244843730285,-1.8824007204523387,0.0
DS order-1.5 block Gaussian,20,8,76,258.53187899600016,-4058.798149611229,32960.404321718415,98015.44961148618,1.0001476827141689,0.059999999999999984,1,0.009134833828228625,0,21.357250749033383,0.22723494894855456,9.831218941506764,-0.0009678185598535044,1.8783291345527806,0.4043109159860274,1.7121554730061708,4.568283572300913,-1.4507707256683415,3.399873152509309,3.3950696755435645,4.033968262247533,-5.523808977840258,-0.13930608061568098,-6.06368836883816,-5.726775128623028,-5.723267379656623,-8.492236268732382,0.0492278982892564,0.33605368928886314,0.21588587235411077,0.053038236818053267,0.34579430324971633,3.0613912955568727,-1.4817707793674197,2.2855629286593095,-0.09678185598535044,0.6303826234455044,-0.9055711029817987,1.7121554730061708,4.568283572300913,-1.4507707256683415,3.399873152509309,3.3950696755435645,4.033968262247533,-5.523808977840258,-0.13930608061568098,-6.06368836883816,-5.726775128623028,-5.723267379656623,-8.492236268732382,-1.9493835978024252,-0.028573162246280932,-0.47109419967743266,-1.8748309961648446,0.0
DS order-1.5 block Gaussian,20,8,77,261.9425622969866,-4026.507967997708,33010.56302203427,74765.41765586588,1.0000665035027174,0.06999999999999998,1,0.008826865342073437,0,21.310359991377332,0.22773283028648567,9.813930628489087,-0.0009862670717818408,1.8761372623332244,0.4042901503263264,1.7117711110816989,4.5690987577359525,-1.4505845279584673,3.400246517758563,3.3988799348944965,4.035450181340511,-5.517520087167266,-0.13681474619671,-6.062337218243869,-5.726518158785761,-5.723473532609942,-8.48847633226438,0.048988853179719835,0.33498181594221843,0.21714164791793802,0.05339574776841647,0.3454919351917072,3.05919333904045,-1.4795821341076925,2.283802869015165,-0.09862670717818409,0.6292150154624416,-0.9056224649217484,1.7117711110816989,4.5690987577359525,-1.4505845279584673,3.400246517758563,3.3988799348944965,4.035450181340511,-5.517520087167266,-0.13681474619671,-6.062337218243869,-5.726518158785761,-5.723473532609942,-8.48847633226438,-1.9533765144054023,-0.030893050926653114,-0.4644194045384348,-1.8672381875183752,0.0
DS order-1.5 block Gaussian,20,8,78,265.4661702849553,-4042.165485802961,32774.82676401352,44275.934874099265,1.000020159467662,0.06999999999999998,1,0.00854511366088334,0,21.267490817900335,0.22818558282008694,9.79708121451472,-0.0010044080050660893,1.8741698678546759,0.40429216359934605,1.711468415711273,4.570037830981455,-1.4503377811217646,3.4007969161392175,3.4026413484146105,4.036890378156249,-5.511166356700072,-0.13428161950581644,-6.061021573284059,-5.726210527136074,-5.723596556236312,-8.484822581205052,0.04875263031898363,0.3339174406833352,0.21839603730585253,0.05375289793271102,0.34518099375911765,3.0571796541245546,-1.4775960213760517,2.2820845060611985,-0.10044080050660893,0.6281658242411744,-0.9056174851615311,1.711468415711273,4.570037830981455,-1.4503377811217646,3.4007969161392175,3.4026413484146105,4.036890378156249,-5.511166356700072,-0.13428161950581644,-6.061021573284059,-5.726210527136074,-5.723596556236312,-8.484822581205052,-1.9573097478087316,-0.0331751202192833,-0.45775879955608795,-1.8596713184766667,0.0
DS order-1.5 block Gaussian,20,8,79,268.6345348179457,-4008.7819088421143,32861.04479830911,25769.92429376495,1.0148015663318912,0.059999999999999984,1,0.008286135043349968,0,21.22771306202293,0.22860366308618432,9.780247466495865,-0.0010222834924826414,1.8724118646315058,0.404314768447806,1.7112361690098408,4.571084140527779,-1.4500370258087614,3.4015030801837955,3.4063548595200435,4.0382902421555675,-5.504767370212969,-0.13171299165196226,-6.059740228074101,-5.7258619618559115,-5.723651491383673,-8.481270578575097,0.048519627311956165,0.33286242660006643,0.21964698267370078,0.05410901296368726,0.3448619504505894,3.05530754791664,-1.475765503750753,2.280364787049288,-0.10222834924826414,0.6272273670139105,-0.9055615745637612,1.7112361690098408,4.571084140527779,-1.4500370258087614,3.4015030801837955,3.4063548595200435,4.0382902421555675,-5.504767370212969,-0.13171299165196226,-6.059740228074101,-5.7258619618559115,-5.723651491383673,-8.481270578575097,-1.9611757904067995,-0.035414922046835384,-0.4511225599774413,-1.8521434231348373,0.0
DS order-1.5 block Gaussian,20,8,80,272.0677404459566,-4021.4909857839366,33085.79888462329,27063.279142675427,1.0138866256093866,0.04999999999999998,1,0.008047082012465307,0,21.191617014265915,0.22898030472525288,9.76316748204669,-0.0010398931363132862,1.870844926822102,0.40435693887739516,1.7110626718323467,4.572225390651927,-1.4496842546379372,3.402367565859207,3.4100241357577987,4.039648179743178,-5.498344577717838,-0.129115790747406,-6.058489496312865,-5.725471322629759,-5.723643699930322,-8.477819678204108,0.04828683861119768,0.3318028965036507,0.22091320954904137,0.0544694089664299,0.3445276463696804,3.053605679621957,-1.4741192846931694,2.278616884869177,-0.10398931363132861,0.6263901613461053,-0.9054572790152823,1.7110626718323467,4.572225390651927,-1.4496842546379372,3.402367565859207,3.4100241357577987,4.039648179743178,-5.498344577717838,-0.129115790747406,-6.058489496312865,-5.725471322629759,-5.723643699930322,-8.477819678204108,-1.9650153069401384,-0.03763323055838228,-0.44440443053246137,-1.8445350972328145,0.0
DS order-1.5 block Gaussian,20,8,81,275.509760418965,-4002.259127365615,32970.15451690761,23734.118635861512,1.0003738998351883,0.07999999999999999,1,0.007825577482730784,0,21.15732407337758,0.22933638165125408,9.74585697894292,-0.0010573292095948273,1.8694492671042318,0.40441778262520495,1.7109416693688777,4.573454800491071,-1.4492856540138646,3.403379573410351,3.413656169710862,4.040966178329647,-5.491910803230281,-0.12649431602647712,-6.057272490016114,-5.725047488507091,-5.723576171865702,-8.474463321324313,0.04805335490804142,0.3307353846557165,0.22219465803743985,0.05483476720602172,0.34418183519278056,3.0519861374325554,-1.4725654377212853,2.2768422694668207,-0.10573292095948272,0.6256438779201056,-0.9053068199410632,1.7109416693688777,4.573454800491071,-1.4492856540138646,3.403379573410351,3.413656169710862,4.040966178329647,-5.491910803230281,-0.12649431602647712,-6.057272490016114,-5.725047488507091,-5.723576171865702,-8.474463321324313,-1.9688581542292034,-0.03985149487019735,-0.43761627271435527,-1.8368456775459334,0.0
DS order-1.5 block Gaussian,20,8,82,278.68180125794606,-4005.0578101825117,32976.35818402404,57505.965413495614,1.0000048636845738,0.059999999999999984,1,0.0076196198185158465,0,21.12460727702273,0.22967479366087964,9.728043792641353,-0.0010745458779245222,1.8682117657675197,0.40449688504239945,1.7108657147097615,4.574768442272685,-1.448841797287557,3.4045379430516403,3.417256229165558,4.042244923077013,-5.485470697154356,-0.12384616059050674,-6.056086942525076,-5.724583448039539,-5.72344841456415,-8.471201038780048,0.047818213300382856,0.3296555657228726,0.22349664584481807,0.055206715473469205,0.3438228596584572,3.0504385826336393,-1.4710909112210935,2.275012826924344,-0.10745458779245223,0.6249816983532337,-0.905111243273688,1.7108657147097615,4.574768442272685,-1.448841797287557,3.4045379430516403,3.417256229165558,4.042244923077013,-5.485470697154356,-0.12384616059050674,-6.056086942525076,-5.724583448039539,-5.72344841456415,-8.471201038780048,-1.9727199835793243,-0.04207821274081522,-0.4307301753561968,-1.8290419788799857,0.0
DS order-1.5 block Gaussian,20,8,83,282.15498342196224,-3978.9881391685653,32988.10646594116,37605.799099304066,1.000122933285205,0.059999999999999984,1,0.007427510241525015,0,21.094084679257115,0.22998868160134006,9.7095735876863,-0.0010915706005729076,1.8671104812542016,0.4045920586477233,1.71082898621176,4.5761509142272985,-1.4483608762702214,3.4058174441602804,3.42081631220208,4.0434848281750515,-5.4790427382993885,-0.12118284121136443,-6.054932213204305,-5.724088441132667,-5.723273178037189,-8.468026747776646,0.04758124073328446,0.32856233809564955,0.2248201550796813,0.05558563980071413,0.34345062629067047,3.048992654222828,-1.4697251816987709,2.27311236657956,-0.10915706005729077,0.6243920386278348,-0.9048759821036892,1.71082898621176,4.5761509142272985,-1.4483608762702214,3.4058174441602804,3.42081631220208,4.0434848281750515,-5.4790427382993885,-0.12118284121136443,-6.054932213204305,-5.724088441132667,-5.723273178037189,-8.468026747776646,-1.9766047828694135,-0.04431677837238237,-0.42374259235788936,-1.8211184732544425,0.0
DS order-1.5 block Gaussian,20,8,84,285.589564483962,-3974.376960766095,32995.807760205455,66246.06645433938,1.0016309257404001,0.07999999999999999,1,0.007247796636776956,0,21.06639956013815,0.23027041689950883,9.690923751998017,-0.0011083859322708089,1.8661251243253305,0.4047014297705659,1.7108246751160527,4.577593019915879,-1.4478474359785385,3.4072065860103904,3.424332887242256,4.0446841757643135,-5.47263682378903,-0.11851074184991245,-6.053808731251881,-5.723568440532221,-5.723057784288248,-8.464939558251757,0.047344314335703554,0.32746505340534093,0.22615331180517564,0.055968213095146276,0.34306910735863366,3.0476793332969554,-1.4685009350330354,2.2711897518025688,-0.1108385932270809,0.6238641550138029,-0.9046056941918904,1.7108246751160527,4.577593019915879,-1.4478474359785385,3.4072065860103904,3.424332887242256,4.0446841757643135,-5.47263682378903,-0.11851074184991245,-6.053808731251881,-5.723568440532221,-5.723057784288248,-8.464939558251757,-1.9804851710166698,-0.04655056382899733,-0.41671876594925666,-1.8131479997763298,0.0
DS order-1.5 block Gaussian,20,8,85,288.99109696398955,-3991.5705020966266,33081.626625667035,70344.03484592568,1.0065377907603903,0.059999999999999984,1,0.007079229560282516,0,21.040495947903942,0.23053214052250764,9.67250459335718,-0.001124969220919749,1.8652466863818418,0.4048231306020462,1.7108483227076074,4.579081974782434,-1.4473070153483583,3.4086878338701485,3.427801454993636,4.045845175230746,-5.46627330914428,-0.11583954313744521,-6.052716138912418,-5.723028566472645,-5.7228008189764035,-8.461921375285012,0.047109232413460614,0.3263711296747989,0.22748860417543182,0.05635184629001776,0.34267918744629083,3.04644895926014,-1.4673649879905253,2.2692872824807284,-0.11249692209197491,0.6233933158670867,-0.9043050218260238,1.7108483227076074,4.579081974782434,-1.4473070153483583,3.4086878338701485,3.427801454993636,4.045845175230746,-5.46627330914428,-0.11583954313744521,-6.052716138912418,-5.723028566472645,-5.7228008189764035,-8.461921375285012,-1.9843256968351843,-0.048759527492882475,-0.40969455031978863,-1.8051796912852531,0.0
DS order-1.5 block Gaussian,20,8,86,292.36244861996965,-3962.4856030773703,32961.0394022344,26075.28090861189,1.0000002288206806,0.07999999999999999,1,0.006920727442308431,0,21.015830962792045,0.23078035327026364,9.654691718840212,-0.0011413214265618534,1.8644653765946333,0.4049554718936116,1.7108956402109998,4.580610628663142,-1.4467437031208792,3.4102474983079634,3.4312191629271336,4.046968402050259,-5.45996578960957,-0.11317198268736074,-6.051654097064734,-5.722474584769535,-5.722507077237652,-8.458973364650124,0.04687696718550542,0.325285231379843,0.22881984920382234,0.056734733176900566,0.34228321905392867,3.0452760090882367,-1.4662888724504137,2.2674439856804205,-0.11413214265618533,0.622974350657202,-0.9039781638617959,1.7108956402109998,4.580610628663142,-1.4467437031208792,3.4102474983079634,3.4312191629271336,4.046968402050259,-5.45996578960957,-0.11317198268736074,-6.051654097064734,-5.722474584769535,-5.722507077237652,-8.458973364650124,-1.9881120702101154,-0.05093608779601983,-0.4027035109882478,-1.7972519189840386,0.0
DS order-1.5 block Gaussian,20,8,87,295.82186399999773,-3977.38684139628,33027.57003206791,18688.235148143885,1.0002055646393142,0.06999999999999998,1,0.006771348802284756,0,20.99123562527471,0.23102796221467836,9.637319618875058,-0.0011574276644530008,1.863778735138454,0.4050975863165017,1.7109644770331818,4.5821829665543525,-1.4461594329714336,3.4118790629013565,3.4345974753605333,4.048057664180772,-5.453692203198942,-0.11050008063100644,-6.0506236653489465,-5.721915487811137,-5.722182807125207,-8.456090142701076,0.04664608404987534,0.32419959437674123,0.2301618194753119,0.057120660996622975,0.34187184110144847,3.0441049994307865,-1.4652165272377367,2.2656430221254507,-0.11574276644530007,0.6226060048926197,-0.9036272870324132,1.7109644770331818,4.5821829665543525,-1.4461594329714336,3.4118790629013565,3.4345974753605333,4.048057664180772,-5.453692203198942,-0.11050008063100644,-6.0506236653489465,-5.721915487811137,-5.722182807125207,-8.456090142701076,-1.991846952637665,-0.05307657506144975,-0.39565330873596205,-1.7892700431768174,0.0
DS order-1.5 block Gaussian,20,8,88,299.10754566197284,-3959.853732215375,32894.771654003045,46532.99743514338,1.0032037001532965,0.06999999999999998,1,0.006630269867963405,0,20.967962711756414,0.2312610018825021,9.62039603862119,-0.0011734341905298056,1.8631797862434483,0.40524978026502617,1.7110500199081573,4.583802723427529,-1.4455541645139092,3.4135801273737614,3.437946548627107,4.049114576775922,-5.447444587277972,-0.10781358281896931,-6.0496236345567835,-5.721362251052809,-5.72184016003257,-8.453271275840853,0.04641590015941698,0.32311228480518106,0.2315166256306882,0.05751044872798996,0.34144474067672376,3.0429956876790247,-1.4642083280131735,2.2638854320860666,-0.11734341905298057,0.6222845905829483,-0.9032516605872853,1.7110500199081573,4.583802723427529,-1.4455541645139092,3.4135801273737614,3.437946548627107,4.049114576775922,-5.447444587277972,-0.10781358281896931,-6.0496236345567835,-5.721362251052809,-5.72184016003257,-8.453271275840853,-1.9955437759977233,-0.05518595859067618,-0.38853416445268985,-1.7812192040761874,0.0
DS order-1.5 block Gaussian,20,8,89,302.27386449696496,-3982.81344094031,32934.76087287929,40587.67647029086,1.000009440224765,0.07999999999999999,1,,0,20.946973354095007,0.23146813799619828,9.603847664398597,-0.0011893562566060118,1.8626612914358858,0.4054105434171489,1.7111491125039755,4.585459655662785,-1.4449316792553122,3.41534346950402,3.441267592252768,4.050140784435493,-5.441239321089038,-0.10512347634856582,-6.048653132838752,-5.720814026554142,-5.721480544822689,-8.450517797630615,0.046185077405441054,0.32201607992652953,0.2328923336029557,0.05790658804962015,0.3409999210154535,3.0419941659597565,-1.4633130477739134,2.2621638165504305,-0.11893562566060117,0.622006266950727,-0.9028550378600253,1.7111491125039755,4.585459655662785,-1.4449316792553122,3.41534346950402,3.441267592252768,4.050140784435493,-5.441239321089038,-0.10512347634856582,-6.048653132838752,-5.720814026554142,-5.721480544822689,-8.450517797630615,-1.9992254996274865,-0.05728076369965956,-0.3813059864278643,-1.7730510843107092,0.0
