start,method,iteration,fitting_loglik
0,IF2,0,-385.4175036110609
0,IF2,1,-370.5526365576701
0,IF2,2,-370.856411449451
0,IF2,3,-369.96177057409534
0,IF2,4,-370.6367148217268
0,IF2,5,-366.68745011841224
0,IF2,6,-361.77055100429965
0,IF2,7,-361.1490043416579
0,IF2,8,-364.7270555150841
0,IF2,9,-372.04197824001
0,IF2,10,-366.6181615648926
0,IF2,11,-361.30194317162676
0,IF2,12,-367.01001003967355
0,IF2,13,-364.413174010346
0,IF2,14,-368.73183207486073
0,IF2,15,-359.33546418003993
0,IF2,16,-364.0761140451846
0,IF2,17,-366.91847932988037
0,IF2,18,-372.88492137055306
0,IF2,19,-370.0739576959512
0,IF2,20,-368.73965673020297
0,IF2,21,-365.183770945157
0,IF2,22,-365.8829396178405
0,IF2,23,-366.3333825167799
0,IF2,24,-363.2283831063791
0,IF2,25,-365.87491182479727
0,IF2,26,-367.3964984428301
0,IF2,27,-359.95250990369277
0,IF2,28,-364.18886190175414
0,IF2,29,-372.51292451845063
0,IF2,30,-367.2180133919236
0,IF2,31,-367.58159726136864
0,IF2,32,-360.68954764067286
0,IF2,33,-362.1266501206239
0,IF2,34,-364.2430054945841
0,IF2,35,-365.87243696709254
0,IF2,36,-372.7798708073908
0,IF2,37,-362.829216398149
0,IF2,38,-368.44132780915385
0,IF2,39,-372.52144150468627
0,IF2,40,-375.9701224998731
0,IF2,41,-365.5987134277343
0,IF2,42,-361.1478602555448
0,IF2,43,-366.77706428407305
0,IF2,44,-369.68038263163794
0,IF2,45,-371.51884207950206
0,IF2,46,-360.72694570931685
0,IF2,47,-368.2589970970946
0,IF2,48,-364.38600710802604
0,IF2,49,-361.27665654383986
0,IF2,50,-371.53702333149243
0,IF2,51,-366.65908606914013
0,IF2,52,-364.0636592729119
0,IF2,53,-360.28374450171015
0,IF2,54,-369.47469019713867
0,IF2,55,-368.0805079041096
0,IF2,56,-371.15209468283797
0,IF2,57,-365.6069260529691
0,IF2,58,-363.0754938690387
0,IF2,59,-367.57899129827075
0,IF2,60,-373.7720002270493
0,IF2,61,-361.9268351356346
0,IF2,62,-369.0434719273417
0,IF2,63,-366.5353449296935
0,IF2,64,-361.81300821185135
0,IF2,65,-366.8909572296207
0,IF2,66,-366.0771951736737
0,IF2,67,-374.47615830874383
0,IF2,68,-373.20746971086413
0,IF2,69,-361.73838086717393
0,IF2,70,-365.4509460818746
0,IF2,71,-367.4951978469562
0,IF2,72,-362.3264037394523
0,IF2,73,-364.8371105186186
0,IF2,74,-365.5863565117092
0,IF2,75,-368.44634277121895
0,IF2,76,-368.6999417840331
0,IF2,77,-362.44925181745845
0,IF2,78,-369.16524716739514
0,IF2,79,-367.65323476765997
0,IF2,80,-367.61279612730226
0,IF2,81,-364.7772043336988
0,IF2,82,-367.708918533624
0,IF2,83,-368.5781451267515
0,IF2,84,-368.6960430455007
0,IF2,85,-368.57158178214894
0,IF2,86,-367.0873695787606
0,IF2,87,-366.94253556287987
0,IF2,88,-363.3460541188276
0,IF2,89,-368.2011141620411
0,IF2,90,-363.15712912673405
0,IF2,91,-366.74505318035875
0,IF2,92,-363.0455402067305
0,IF2,93,-363.2126919121162
0,IF2,94,-364.5731401488511
0,IF2,95,-363.3466092037489
0,IF2,96,-363.9253641885289
0,IF2,97,-361.0185624796655
0,IF2,98,-366.2973241960464
0,IF2,99,-368.5445275463211
0,IF2,100,-364.6758978176324
0,IF2,101,-362.34022496639915
0,IF2,102,-364.8668389522566
0,IF2,103,-366.2145134492149
0,IF2,104,-359.4329770258554
0,IF2,105,-361.57674034180565
0,IF2,106,-361.75702549235825
0,IF2,107,-357.42176252705775
0,IF2,108,-363.34398620993915
0,IF2,109,-365.6693128889594
0,IF2,110,-360.4884610200849
0,IF2,111,-363.28078211221265
0,IF2,112,-361.02217746345724
0,IF2,113,-362.23972038495464
0,IF2,114,-364.2950673684085
0,IF2,115,-367.53106974772015
0,IF2,116,-368.3560220751122
0,IF2,117,-369.31800693044227
0,IF2,118,-363.2535896402849
0,IF2,119,-368.56840845520793
0,IF2,120,-370.7073024298217
0,IF2,121,-365.46993574624287
0,IF2,122,-367.6786020062502
0,IF2,123,-371.3724575352672
0,IF2,124,-370.3031352830893
0,IF2,125,-367.76590110351384
0,IF2,126,-369.9906324486346
0,IF2,127,-372.56871348535225
0,IF2,128,-368.0443277415205
0,IF2,129,-368.51774083388807
0,IF2,130,-366.4414983279848
0,IF2,131,-364.07017042886037
0,IF2,132,-359.68280235192276
0,IF2,133,-368.5300786943221
0,IF2,134,-365.245569959945
0,IF2,135,-361.41195026532114
0,IF2,136,-360.6592347958613
0,IF2,137,-364.3916924789336
0,IF2,138,-364.3364754279331
0,IF2,139,-367.3954096367367
0,IF2,140,-365.1535908118767
0,IF2,141,-362.4246285436784
0,IF2,142,-366.98125402838446
0,IF2,143,-364.9195624779291
0,IF2,144,-364.1454792454069
0,IF2,145,-370.86228523091887
0,IF2,146,-367.3570304027933
0,IF2,147,-369.48094848034793
0,IF2,148,-363.88966508824467
0,IF2,149,-369.18488089883596
0,IF2,150,-370.60169225128107
0,IF2,151,-363.5265615045535
0,IF2,152,-367.17093670299624
0,IF2,153,-370.68448512398277
0,IF2,154,-370.96727025878033
0,IF2,155,-368.39207691763727
0,IF2,156,-364.4285943822951
0,IF2,157,-364.62642442088617
0,IF2,158,-365.6302983728133
0,IF2,159,-362.02303197881764
0,IF2,160,-360.9396832101939
0,IF2,161,-367.0128976417633
0,IF2,162,-365.5274822266298
0,IF2,163,-366.9853093695843
0,IF2,164,-365.5481720014987
0,IF2,165,-358.7791253217655
0,IF2,166,-364.96204254189644
0,IF2,167,-369.2525960503255
0,IF2,168,-365.43486635816754
0,IF2,169,-368.6313630968657
0,IF2,170,-367.5731154713213
0,IF2,171,-367.7137188270031
0,IF2,172,-368.76051211648496
0,IF2,173,-364.3391827950502
0,IF2,174,-363.2205984992781
0,IF2,175,-370.37669018622535
0,IF2,176,-365.43284487151516
0,IF2,177,-366.9420085832619
0,IF2,178,-363.324480067146
0,IF2,179,-360.8533484100156
0,IF2,180,-363.03189938780963
0,IF2,181,-369.89058343259893
0,IF2,182,-364.55341094536305
0,IF2,183,-363.1453944041923
0,IF2,184,-367.3892983097035
0,IF2,185,-369.60984521973154
0,IF2,186,-364.39996988856586
0,IF2,187,-362.2217620569211
0,IF2,188,-370.21848416671975
0,IF2,189,-366.4108130071094
0,IF2,190,-363.74509369865905
0,IF2,191,-370.33465887273996
0,IF2,192,-369.1732380782364
0,IF2,193,-362.72855096335235
0,IF2,194,-366.2065566805075
0,IF2,195,-369.4255437825989
0,IF2,196,-365.6756729031696
0,IF2,197,-365.11263955192
0,IF2,198,-369.7644404854519
0,IF2,199,-370.244775170506
0,IF2,200,-367.58718773091965
0,IF2,201,-367.5476898597042
0,IF2,202,-364.6066858298054
0,IF2,203,-368.27958930210997
0,IF2,204,-367.73006723729196
0,IF2,205,-366.1846797881033
0,IF2,206,-366.4739453747871
0,IF2,207,-361.6325802452407
0,IF2,208,-365.51301996749964
0,IF2,209,-366.2091754666039
0,IF2,210,-363.13522267732975
0,IF2,211,-368.66630790778163
0,IF2,212,-359.8992204704029
0,IF2,213,-368.2420765208681
0,IF2,214,-366.5597347879448
0,IF2,215,-367.7675538234222
0,IF2,216,-364.8132131150446
0,IF2,217,-363.5681838043768
0,IF2,218,-364.4739896342913
0,IF2,219,-362.32096921147075
0,IF2,220,-365.3907353559404
0,IF2,221,-365.703326086226
0,IF2,222,-362.45431949817606
0,IF2,223,-366.8348708137075
0,IF2,224,-364.76168704610984
0,IF2,225,-366.7662416777744
0,IF2,226,-363.02899792884546
0,IF2,227,-365.80970577207114
0,IF2,228,-367.3661343155907
0,IF2,229,-362.9514882532207
0,IF2,230,-366.31689165776106
0,IF2,231,-365.66251499100605
0,IF2,232,-366.15872894392584
0,IF2,233,-366.9338960645573
0,IF2,234,-362.56352401815013
0,IF2,235,-362.6599443654527
0,IF2,236,-363.466266129866
0,IF2,237,-364.54544782506156
0,IF2,238,-365.26639438677546
0,IF2,239,-365.29672035717414
0,IF2,240,-360.1679894657983
0,IF2,241,-367.55333184633525
0,IF2,242,-363.81138605193433
0,IF2,243,-370.90108600639513
0,IF2,244,-366.7347541012978
0,IF2,245,-364.0414823671578
0,IF2,246,-363.08495025862817
0,IF2,247,-363.6161657161514
0,IF2,248,-364.55916538800415
0,IF2,249,-360.0360877000234
0,IF2,250,-359.7906709410209
0,IF2,251,-360.80700031737155
0,IF2,252,-360.3295718631366
0,IF2,253,-363.07569956978654
0,IF2,254,-360.05762113496866
0,IF2,255,-366.47922488779125
0,IF2,256,-361.472480833127
0,IF2,257,-361.7502309382198
0,IF2,258,-360.52873668379476
0,IF2,259,-365.4909403108639
0,IF2,260,-359.5373418043987
0,IF2,261,-361.9975310618521
0,IF2,262,-362.77480897619967
0,IF2,263,-362.00580180425186
0,IF2,264,-371.1476746134491
0,IF2,265,-364.9168494881183
0,IF2,266,-364.2446142659562
0,IF2,267,-365.99075021018444
0,IF2,268,-357.03625999243127
0,IF2,269,-360.1703968542787
0,IF2,270,-364.5433742749134
0,IF2,271,-362.2823004105627
0,IF2,272,-362.36314309475057
0,IF2,273,-365.0794790888767
0,IF2,274,-362.2098861441757
0,IF2,275,-360.669392936234
0,IF2,276,-361.5054904981445
0,IF2,277,-364.7528641196669
0,IF2,278,-364.45634007988207
0,IF2,279,-364.97055960099965
0,IF2,280,-363.09924889701625
0,IF2,281,-361.8375816808321
0,IF2,282,-359.90133278240216
0,IF2,283,-366.7662552404587
0,IF2,284,-368.5596699537829
0,IF2,285,-360.6013154950487
0,IF2,286,-364.8142261779788
0,IF2,287,-363.46699990571125
0,IF2,288,-363.43582754550346
0,IF2,289,-363.0393288117882
0,IF2,290,-362.60961643626644
0,IF2,291,-366.47003687589296
0,IF2,292,-364.4459571076565
0,IF2,293,-366.63980757938407
0,IF2,294,-361.31963479903266
0,IF2,295,-359.51238029036665
0,IF2,296,-367.4471427389208
0,IF2,297,-364.0825730140554
0,IF2,298,-360.8378967088883
0,IF2,299,-368.3421328476831
0,IF2,300,-363.0448318766267
0,IF2,301,-366.35194226179806
0,IF2,302,-365.5021662434955
0,IF2,303,-366.38166707085634
0,IF2,304,-364.1030934349341
0,IF2,305,-360.7472389939116
0,IF2,306,-367.7388907933885
0,IF2,307,-363.6864238524391
0,IF2,308,-363.4564370807726
0,IF2,309,-369.6225876332628
0,IF2,310,-363.09358399473206
0,IF2,311,-363.9258118784085
0,IF2,312,-363.377006524874
0,IF2,313,-363.1785166571863
0,IF2,314,-362.01138049844764
0,IF2,315,-361.5376425409434
0,IF2,316,-363.4468617778336
0,IF2,317,-363.71998008299886
0,IF2,318,-367.13245978989625
0,IF2,319,-365.0947411674027
0,IF2,320,-366.12722255493475
0,IF2,321,-362.5421110424692
0,IF2,322,-360.39920900969986
0,IF2,323,-363.7557302390095
0,IF2,324,-364.45369822864325
0,IF2,325,-358.656902397552
0,IF2,326,-364.3856476006782
0,IF2,327,-367.9605774311511
0,IF2,328,-363.0086348756947
0,IF2,329,-364.5625611108903
0,IF2,330,-364.0150770696354
0,IF2,331,-365.222418377433
0,IF2,332,-363.8222209210633
0,IF2,333,-361.8754728048148
0,IF2,334,-365.6964747216052
0,IF2,335,-364.1557071640007
0,IF2,336,-364.84537366409097
0,IF2,337,-371.0844134728625
0,IF2,338,-362.6080035475016
0,IF2,339,-356.9187072178893
0,IF2,340,-365.92977558435166
0,IF2,341,-365.026458385898
0,IF2,342,-365.0200420447393
0,IF2,343,-363.43820781408533
0,IF2,344,-361.64029292187286
0,IF2,345,-363.47998700786906
0,IF2,346,-364.8215375162706
0,IF2,347,-365.3868389817982
0,IF2,348,-360.3666434795524
0,IF2,349,-362.47109647606106
0,IF2,350,-366.3591640586861
0,IF2,351,-366.79199462594784
0,IF2,352,-360.2280843606802
0,IF2,353,-366.2694004076673
0,IF2,354,-362.16816098376
0,IF2,355,-359.5712962570958
0,IF2,356,-360.40661162092726
0,IF2,357,-358.93907450445545
0,IF2,358,-364.95565218253404
0,IF2,359,-358.22522695479256
0,IF2,360,-367.3111560490268
0,IF2,361,-365.1096600764822
0,IF2,362,-367.87393859898907
0,IF2,363,-363.52723135486644
0,IF2,364,-361.684058036224
0,IF2,365,-363.61835061239617
0,IF2,366,-363.8337711396544
0,IF2,367,-363.55755458404974
0,IF2,368,-362.8027146863562
0,IF2,369,-364.4345111459508
0,IF2,370,-365.3896132399653
0,IF2,371,-364.21516697351535
0,IF2,372,-362.08452387145786
0,IF2,373,-364.32074653196906
0,IF2,374,-364.91441495811756
0,IF2,375,-368.7547033195842
0,IF2,376,-358.7727396291774
0,IF2,377,-364.1123121243313
0,IF2,378,-363.3000924198428
0,IF2,379,-365.3893048474512
0,IF2,380,-366.1646333372912
0,IF2,381,-365.0142164086274
0,IF2,382,-359.4812449967609
0,IF2,383,-364.835690113687
0,IF2,384,-365.583281988116
0,IF2,385,-363.90528627447213
0,IF2,386,-359.8448513572491
0,IF2,387,-362.5843343719851
0,IF2,388,-360.9741921436704
0,IF2,389,-364.81696603919636
0,IF2,390,-364.65703941784255
0,IF2,391,-366.1200520231071
0,IF2,392,-362.47788957782
0,IF2,393,-364.6216306790983
0,IF2,394,-366.80208667517803
0,IF2,395,-363.81605632673256
0,IF2,396,-364.88251104143006
0,IF2,397,-365.5678095990103
0,IF2,398,-362.1904885312665
0,IF2,399,-360.90511953218197
0,IF2,400,-367.8875269019738
0,IF2,401,-363.4745219471489
0,IF2,402,-364.50673310681503
0,IF2,403,-361.34859275228484
0,IF2,404,-363.7750626114507
0,IF2,405,-358.83374276346217
0,IF2,406,-365.3419233151292
0,IF2,407,-361.3059335184581
0,IF2,408,-364.7546517703664
0,IF2,409,-359.414142815947
0,IF2,410,-359.9332533817554
0,IF2,411,-364.63866669785506
0,IF2,412,-363.54430008258197
0,IF2,413,-364.7204342324984
0,IF2,414,-361.972669826791
0,IF2,415,-364.76145695639286
0,IF2,416,-362.5647474257351
0,IF2,417,-362.11460697194315
0,IF2,418,-358.8825116880649
0,IF2,419,-363.39685903162666
0,IF2,420,-362.16219716573505
0,IF2,421,-362.0046178299095
0,IF2,422,-368.1831573065457
0,IF2,423,-363.3791557179944
0,IF2,424,-364.27165794117576
0,IF2,425,-370.9645796386597
0,IF2,426,-368.0630170734872
0,IF2,427,-364.4693927411752
0,IF2,428,-367.20427583315814
0,IF2,429,-365.06453199517347
0,IF2,430,-360.7237698607746
0,IF2,431,-363.00357619183563
0,IF2,432,-365.04283251469894
0,IF2,433,-362.15030361519587
0,IF2,434,-362.9221498217302
0,IF2,435,-361.431043968905
0,IF2,436,-363.2665510131327
0,IF2,437,-360.97103734665296
0,IF2,438,-362.2998354512418
0,IF2,439,-363.6487834866217
0,IF2,440,-362.95512532650105
0,IF2,441,-358.5669536370736
0,IF2,442,-365.5944424709447
0,IF2,443,-363.56493993192
0,IF2,444,-363.7458628721219
0,IF2,445,-362.57891057570345
0,IF2,446,-365.3014127456942
0,IF2,447,-360.70196963524506
0,IF2,448,-360.0066229271399
0,IF2,449,-364.2308341498261
0,IF2,450,-364.7776979931368
0,IF2,451,-361.18217883030997
0,IF2,452,-365.80945305866953
0,IF2,453,-363.47158767493835
0,IF2,454,-365.17811353978544
0,IF2,455,-360.8821877506193
0,IF2,456,-359.96383955068444
0,IF2,457,-361.5311336178369
0,IF2,458,-360.684804326235
0,IF2,459,-365.1441757345988
0,IF2,460,-365.62878799690054
0,IF2,461,-363.998374655972
0,IF2,462,-363.81441583218896
0,IF2,463,-362.69958963969356
0,IF2,464,-364.0794153491489
0,IF2,465,-363.8784087717329
0,IF2,466,-366.2866472326069
0,IF2,467,-361.4009719449027
0,IF2,468,-359.7662781440697
0,IF2,469,-364.7043736006858
0,IF2,470,-362.41524605874076
0,IF2,471,-363.1320573993833
0,IF2,472,-369.4871545713914
0,IF2,473,-367.2005628850465
0,IF2,474,-364.6477154386737
0,IF2,475,-365.645183095776
0,IF2,476,-364.12570335299
0,IF2,477,-362.05185061828945
0,IF2,478,-361.26329339149214
0,IF2,479,-361.95380844768437
0,IF2,480,-362.6638946867435
0,IF2,481,-366.30778624857135
0,IF2,482,-362.72155604160235
0,IF2,483,-365.6220521796636
0,IF2,484,-365.44181837493096
0,IF2,485,-361.0170177563671
0,IF2,486,-360.81406424778424
0,IF2,487,-365.06972287354176
0,IF2,488,-365.61734318543756
0,IF2,489,-366.95268417465905
0,IF2,490,-365.72225562655177
0,IF2,491,-362.95932700022956
0,IF2,492,-361.12432548504233
0,IF2,493,-365.92712842735597
0,IF2,494,-363.5200190474592
0,IF2,495,-367.78295944812334
0,IF2,496,-361.21202842484934
0,IF2,497,-362.44577848691864
0,IF2,498,-368.44361423004113
0,IF2,499,-360.58722968024966
0,IF2,500,-363.96670150973284
0,IF2,501,-363.7476039441033
0,IF2,502,-365.62278317389257
0,IF2,503,-366.830200961222
0,IF2,504,-360.48632705655444
0,IF2,505,-361.1163407179704
0,IF2,506,-364.2501763662874
0,IF2,507,-356.7568797492738
0,IF2,508,-362.12925608220166
0,IF2,509,-363.2187995985006
0,IF2,510,-361.6120811622942
0,IF2,511,-358.9882061629632
0,IF2,512,-367.3188991586098
0,IF2,513,-361.7292416459406
0,IF2,514,-359.43133988817993
0,IF2,515,-361.9178351101092
0,IF2,516,-364.24150133719996
0,IF2,517,-360.9794789399435
0,IF2,518,-360.85287292827644
0,IF2,519,-364.7229042497951
0,IF2,520,-362.7694616828599
0,IF2,521,-363.47703451157844
0,IF2,522,-362.5096197713289
0,IF2,523,-359.05547563017376
0,IF2,524,-362.70358353006
0,IF2,525,-365.9410403339225
0,IF2,526,-363.04147238598074
0,IF2,527,-364.3162829994476
0,IF2,528,-362.67667593264986
0,IF2,529,-359.80546262375816
0,IF2,530,-362.2163375436866
0,IF2,531,-365.5858936660686
0,IF2,532,-361.83188619517256
0,IF2,533,-363.5933574942876
0,IF2,534,-358.6777596505531
0,IF2,535,-365.276423321991
0,IF2,536,-364.5575726628488
0,IF2,537,-363.3973569763702
0,IF2,538,-361.9094083209148
0,IF2,539,-365.6891897570721
0,IF2,540,-364.93320872015323
0,IF2,541,-363.8562537489246
0,IF2,542,-362.2646383823784
0,IF2,543,-361.86858949266065
0,IF2,544,-359.96592148224255
0,IF2,545,-362.345866109619
0,IF2,546,-361.76549928696994
0,IF2,547,-361.7082482333431
0,IF2,548,-359.53369313593834
0,IF2,549,-357.0445304570444
0,IF2,550,-364.73893304503724
0,IF2,551,-362.74077326494063
0,IF2,552,-367.09918941386866
0,IF2,553,-361.9067207497076
0,IF2,554,-362.9164866992434
0,IF2,555,-367.1163816073062
0,IF2,556,-362.1332139167509
0,IF2,557,-363.1697700291415
0,IF2,558,-364.0717730532914
0,IF2,559,-363.9832062548274
0,IF2,560,-362.8724149471007
0,IF2,561,-361.3299638751358
0,IF2,562,-361.6698294437679
0,IF2,563,-363.02232792391624
0,IF2,564,-367.67595007125266
0,IF2,565,-366.9596033612457
0,IF2,566,-360.72207078479533
0,IF2,567,-367.1241253686709
0,IF2,568,-367.1340321285567
0,IF2,569,-360.33488632524285
0,IF2,570,-359.750534038918
0,IF2,571,-365.9229886578873
0,IF2,572,-365.28458621583803
0,IF2,573,-362.106457855784
0,IF2,574,-363.1865464401708
0,IF2,575,-367.43848118245285
0,IF2,576,-361.92235010551724
0,IF2,577,-364.39455805123873
0,IF2,578,-362.54302736325985
0,IF2,579,-368.8955514854224
0,IF2,580,-363.3258578729331
0,IF2,581,-359.33132622808876
0,IF2,582,-360.9267284851528
0,IF2,583,-362.4728125210421
0,IF2,584,-361.48165300787184
0,IF2,585,-358.83919511760826
0,IF2,586,-362.87622490947336
0,IF2,587,-358.53308145583975
0,IF2,588,-369.92916912583735
0,IF2,589,-364.4778980467077
0,IF2,590,-360.8204207543416
0,IF2,591,-367.55158102908194
0,IF2,592,-362.7143730548887
0,IF2,593,-360.4746913836013
0,IF2,594,-362.06373196315934
0,IF2,595,-364.38596966938724
0,IF2,596,-363.2931753390131
0,IF2,597,-364.6698655963208
0,IF2,598,-365.0448479059235
0,IF2,599,-363.8768416352372
0,IFAD,0,-381.345611655372
0,IFAD,1,-366.2993081937981
0,IFAD,2,-367.25955271230936
0,IFAD,3,-376.1301174269307
0,IFAD,4,-366.7123846840729
0,IFAD,5,-358.69774713514454
0,IFAD,6,-362.41256765331696
0,IFAD,7,-358.9505126328706
0,IFAD,8,-364.6121304515259
0,IFAD,9,-368.42063165236885
0,IFAD,10,-368.48586715390513
0,IFAD,11,-362.1696584827679
0,IFAD,12,-363.85762275233355
0,IFAD,13,-368.37339487032983
0,IFAD,14,-362.6342627764016
0,IFAD,15,-365.0961728717377
0,IFAD,16,-364.18053102972124
0,IFAD,17,-366.133288991498
0,IFAD,18,-365.4903480051359
0,IFAD,19,-365.61373673041453
0,IFAD,20,-363.1278748516248
0,IFAD,21,-369.06866846543465
0,IFAD,22,-364.08410446176595
0,IFAD,23,-368.25011851078744
0,IFAD,24,-368.05226756017544
0,IFAD,25,-365.92978574093235
0,IFAD,26,-362.5073695189882
0,IFAD,27,-368.59487124195266
0,IFAD,28,-368.465988881639
0,IFAD,29,-370.97875453691665
0,IFAD,30,-362.90830044204057
0,IFAD,31,-366.93891930949025
0,IFAD,32,-362.29927017843374
0,IFAD,33,-365.56075071620404
0,IFAD,34,-367.0251772008303
0,IFAD,35,-369.71475324226407
0,IFAD,36,-369.7232061659743
0,IFAD,37,-361.2291271921487
0,IFAD,38,-366.8122103983094
0,IFAD,39,-377.3199017249657
0,IFAD,40,-382.2363192425246
0,IFAD,41,-364.62792927353775
0,IFAD,42,-362.7003392691198
0,IFAD,43,-366.56364249295046
0,IFAD,44,-372.8440038916098
0,IFAD,45,-359.7060194834747
0,IFAD,46,-361.08551288722396
0,IFAD,47,-360.9804885041626
0,IFAD,48,-370.6342181823574
0,IFAD,49,-380.6206299516043
0,IFAD,50,-365.97496452848264
0,IFAD,51,-377.9100672419848
0,IFAD,52,-377.3518406991263
0,IFAD,53,-364.9596390139919
0,IFAD,54,-359.8925273491551
0,IFAD,55,-362.6985310398142
0,IFAD,56,-367.56049867709294
0,IFAD,57,-371.06107358456603
0,IFAD,58,-365.8608842638552
0,IFAD,59,-365.70716371902284
0,IFAD,60,-366.4752543132205
0,IFAD,61,-367.08917783004017
0,IFAD,62,-366.5838207417848
0,IFAD,63,-364.5370992840085
0,IFAD,64,-370.24161915574945
0,IFAD,65,-372.76482870354016
0,IFAD,66,-366.4198807190041
0,IFAD,67,-372.12515211222404
0,IFAD,68,-372.02041172133715
0,IFAD,69,-375.7098663057866
0,IFAD,70,-371.9730685227517
0,IFAD,71,-371.59709232405106
0,IFAD,72,-370.2218196517534
0,IFAD,73,-366.53096476552537
0,IFAD,74,-366.96686085046883
0,IFAD,75,-366.4706845274935
0,IFAD,76,-360.49447751310004
0,IFAD,77,-360.98889153018007
0,IFAD,78,-367.1887322643044
0,IFAD,79,-367.16264341052084
0,IFAD,80,-361.32907294210264
0,IFAD,81,-363.1863850430607
0,IFAD,82,-364.82209948414504
0,IFAD,83,-368.0601622880886
0,IFAD,84,-365.26999672438967
0,IFAD,85,-362.9471289962645
0,IFAD,86,-363.64586422574206
0,IFAD,87,-356.5398387216907
0,IFAD,88,-360.48030499690276
0,IFAD,89,-366.5849834140598
0,IFAD,90,-366.756516313408
0,IFAD,91,-368.9997314396583
0,IFAD,92,-364.03259516361754
0,IFAD,93,-370.9241886442878
0,IFAD,94,-366.4718488282074
0,IFAD,95,-362.95853613796135
0,IFAD,96,-359.66439944580935
0,IFAD,97,-363.71264585417583
0,IFAD,98,-368.6095940908428
0,IFAD,99,-363.78176927046604
0,IFAD,100,-363.96007562833455
0,IFAD,101,-365.9701273596168
0,IFAD,102,-361.77424841503836
0,IFAD,103,-360.252926978332
0,IFAD,104,-366.0264936344353
0,IFAD,105,-366.02794272405254
0,IFAD,106,-364.01908789422276
0,IFAD,107,-362.20058265703926
0,IFAD,108,-360.81981984466785
0,IFAD,109,-366.5800629774231
0,IFAD,110,-363.1219485774919
0,IFAD,111,-362.2769768820976
0,IFAD,112,-361.17955794132405
0,IFAD,113,-364.0406352764658
0,IFAD,114,-365.6586031535735
0,IFAD,115,-366.51806130366236
0,IFAD,116,-359.88356627481585
0,IFAD,117,-366.2617471233522
0,IFAD,118,-362.98097692714845
0,IFAD,119,-357.4773565291448
0,IFAD,120,-363.36193505448074
0,IFAD,121,-358.3217670723321
0,IFAD,122,-358.61414614488325
0,IFAD,123,-362.61070329448904
0,IFAD,124,-360.8231640101473
0,IFAD,125,-364.0430621738455
0,IFAD,126,-361.9538569151781
0,IFAD,127,-360.0967514677775
0,IFAD,128,-370.33236106946254
0,IFAD,129,-359.9348707948633
0,IFAD,130,-361.160358765539
0,IFAD,131,-361.50959614502653
0,IFAD,132,-360.0346713068164
0,IFAD,133,-363.70032783271415
0,IFAD,134,-363.7918988840013
0,IFAD,135,-360.82627426973477
0,IFAD,136,-364.7143976692511
0,IFAD,137,-364.10386898990015
0,IFAD,138,-366.3778390093929
0,IFAD,139,-363.007500948505
0,IFAD,140,-356.87634633808545
0,IFAD,141,-365.033241604802
0,IFAD,142,-364.95686058521136
0,IFAD,143,-363.6828466014056
0,IFAD,144,-363.420799026568
0,IFAD,145,-367.8514533626333
0,IFAD,146,-362.78930287467597
0,IFAD,147,-363.0458735446598
0,IFAD,148,-365.8048094737503
0,IFAD,149,-360.77159705286675
0,IFAD,150,-364.78798643290855
0,IFAD,151,-363.20462454188714
0,IFAD,152,-366.51003872723965
0,IFAD,153,-366.18614070536535
0,IFAD,154,-362.43431156585086
0,IFAD,155,-363.9264961870194
0,IFAD,156,-366.4588075105725
0,IFAD,157,-362.9266588672059
0,IFAD,158,-365.91546935604356
0,IFAD,159,-363.0250183692056
0,IFAD,160,-362.9752345430313
0,IFAD,161,-359.03055428733325
0,IFAD,162,-363.74158253134397
0,IFAD,163,-360.00428426415976
0,IFAD,164,-365.4310121811525
0,IFAD,165,-363.467932166366
0,IFAD,166,-361.3389807925895
0,IFAD,167,-363.7942539171111
0,IFAD,168,-358.7385403321417
0,IFAD,169,-367.54312884037927
0,IFAD,170,-364.21424874421064
0,IFAD,171,-367.91439495989664
0,IFAD,172,-359.4487129260569
0,IFAD,173,-361.3657885579025
0,IFAD,174,-365.0537089875224
0,IFAD,175,-366.1752696493689
0,IFAD,176,-363.6066994405237
0,IFAD,177,-362.33656503841286
0,IFAD,178,-366.5768171852417
0,IFAD,179,-367.4781541258403
0,IFAD,180,-362.3508864180055
0,IFAD,181,-360.6556218379778
0,IFAD,182,-366.5579198762527
0,IFAD,183,-368.40965789641285
0,IFAD,184,-362.8858531059429
0,IFAD,185,-364.95456626055807
0,IFAD,186,-363.8600409795941
0,IFAD,187,-359.4894103961536
0,IFAD,188,-360.9453551966643
0,IFAD,189,-359.071875284292
0,IFAD,190,-364.23970276397705
0,IFAD,191,-369.4039741418479
0,IFAD,192,-365.6874116477815
0,IFAD,193,-363.38825874208595
0,IFAD,194,-360.3609780613054
0,IFAD,195,-361.65038395214356
0,IFAD,196,-366.0364596534292
0,IFAD,197,-364.7705053123305
0,IFAD,198,-362.9945595967145
0,IFAD,199,-365.58177907367457
0,IFAD,200,-361.3319413891432
0,IFAD,201,-368.38605847569306
0,IFAD,202,-364.094339831983
0,IFAD,203,-363.84437387766536
0,IFAD,204,-359.57441390058284
0,IFAD,205,-364.15111460073183
0,IFAD,206,-369.10008514228906
0,IFAD,207,-361.3108930775569
0,IFAD,208,-366.7077634268546
0,IFAD,209,-367.09657852535526
0,IFAD,210,-362.2426897896606
0,IFAD,211,-363.9166220726479
0,IFAD,212,-363.4448563716343
0,IFAD,213,-360.0460171067801
0,IFAD,214,-364.5222339712082
0,IFAD,215,-362.8439584759401
0,IFAD,216,-358.88256258277244
0,IFAD,217,-364.4949158709698
0,IFAD,218,-362.6962816986376
0,IFAD,219,-363.69464997295256
0,IFAD,220,-362.53544210438963
0,IFAD,221,-366.2929056004697
0,IFAD,222,-359.56854534838294
0,IFAD,223,-366.6591294781719
0,IFAD,224,-363.2100440721996
0,IFAD,225,-367.8370245476052
0,IFAD,226,-362.761078790753
0,IFAD,227,-363.5636832767508
0,IFAD,228,-357.61562430677924
0,IFAD,229,-360.7467757147504
0,IFAD,230,-363.11674698308724
0,IFAD,231,-363.6357525901729
0,IFAD,232,-361.53901493040877
0,IFAD,233,-364.6577425251744
0,IFAD,234,-363.2798799762774
0,IFAD,235,-360.9373779233558
0,IFAD,236,-359.5492213040125
0,IFAD,237,-363.7250175236204
0,IFAD,238,-363.6330281749247
0,IFAD,239,-362.6569567244296
0,IFAD,240,-367.1326522691103
0,IFAD,241,-362.5488570252257
0,IFAD,242,-363.18721385166947
0,IFAD,243,-367.47479339795433
0,IFAD,244,-360.89416451886535
0,IFAD,245,-359.23287038433625
0,IFAD,246,-365.7735867179886
0,IFAD,247,-363.39574230713146
0,IFAD,248,-364.4356524717188
0,IFAD,249,-361.97510878272016
0,IFAD,250,-363.12939096986247
0,IFAD,251,-362.8305978766108
0,IFAD,252,-362.87616567485776
0,IFAD,253,-363.6606394409897
0,IFAD,254,-367.72104257328374
0,IFAD,255,-362.92426648354586
0,IFAD,256,-362.80904738302513
0,IFAD,257,-364.1497979046036
0,IFAD,258,-364.36511058010734
0,IFAD,259,-364.03880702465665
0,IFAD,260,-361.3283686371944
0,IFAD,261,-365.7889111131074
0,IFAD,262,-370.0251665296407
0,IFAD,263,-367.02855990143087
0,IFAD,264,-366.71859849125394
0,IFAD,265,-365.4150738328905
0,IFAD,266,-365.9873535864219
0,IFAD,267,-360.50528198986547
0,IFAD,268,-367.5896661168793
0,IFAD,269,-361.2309852759379
0,IFAD,270,-359.19291681373903
0,IFAD,271,-362.39731551975314
0,IFAD,272,-365.67394399306977
0,IFAD,273,-366.3279998775022
0,IFAD,274,-359.94846247159825
0,IFAD,275,-363.21361625306605
0,IFAD,276,-360.81232616711145
0,IFAD,277,-363.60301447484994
0,IFAD,278,-364.6178148591672
0,IFAD,279,-359.424925552524
0,IFAD,280,-364.42277559815113
0,IFAD,281,-361.64510726408247
0,IFAD,282,-364.27688901202623
0,IFAD,283,-365.10791621787087
0,IFAD,284,-363.1822022284298
0,IFAD,285,-362.66925994876175
0,IFAD,286,-361.482883374185
0,IFAD,287,-364.5685077200907
0,IFAD,288,-360.79568960323195
0,IFAD,289,-358.16081091744917
0,IFAD,290,-360.9822242077385
0,IFAD,291,-362.24959608756325
0,IFAD,292,-364.7706999377524
0,IFAD,293,-363.3402329524215
0,IFAD,294,-360.83978354854395
0,IFAD,295,-360.757151591656
0,IFAD,296,-359.65191569538587
0,IFAD,297,-360.09011882188105
0,IFAD,298,-361.27030723862873
0,IFAD,299,-363.9707901021001
0,IFAD,300,-367.81491640019016
0,IFAD,301,-363.0455437474724
0,IFAD,302,-357.0449146673061
0,IFAD,303,-363.9418224514366
0,IFAD,304,-364.86473019224684
0,IFAD,305,-366.93017480992586
0,IFAD,306,-359.46975387080533
0,IFAD,307,-363.56147715685813
0,IFAD,308,-360.8322266242443
0,IFAD,309,-360.17297627637754
0,IFAD,310,-357.2242417242331
0,IFAD,311,-363.9002215878663
0,IFAD,312,-361.9526523396139
0,IFAD,313,-362.2530290895702
0,IFAD,314,-367.7364774009315
0,IFAD,315,-360.3121517574547
0,IFAD,316,-367.4351477849182
0,IFAD,317,-365.49774316804644
0,IFAD,318,-364.76224998002084
0,IFAD,319,-361.578987124766
0,IFAD,320,-360.63851926946415
0,IFAD,321,-358.5542587929624
0,IFAD,322,-364.20893497851586
0,IFAD,323,-362.93684069516326
0,IFAD,324,-360.72745100568426
0,IFAD,325,-364.95369978820713
0,IFAD,326,-358.7693287576604
0,IFAD,327,-366.39487446724536
0,IFAD,328,-363.84908105324735
0,IFAD,329,-362.75151629835653
0,IFAD,330,-366.9814291555722
0,IFAD,331,-361.42600248890227
0,IFAD,332,-365.4201270072158
0,IFAD,333,-360.3265251324639
0,IFAD,334,-363.39405962552104
0,IFAD,335,-359.8921125836831
0,IFAD,336,-357.60160554945713
0,IFAD,337,-359.746252396097
0,IFAD,338,-364.52130500088776
0,IFAD,339,-362.7398982902402
0,IFAD,340,-369.31518962954357
0,IFAD,341,-358.7518128028804
0,IFAD,342,-357.7806646454468
0,IFAD,343,-359.76906489301234
0,IFAD,344,-363.72387804479865
0,IFAD,345,-365.5295087021796
0,IFAD,346,-367.78280685529376
0,IFAD,347,-365.39359314591104
0,IFAD,348,-364.5882737042128
0,IFAD,349,-365.3403797906307
0,IFAD,350,-362.74826555489847
0,IFAD,351,-364.8524897205818
0,IFAD,352,-359.55020165309674
0,IFAD,353,-362.67355148346167
0,IFAD,354,-364.7746933631682
0,IFAD,355,-361.90952454443453
0,IFAD,356,-361.7797461190705
0,IFAD,357,-362.4370788735327
0,IFAD,358,-360.93521083256286
0,IFAD,359,-358.00875325562555
0,IFAD,360,-361.33632125609347
0,IFAD,361,-361.1132152880208
0,IFAD,362,-365.2505810894964
0,IFAD,363,-360.1328375986037
0,IFAD,364,-360.15619969416434
0,IFAD,365,-361.63649770584567
0,IFAD,366,-361.62479621121054
0,IFAD,367,-358.86125445405554
0,IFAD,368,-363.07926333333586
0,IFAD,369,-357.34165436859814
0,IFAD,370,-365.5637931657581
0,IFAD,371,-363.15078836098377
0,IFAD,372,-363.7404425978302
0,IFAD,373,-361.1370619720402
0,IFAD,374,-362.08827687292586
0,IFAD,375,-361.2644873918273
0,IFAD,376,-361.92823070549497
0,IFAD,377,-366.0934142154746
0,IFAD,378,-363.8626848358314
0,IFAD,379,-366.1371866812639
0,IFAD,380,-358.31038192353714
0,IFAD,381,-366.737715398824
0,IFAD,382,-360.37644515043854
0,IFAD,383,-364.6635614390622
0,IFAD,384,-363.331578919077
0,IFAD,385,-362.26279198472184
0,IFAD,386,-362.06248878150143
0,IFAD,387,-367.34713462370917
0,IFAD,388,-363.3646768508275
0,IFAD,389,-356.99769692714943
0,IFAD,390,-362.32680181928527
0,IFAD,391,-362.0287661198873
0,IFAD,392,-366.8749380894927
0,IFAD,393,-362.05090708562267
0,IFAD,394,-361.010317727599
0,IFAD,395,-361.27957739263263
0,IFAD,396,-363.37449229083524
0,IFAD,397,-365.2748879957231
0,IFAD,398,-366.4044395626989
0,IFAD,399,-361.7732586714881
0,DS19,0,-402.10853001950983
0,DS19,1,-409.9420802460033
0,DS19,2,-405.55557367029184
0,DS19,3,-412.95649552132653
0,DS19,4,-406.851551521392
0,DS19,5,-393.4731300608446
0,DS19,6,-399.98757705864773
0,DS19,7,-383.9242005324773
0,DS19,8,-406.7305046198841
0,DS19,9,-399.08992671486817
0,DS19,10,-388.6143598271178
0,DS19,11,-386.06486622504474
0,DS19,12,-390.59106804379223
0,DS19,13,-394.90501999146693
0,DS19,14,-384.77845027248463
0,DS19,15,-392.81120513628593
0,DS19,16,-384.10427749358115
0,DS19,17,-393.4211113312772
0,DS19,18,-397.3552725218165
0,DS19,19,-383.3830503842644
0,DS19,20,-391.81569956436607
0,DS19,21,-385.03994697086455
0,DS19,22,-389.5420536448474
0,DS19,23,-383.92152042603857
0,DS19,24,-390.9636183858961
0,DS19,25,-385.7132382987307
0,DS19,26,-385.64022126568034
0,DS19,27,-382.23894908497164
0,DS19,28,-377.53250489393554
0,DS19,29,-379.4578249686005
0,DS19,30,-383.9256734138643
0,DS19,31,-388.9538966893619
0,DS19,32,-371.5581153117886
0,DS19,33,-373.86686383490235
0,DS19,34,-384.78697499327944
0,DS19,35,-382.3785603705365
0,DS19,36,-379.3860494523558
0,DS19,37,-391.1358649983838
0,DS19,38,-382.2389216158416
0,DS19,39,-378.18167495400894
0,DS19,40,-382.2938288989624
0,DS19,41,-389.7357446324705
0,DS19,42,-381.8976846615531
0,DS19,43,-390.27099155028617
0,DS19,44,-373.754815867329
0,DS19,45,-377.06120802119483
0,DS19,46,-372.16239121162914
0,DS19,47,-392.40098057384336
0,DS19,48,-374.43825868871284
0,DS19,49,-375.80901108989536
0,DS19,50,-372.768794236336
0,DS19,51,-384.048861790562
0,DS19,52,-367.45677281579697
0,DS19,53,-373.54239301280893
0,DS19,54,-374.92804922361603
0,DS19,55,-366.1023042118673
0,DS19,56,-379.9101818355193
0,DS19,57,-381.0519846801348
0,DS19,58,-377.4997764238126
0,DS19,59,-375.44709830024493
0,DS19,60,-374.43031758093576
0,DS19,61,-376.57028753192185
0,DS19,62,-377.73812630406604
0,DS19,63,-377.55340046646256
0,DS19,64,-372.1473031115087
0,DS19,65,-372.08070988993524
0,DS19,66,-376.8817577074336
0,DS19,67,-384.129634359756
0,DS19,68,-376.77318041501246
0,DS19,69,-376.8146806581733
0,DS19,70,-379.6236388559496
0,DS19,71,-372.91022972911065
0,DS19,72,-388.8030599173803
0,DS19,73,-365.98953088829296
0,DS19,74,-390.6611376387633
0,DS19,75,-384.7569875136134
0,DS19,76,-374.69375720804743
0,DS19,77,-373.24304810712624
0,DS19,78,-367.21209879608494
0,DS19,79,-377.7223318764287
0,DS19,80,-389.74981937447336
0,DS19,81,-374.10122401455243
0,DS19,82,-385.2872971808075
0,DS19,83,-375.9503710953947
0,DS19,84,-381.7397150714391
0,DS19,85,-391.9991525021767
0,DS19,86,-382.076564017392
0,DS19,87,-379.3230003081343
0,DS19,88,-385.91808468841083
0,DS19,89,-369.62828421606395
0,DS19,90,-374.51314019807546
0,DS19,91,-372.6472228029974
0,DS19,92,-375.81441992542267
0,DS19,93,-382.71657535147426
0,DS19,94,-377.55696050398865
0,DS19,95,-371.27544376809055
0,DS19,96,-391.11051139209366
0,DS19,97,-369.22561659735277
0,DS19,98,-383.9100548270384
0,DS19,99,-380.79161348634375
0,DS19,100,-376.31058396297715
0,DS19,101,-373.71823004362386
0,DS19,102,-390.4365452318222
0,DS19,103,-374.48522766704207
0,DS19,104,-374.9197517990011
0,DS19,105,-388.8973779597353
0,DS19,106,-376.2840521689947
0,DS19,107,-382.46948953027294
0,DS19,108,-371.97099762483265
0,DS19,109,-377.103059077286
0,DS19,110,-369.55779433126423
0,DS19,111,-370.8034380336061
0,DS19,112,-372.09901857867806
0,DS19,113,-379.0647050705883
0,DS19,114,-383.80709503568823
0,DS19,115,-384.5099418884888
0,DS19,116,-374.32225191863245
0,DS19,117,-381.4163148584081
0,DS19,118,-366.19873024716014
0,DS19,119,-387.01279683489025
0,DS19,120,-379.0125367207043
0,DS19,121,-384.6070755603538
0,DS19,122,-378.74076717307156
0,DS19,123,-378.1412746931112
0,DS19,124,-370.67023166116377
0,DS19,125,-377.0831015613643
0,DS19,126,-378.2597499594165
0,DS19,127,-379.10516365965276
0,DS19,128,-374.5697000795567
0,DS19,129,-376.01111664880904
0,DS19,130,-378.19110876733595
0,DS19,131,-377.86428138316444
0,DS19,132,-386.6945304977354
0,DS19,133,-376.25520662593624
0,DS19,134,-369.8047312929448
0,DS19,135,-382.71955949541086
0,DS19,136,-378.4380906349699
0,DS19,137,-383.03191289082787
0,DS19,138,-373.8387381185162
0,DS19,139,-377.6357571643702
0,DS19,140,-376.9383671729767
0,DS19,141,-395.50732336395214
0,DS19,142,-386.51366570798245
0,DS19,143,-382.261201683121
0,DS19,144,-378.9009059260555
0,DS19,145,-381.72947140948236
0,DS19,146,-380.2740186066217
0,DS19,147,-370.3020623578016
0,DS19,148,-368.67311141101436
0,DS19,149,-363.1682101693652
0,DS19,150,-371.439365698807
0,DS19,151,-375.22774514598746
0,DS19,152,-377.23530622583075
0,DS19,153,-365.7780498007571
0,DS19,154,-379.37647381916713
0,DS19,155,-379.13846504051503
0,DS19,156,-384.258026908341
0,DS19,157,-377.7592622276644
0,DS19,158,-382.50905081789523
0,DS19,159,-376.04465018079577
0,DS19,160,-369.8901246001619
0,DS19,161,-375.0190423049256
0,DS19,162,-371.0814170859987
0,DS19,163,-382.68458896821795
0,DS19,164,-372.48905763531275
0,DS19,165,-382.52602649034236
0,DS19,166,-385.20784415988516
0,DS19,167,-365.21629385776816
0,DS19,168,-371.2765865166954
0,DS19,169,-364.034741338819
0,DS19,170,-380.4314457526442
0,DS19,171,-380.31848375848716
0,DS19,172,-384.37654956845495
0,DS19,173,-382.93598400323623
0,DS19,174,-367.25074531498547
0,DS19,175,-381.2218262287656
0,DS19,176,-383.3475139852438
0,DS19,177,-380.46929353739336
0,DS19,178,-378.46867648220365
0,DS19,179,-373.1362471138408
0,DS19,180,-380.21526390874556
0,DS19,181,-373.83477620339477
0,DS19,182,-373.76520097376385
0,DS19,183,-387.32516457642805
0,DS19,184,-389.6012364891229
0,DS19,185,-366.3840984480438
0,DS19,186,-388.4597748157049
0,DS19,187,-382.23427740808347
0,DS19,188,-387.42540335684026
0,DS19,189,-376.9442536290565
0,DS19,190,-371.5042631362552
0,DS19,191,-373.38207906817456
0,DS19,192,-375.05221994828514
0,DS19,193,-377.7034636193266
0,DS19,194,-374.98747319164244
0,DS19,195,-377.017657800477
0,DS19,196,-379.1850851189246
0,DS19,197,-383.86206222523487
0,DS19,198,-375.8007354595383
0,DS19,199,-383.55523112866103
0,DS19,200,-375.5416336359207
0,DS19,201,-372.37296106440107
0,DS19,202,-379.70987782299716
0,DS19,203,-379.92145301786155
0,DS19,204,-383.62177343421814
0,DS19,205,-377.6579115291348
0,DS19,206,-384.8719166924911
0,DS19,207,-370.20039566831946
0,DS19,208,-374.8078341789419
0,DS19,209,-375.1237308266706
0,DS19,210,-385.98718729078985
0,DS19,211,-384.4419192744438
0,DS19,212,-382.8763174983884
0,DS19,213,-377.7049036590012
0,DS19,214,-373.8897881798042
0,DS19,215,-380.1472997536283
0,DS19,216,-374.3905111963348
0,DS19,217,-373.4437575433104
0,DS19,218,-374.303282143763
0,DS19,219,-384.41483904256324
0,DS19,220,-390.79786958693717
0,DS19,221,-377.04822010838205
0,DS19,222,-366.6271266605151
0,DS19,223,-372.87297374001673
0,DS19,224,-367.33709114964154
0,DS19,225,-378.2167938626784
0,DS19,226,-384.0673878035092
0,DS19,227,-378.99534716234626
0,DS19,228,-378.3058093214228
0,DS19,229,-385.1679668540789
0,DS19,230,-377.91310160451957
0,DS19,231,-374.26565219052634
0,DS19,232,-364.1744869546766
0,DS19,233,-379.6179930239593
0,DS19,234,-385.93366474475334
0,DS19,235,-385.4801177395649
0,DS19,236,-376.6177765064672
0,DS19,237,-381.89966988821755
0,DS19,238,-380.5691856590141
0,DS19,239,-380.50139337513417
0,DS19,240,-364.9125297538235
0,DS19,241,-387.2200594674125
0,DS19,242,-378.10851357825163
0,DS19,243,-382.989287381387
0,DS19,244,-390.1630155020356
0,DS19,245,-378.12146449494514
0,DS19,246,-367.98598712483545
0,DS19,247,-371.5792685853236
0,DS19,248,-379.60245838197363
0,DS19,249,-384.34291055218995
0,DS19,250,-388.5842176488429
0,DS19,251,-378.53889310573015
0,DS19,252,-370.74446299246296
0,DS19,253,-380.892541002759
0,DS19,254,-377.2140306638226
0,DS19,255,-364.4163600881413
0,DS19,256,-372.8391190614559
0,DS19,257,-375.2957133360974
0,DS19,258,-371.5896802212901
0,DS19,259,-373.30051071597404
0,DS19,260,-384.5193497697816
0,DS19,261,-382.57066234648016
0,DS19,262,-377.91742726883217
0,DS19,263,-378.62621104373113
0,DS19,264,-377.99655103304303
0,DS19,265,-375.9972111506636
0,DS19,266,-386.4287669788204
0,DS19,267,-376.10697236446043
0,DS19,268,-365.42482992611076
0,DS19,269,-386.1429817608515
0,DS19,270,-388.765999415319
0,DS19,271,-361.58642156454187
0,DS19,272,-369.79255728307044
0,DS19,273,-374.40642567784414
0,DS19,274,-369.12611124234326
0,DS19,275,-379.09253139846874
0,DS19,276,-377.3362218266292
0,DS19,277,-385.4277382949688
0,DS19,278,-379.4189604035905
0,DS19,279,-372.07772482315204
0,DS19,280,-378.42607158186274
0,DS19,281,-370.4992743199115
0,DS19,282,-385.98107002812765
0,DS19,283,-372.3832208758437
0,DS19,284,-382.67243238569864
0,DS19,285,-372.2592362853462
0,DS19,286,-379.83272897090944
0,DS19,287,-385.2290883269635
0,DS19,288,-373.76879293140263
0,DS19,289,-396.93558004282454
0,DS19,290,-377.56444895552204
0,DS19,291,-357.7082502589625
0,DS19,292,-362.06921059118633
0,DS19,293,-378.7313781982191
0,DS19,294,-373.52331243844156
0,DS19,295,-380.3737503946106
0,DS19,296,-375.53634395624033
0,DS19,297,-372.64383561482055
0,DS19,298,-377.08769315134884
0,DS19,299,-387.85111508356226
0,CTDD21,0,-439.57067221643666
0,CTDD21,1,-456.7523269593635
0,CTDD21,2,-480.475363549001
0,CTDD21,3,-485.749407304527
0,CTDD21,4,-469.4726218232694
0,CTDD21,5,-454.134663745873
0,CTDD21,6,-473.96649761381923
0,CTDD21,7,-446.09698937090667
0,CTDD21,8,-431.6945630264782
0,CTDD21,9,-453.3050706711995
0,CTDD21,10,-443.29498210035314
0,CTDD21,11,-463.35445728104423
0,CTDD21,12,-432.3638805094575
0,CTDD21,13,-435.71979390096175
0,CTDD21,14,-466.7613570981745
0,CTDD21,15,-442.4004422924918
0,CTDD21,16,-452.5602105116215
0,CTDD21,17,-435.41699624795746
0,CTDD21,18,-430.67006348450315
0,CTDD21,19,-427.1846492327657
0,CTDD21,20,-424.3560746316024
0,CTDD21,21,-431.28221133547646
0,CTDD21,22,-422.7231893940799
0,CTDD21,23,-466.0559104967967
0,CTDD21,24,-451.8110622706519
0,CTDD21,25,-430.34122839877296
0,CTDD21,26,-410.1701979351822
0,CTDD21,27,-414.5144165090461
0,CTDD21,28,-417.9803064212732
0,CTDD21,29,-417.7918777854463
0,CTDD21,30,-429.8522016652204
0,CTDD21,31,-426.7174440075258
0,CTDD21,32,-425.4733064233006
0,CTDD21,33,-420.25464273069315
0,CTDD21,34,-426.97086122033016
0,CTDD21,35,-415.4430697701133
0,CTDD21,36,-431.47648050044586
0,CTDD21,37,-423.3907328171054
0,CTDD21,38,-432.4265175467285
0,CTDD21,39,-418.5889001105998
0,CTDD21,40,-420.08185200205963
0,CTDD21,41,-434.200835633382
0,CTDD21,42,-430.79253217830166
0,CTDD21,43,-415.0408213102003
0,CTDD21,44,-426.31403325132266
0,CTDD21,45,-427.6936901993611
0,CTDD21,46,-421.9324186632412
0,CTDD21,47,-444.0422870524909
0,CTDD21,48,-419.25710082058066
0,CTDD21,49,-419.61180376708
0,CTDD21,50,-422.8881983527131
0,CTDD21,51,-461.3189162285919
0,CTDD21,52,-445.20088994057835
0,CTDD21,53,-417.88688270461734
0,CTDD21,54,-438.73366038503644
0,CTDD21,55,-423.0549426747367
0,CTDD21,56,-404.15343550449967
0,CTDD21,57,-424.0811255887058
0,CTDD21,58,-401.87807211859774
0,CTDD21,59,-403.794086666658
0,CTDD21,60,-429.5313654899098
0,CTDD21,61,-414.32040469840763
0,CTDD21,62,-444.029883642576
0,CTDD21,63,-452.21386639901317
0,CTDD21,64,-451.25897872259213
0,CTDD21,65,-416.21514973343824
0,CTDD21,66,-418.0425445099863
0,CTDD21,67,-407.80868034287
0,CTDD21,68,-391.31185623629557
0,CTDD21,69,-410.41604629495265
0,CTDD21,70,-429.76332682543284
0,CTDD21,71,-430.41558480231595
0,CTDD21,72,-394.101550883498
0,CTDD21,73,-425.13049346608443
0,CTDD21,74,-416.77625564855566
0,CTDD21,75,-414.6036072516773
0,CTDD21,76,-419.50814261233234
0,CTDD21,77,-427.53843536099805
0,CTDD21,78,-431.9293413749043
0,CTDD21,79,-453.9356194379701
0,CTDD21,80,-418.81800454351423
0,CTDD21,81,-433.1979529384391
0,CTDD21,82,-406.2080935126975
0,CTDD21,83,-417.25453703880146
0,CTDD21,84,-419.828080632965
0,CTDD21,85,-406.1343525177615
0,CTDD21,86,-431.79964738100114
0,CTDD21,87,-435.70702715724605
0,CTDD21,88,-452.7375725224627
0,CTDD21,89,-431.1669149669926
0,CTDD21,90,-398.8693654865208
0,CTDD21,91,-423.07750175599523
0,CTDD21,92,-433.6646365174676
0,CTDD21,93,-433.36910558079785
0,CTDD21,94,-411.23029311957976
0,CTDD21,95,-433.2034738410078
0,CTDD21,96,-424.0042113669582
0,CTDD21,97,-424.5558500027818
0,CTDD21,98,-415.3278994211289
0,CTDD21,99,-433.31998141346065
0,CTDD21,100,-404.47105080682655
0,CTDD21,101,-421.42381293164823
0,CTDD21,102,-435.76310015943557
0,CTDD21,103,-422.37100053379015
0,CTDD21,104,-420.85647783207656
0,CTDD21,105,-435.63796423567095
0,CTDD21,106,-460.7440745197921
0,CTDD21,107,-384.3735289088362
0,CTDD21,108,-409.27387389815203
0,CTDD21,109,-440.773604493069
0,CTDD21,110,-413.4275637913334
0,CTDD21,111,-415.7939473968984
0,CTDD21,112,-408.9933471711626
0,CTDD21,113,-420.43729598248535
0,CTDD21,114,-453.97910320981543
0,CTDD21,115,-418.04757100625864
0,CTDD21,116,-439.36362457556135
0,CTDD21,117,-425.20366083563135
0,CTDD21,118,-415.88492556719075
0,CTDD21,119,-414.67337376165665
0,CTDD21,120,-393.49789348144657
0,CTDD21,121,-416.3832712651417
0,CTDD21,122,-428.48080790010494
0,CTDD21,123,-433.5165936849463
0,CTDD21,124,-416.372099135137
0,CTDD21,125,-417.5405130197928
0,CTDD21,126,-441.58300007460696
0,CTDD21,127,-397.62460086285233
0,CTDD21,128,-413.11908149951637
0,CTDD21,129,-438.14589805659256
0,CTDD21,130,-409.31625594381273
0,CTDD21,131,-424.28571168893006
0,CTDD21,132,-413.58782088443024
0,CTDD21,133,-418.0162652747111
0,CTDD21,134,-421.06169087761475
0,CTDD21,135,-427.9995218265436
0,CTDD21,136,-432.3969151615204
0,CTDD21,137,-427.8904627133864
0,CTDD21,138,-443.2343330635322
0,CTDD21,139,-463.629868004809
0,CTDD21,140,-408.0218384906789
0,CTDD21,141,-413.038712135669
0,CTDD21,142,-458.4535648564854
0,CTDD21,143,-407.3803375145143
0,CTDD21,144,-435.14602235642917
0,CTDD21,145,-428.46121659118626
0,CTDD21,146,-423.2220423793204
0,CTDD21,147,-410.3962000420566
0,CTDD21,148,-421.4960162807852
0,CTDD21,149,-435.39202044269825
0,CTDD21,150,-433.29476799159454
0,CTDD21,151,-421.50838889430486
0,CTDD21,152,-424.73020469700646
0,CTDD21,153,-417.9729008262853
0,CTDD21,154,-423.736865982021
0,CTDD21,155,-424.4784591802978
0,CTDD21,156,-409.10580171766543
0,CTDD21,157,-431.2216073850268
0,CTDD21,158,-407.0966856694093
0,CTDD21,159,-429.7601740758297
0,CTDD21,160,-421.03319831746944
0,CTDD21,161,-413.3590912095483
0,CTDD21,162,-416.2725509399395
0,CTDD21,163,-427.57853902470833
0,CTDD21,164,-425.1069554506932
0,CTDD21,165,-460.16685381429386
0,CTDD21,166,-392.3434216985763
0,CTDD21,167,-419.59420778617516
0,CTDD21,168,-403.8316604027327
0,CTDD21,169,-443.85054832736813
0,CTDD21,170,-408.49916298349535
0,CTDD21,171,-407.480355049527
0,CTDD21,172,-399.44173443434784
0,CTDD21,173,-423.4431173250687
0,CTDD21,174,-424.7162349257663
0,CTDD21,175,-412.50537317377825
0,CTDD21,176,-412.405115823429
0,CTDD21,177,-405.3794579152572
0,CTDD21,178,-423.34143030133976
0,CTDD21,179,-437.58509838800916
0,CTDD21,180,-422.05172777065883
0,CTDD21,181,-444.4267892336954
0,CTDD21,182,-437.0192717898483
0,CTDD21,183,-433.6291921037995
0,CTDD21,184,-432.32329523442877
0,CTDD21,185,-432.5099121121876
0,CTDD21,186,-440.94979347807623
0,CTDD21,187,-407.27897411309397
0,CTDD21,188,-442.6058928522102
0,CTDD21,189,-445.77157146486724
0,CTDD21,190,-419.3975533199766
0,CTDD21,191,-424.1633220445749
0,CTDD21,192,-419.8775985091429
0,CTDD21,193,-406.492071181432
0,CTDD21,194,-403.70637965087997
0,CTDD21,195,-436.6167416820473
0,CTDD21,196,-436.32508162798445
0,CTDD21,197,-431.61109971649523
0,CTDD21,198,-436.50371974151574
0,CTDD21,199,-456.0690296809171
0,CTDD21,200,-429.670382203153
0,CTDD21,201,-447.8358443405083
0,CTDD21,202,-411.17475139216947
0,CTDD21,203,-425.2546597735336
0,CTDD21,204,-418.4402548203806
0,CTDD21,205,-418.44110106185036
0,CTDD21,206,-411.00444309626766
0,CTDD21,207,-408.5788545285026
0,CTDD21,208,-401.7728927666221
0,CTDD21,209,-424.4294049320341
0,CTDD21,210,-426.43602304231507
0,CTDD21,211,-427.64009413054987
0,CTDD21,212,-403.61482757873824
0,CTDD21,213,-447.03231542047195
0,CTDD21,214,-423.24406329084115
0,CTDD21,215,-421.29530686138446
0,CTDD21,216,-428.33534615853705
0,CTDD21,217,-431.0348079882633
0,CTDD21,218,-415.5582282672585
0,CTDD21,219,-444.28689089829027
0,CTDD21,220,-439.540884510335
0,CTDD21,221,-422.4547868090897
0,CTDD21,222,-455.7885473734043
0,CTDD21,223,-433.2297146661168
0,CTDD21,224,-433.91641011542436
0,CTDD21,225,-414.2191497204874
0,CTDD21,226,-419.4470289646408
0,CTDD21,227,-419.9438412991138
0,CTDD21,228,-457.1772976476185
0,CTDD21,229,-428.45773721130513
0,CTDD21,230,-435.3837665443876
0,CTDD21,231,-418.54295659006993
0,CTDD21,232,-444.65937780348827
0,CTDD21,233,-437.6603077272906
0,CTDD21,234,-413.57971268555997
0,CTDD21,235,-425.28094893182794
0,CTDD21,236,-459.5013792044598
0,CTDD21,237,-409.5386899094672
0,CTDD21,238,-400.99630225647024
0,CTDD21,239,-421.9103687295868
0,CTDD21,240,-412.5313334616686
0,CTDD21,241,-401.350328180956
0,CTDD21,242,-452.62593213392495
0,CTDD21,243,-425.3650041373522
0,CTDD21,244,-427.5095014530165
0,CTDD21,245,-435.805162564258
0,CTDD21,246,-421.88881931470723
0,CTDD21,247,-420.65031410900826
0,CTDD21,248,-407.2876472383863
0,CTDD21,249,-424.22555658930787
0,CTDD21,250,-422.3344465622057
0,CTDD21,251,-429.9744353587499
0,CTDD21,252,-426.72014082338956
0,CTDD21,253,-450.2006721235843
0,CTDD21,254,-414.9155488333654
0,CTDD21,255,-443.00033582720306
0,CTDD21,256,-398.33430697438337
0,CTDD21,257,-420.3920846574209
0,CTDD21,258,-424.044458345685
0,CTDD21,259,-422.19902830280625
0,CTDD21,260,-457.66887637034574
0,CTDD21,261,-427.2790714229504
0,CTDD21,262,-420.5331793137508
0,CTDD21,263,-416.82290948643697
0,CTDD21,264,-391.2425002366509
0,CTDD21,265,-406.9411719555974
0,CTDD21,266,-431.6503552303981
0,CTDD21,267,-418.10030885729503
0,CTDD21,268,-422.68595315603216
0,CTDD21,269,-437.7015921537901
0,CTDD21,270,-399.20298016295476
0,CTDD21,271,-419.063398720141
0,CTDD21,272,-435.0375045400955
0,CTDD21,273,-419.2906025813347
0,CTDD21,274,-437.9235813107225
0,CTDD21,275,-436.2509165661551
0,CTDD21,276,-390.26093059720966
0,CTDD21,277,-447.10998056639824
0,CTDD21,278,-409.39780211747484
0,CTDD21,279,-431.5474509964975
0,CTDD21,280,-429.2610180095336
0,CTDD21,281,-426.2295039616608
0,CTDD21,282,-417.8256740005189
0,CTDD21,283,-434.20713678228407
0,CTDD21,284,-394.29665534869514
0,CTDD21,285,-454.4446453721459
0,CTDD21,286,-417.1050134474763
0,CTDD21,287,-431.79617318095586
0,CTDD21,288,-454.9665932129517
0,CTDD21,289,-419.3933524662367
0,CTDD21,290,-434.88025502454747
0,CTDD21,291,-424.48223653866125
0,CTDD21,292,-411.6074715598764
0,CTDD21,293,-435.7333119466442
0,CTDD21,294,-423.28800979718795
0,CTDD21,295,-423.68999977708427
0,CTDD21,296,-423.9658519652658
0,CTDD21,297,-437.90344296335593
0,CTDD21,298,-423.34320990760403
0,CTDD21,299,-414.28782294261185
1,IF2,0,-382.3811258627719
1,IF2,1,-379.40807849888625
1,IF2,2,-372.99899701443354
1,IF2,3,-366.78231527150336
1,IF2,4,-382.28441430040715
1,IF2,5,-374.41443777251817
1,IF2,6,-370.8507671534599
1,IF2,7,-369.18703038360604
1,IF2,8,-381.23670509160996
1,IF2,9,-368.4844242586393
1,IF2,10,-365.06981977719954
1,IF2,11,-365.69330826567557
1,IF2,12,-370.0492978337818
1,IF2,13,-373.6808778626957
1,IF2,14,-361.31162791898396
1,IF2,15,-363.0984068065219
1,IF2,16,-368.3527683992418
1,IF2,17,-372.96330084881606
1,IF2,18,-360.7752654363329
1,IF2,19,-367.185780441885
1,IF2,20,-362.3677585847231
1,IF2,21,-369.3753677938853
1,IF2,22,-370.9045114097294
1,IF2,23,-356.91065775269783
1,IF2,24,-370.423454071938
1,IF2,25,-361.29714198727703
1,IF2,26,-367.8553550661164
1,IF2,27,-364.3976596772076
1,IF2,28,-369.7291261132422
1,IF2,29,-368.24209506431345
1,IF2,30,-376.59642245529295
1,IF2,31,-370.0975071998042
1,IF2,32,-372.99919160765614
1,IF2,33,-372.9444380838785
1,IF2,34,-362.00841811228713
1,IF2,35,-362.02531686956763
1,IF2,36,-363.7491850248238
1,IF2,37,-363.7259803978056
1,IF2,38,-361.02803971623865
1,IF2,39,-366.85351965590405
1,IF2,40,-366.62914293656206
1,IF2,41,-364.35750515759037
1,IF2,42,-361.13458489255044
1,IF2,43,-364.2458820573227
1,IF2,44,-364.76158598150954
1,IF2,45,-368.12075997560726
1,IF2,46,-366.7891776926834
1,IF2,47,-371.3476615920093
1,IF2,48,-366.5135410567065
1,IF2,49,-364.48903316573717
1,IF2,50,-363.8956194888945
1,IF2,51,-367.61158127424306
1,IF2,52,-363.9346144903734
1,IF2,53,-369.0148509173483
1,IF2,54,-369.37409476064784
1,IF2,55,-372.7537015060308
1,IF2,56,-364.43834795515505
1,IF2,57,-370.8455021905908
1,IF2,58,-368.34371837833964
1,IF2,59,-368.712537505976
1,IF2,60,-363.48260282696106
1,IF2,61,-363.47590593037114
1,IF2,62,-371.82693894886427
1,IF2,63,-362.18415706630805
1,IF2,64,-370.1167806954359
1,IF2,65,-371.9308861543343
1,IF2,66,-363.0124341464822
1,IF2,67,-378.8285352070986
1,IF2,68,-370.6976174215797
1,IF2,69,-370.7972131204196
1,IF2,70,-361.0192230072835
1,IF2,71,-359.66034989793604
1,IF2,72,-364.3399572030681
1,IF2,73,-367.4894696748043
1,IF2,74,-368.3544590748663
1,IF2,75,-361.9048707167605
1,IF2,76,-362.87886027892057
1,IF2,77,-365.8743370987001
1,IF2,78,-363.4901899745437
1,IF2,79,-367.67798775900576
1,IF2,80,-363.10612227893375
1,IF2,81,-362.83422154087424
1,IF2,82,-357.2736375588798
1,IF2,83,-363.63193141829146
1,IF2,84,-365.92003396325083
1,IF2,85,-371.9726965537103
1,IF2,86,-370.5410530848435
1,IF2,87,-365.61832903104613
1,IF2,88,-368.0973457071485
1,IF2,89,-368.400111394979
1,IF2,90,-367.4783719223227
1,IF2,91,-367.66413918243273
1,IF2,92,-367.0645454502442
1,IF2,93,-365.9615707906239
1,IF2,94,-365.35266214568816
1,IF2,95,-364.059036934553
1,IF2,96,-363.02271694226283
1,IF2,97,-362.8240390562452
1,IF2,98,-358.9411527634973
1,IF2,99,-361.95922819270703
1,IF2,100,-365.7834007977267
1,IF2,101,-369.53213915263825
1,IF2,102,-367.50899217006753
1,IF2,103,-360.9009390192575
1,IF2,104,-369.279544968488
1,IF2,105,-363.932177980267
1,IF2,106,-361.59405386203537
1,IF2,107,-360.80390542040794
1,IF2,108,-363.20686817572727
1,IF2,109,-359.96240952231966
1,IF2,110,-358.93170294632444
1,IF2,111,-363.0808529265799
1,IF2,112,-361.17200582645705
1,IF2,113,-359.2473391537435
1,IF2,114,-361.60233564113435
1,IF2,115,-362.7248396794462
1,IF2,116,-361.74757341920224
1,IF2,117,-370.2072943790285
1,IF2,118,-368.4866813445118
1,IF2,119,-369.0453628628954
1,IF2,120,-371.24929631796283
1,IF2,121,-370.71856579009454
1,IF2,122,-366.3493096766031
1,IF2,123,-365.1089257110136
1,IF2,124,-361.1923208374443
1,IF2,125,-363.937240472746
1,IF2,126,-367.94024431042885
1,IF2,127,-363.2160921159144
1,IF2,128,-366.2560512895098
1,IF2,129,-368.26846726767724
1,IF2,130,-364.92778413296134
1,IF2,131,-372.8634586084503
1,IF2,132,-375.53481350322727
1,IF2,133,-379.6790266049237
1,IF2,134,-373.77858533882716
1,IF2,135,-377.1528379435996
1,IF2,136,-371.99118645823677
1,IF2,137,-372.8432812316455
1,IF2,138,-370.50894826289584
1,IF2,139,-371.94596594321985
1,IF2,140,-376.2343532760887
1,IF2,141,-374.77076509380873
1,IF2,142,-379.4674549341452
1,IF2,143,-376.67075987324034
1,IF2,144,-370.7923261147042
1,IF2,145,-374.3192562697647
1,IF2,146,-374.7255489813899
1,IF2,147,-379.1405491219946
1,IF2,148,-378.2556778838863
1,IF2,149,-380.8241230484051
1,IF2,150,-380.9438996227127
1,IF2,151,-382.16951144876566
1,IF2,152,-382.742941274122
1,IF2,153,-373.57485523073336
1,IF2,154,-380.60954930628014
1,IF2,155,-374.9240065546659
1,IF2,156,-377.519695942425
1,IF2,157,-370.62815030518595
1,IF2,158,-373.1780924055623
1,IF2,159,-375.7274144694768
1,IF2,160,-376.1844393378717
1,IF2,161,-375.3592249245644
1,IF2,162,-377.61828182023964
1,IF2,163,-379.95260346257817
1,IF2,164,-382.28969930348023
1,IF2,165,-378.3416569582622
1,IF2,166,-375.4337347032925
1,IF2,167,-373.5086016025997
1,IF2,168,-373.059064558192
1,IF2,169,-373.86947054194377
1,IF2,170,-370.97747536653696
1,IF2,171,-366.12221201218006
1,IF2,172,-372.9154037177258
1,IF2,173,-368.18079715415945
1,IF2,174,-363.73162115479937
1,IF2,175,-374.46645883081624
1,IF2,176,-365.324253861142
1,IF2,177,-368.99460851428205
1,IF2,178,-371.7364506275607
1,IF2,179,-374.2284778241446
1,IF2,180,-371.20907396898406
1,IF2,181,-370.6330708958517
1,IF2,182,-374.49593974791173
1,IF2,183,-369.10368479620286
1,IF2,184,-368.7723334421723
1,IF2,185,-370.4357201415364
1,IF2,186,-372.32138553987835
1,IF2,187,-377.04437391514466
1,IF2,188,-373.1238290766838
1,IF2,189,-369.5432491504426
1,IF2,190,-369.14758742966393
1,IF2,191,-362.66686440136516
1,IF2,192,-362.54211883546003
1,IF2,193,-366.90859372458453
1,IF2,194,-368.35387860837625
1,IF2,195,-366.72010352292403
1,IF2,196,-370.0808045495296
1,IF2,197,-368.4110100063061
1,IF2,198,-366.7080793214902
1,IF2,199,-370.308140913907
1,IF2,200,-367.49739355241576
1,IF2,201,-370.3292645284188
1,IF2,202,-370.53145028180063
1,IF2,203,-370.37217650251375
1,IF2,204,-365.42832068198686
1,IF2,205,-369.48610100923054
1,IF2,206,-369.91958090967466
1,IF2,207,-370.2863357767285
1,IF2,208,-370.5039688835107
1,IF2,209,-368.3714679481011
1,IF2,210,-372.2633451911298
1,IF2,211,-378.9704565002866
1,IF2,212,-372.12865835547996
1,IF2,213,-371.1630523262037
1,IF2,214,-374.14121473087533
1,IF2,215,-371.5538047011987
1,IF2,216,-370.91364454296195
1,IF2,217,-373.58615736975446
1,IF2,218,-368.2881510295009
1,IF2,219,-374.23775588539075
1,IF2,220,-368.67171751010596
1,IF2,221,-369.0660961541883
1,IF2,222,-370.8613960163107
1,IF2,223,-368.0358514512501
1,IF2,224,-367.22276541594766
1,IF2,225,-369.95616558771167
1,IF2,226,-371.6853812442013
1,IF2,227,-365.63127782879707
1,IF2,228,-366.97640915485556
1,IF2,229,-364.0794753098483
1,IF2,230,-369.6307489904122
1,IF2,231,-371.4452526241955
1,IF2,232,-370.70898316281995
1,IF2,233,-368.9460463873438
1,IF2,234,-371.0182586394868
1,IF2,235,-370.3145787185374
1,IF2,236,-371.0306298383026
1,IF2,237,-371.4806231974516
1,IF2,238,-364.39996041911826
1,IF2,239,-366.36855983423334
1,IF2,240,-369.25171168436447
1,IF2,241,-369.3432565999985
1,IF2,242,-364.4462650011133
1,IF2,243,-364.9627387347963
1,IF2,244,-371.680225012123
1,IF2,245,-366.74820626821224
1,IF2,246,-366.0553513101945
1,IF2,247,-371.59794574176897
1,IF2,248,-367.37398611764934
1,IF2,249,-368.73814691834895
1,IF2,250,-369.45594302858177
1,IF2,251,-372.9517816589183
1,IF2,252,-368.260529777198
1,IF2,253,-367.2084778407716
1,IF2,254,-366.996445852336
1,IF2,255,-368.43502188044584
1,IF2,256,-365.88451316449783
1,IF2,257,-360.11733105732213
1,IF2,258,-363.5119102868386
1,IF2,259,-366.5645805333335
1,IF2,260,-364.0926473778238
1,IF2,261,-369.8763826164192
1,IF2,262,-367.79271426009
1,IF2,263,-366.1805280107364
1,IF2,264,-369.3357549214884
1,IF2,265,-367.7887869487058
1,IF2,266,-371.168548878333
1,IF2,267,-366.2765731304915
1,IF2,268,-366.7452006664719
1,IF2,269,-366.7240100387747
1,IF2,270,-367.5612724767699
1,IF2,271,-368.6368955601271
1,IF2,272,-364.65253054762036
1,IF2,273,-367.11237053808213
1,IF2,274,-366.773495146815
1,IF2,275,-367.7231533646379
1,IF2,276,-368.0050912891883
1,IF2,277,-364.4710358495462
1,IF2,278,-364.72429673004945
1,IF2,279,-367.13271165962095
1,IF2,280,-363.35933742731766
1,IF2,281,-368.54303231301424
1,IF2,282,-367.31467683933005
1,IF2,283,-368.3372090301851
1,IF2,284,-364.46965757296607
1,IF2,285,-372.22871858128406
1,IF2,286,-370.57829555808297
1,IF2,287,-367.55580593578634
1,IF2,288,-365.1709518249187
1,IF2,289,-369.8326296117106
1,IF2,290,-368.296236360261
1,IF2,291,-363.57371487178796
1,IF2,292,-372.0429326953421
1,IF2,293,-368.23821102763856
1,IF2,294,-372.5513769212342
1,IF2,295,-368.0867553776543
1,IF2,296,-370.0240893513213
1,IF2,297,-366.89125770416786
1,IF2,298,-366.2221657262748
1,IF2,299,-367.89788307478483
1,IF2,300,-371.84698464277346
1,IF2,301,-365.1444979312136
1,IF2,302,-365.971896574123
1,IF2,303,-369.81298048778893
1,IF2,304,-371.2954708768569
1,IF2,305,-368.81060905814405
1,IF2,306,-364.2093060232998
1,IF2,307,-372.2220880091718
1,IF2,308,-368.00995812097204
1,IF2,309,-372.8983335097203
1,IF2,310,-367.1782275382945
1,IF2,311,-365.22774878137074
1,IF2,312,-369.564425550239
1,IF2,313,-371.9585278285989
1,IF2,314,-368.9659596163302
1,IF2,315,-368.8802060278354
1,IF2,316,-368.74560178849595
1,IF2,317,-370.8920044369729
1,IF2,318,-368.3388767653875
1,IF2,319,-368.1986230844585
1,IF2,320,-371.33107687015297
1,IF2,321,-369.3308754877389
1,IF2,322,-370.1348251989484
1,IF2,323,-367.78562577983826
1,IF2,324,-367.8792656170185
1,IF2,325,-372.5354955567124
1,IF2,326,-371.2209433431665
1,IF2,327,-367.91033277147403
1,IF2,328,-368.41568442387916
1,IF2,329,-370.82639794071036
1,IF2,330,-368.45880487875155
1,IF2,331,-369.9078767351278
1,IF2,332,-366.0136057518101
1,IF2,333,-365.1637883915304
1,IF2,334,-372.26560351171406
1,IF2,335,-373.645287536058
1,IF2,336,-370.98905057638973
1,IF2,337,-365.10329183858835
1,IF2,338,-367.0542607855196
1,IF2,339,-366.24526513978503
1,IF2,340,-368.9242037547271
1,IF2,341,-366.3666657432551
1,IF2,342,-368.9270243366058
1,IF2,343,-364.06699649289214
1,IF2,344,-366.4134202443942
1,IF2,345,-363.0661502244469
1,IF2,346,-366.2291056242664
1,IF2,347,-372.18549810230627
1,IF2,348,-370.7392581141134
1,IF2,349,-365.14284994758236
1,IF2,350,-368.2626642754548
1,IF2,351,-366.6528704287477
1,IF2,352,-367.15909196377123
1,IF2,353,-368.44712007641414
1,IF2,354,-365.7864782645502
1,IF2,355,-369.98652896040267
1,IF2,356,-370.4017639232946
1,IF2,357,-366.5778207353247
1,IF2,358,-369.9244663691076
1,IF2,359,-365.61997870951444
1,IF2,360,-366.3000130295481
1,IF2,361,-366.7955003206753
1,IF2,362,-368.65657163124496
1,IF2,363,-367.38594886786115
1,IF2,364,-369.66948007443705
1,IF2,365,-366.19578162289935
1,IF2,366,-366.5753375740401
1,IF2,367,-369.1368203440582
1,IF2,368,-365.5049516387307
1,IF2,369,-373.0286711533011
1,IF2,370,-369.86238821785923
1,IF2,371,-366.0953131758948
1,IF2,372,-369.65334084483806
1,IF2,373,-368.7056292796782
1,IF2,374,-368.2950519914732
1,IF2,375,-367.633096810848
1,IF2,376,-370.1486041501391
1,IF2,377,-370.42909709486054
1,IF2,378,-368.3561541288612
1,IF2,379,-367.3750793415373
1,IF2,380,-366.25132882308264
1,IF2,381,-368.7309214900445
1,IF2,382,-370.80380628219297
1,IF2,383,-364.972499258166
1,IF2,384,-366.8174956054752
1,IF2,385,-367.3790650721705
1,IF2,386,-366.4423939815812
1,IF2,387,-367.1801481771166
1,IF2,388,-367.14001036206594
1,IF2,389,-366.45613734671224
1,IF2,390,-365.28797162235526
1,IF2,391,-366.24730920380273
1,IF2,392,-366.52100324633795
1,IF2,393,-371.36813473141945
1,IF2,394,-370.7589106547542
1,IF2,395,-370.3664860440992
1,IF2,396,-373.9860822705266
1,IF2,397,-366.97289006012045
1,IF2,398,-367.2180435213848
1,IF2,399,-370.09573774435637
1,IF2,400,-369.91651113890435
1,IF2,401,-366.53036809110085
1,IF2,402,-365.8081572685231
1,IF2,403,-369.0828891251216
1,IF2,404,-367.975676353987
1,IF2,405,-365.31910787811216
1,IF2,406,-368.49144340154487
1,IF2,407,-369.6438891037369
1,IF2,408,-367.99787435534074
1,IF2,409,-369.44221529767935
1,IF2,410,-368.31112525171886
1,IF2,411,-365.83902843898426
1,IF2,412,-369.309119677747
1,IF2,413,-367.9979566123583
1,IF2,414,-367.6440553023011
1,IF2,415,-365.9247448863055
1,IF2,416,-365.9946035813444
1,IF2,417,-369.5579135806605
1,IF2,418,-373.4950161669635
1,IF2,419,-370.3170825705567
1,IF2,420,-371.3115256739083
1,IF2,421,-367.016920093369
1,IF2,422,-366.87643799586033
1,IF2,423,-374.23768952238066
1,IF2,424,-369.47655323345026
1,IF2,425,-366.98981403996646
1,IF2,426,-372.7665147700208
1,IF2,427,-364.1251814953089
1,IF2,428,-365.38372938483616
1,IF2,429,-368.20018577673466
1,IF2,430,-361.69227180700005
1,IF2,431,-367.83818588949117
1,IF2,432,-369.14142083730036
1,IF2,433,-364.1202116369063
1,IF2,434,-367.66451282697716
1,IF2,435,-366.8939269377979
1,IF2,436,-369.70610479833016
1,IF2,437,-367.6827614037816
1,IF2,438,-368.9348892477836
1,IF2,439,-368.29531741215516
1,IF2,440,-362.96942577409396
1,IF2,441,-365.052774096569
1,IF2,442,-369.0086076240188
1,IF2,443,-373.472122028608
1,IF2,444,-365.9490836752902
1,IF2,445,-367.9738585061422
1,IF2,446,-368.6795913766862
1,IF2,447,-368.3135582283397
1,IF2,448,-370.786210326466
1,IF2,449,-371.53917890377284
1,IF2,450,-367.59401314471285
1,IF2,451,-369.63474795273993
1,IF2,452,-368.92333264181406
1,IF2,453,-372.1100224509628
1,IF2,454,-364.2737009033213
1,IF2,455,-358.21090160102335
1,IF2,456,-369.1733066678453
1,IF2,457,-369.28150516189646
1,IF2,458,-368.2566169882778
1,IF2,459,-371.5948140931795
1,IF2,460,-370.10762605824203
1,IF2,461,-368.7275331209105
1,IF2,462,-367.57026635953923
1,IF2,463,-365.23677617251786
1,IF2,464,-363.96197131877375
1,IF2,465,-370.50281532158004
1,IF2,466,-368.29685128455225
1,IF2,467,-372.83126063428267
1,IF2,468,-364.6210227153913
1,IF2,469,-368.9694667600435
1,IF2,470,-367.5202520003548
1,IF2,471,-366.7176433205809
1,IF2,472,-371.2702656438804
1,IF2,473,-367.2344942691764
1,IF2,474,-371.73128826935243
1,IF2,475,-369.39621438164255
1,IF2,476,-366.77036003318915
1,IF2,477,-366.22881356830766
1,IF2,478,-369.6952070015757
1,IF2,479,-370.93442241748465
1,IF2,480,-369.9375515905367
1,IF2,481,-368.6419909368491
1,IF2,482,-369.7883536630599
1,IF2,483,-367.99247511188923
1,IF2,484,-365.93202464907756
1,IF2,485,-364.5549963311077
1,IF2,486,-365.56328361590175
1,IF2,487,-367.0969142476536
1,IF2,488,-373.3252377659494
1,IF2,489,-365.95171347014
1,IF2,490,-370.5452608794471
1,IF2,491,-370.77254022545003
1,IF2,492,-372.6299587973167
1,IF2,493,-366.2062534864266
1,IF2,494,-368.7600331670554
1,IF2,495,-371.11967628441283
1,IF2,496,-369.1179990272847
1,IF2,497,-367.55750820768316
1,IF2,498,-370.00820103687647
1,IF2,499,-365.6875439690227
1,IF2,500,-366.89501900452586
1,IF2,501,-370.2319064857444
1,IF2,502,-366.25756628091887
1,IF2,503,-366.6379858586334
1,IF2,504,-368.6125704768409
1,IF2,505,-373.65484557565804
1,IF2,506,-368.6587799195902
1,IF2,507,-371.65974989933187
1,IF2,508,-368.6603242020884
1,IF2,509,-367.5809866766671
1,IF2,510,-367.7553463941112
1,IF2,511,-365.83384762693083
1,IF2,512,-370.0774486612046
1,IF2,513,-368.20843837537547
1,IF2,514,-372.00185831849734
1,IF2,515,-368.85599931680196
1,IF2,516,-370.12093384040406
1,IF2,517,-371.96767667838725
1,IF2,518,-366.7586154876664
1,IF2,519,-371.6223253931533
1,IF2,520,-365.6811712161062
1,IF2,521,-368.73887508700074
1,IF2,522,-370.48907607176005
1,IF2,523,-367.1497982658723
1,IF2,524,-367.49065743924405
1,IF2,525,-372.66937483814866
1,IF2,526,-371.3534542593769
1,IF2,527,-365.315713629371
1,IF2,528,-366.83851342164803
1,IF2,529,-370.67390646130593
1,IF2,530,-364.51160511391106
1,IF2,531,-367.7231775167689
1,IF2,532,-365.59543754143374
1,IF2,533,-365.39656248766266
1,IF2,534,-370.38542192893385
1,IF2,535,-364.3606467131681
1,IF2,536,-367.6032117246474
1,IF2,537,-365.375941476061
1,IF2,538,-372.7335833865504
1,IF2,539,-369.5870910947919
1,IF2,540,-372.2469196405582
1,IF2,541,-367.62242733559094
1,IF2,542,-369.8085936083572
1,IF2,543,-366.6491693478754
1,IF2,544,-368.40498026355635
1,IF2,545,-365.1951475800276
1,IF2,546,-366.9475884698718
1,IF2,547,-369.0381992365705
1,IF2,548,-371.58468110458506
1,IF2,549,-366.38800541162215
1,IF2,550,-369.7636892545787
1,IF2,551,-365.84952005992227
1,IF2,552,-369.08834927455956
1,IF2,553,-369.11157158938596
1,IF2,554,-367.1877002358723
1,IF2,555,-367.40730603417757
1,IF2,556,-369.30949358539647
1,IF2,557,-367.49960375503593
1,IF2,558,-366.0518564571209
1,IF2,559,-367.7645196047969
1,IF2,560,-362.37344065700984
1,IF2,561,-367.8393152071897
1,IF2,562,-373.4515994652127
1,IF2,563,-372.8746790405035
1,IF2,564,-368.0976933363794
1,IF2,565,-367.1875573228318
1,IF2,566,-367.5447739847194
1,IF2,567,-364.865214355214
1,IF2,568,-366.07248785792
1,IF2,569,-372.3306460575967
1,IF2,570,-363.7784147538014
1,IF2,571,-366.21828658493916
1,IF2,572,-368.49334219047597
1,IF2,573,-370.3444435387294
1,IF2,574,-363.8340042123469
1,IF2,575,-365.1396604514528
1,IF2,576,-367.1112931932801
1,IF2,577,-363.9101266250054
1,IF2,578,-374.6620563027111
1,IF2,579,-363.4214638329296
1,IF2,580,-366.71140113170344
1,IF2,581,-367.51940116535496
1,IF2,582,-364.41346064687804
1,IF2,583,-374.8570695693742
1,IF2,584,-364.8133724165781
1,IF2,585,-367.86429230131324
1,IF2,586,-368.68617990653706
1,IF2,587,-366.75385476064656
1,IF2,588,-368.32850398573487
1,IF2,589,-368.5232118377522
1,IF2,590,-364.5822286588932
1,IF2,591,-372.58349565244004
1,IF2,592,-363.97987090177867
1,IF2,593,-371.19307345760194
1,IF2,594,-371.1532247381443
1,IF2,595,-371.43931688890723
1,IF2,596,-368.29415826269985
1,IF2,597,-372.87668974547205
1,IF2,598,-366.3300971883422
1,IF2,599,-364.9526338550671
1,IFAD,0,-375.0818914782702
1,IFAD,1,-375.84728628636634
1,IFAD,2,-371.8836591681324
1,IFAD,3,-368.716432198072
1,IFAD,4,-366.900640485582
1,IFAD,5,-370.3856305627272
1,IFAD,6,-368.600458286438
1,IFAD,7,-362.3168926356283
1,IFAD,8,-362.6598760390702
1,IFAD,9,-366.48967823288336
1,IFAD,10,-371.68535588817247
1,IFAD,11,-362.05868152869584
1,IFAD,12,-362.73192017918865
1,IFAD,13,-366.1292419649115
1,IFAD,14,-364.768588344414
1,IFAD,15,-361.7444089071323
1,IFAD,16,-365.2608279506272
1,IFAD,17,-362.36907129667173
1,IFAD,18,-365.68166510733204
1,IFAD,19,-368.0424301646227
1,IFAD,20,-362.3484003805872
1,IFAD,21,-367.60903072661114
1,IFAD,22,-367.81716398581943
1,IFAD,23,-365.74764520735624
1,IFAD,24,-366.56103096835693
1,IFAD,25,-371.44236525026713
1,IFAD,26,-364.8653421319282
1,IFAD,27,-371.102464009425
1,IFAD,28,-367.91428773407944
1,IFAD,29,-360.16444198703465
1,IFAD,30,-369.5193821338104
1,IFAD,31,-364.6014480077707
1,IFAD,32,-363.96854204326104
1,IFAD,33,-371.2215187106055
1,IFAD,34,-368.84495513433177
1,IFAD,35,-368.8461865502253
1,IFAD,36,-367.7856921981118
1,IFAD,37,-370.69132622854875
1,IFAD,38,-365.5911984302421
1,IFAD,39,-362.7423450676857
1,IFAD,40,-369.34905789885715
1,IFAD,41,-368.2539230798468
1,IFAD,42,-361.1727642935161
1,IFAD,43,-365.9908042371178
1,IFAD,44,-370.08981350306976
1,IFAD,45,-364.7980047091806
1,IFAD,46,-361.8846356861653
1,IFAD,47,-363.6287906769759
1,IFAD,48,-365.0230017011225
1,IFAD,49,-367.0525363823776
1,IFAD,50,-364.9412634035917
1,IFAD,51,-364.78065205535444
1,IFAD,52,-374.0785322869751
1,IFAD,53,-364.01703768364604
1,IFAD,54,-363.27127566593066
1,IFAD,55,-366.31350954945674
1,IFAD,56,-373.67441314624955
1,IFAD,57,-368.92796702738667
1,IFAD,58,-364.8896283183506
1,IFAD,59,-369.73490758395155
1,IFAD,60,-365.77984677924275
1,IFAD,61,-361.7092834065566
1,IFAD,62,-362.38940380612405
1,IFAD,63,-367.2971338013728
1,IFAD,64,-369.84590953601037
1,IFAD,65,-361.0483223899965
1,IFAD,66,-365.34186948828426
1,IFAD,67,-359.60767743137995
1,IFAD,68,-365.50966701095933
1,IFAD,69,-363.13831039352885
1,IFAD,70,-368.3846915459244
1,IFAD,71,-362.45114360883105
1,IFAD,72,-363.0960548657375
1,IFAD,73,-365.7482100113478
1,IFAD,74,-364.38811411502314
1,IFAD,75,-362.9661188821758
1,IFAD,76,-367.9950323340932
1,IFAD,77,-371.40517565600464
1,IFAD,78,-369.42913345284546
1,IFAD,79,-376.4228396929569
1,IFAD,80,-370.0708666461004
1,IFAD,81,-364.00135566861024
1,IFAD,82,-370.31098149863595
1,IFAD,83,-366.7339661972151
1,IFAD,84,-365.82783103316325
1,IFAD,85,-367.5533205784059
1,IFAD,86,-371.671615553294
1,IFAD,87,-367.1204580849025
1,IFAD,88,-365.97581887384604
1,IFAD,89,-370.255481211162
1,IFAD,90,-374.9535188689093
1,IFAD,91,-370.4621788748594
1,IFAD,92,-363.58053457718574
1,IFAD,93,-365.3056232173147
1,IFAD,94,-363.1107586973214
1,IFAD,95,-362.54395708236643
1,IFAD,96,-365.21024870383627
1,IFAD,97,-379.5052089448635
1,IFAD,98,-372.03843606086025
1,IFAD,99,-366.9419034109591
1,IFAD,100,-363.0864373047474
1,IFAD,101,-360.1394108862203
1,IFAD,102,-362.41236752487606
1,IFAD,103,-363.91670659258193
1,IFAD,104,-365.448176753676
1,IFAD,105,-367.78434385232885
1,IFAD,106,-363.1116044465923
1,IFAD,107,-361.84035463269555
1,IFAD,108,-361.81437373947773
1,IFAD,109,-364.68042990379297
1,IFAD,110,-367.20294326717527
1,IFAD,111,-360.22547427887224
1,IFAD,112,-362.0226244745963
1,IFAD,113,-360.7818208020075
1,IFAD,114,-358.93435416056366
1,IFAD,115,-363.0254455983738
1,IFAD,116,-367.77137683995545
1,IFAD,117,-360.9740062185633
1,IFAD,118,-364.84815954218965
1,IFAD,119,-364.20874311107144
1,IFAD,120,-357.98283250580425
1,IFAD,121,-365.1646694742764
1,IFAD,122,-361.65965026908844
1,IFAD,123,-360.4425717742326
1,IFAD,124,-361.3481928905921
1,IFAD,125,-366.95733290267657
1,IFAD,126,-361.6591866837502
1,IFAD,127,-364.4580404504077
1,IFAD,128,-363.31136122578835
1,IFAD,129,-365.0446937889635
1,IFAD,130,-359.9619157218065
1,IFAD,131,-360.3518247489444
1,IFAD,132,-365.4829241580892
1,IFAD,133,-361.4234171884003
1,IFAD,134,-360.2437481610607
1,IFAD,135,-365.02267655973554
1,IFAD,136,-360.96645095903864
1,IFAD,137,-366.4180771385267
1,IFAD,138,-363.42947922176666
1,IFAD,139,-367.62782671463697
1,IFAD,140,-360.9047838743845
1,IFAD,141,-366.1480039850057
1,IFAD,142,-360.8294727280491
1,IFAD,143,-365.12491448566306
1,IFAD,144,-364.18704675430325
1,IFAD,145,-360.5749945325482
1,IFAD,146,-359.0073962107648
1,IFAD,147,-364.61602464522906
1,IFAD,148,-360.0734187939201
1,IFAD,149,-366.9732971048222
1,IFAD,150,-365.0966239153772
1,IFAD,151,-364.8545201527503
1,IFAD,152,-362.2155879750915
1,IFAD,153,-363.4719144848439
1,IFAD,154,-363.67048543791185
1,IFAD,155,-365.3541894610116
1,IFAD,156,-365.0824133751174
1,IFAD,157,-366.90319965619324
1,IFAD,158,-357.87739492373646
1,IFAD,159,-363.04131223775386
1,IFAD,160,-357.47837095714823
1,IFAD,161,-361.19890731131386
1,IFAD,162,-365.28104969687433
1,IFAD,163,-365.0294473773866
1,IFAD,164,-365.3676758740127
1,IFAD,165,-363.1252986310321
1,IFAD,166,-363.5103284671265
1,IFAD,167,-366.0539051376502
1,IFAD,168,-365.3813776688107
1,IFAD,169,-366.1811432529669
1,IFAD,170,-360.822231107585
1,IFAD,171,-363.705685665765
1,IFAD,172,-364.58414794638793
1,IFAD,173,-371.8660117626905
1,IFAD,174,-367.6723183361021
1,IFAD,175,-361.5815899063898
1,IFAD,176,-365.65674236771633
1,IFAD,177,-366.54527096352774
1,IFAD,178,-360.48356641702316
1,IFAD,179,-362.6063991894388
1,IFAD,180,-363.021089721819
1,IFAD,181,-359.4697211547534
1,IFAD,182,-365.0098008272253
1,IFAD,183,-364.2187463305082
1,IFAD,184,-364.26532610633274
1,IFAD,185,-361.1796690290494
1,IFAD,186,-365.6256017210175
1,IFAD,187,-361.9846407767002
1,IFAD,188,-361.8864344315063
1,IFAD,189,-356.9374284366342
1,IFAD,190,-363.5501137565051
1,IFAD,191,-365.314789277321
1,IFAD,192,-364.17085723694953
1,IFAD,193,-364.3959644633194
1,IFAD,194,-361.6553832437573
1,IFAD,195,-362.47197703355664
1,IFAD,196,-362.1482223639914
1,IFAD,197,-362.01602804748774
1,IFAD,198,-361.22093987094286
1,IFAD,199,-366.86716398803765
1,IFAD,200,-356.5696742789302
1,IFAD,201,-364.48781573983433
1,IFAD,202,-363.1335903892047
1,IFAD,203,-362.732454162699
1,IFAD,204,-368.24102329118733
1,IFAD,205,-363.9956378832225
1,IFAD,206,-367.3310919166517
1,IFAD,207,-359.70264365413647
1,IFAD,208,-369.92925758217496
1,IFAD,209,-365.0631855008289
1,IFAD,210,-365.0799820552489
1,IFAD,211,-360.32880726361026
1,IFAD,212,-364.5152643433678
1,IFAD,213,-366.2129593752497
1,IFAD,214,-363.0158784844301
1,IFAD,215,-363.19057253934295
1,IFAD,216,-363.7056954479261
1,IFAD,217,-366.8631961189813
1,IFAD,218,-360.7163529242636
1,IFAD,219,-360.48055847924894
1,IFAD,220,-361.12840116894245
1,IFAD,221,-363.1661728366429
1,IFAD,222,-360.1239181621578
1,IFAD,223,-363.59603178175263
1,IFAD,224,-360.0176999108526
1,IFAD,225,-358.1970132973815
1,IFAD,226,-361.78324965371166
1,IFAD,227,-358.03868993230026
1,IFAD,228,-368.23891158100673
1,IFAD,229,-366.21880746645684
1,IFAD,230,-365.1596052830459
1,IFAD,231,-361.53987321354316
1,IFAD,232,-367.4448046187808
1,IFAD,233,-367.63772238892216
1,IFAD,234,-371.3099388627412
1,IFAD,235,-362.92075321525715
1,IFAD,236,-364.05700243170344
1,IFAD,237,-370.07523302368736
1,IFAD,238,-369.692437360043
1,IFAD,239,-366.43800786601287
1,IFAD,240,-359.30560389531115
1,IFAD,241,-363.6707794405463
1,IFAD,242,-359.80021649131385
1,IFAD,243,-362.66502346308215
1,IFAD,244,-367.09564107913286
1,IFAD,245,-361.66916803894924
1,IFAD,246,-361.45746735211657
1,IFAD,247,-358.0657090428167
1,IFAD,248,-362.2495720407041
1,IFAD,249,-368.24580267028824
1,IFAD,250,-365.1852834290633
1,IFAD,251,-363.12587325662696
1,IFAD,252,-362.3012343739861
1,IFAD,253,-363.8396687108004
1,IFAD,254,-365.90166549938886
1,IFAD,255,-372.840043027227
1,IFAD,256,-364.64986667271154
1,IFAD,257,-363.9263930729963
1,IFAD,258,-362.22999200071
1,IFAD,259,-359.7613575048817
1,IFAD,260,-360.54824166479256
1,IFAD,261,-357.8927052187233
1,IFAD,262,-364.0885765288276
1,IFAD,263,-360.9938824794869
1,IFAD,264,-358.432194894588
1,IFAD,265,-364.2612915620759
1,IFAD,266,-363.91696064244746
1,IFAD,267,-366.3328902985628
1,IFAD,268,-367.4069603716318
1,IFAD,269,-365.3329983872362
1,IFAD,270,-362.1976829845075
1,IFAD,271,-363.25685279744863
1,IFAD,272,-363.86559223428134
1,IFAD,273,-361.1077068908717
1,IFAD,274,-364.8491915365159
1,IFAD,275,-362.95596755094147
1,IFAD,276,-368.16144968984895
1,IFAD,277,-364.07828630667353
1,IFAD,278,-363.5183253884443
1,IFAD,279,-365.6594166689707
1,IFAD,280,-366.03127894988023
1,IFAD,281,-362.53144330227116
1,IFAD,282,-367.71296529667944
1,IFAD,283,-364.6623816285091
1,IFAD,284,-366.5192027045154
1,IFAD,285,-360.679591942871
1,IFAD,286,-357.05572088326653
1,IFAD,287,-365.3606230776032
1,IFAD,288,-363.36469433403124
1,IFAD,289,-363.6238007562726
1,IFAD,290,-364.2437236668011
1,IFAD,291,-363.7135216870298
1,IFAD,292,-365.9749891235366
1,IFAD,293,-359.4553793867217
1,IFAD,294,-364.16255951222456
1,IFAD,295,-364.5211550231533
1,IFAD,296,-363.6003138151783
1,IFAD,297,-366.099549217919
1,IFAD,298,-362.23347452219747
1,IFAD,299,-360.66959716215285
1,IFAD,300,-364.3202836703458
1,IFAD,301,-362.3126756120452
1,IFAD,302,-366.2053801120665
1,IFAD,303,-367.8983653734621
1,IFAD,304,-361.2180856719815
1,IFAD,305,-365.51981792358464
1,IFAD,306,-359.49377594402824
1,IFAD,307,-361.36260633556776
1,IFAD,308,-364.4153745451008
1,IFAD,309,-360.31773703077187
1,IFAD,310,-367.13052816691504
1,IFAD,311,-363.7470361899006
1,IFAD,312,-365.5976447682191
1,IFAD,313,-362.1024682281244
1,IFAD,314,-366.62397314614327
1,IFAD,315,-362.19195555230255
1,IFAD,316,-367.9552944785204
1,IFAD,317,-359.9640589871978
1,IFAD,318,-362.0883700459513
1,IFAD,319,-362.9604390635726
1,IFAD,320,-362.98158670815604
1,IFAD,321,-366.7125040348879
1,IFAD,322,-364.19223565430957
1,IFAD,323,-359.6379397824154
1,IFAD,324,-367.050674750014
1,IFAD,325,-362.729977183744
1,IFAD,326,-363.10689967681157
1,IFAD,327,-366.0311286680341
1,IFAD,328,-365.5924302959757
1,IFAD,329,-361.6693167016228
1,IFAD,330,-364.74686847465125
1,IFAD,331,-363.96952469519516
1,IFAD,332,-362.90956596117434
1,IFAD,333,-364.01572246410745
1,IFAD,334,-364.87545005118625
1,IFAD,335,-362.70142872562525
1,IFAD,336,-362.69516525879527
1,IFAD,337,-362.1762543533872
1,IFAD,338,-364.7981883939798
1,IFAD,339,-362.89401256597756
1,IFAD,340,-363.20785991581806
1,IFAD,341,-358.8834473409941
1,IFAD,342,-362.0954662778789
1,IFAD,343,-358.72031444721097
1,IFAD,344,-362.37043786197904
1,IFAD,345,-360.2401732632937
1,IFAD,346,-364.4308436333476
1,IFAD,347,-363.26773056863124
1,IFAD,348,-365.14469799478786
1,IFAD,349,-362.44625664038335
1,IFAD,350,-365.1455489288787
1,IFAD,351,-356.26833509885694
1,IFAD,352,-361.2780112306796
1,IFAD,353,-363.8335763687262
1,IFAD,354,-360.48536488810254
1,IFAD,355,-362.2127705728805
1,IFAD,356,-362.8864084859938
1,IFAD,357,-359.92709932672096
1,IFAD,358,-368.1394503904393
1,IFAD,359,-363.09452288909375
1,IFAD,360,-362.99660205706374
1,IFAD,361,-364.10385602272976
1,IFAD,362,-364.2307072508171
1,IFAD,363,-368.7747059907464
1,IFAD,364,-362.7643162167105
1,IFAD,365,-364.6301176814258
1,IFAD,366,-365.32327280858146
1,IFAD,367,-365.4727466848817
1,IFAD,368,-357.92733221485423
1,IFAD,369,-362.2341450414195
1,IFAD,370,-362.8041202785231
1,IFAD,371,-362.3011333525947
1,IFAD,372,-365.27903776581957
1,IFAD,373,-362.5304698469889
1,IFAD,374,-363.39260353040544
1,IFAD,375,-359.77230850817375
1,IFAD,376,-363.04721079791864
1,IFAD,377,-366.1474723816049
1,IFAD,378,-362.7645644403498
1,IFAD,379,-363.89076861301044
1,IFAD,380,-366.01707866891104
1,IFAD,381,-363.51325713782444
1,IFAD,382,-358.5595819535013
1,IFAD,383,-368.66087200310915
1,IFAD,384,-364.43123750555515
1,IFAD,385,-360.4933498420667
1,IFAD,386,-366.69417023975643
1,IFAD,387,-364.0157034778389
1,IFAD,388,-365.8685704611065
1,IFAD,389,-363.3354724279044
1,IFAD,390,-364.52730568969463
1,IFAD,391,-362.68480309944795
1,IFAD,392,-365.13282837006733
1,IFAD,393,-362.7265000733886
1,IFAD,394,-364.4995169464064
1,IFAD,395,-363.1291339759261
1,IFAD,396,-359.55735984911547
1,IFAD,397,-363.03652756743196
1,IFAD,398,-361.2427707668116
1,IFAD,399,-362.6807806016273
1,DS19,0,-390.9358712476764
1,DS19,1,-390.8174073515447
1,DS19,2,-384.34244580564376
1,DS19,3,-388.4925931807355
1,DS19,4,-385.2322484477554
1,DS19,5,-392.9699681384867
1,DS19,6,-388.44903680307516
1,DS19,7,-386.7833196915757
1,DS19,8,-377.8996378185965
1,DS19,9,-382.62980150343316
1,DS19,10,-385.38169602397056
1,DS19,11,-386.95793056536337
1,DS19,12,-380.225286174517
1,DS19,13,-383.23233777675347
1,DS19,14,-375.5976370964254
1,DS19,15,-380.8335009451936
1,DS19,16,-390.38195329863163
1,DS19,17,-379.3927530219865
1,DS19,18,-377.1388412845324
1,DS19,19,-378.0174480980441
1,DS19,20,-374.37056279691546
1,DS19,21,-381.93268227011924
1,DS19,22,-373.82704186978106
1,DS19,23,-382.3419662250178
1,DS19,24,-369.62558030265336
1,DS19,25,-379.5059369280157
1,DS19,26,-374.799349134828
1,DS19,27,-405.8290874929433
1,DS19,28,-378.91536000062314
1,DS19,29,-373.33121571269567
1,DS19,30,-385.0753476757618
1,DS19,31,-374.75117516681377
1,DS19,32,-385.5391513668425
1,DS19,33,-371.988948598555
1,DS19,34,-370.72256486349033
1,DS19,35,-378.30761284869226
1,DS19,36,-375.60684039096645
1,DS19,37,-376.0951300428218
1,DS19,38,-380.5966928294953
1,DS19,39,-390.0018137879185
1,DS19,40,-367.24892780687026
1,DS19,41,-370.17396235350094
1,DS19,42,-358.9255778721665
1,DS19,43,-373.8277016758808
1,DS19,44,-374.11782387397545
1,DS19,45,-376.26523670073664
1,DS19,46,-386.0329141822937
1,DS19,47,-374.56324641052925
1,DS19,48,-385.70298047560055
1,DS19,49,-368.80637013689346
1,DS19,50,-384.1988614194827
1,DS19,51,-386.6962720164701
1,DS19,52,-363.70157350571975
1,DS19,53,-381.4781889752058
1,DS19,54,-379.9394010030671
1,DS19,55,-372.1890503961099
1,DS19,56,-381.2229084968455
1,DS19,57,-376.5454425627582
1,DS19,58,-375.3813667994412
1,DS19,59,-378.2733078298221
1,DS19,60,-370.3703161870338
1,DS19,61,-362.941404043554
1,DS19,62,-363.6126596132559
1,DS19,63,-378.02072199774886
1,DS19,64,-372.0919219844366
1,DS19,65,-383.8536276314649
1,DS19,66,-373.2773586075342
1,DS19,67,-368.50460738327877
1,DS19,68,-381.1756463453953
1,DS19,69,-386.71054869200617
1,DS19,70,-382.14648832366555
1,DS19,71,-379.4333172864177
1,DS19,72,-370.67318721626333
1,DS19,73,-374.94421596070544
1,DS19,74,-377.86641689006996
1,DS19,75,-374.61216395810646
1,DS19,76,-392.2817905268595
1,DS19,77,-374.3084604036351
1,DS19,78,-374.6708492177378
1,DS19,79,-378.8739494403261
1,DS19,80,-382.0086441894157
1,DS19,81,-370.5201086918913
1,DS19,82,-369.35223979893334
1,DS19,83,-378.433297182213
1,DS19,84,-389.54696919356127
1,DS19,85,-377.2100106715437
1,DS19,86,-377.930086105763
1,DS19,87,-377.8533298831309
1,DS19,88,-376.7905609493645
1,DS19,89,-380.43885880761275
1,DS19,90,-380.95266558167896
1,DS19,91,-393.4303559417836
1,DS19,92,-380.7970778283761
1,DS19,93,-368.27704271141255
1,DS19,94,-383.0053621647784
1,DS19,95,-370.5762096734625
1,DS19,96,-384.44964244656995
1,DS19,97,-375.74209969578305
1,DS19,98,-372.26646271000556
1,DS19,99,-378.142570887451
1,DS19,100,-377.0654782070649
1,DS19,101,-381.00046420604843
1,DS19,102,-383.38313335125594
1,DS19,103,-379.96206645083674
1,DS19,104,-374.2515122514039
1,DS19,105,-375.5722818314287
1,DS19,106,-382.01143779822684
1,DS19,107,-373.4017693417954
1,DS19,108,-367.4056036809037
1,DS19,109,-383.5852036960673
1,DS19,110,-374.0429741901359
1,DS19,111,-374.4936147405182
1,DS19,112,-370.9671880109654
1,DS19,113,-370.48000851715835
1,DS19,114,-372.58575177384574
1,DS19,115,-377.3845862738224
1,DS19,116,-368.2398350483443
1,DS19,117,-379.39152859367897
1,DS19,118,-370.15317392176536
1,DS19,119,-376.2848113108015
1,DS19,120,-361.8459203316663
1,DS19,121,-378.1982399873379
1,DS19,122,-364.5305539839395
1,DS19,123,-373.17139429662876
1,DS19,124,-378.9543393275894
1,DS19,125,-368.25614794417663
1,DS19,126,-375.90505615645293
1,DS19,127,-362.52781044204033
1,DS19,128,-370.6389579060605
1,DS19,129,-382.37522166623495
1,DS19,130,-374.10939522414697
1,DS19,131,-379.41075093888537
1,DS19,132,-374.9630052340416
1,DS19,133,-379.2529504776326
1,DS19,134,-375.779531557416
1,DS19,135,-374.1684490346022
1,DS19,136,-375.55215551176946
1,DS19,137,-374.10340512701697
1,DS19,138,-371.72946050804705
1,DS19,139,-367.71371683654456
1,DS19,140,-391.5828428280138
1,DS19,141,-383.6846024814019
1,DS19,142,-371.35857105883724
1,DS19,143,-370.64768441933495
1,DS19,144,-371.9764425600963
1,DS19,145,-362.9910261558703
1,DS19,146,-365.8503733177272
1,DS19,147,-368.10537435201303
1,DS19,148,-382.2363488066849
1,DS19,149,-381.9987957172995
1,DS19,150,-366.4306224622969
1,DS19,151,-370.26998081131273
1,DS19,152,-375.90773187360463
1,DS19,153,-367.3693531541744
1,DS19,154,-371.8431469155054
1,DS19,155,-379.1887305557686
1,DS19,156,-364.9426325754649
1,DS19,157,-382.8984963682944
1,DS19,158,-380.6691314461612
1,DS19,159,-385.45754898476844
1,DS19,160,-370.8531617996848
1,DS19,161,-371.1557279151439
1,DS19,162,-379.4455180461288
1,DS19,163,-383.68938402329877
1,DS19,164,-388.1818913678745
1,DS19,165,-380.37783203839257
1,DS19,166,-363.855530389
1,DS19,167,-375.80091414277035
1,DS19,168,-370.19173222326197
1,DS19,169,-383.4584739083823
1,DS19,170,-374.5841801171869
1,DS19,171,-380.9887776112522
1,DS19,172,-373.07250794767634
1,DS19,173,-383.3098012391233
1,DS19,174,-380.9783166150235
1,DS19,175,-371.97703803970364
1,DS19,176,-372.77702371233426
1,DS19,177,-372.62470459864977
1,DS19,178,-385.74423173980995
1,DS19,179,-376.6653743222203
1,DS19,180,-384.3724960519173
1,DS19,181,-388.416630345831
1,DS19,182,-378.2491493492648
1,DS19,183,-370.23324744447393
1,DS19,184,-379.62256351722544
1,DS19,185,-366.75597880455376
1,DS19,186,-369.79944473712595
1,DS19,187,-370.18268301890544
1,DS19,188,-380.68625240010147
1,DS19,189,-388.04329426783886
1,DS19,190,-376.52873459492116
1,DS19,191,-379.4012173468019
1,DS19,192,-364.522515791571
1,DS19,193,-382.98042272282777
1,DS19,194,-373.0332371559869
1,DS19,195,-381.7287568379843
1,DS19,196,-371.17643753085514
1,DS19,197,-371.8860321419612
1,DS19,198,-382.3587552994745
1,DS19,199,-373.4128582682922
1,DS19,200,-378.7353686376129
1,DS19,201,-360.0948707471718
1,DS19,202,-374.46318398156166
1,DS19,203,-373.8765834023738
1,DS19,204,-377.62249881091435
1,DS19,205,-362.7625467578582
1,DS19,206,-384.6644767399469
1,DS19,207,-369.13532327069584
1,DS19,208,-384.9722270342871
1,DS19,209,-381.9608692610815
1,DS19,210,-370.8927683335215
1,DS19,211,-366.6466824617648
1,DS19,212,-367.1483125471389
1,DS19,213,-396.02946582317077
1,DS19,214,-388.1725175368665
1,DS19,215,-375.54545524573314
1,DS19,216,-363.9072399853527
1,DS19,217,-376.0252599655048
1,DS19,218,-390.81852717760324
1,DS19,219,-364.1279345660721
1,DS19,220,-379.9319654702034
1,DS19,221,-371.6265897023565
1,DS19,222,-389.3291525843006
1,DS19,223,-364.6931061535238
1,DS19,224,-383.21264485687357
1,DS19,225,-370.5839424491128
1,DS19,226,-366.91069991029764
1,DS19,227,-364.988174303935
1,DS19,228,-373.1536839357746
1,DS19,229,-387.7131324649844
1,DS19,230,-379.66473706811036
1,DS19,231,-378.69724896961327
1,DS19,232,-376.33376817289184
1,DS19,233,-380.23633777354013
1,DS19,234,-381.84676767709595
1,DS19,235,-382.81238381152485
1,DS19,236,-367.07610567752164
1,DS19,237,-376.77216109868203
1,DS19,238,-377.4098205557033
1,DS19,239,-377.970061861765
1,DS19,240,-377.33939006705197
1,DS19,241,-367.52564186091826
1,DS19,242,-374.50941017269423
1,DS19,243,-365.63207595043633
1,DS19,244,-385.48708110996165
1,DS19,245,-380.80206166159326
1,DS19,246,-384.54995992112345
1,DS19,247,-371.82962122875773
1,DS19,248,-372.57396613990153
1,DS19,249,-363.90515033912914
1,DS19,250,-377.72313880843035
1,DS19,251,-376.2023670593515
1,DS19,252,-376.89434091674724
1,DS19,253,-375.1563961758623
1,DS19,254,-376.01509543448657
1,DS19,255,-373.7616297235713
1,DS19,256,-372.69004902329687
1,DS19,257,-366.547126637212
1,DS19,258,-377.2292599784161
1,DS19,259,-389.0537455571652
1,DS19,260,-379.38931544320803
1,DS19,261,-375.3011882349094
1,DS19,262,-365.86290477269256
1,DS19,263,-376.38160949063814
1,DS19,264,-378.082823748629
1,DS19,265,-386.9591913196782
1,DS19,266,-379.70959078947874
1,DS19,267,-387.97722126581135
1,DS19,268,-376.79060225487393
1,DS19,269,-374.68566337799723
1,DS19,270,-372.89020286574726
1,DS19,271,-372.90112352768926
1,DS19,272,-379.4906903142063
1,DS19,273,-380.150040669264
1,DS19,274,-385.51862976450536
1,DS19,275,-375.62376757009076
1,DS19,276,-378.42285716026527
1,DS19,277,-373.64945427968007
1,DS19,278,-389.85385894879806
1,DS19,279,-373.95245527400925
1,DS19,280,-384.18005748352164
1,DS19,281,-377.491569772914
1,DS19,282,-378.932878845363
1,DS19,283,-392.3649812734199
1,DS19,284,-373.4211124126832
1,DS19,285,-382.7759841629798
1,DS19,286,-379.09699062783824
1,DS19,287,-375.8719973378138
1,DS19,288,-395.2863210612695
1,DS19,289,-385.36169583986293
1,DS19,290,-384.0640113060156
1,DS19,291,-375.8527816204996
1,DS19,292,-379.4213576940298
1,DS19,293,-389.6026616868604
1,DS19,294,-375.802805228064
1,DS19,295,-378.0995518058297
1,DS19,296,-373.1780739478658
1,DS19,297,-391.2818710147927
1,DS19,298,-380.5875599737816
1,DS19,299,-389.4357704146757
1,CTDD21,0,-415.0324357713299
1,CTDD21,1,-413.3290732609797
1,CTDD21,2,-445.6932901821053
1,CTDD21,3,-467.23215641806615
1,CTDD21,4,-430.6144463053858
1,CTDD21,5,-431.62120860295533
1,CTDD21,6,-445.5517020937494
1,CTDD21,7,-438.4947131007257
1,CTDD21,8,-428.04342745597944
1,CTDD21,9,-438.01726716370393
1,CTDD21,10,-440.1453272810866
1,CTDD21,11,-436.74511683147773
1,CTDD21,12,-408.634379107575
1,CTDD21,13,-420.0960964229459
1,CTDD21,14,-427.39784743307433
1,CTDD21,15,-420.6617811832971
1,CTDD21,16,-422.54343808575777
1,CTDD21,17,-418.39925359777556
1,CTDD21,18,-423.22043275257033
1,CTDD21,19,-418.03082683045636
1,CTDD21,20,-451.7074028003119
1,CTDD21,21,-440.54906175057454
1,CTDD21,22,-411.417880442257
1,CTDD21,23,-455.7848323377768
1,CTDD21,24,-446.7839044231348
1,CTDD21,25,-415.81636172411066
1,CTDD21,26,-425.4835600922866
1,CTDD21,27,-433.2877730854144
1,CTDD21,28,-413.1828869311832
1,CTDD21,29,-425.94870939625775
1,CTDD21,30,-432.6041897957912
1,CTDD21,31,-388.02558527878375
1,CTDD21,32,-392.6398106207823
1,CTDD21,33,-417.6007833752603
1,CTDD21,34,-404.9960984140996
1,CTDD21,35,-441.8489887876178
1,CTDD21,36,-444.64327351056426
1,CTDD21,37,-447.2268585698056
1,CTDD21,38,-431.0891653725069
1,CTDD21,39,-434.4792817236397
1,CTDD21,40,-400.8155863564621
1,CTDD21,41,-444.1348274903211
1,CTDD21,42,-429.74781863169835
1,CTDD21,43,-403.3290587684897
1,CTDD21,44,-443.8761465460265
1,CTDD21,45,-439.1203192453468
1,CTDD21,46,-435.90842699621305
1,CTDD21,47,-417.0485605526166
1,CTDD21,48,-407.4009640397102
1,CTDD21,49,-415.5687155926429
1,CTDD21,50,-444.5759191351724
1,CTDD21,51,-439.5742909500308
1,CTDD21,52,-445.47163594382073
1,CTDD21,53,-449.45931186859025
1,CTDD21,54,-412.1709553725278
1,CTDD21,55,-434.9717812472527
1,CTDD21,56,-427.6397254053936
1,CTDD21,57,-423.7188943685333
1,CTDD21,58,-413.3114828647357
1,CTDD21,59,-425.4545620956429
1,CTDD21,60,-416.47605080306926
1,CTDD21,61,-417.173456285472
1,CTDD21,62,-419.97817644147545
1,CTDD21,63,-402.1238035900176
1,CTDD21,64,-419.0043605152398
1,CTDD21,65,-419.3945656109242
1,CTDD21,66,-428.055230849759
1,CTDD21,67,-390.02955324364336
1,CTDD21,68,-425.2213673381895
1,CTDD21,69,-412.8973494642795
1,CTDD21,70,-449.715985804531
1,CTDD21,71,-404.7889813481938
1,CTDD21,72,-425.0905333195333
1,CTDD21,73,-405.8105401184026
1,CTDD21,74,-431.9644086750253
1,CTDD21,75,-439.3948775519195
1,CTDD21,76,-430.7731967155788
1,CTDD21,77,-425.23479928480526
1,CTDD21,78,-427.8352614577153
1,CTDD21,79,-440.5605316141718
1,CTDD21,80,-421.8418077974354
1,CTDD21,81,-415.66825216283826
1,CTDD21,82,-404.68283678237447
1,CTDD21,83,-424.9799694052919
1,CTDD21,84,-406.4135347365316
1,CTDD21,85,-425.1410377577629
1,CTDD21,86,-436.4725940510669
1,CTDD21,87,-415.8302598226801
1,CTDD21,88,-418.30924276588235
1,CTDD21,89,-434.403216714658
1,CTDD21,90,-455.33349242544665
1,CTDD21,91,-410.8530246446424
1,CTDD21,92,-410.2227311341409
1,CTDD21,93,-432.35399481264614
1,CTDD21,94,-436.2737727231124
1,CTDD21,95,-420.77691278099275
1,CTDD21,96,-413.1336849414509
1,CTDD21,97,-455.46289881937355
1,CTDD21,98,-409.01531942518
1,CTDD21,99,-401.8213850107622
1,CTDD21,100,-419.73997732900693
1,CTDD21,101,-430.0931171789074
1,CTDD21,102,-414.66086129948496
1,CTDD21,103,-421.01763003559785
1,CTDD21,104,-430.20223848015274
1,CTDD21,105,-401.48003601476626
1,CTDD21,106,-452.60708153473894
1,CTDD21,107,-429.43239466679063
1,CTDD21,108,-426.5575811710895
1,CTDD21,109,-427.70515337981965
1,CTDD21,110,-415.6315777594472
1,CTDD21,111,-415.58467930072754
1,CTDD21,112,-405.3343609103712
1,CTDD21,113,-421.0883085385476
1,CTDD21,114,-409.59917862412726
1,CTDD21,115,-392.7513570740531
1,CTDD21,116,-424.4570990800723
1,CTDD21,117,-442.4754224099677
1,CTDD21,118,-434.2446055340006
1,CTDD21,119,-450.4210789022585
1,CTDD21,120,-421.5007263131663
1,CTDD21,121,-414.1123486590934
1,CTDD21,122,-414.84380562370177
1,CTDD21,123,-409.8394304387538
1,CTDD21,124,-409.3830580502497
1,CTDD21,125,-434.1974542055464
1,CTDD21,126,-419.92947877219717
1,CTDD21,127,-436.5731960768365
1,CTDD21,128,-429.03414032444624
1,CTDD21,129,-430.44137178886615
1,CTDD21,130,-406.59275057071204
1,CTDD21,131,-414.2679793220502
1,CTDD21,132,-413.08812624379397
1,CTDD21,133,-409.75425099428077
1,CTDD21,134,-428.35391693028777
1,CTDD21,135,-442.28025699350474
1,CTDD21,136,-412.0668406810762
1,CTDD21,137,-436.66263959616896
1,CTDD21,138,-402.893208151392
1,CTDD21,139,-461.8770494066654
1,CTDD21,140,-425.86730163930275
1,CTDD21,141,-428.8415828072307
1,CTDD21,142,-435.2562254308582
1,CTDD21,143,-450.5133376877718
1,CTDD21,144,-416.8501816900369
1,CTDD21,145,-414.11636534506204
1,CTDD21,146,-427.373639141427
1,CTDD21,147,-403.19573390734035
1,CTDD21,148,-430.50229957423267
1,CTDD21,149,-430.7478425016923
1,CTDD21,150,-438.2540881399665
1,CTDD21,151,-442.50789516558586
1,CTDD21,152,-439.2204966548364
1,CTDD21,153,-453.91590420352696
1,CTDD21,154,-423.68148741269295
1,CTDD21,155,-414.3725233026878
1,CTDD21,156,-444.17245880034136
1,CTDD21,157,-461.56218330285367
1,CTDD21,158,-419.7516747402973
1,CTDD21,159,-427.594784568798
1,CTDD21,160,-423.1181916127905
1,CTDD21,161,-437.970344296039
1,CTDD21,162,-426.13096437595345
1,CTDD21,163,-434.7770506627495
1,CTDD21,164,-414.18621675711756
1,CTDD21,165,-429.0958235890379
1,CTDD21,166,-430.114148260434
1,CTDD21,167,-434.18538194971705
1,CTDD21,168,-435.1434757691656
1,CTDD21,169,-407.3758549416406
1,CTDD21,170,-405.1040653553427
1,CTDD21,171,-434.1081517460018
1,CTDD21,172,-436.6084350553603
1,CTDD21,173,-387.5664348123014
1,CTDD21,174,-429.6647707181584
1,CTDD21,175,-425.38970062351586
1,CTDD21,176,-460.0914477709734
1,CTDD21,177,-434.6870661928127
1,CTDD21,178,-439.62650138983133
1,CTDD21,179,-435.9026063946062
1,CTDD21,180,-396.4216857417797
1,CTDD21,181,-440.42175902969615
1,CTDD21,182,-411.63971347541934
1,CTDD21,183,-412.5952008688913
1,CTDD21,184,-441.779551877783
1,CTDD21,185,-443.3233849420011
1,CTDD21,186,-409.08766200249124
1,CTDD21,187,-404.14074630057854
1,CTDD21,188,-431.8752715087651
1,CTDD21,189,-427.75662247673233
1,CTDD21,190,-401.2899649800064
1,CTDD21,191,-414.6370282525849
1,CTDD21,192,-408.23861021369606
1,CTDD21,193,-430.05832604701794
1,CTDD21,194,-426.86048583103695
1,CTDD21,195,-422.0826411610657
1,CTDD21,196,-410.0224867669491
1,CTDD21,197,-433.85252262895733
1,CTDD21,198,-413.3499952094867
1,CTDD21,199,-416.76589568122193
1,CTDD21,200,-411.8993488831437
1,CTDD21,201,-414.5224439508394
1,CTDD21,202,-407.8183913025352
1,CTDD21,203,-420.6910941955115
1,CTDD21,204,-400.4520251431365
1,CTDD21,205,-434.6527558508289
1,CTDD21,206,-438.3848864136743
1,CTDD21,207,-401.996491061222
1,CTDD21,208,-409.5085523694354
1,CTDD21,209,-413.59796176280514
1,CTDD21,210,-438.0996636505887
1,CTDD21,211,-420.781773347469
1,CTDD21,212,-446.40943589266254
1,CTDD21,213,-399.3698670608603
1,CTDD21,214,-414.0063907421158
1,CTDD21,215,-443.6854331940631
1,CTDD21,216,-416.70928959907087
1,CTDD21,217,-419.13713777607325
1,CTDD21,218,-445.12808456052545
1,CTDD21,219,-438.15960468646153
1,CTDD21,220,-427.50410862771696
1,CTDD21,221,-430.5163209386098
1,CTDD21,222,-418.53777118364434
1,CTDD21,223,-428.48586094236185
1,CTDD21,224,-420.9496731960503
1,CTDD21,225,-401.08567258661594
1,CTDD21,226,-417.91207577417225
1,CTDD21,227,-434.67472494335163
1,CTDD21,228,-412.79950965702903
1,CTDD21,229,-436.94798272507927
1,CTDD21,230,-425.6150390953352
1,CTDD21,231,-433.0110213593876
1,CTDD21,232,-409.8429497031881
1,CTDD21,233,-437.7534682841136
1,CTDD21,234,-438.71842793705287
1,CTDD21,235,-456.0736413085103
1,CTDD21,236,-449.0071188535487
1,CTDD21,237,-436.25347877142013
1,CTDD21,238,-451.3595606446756
1,CTDD21,239,-411.6023448656658
1,CTDD21,240,-416.076442147002
1,CTDD21,241,-458.7652474196153
1,CTDD21,242,-423.0191912634302
1,CTDD21,243,-434.5832340867481
1,CTDD21,244,-435.925297230457
1,CTDD21,245,-420.33599456645715
1,CTDD21,246,-411.8324396280526
1,CTDD21,247,-415.7577930195457
1,CTDD21,248,-418.8499213479355
1,CTDD21,249,-425.0641844832423
1,CTDD21,250,-409.8206071084918
1,CTDD21,251,-418.6758056721163
1,CTDD21,252,-420.4607026650965
1,CTDD21,253,-427.6326768707329
1,CTDD21,254,-419.38261414678607
1,CTDD21,255,-414.9715499110815
1,CTDD21,256,-427.7525181371331
1,CTDD21,257,-450.47934199575457
1,CTDD21,258,-438.8058115050504
1,CTDD21,259,-442.10083276712123
1,CTDD21,260,-418.1442500211467
1,CTDD21,261,-414.2822531258229
1,CTDD21,262,-417.66000179989226
1,CTDD21,263,-420.59219039283283
1,CTDD21,264,-420.98734189819186
1,CTDD21,265,-417.43004030594295
1,CTDD21,266,-443.2404408990076
1,CTDD21,267,-410.9864161141712
1,CTDD21,268,-410.18205396119873
1,CTDD21,269,-440.4561787572719
1,CTDD21,270,-434.46485611201103
1,CTDD21,271,-441.20859491734086
1,CTDD21,272,-427.89901312458403
1,CTDD21,273,-411.0390264650773
1,CTDD21,274,-417.75371722694615
1,CTDD21,275,-424.4596534142248
1,CTDD21,276,-413.6442563365464
1,CTDD21,277,-438.3445017107768
1,CTDD21,278,-410.5383049864851
1,CTDD21,279,-439.7806294273729
1,CTDD21,280,-428.3085704909124
1,CTDD21,281,-421.34757252869474
1,CTDD21,282,-450.15908643210355
1,CTDD21,283,-433.2714593106722
1,CTDD21,284,-431.751472092767
1,CTDD21,285,-432.52054602999783
1,CTDD21,286,-420.0283942192118
1,CTDD21,287,-429.27118340251866
1,CTDD21,288,-444.6479361200769
1,CTDD21,289,-436.42965188297234
1,CTDD21,290,-406.5291779537299
1,CTDD21,291,-399.2027973747971
1,CTDD21,292,-418.3347343244673
1,CTDD21,293,-408.06379833003
1,CTDD21,294,-416.7886028454683
1,CTDD21,295,-439.7897182604495
1,CTDD21,296,-422.54611196640076
1,CTDD21,297,-428.20132132657994
1,CTDD21,298,-405.14631768018637
1,CTDD21,299,-425.3064583844271
2,IF2,0,-365.1012955105263
2,IF2,1,-369.42845953735497
2,IF2,2,-368.92459938391846
2,IF2,3,-361.0913225679167
2,IF2,4,-360.84992432724215
2,IF2,5,-367.8517320773241
2,IF2,6,-371.19995475853193
2,IF2,7,-368.83181359583875
2,IF2,8,-369.64103023961644
2,IF2,9,-363.80619837786406
2,IF2,10,-366.1913873049555
2,IF2,11,-367.31310251101996
2,IF2,12,-364.2777468048726
2,IF2,13,-367.2812483847346
2,IF2,14,-370.7412668869392
2,IF2,15,-369.54442864999993
2,IF2,16,-368.1990548526417
2,IF2,17,-366.10798065523704
2,IF2,18,-364.4144654027369
2,IF2,19,-366.55888666927063
2,IF2,20,-366.7625420321496
2,IF2,21,-366.62924800137085
2,IF2,22,-373.5034218244614
2,IF2,23,-366.16221822414127
2,IF2,24,-366.5844247173296
2,IF2,25,-362.8674147453415
2,IF2,26,-366.15504241642253
2,IF2,27,-363.497241853927
2,IF2,28,-363.52940483953785
2,IF2,29,-363.33626647813946
2,IF2,30,-366.75329331580247
2,IF2,31,-364.8547541731268
2,IF2,32,-359.46799958830275
2,IF2,33,-370.3613073226761
2,IF2,34,-377.4651210584557
2,IF2,35,-364.7099557913848
2,IF2,36,-375.15831825947987
2,IF2,37,-367.3069283894326
2,IF2,38,-364.9117962996122
2,IF2,39,-363.39335382393784
2,IF2,40,-364.13786724436443
2,IF2,41,-364.0934454324381
2,IF2,42,-371.4030243424909
2,IF2,43,-376.3184764162318
2,IF2,44,-372.0358253691454
2,IF2,45,-367.01883455583425
2,IF2,46,-360.45051367819434
2,IF2,47,-363.44268424763965
2,IF2,48,-362.08969518598957
2,IF2,49,-366.1375097669169
2,IF2,50,-361.8937280154036
2,IF2,51,-363.95881381369577
2,IF2,52,-366.3141635878023
2,IF2,53,-359.1594560824746
2,IF2,54,-364.6500491201596
2,IF2,55,-374.61792838064116
2,IF2,56,-371.2820592432327
2,IF2,57,-365.7829987787277
2,IF2,58,-367.4361551096024
2,IF2,59,-367.2841416977037
2,IF2,60,-364.55497616975083
2,IF2,61,-364.30112522171277
2,IF2,62,-362.0330440883767
2,IF2,63,-370.8926102504045
2,IF2,64,-365.99820005286387
2,IF2,65,-370.79455967243786
2,IF2,66,-367.4498698311765
2,IF2,67,-367.6339708668842
2,IF2,68,-369.11453184656995
2,IF2,69,-368.6996610270582
2,IF2,70,-365.41353211191364
2,IF2,71,-367.16085905327145
2,IF2,72,-362.2228248149618
2,IF2,73,-373.5877275725942
2,IF2,74,-379.31762733901945
2,IF2,75,-380.9559448336281
2,IF2,76,-373.65479066811133
2,IF2,77,-369.40191339677204
2,IF2,78,-374.72301891889805
2,IF2,79,-369.4762641406382
2,IF2,80,-371.05200381392143
2,IF2,81,-372.60516610152354
2,IF2,82,-373.06383633374475
2,IF2,83,-374.99383019684115
2,IF2,84,-360.63542304484054
2,IF2,85,-360.9368106797891
2,IF2,86,-365.9305604369925
2,IF2,87,-361.80154186070587
2,IF2,88,-364.5952514375419
2,IF2,89,-359.29473750144587
2,IF2,90,-363.95823013477815
2,IF2,91,-367.8859239828475
2,IF2,92,-366.60988852210545
2,IF2,93,-360.99528263342836
2,IF2,94,-362.7838937377224
2,IF2,95,-371.63260766427265
2,IF2,96,-368.49701623419014
2,IF2,97,-365.321380339189
2,IF2,98,-368.4426040848979
2,IF2,99,-369.96621997287036
2,IF2,100,-369.06459444577473
2,IF2,101,-374.9765431332533
2,IF2,102,-364.9823510224011
2,IF2,103,-366.38688467195647
2,IF2,104,-366.74350191200745
2,IF2,105,-364.90727281908045
2,IF2,106,-363.86272344250887
2,IF2,107,-365.5610664391558
2,IF2,108,-365.7987466518277
2,IF2,109,-365.94726216641413
2,IF2,110,-364.85191304116955
2,IF2,111,-367.59912023101185
2,IF2,112,-370.88424487328274
2,IF2,113,-375.74738481478755
2,IF2,114,-372.180903436062
2,IF2,115,-373.8113466301794
2,IF2,116,-365.71394603902786
2,IF2,117,-366.19536000752237
2,IF2,118,-368.3345533336221
2,IF2,119,-373.9969142532571
2,IF2,120,-360.5757581595966
2,IF2,121,-371.2932000127849
2,IF2,122,-362.54879366619446
2,IF2,123,-365.91658132171017
2,IF2,124,-363.2863054828921
2,IF2,125,-367.53360920480924
2,IF2,126,-366.3332032126253
2,IF2,127,-368.00521953784005
2,IF2,128,-365.4122038707685
2,IF2,129,-367.37154086839223
2,IF2,130,-368.9561736661927
2,IF2,131,-364.65590041048887
2,IF2,132,-359.9782373770577
2,IF2,133,-360.3125138451158
2,IF2,134,-365.6739446575076
2,IF2,135,-366.7934306333009
2,IF2,136,-362.75667310985546
2,IF2,137,-360.46719322912475
2,IF2,138,-364.33437105123664
2,IF2,139,-365.8734360616142
2,IF2,140,-362.6561608542407
2,IF2,141,-366.2137663503644
2,IF2,142,-363.8126691361424
2,IF2,143,-359.3246580777752
2,IF2,144,-362.3560928658674
2,IF2,145,-363.40200792869706
2,IF2,146,-360.32165978797696
2,IF2,147,-364.55203434645034
2,IF2,148,-369.27986382397506
2,IF2,149,-367.7013404403127
2,IF2,150,-366.56319426374245
2,IF2,151,-366.0139037639893
2,IF2,152,-368.8940044193152
2,IF2,153,-370.8373351213183
2,IF2,154,-366.8043084214325
2,IF2,155,-367.43119665976
2,IF2,156,-362.9753272424845
2,IF2,157,-372.6709834704778
2,IF2,158,-370.83583510360796
2,IF2,159,-369.37612256077693
2,IF2,160,-368.13530405010016
2,IF2,161,-367.68003783237884
2,IF2,162,-365.2536418278968
2,IF2,163,-371.1573616185277
2,IF2,164,-362.640010560774
2,IF2,165,-364.14828710598266
2,IF2,166,-369.8775891102474
2,IF2,167,-367.2304923342922
2,IF2,168,-363.72306775563305
2,IF2,169,-365.4747794283284
2,IF2,170,-362.36749284904505
2,IF2,171,-365.66458173511256
2,IF2,172,-366.1041591899221
2,IF2,173,-363.2366472437232
2,IF2,174,-362.5206914195696
2,IF2,175,-363.2150713627111
2,IF2,176,-368.85719337204273
2,IF2,177,-365.89657415819096
2,IF2,178,-368.5758605283675
2,IF2,179,-367.7298599277777
2,IF2,180,-366.8768215317661
2,IF2,181,-362.81826940145123
2,IF2,182,-365.35034476139907
2,IF2,183,-364.4410704253095
2,IF2,184,-366.82072589039495
2,IF2,185,-364.8724648040963
2,IF2,186,-361.81124910537784
2,IF2,187,-367.43158745125305
2,IF2,188,-363.0492424936543
2,IF2,189,-363.84618035467867
2,IF2,190,-365.54922345627654
2,IF2,191,-367.28156642366594
2,IF2,192,-365.38761233737335
2,IF2,193,-366.45748793436184
2,IF2,194,-365.6646816164207
2,IF2,195,-366.9965166166552
2,IF2,196,-369.35150312998513
2,IF2,197,-367.45877197815474
2,IF2,198,-368.2822666673587
2,IF2,199,-371.13258433458594
2,IF2,200,-366.0690121772214
2,IF2,201,-366.4433745300304
2,IF2,202,-366.1922718574343
2,IF2,203,-363.9205287662651
2,IF2,204,-367.56084043365536
2,IF2,205,-370.29876530373014
2,IF2,206,-370.6500077924115
2,IF2,207,-370.4257515177346
2,IF2,208,-368.36589297662596
2,IF2,209,-369.425935815339
2,IF2,210,-368.5091670692705
2,IF2,211,-361.99727175954007
2,IF2,212,-365.33837470273505
2,IF2,213,-370.1659229622032
2,IF2,214,-366.3673110808235
2,IF2,215,-368.06483655600715
2,IF2,216,-370.6216549067633
2,IF2,217,-371.9014787971901
2,IF2,218,-368.00285099772816
2,IF2,219,-367.08270548298736
2,IF2,220,-370.6580070151466
2,IF2,221,-371.07039359217544
2,IF2,222,-367.85481715883475
2,IF2,223,-366.2880547560989
2,IF2,224,-371.96117644046706
2,IF2,225,-366.7347216683086
2,IF2,226,-364.949352260647
2,IF2,227,-370.1478258736012
2,IF2,228,-373.5406451685936
2,IF2,229,-366.51394521980944
2,IF2,230,-367.0989703441264
2,IF2,231,-370.5822872128845
2,IF2,232,-366.73899791862
2,IF2,233,-371.7913769113892
2,IF2,234,-366.6709015962486
2,IF2,235,-368.04555109334336
2,IF2,236,-361.28877562030885
2,IF2,237,-369.3659399282731
2,IF2,238,-367.79506172855724
2,IF2,239,-363.56605950348904
2,IF2,240,-367.0682007335451
2,IF2,241,-367.90669894824157
2,IF2,242,-369.1979553351544
2,IF2,243,-371.35957797922845
2,IF2,244,-368.2951665738958
2,IF2,245,-364.92523076170613
2,IF2,246,-365.6391021793963
2,IF2,247,-364.6685357990934
2,IF2,248,-375.1006339242533
2,IF2,249,-367.5189327105733
2,IF2,250,-367.36527707946095
2,IF2,251,-361.81499837790824
2,IF2,252,-368.2995832007401
2,IF2,253,-365.8149696394751
2,IF2,254,-363.8733570149376
2,IF2,255,-368.0244885249267
2,IF2,256,-366.75748497996705
2,IF2,257,-365.8876998164541
2,IF2,258,-366.2779993792941
2,IF2,259,-368.17297522792916
2,IF2,260,-369.8371631877562
2,IF2,261,-369.1580880828436
2,IF2,262,-367.57757388446777
2,IF2,263,-368.48988211344493
2,IF2,264,-368.5066613305934
2,IF2,265,-370.318438354156
2,IF2,266,-368.821234491119
2,IF2,267,-366.11082000300297
2,IF2,268,-367.1839160467748
2,IF2,269,-368.2299932285795
2,IF2,270,-365.91664107314244
2,IF2,271,-363.7734465785831
2,IF2,272,-372.33312036702387
2,IF2,273,-371.09796695565956
2,IF2,274,-367.32122245561663
2,IF2,275,-371.14398624429697
2,IF2,276,-366.69970124093356
2,IF2,277,-366.0658880210705
2,IF2,278,-364.9232736374351
2,IF2,279,-366.54871387836477
2,IF2,280,-364.09911913962816
2,IF2,281,-369.41478002468324
2,IF2,282,-370.0103699167047
2,IF2,283,-369.9657170558451
2,IF2,284,-368.8872889842288
2,IF2,285,-369.6121870192883
2,IF2,286,-371.51544619214343
2,IF2,287,-373.06102620791495
2,IF2,288,-371.5488591847001
2,IF2,289,-370.6825258031578
2,IF2,290,-368.9610462780583
2,IF2,291,-368.65503574653565
2,IF2,292,-368.5611594154465
2,IF2,293,-364.4647321024954
2,IF2,294,-367.7251713116568
2,IF2,295,-371.7869549135278
2,IF2,296,-366.4517794805445
2,IF2,297,-367.83725727686357
2,IF2,298,-364.8330127967336
2,IF2,299,-369.87522603023984
2,IF2,300,-371.2964534610716
2,IF2,301,-368.0333383175806
2,IF2,302,-366.0878151570695
2,IF2,303,-362.1610733915633
2,IF2,304,-365.8369325364008
2,IF2,305,-374.6919597830484
2,IF2,306,-370.6906172405531
2,IF2,307,-368.64090692194657
2,IF2,308,-370.4600857404493
2,IF2,309,-370.0762152779459
2,IF2,310,-364.66028541125263
2,IF2,311,-369.92142078306614
2,IF2,312,-364.55214924844654
2,IF2,313,-364.89135557297215
2,IF2,314,-365.75009661650085
2,IF2,315,-367.375328586099
2,IF2,316,-367.9706570310516
2,IF2,317,-365.5387105621465
2,IF2,318,-365.0627324830222
2,IF2,319,-370.21521112161577
2,IF2,320,-367.7589711784884
2,IF2,321,-368.5917072444438
2,IF2,322,-367.74667318227154
2,IF2,323,-367.35999047158276
2,IF2,324,-367.2737244984091
2,IF2,325,-371.1910760152741
2,IF2,326,-366.0733897109517
2,IF2,327,-369.14645506220836
2,IF2,328,-369.33273429800875
2,IF2,329,-371.0969379909698
2,IF2,330,-362.30094111465786
2,IF2,331,-370.7250557132313
2,IF2,332,-369.6553027767983
2,IF2,333,-365.78668494815173
2,IF2,334,-370.7264182452533
2,IF2,335,-368.4127730339934
2,IF2,336,-368.98935058274367
2,IF2,337,-370.14209957059626
2,IF2,338,-365.9384121299262
2,IF2,339,-363.63416500563744
2,IF2,340,-367.19948582676767
2,IF2,341,-366.94704904554743
2,IF2,342,-370.8007092058507
2,IF2,343,-368.51775848344664
2,IF2,344,-368.30899427860294
2,IF2,345,-366.96948622056544
2,IF2,346,-372.6058991470289
2,IF2,347,-370.4318679182164
2,IF2,348,-366.1468301633109
2,IF2,349,-366.8676339898201
2,IF2,350,-364.0217255374517
2,IF2,351,-367.57415178475657
2,IF2,352,-368.03266742086385
2,IF2,353,-366.06529839327465
2,IF2,354,-366.6791793188024
2,IF2,355,-366.3277324397434
2,IF2,356,-371.09601391667655
2,IF2,357,-366.7990892700095
2,IF2,358,-366.7808270077485
2,IF2,359,-367.46789995901696
2,IF2,360,-375.16352700743107
2,IF2,361,-370.5491465170681
2,IF2,362,-366.71711891572727
2,IF2,363,-364.77349698395153
2,IF2,364,-361.390165027159
2,IF2,365,-368.7134189216529
2,IF2,366,-371.13423178909824
2,IF2,367,-369.76155327444775
2,IF2,368,-368.3230974496411
2,IF2,369,-368.51478461059827
2,IF2,370,-361.93278353349257
2,IF2,371,-367.31541324611584
2,IF2,372,-368.6117860083344
2,IF2,373,-370.1010485475073
2,IF2,374,-367.1734867976845
2,IF2,375,-365.4558729804564
2,IF2,376,-374.429635985227
2,IF2,377,-370.55874334140196
2,IF2,378,-368.57452520530285
2,IF2,379,-368.95983534948556
2,IF2,380,-371.1445058686715
2,IF2,381,-366.5415245620246
2,IF2,382,-363.5464883502234
2,IF2,383,-364.820265663954
2,IF2,384,-363.2456150952795
2,IF2,385,-370.62394673862406
2,IF2,386,-371.0716170732478
2,IF2,387,-368.0708416873384
2,IF2,388,-368.32082896669607
2,IF2,389,-371.02959807558784
2,IF2,390,-368.2790057944018
2,IF2,391,-366.1754348972877
2,IF2,392,-371.9929617122305
2,IF2,393,-371.1580860605409
2,IF2,394,-368.4010081751486
2,IF2,395,-365.99074027299713
2,IF2,396,-371.8429150198235
2,IF2,397,-368.82171387646457
2,IF2,398,-370.9134602031664
2,IF2,399,-367.53865610282566
2,IF2,400,-369.85415384247966
2,IF2,401,-367.0856523473629
2,IF2,402,-372.34979739219654
2,IF2,403,-367.46191650669084
2,IF2,404,-371.4204447250582
2,IF2,405,-366.3777199560267
2,IF2,406,-367.2043386340132
2,IF2,407,-369.9381470434816
2,IF2,408,-369.23303081342226
2,IF2,409,-366.98237792201076
2,IF2,410,-364.94033407705774
2,IF2,411,-371.2508125245602
2,IF2,412,-372.2000693283087
2,IF2,413,-368.81202590269515
2,IF2,414,-370.3787196273293
2,IF2,415,-366.64493626599045
2,IF2,416,-367.81766094135645
2,IF2,417,-362.61644914437176
2,IF2,418,-365.07844063107075
2,IF2,419,-369.4065601943245
2,IF2,420,-366.04404729307987
2,IF2,421,-363.40370989899037
2,IF2,422,-368.76157607471447
2,IF2,423,-366.65237482153077
2,IF2,424,-365.53195645313076
2,IF2,425,-367.24156844241077
2,IF2,426,-369.10088184356266
2,IF2,427,-368.6326536695393
2,IF2,428,-366.649541808795
2,IF2,429,-368.1792805701522
2,IF2,430,-362.77029872314
2,IF2,431,-366.0975374979176
2,IF2,432,-367.6438684394586
2,IF2,433,-369.3020004894438
2,IF2,434,-369.4160696644764
2,IF2,435,-368.55941687416214
2,IF2,436,-373.7917052795682
2,IF2,437,-368.4943869041846
2,IF2,438,-371.7370128561765
2,IF2,439,-370.2218151015517
2,IF2,440,-368.53251608286325
2,IF2,441,-363.59978385403025
2,IF2,442,-369.39636620987926
2,IF2,443,-366.51830919093555
2,IF2,444,-366.6333383103666
2,IF2,445,-367.1100631618259
2,IF2,446,-371.70034607778075
2,IF2,447,-369.87122969891345
2,IF2,448,-373.07938193552997
2,IF2,449,-367.07419606596187
2,IF2,450,-370.57893606777276
2,IF2,451,-370.2945927995438
2,IF2,452,-365.2612888718531
2,IF2,453,-364.3028526138396
2,IF2,454,-368.256335790385
2,IF2,455,-367.6347988666176
2,IF2,456,-366.8120586802153
2,IF2,457,-366.45821512151764
2,IF2,458,-369.07642118374565
2,IF2,459,-369.20416822336904
2,IF2,460,-368.4778460329701
2,IF2,461,-367.0887743530819
2,IF2,462,-369.5558869388082
2,IF2,463,-367.75499186174903
2,IF2,464,-367.4411825770615
2,IF2,465,-366.85089713143543
2,IF2,466,-371.24598087969645
2,IF2,467,-369.42626510045716
2,IF2,468,-364.3841120710637
2,IF2,469,-368.39791715321
2,IF2,470,-369.7533247609209
2,IF2,471,-365.23252343969517
2,IF2,472,-362.5931898444316
2,IF2,473,-379.17270175747353
2,IF2,474,-362.2443947645202
2,IF2,475,-370.28668760543627
2,IF2,476,-369.28125188755286
2,IF2,477,-370.23149674498313
2,IF2,478,-366.14060897584756
2,IF2,479,-366.146397772924
2,IF2,480,-375.5224980033207
2,IF2,481,-371.38886356775583
2,IF2,482,-371.2595991403748
2,IF2,483,-369.10753433137194
2,IF2,484,-369.97815092777887
2,IF2,485,-368.1971744683108
2,IF2,486,-367.25333022291875
2,IF2,487,-366.95585619177245
2,IF2,488,-372.78507341834757
2,IF2,489,-364.63062642590586
2,IF2,490,-366.89030623655856
2,IF2,491,-369.3649873742025
2,IF2,492,-370.24382268413524
2,IF2,493,-369.61772959676006
2,IF2,494,-369.41680585361865
2,IF2,495,-370.06774468871464
2,IF2,496,-372.8139942445978
2,IF2,497,-368.7305204615199
2,IF2,498,-369.19602602284857
2,IF2,499,-368.8004059238295
2,IF2,500,-369.74444990523665
2,IF2,501,-369.6483881103388
2,IF2,502,-367.1910777533322
2,IF2,503,-366.3687544832628
2,IF2,504,-369.07082215455074
2,IF2,505,-363.06967465151706
2,IF2,506,-368.14007039414906
2,IF2,507,-373.93560646350585
2,IF2,508,-366.84850289993466
2,IF2,509,-364.11996167437235
2,IF2,510,-368.0117325013742
2,IF2,511,-364.9822570226984
2,IF2,512,-365.735695111761
2,IF2,513,-368.64675774107593
2,IF2,514,-363.34828349366336
2,IF2,515,-367.33687294310204
2,IF2,516,-370.0028407938298
2,IF2,517,-367.7880603152652
2,IF2,518,-362.611844167446
2,IF2,519,-368.81979682678025
2,IF2,520,-371.002080692402
2,IF2,521,-369.23571887972423
2,IF2,522,-368.89639378364296
2,IF2,523,-366.2970852346267
2,IF2,524,-365.47464321910593
2,IF2,525,-369.7091316991578
2,IF2,526,-367.8203854971615
2,IF2,527,-367.8804813188186
2,IF2,528,-363.8397104255693
2,IF2,529,-367.96965913856485
2,IF2,530,-367.54177072459004
2,IF2,531,-365.92843890428924
2,IF2,532,-370.89731602441253
2,IF2,533,-367.23021816060475
2,IF2,534,-366.99335777229487
2,IF2,535,-362.73825617730625
2,IF2,536,-369.1125887596707
2,IF2,537,-365.96010174179554
2,IF2,538,-370.7221304899908
2,IF2,539,-369.45513409964394
2,IF2,540,-367.0029416775949
2,IF2,541,-367.82766022955536
2,IF2,542,-370.04533768440734
2,IF2,543,-368.47536480862135
2,IF2,544,-372.9556200805824
2,IF2,545,-366.3258621559167
2,IF2,546,-374.0399850036838
2,IF2,547,-369.6063641359614
2,IF2,548,-366.5428072264613
2,IF2,549,-368.25065334456554
2,IF2,550,-373.1483812502601
2,IF2,551,-365.4787398946033
2,IF2,552,-369.7206138419464
2,IF2,553,-367.98294540104064
2,IF2,554,-370.28803837966854
2,IF2,555,-364.7872213204615
2,IF2,556,-366.8974302083972
2,IF2,557,-365.47215654070817
2,IF2,558,-366.97079949034054
2,IF2,559,-369.28413929238326
2,IF2,560,-367.87941908071207
2,IF2,561,-374.1898316035428
2,IF2,562,-370.2674143894572
2,IF2,563,-362.44702371679057
2,IF2,564,-367.2598052777806
2,IF2,565,-369.3330567309812
2,IF2,566,-370.92793088487747
2,IF2,567,-367.4004040081845
2,IF2,568,-367.5816027118417
2,IF2,569,-370.8380756949348
2,IF2,570,-367.5527526318835
2,IF2,571,-370.6260070061916
2,IF2,572,-367.0009778440325
2,IF2,573,-369.9873603273996
2,IF2,574,-364.4502978619451
2,IF2,575,-367.98541874100744
2,IF2,576,-371.36197754924916
2,IF2,577,-371.7473503991444
2,IF2,578,-369.3623925742019
2,IF2,579,-368.4025559895027
2,IF2,580,-369.3568097049728
2,IF2,581,-364.0350307612763
2,IF2,582,-366.7343767415512
2,IF2,583,-370.1123648447371
2,IF2,584,-366.02437296917856
2,IF2,585,-370.616622606632
2,IF2,586,-369.7443062379293
2,IF2,587,-369.4035656509756
2,IF2,588,-368.4357756927875
2,IF2,589,-369.3319500564326
2,IF2,590,-367.77364537533015
2,IF2,591,-367.38951050777104
2,IF2,592,-369.22283810870334
2,IF2,593,-366.2402923976968
2,IF2,594,-367.5018539577476
2,IF2,595,-368.58039026351645
2,IF2,596,-368.0943300960905
2,IF2,597,-366.3468474278234
2,IF2,598,-377.056101074477
2,IF2,599,-368.6269612638693
2,IFAD,0,-369.32846438743263
2,IFAD,1,-364.7060576881766
2,IFAD,2,-363.03777326151493
2,IFAD,3,-369.2111436094946
2,IFAD,4,-363.3872906723832
2,IFAD,5,-370.1650853168508
2,IFAD,6,-365.7599709578157
2,IFAD,7,-377.4087509723354
2,IFAD,8,-370.37777350926814
2,IFAD,9,-365.3343641624968
2,IFAD,10,-363.67249779904523
2,IFAD,11,-364.50365585634034
2,IFAD,12,-373.8829223533085
2,IFAD,13,-368.3583342136055
2,IFAD,14,-366.38177776276103
2,IFAD,15,-364.18733159953206
2,IFAD,16,-368.6799497575836
2,IFAD,17,-364.36400488526266
2,IFAD,18,-365.14555545907837
2,IFAD,19,-370.1337592492856
2,IFAD,20,-369.2961950865122
2,IFAD,21,-372.81192228496326
2,IFAD,22,-370.0495795872953
2,IFAD,23,-362.30161858078594
2,IFAD,24,-366.57307683501546
2,IFAD,25,-369.1138599782282
2,IFAD,26,-368.24602002071146
2,IFAD,27,-372.40875926841454
2,IFAD,28,-364.3233970110564
2,IFAD,29,-368.77607200100067
2,IFAD,30,-368.41940074964344
2,IFAD,31,-364.0742930064482
2,IFAD,32,-367.94348914029734
2,IFAD,33,-372.1284773111793
2,IFAD,34,-372.63872786598995
2,IFAD,35,-370.1126309632223
2,IFAD,36,-367.06058096828036
2,IFAD,37,-368.9115409443815
2,IFAD,38,-365.4224052621547
2,IFAD,39,-373.24990545437083
2,IFAD,40,-367.44830916903913
2,IFAD,41,-368.0029771560329
2,IFAD,42,-358.60732710938913
2,IFAD,43,-364.7995954151042
2,IFAD,44,-363.1235359069561
2,IFAD,45,-364.0977558853405
2,IFAD,46,-366.17290338364086
2,IFAD,47,-367.0917394363329
2,IFAD,48,-363.30023598086115
2,IFAD,49,-367.53467484765355
2,IFAD,50,-368.5737980032878
2,IFAD,51,-368.16013483068286
2,IFAD,52,-366.80032504437
2,IFAD,53,-364.9526223425633
2,IFAD,54,-365.82370690612305
2,IFAD,55,-369.4509414165178
2,IFAD,56,-371.86651549470406
2,IFAD,57,-371.94783761747027
2,IFAD,58,-363.86659770464456
2,IFAD,59,-364.1242871923465
2,IFAD,60,-365.35214888403794
2,IFAD,61,-364.0729736174954
2,IFAD,62,-363.68277980790543
2,IFAD,63,-365.8455437348805
2,IFAD,64,-364.1765763074785
2,IFAD,65,-364.2683865846576
2,IFAD,66,-365.809510622166
2,IFAD,67,-362.4485977554614
2,IFAD,68,-363.49005649001333
2,IFAD,69,-365.20560271352133
2,IFAD,70,-360.716568608946
2,IFAD,71,-361.0388175180435
2,IFAD,72,-363.17609621512526
2,IFAD,73,-360.97809559475894
2,IFAD,74,-362.22818423825515
2,IFAD,75,-365.18870265110144
2,IFAD,76,-365.84714581775177
2,IFAD,77,-363.80038518566835
2,IFAD,78,-363.9227657651621
2,IFAD,79,-364.58380450803725
2,IFAD,80,-367.4543038732421
2,IFAD,81,-360.57744635645986
2,IFAD,82,-364.330224784176
2,IFAD,83,-370.4295592343057
2,IFAD,84,-362.25818877630036
2,IFAD,85,-366.88812913441
2,IFAD,86,-363.24141910720795
2,IFAD,87,-365.9525425975785
2,IFAD,88,-357.37635626926965
2,IFAD,89,-365.46185978940616
2,IFAD,90,-367.38781673968634
2,IFAD,91,-362.5867525071697
2,IFAD,92,-362.68476365846067
2,IFAD,93,-362.8080721162552
2,IFAD,94,-367.9432270205466
2,IFAD,95,-360.17057024239136
2,IFAD,96,-362.7376484210884
2,IFAD,97,-365.03621642083937
2,IFAD,98,-365.9942631977113
2,IFAD,99,-368.61247992847814
2,IFAD,100,-369.5520107501954
2,IFAD,101,-367.9106944404195
2,IFAD,102,-369.3931097947523
2,IFAD,103,-364.03167451443716
2,IFAD,104,-364.35061987378816
2,IFAD,105,-362.511863130386
2,IFAD,106,-371.02176943020186
2,IFAD,107,-365.1344611335097
2,IFAD,108,-365.1724398331788
2,IFAD,109,-365.1051850536836
2,IFAD,110,-360.86225457759923
2,IFAD,111,-370.9900103057685
2,IFAD,112,-369.79973054612367
2,IFAD,113,-363.922313053354
2,IFAD,114,-367.23944321714225
2,IFAD,115,-364.90576101256715
2,IFAD,116,-363.17607696397675
2,IFAD,117,-363.6793757825301
2,IFAD,118,-364.8457145032458
2,IFAD,119,-362.7838275218758
2,IFAD,120,-363.8567422692832
2,IFAD,121,-363.2851116351349
2,IFAD,122,-360.0565386990845
2,IFAD,123,-364.2315586848994
2,IFAD,124,-364.9724114198803
2,IFAD,125,-364.18159052262496
2,IFAD,126,-372.86593895570644
2,IFAD,127,-368.9339551091343
2,IFAD,128,-361.4431748358139
2,IFAD,129,-362.43177483175464
2,IFAD,130,-362.1938669316002
2,IFAD,131,-369.0447923725969
2,IFAD,132,-362.25957045546124
2,IFAD,133,-361.30646082408947
2,IFAD,134,-361.92315214445307
2,IFAD,135,-361.58347567734705
2,IFAD,136,-356.00771825806413
2,IFAD,137,-361.5828357545461
2,IFAD,138,-362.140171546385
2,IFAD,139,-362.88434518693794
2,IFAD,140,-364.3932362805936
2,IFAD,141,-367.668393110945
2,IFAD,142,-360.5409171763136
2,IFAD,143,-361.67228534748375
2,IFAD,144,-360.5846585789362
2,IFAD,145,-364.1890895593695
2,IFAD,146,-366.349320764502
2,IFAD,147,-363.160117432388
2,IFAD,148,-362.2270311982949
2,IFAD,149,-362.3145333586441
2,IFAD,150,-370.7846288253413
2,IFAD,151,-366.01857786746194
2,IFAD,152,-364.55796985129706
2,IFAD,153,-363.9161825829839
2,IFAD,154,-366.49943234807694
2,IFAD,155,-362.124807916625
2,IFAD,156,-366.20556958267207
2,IFAD,157,-363.50963533939665
2,IFAD,158,-363.6160827926784
2,IFAD,159,-362.38822839404935
2,IFAD,160,-365.4785316523466
2,IFAD,161,-367.51402516297236
2,IFAD,162,-362.8689528135479
2,IFAD,163,-361.4950115596835
2,IFAD,164,-359.6530509244606
2,IFAD,165,-361.16681567854636
2,IFAD,166,-358.20006945046174
2,IFAD,167,-359.3868893687077
2,IFAD,168,-362.03484713716205
2,IFAD,169,-359.9556186327479
2,IFAD,170,-367.54372929180727
2,IFAD,171,-363.7875662462272
2,IFAD,172,-363.22289854702194
2,IFAD,173,-365.45008223211755
2,IFAD,174,-361.3078962942902
2,IFAD,175,-363.39499850709484
2,IFAD,176,-363.9437287743746
2,IFAD,177,-358.9910802407981
2,IFAD,178,-365.1374409686293
2,IFAD,179,-360.86548733170304
2,IFAD,180,-362.9319661276026
2,IFAD,181,-363.96874678229153
2,IFAD,182,-364.6733564166181
2,IFAD,183,-363.2834791691314
2,IFAD,184,-364.13529331375867
2,IFAD,185,-360.6928282124852
2,IFAD,186,-362.61431376679946
2,IFAD,187,-361.49987159890554
2,IFAD,188,-367.5933714564382
2,IFAD,189,-362.74579522683564
2,IFAD,190,-365.64146132555334
2,IFAD,191,-362.85333266590123
2,IFAD,192,-365.2290574669439
2,IFAD,193,-370.4964518307528
2,IFAD,194,-360.75842850791435
2,IFAD,195,-365.3111570908174
2,IFAD,196,-360.7471959862253
2,IFAD,197,-368.1658827315997
2,IFAD,198,-366.40755252821236
2,IFAD,199,-361.5812340541509
2,IFAD,200,-358.714805564666
2,IFAD,201,-364.69470806723876
2,IFAD,202,-369.1185748081751
2,IFAD,203,-362.27417867832645
2,IFAD,204,-363.7995701480939
2,IFAD,205,-365.41900343533666
2,IFAD,206,-364.8278421268672
2,IFAD,207,-360.9969357108538
2,IFAD,208,-362.61294556786476
2,IFAD,209,-361.4101393845071
2,IFAD,210,-364.9521613712644
2,IFAD,211,-361.9481626564065
2,IFAD,212,-358.07857671353884
2,IFAD,213,-367.02798819765457
2,IFAD,214,-361.6730100370463
2,IFAD,215,-364.1653929817841
2,IFAD,216,-363.0962321491262
2,IFAD,217,-363.83512924740995
2,IFAD,218,-367.0934721631936
2,IFAD,219,-363.7324071581559
2,IFAD,220,-364.29680238601964
2,IFAD,221,-365.3328229917239
2,IFAD,222,-362.5818227942649
2,IFAD,223,-362.4916308080062
2,IFAD,224,-367.016729627151
2,IFAD,225,-363.39052216626555
2,IFAD,226,-361.775950795891
2,IFAD,227,-364.603135766223
2,IFAD,228,-362.526479651432
2,IFAD,229,-364.4843910630087
2,IFAD,230,-365.56454615835577
2,IFAD,231,-365.1212429184635
2,IFAD,232,-362.3618058707731
2,IFAD,233,-364.3424634621164
2,IFAD,234,-364.025530646608
2,IFAD,235,-365.9405601213673
2,IFAD,236,-364.06751761014976
2,IFAD,237,-362.647691202747
2,IFAD,238,-364.0723671372938
2,IFAD,239,-363.3023920090289
2,IFAD,240,-365.2724217239193
2,IFAD,241,-364.59856514746656
2,IFAD,242,-362.2663875611385
2,IFAD,243,-359.0163528362222
2,IFAD,244,-364.15366988748906
2,IFAD,245,-365.20257802565317
2,IFAD,246,-365.3735402023971
2,IFAD,247,-365.5223691746305
2,IFAD,248,-361.03838420306175
2,IFAD,249,-365.286297461536
2,IFAD,250,-363.44450012096866
2,IFAD,251,-361.4957518445865
2,IFAD,252,-364.77409888104
2,IFAD,253,-367.93741168856684
2,IFAD,254,-359.98411309230397
2,IFAD,255,-359.6796728981392
2,IFAD,256,-365.2578572657397
2,IFAD,257,-362.089746664013
2,IFAD,258,-362.9547678332473
2,IFAD,259,-359.76274399135025
2,IFAD,260,-356.6769077898128
2,IFAD,261,-360.91088309440386
2,IFAD,262,-361.2840047683782
2,IFAD,263,-362.36258290053667
2,IFAD,264,-364.576080576247
2,IFAD,265,-370.2050076604363
2,IFAD,266,-356.6750252501765
2,IFAD,267,-366.54121303376
2,IFAD,268,-359.4792119768038
2,IFAD,269,-360.9959952357694
2,IFAD,270,-363.28270483879135
2,IFAD,271,-362.191576806612
2,IFAD,272,-362.5702718857075
2,IFAD,273,-366.18899834793797
2,IFAD,274,-362.2438530027888
2,IFAD,275,-361.53061884609934
2,IFAD,276,-364.8668258409585
2,IFAD,277,-363.6761943538176
2,IFAD,278,-361.4475478708207
2,IFAD,279,-364.2989105230423
2,IFAD,280,-360.4096159686609
2,IFAD,281,-365.7303219987726
2,IFAD,282,-360.4805093056501
2,IFAD,283,-360.23152165035924
2,IFAD,284,-362.60161856604736
2,IFAD,285,-362.6850691128873
2,IFAD,286,-371.232891281807
2,IFAD,287,-362.6246201747017
2,IFAD,288,-368.1970347274206
2,IFAD,289,-366.7380429707968
2,IFAD,290,-359.16802193238925
2,IFAD,291,-364.5367228074794
2,IFAD,292,-365.19198837293817
2,IFAD,293,-364.2696166634443
2,IFAD,294,-367.0061770664407
2,IFAD,295,-363.788641043882
2,IFAD,296,-364.3830145885478
2,IFAD,297,-362.662563742959
2,IFAD,298,-363.66646173696574
2,IFAD,299,-359.6624678527106
2,IFAD,300,-363.4215807803925
2,IFAD,301,-360.7774211869647
2,IFAD,302,-358.75022451700573
2,IFAD,303,-362.49730339856706
2,IFAD,304,-360.2908943792895
2,IFAD,305,-366.3093896712941
2,IFAD,306,-363.7928047664764
2,IFAD,307,-363.6911090046377
2,IFAD,308,-363.35975296083507
2,IFAD,309,-363.94935922658294
2,IFAD,310,-361.7287402487037
2,IFAD,311,-361.31054959954776
2,IFAD,312,-364.4076233116813
2,IFAD,313,-368.5839640329528
2,IFAD,314,-357.8060692612227
2,IFAD,315,-366.3225681199734
2,IFAD,316,-361.77317202141114
2,IFAD,317,-358.8634310964585
2,IFAD,318,-359.9548710945001
2,IFAD,319,-364.9049788996061
2,IFAD,320,-363.1008241819897
2,IFAD,321,-362.26620449787004
2,IFAD,322,-361.06808031451294
2,IFAD,323,-359.2457819295961
2,IFAD,324,-360.1942653228752
2,IFAD,325,-363.28576768339457
2,IFAD,326,-361.37167287517553
2,IFAD,327,-364.742382283782
2,IFAD,328,-365.71817144522043
2,IFAD,329,-367.2797949502284
2,IFAD,330,-363.48453594941424
2,IFAD,331,-362.76493527363687
2,IFAD,332,-360.1453104954115
2,IFAD,333,-363.601046952493
2,IFAD,334,-361.09953644902635
2,IFAD,335,-357.34291969624934
2,IFAD,336,-360.8216704061999
2,IFAD,337,-362.6676413734913
2,IFAD,338,-362.4653529818512
2,IFAD,339,-358.8749430280722
2,IFAD,340,-365.90428398964286
2,IFAD,341,-364.30689637866936
2,IFAD,342,-365.95609271509693
2,IFAD,343,-360.0174654396455
2,IFAD,344,-356.710398548806
2,IFAD,345,-368.951988055119
2,IFAD,346,-366.19709693171086
2,IFAD,347,-363.91932768387676
2,IFAD,348,-364.56103059080726
2,IFAD,349,-365.92738090441526
2,IFAD,350,-361.9642782643018
2,IFAD,351,-363.45605206638504
2,IFAD,352,-364.0899775916358
2,IFAD,353,-365.7477081161009
2,IFAD,354,-364.4703344328091
2,IFAD,355,-359.44569117230265
2,IFAD,356,-368.0686752815752
2,IFAD,357,-363.6759760050785
2,IFAD,358,-363.83505875404165
2,IFAD,359,-363.67732844855954
2,IFAD,360,-360.0219130746968
2,IFAD,361,-362.4216241739337
2,IFAD,362,-365.4530715496671
2,IFAD,363,-361.0709799160036
2,IFAD,364,-366.0303170312585
2,IFAD,365,-363.43297173945047
2,IFAD,366,-365.66650541366766
2,IFAD,367,-359.46704084729276
2,IFAD,368,-360.36799089509
2,IFAD,369,-361.6671694262273
2,IFAD,370,-365.42944218343627
2,IFAD,371,-365.3031027521109
2,IFAD,372,-368.1565638481874
2,IFAD,373,-365.44159665033953
2,IFAD,374,-363.6596990490524
2,IFAD,375,-366.29676524261805
2,IFAD,376,-361.7275511061841
2,IFAD,377,-362.45552704245017
2,IFAD,378,-362.53151387205526
2,IFAD,379,-359.34324627767876
2,IFAD,380,-361.89553365228875
2,IFAD,381,-367.0151295047349
2,IFAD,382,-366.3180960122479
2,IFAD,383,-363.9393318240612
2,IFAD,384,-362.6410867098095
2,IFAD,385,-366.2893562039212
2,IFAD,386,-363.5338628262552
2,IFAD,387,-362.6255749192087
2,IFAD,388,-369.6410966199647
2,IFAD,389,-360.99804216778244
2,IFAD,390,-366.08402594271774
2,IFAD,391,-369.39803115277005
2,IFAD,392,-363.25792211071234
2,IFAD,393,-362.8815913523431
2,IFAD,394,-366.9361636739531
2,IFAD,395,-362.03203397636037
2,IFAD,396,-360.65342205283775
2,IFAD,397,-363.4430132289207
2,IFAD,398,-361.8947382810194
2,IFAD,399,-362.8621564955597
2,DS19,0,-384.3871953725909
2,DS19,1,-386.6498174431174
2,DS19,2,-393.7927077739463
2,DS19,3,-376.2414852152473
2,DS19,4,-380.1625189446629
2,DS19,5,-376.20927282371076
2,DS19,6,-395.7884241965472
2,DS19,7,-385.23212562806117
2,DS19,8,-374.6926941766952
2,DS19,9,-364.1465460343419
2,DS19,10,-375.64832968956233
2,DS19,11,-376.4656234776185
2,DS19,12,-371.94875939402766
2,DS19,13,-383.34735469035274
2,DS19,14,-394.53331937327795
2,DS19,15,-386.0061960394542
2,DS19,16,-380.82704598722785
2,DS19,17,-383.6207367655442
2,DS19,18,-377.42098251236905
2,DS19,19,-376.4473636416734
2,DS19,20,-382.813318774487
2,DS19,21,-381.0557507900021
2,DS19,22,-378.9343061284793
2,DS19,23,-380.73858670499385
2,DS19,24,-371.72145598421366
2,DS19,25,-371.69120834965963
2,DS19,26,-379.2227568599282
2,DS19,27,-374.1163864072321
2,DS19,28,-375.545542083128
2,DS19,29,-378.2463063774077
2,DS19,30,-380.7588358113062
2,DS19,31,-386.90473988602076
2,DS19,32,-380.92615311449117
2,DS19,33,-386.86226007769363
2,DS19,34,-377.43168692774833
2,DS19,35,-380.3596379752162
2,DS19,36,-376.671083965732
2,DS19,37,-369.9452122158044
2,DS19,38,-381.4570372649018
2,DS19,39,-377.05870219167537
2,DS19,40,-367.26413003859574
2,DS19,41,-372.7013935770562
2,DS19,42,-377.096273940856
2,DS19,43,-374.28704329545934
2,DS19,44,-382.1273756703482
2,DS19,45,-376.5689287667904
2,DS19,46,-371.16871197586744
2,DS19,47,-377.17573479494314
2,DS19,48,-379.25197629315824
2,DS19,49,-365.8104182913458
2,DS19,50,-369.2663927329003
2,DS19,51,-364.7785783498803
2,DS19,52,-377.77293914726033
2,DS19,53,-371.9672810663496
2,DS19,54,-379.3782178160294
2,DS19,55,-384.0550902557663
2,DS19,56,-373.0999166656825
2,DS19,57,-379.08887004051417
2,DS19,58,-382.9178833914807
2,DS19,59,-370.6108682651178
2,DS19,60,-380.91736187230686
2,DS19,61,-384.036371501425
2,DS19,62,-380.07007557433184
2,DS19,63,-376.59694565160913
2,DS19,64,-377.19629018336843
2,DS19,65,-392.74365731523847
2,DS19,66,-372.57957993213694
2,DS19,67,-385.6176429483806
2,DS19,68,-376.63928015260814
2,DS19,69,-375.308535158818
2,DS19,70,-376.5637082085469
2,DS19,71,-379.36394664411625
2,DS19,72,-373.69311126275977
2,DS19,73,-372.4265927052614
2,DS19,74,-370.04716797370185
2,DS19,75,-385.2996732899125
2,DS19,76,-375.6368869968705
2,DS19,77,-377.49209982085125
2,DS19,78,-383.13108518385724
2,DS19,79,-379.1909847878791
2,DS19,80,-372.34597142936417
2,DS19,81,-381.32329701367416
2,DS19,82,-374.7068912407225
2,DS19,83,-367.01574876546727
2,DS19,84,-369.9955033257308
2,DS19,85,-372.29290824673717
2,DS19,86,-382.7102056279707
2,DS19,87,-378.25285646711893
2,DS19,88,-370.5326009551534
2,DS19,89,-364.0686464954902
2,DS19,90,-374.717271868704
2,DS19,91,-364.0583239460457
2,DS19,92,-390.38727150498204
2,DS19,93,-380.70960328800015
2,DS19,94,-379.59787885477954
2,DS19,95,-373.3454239585125
2,DS19,96,-375.79098047006227
2,DS19,97,-382.4071368252164
2,DS19,98,-382.0563653036724
2,DS19,99,-371.6768222137711
2,DS19,100,-372.5251615172221
2,DS19,101,-374.64372679891045
2,DS19,102,-397.74836631953383
2,DS19,103,-376.10020023569285
2,DS19,104,-377.63403244469185
2,DS19,105,-378.2369742917926
2,DS19,106,-365.2825321425364
2,DS19,107,-375.84457834797814
2,DS19,108,-384.8535108514982
2,DS19,109,-380.5079366706205
2,DS19,110,-378.09563643184947
2,DS19,111,-379.21230585457573
2,DS19,112,-370.7240107417083
2,DS19,113,-392.550102495957
2,DS19,114,-369.88421395978435
2,DS19,115,-379.9832977077687
2,DS19,116,-376.3281777581856
2,DS19,117,-375.2498509111134
2,DS19,118,-378.46709144169495
2,DS19,119,-375.0581021398041
2,DS19,120,-381.05302822312717
2,DS19,121,-383.651292551927
2,DS19,122,-378.67833444926237
2,DS19,123,-373.3934124522912
2,DS19,124,-375.4741928300074
2,DS19,125,-379.4135354291391
2,DS19,126,-385.2678029546975
2,DS19,127,-363.8940687532073
2,DS19,128,-374.3106156353464
2,DS19,129,-380.01139376317724
2,DS19,130,-379.1457389760965
2,DS19,131,-370.90411202493567
2,DS19,132,-375.2397616488002
2,DS19,133,-380.43596172822595
2,DS19,134,-376.7421097673682
2,DS19,135,-371.3429801271031
2,DS19,136,-377.46452506821555
2,DS19,137,-375.1285802283862
2,DS19,138,-378.41403972317033
2,DS19,139,-372.48913500398146
2,DS19,140,-368.5893886207246
2,DS19,141,-369.38752403829784
2,DS19,142,-385.77576886251035
2,DS19,143,-371.9644607232258
2,DS19,144,-382.4328037552253
2,DS19,145,-390.6525355175404
2,DS19,146,-380.50882843350075
2,DS19,147,-375.1506307472834
2,DS19,148,-368.8848510131202
2,DS19,149,-387.7000034049249
2,DS19,150,-381.21553458604444
2,DS19,151,-380.33682107423925
2,DS19,152,-377.81859973402624
2,DS19,153,-378.65431596866875
2,DS19,154,-380.6145956206587
2,DS19,155,-375.9776756775371
2,DS19,156,-372.28190360086626
2,DS19,157,-376.9093122747022
2,DS19,158,-376.49535148412076
2,DS19,159,-376.08007412425985
2,DS19,160,-378.3022696880832
2,DS19,161,-374.7901148934468
2,DS19,162,-374.1892100922076
2,DS19,163,-375.09159607013197
2,DS19,164,-383.3473754670156
2,DS19,165,-378.41071699873675
2,DS19,166,-371.88496696818174
2,DS19,167,-370.64006748957064
2,DS19,168,-382.7719730974048
2,DS19,169,-370.3876666979321
2,DS19,170,-382.9097989438536
2,DS19,171,-370.0969547673752
2,DS19,172,-371.6453439869573
2,DS19,173,-374.4205667117004
2,DS19,174,-366.6674529940095
2,DS19,175,-380.3811641394707
2,DS19,176,-375.8138602365185
2,DS19,177,-383.45934036694706
2,DS19,178,-369.31558505494877
2,DS19,179,-381.46089513484065
2,DS19,180,-379.0231124039007
2,DS19,181,-375.16851264754564
2,DS19,182,-379.4353860217032
2,DS19,183,-386.1446776091508
2,DS19,184,-377.5587294006421
2,DS19,185,-373.1243311750781
2,DS19,186,-369.3057833091026
2,DS19,187,-366.57279022502905
2,DS19,188,-383.29691646499964
2,DS19,189,-381.9335131543856
2,DS19,190,-381.14765525704775
2,DS19,191,-385.5839997823059
2,DS19,192,-371.29492215194153
2,DS19,193,-371.88668275126975
2,DS19,194,-368.18289652286313
2,DS19,195,-381.88979289501077
2,DS19,196,-384.231344437698
2,DS19,197,-377.3959304664771
2,DS19,198,-387.38106857927323
2,DS19,199,-371.98961017512204
2,DS19,200,-375.52318982487225
2,DS19,201,-378.5931247604155
2,DS19,202,-368.21718044605836
2,DS19,203,-373.35076188858363
2,DS19,204,-389.19695391684166
2,DS19,205,-387.11875105650626
2,DS19,206,-367.7527540959776
2,DS19,207,-370.4478318967592
2,DS19,208,-394.564277873384
2,DS19,209,-373.7760783935648
2,DS19,210,-379.89916210799396
2,DS19,211,-371.6660341074403
2,DS19,212,-372.90279358527846
2,DS19,213,-384.651423173947
2,DS19,214,-381.441904706493
2,DS19,215,-362.5478613391217
2,DS19,216,-379.54551449917045
2,DS19,217,-374.3965154413603
2,DS19,218,-369.9070683712202
2,DS19,219,-394.41855271763484
2,DS19,220,-385.5005986810602
2,DS19,221,-362.40618601949166
2,DS19,222,-379.1101092109382
2,DS19,223,-387.15816525404404
2,DS19,224,-385.37057677001604
2,DS19,225,-369.48960695702135
2,DS19,226,-386.6774866966739
2,DS19,227,-369.7787246397087
2,DS19,228,-381.7959004568045
2,DS19,229,-374.59806305276095
2,DS19,230,-383.4084106463567
2,DS19,231,-376.6082281300952
2,DS19,232,-373.59749659528376
2,DS19,233,-383.85651990981785
2,DS19,234,-378.1893485771904
2,DS19,235,-392.65417529408774
2,DS19,236,-375.17979298020043
2,DS19,237,-373.92668933753754
2,DS19,238,-380.06937816270545
2,DS19,239,-374.5488353163224
2,DS19,240,-386.91839931795226
2,DS19,241,-372.9300150744547
2,DS19,242,-384.2412787553498
2,DS19,243,-372.00550656303363
2,DS19,244,-376.38901604125556
2,DS19,245,-366.1473382336089
2,DS19,246,-383.1616992611419
2,DS19,247,-367.4969942454103
2,DS19,248,-387.2927072109727
2,DS19,249,-379.7005591750376
2,DS19,250,-370.743315183963
2,DS19,251,-371.91462820735893
2,DS19,252,-382.21685554352104
2,DS19,253,-364.4861453433119
2,DS19,254,-375.2634529925174
2,DS19,255,-378.5343691000447
2,DS19,256,-374.2248303864647
2,DS19,257,-377.27509986638546
2,DS19,258,-378.181285500537
2,DS19,259,-387.45177588076956
2,DS19,260,-375.6860295172952
2,DS19,261,-365.7177480037016
2,DS19,262,-380.3273176317779
2,DS19,263,-378.09945992293046
2,DS19,264,-377.88718340511355
2,DS19,265,-375.9753776999789
2,DS19,266,-379.1921891479476
2,DS19,267,-373.48110317373175
2,DS19,268,-379.17501194539085
2,DS19,269,-387.3532875233748
2,DS19,270,-375.95265853513376
2,DS19,271,-374.42002082665647
2,DS19,272,-374.95846321742033
2,DS19,273,-385.63913210014834
2,DS19,274,-372.3217645978899
2,DS19,275,-367.2870306490677
2,DS19,276,-367.61185696867403
2,DS19,277,-364.8911610061868
2,DS19,278,-372.85006286587566
2,DS19,279,-371.484713707242
2,DS19,280,-374.6477505942027
2,DS19,281,-375.24004088271204
2,DS19,282,-376.19860843530364
2,DS19,283,-380.44749094267024
2,DS19,284,-368.8333412655059
2,DS19,285,-374.87636833362166
2,DS19,286,-370.09712267007654
2,DS19,287,-377.2658877046003
2,DS19,288,-380.17823849168013
2,DS19,289,-383.6244480254004
2,DS19,290,-370.38539894413873
2,DS19,291,-373.10254732349074
2,DS19,292,-373.0912236387599
2,DS19,293,-380.9100808306299
2,DS19,294,-376.0651848084348
2,DS19,295,-383.52654011589084
2,DS19,296,-372.8334752048122
2,DS19,297,-370.94617571281947
2,DS19,298,-375.8587505340868
2,DS19,299,-367.2014839348693
2,CTDD21,0,-420.0084233637861
2,CTDD21,1,-425.11216262855885
2,CTDD21,2,-406.5942632856423
2,CTDD21,3,-465.81555013541634
2,CTDD21,4,-423.5022359629822
2,CTDD21,5,-456.1622370921399
2,CTDD21,6,-442.2809374995802
2,CTDD21,7,-419.3657109214003
2,CTDD21,8,-440.74305694129777
2,CTDD21,9,-432.6501220450297
2,CTDD21,10,-420.37718009622273
2,CTDD21,11,-423.12069631331434
2,CTDD21,12,-413.03322002734967
2,CTDD21,13,-410.04015078501334
2,CTDD21,14,-437.82720143427355
2,CTDD21,15,-404.2951175065317
2,CTDD21,16,-416.8160838807114
2,CTDD21,17,-411.5813310110738
2,CTDD21,18,-449.81814917895633
2,CTDD21,19,-422.41662771416264
2,CTDD21,20,-444.99764271146745
2,CTDD21,21,-443.15312958974016
2,CTDD21,22,-441.7223119698467
2,CTDD21,23,-401.5613740194349
2,CTDD21,24,-386.72069524848354
2,CTDD21,25,-426.195869611575
2,CTDD21,26,-428.29122005007184
2,CTDD21,27,-450.5686013044765
2,CTDD21,28,-404.5553795896839
2,CTDD21,29,-407.9143738162223
2,CTDD21,30,-424.3380772321849
2,CTDD21,31,-416.0984343502015
2,CTDD21,32,-425.7392255605605
2,CTDD21,33,-414.5180807339209
2,CTDD21,34,-422.1439107447262
2,CTDD21,35,-438.79506278979454
2,CTDD21,36,-436.4871842334313
2,CTDD21,37,-438.070877347593
2,CTDD21,38,-450.4102493651978
2,CTDD21,39,-422.98547928590733
2,CTDD21,40,-423.47972653061566
2,CTDD21,41,-433.27259353271097
2,CTDD21,42,-430.3609467467601
2,CTDD21,43,-412.8326518820694
2,CTDD21,44,-443.59627404207373
2,CTDD21,45,-439.77566989605486
2,CTDD21,46,-416.6490448535417
2,CTDD21,47,-412.92900399356273
2,CTDD21,48,-445.82947207299605
2,CTDD21,49,-445.41137550082624
2,CTDD21,50,-416.5833642844719
2,CTDD21,51,-415.37190200766673
2,CTDD21,52,-409.87900849917816
2,CTDD21,53,-445.7504816739134
2,CTDD21,54,-426.7737949392096
2,CTDD21,55,-414.9873380387479
2,CTDD21,56,-399.69888554223604
2,CTDD21,57,-418.19153532950077
2,CTDD21,58,-412.5666330514963
2,CTDD21,59,-417.8793299408042
2,CTDD21,60,-412.83555630305034
2,CTDD21,61,-413.0365211813181
2,CTDD21,62,-430.41118852151516
2,CTDD21,63,-451.7982511910345
2,CTDD21,64,-418.90405039648084
2,CTDD21,65,-409.0274196410455
2,CTDD21,66,-428.7224141741554
2,CTDD21,67,-409.49605697632904
2,CTDD21,68,-398.78061916860804
2,CTDD21,69,-421.121389427211
2,CTDD21,70,-424.6058988199259
2,CTDD21,71,-423.89924506198605
2,CTDD21,72,-428.4678938012911
2,CTDD21,73,-422.8963028298713
2,CTDD21,74,-415.344352403424
2,CTDD21,75,-423.3961472147052
2,CTDD21,76,-428.18912489873463
2,CTDD21,77,-406.7996753889858
2,CTDD21,78,-428.92565644033925
2,CTDD21,79,-434.7680136338332
2,CTDD21,80,-419.29595551408113
2,CTDD21,81,-444.501586796545
2,CTDD21,82,-412.0354884976741
2,CTDD21,83,-439.7948537332445
2,CTDD21,84,-413.6780371562768
2,CTDD21,85,-434.13940463654995
2,CTDD21,86,-424.67249433837367
2,CTDD21,87,-415.854419512748
2,CTDD21,88,-428.9805374955069
2,CTDD21,89,-421.4498381032914
2,CTDD21,90,-414.2747373369331
2,CTDD21,91,-418.99402866850505
2,CTDD21,92,-442.3098395892592
2,CTDD21,93,-436.66742311700364
2,CTDD21,94,-414.74980067825766
2,CTDD21,95,-422.78351750514224
2,CTDD21,96,-407.07199387580454
2,CTDD21,97,-405.99524334398984
2,CTDD21,98,-416.4728831348765
2,CTDD21,99,-421.1765680212849
2,CTDD21,100,-417.86671049280017
2,CTDD21,101,-410.5208472902525
2,CTDD21,102,-409.3534749415151
2,CTDD21,103,-423.9590128519902
2,CTDD21,104,-417.9614745010409
2,CTDD21,105,-432.30403286606327
2,CTDD21,106,-436.02422738271525
2,CTDD21,107,-426.9919367623742
2,CTDD21,108,-438.0182668699629
2,CTDD21,109,-412.0641818767032
2,CTDD21,110,-438.72316646750335
2,CTDD21,111,-407.398039451547
2,CTDD21,112,-404.4357220569106
2,CTDD21,113,-442.26419266492576
2,CTDD21,114,-428.2957889235694
2,CTDD21,115,-414.8334649690066
2,CTDD21,116,-418.7589041870414
2,CTDD21,117,-415.396557097407
2,CTDD21,118,-417.9773767647955
2,CTDD21,119,-402.84337161319655
2,CTDD21,120,-430.49547149409887
2,CTDD21,121,-408.08983616840607
2,CTDD21,122,-388.1080002762554
2,CTDD21,123,-451.6461669623177
2,CTDD21,124,-425.2635348719814
2,CTDD21,125,-451.43654921857524
2,CTDD21,126,-412.8939080239576
2,CTDD21,127,-427.37548038888184
2,CTDD21,128,-407.4282804067262
2,CTDD21,129,-438.1874048284011
2,CTDD21,130,-426.8952121331649
2,CTDD21,131,-421.8746999239879
2,CTDD21,132,-428.0429874025062
2,CTDD21,133,-414.46336833200303
2,CTDD21,134,-410.7763622896541
2,CTDD21,135,-415.5329595902619
2,CTDD21,136,-433.18527094420153
2,CTDD21,137,-425.39967861075763
2,CTDD21,138,-475.8778071128302
2,CTDD21,139,-423.18167872670915
2,CTDD21,140,-446.4214248471377
2,CTDD21,141,-414.83214023259603
2,CTDD21,142,-432.4865144592637
2,CTDD21,143,-433.0222732974639
2,CTDD21,144,-391.58822089710424
2,CTDD21,145,-417.6997066046964
2,CTDD21,146,-400.00331994332964
2,CTDD21,147,-447.109353281044
2,CTDD21,148,-403.712714740158
2,CTDD21,149,-422.41156492529694
2,CTDD21,150,-411.63633756137796
2,CTDD21,151,-424.5050830994363
2,CTDD21,152,-431.3763858093044
2,CTDD21,153,-448.72158798278053
2,CTDD21,154,-440.5048348650844
2,CTDD21,155,-407.79267928717456
2,CTDD21,156,-426.8111545076839
2,CTDD21,157,-420.0746723668818
2,CTDD21,158,-436.01414569386617
2,CTDD21,159,-429.26690481592846
2,CTDD21,160,-413.10901695119037
2,CTDD21,161,-444.79544266573487
2,CTDD21,162,-456.55999178583954
2,CTDD21,163,-415.18250898234106
2,CTDD21,164,-407.76955517536226
2,CTDD21,165,-418.928372699961
2,CTDD21,166,-405.99383723782
2,CTDD21,167,-441.9574933336056
2,CTDD21,168,-397.38552463105316
2,CTDD21,169,-432.7232990702798
2,CTDD21,170,-432.05816020748557
2,CTDD21,171,-416.30638819167757
2,CTDD21,172,-437.5949304148559
2,CTDD21,173,-433.4355055906907
2,CTDD21,174,-439.88772221731085
2,CTDD21,175,-431.4884493231513
2,CTDD21,176,-415.3019367645813
2,CTDD21,177,-412.9887393123751
2,CTDD21,178,-433.57629938573984
2,CTDD21,179,-436.2065236732285
2,CTDD21,180,-408.35712425615696
2,CTDD21,181,-446.31038286155666
2,CTDD21,182,-445.95827543985297
2,CTDD21,183,-401.59876069740653
2,CTDD21,184,-428.0711266263738
2,CTDD21,185,-443.2765635829203
2,CTDD21,186,-427.233132098517
2,CTDD21,187,-456.8346106321505
2,CTDD21,188,-434.07257799180377
2,CTDD21,189,-427.69039582962444
2,CTDD21,190,-428.95565849089974
2,CTDD21,191,-428.0430097985684
2,CTDD21,192,-421.31359166528557
2,CTDD21,193,-414.8350035888719
2,CTDD21,194,-394.4805078411032
2,CTDD21,195,-431.5016365163363
2,CTDD21,196,-414.37228405114814
2,CTDD21,197,-452.437567625094
2,CTDD21,198,-417.73230487475496
2,CTDD21,199,-404.83672001591805
2,CTDD21,200,-407.3947602241551
2,CTDD21,201,-447.1774707785443
2,CTDD21,202,-409.5908283989125
2,CTDD21,203,-417.2033181037912
2,CTDD21,204,-420.22908953034175
2,CTDD21,205,-426.2293274547485
2,CTDD21,206,-427.64246386121215
2,CTDD21,207,-436.3324510657684
2,CTDD21,208,-415.09580837847966
2,CTDD21,209,-434.79680006522653
2,CTDD21,210,-433.887399637989
2,CTDD21,211,-414.0027716343421
2,CTDD21,212,-409.79564098063054
2,CTDD21,213,-420.07685025965486
2,CTDD21,214,-450.58250535858906
2,CTDD21,215,-431.96446283816897
2,CTDD21,216,-443.4014019931804
2,CTDD21,217,-411.3271454733423
2,CTDD21,218,-422.910959143191
2,CTDD21,219,-399.8803653042596
2,CTDD21,220,-414.2174276406056
2,CTDD21,221,-415.3030051256438
2,CTDD21,222,-422.6365106791698
2,CTDD21,223,-415.9921543549633
2,CTDD21,224,-433.84689231762434
2,CTDD21,225,-424.3040163983919
2,CTDD21,226,-415.8161411572595
2,CTDD21,227,-401.8904930074814
2,CTDD21,228,-416.44802827426867
2,CTDD21,229,-420.29181544839173
2,CTDD21,230,-409.9609909069713
2,CTDD21,231,-402.15238281005315
2,CTDD21,232,-418.2629764406888
2,CTDD21,233,-428.14503604964136
2,CTDD21,234,-412.27556828659107
2,CTDD21,235,-411.6219051307639
2,CTDD21,236,-427.7123102271663
2,CTDD21,237,-426.03728824462706
2,CTDD21,238,-436.6570549032016
2,CTDD21,239,-412.52666673795255
2,CTDD21,240,-415.29087381375274
2,CTDD21,241,-426.71783341214444
2,CTDD21,242,-416.27569931868106
2,CTDD21,243,-414.1241179612778
2,CTDD21,244,-424.42796109653216
2,CTDD21,245,-425.7672745603587
2,CTDD21,246,-434.6509038498669
2,CTDD21,247,-435.3566435395006
2,CTDD21,248,-431.5194112175779
2,CTDD21,249,-424.52822150403904
2,CTDD21,250,-415.96679862381194
2,CTDD21,251,-402.01259817311967
2,CTDD21,252,-436.8697978505243
2,CTDD21,253,-394.6660398020039
2,CTDD21,254,-407.20461793696353
2,CTDD21,255,-424.2463035235751
2,CTDD21,256,-431.08239302218317
2,CTDD21,257,-435.8698606579117
2,CTDD21,258,-428.9327464694048
2,CTDD21,259,-418.2285059675078
2,CTDD21,260,-450.26567159192894
2,CTDD21,261,-428.5834981488246
2,CTDD21,262,-430.0127085085451
2,CTDD21,263,-408.0007562848201
2,CTDD21,264,-430.11340916591257
2,CTDD21,265,-416.44721548097425
2,CTDD21,266,-429.00724069493646
2,CTDD21,267,-416.61822575221214
2,CTDD21,268,-419.0297226705276
2,CTDD21,269,-412.1698749855964
2,CTDD21,270,-427.1367648392056
2,CTDD21,271,-422.8245330789516
2,CTDD21,272,-432.5038104528529
2,CTDD21,273,-433.74514684364294
2,CTDD21,274,-433.75661065516545
2,CTDD21,275,-431.4323041756516
2,CTDD21,276,-444.70048587058454
2,CTDD21,277,-424.4799134892186
2,CTDD21,278,-434.1286407659048
2,CTDD21,279,-413.3860704693791
2,CTDD21,280,-411.35572645397497
2,CTDD21,281,-461.6372846506705
2,CTDD21,282,-400.08560758996845
2,CTDD21,283,-405.57330277068814
2,CTDD21,284,-435.56599287749
2,CTDD21,285,-417.79023794392594
2,CTDD21,286,-411.86582769631696
2,CTDD21,287,-427.0009651224161
2,CTDD21,288,-414.9277097571231
2,CTDD21,289,-428.14554898150305
2,CTDD21,290,-423.71529998698406
2,CTDD21,291,-411.9614091879104
2,CTDD21,292,-411.6941320960546
2,CTDD21,293,-432.35874227414
2,CTDD21,294,-425.0553881857361
2,CTDD21,295,-432.741317920502
2,CTDD21,296,-434.84740640851095
2,CTDD21,297,-444.6397982350806
2,CTDD21,298,-434.0863879046297
2,CTDD21,299,-399.9530535589421
3,IF2,0,-362.41814719583135
3,IF2,1,-367.3315547860709
3,IF2,2,-362.3032540044939
3,IF2,3,-375.8803383801336
3,IF2,4,-364.72871517482986
3,IF2,5,-370.96010430657606
3,IF2,6,-367.14168395800647
3,IF2,7,-362.17889634429065
3,IF2,8,-367.5447572454602
3,IF2,9,-371.2965043395231
3,IF2,10,-367.7883845041227
3,IF2,11,-370.8570086813191
3,IF2,12,-378.4087288592187
3,IF2,13,-382.79360136132505
3,IF2,14,-369.5432032062087
3,IF2,15,-366.5588067752954
3,IF2,16,-374.41951977641213
3,IF2,17,-381.8998977352142
3,IF2,18,-370.4876690082725
3,IF2,19,-368.43760914734673
3,IF2,20,-375.4289658972252
3,IF2,21,-368.9401914242145
3,IF2,22,-373.0358602621663
3,IF2,23,-366.2304332793865
3,IF2,24,-362.1375136479099
3,IF2,25,-362.84170178924904
3,IF2,26,-362.2365478921727
3,IF2,27,-368.51985024808266
3,IF2,28,-363.7771833740641
3,IF2,29,-364.6418851307937
3,IF2,30,-366.2887101856861
3,IF2,31,-362.2162463432047
3,IF2,32,-364.2841928532319
3,IF2,33,-370.56694912002314
3,IF2,34,-362.84997621877216
3,IF2,35,-374.63872039084623
3,IF2,36,-366.43846686450996
3,IF2,37,-364.2968873750847
3,IF2,38,-368.2049405859391
3,IF2,39,-373.93247146244596
3,IF2,40,-365.6527402402924
3,IF2,41,-363.23149668213864
3,IF2,42,-361.55965941694893
3,IF2,43,-362.9634589024783
3,IF2,44,-367.02960317174313
3,IF2,45,-367.8743553948247
3,IF2,46,-362.6690084883738
3,IF2,47,-366.2559737237201
3,IF2,48,-373.3398789124832
3,IF2,49,-376.1419288958959
3,IF2,50,-371.5824755435634
3,IF2,51,-375.59492728354724
3,IF2,52,-368.8248121183076
3,IF2,53,-367.0528155447678
3,IF2,54,-364.052532706445
3,IF2,55,-366.01270095022716
3,IF2,56,-370.3311654137302
3,IF2,57,-372.55492014688514
3,IF2,58,-370.1185154210962
3,IF2,59,-366.0778722532812
3,IF2,60,-367.2602572115068
3,IF2,61,-366.0113756477123
3,IF2,62,-365.2064990246538
3,IF2,63,-370.1758158813381
3,IF2,64,-370.29252912635525
3,IF2,65,-369.3740345655121
3,IF2,66,-365.75312497772865
3,IF2,67,-361.91159333345354
3,IF2,68,-361.48399793485277
3,IF2,69,-361.4071302423292
3,IF2,70,-362.5247124311902
3,IF2,71,-365.11048919715205
3,IF2,72,-363.71890370602654
3,IF2,73,-368.9038985197573
3,IF2,74,-366.36001868695496
3,IF2,75,-365.7404807173721
3,IF2,76,-374.181872761045
3,IF2,77,-371.973289397312
3,IF2,78,-369.1435008285979
3,IF2,79,-365.58338470815875
3,IF2,80,-372.2033578865202
3,IF2,81,-370.3742741497767
3,IF2,82,-370.6260939972531
3,IF2,83,-364.33653785546846
3,IF2,84,-365.261491388106
3,IF2,85,-366.04016519047747
3,IF2,86,-361.7441012215728
3,IF2,87,-367.85115200510916
3,IF2,88,-369.34814924853737
3,IF2,89,-366.25293125904705
3,IF2,90,-367.732423241417
3,IF2,91,-363.320047528426
3,IF2,92,-370.20194560544405
3,IF2,93,-362.5902986184589
3,IF2,94,-364.01528651095595
3,IF2,95,-360.60874793380736
3,IF2,96,-369.24605240741175
3,IF2,97,-367.0429201734305
3,IF2,98,-363.61819175266976
3,IF2,99,-367.8237636326362
3,IF2,100,-368.61031797291554
3,IF2,101,-365.59674441178856
3,IF2,102,-368.9568740159351
3,IF2,103,-369.0683274680386
3,IF2,104,-363.5367514123302
3,IF2,105,-364.43624212528107
3,IF2,106,-363.20825196586253
3,IF2,107,-365.61582227290916
3,IF2,108,-366.4914647449825
3,IF2,109,-364.0791791555447
3,IF2,110,-361.2263436772816
3,IF2,111,-362.28703849532377
3,IF2,112,-367.4553994448529
3,IF2,113,-366.50257055928444
3,IF2,114,-365.1179234233033
3,IF2,115,-363.8522954927283
3,IF2,116,-361.3179837688264
3,IF2,117,-364.29326530866166
3,IF2,118,-368.3565632786472
3,IF2,119,-361.7038438683518
3,IF2,120,-360.7005329349903
3,IF2,121,-369.46536352633586
3,IF2,122,-363.2469189306496
3,IF2,123,-370.7101613370875
3,IF2,124,-363.5797246852228
3,IF2,125,-367.78044521938455
3,IF2,126,-364.898099554624
3,IF2,127,-363.07282508091015
3,IF2,128,-360.4469871807997
3,IF2,129,-368.46961920520107
3,IF2,130,-364.4208153648324
3,IF2,131,-365.27162779535416
3,IF2,132,-366.75478319726784
3,IF2,133,-364.6375621901038
3,IF2,134,-363.13964681635616
3,IF2,135,-359.24245276051806
3,IF2,136,-362.18986875313874
3,IF2,137,-363.2237574476592
3,IF2,138,-360.49966866308637
3,IF2,139,-370.33010028833024
3,IF2,140,-359.10668716780157
3,IF2,141,-368.1637208616017
3,IF2,142,-360.8430027031983
3,IF2,143,-357.4943479539672
3,IF2,144,-366.4673047762101
3,IF2,145,-364.59820229184237
3,IF2,146,-366.9685651332907
3,IF2,147,-362.7170353176854
3,IF2,148,-364.5329100080686
3,IF2,149,-367.223939949151
3,IF2,150,-370.0516832810224
3,IF2,151,-368.07695971934197
3,IF2,152,-365.6971528713024
3,IF2,153,-360.6570682164802
3,IF2,154,-367.3569893802864
3,IF2,155,-363.766195798665
3,IF2,156,-360.07603992516016
3,IF2,157,-362.42489088092594
3,IF2,158,-367.0979321654131
3,IF2,159,-363.79327983732
3,IF2,160,-365.21098107706507
3,IF2,161,-365.9499010327847
3,IF2,162,-366.04615487723316
3,IF2,163,-359.7717574366538
3,IF2,164,-366.9826377748525
3,IF2,165,-361.51022349185973
3,IF2,166,-361.34010731382267
3,IF2,167,-365.15097449182485
3,IF2,168,-360.412908919335
3,IF2,169,-356.90291007953874
3,IF2,170,-364.2936979523461
3,IF2,171,-364.3631916025248
3,IF2,172,-369.31627671521215
3,IF2,173,-372.7479566129646
3,IF2,174,-362.1146446761256
3,IF2,175,-360.0438783208802
3,IF2,176,-369.7618677221585
3,IF2,177,-361.2866019719427
3,IF2,178,-364.2631156051176
3,IF2,179,-363.21372260527914
3,IF2,180,-364.4793051645078
3,IF2,181,-361.0367971142654
3,IF2,182,-367.2508403604421
3,IF2,183,-362.9674571335926
3,IF2,184,-362.250530883112
3,IF2,185,-366.96242105802384
3,IF2,186,-361.3971927215241
3,IF2,187,-363.56688182507855
3,IF2,188,-365.1569051013123
3,IF2,189,-366.7358770199156
3,IF2,190,-361.28583050460674
3,IF2,191,-366.018874220929
3,IF2,192,-365.6399858553818
3,IF2,193,-367.83763439373377
3,IF2,194,-362.28779345409316
3,IF2,195,-360.9405815247868
3,IF2,196,-358.8338977606959
3,IF2,197,-362.4894112690873
3,IF2,198,-365.2331110121043
3,IF2,199,-367.9264343563486
3,IF2,200,-366.88863190851157
3,IF2,201,-360.79085003482095
3,IF2,202,-364.53028670336676
3,IF2,203,-368.2079687597522
3,IF2,204,-363.3651893015601
3,IF2,205,-362.3828820622645
3,IF2,206,-365.481094705759
3,IF2,207,-365.91139795734586
3,IF2,208,-363.8154362465127
3,IF2,209,-365.5108042713554
3,IF2,210,-366.46459345587374
3,IF2,211,-363.4798525059072
3,IF2,212,-365.1847216189001
3,IF2,213,-363.2206287066303
3,IF2,214,-366.88819892021473
3,IF2,215,-370.3264283760479
3,IF2,216,-368.8624059198969
3,IF2,217,-361.16644554365394
3,IF2,218,-361.0235106485829
3,IF2,219,-364.36751557718077
3,IF2,220,-364.43201802512846
3,IF2,221,-360.6073616404039
3,IF2,222,-365.7585419138106
3,IF2,223,-361.2358656008086
3,IF2,224,-364.65332935812506
3,IF2,225,-363.4270578622438
3,IF2,226,-362.30840513381065
3,IF2,227,-363.72193896991274
3,IF2,228,-364.0014324363748
3,IF2,229,-366.38025924524175
3,IF2,230,-363.6735128138204
3,IF2,231,-365.0098952077149
3,IF2,232,-367.94302984548125
3,IF2,233,-371.16627610061227
3,IF2,234,-363.7993498029678
3,IF2,235,-367.28769789572397
3,IF2,236,-362.9437823390524
3,IF2,237,-361.3246379130557
3,IF2,238,-361.06464555785715
3,IF2,239,-366.77600658256335
3,IF2,240,-364.62173848545456
3,IF2,241,-363.3943702823181
3,IF2,242,-367.493326354731
3,IF2,243,-363.659353597489
3,IF2,244,-366.76716007901206
3,IF2,245,-365.30412745285156
3,IF2,246,-362.8543241604922
3,IF2,247,-361.9560329352403
3,IF2,248,-363.6335804650355
3,IF2,249,-367.3347394776218
3,IF2,250,-366.6910607027773
3,IF2,251,-363.1338041889348
3,IF2,252,-365.654961910702
3,IF2,253,-366.82601726172675
3,IF2,254,-363.90524904681297
3,IF2,255,-361.90975054417964
3,IF2,256,-361.35522031476154
3,IF2,257,-367.6344900656181
3,IF2,258,-364.46784373981575
3,IF2,259,-368.3142488696766
3,IF2,260,-365.4015255029148
3,IF2,261,-367.18512574998454
3,IF2,262,-364.93517879924843
3,IF2,263,-363.93600891006093
3,IF2,264,-364.290690422117
3,IF2,265,-363.2834795915666
3,IF2,266,-360.92091436876984
3,IF2,267,-366.2390581001008
3,IF2,268,-364.0324140983902
3,IF2,269,-358.15745155884
3,IF2,270,-359.91072851587916
3,IF2,271,-365.1844667004634
3,IF2,272,-368.3155979824938
3,IF2,273,-366.94931869720915
3,IF2,274,-361.0120883816842
3,IF2,275,-366.71597024189504
3,IF2,276,-364.9905847548338
3,IF2,277,-364.1766928991863
3,IF2,278,-360.1145087412439
3,IF2,279,-357.67516318013935
3,IF2,280,-364.6633939091629
3,IF2,281,-361.56113390619606
3,IF2,282,-360.88063638273155
3,IF2,283,-362.67274535434206
3,IF2,284,-363.5785234124741
3,IF2,285,-364.6881039800791
3,IF2,286,-366.85453482363357
3,IF2,287,-358.3511320642327
3,IF2,288,-366.583904548171
3,IF2,289,-361.1446047708571
3,IF2,290,-368.72700646392155
3,IF2,291,-360.92359967539824
3,IF2,292,-359.35716112599624
3,IF2,293,-361.7309028420536
3,IF2,294,-361.2686419744523
3,IF2,295,-363.6075514139425
3,IF2,296,-367.39115337090146
3,IF2,297,-361.0660275863946
3,IF2,298,-366.81520571038055
3,IF2,299,-366.7120276467413
3,IF2,300,-365.5323711147594
3,IF2,301,-363.10867580954863
3,IF2,302,-366.54713872364505
3,IF2,303,-361.81535762337137
3,IF2,304,-368.1361038500624
3,IF2,305,-359.5178504112068
3,IF2,306,-363.1679152804524
3,IF2,307,-368.526104061926
3,IF2,308,-364.57506252120163
3,IF2,309,-364.75659257067116
3,IF2,310,-362.5877731469931
3,IF2,311,-362.15635602966125
3,IF2,312,-364.1230590078248
3,IF2,313,-362.0235884937584
3,IF2,314,-364.525867216077
3,IF2,315,-367.0255737520292
3,IF2,316,-365.9688212378893
3,IF2,317,-366.43038981857717
3,IF2,318,-363.1276236221606
3,IF2,319,-362.6953766393815
3,IF2,320,-364.47395288885804
3,IF2,321,-366.77652925066
3,IF2,322,-365.76419274589676
3,IF2,323,-367.4564113035043
3,IF2,324,-361.75912649217474
3,IF2,325,-364.28237683636036
3,IF2,326,-366.71738045469976
3,IF2,327,-361.74348764121737
3,IF2,328,-362.39276307362553
3,IF2,329,-364.5077881647922
3,IF2,330,-362.6454300974247
3,IF2,331,-368.1849163864512
3,IF2,332,-359.62532716530023
3,IF2,333,-363.15143739112125
3,IF2,334,-366.32064473859225
3,IF2,335,-366.2427266330905
3,IF2,336,-368.20898166334626
3,IF2,337,-363.6686999680544
3,IF2,338,-363.09599345854065
3,IF2,339,-363.3265421579925
3,IF2,340,-366.4101969972746
3,IF2,341,-365.4040416862163
3,IF2,342,-361.00390658034644
3,IF2,343,-365.62443033417657
3,IF2,344,-359.44294931946484
3,IF2,345,-366.9864915466753
3,IF2,346,-362.5368778215525
3,IF2,347,-362.5330943932355
3,IF2,348,-365.3613946981182
3,IF2,349,-366.624110545285
3,IF2,350,-362.4577429207823
3,IF2,351,-362.763864028027
3,IF2,352,-362.42214979552597
3,IF2,353,-366.06648029522944
3,IF2,354,-365.172483910514
3,IF2,355,-363.1363454488013
3,IF2,356,-366.4684166674358
3,IF2,357,-368.47675027959133
3,IF2,358,-363.27278808935375
3,IF2,359,-363.0585803894303
3,IF2,360,-362.0876622324644
3,IF2,361,-360.6067980443965
3,IF2,362,-364.9560551151345
3,IF2,363,-362.95926462541024
3,IF2,364,-357.34560842718776
3,IF2,365,-369.17298503156434
3,IF2,366,-361.17247788341746
3,IF2,367,-364.1435111795292
3,IF2,368,-358.54341927932114
3,IF2,369,-366.35211079108853
3,IF2,370,-364.76028627196735
3,IF2,371,-362.34207344589146
3,IF2,372,-367.27581369612506
3,IF2,373,-365.616043101092
3,IF2,374,-368.4938961886301
3,IF2,375,-363.01095647700924
3,IF2,376,-358.4291537171537
3,IF2,377,-364.9420036080329
3,IF2,378,-367.47190944866685
3,IF2,379,-364.0738778488406
3,IF2,380,-362.74604229686685
3,IF2,381,-362.4627904911649
3,IF2,382,-362.3495214418199
3,IF2,383,-360.7166473493866
3,IF2,384,-366.2300555872005
3,IF2,385,-368.5110361759388
3,IF2,386,-364.85394951182747
3,IF2,387,-364.48774407888754
3,IF2,388,-370.4621641515898
3,IF2,389,-369.95785042944345
3,IF2,390,-368.90275846575224
3,IF2,391,-358.5693595467969
3,IF2,392,-361.0646129840354
3,IF2,393,-363.89292515068405
3,IF2,394,-359.66090490544866
3,IF2,395,-362.6983883047517
3,IF2,396,-363.51573539406144
3,IF2,397,-366.3902838826586
3,IF2,398,-364.9055602427277
3,IF2,399,-364.6847103505984
3,IF2,400,-361.1955611539151
3,IF2,401,-363.39748184333064
3,IF2,402,-367.18968280650336
3,IF2,403,-367.22885049459813
3,IF2,404,-363.8021320786585
3,IF2,405,-365.1298592720143
3,IF2,406,-365.5623938148651
3,IF2,407,-367.089459377596
3,IF2,408,-361.6096978619675
3,IF2,409,-362.14461520117675
3,IF2,410,-365.7249681798769
3,IF2,411,-357.0092487858099
3,IF2,412,-357.8550813982879
3,IF2,413,-364.13304743401665
3,IF2,414,-363.71685778406834
3,IF2,415,-357.75141730458273
3,IF2,416,-366.2096196798865
3,IF2,417,-360.48794189503565
3,IF2,418,-368.43065705484156
3,IF2,419,-362.5948656273963
3,IF2,420,-363.74748060639615
3,IF2,421,-364.6952687048913
3,IF2,422,-365.5286238091454
3,IF2,423,-361.49280312179286
3,IF2,424,-367.09285774504275
3,IF2,425,-368.5381078666638
3,IF2,426,-367.7085233024412
3,IF2,427,-363.62505914185226
3,IF2,428,-359.78416882059014
3,IF2,429,-364.6831711258966
3,IF2,430,-363.7314170755398
3,IF2,431,-361.3230196844909
3,IF2,432,-359.66251108734025
3,IF2,433,-364.01642852347845
3,IF2,434,-364.92435577737535
3,IF2,435,-366.0160758492442
3,IF2,436,-363.7758289993377
3,IF2,437,-360.1697416281481
3,IF2,438,-365.3032136365332
3,IF2,439,-364.1141632332734
3,IF2,440,-368.24862327815646
3,IF2,441,-364.55801625755055
3,IF2,442,-363.1274600082553
3,IF2,443,-366.59658332482894
3,IF2,444,-364.4155770028569
3,IF2,445,-365.808021487139
3,IF2,446,-360.5073316099711
3,IF2,447,-362.2030835145768
3,IF2,448,-366.3734835049579
3,IF2,449,-357.16349935542115
3,IF2,450,-363.7398937548129
3,IF2,451,-365.2423169684898
3,IF2,452,-361.3838893949105
3,IF2,453,-363.16955316003765
3,IF2,454,-361.04786080756793
3,IF2,455,-366.56972343009033
3,IF2,456,-362.17546588171643
3,IF2,457,-368.02874054216
3,IF2,458,-364.5452985694337
3,IF2,459,-363.42391416224905
3,IF2,460,-365.208216491956
3,IF2,461,-364.13135362862437
3,IF2,462,-364.0669071341318
3,IF2,463,-363.2202288896727
3,IF2,464,-367.5527935222603
3,IF2,465,-358.20165289627033
3,IF2,466,-369.32325518432367
3,IF2,467,-361.97036911874267
3,IF2,468,-363.65823469884367
3,IF2,469,-362.0398790779722
3,IF2,470,-362.78719436050255
3,IF2,471,-359.3831922661969
3,IF2,472,-363.9385488757476
3,IF2,473,-360.0662824617667
3,IF2,474,-363.19861411849234
3,IF2,475,-363.32605401438946
3,IF2,476,-362.06690767507007
3,IF2,477,-367.1038799438194
3,IF2,478,-363.28058328819145
3,IF2,479,-363.75847097986247
3,IF2,480,-367.9245477404855
3,IF2,481,-358.82003249178064
3,IF2,482,-366.2308232435632
3,IF2,483,-367.01819108516514
3,IF2,484,-363.8958066633208
3,IF2,485,-362.88764368609026
3,IF2,486,-368.5081813556185
3,IF2,487,-356.9476319663426
3,IF2,488,-364.3134402104702
3,IF2,489,-361.205753743735
3,IF2,490,-364.3947211214775
3,IF2,491,-363.86666832797465
3,IF2,492,-367.2430918566347
3,IF2,493,-365.49023950630726
3,IF2,494,-366.5747911445288
3,IF2,495,-368.4946927800277
3,IF2,496,-370.14384002728184
3,IF2,497,-363.6223952407687
3,IF2,498,-368.2523735845324
3,IF2,499,-365.25212645592546
3,IF2,500,-364.2884856430888
3,IF2,501,-363.49088647676444
3,IF2,502,-362.6786648634432
3,IF2,503,-359.7032157118369
3,IF2,504,-369.4230161152606
3,IF2,505,-363.43630157439355
3,IF2,506,-367.2699593584944
3,IF2,507,-360.61453725600165
3,IF2,508,-367.66642528749605
3,IF2,509,-360.9403140948172
3,IF2,510,-369.9679322222906
3,IF2,511,-366.5388111207846
3,IF2,512,-362.5833305058497
3,IF2,513,-369.3927984791339
3,IF2,514,-362.27050209613736
3,IF2,515,-365.35983325780245
3,IF2,516,-362.9035048974059
3,IF2,517,-364.7778697135047
3,IF2,518,-366.6786245628333
3,IF2,519,-362.4903926680155
3,IF2,520,-364.60191874763086
3,IF2,521,-363.87464683403795
3,IF2,522,-359.6611790306531
3,IF2,523,-361.9291983274969
3,IF2,524,-368.7868390842983
3,IF2,525,-365.1564623673323
3,IF2,526,-368.0589509000436
3,IF2,527,-368.64624650245696
3,IF2,528,-363.78606355625544
3,IF2,529,-359.0961096446244
3,IF2,530,-365.8644546854302
3,IF2,531,-366.75373243418807
3,IF2,532,-363.63609643321746
3,IF2,533,-362.645932993904
3,IF2,534,-367.5424197527309
3,IF2,535,-366.37983314719844
3,IF2,536,-364.6969098334313
3,IF2,537,-357.6520986078458
3,IF2,538,-367.27297682221973
3,IF2,539,-361.2667465557781
3,IF2,540,-368.1282396794413
3,IF2,541,-364.29408703728063
3,IF2,542,-362.1210899351934
3,IF2,543,-366.96191070103805
3,IF2,544,-364.43572115179876
3,IF2,545,-366.20426386722335
3,IF2,546,-364.0541038763277
3,IF2,547,-363.9652426098889
3,IF2,548,-364.8968448952261
3,IF2,549,-367.1019125451303
3,IF2,550,-364.5400598834203
3,IF2,551,-362.80533833459464
3,IF2,552,-367.1158240303655
3,IF2,553,-364.02625661195606
3,IF2,554,-362.3369029269935
3,IF2,555,-361.9476588118723
3,IF2,556,-363.624677635376
3,IF2,557,-362.858081131993
3,IF2,558,-367.59466830447053
3,IF2,559,-365.25134192001786
3,IF2,560,-362.18147530743704
3,IF2,561,-361.8137786671268
3,IF2,562,-365.6069464200511
3,IF2,563,-364.8479120930559
3,IF2,564,-369.4057989718379
3,IF2,565,-359.7591025162054
3,IF2,566,-361.2267887514012
3,IF2,567,-361.77808953398375
3,IF2,568,-361.8429058718723
3,IF2,569,-363.668100372907
3,IF2,570,-363.9666546230251
3,IF2,571,-360.4064545960389
3,IF2,572,-363.46508813779235
3,IF2,573,-358.6942023367905
3,IF2,574,-367.1623636716895
3,IF2,575,-365.0026632853216
3,IF2,576,-366.4657256135011
3,IF2,577,-362.33209694702805
3,IF2,578,-364.01828563980513
3,IF2,579,-362.0362496874082
3,IF2,580,-366.2523723406318
3,IF2,581,-364.3936978582998
3,IF2,582,-366.44587021811174
3,IF2,583,-362.9224343935559
3,IF2,584,-368.4115980227069
3,IF2,585,-365.44179448893794
3,IF2,586,-357.92290316201775
3,IF2,587,-365.0648108537602
3,IF2,588,-367.89308274894404
3,IF2,589,-366.5590171457436
3,IF2,590,-367.00598181572053
3,IF2,591,-363.48588605305633
3,IF2,592,-359.53845951351406
3,IF2,593,-362.53504274293664
3,IF2,594,-360.17597830307494
3,IF2,595,-363.45329171679947
3,IF2,596,-364.99978450850523
3,IF2,597,-363.0837293411667
3,IF2,598,-373.73017434808884
3,IF2,599,-369.37338435060616
3,IFAD,0,-368.893547857223
3,IFAD,1,-369.0032606113215
3,IFAD,2,-361.93074880677403
3,IFAD,3,-368.4087601245445
3,IFAD,4,-362.8362253911409
3,IFAD,5,-369.5020932279304
3,IFAD,6,-372.68871096144267
3,IFAD,7,-368.08289955339546
3,IFAD,8,-360.6777907601467
3,IFAD,9,-371.7365974097522
3,IFAD,10,-360.5543018064728
3,IFAD,11,-358.097485152779
3,IFAD,12,-361.2961069902039
3,IFAD,13,-361.74367197130914
3,IFAD,14,-372.73574606149157
3,IFAD,15,-369.7248985026191
3,IFAD,16,-363.8949201685865
3,IFAD,17,-368.55735108636645
3,IFAD,18,-366.82827859101553
3,IFAD,19,-373.5314715972714
3,IFAD,20,-367.5420184772161
3,IFAD,21,-366.0904619787996
3,IFAD,22,-356.32106494966666
3,IFAD,23,-361.809424414836
3,IFAD,24,-362.4996274502585
3,IFAD,25,-358.89465232028545
3,IFAD,26,-378.8597651364906
3,IFAD,27,-359.8100000660495
3,IFAD,28,-369.6334289925004
3,IFAD,29,-369.8475910607938
3,IFAD,30,-365.83925222814315
3,IFAD,31,-363.5774776729583
3,IFAD,32,-359.6654583604144
3,IFAD,33,-363.7264548175372
3,IFAD,34,-365.21202601745716
3,IFAD,35,-370.72775094668594
3,IFAD,36,-362.9218189085057
3,IFAD,37,-368.0857039211693
3,IFAD,38,-363.16901125927023
3,IFAD,39,-369.72358556804033
3,IFAD,40,-366.0383619014564
3,IFAD,41,-365.5127846886135
3,IFAD,42,-361.77603297108374
3,IFAD,43,-357.76949354507354
3,IFAD,44,-363.4943003551962
3,IFAD,45,-366.4705591961924
3,IFAD,46,-367.5890609364675
3,IFAD,47,-364.9411737791834
3,IFAD,48,-361.353998858846
3,IFAD,49,-366.0917162770441
3,IFAD,50,-371.85309048303
3,IFAD,51,-361.8685537144773
3,IFAD,52,-367.3678869494385
3,IFAD,53,-366.18976078125223
3,IFAD,54,-364.5422569673548
3,IFAD,55,-364.58134451158116
3,IFAD,56,-366.37723027947766
3,IFAD,57,-367.57268322731215
3,IFAD,58,-365.73435407839554
3,IFAD,59,-368.91931578991034
3,IFAD,60,-364.3338661147079
3,IFAD,61,-367.84140138642334
3,IFAD,62,-365.9238274752607
3,IFAD,63,-376.75098546838734
3,IFAD,64,-371.37771544366194
3,IFAD,65,-369.99249559816633
3,IFAD,66,-380.1167792125678
3,IFAD,67,-374.82730941576614
3,IFAD,68,-368.8879789278413
3,IFAD,69,-366.63788715856543
3,IFAD,70,-365.9105572776311
3,IFAD,71,-365.02819916175264
3,IFAD,72,-358.78109701685077
3,IFAD,73,-362.10308642669446
3,IFAD,74,-365.2421425103229
3,IFAD,75,-371.994418809313
3,IFAD,76,-372.01250715673217
3,IFAD,77,-369.68194211617987
3,IFAD,78,-375.7208288136026
3,IFAD,79,-372.31936947392086
3,IFAD,80,-370.02704375461184
3,IFAD,81,-377.90674543993094
3,IFAD,82,-375.1315625275117
3,IFAD,83,-372.00506897171215
3,IFAD,84,-366.55058947355866
3,IFAD,85,-366.6331956169644
3,IFAD,86,-375.3867012496704
3,IFAD,87,-374.286759201918
3,IFAD,88,-379.29738036342326
3,IFAD,89,-375.08100587281166
3,IFAD,90,-375.6741014900759
3,IFAD,91,-379.40331750252415
3,IFAD,92,-371.9415499973627
3,IFAD,93,-374.04264515972113
3,IFAD,94,-370.82046920428803
3,IFAD,95,-372.8477568460057
3,IFAD,96,-370.5120894945718
3,IFAD,97,-376.0296794875474
3,IFAD,98,-370.6544220088595
3,IFAD,99,-372.94466062221767
3,IFAD,100,-365.60682431161615
3,IFAD,101,-364.34179438646925
3,IFAD,102,-366.9208328624096
3,IFAD,103,-367.491467714024
3,IFAD,104,-369.9075027123099
3,IFAD,105,-362.57593961832
3,IFAD,106,-364.4784382576667
3,IFAD,107,-362.113050080853
3,IFAD,108,-360.69821186655565
3,IFAD,109,-365.0639403066174
3,IFAD,110,-368.0798641263655
3,IFAD,111,-363.8087342065661
3,IFAD,112,-362.37305646742595
3,IFAD,113,-360.7735803658516
3,IFAD,114,-361.83117579464823
3,IFAD,115,-368.3514790684436
3,IFAD,116,-364.61986254382737
3,IFAD,117,-364.3779608265077
3,IFAD,118,-365.9670480381971
3,IFAD,119,-363.5303318487517
3,IFAD,120,-363.8330530257692
3,IFAD,121,-360.7200637189307
3,IFAD,122,-367.9506439163139
3,IFAD,123,-361.41602069586463
3,IFAD,124,-364.26065977308406
3,IFAD,125,-366.78849242518464
3,IFAD,126,-362.61023665747445
3,IFAD,127,-362.63723325692206
3,IFAD,128,-360.96922083869003
3,IFAD,129,-366.3989625370746
3,IFAD,130,-363.85213656590406
3,IFAD,131,-358.97931522312234
3,IFAD,132,-365.70738088931654
3,IFAD,133,-365.51529193964996
3,IFAD,134,-362.55746013422925
3,IFAD,135,-358.2743642953167
3,IFAD,136,-360.4028720436521
3,IFAD,137,-361.1108883696856
3,IFAD,138,-365.86184254313855
3,IFAD,139,-362.4572148017473
3,IFAD,140,-360.3859665901884
3,IFAD,141,-358.8399359807621
3,IFAD,142,-363.02438487072374
3,IFAD,143,-364.5170778640489
3,IFAD,144,-362.42288915593497
3,IFAD,145,-364.5754230025423
3,IFAD,146,-352.3972366291485
3,IFAD,147,-362.81920658357586
3,IFAD,148,-360.75743625193104
3,IFAD,149,-361.49332881898493
3,IFAD,150,-364.23596834957766
3,IFAD,151,-364.79765342546193
3,IFAD,152,-360.7555187506116
3,IFAD,153,-363.9012067256712
3,IFAD,154,-368.2658299282882
3,IFAD,155,-365.6547658225529
3,IFAD,156,-361.1915543749545
3,IFAD,157,-360.20995426433205
3,IFAD,158,-362.43077297427055
3,IFAD,159,-365.4928642770423
3,IFAD,160,-363.9307501991958
3,IFAD,161,-362.99699550074104
3,IFAD,162,-362.92204524606615
3,IFAD,163,-362.29572096455576
3,IFAD,164,-359.6076632853003
3,IFAD,165,-360.83734368394704
3,IFAD,166,-363.3257812484035
3,IFAD,167,-362.4211127701903
3,IFAD,168,-360.7596776387644
3,IFAD,169,-367.85083950636107
3,IFAD,170,-361.14868575020665
3,IFAD,171,-362.7829839873832
3,IFAD,172,-362.0999958851363
3,IFAD,173,-357.39906857927195
3,IFAD,174,-359.2578151136804
3,IFAD,175,-362.6235557596236
3,IFAD,176,-362.8033110656751
3,IFAD,177,-368.6667725386942
3,IFAD,178,-364.0884591759426
3,IFAD,179,-363.18672903922743
3,IFAD,180,-360.86904077441574
3,IFAD,181,-358.19771065045086
3,IFAD,182,-363.7818439326395
3,IFAD,183,-363.02482310139203
3,IFAD,184,-360.99635922655676
3,IFAD,185,-362.92853960877943
3,IFAD,186,-364.74568195236816
3,IFAD,187,-360.7853600808859
3,IFAD,188,-364.8772614445931
3,IFAD,189,-364.2636267299471
3,IFAD,190,-366.07492575782067
3,IFAD,191,-368.3874350060615
3,IFAD,192,-366.1413808362221
3,IFAD,193,-363.371130267889
3,IFAD,194,-360.9845050005451
3,IFAD,195,-361.3911593832291
3,IFAD,196,-361.4480535098892
3,IFAD,197,-362.2762563132069
3,IFAD,198,-363.0829987375061
3,IFAD,199,-361.297206909686
3,IFAD,200,-367.94171677816973
3,IFAD,201,-368.1431939434469
3,IFAD,202,-360.93575083891847
3,IFAD,203,-358.3012989458322
3,IFAD,204,-362.57740237775505
3,IFAD,205,-366.31158147799215
3,IFAD,206,-360.40833245327053
3,IFAD,207,-365.5852834806452
3,IFAD,208,-362.6644318825215
3,IFAD,209,-363.21107161952364
3,IFAD,210,-364.9742400285411
3,IFAD,211,-362.91086248137395
3,IFAD,212,-363.58401809877176
3,IFAD,213,-369.13908046145184
3,IFAD,214,-365.03117833660406
3,IFAD,215,-367.18237329724707
3,IFAD,216,-367.55461194750904
3,IFAD,217,-362.37961285985375
3,IFAD,218,-362.7706847951738
3,IFAD,219,-361.8274668515796
3,IFAD,220,-364.8339435699238
3,IFAD,221,-356.8011958700788
3,IFAD,222,-359.97458907956053
3,IFAD,223,-362.8552174943274
3,IFAD,224,-362.8636601174952
3,IFAD,225,-363.77497302629985
3,IFAD,226,-365.17469663185125
3,IFAD,227,-363.87985725408635
3,IFAD,228,-358.35739587987274
3,IFAD,229,-360.5913693785601
3,IFAD,230,-363.3215116739075
3,IFAD,231,-366.032742006019
3,IFAD,232,-368.6010433900362
3,IFAD,233,-362.26511211841023
3,IFAD,234,-362.7636798009473
3,IFAD,235,-363.90175318776494
3,IFAD,236,-363.060678971062
3,IFAD,237,-361.8628328627981
3,IFAD,238,-360.46927579629227
3,IFAD,239,-361.7938301118687
3,IFAD,240,-363.1914040329439
3,IFAD,241,-366.2313119133981
3,IFAD,242,-364.94721522357924
3,IFAD,243,-368.77845215825744
3,IFAD,244,-361.3193150943718
3,IFAD,245,-365.27200050065045
3,IFAD,246,-361.3129873926863
3,IFAD,247,-359.1361676804941
3,IFAD,248,-356.8601610100954
3,IFAD,249,-362.4167520814576
3,IFAD,250,-364.4740199666015
3,IFAD,251,-363.6106737376679
3,IFAD,252,-356.45088668798496
3,IFAD,253,-362.2736658706533
3,IFAD,254,-364.8254876221003
3,IFAD,255,-364.38080803278757
3,IFAD,256,-369.2055877035449
3,IFAD,257,-368.732258661491
3,IFAD,258,-359.7469203304143
3,IFAD,259,-357.6416246828126
3,IFAD,260,-360.8486346965268
3,IFAD,261,-367.25360237085613
3,IFAD,262,-364.2438748421526
3,IFAD,263,-362.0087073263279
3,IFAD,264,-366.35997165397
3,IFAD,265,-364.88527082379164
3,IFAD,266,-363.23956511533135
3,IFAD,267,-366.6160369430221
3,IFAD,268,-367.1866990774385
3,IFAD,269,-363.4425352175636
3,IFAD,270,-361.50707096467335
3,IFAD,271,-361.4183499325845
3,IFAD,272,-363.235387274052
3,IFAD,273,-362.06552777122204
3,IFAD,274,-364.5680200430977
3,IFAD,275,-362.14127270023846
3,IFAD,276,-363.8081145709181
3,IFAD,277,-359.53990938549595
3,IFAD,278,-362.30601897892205
3,IFAD,279,-369.5562282794187
3,IFAD,280,-362.6170861357378
3,IFAD,281,-364.18910090249
3,IFAD,282,-361.13557803560303
3,IFAD,283,-363.56849280410177
3,IFAD,284,-365.3073658611165
3,IFAD,285,-365.55232215748686
3,IFAD,286,-361.88864363538295
3,IFAD,287,-364.6236842946976
3,IFAD,288,-367.72772542852306
3,IFAD,289,-363.8634595506219
3,IFAD,290,-361.7037064015956
3,IFAD,291,-364.188177594731
3,IFAD,292,-371.25655520969565
3,IFAD,293,-362.6717505952543
3,IFAD,294,-362.40598835068164
3,IFAD,295,-365.88505103157877
3,IFAD,296,-357.92709643369324
3,IFAD,297,-365.357469331607
3,IFAD,298,-365.5106786380207
3,IFAD,299,-364.78149559027344
3,IFAD,300,-362.66060950734715
3,IFAD,301,-366.0255590371388
3,IFAD,302,-364.8691447342346
3,IFAD,303,-362.1211773842677
3,IFAD,304,-361.63987847391695
3,IFAD,305,-361.8468381249737
3,IFAD,306,-363.3349052183246
3,IFAD,307,-365.12641491504206
3,IFAD,308,-357.37541708528784
3,IFAD,309,-366.33922686250423
3,IFAD,310,-362.8411348652672
3,IFAD,311,-363.6997433207793
3,IFAD,312,-363.7590721316331
3,IFAD,313,-363.7270419336626
3,IFAD,314,-361.60861101555224
3,IFAD,315,-366.09751316071544
3,IFAD,316,-362.1426153258812
3,IFAD,317,-365.2882517800005
3,IFAD,318,-358.25755642859946
3,IFAD,319,-361.10715725682115
3,IFAD,320,-363.64292770037326
3,IFAD,321,-359.4432584069424
3,IFAD,322,-363.2122966718302
3,IFAD,323,-360.9702561319355
3,IFAD,324,-363.1499165512087
3,IFAD,325,-365.22402090913414
3,IFAD,326,-362.0435392295781
3,IFAD,327,-363.7711147851267
3,IFAD,328,-362.37780290659407
3,IFAD,329,-367.26032391834565
3,IFAD,330,-361.9936183239319
3,IFAD,331,-364.0694178645244
3,IFAD,332,-362.90905026109306
3,IFAD,333,-361.9360200664555
3,IFAD,334,-363.25375634275446
3,IFAD,335,-366.25356639476973
3,IFAD,336,-362.1765504438224
3,IFAD,337,-368.76009038620833
3,IFAD,338,-362.76455657843974
3,IFAD,339,-359.9613919738023
3,IFAD,340,-365.9264235607422
3,IFAD,341,-362.41758519505754
3,IFAD,342,-365.14149625112435
3,IFAD,343,-364.240380609201
3,IFAD,344,-365.6610157301462
3,IFAD,345,-362.3803168023969
3,IFAD,346,-365.06166945365635
3,IFAD,347,-364.8270560904522
3,IFAD,348,-364.9248869857904
3,IFAD,349,-366.16805239925185
3,IFAD,350,-366.73534302611733
3,IFAD,351,-363.5445122984162
3,IFAD,352,-361.99509163308585
3,IFAD,353,-364.1629680969323
3,IFAD,354,-365.26237220897167
3,IFAD,355,-359.6414922741061
3,IFAD,356,-356.37880098016313
3,IFAD,357,-359.93874249021866
3,IFAD,358,-359.7097251841856
3,IFAD,359,-364.57822148053094
3,IFAD,360,-362.63611995417153
3,IFAD,361,-362.18691894610254
3,IFAD,362,-365.6543450516671
3,IFAD,363,-363.25077071980047
3,IFAD,364,-363.06820464934174
3,IFAD,365,-358.5685434605115
3,IFAD,366,-365.81253517207114
3,IFAD,367,-361.31759246912475
3,IFAD,368,-364.39519589688337
3,IFAD,369,-363.80519026477117
3,IFAD,370,-365.9713349780309
3,IFAD,371,-364.5159435877372
3,IFAD,372,-367.0362507253828
3,IFAD,373,-359.98311285565865
3,IFAD,374,-363.8368741565879
3,IFAD,375,-365.5815357440815
3,IFAD,376,-362.5190287106328
3,IFAD,377,-366.65255142588876
3,IFAD,378,-367.4472853537176
3,IFAD,379,-362.0208612104399
3,IFAD,380,-365.279353456933
3,IFAD,381,-365.54873895598695
3,IFAD,382,-366.9892442118309
3,IFAD,383,-367.37672756523074
3,IFAD,384,-358.81658803745034
3,IFAD,385,-362.18232053969274
3,IFAD,386,-365.6269309735331
3,IFAD,387,-363.01094933931824
3,IFAD,388,-363.9717093504359
3,IFAD,389,-363.2969981039524
3,IFAD,390,-359.9038748668269
3,IFAD,391,-358.56075407968825
3,IFAD,392,-360.8791604447388
3,IFAD,393,-364.3781209796791
3,IFAD,394,-361.3721004435945
3,IFAD,395,-362.016185437646
3,IFAD,396,-362.92438471418876
3,IFAD,397,-362.80824496750375
3,IFAD,398,-361.81126872285296
3,IFAD,399,-362.55349450837207
3,DS19,0,-376.8279669918167
3,DS19,1,-384.3360914821101
3,DS19,2,-388.25755640146195
3,DS19,3,-390.7152345035884
3,DS19,4,-367.20744698844265
3,DS19,5,-381.26237721773225
3,DS19,6,-382.98213336390137
3,DS19,7,-386.2943721357871
3,DS19,8,-390.3680312895367
3,DS19,9,-379.92785561003234
3,DS19,10,-379.2417512410318
3,DS19,11,-382.51721602634143
3,DS19,12,-381.4751333224345
3,DS19,13,-384.63574397192406
3,DS19,14,-376.836763768825
3,DS19,15,-371.7049897600535
3,DS19,16,-382.16660881418824
3,DS19,17,-380.2526765466298
3,DS19,18,-375.19687900337345
3,DS19,19,-370.29440427435213
3,DS19,20,-380.2141061977634
3,DS19,21,-383.5731532837632
3,DS19,22,-388.326654734658
3,DS19,23,-372.435939788781
3,DS19,24,-370.0151716578074
3,DS19,25,-378.54220548261026
3,DS19,26,-371.6379148283098
3,DS19,27,-378.34478039504387
3,DS19,28,-375.9609170700106
3,DS19,29,-372.082614500723
3,DS19,30,-380.1806424435146
3,DS19,31,-371.39387485570455
3,DS19,32,-382.0158355894275
3,DS19,33,-381.80786098077266
3,DS19,34,-370.99581328217215
3,DS19,35,-367.6916026405382
3,DS19,36,-388.59016434210463
3,DS19,37,-384.5269910713888
3,DS19,38,-387.79796044708417
3,DS19,39,-379.78463786919036
3,DS19,40,-372.5395991016693
3,DS19,41,-373.49696818807627
3,DS19,42,-371.8769102151081
3,DS19,43,-375.74333302892103
3,DS19,44,-391.68014630178067
3,DS19,45,-363.09294594971936
3,DS19,46,-383.32454430505254
3,DS19,47,-367.1255408042999
3,DS19,48,-376.4619908412933
3,DS19,49,-370.55250301728887
3,DS19,50,-374.3485532344084
3,DS19,51,-374.2563703741448
3,DS19,52,-377.3641696755355
3,DS19,53,-375.35075466782257
3,DS19,54,-385.42925527081076
3,DS19,55,-381.53388128636595
3,DS19,56,-383.38505369627813
3,DS19,57,-381.62848123748915
3,DS19,58,-371.68119504527385
3,DS19,59,-380.41043497373784
3,DS19,60,-373.2099481921772
3,DS19,61,-374.8232822674032
3,DS19,62,-375.37564994023677
3,DS19,63,-367.26861189937875
3,DS19,64,-387.16566439750807
3,DS19,65,-383.5854617263666
3,DS19,66,-377.3926998361758
3,DS19,67,-371.9330575917047
3,DS19,68,-378.159639105052
3,DS19,69,-379.17272433246296
3,DS19,70,-378.2493776415583
3,DS19,71,-376.3637260543981
3,DS19,72,-379.4185486988062
3,DS19,73,-372.5410780089179
3,DS19,74,-386.3883523095228
3,DS19,75,-374.6054065438192
3,DS19,76,-378.7895317527881
3,DS19,77,-377.0388385503467
3,DS19,78,-371.1469496909974
3,DS19,79,-376.5448800822713
3,DS19,80,-381.99029398901683
3,DS19,81,-385.48215523630176
3,DS19,82,-365.8434890243791
3,DS19,83,-371.8136937092782
3,DS19,84,-371.76724540675656
3,DS19,85,-376.57671722115975
3,DS19,86,-375.81759521890825
3,DS19,87,-382.08399851607834
3,DS19,88,-377.2370699819362
3,DS19,89,-373.86872070454615
3,DS19,90,-378.9633149318802
3,DS19,91,-376.44513812535973
3,DS19,92,-389.8208678366274
3,DS19,93,-375.09629543834706
3,DS19,94,-357.0326313475246
3,DS19,95,-383.3212381685011
3,DS19,96,-383.60150089538547
3,DS19,97,-373.8312182368462
3,DS19,98,-387.64165413164756
3,DS19,99,-374.2486336501495
3,DS19,100,-389.41561289813154
3,DS19,101,-377.9869823693616
3,DS19,102,-364.55206334601155
3,DS19,103,-380.9861875789114
3,DS19,104,-377.4045564525838
3,DS19,105,-370.7640208857556
3,DS19,106,-365.5112853030163
3,DS19,107,-377.1903420770306
3,DS19,108,-365.63726559956376
3,DS19,109,-371.91334572679125
3,DS19,110,-367.367329880812
3,DS19,111,-378.5821772221164
3,DS19,112,-376.0977639482122
3,DS19,113,-384.8621991451075
3,DS19,114,-382.4139300999061
3,DS19,115,-370.96234631511845
3,DS19,116,-375.1977639144385
3,DS19,117,-375.65156828403525
3,DS19,118,-373.01553257824503
3,DS19,119,-371.78641902952495
3,DS19,120,-370.34763612353737
3,DS19,121,-369.634148252209
3,DS19,122,-375.20510674430733
3,DS19,123,-374.1821294523906
3,DS19,124,-384.6790164194726
3,DS19,125,-377.3465229174558
3,DS19,126,-368.1109793653154
3,DS19,127,-362.77698638476784
3,DS19,128,-379.68309896100953
3,DS19,129,-368.80556188518614
3,DS19,130,-369.9275489212799
3,DS19,131,-372.2442912886213
3,DS19,132,-380.2676543964515
3,DS19,133,-387.91872713013504
3,DS19,134,-370.8600540132747
3,DS19,135,-376.64717538062234
3,DS19,136,-368.4171054578371
3,DS19,137,-380.04845525391596
3,DS19,138,-384.3199022873567
3,DS19,139,-372.8401072621815
3,DS19,140,-378.51069834415557
3,DS19,141,-376.5231060882893
3,DS19,142,-365.0580063723744
3,DS19,143,-366.001455215162
3,DS19,144,-366.5382024991398
3,DS19,145,-374.3137646223638
3,DS19,146,-356.0584177364885
3,DS19,147,-385.1773102683745
3,DS19,148,-377.4383917568479
3,DS19,149,-373.88763909649697
3,DS19,150,-370.15491127148607
3,DS19,151,-377.2517689294574
3,DS19,152,-379.7973839145306
3,DS19,153,-380.5732339257211
3,DS19,154,-379.1194556722039
3,DS19,155,-373.8824301322596
3,DS19,156,-374.8436913531725
3,DS19,157,-381.233221015234
3,DS19,158,-372.14886962847766
3,DS19,159,-385.03155131462785
3,DS19,160,-376.5388267929797
3,DS19,161,-373.3337643366576
3,DS19,162,-380.7376934127335
3,DS19,163,-359.7407889130513
3,DS19,164,-389.6920995392961
3,DS19,165,-378.8510526655874
3,DS19,166,-365.5424032762531
3,DS19,167,-380.2779627480236
3,DS19,168,-385.1955379715127
3,DS19,169,-377.0525709980475
3,DS19,170,-369.2688369323573
3,DS19,171,-379.59146601432155
3,DS19,172,-378.7541979767303
3,DS19,173,-375.89233666824003
3,DS19,174,-375.44554589600864
3,DS19,175,-376.9404568087163
3,DS19,176,-383.3573994988679
3,DS19,177,-363.2096351377239
3,DS19,178,-374.6566298115216
3,DS19,179,-381.5613698832822
3,DS19,180,-383.7918098171769
3,DS19,181,-380.94194569101467
3,DS19,182,-383.64456838800385
3,DS19,183,-373.9184909927558
3,DS19,184,-383.90866279798286
3,DS19,185,-376.2243995941548
3,DS19,186,-375.09566574045266
3,DS19,187,-373.9302690948148
3,DS19,188,-371.91114629402495
3,DS19,189,-385.3789604993126
3,DS19,190,-378.37993550242174
3,DS19,191,-372.518928243901
3,DS19,192,-373.6128575745224
3,DS19,193,-373.97687208858497
3,DS19,194,-365.50190440260855
3,DS19,195,-380.19030688243146
3,DS19,196,-382.1330029691113
3,DS19,197,-379.63564763686793
3,DS19,198,-371.238670025524
3,DS19,199,-378.5283276750454
3,DS19,200,-367.4611201072332
3,DS19,201,-381.55736290742436
3,DS19,202,-373.04047654270676
3,DS19,203,-376.47449787478865
3,DS19,204,-379.6664546858358
3,DS19,205,-371.1379847068537
3,DS19,206,-372.50718316936377
3,DS19,207,-382.42582436338176
3,DS19,208,-381.34356764769575
3,DS19,209,-368.70178146851043
3,DS19,210,-371.7707221070838
3,DS19,211,-371.2593741604756
3,DS19,212,-376.54096772569204
3,DS19,213,-387.9441613544561
3,DS19,214,-375.2150694181868
3,DS19,215,-371.0853956791928
3,DS19,216,-386.7549618928995
3,DS19,217,-380.4603237137027
3,DS19,218,-373.31077837121666
3,DS19,219,-366.11684603016613
3,DS19,220,-379.51534170913635
3,DS19,221,-389.2272942398419
3,DS19,222,-378.1825679131768
3,DS19,223,-373.5877871861692
3,DS19,224,-372.5066029127382
3,DS19,225,-368.6083413052757
3,DS19,226,-378.6074441425521
3,DS19,227,-378.8479858474163
3,DS19,228,-378.59960777243896
3,DS19,229,-378.1091566172448
3,DS19,230,-368.93855770245716
3,DS19,231,-372.48777755477755
3,DS19,232,-369.4941295106099
3,DS19,233,-376.86602067794325
3,DS19,234,-382.6362117386126
3,DS19,235,-391.31259402097976
3,DS19,236,-373.50135826176415
3,DS19,237,-389.43496395479985
3,DS19,238,-384.8509785058741
3,DS19,239,-380.19152682137786
3,DS19,240,-379.0702255436943
3,DS19,241,-374.0887844161744
3,DS19,242,-373.5677919896088
3,DS19,243,-374.4240014170167
3,DS19,244,-377.31094738832485
3,DS19,245,-363.98538938764153
3,DS19,246,-371.335604954501
3,DS19,247,-369.9018531482739
3,DS19,248,-376.27843051634125
3,DS19,249,-370.0573806985905
3,DS19,250,-367.5673457253009
3,DS19,251,-383.1326786916135
3,DS19,252,-390.09369570203
3,DS19,253,-373.5316355728502
3,DS19,254,-374.2270731233198
3,DS19,255,-375.993090676463
3,DS19,256,-368.1788832013417
3,DS19,257,-383.06302126976897
3,DS19,258,-364.77897455227685
3,DS19,259,-376.596113851674
3,DS19,260,-378.8295186164861
3,DS19,261,-370.56236650151806
3,DS19,262,-386.0906887405995
3,DS19,263,-371.045787118286
3,DS19,264,-379.7170424088471
3,DS19,265,-371.1751091469826
3,DS19,266,-382.7012070319421
3,DS19,267,-379.62192574741164
3,DS19,268,-384.8334102426857
3,DS19,269,-377.76177306480406
3,DS19,270,-369.21179923243085
3,DS19,271,-367.58585484056255
3,DS19,272,-370.7641032418398
3,DS19,273,-383.1909972062764
3,DS19,274,-375.7167495334247
3,DS19,275,-372.92874456893594
3,DS19,276,-364.9043552469455
3,DS19,277,-379.53063732637816
3,DS19,278,-374.0368690386566
3,DS19,279,-378.5592828084428
3,DS19,280,-383.02067736296885
3,DS19,281,-375.47286171857985
3,DS19,282,-375.1178963003713
3,DS19,283,-373.3822775807226
3,DS19,284,-375.1574640100985
3,DS19,285,-373.18792038291434
3,DS19,286,-376.34705408799493
3,DS19,287,-376.4021379893102
3,DS19,288,-385.3704999475366
3,DS19,289,-369.482218732296
3,DS19,290,-379.60980321535993
3,DS19,291,-382.2047522778852
3,DS19,292,-380.24411544548855
3,DS19,293,-389.7938331024165
3,DS19,294,-370.134889536618
3,DS19,295,-372.1297285986713
3,DS19,296,-370.99158120042915
3,DS19,297,-374.46664529714224
3,DS19,298,-372.40717408256546
3,DS19,299,-384.88564592444277
3,CTDD21,0,-451.7848783957479
3,CTDD21,1,-419.5428741572522
3,CTDD21,2,-419.0099048169009
3,CTDD21,3,-423.81160644079387
3,CTDD21,4,-438.966061624749
3,CTDD21,5,-424.7273574377217
3,CTDD21,6,-452.4009375726165
3,CTDD21,7,-423.25521268597277
3,CTDD21,8,-440.1567855129946
3,CTDD21,9,-420.8740553291809
3,CTDD21,10,-411.31575718642074
3,CTDD21,11,-416.9348628153646
3,CTDD21,12,-423.6203035332121
3,CTDD21,13,-420.40352339840854
3,CTDD21,14,-434.17572563244164
3,CTDD21,15,-442.52079216114726
3,CTDD21,16,-445.26135331092513
3,CTDD21,17,-442.16992745266305
3,CTDD21,18,-410.51156216261495
3,CTDD21,19,-415.2302600696129
3,CTDD21,20,-443.9652393953164
3,CTDD21,21,-425.8849989422467
3,CTDD21,22,-437.9116243689299
3,CTDD21,23,-411.11483673747335
3,CTDD21,24,-418.54366212597495
3,CTDD21,25,-419.0740448641932
3,CTDD21,26,-424.791880173082
3,CTDD21,27,-428.9103449515736
3,CTDD21,28,-412.6507626768228
3,CTDD21,29,-414.22014758241005
3,CTDD21,30,-422.50833325353904
3,CTDD21,31,-396.23252955863234
3,CTDD21,32,-439.6712893689778
3,CTDD21,33,-448.8520279703521
3,CTDD21,34,-406.42005218711734
3,CTDD21,35,-435.8787541676877
3,CTDD21,36,-404.9392951001302
3,CTDD21,37,-408.7750366325754
3,CTDD21,38,-395.24488816456517
3,CTDD21,39,-424.0010430169761
3,CTDD21,40,-441.256775058331
3,CTDD21,41,-404.2818570714155
3,CTDD21,42,-442.0612908578655
3,CTDD21,43,-423.6385141663441
3,CTDD21,44,-427.9782648244911
3,CTDD21,45,-427.6143824080175
3,CTDD21,46,-436.32195861630015
3,CTDD21,47,-401.3135276990646
3,CTDD21,48,-444.7327842036146
3,CTDD21,49,-433.02663343183906
3,CTDD21,50,-405.48306644082123
3,CTDD21,51,-424.27269377153493
3,CTDD21,52,-428.57311104787226
3,CTDD21,53,-442.81802433882496
3,CTDD21,54,-423.53332466903936
3,CTDD21,55,-431.39021509541664
3,CTDD21,56,-411.2370869299599
3,CTDD21,57,-437.09296556311745
3,CTDD21,58,-421.5333558563417
3,CTDD21,59,-412.14720130515263
3,CTDD21,60,-424.72490839679233
3,CTDD21,61,-437.6942079688053
3,CTDD21,62,-432.5739517140463
3,CTDD21,63,-424.2759536451225
3,CTDD21,64,-428.46944343850805
3,CTDD21,65,-407.67125616433975
3,CTDD21,66,-429.66337714152303
3,CTDD21,67,-401.12128910751943
3,CTDD21,68,-417.2858624584286
3,CTDD21,69,-410.5221989335195
3,CTDD21,70,-413.88459651414576
3,CTDD21,71,-427.9957714801679
3,CTDD21,72,-436.2534917271389
3,CTDD21,73,-410.8189039096444
3,CTDD21,74,-411.8939107142925
3,CTDD21,75,-394.65321653635834
3,CTDD21,76,-428.5646795124818
3,CTDD21,77,-415.13034371143857
3,CTDD21,78,-416.8769644360306
3,CTDD21,79,-418.5685724234935
3,CTDD21,80,-413.3309469369176
3,CTDD21,81,-441.13012968377336
3,CTDD21,82,-400.1934348431625
3,CTDD21,83,-424.38546031100753
3,CTDD21,84,-414.02991022425056
3,CTDD21,85,-431.8867121663996
3,CTDD21,86,-403.18099682587075
3,CTDD21,87,-412.46100346496036
3,CTDD21,88,-425.989389985067
3,CTDD21,89,-406.5138427049594
3,CTDD21,90,-409.3479416134183
3,CTDD21,91,-433.1517097213975
3,CTDD21,92,-425.2152074539011
3,CTDD21,93,-425.64699300174937
3,CTDD21,94,-424.2549895926703
3,CTDD21,95,-451.48175572427465
3,CTDD21,96,-437.49163787210955
3,CTDD21,97,-413.2669512079278
3,CTDD21,98,-406.32617656142463
3,CTDD21,99,-425.1219157035152
3,CTDD21,100,-424.7222175772221
3,CTDD21,101,-421.5390870046884
3,CTDD21,102,-408.51887641351846
3,CTDD21,103,-427.78363064622164
3,CTDD21,104,-407.9230851412948
3,CTDD21,105,-383.26403623079045
3,CTDD21,106,-418.6068886726208
3,CTDD21,107,-406.1215679472226
3,CTDD21,108,-430.7129010494873
3,CTDD21,109,-422.01394616298285
3,CTDD21,110,-408.8196569022533
3,CTDD21,111,-400.0386801549986
3,CTDD21,112,-416.79531296261877
3,CTDD21,113,-425.2676038472672
3,CTDD21,114,-440.70021924797805
3,CTDD21,115,-438.82363500166286
3,CTDD21,116,-425.1582809079539
3,CTDD21,117,-406.8277876852908
3,CTDD21,118,-437.0790268677427
3,CTDD21,119,-414.51360099874773
3,CTDD21,120,-407.81070949510615
3,CTDD21,121,-405.4839929295958
3,CTDD21,122,-430.7601132489166
3,CTDD21,123,-427.44336488736735
3,CTDD21,124,-421.18888915486986
3,CTDD21,125,-426.80652513817796
3,CTDD21,126,-399.344307464249
3,CTDD21,127,-396.1344361335001
3,CTDD21,128,-443.8760258659299
3,CTDD21,129,-414.2338538249708
3,CTDD21,130,-431.0108340299862
3,CTDD21,131,-424.98362123934277
3,CTDD21,132,-428.17792097663096
3,CTDD21,133,-431.82029168347833
3,CTDD21,134,-440.68996014325853
3,CTDD21,135,-417.7982728193547
3,CTDD21,136,-425.3959590264428
3,CTDD21,137,-412.6871500583936
3,CTDD21,138,-404.764437891801
3,CTDD21,139,-418.94898725289096
3,CTDD21,140,-432.79322600034334
3,CTDD21,141,-431.31182416901487
3,CTDD21,142,-412.9989997094723
3,CTDD21,143,-418.0435053702491
3,CTDD21,144,-450.7449052406239
3,CTDD21,145,-440.7640713058207
3,CTDD21,146,-424.7669103438336
3,CTDD21,147,-418.5970761049774
3,CTDD21,148,-448.95062073717384
3,CTDD21,149,-426.8303566651191
3,CTDD21,150,-406.2924575412331
3,CTDD21,151,-420.5188776560709
3,CTDD21,152,-428.7867663050656
3,CTDD21,153,-427.99571459943803
3,CTDD21,154,-409.27187558588327
3,CTDD21,155,-406.9538730636943
3,CTDD21,156,-419.49170624312865
3,CTDD21,157,-429.54648295562356
3,CTDD21,158,-421.3277789278942
3,CTDD21,159,-427.3915260502911
3,CTDD21,160,-444.2248464386513
3,CTDD21,161,-425.67302423396814
3,CTDD21,162,-406.0785131763762
3,CTDD21,163,-441.1387548831208
3,CTDD21,164,-447.740041912188
3,CTDD21,165,-413.3171633812696
3,CTDD21,166,-416.92425327661766
3,CTDD21,167,-415.6300072096004
3,CTDD21,168,-408.9737375238444
3,CTDD21,169,-435.4844360821372
3,CTDD21,170,-457.8542158672927
3,CTDD21,171,-422.8728439086116
3,CTDD21,172,-418.1692992657464
3,CTDD21,173,-407.55352259895653
3,CTDD21,174,-418.149675625718
3,CTDD21,175,-405.18270131482325
3,CTDD21,176,-448.93842232121136
3,CTDD21,177,-419.7068335022502
3,CTDD21,178,-420.0846887575823
3,CTDD21,179,-406.44834736844837
3,CTDD21,180,-421.0645156842049
3,CTDD21,181,-445.32915045060196
3,CTDD21,182,-409.5583704745404
3,CTDD21,183,-394.3206798262553
3,CTDD21,184,-433.5186370537025
3,CTDD21,185,-422.086399724918
3,CTDD21,186,-412.49379501655454
3,CTDD21,187,-413.7296542703239
3,CTDD21,188,-431.584924997875
3,CTDD21,189,-422.6139101871317
3,CTDD21,190,-437.268476996059
3,CTDD21,191,-439.7655368118362
3,CTDD21,192,-419.50621496452607
3,CTDD21,193,-398.40635398341186
3,CTDD21,194,-420.6613377212944
3,CTDD21,195,-417.76771880283377
3,CTDD21,196,-418.5600260844255
3,CTDD21,197,-423.1959246884898
3,CTDD21,198,-398.52672738461
3,CTDD21,199,-408.39016365189093
3,CTDD21,200,-423.0397261250707
3,CTDD21,201,-452.176385157258
3,CTDD21,202,-419.8086510756759
3,CTDD21,203,-431.55567295641333
3,CTDD21,204,-443.82811487240224
3,CTDD21,205,-442.6137167397704
3,CTDD21,206,-420.86626093967
3,CTDD21,207,-426.11067871726766
3,CTDD21,208,-427.4103170791312
3,CTDD21,209,-424.4433065307077
3,CTDD21,210,-407.33806629397384
3,CTDD21,211,-422.25963423997075
3,CTDD21,212,-432.54525182377654
3,CTDD21,213,-449.6210407355636
3,CTDD21,214,-440.6209754172446
3,CTDD21,215,-460.08809560390364
3,CTDD21,216,-401.66904748885696
3,CTDD21,217,-413.9113246263541
3,CTDD21,218,-412.36422624317754
3,CTDD21,219,-416.5382884498947
3,CTDD21,220,-403.31036355827575
3,CTDD21,221,-417.96239145472066
3,CTDD21,222,-414.8293457813776
3,CTDD21,223,-415.4141415642306
3,CTDD21,224,-381.47193081293386
3,CTDD21,225,-429.9556132050411
3,CTDD21,226,-430.53586815724003
3,CTDD21,227,-423.05587709846066
3,CTDD21,228,-427.02706163857766
3,CTDD21,229,-407.6629428842563
3,CTDD21,230,-423.43797502606185
3,CTDD21,231,-405.6597619133038
3,CTDD21,232,-417.9915945725717
3,CTDD21,233,-405.78413740088615
3,CTDD21,234,-419.98271322966275
3,CTDD21,235,-426.944221572652
3,CTDD21,236,-408.9730399678313
3,CTDD21,237,-423.4162036844485
3,CTDD21,238,-408.7960372187039
3,CTDD21,239,-418.360914302253
3,CTDD21,240,-450.19802812410546
3,CTDD21,241,-412.44851723954594
3,CTDD21,242,-392.63348485671327
3,CTDD21,243,-413.0765383991496
3,CTDD21,244,-431.2511322895255
3,CTDD21,245,-415.10870207038806
3,CTDD21,246,-413.390840155017
3,CTDD21,247,-423.22584634479335
3,CTDD21,248,-433.7570634670953
3,CTDD21,249,-447.8300701225637
3,CTDD21,250,-415.03777120789346
3,CTDD21,251,-421.2984490412442
3,CTDD21,252,-432.5836366358462
3,CTDD21,253,-427.93237718033134
3,CTDD21,254,-411.9204547243943
3,CTDD21,255,-403.8365377310557
3,CTDD21,256,-423.1020763990675
3,CTDD21,257,-424.0845286545341
3,CTDD21,258,-395.89491049863545
3,CTDD21,259,-418.7063435181523
3,CTDD21,260,-418.7187609336493
3,CTDD21,261,-409.7198629125896
3,CTDD21,262,-406.34938160928147
3,CTDD21,263,-427.7879334204737
3,CTDD21,264,-423.1826508924836
3,CTDD21,265,-424.1162062546746
3,CTDD21,266,-423.24126445463827
3,CTDD21,267,-415.1044825611408
3,CTDD21,268,-422.643951692285
3,CTDD21,269,-435.84028531363833
3,CTDD21,270,-446.69162892757765
3,CTDD21,271,-433.12540243517805
3,CTDD21,272,-438.12573748997863
3,CTDD21,273,-431.45101961245587
3,CTDD21,274,-412.52147626290474
3,CTDD21,275,-420.78445872340956
3,CTDD21,276,-423.9691641109923
3,CTDD21,277,-448.5911501933365
3,CTDD21,278,-420.03362514153116
3,CTDD21,279,-425.31877676662594
3,CTDD21,280,-456.6746836506327
3,CTDD21,281,-417.49395612031856
3,CTDD21,282,-432.6471389734635
3,CTDD21,283,-426.3041934148445
3,CTDD21,284,-415.9313971989592
3,CTDD21,285,-446.1426468317999
3,CTDD21,286,-424.8863431694367
3,CTDD21,287,-434.6212817117927
3,CTDD21,288,-397.7896899349597
3,CTDD21,289,-417.19674519597777
3,CTDD21,290,-417.6635456086234
3,CTDD21,291,-444.3892048410622
3,CTDD21,292,-454.4116632944869
3,CTDD21,293,-394.5670324998783
3,CTDD21,294,-412.95443646329676
3,CTDD21,295,-430.43140978868155
3,CTDD21,296,-456.08402546477055
3,CTDD21,297,-441.6777291535808
3,CTDD21,298,-442.05213407857843
3,CTDD21,299,-401.0288680353916
4,IF2,0,-364.00455790377623
4,IF2,1,-376.0307927269013
4,IF2,2,-374.20605876535
4,IF2,3,-374.5723919768975
4,IF2,4,-365.5418949221978
4,IF2,5,-366.6271591774182
4,IF2,6,-367.3226928676179
4,IF2,7,-371.2940313729569
4,IF2,8,-363.3330611146165
4,IF2,9,-366.9717172441263
4,IF2,10,-361.5335858403624
4,IF2,11,-367.7144449091153
4,IF2,12,-370.5464763481543
4,IF2,13,-363.1289173980629
4,IF2,14,-362.4595615410809
4,IF2,15,-365.01267265867284
4,IF2,16,-365.58840393802626
4,IF2,17,-364.4148427586665
4,IF2,18,-366.0902425229269
4,IF2,19,-363.2693906463385
4,IF2,20,-368.46828520044846
4,IF2,21,-370.36323852508934
4,IF2,22,-364.83928449953373
4,IF2,23,-378.224622082963
4,IF2,24,-365.29459721826385
4,IF2,25,-370.6562907908959
4,IF2,26,-366.1593214269427
4,IF2,27,-371.5299381604242
4,IF2,28,-371.75365816845425
4,IF2,29,-360.5985767901152
4,IF2,30,-364.92987456311454
4,IF2,31,-366.39630510255876
4,IF2,32,-368.95446079029006
4,IF2,33,-366.76892222350085
4,IF2,34,-365.0487274950859
4,IF2,35,-365.60506371745987
4,IF2,36,-362.30278465161604
4,IF2,37,-367.4274479175673
4,IF2,38,-362.58260784484753
4,IF2,39,-365.6793767357532
4,IF2,40,-365.9462156253406
4,IF2,41,-365.4298186140726
4,IF2,42,-366.24621753622966
4,IF2,43,-366.35377952516586
4,IF2,44,-365.6250984172666
4,IF2,45,-369.0891275684371
4,IF2,46,-363.5040477977379
4,IF2,47,-372.69583420992825
4,IF2,48,-371.0865292795188
4,IF2,49,-363.4795505786009
4,IF2,50,-367.8112497209156
4,IF2,51,-374.49040070626125
4,IF2,52,-368.5376417810496
4,IF2,53,-376.7100034113633
4,IF2,54,-373.6085689928101
4,IF2,55,-372.5763779861249
4,IF2,56,-366.7944111416693
4,IF2,57,-366.3197350836916
4,IF2,58,-366.06685268995057
4,IF2,59,-363.79462995011295
4,IF2,60,-372.462441508307
4,IF2,61,-372.3201695907996
4,IF2,62,-373.00323688859936
4,IF2,63,-373.4784674634613
4,IF2,64,-371.6712219069303
4,IF2,65,-380.46519160248357
4,IF2,66,-381.5149949202282
4,IF2,67,-386.72135899073135
4,IF2,68,-383.10549998740987
4,IF2,69,-374.88886916488906
4,IF2,70,-371.7059786568319
4,IF2,71,-368.1877526038394
4,IF2,72,-373.71451530993363
4,IF2,73,-373.68709745142206
4,IF2,74,-372.81608114704585
4,IF2,75,-366.7733342360543
4,IF2,76,-364.5742558424036
4,IF2,77,-364.349003032676
4,IF2,78,-369.5802724882659
4,IF2,79,-367.3677824771356
4,IF2,80,-366.8541001807389
4,IF2,81,-363.4270163650984
4,IF2,82,-365.23453081575786
4,IF2,83,-366.41687150802903
4,IF2,84,-371.41380277239847
4,IF2,85,-371.7377174039332
4,IF2,86,-368.4356759638386
4,IF2,87,-366.30010604845506
4,IF2,88,-371.95897398595326
4,IF2,89,-368.72111581085704
4,IF2,90,-376.55398279332456
4,IF2,91,-372.5302522384878
4,IF2,92,-371.5468615507703
4,IF2,93,-372.30500021932085
4,IF2,94,-377.8001085649668
4,IF2,95,-371.1516921910142
4,IF2,96,-368.0889974157242
4,IF2,97,-374.7783161401808
4,IF2,98,-375.5715669481183
4,IF2,99,-371.2910597331464
4,IF2,100,-364.8574778022824
4,IF2,101,-367.2307985590331
4,IF2,102,-374.4183541526157
4,IF2,103,-370.61560504476216
4,IF2,104,-359.82910263858304
4,IF2,105,-364.6608977677296
4,IF2,106,-367.38772262357213
4,IF2,107,-368.79513052090255
4,IF2,108,-363.061971201388
4,IF2,109,-367.4662412901312
4,IF2,110,-368.1324402177087
4,IF2,111,-365.76577992649214
4,IF2,112,-366.82890936079497
4,IF2,113,-366.598069265006
4,IF2,114,-360.1382947740413
4,IF2,115,-369.6141089885305
4,IF2,116,-364.3281426853567
4,IF2,117,-363.86277344871525
4,IF2,118,-359.6633236013493
4,IF2,119,-365.3386476129201
4,IF2,120,-357.2140609102631
4,IF2,121,-362.8805836700169
4,IF2,122,-362.0908710632953
4,IF2,123,-369.09467946099056
4,IF2,124,-369.3389013545441
4,IF2,125,-363.16223656452746
4,IF2,126,-369.69299460160966
4,IF2,127,-367.2880881468245
4,IF2,128,-365.2556244782393
4,IF2,129,-374.0217301630148
4,IF2,130,-369.9583332615788
4,IF2,131,-375.913273837528
4,IF2,132,-379.764383102219
4,IF2,133,-373.7609352086305
4,IF2,134,-371.1201592613844
4,IF2,135,-376.0900636487546
4,IF2,136,-368.02123388959086
4,IF2,137,-368.537534920235
4,IF2,138,-365.8206399960054
4,IF2,139,-368.38004902413536
4,IF2,140,-373.19999868374975
4,IF2,141,-369.3701064246645
4,IF2,142,-368.1866746922001
4,IF2,143,-367.82560188051065
4,IF2,144,-364.99245318303355
4,IF2,145,-361.4063414389719
4,IF2,146,-365.53793106154563
4,IF2,147,-366.04139781094244
4,IF2,148,-366.6784984023655
4,IF2,149,-364.7085487708531
4,IF2,150,-367.57185005711995
4,IF2,151,-365.5035143216541
4,IF2,152,-365.2720590093679
4,IF2,153,-367.07801227482884
4,IF2,154,-366.27957429013617
4,IF2,155,-368.7913907401658
4,IF2,156,-360.7841035658229
4,IF2,157,-364.0303044055542
4,IF2,158,-363.0128227177015
4,IF2,159,-366.31774116350635
4,IF2,160,-367.5866047033628
4,IF2,161,-366.70356810504114
4,IF2,162,-363.682824407155
4,IF2,163,-368.02660215714684
4,IF2,164,-366.03089640537866
4,IF2,165,-367.57074270657404
4,IF2,166,-373.66242365206193
4,IF2,167,-362.64623445535
4,IF2,168,-363.9186227682094
4,IF2,169,-361.1647439896887
4,IF2,170,-365.35235294831926
4,IF2,171,-363.15604755300495
4,IF2,172,-365.56744879045004
4,IF2,173,-364.9889173798842
4,IF2,174,-366.2486767533724
4,IF2,175,-364.6914298815459
4,IF2,176,-361.48680033140846
4,IF2,177,-365.06341470085704
4,IF2,178,-364.1650923870322
4,IF2,179,-369.10699986101855
4,IF2,180,-364.6637766816514
4,IF2,181,-357.8919272872277
4,IF2,182,-364.5809252972397
4,IF2,183,-366.43942750989754
4,IF2,184,-363.24644290648735
4,IF2,185,-366.0298711621593
4,IF2,186,-362.22680408280996
4,IF2,187,-367.73473406491075
4,IF2,188,-366.82991568681155
4,IF2,189,-361.08478053167954
4,IF2,190,-368.23048949376584
4,IF2,191,-364.22040190077485
4,IF2,192,-361.73837022389284
4,IF2,193,-358.81130506695723
4,IF2,194,-365.8030444243886
4,IF2,195,-368.5219389060653
4,IF2,196,-364.5064778337659
4,IF2,197,-368.704014784068
4,IF2,198,-362.04457630548336
4,IF2,199,-364.5483997355468
4,IF2,200,-367.6434124623819
4,IF2,201,-361.4899310101534
4,IF2,202,-365.8991954053246
4,IF2,203,-363.7118635545538
4,IF2,204,-364.3295899018629
4,IF2,205,-361.46162710912415
4,IF2,206,-368.28516264692206
4,IF2,207,-358.4985058952581
4,IF2,208,-366.2419978320799
4,IF2,209,-367.15925572246795
4,IF2,210,-364.04535357232334
4,IF2,211,-368.58092773323955
4,IF2,212,-366.8972455354258
4,IF2,213,-366.6277450148088
4,IF2,214,-367.1545661301854
4,IF2,215,-366.16545772058635
4,IF2,216,-367.82690664197133
4,IF2,217,-371.61409318972574
4,IF2,218,-364.4051759346407
4,IF2,219,-360.69886191205995
4,IF2,220,-366.2175043462069
4,IF2,221,-370.3721709741868
4,IF2,222,-368.31782035296254
4,IF2,223,-363.54457070806365
4,IF2,224,-362.58364145806934
4,IF2,225,-367.38571466079924
4,IF2,226,-362.18741967639653
4,IF2,227,-363.8363797387602
4,IF2,228,-362.9385843491429
4,IF2,229,-360.9094172394392
4,IF2,230,-361.6631140364131
4,IF2,231,-367.0725463932455
4,IF2,232,-364.94884722874855
4,IF2,233,-358.7900625969987
4,IF2,234,-360.91486282150504
4,IF2,235,-365.1830726961397
4,IF2,236,-362.32593148958557
4,IF2,237,-365.3487024243099
4,IF2,238,-362.57625348781653
4,IF2,239,-359.0202588473736
4,IF2,240,-359.28185861550554
4,IF2,241,-369.5796197081042
4,IF2,242,-372.3053249463094
4,IF2,243,-366.90927485851296
4,IF2,244,-369.08605318985184
4,IF2,245,-364.2077124508353
4,IF2,246,-363.48601869847374
4,IF2,247,-365.3423293446663
4,IF2,248,-364.3404851408347
4,IF2,249,-361.30820829417945
4,IF2,250,-362.5631570328641
4,IF2,251,-361.09163195963976
4,IF2,252,-369.07845422849914
4,IF2,253,-364.45165277662375
4,IF2,254,-367.01248799043304
4,IF2,255,-361.9150531030974
4,IF2,256,-363.8500081959614
4,IF2,257,-361.80571504957925
4,IF2,258,-364.06013835217544
4,IF2,259,-364.68848283955094
4,IF2,260,-363.64968431582395
4,IF2,261,-361.42407870698503
4,IF2,262,-367.0098112702069
4,IF2,263,-364.2862329755226
4,IF2,264,-367.6722367091353
4,IF2,265,-369.5919338491152
4,IF2,266,-359.5972662203575
4,IF2,267,-359.2790829404522
4,IF2,268,-367.91757328315634
4,IF2,269,-368.1706570199087
4,IF2,270,-362.41561210754026
4,IF2,271,-364.0135361802653
4,IF2,272,-361.059065125768
4,IF2,273,-365.13581049677094
4,IF2,274,-362.0088599409977
4,IF2,275,-361.56788270461004
4,IF2,276,-364.6215550562184
4,IF2,277,-368.426074910482
4,IF2,278,-370.40852732981057
4,IF2,279,-365.971460518571
4,IF2,280,-368.6082674718974
4,IF2,281,-360.7053513479992
4,IF2,282,-369.8473650101732
4,IF2,283,-364.8457621980028
4,IF2,284,-360.84641517847353
4,IF2,285,-360.50767110146484
4,IF2,286,-365.6485545837904
4,IF2,287,-366.1979704143677
4,IF2,288,-367.16382303104126
4,IF2,289,-361.36975728237144
4,IF2,290,-365.87154674136224
4,IF2,291,-363.09752404831823
4,IF2,292,-364.1685012123498
4,IF2,293,-364.40946025852696
4,IF2,294,-364.6307188433675
4,IF2,295,-367.6581125309435
4,IF2,296,-368.5959657471329
4,IF2,297,-366.92749349831115
4,IF2,298,-363.7146589107742
4,IF2,299,-360.5822744066074
4,IF2,300,-366.1508623265988
4,IF2,301,-365.6281673896299
4,IF2,302,-360.44937002799634
4,IF2,303,-368.53590453737036
4,IF2,304,-366.842922898304
4,IF2,305,-367.01072455698096
4,IF2,306,-361.91900355965277
4,IF2,307,-366.4609295431355
4,IF2,308,-364.10136376623484
4,IF2,309,-360.64819204409434
4,IF2,310,-367.11683174881375
4,IF2,311,-365.14037120950246
4,IF2,312,-369.10430197791044
4,IF2,313,-367.34127462197245
4,IF2,314,-364.55992726854447
4,IF2,315,-366.0961446086132
4,IF2,316,-365.9427918516077
4,IF2,317,-365.4649273314829
4,IF2,318,-363.1806780917706
4,IF2,319,-359.5876777621186
4,IF2,320,-361.2528629029225
4,IF2,321,-361.3973863591162
4,IF2,322,-363.538793656259
4,IF2,323,-369.68391176313776
4,IF2,324,-362.98102221774286
4,IF2,325,-365.0266241075533
4,IF2,326,-363.87441697778314
4,IF2,327,-366.7518356010296
4,IF2,328,-360.0931398949557
4,IF2,329,-365.5615548982882
4,IF2,330,-361.7642021783328
4,IF2,331,-366.9931290194713
4,IF2,332,-365.09083455170986
4,IF2,333,-365.94253866429744
4,IF2,334,-366.69068923785545
4,IF2,335,-362.5675127192816
4,IF2,336,-366.1940394876172
4,IF2,337,-369.58660728890106
4,IF2,338,-362.2253150852666
4,IF2,339,-367.2666102776074
4,IF2,340,-366.95583142516784
4,IF2,341,-362.13866438251165
4,IF2,342,-366.2875726243879
4,IF2,343,-367.26085382541527
4,IF2,344,-366.8338965483279
4,IF2,345,-363.09361065852545
4,IF2,346,-364.14325840334544
4,IF2,347,-366.0501583318778
4,IF2,348,-363.6509680461814
4,IF2,349,-371.8641060066699
4,IF2,350,-365.7755345862447
4,IF2,351,-361.03585792708003
4,IF2,352,-360.96745161169525
4,IF2,353,-367.58202019552533
4,IF2,354,-362.8300279688841
4,IF2,355,-370.017539123016
4,IF2,356,-367.20663322898235
4,IF2,357,-363.6429068344172
4,IF2,358,-365.8378036594923
4,IF2,359,-372.3055162207937
4,IF2,360,-367.4244914135252
4,IF2,361,-364.7018078816569
4,IF2,362,-366.44553432306014
4,IF2,363,-360.75241947725834
4,IF2,364,-363.6457546596029
4,IF2,365,-369.47973699892697
4,IF2,366,-365.52545465945445
4,IF2,367,-364.788364066748
4,IF2,368,-363.32886559908206
4,IF2,369,-368.94542372343756
4,IF2,370,-369.1537513926992
4,IF2,371,-367.55976153916106
4,IF2,372,-368.23395042738844
4,IF2,373,-363.05708619366123
4,IF2,374,-366.6471775928498
4,IF2,375,-369.3412324758275
4,IF2,376,-364.0099976037008
4,IF2,377,-362.97212833540283
4,IF2,378,-363.29464629250276
4,IF2,379,-361.5107888470669
4,IF2,380,-365.267397725881
4,IF2,381,-367.58740890264266
4,IF2,382,-369.2160983424288
4,IF2,383,-368.7070294459015
4,IF2,384,-365.27492326179294
4,IF2,385,-366.209106564002
4,IF2,386,-361.07495049408726
4,IF2,387,-363.2952114196375
4,IF2,388,-365.5065974944527
4,IF2,389,-363.9184207735827
4,IF2,390,-362.79017369111415
4,IF2,391,-364.51644971298487
4,IF2,392,-364.29189883741475
4,IF2,393,-368.02251195180264
4,IF2,394,-360.41279991398926
4,IF2,395,-365.840949142767
4,IF2,396,-366.1587003668924
4,IF2,397,-367.7876538715986
4,IF2,398,-366.82229217600195
4,IF2,399,-356.75411240686486
4,IF2,400,-362.8040843476756
4,IF2,401,-359.7892842968347
4,IF2,402,-362.5603491572395
4,IF2,403,-362.32442546185644
4,IF2,404,-364.2902613338149
4,IF2,405,-363.5436541307526
4,IF2,406,-362.36096101085695
4,IF2,407,-359.20473200572076
4,IF2,408,-366.97523993116175
4,IF2,409,-365.83851184083363
4,IF2,410,-370.2984457681917
4,IF2,411,-364.7901890793653
4,IF2,412,-365.42432235904585
4,IF2,413,-365.367639566055
4,IF2,414,-356.41858689084273
4,IF2,415,-364.3605537250178
4,IF2,416,-367.0052113344967
4,IF2,417,-364.4321041465112
4,IF2,418,-363.6774921544952
4,IF2,419,-360.66944107020026
4,IF2,420,-366.51923256799535
4,IF2,421,-371.274489757939
4,IF2,422,-368.27944141580474
4,IF2,423,-363.80164383083587
4,IF2,424,-362.9045328376368
4,IF2,425,-360.9543811903908
4,IF2,426,-367.7792817378776
4,IF2,427,-362.42189824211124
4,IF2,428,-361.85249846854384
4,IF2,429,-367.8932428154559
4,IF2,430,-365.49784914937146
4,IF2,431,-362.81376285002153
4,IF2,432,-370.47979621516146
4,IF2,433,-365.448729246358
4,IF2,434,-366.6846458356696
4,IF2,435,-365.44532283649244
4,IF2,436,-363.69993850849073
4,IF2,437,-372.6341765208182
4,IF2,438,-358.6907781768887
4,IF2,439,-365.86143136176673
4,IF2,440,-367.16748391224013
4,IF2,441,-364.04270447337035
4,IF2,442,-367.3538999717625
4,IF2,443,-363.96351404484005
4,IF2,444,-363.24345657465386
4,IF2,445,-368.1486428094846
4,IF2,446,-365.18876166425235
4,IF2,447,-360.23882337201627
4,IF2,448,-366.8250186568275
4,IF2,449,-366.2331527927305
4,IF2,450,-374.48316943700894
4,IF2,451,-360.0957278117069
4,IF2,452,-364.43605964259615
4,IF2,453,-362.4682126031763
4,IF2,454,-363.0178202491632
4,IF2,455,-362.90906350144013
4,IF2,456,-363.4426237737222
4,IF2,457,-359.56001365384384
4,IF2,458,-368.20052811145564
4,IF2,459,-363.4012407666399
4,IF2,460,-367.64312925232457
4,IF2,461,-368.1834603463818
4,IF2,462,-364.8375232185007
4,IF2,463,-368.04654877424025
4,IF2,464,-362.67597658440155
4,IF2,465,-367.4532743940008
4,IF2,466,-366.96357856600514
4,IF2,467,-364.7264139762485
4,IF2,468,-365.0261795518186
4,IF2,469,-372.0703251333005
4,IF2,470,-363.51289068960756
4,IF2,471,-361.1716690184588
4,IF2,472,-370.40178658028145
4,IF2,473,-362.4040137967683
4,IF2,474,-362.0662234013938
4,IF2,475,-365.46071411942904
4,IF2,476,-365.5661087634208
4,IF2,477,-362.568652258105
4,IF2,478,-365.00760446875137
4,IF2,479,-362.14071348273256
4,IF2,480,-360.95001239739753
4,IF2,481,-363.8423491040672
4,IF2,482,-367.437546853329
4,IF2,483,-361.92085706554656
4,IF2,484,-360.5261082993087
4,IF2,485,-368.65908419269437
4,IF2,486,-363.34935863483935
4,IF2,487,-363.0552601772245
4,IF2,488,-363.8322614445158
4,IF2,489,-365.84411491851506
4,IF2,490,-365.18182723456533
4,IF2,491,-366.5804100458126
4,IF2,492,-365.85419702507386
4,IF2,493,-368.44669450252223
4,IF2,494,-367.8314929681185
4,IF2,495,-371.22140662351507
4,IF2,496,-365.40112991238885
4,IF2,497,-364.1637059918797
4,IF2,498,-367.5795964174192
4,IF2,499,-363.8075440767745
4,IF2,500,-359.03949482389993
4,IF2,501,-360.9511287304779
4,IF2,502,-364.07063796383625
4,IF2,503,-366.0538806423398
4,IF2,504,-365.9427162867479
4,IF2,505,-366.1312751951852
4,IF2,506,-366.48476709041927
4,IF2,507,-365.1156537797882
4,IF2,508,-369.8184492781627
4,IF2,509,-358.6595478162967
4,IF2,510,-359.7522582882681
4,IF2,511,-364.4583841283004
4,IF2,512,-367.96411822068274
4,IF2,513,-364.5124761800783
4,IF2,514,-365.91779633455667
4,IF2,515,-362.8449306981774
4,IF2,516,-362.35630505218273
4,IF2,517,-367.69562768886755
4,IF2,518,-365.1074889040469
4,IF2,519,-364.04505382926266
4,IF2,520,-363.81876607023787
4,IF2,521,-365.16587164144556
4,IF2,522,-365.91264812008035
4,IF2,523,-365.1126156947037
4,IF2,524,-363.1040168729764
4,IF2,525,-368.25521318685793
4,IF2,526,-368.160992638628
4,IF2,527,-361.84679426816524
4,IF2,528,-372.2909056305377
4,IF2,529,-367.8158925994295
4,IF2,530,-364.9273576154678
4,IF2,531,-361.43150232613044
4,IF2,532,-365.7108315713108
4,IF2,533,-365.02636269448726
4,IF2,534,-368.10920485147943
4,IF2,535,-362.4287671722729
4,IF2,536,-362.78430192640764
4,IF2,537,-363.7211894271479
4,IF2,538,-368.57762037198245
4,IF2,539,-364.9389143303171
4,IF2,540,-363.001767733185
4,IF2,541,-371.5276367704313
4,IF2,542,-362.0105278596748
4,IF2,543,-364.9168950310368
4,IF2,544,-366.29645616229476
4,IF2,545,-364.2820434892357
4,IF2,546,-364.15444427460704
4,IF2,547,-363.7269596984969
4,IF2,548,-365.7902453314555
4,IF2,549,-361.9141495047652
4,IF2,550,-364.59591636642875
4,IF2,551,-364.78622173991664
4,IF2,552,-365.51902627988767
4,IF2,553,-362.82055634339224
4,IF2,554,-360.76214351209313
4,IF2,555,-356.91971351822224
4,IF2,556,-369.53935096128544
4,IF2,557,-362.0066659930846
4,IF2,558,-369.9109051622894
4,IF2,559,-362.0749621122705
4,IF2,560,-365.4572228516271
4,IF2,561,-361.2186917095773
4,IF2,562,-365.2369341798992
4,IF2,563,-361.6965956837293
4,IF2,564,-362.61405843881596
4,IF2,565,-364.2458482833548
4,IF2,566,-365.73134965780633
4,IF2,567,-363.04187589151223
4,IF2,568,-366.45219683898176
4,IF2,569,-362.92370377941205
4,IF2,570,-363.40567159448506
4,IF2,571,-365.47364785146016
4,IF2,572,-366.5902205680352
4,IF2,573,-362.13531274755496
4,IF2,574,-362.4558896877284
4,IF2,575,-362.6288640681051
4,IF2,576,-357.36777572399257
4,IF2,577,-368.23273008317017
4,IF2,578,-364.39815636651434
4,IF2,579,-365.7306453128794
4,IF2,580,-366.0678457747253
4,IF2,581,-363.6890589416566
4,IF2,582,-361.92650852291024
4,IF2,583,-359.7779123965656
4,IF2,584,-370.2650401831104
4,IF2,585,-363.2670069396135
4,IF2,586,-369.6144942953771
4,IF2,587,-367.72446875835556
4,IF2,588,-363.16091123498904
4,IF2,589,-359.5788552560886
4,IF2,590,-366.07797529538755
4,IF2,591,-366.13148348936375
4,IF2,592,-365.0708548025533
4,IF2,593,-362.11242492930097
4,IF2,594,-367.9816424244285
4,IF2,595,-367.24087456934024
4,IF2,596,-363.64591087192633
4,IF2,597,-362.228698255811
4,IF2,598,-364.5985218791978
4,IF2,599,-363.55588699611
4,IFAD,0,-363.2211488114989
4,IFAD,1,-368.3960784850248
4,IFAD,2,-374.4891600265748
4,IFAD,3,-366.38541627192245
4,IFAD,4,-368.1547410208761
4,IFAD,5,-375.20483347259
4,IFAD,6,-367.1108706944793
4,IFAD,7,-366.59940971960265
4,IFAD,8,-367.69089466359526
4,IFAD,9,-375.17522650908904
4,IFAD,10,-365.8376281651874
4,IFAD,11,-368.1417608191625
4,IFAD,12,-367.3943749992248
4,IFAD,13,-367.14227134466313
4,IFAD,14,-366.1584340285024
4,IFAD,15,-363.7918456185597
4,IFAD,16,-364.8988251696785
4,IFAD,17,-363.64206998905854
4,IFAD,18,-363.4192960825676
4,IFAD,19,-363.68298604952054
4,IFAD,20,-358.52762556598196
4,IFAD,21,-363.5791900831957
4,IFAD,22,-372.8655401348982
4,IFAD,23,-361.0419330065949
4,IFAD,24,-368.13066224412614
4,IFAD,25,-363.66883162073026
4,IFAD,26,-365.0649529577113
4,IFAD,27,-366.5396857219967
4,IFAD,28,-363.2519436827306
4,IFAD,29,-363.58578911228904
4,IFAD,30,-361.67012658494673
4,IFAD,31,-370.40477849204814
4,IFAD,32,-371.83663418156976
4,IFAD,33,-369.8240538213546
4,IFAD,34,-369.6264756795759
4,IFAD,35,-366.90661106403434
4,IFAD,36,-369.71528664598156
4,IFAD,37,-368.3772641008108
4,IFAD,38,-362.644841919714
4,IFAD,39,-363.0943652106228
4,IFAD,40,-367.62350286485764
4,IFAD,41,-368.6244301615399
4,IFAD,42,-367.36950177634844
4,IFAD,43,-365.2632172243859
4,IFAD,44,-361.54014277861114
4,IFAD,45,-368.09256990428025
4,IFAD,46,-368.9725940423059
4,IFAD,47,-371.5693885334619
4,IFAD,48,-371.85363551259974
4,IFAD,49,-361.9476978721839
4,IFAD,50,-363.40440612304883
4,IFAD,51,-366.02298864400973
4,IFAD,52,-370.8971548083551
4,IFAD,53,-367.6073894892726
4,IFAD,54,-364.0225602170464
4,IFAD,55,-358.9594484124381
4,IFAD,56,-371.97578597479867
4,IFAD,57,-369.66149098995874
4,IFAD,58,-359.27199239330855
4,IFAD,59,-358.07089412481156
4,IFAD,60,-363.256270249579
4,IFAD,61,-361.9415690692375
4,IFAD,62,-363.67319595860886
4,IFAD,63,-369.5710444006574
4,IFAD,64,-367.6066746760173
4,IFAD,65,-368.14069089581784
4,IFAD,66,-360.3866052888016
4,IFAD,67,-365.44426042161535
4,IFAD,68,-360.1895399124216
4,IFAD,69,-361.6886407797358
4,IFAD,70,-367.3325777524653
4,IFAD,71,-362.09183941560536
4,IFAD,72,-367.5405386092527
4,IFAD,73,-361.3104393940336
4,IFAD,74,-362.53226269896965
4,IFAD,75,-360.4616164985648
4,IFAD,76,-367.62253449228194
4,IFAD,77,-363.65324403713134
4,IFAD,78,-367.1109241769073
4,IFAD,79,-363.0329462836084
4,IFAD,80,-366.73706356166406
4,IFAD,81,-362.89519075982605
4,IFAD,82,-357.24572634392314
4,IFAD,83,-364.7517280181409
4,IFAD,84,-363.04069637580136
4,IFAD,85,-365.2751587863245
4,IFAD,86,-369.6740640933002
4,IFAD,87,-370.4816606701776
4,IFAD,88,-368.9331130087829
4,IFAD,89,-372.0541364343368
4,IFAD,90,-368.9667741213104
4,IFAD,91,-364.61082862365544
4,IFAD,92,-367.3779035081231
4,IFAD,93,-363.1918240208332
4,IFAD,94,-366.7820496211948
4,IFAD,95,-372.38468032266053
4,IFAD,96,-363.05615253357894
4,IFAD,97,-365.4089382109466
4,IFAD,98,-365.3050157932836
4,IFAD,99,-367.3645656792179
4,IFAD,100,-368.86225124544296
4,IFAD,101,-365.74926243741703
4,IFAD,102,-365.3392627031558
4,IFAD,103,-368.1633342768874
4,IFAD,104,-368.42913188138306
4,IFAD,105,-365.1994127677586
4,IFAD,106,-362.02913987376405
4,IFAD,107,-365.7252104683893
4,IFAD,108,-365.55110804034916
4,IFAD,109,-368.1274827417884
4,IFAD,110,-362.3546239209787
4,IFAD,111,-368.0295643197779
4,IFAD,112,-365.1429357536266
4,IFAD,113,-365.7933464537005
4,IFAD,114,-362.64104847716675
4,IFAD,115,-365.4969529680647
4,IFAD,116,-364.54578354686663
4,IFAD,117,-362.1284523303457
4,IFAD,118,-361.0481823742598
4,IFAD,119,-369.75255059635344
4,IFAD,120,-363.7414464851543
4,IFAD,121,-367.41339762905193
4,IFAD,122,-363.6617890595148
4,IFAD,123,-364.27204022480475
4,IFAD,124,-366.5879529591831
4,IFAD,125,-362.50667521803854
4,IFAD,126,-362.8337118888127
4,IFAD,127,-364.01644375255125
4,IFAD,128,-363.06428432232445
4,IFAD,129,-364.51804210024864
4,IFAD,130,-363.2851433299433
4,IFAD,131,-364.2082747622683
4,IFAD,132,-364.0970520868728
4,IFAD,133,-363.02475778956716
4,IFAD,134,-361.024940404491
4,IFAD,135,-365.26517857888484
4,IFAD,136,-365.38906323606903
4,IFAD,137,-361.56322072107577
4,IFAD,138,-364.28508173574954
4,IFAD,139,-365.3292123495968
4,IFAD,140,-363.60508094520833
4,IFAD,141,-360.7089194179813
4,IFAD,142,-368.2653170052001
4,IFAD,143,-367.4650963162653
4,IFAD,144,-362.11563770515784
4,IFAD,145,-363.7168143538649
4,IFAD,146,-364.2197804888597
4,IFAD,147,-362.0885109233611
4,IFAD,148,-364.9446121023347
4,IFAD,149,-359.54636558938466
4,IFAD,150,-360.7721696086328
4,IFAD,151,-368.1946600283033
4,IFAD,152,-365.85831492328737
4,IFAD,153,-363.34510892322464
4,IFAD,154,-359.9179386562725
4,IFAD,155,-362.36239733181105
4,IFAD,156,-363.06232011599326
4,IFAD,157,-365.2150243991622
4,IFAD,158,-362.7456125400538
4,IFAD,159,-361.3846307774495
4,IFAD,160,-364.92436607091173
4,IFAD,161,-364.62080339945896
4,IFAD,162,-366.76311417412086
4,IFAD,163,-365.09384647702205
4,IFAD,164,-368.09164294404104
4,IFAD,165,-358.30401632060915
4,IFAD,166,-366.4839541020096
4,IFAD,167,-363.79297194716315
4,IFAD,168,-362.2585757336537
4,IFAD,169,-367.2207665745922
4,IFAD,170,-366.7677555993373
4,IFAD,171,-362.41786705230203
4,IFAD,172,-358.47929076827586
4,IFAD,173,-359.249923385468
4,IFAD,174,-365.6013342248592
4,IFAD,175,-365.7383096218337
4,IFAD,176,-359.8714182566888
4,IFAD,177,-360.5260505967268
4,IFAD,178,-359.9664770674905
4,IFAD,179,-363.09296793050646
4,IFAD,180,-362.5551186688486
4,IFAD,181,-369.50261909253743
4,IFAD,182,-364.6071358576565
4,IFAD,183,-362.9886660297997
4,IFAD,184,-365.0776752704381
4,IFAD,185,-364.0924125390871
4,IFAD,186,-364.40647503857764
4,IFAD,187,-361.25787041833934
4,IFAD,188,-361.2591839395116
4,IFAD,189,-364.8454172829184
4,IFAD,190,-362.37395564096204
4,IFAD,191,-367.7187714826054
4,IFAD,192,-366.4915245755141
4,IFAD,193,-363.9653362250612
4,IFAD,194,-363.56778971511767
4,IFAD,195,-361.8606869408522
4,IFAD,196,-364.93801053948164
4,IFAD,197,-357.1216937003954
4,IFAD,198,-363.8155159423236
4,IFAD,199,-360.5564788061159
4,IFAD,200,-364.12319091435086
4,IFAD,201,-364.9519849918296
4,IFAD,202,-365.156452042052
4,IFAD,203,-367.6256816052731
4,IFAD,204,-362.1843788075277
4,IFAD,205,-361.0902337701658
4,IFAD,206,-366.72262088720055
4,IFAD,207,-360.1925197153067
4,IFAD,208,-364.81391010427245
4,IFAD,209,-364.78660028311043
4,IFAD,210,-359.12397546631854
4,IFAD,211,-358.3057989484739
4,IFAD,212,-364.56999604696847
4,IFAD,213,-367.98766989763
4,IFAD,214,-365.0197344306482
4,IFAD,215,-361.4869731797521
4,IFAD,216,-367.68405802631435
4,IFAD,217,-364.2026138363535
4,IFAD,218,-359.53560803901576
4,IFAD,219,-365.87544590410823
4,IFAD,220,-359.9433755998281
4,IFAD,221,-367.28781927857784
4,IFAD,222,-368.41738887622853
4,IFAD,223,-365.22356462358687
4,IFAD,224,-358.5038152680094
4,IFAD,225,-363.13264174977644
4,IFAD,226,-363.65712306446085
4,IFAD,227,-364.15282855360687
4,IFAD,228,-358.5178186253615
4,IFAD,229,-366.110655685418
4,IFAD,230,-368.3037222970429
4,IFAD,231,-363.04441605508094
4,IFAD,232,-361.490818513023
4,IFAD,233,-356.7341747577515
4,IFAD,234,-360.48431950866154
4,IFAD,235,-359.41634284435185
4,IFAD,236,-365.36768922009134
4,IFAD,237,-365.2678705421515
4,IFAD,238,-367.2753191848819
4,IFAD,239,-362.37318936782304
4,IFAD,240,-360.0778306757605
4,IFAD,241,-365.9258713082902
4,IFAD,242,-359.31819366578685
4,IFAD,243,-359.8561016890246
4,IFAD,244,-361.7804684389735
4,IFAD,245,-360.76989413919296
4,IFAD,246,-365.6916270244522
4,IFAD,247,-357.6671989241194
4,IFAD,248,-358.65631376728527
4,IFAD,249,-356.9695803404624
4,IFAD,250,-363.6497454598562
4,IFAD,251,-362.8256934182369
4,IFAD,252,-361.9471502919567
4,IFAD,253,-366.72349820013966
4,IFAD,254,-359.92167409845723
4,IFAD,255,-363.1294028019577
4,IFAD,256,-369.25091845506864
4,IFAD,257,-360.0724716964554
4,IFAD,258,-363.7191145382486
4,IFAD,259,-366.730879441995
4,IFAD,260,-365.79294000596224
4,IFAD,261,-362.25112191265885
4,IFAD,262,-360.9996350374841
4,IFAD,263,-362.3868009687556
4,IFAD,264,-372.83261740178057
4,IFAD,265,-361.2353830291821
4,IFAD,266,-366.22283607165537
4,IFAD,267,-366.6820601174059
4,IFAD,268,-367.46591396009353
4,IFAD,269,-361.01374936190535
4,IFAD,270,-364.98963509057546
4,IFAD,271,-359.215494072977
4,IFAD,272,-364.0108657217639
4,IFAD,273,-363.06131953846847
4,IFAD,274,-363.6596692326244
4,IFAD,275,-363.13181723246106
4,IFAD,276,-360.02922302886964
4,IFAD,277,-362.5653145696056
4,IFAD,278,-360.4933540994914
4,IFAD,279,-363.71031574655956
4,IFAD,280,-360.70303141605734
4,IFAD,281,-362.6208331237823
4,IFAD,282,-365.62992289119575
4,IFAD,283,-360.33282424867036
4,IFAD,284,-363.66849025612436
4,IFAD,285,-359.91251356735285
4,IFAD,286,-362.9947673219383
4,IFAD,287,-362.95211769095897
4,IFAD,288,-357.89425491870884
4,IFAD,289,-362.2911995775919
4,IFAD,290,-360.8444378741169
4,IFAD,291,-361.8309548060537
4,IFAD,292,-363.58000164192055
4,IFAD,293,-361.0353843552802
4,IFAD,294,-363.0783571747437
4,IFAD,295,-361.3776032341884
4,IFAD,296,-367.0069747232235
4,IFAD,297,-361.55480209670526
4,IFAD,298,-366.1443039538665
4,IFAD,299,-372.29567881918257
4,IFAD,300,-361.6047733036427
4,IFAD,301,-361.8277017126089
4,IFAD,302,-362.6076226862154
4,IFAD,303,-365.1868621241702
4,IFAD,304,-359.22289509083646
4,IFAD,305,-360.51458131981457
4,IFAD,306,-360.8217108935489
4,IFAD,307,-368.6219826895136
4,IFAD,308,-359.19869503395586
4,IFAD,309,-365.4227580320577
4,IFAD,310,-368.02219550472387
4,IFAD,311,-360.95589571710826
4,IFAD,312,-363.3484964444077
4,IFAD,313,-365.1175600493923
4,IFAD,314,-364.08749870287807
4,IFAD,315,-365.71948593236937
4,IFAD,316,-365.3175459708083
4,IFAD,317,-363.097408111691
4,IFAD,318,-357.8579803552107
4,IFAD,319,-361.72130014964506
4,IFAD,320,-363.16026703406465
4,IFAD,321,-361.6717607145981
4,IFAD,322,-363.9193680466869
4,IFAD,323,-364.78798373829943
4,IFAD,324,-363.939950661368
4,IFAD,325,-367.46382122634344
4,IFAD,326,-364.29504235559347
4,IFAD,327,-360.90390245818224
4,IFAD,328,-365.98872057985665
4,IFAD,329,-362.68135868187113
4,IFAD,330,-365.45267784562395
4,IFAD,331,-362.2322088687378
4,IFAD,332,-363.72949949757907
4,IFAD,333,-359.4684307993586
4,IFAD,334,-359.1198211103413
4,IFAD,335,-363.93872311424275
4,IFAD,336,-363.19305563216903
4,IFAD,337,-364.54053735170237
4,IFAD,338,-366.92098098828376
4,IFAD,339,-368.4499576788954
4,IFAD,340,-365.1535919142162
4,IFAD,341,-363.0458340164563
4,IFAD,342,-363.89155390689916
4,IFAD,343,-358.1708036113046
4,IFAD,344,-360.06915381238514
4,IFAD,345,-363.7247976486323
4,IFAD,346,-369.00633927383507
4,IFAD,347,-368.08402223760186
4,IFAD,348,-358.3584989797082
4,IFAD,349,-361.87764045343016
4,IFAD,350,-361.96437150081914
4,IFAD,351,-362.2179706790322
4,IFAD,352,-364.28309864070883
4,IFAD,353,-360.64890899273934
4,IFAD,354,-366.9462462238753
4,IFAD,355,-365.9798155377102
4,IFAD,356,-370.3659823921506
4,IFAD,357,-370.5413770030942
4,IFAD,358,-360.6935129679366
4,IFAD,359,-367.3784229870637
4,IFAD,360,-358.5915055719366
4,IFAD,361,-368.5623221673751
4,IFAD,362,-366.96821358708
4,IFAD,363,-366.2992131005862
4,IFAD,364,-364.5725956030196
4,IFAD,365,-364.4735215870378
4,IFAD,366,-362.84565611824013
4,IFAD,367,-362.5457301277321
4,IFAD,368,-364.7193134502071
4,IFAD,369,-361.11682744881745
4,IFAD,370,-364.3611510452125
4,IFAD,371,-366.44500018411986
4,IFAD,372,-360.74707280872025
4,IFAD,373,-363.0612096802625
4,IFAD,374,-360.9481337733458
4,IFAD,375,-362.6878357573468
4,IFAD,376,-364.45284292449116
4,IFAD,377,-363.66333460499874
4,IFAD,378,-366.7785589018544
4,IFAD,379,-367.84305887888706
4,IFAD,380,-363.1654907535845
4,IFAD,381,-366.29414881050457
4,IFAD,382,-364.34133617458656
4,IFAD,383,-366.5432706827659
4,IFAD,384,-360.4469196571573
4,IFAD,385,-362.6882154285812
4,IFAD,386,-362.43796572584665
4,IFAD,387,-365.8861596151864
4,IFAD,388,-362.58842387665584
4,IFAD,389,-360.88546958294296
4,IFAD,390,-359.60104986406634
4,IFAD,391,-359.87844649081836
4,IFAD,392,-367.14673040190473
4,IFAD,393,-361.7295095331793
4,IFAD,394,-361.8431571600699
4,IFAD,395,-364.3024786796241
4,IFAD,396,-362.3993785942786
4,IFAD,397,-365.52492591788734
4,IFAD,398,-363.38945743293624
4,IFAD,399,-359.3946694839523
4,DS19,0,-402.24069198584135
4,DS19,1,-390.2901239374362
4,DS19,2,-374.2670472992362
4,DS19,3,-391.25025060268234
4,DS19,4,-394.60033738124133
4,DS19,5,-410.83571674166313
4,DS19,6,-393.73397005778884
4,DS19,7,-386.0229797610822
4,DS19,8,-389.52029819784514
4,DS19,9,-380.66287419021864
4,DS19,10,-380.02339907120944
4,DS19,11,-377.4383952401912
4,DS19,12,-393.84466322018113
4,DS19,13,-386.9849586051917
4,DS19,14,-381.63039380879036
4,DS19,15,-368.25778303500357
4,DS19,16,-388.74650692476655
4,DS19,17,-378.3250269260091
4,DS19,18,-376.4828218609755
4,DS19,19,-389.1511487305096
4,DS19,20,-382.2158650429301
4,DS19,21,-371.51643588735124
4,DS19,22,-370.59752190254324
4,DS19,23,-379.5929482071438
4,DS19,24,-375.4934985939513
4,DS19,25,-390.0309169570876
4,DS19,26,-378.29926898685443
4,DS19,27,-373.0402869884136
4,DS19,28,-380.3471413524628
4,DS19,29,-372.4931188760779
4,DS19,30,-376.2432134055034
4,DS19,31,-372.1016375601248
4,DS19,32,-383.13074974358716
4,DS19,33,-380.18388911506224
4,DS19,34,-367.6537166909865
4,DS19,35,-383.55725991639235
4,DS19,36,-385.0212035479481
4,DS19,37,-369.52768779536007
4,DS19,38,-370.5393532385748
4,DS19,39,-372.7403627212882
4,DS19,40,-375.0737990594466
4,DS19,41,-381.4921319855563
4,DS19,42,-385.3404444911895
4,DS19,43,-380.27410217225133
4,DS19,44,-376.004835092497
4,DS19,45,-369.0793148122658
4,DS19,46,-370.766723740994
4,DS19,47,-387.8745617989396
4,DS19,48,-379.2648755438835
4,DS19,49,-377.26254198045535
4,DS19,50,-391.182236254176
4,DS19,51,-380.5850153140392
4,DS19,52,-386.75141849881294
4,DS19,53,-369.9712916284293
4,DS19,54,-376.2619007842222
4,DS19,55,-374.8531347035225
4,DS19,56,-368.5938514098826
4,DS19,57,-377.3024464250258
4,DS19,58,-384.30390555252086
4,DS19,59,-384.24757594982316
4,DS19,60,-371.7568224924233
4,DS19,61,-395.3910157858597
4,DS19,62,-376.371022435871
4,DS19,63,-378.9110560893197
4,DS19,64,-382.3833386897761
4,DS19,65,-378.1761188611596
4,DS19,66,-379.00241811524705
4,DS19,67,-384.34889039938173
4,DS19,68,-368.45548610409355
4,DS19,69,-380.9223429463779
4,DS19,70,-367.78109133373835
4,DS19,71,-390.0398131696148
4,DS19,72,-370.79381928039714
4,DS19,73,-376.94776157213266
4,DS19,74,-378.9100468587978
4,DS19,75,-392.55564636723716
4,DS19,76,-379.51018931280385
4,DS19,77,-375.38676808585046
4,DS19,78,-383.836728338632
4,DS19,79,-387.6849769923057
4,DS19,80,-372.6009682129291
4,DS19,81,-370.7093311023881
4,DS19,82,-371.3849938488443
4,DS19,83,-371.7899267026411
4,DS19,84,-372.63998868337825
4,DS19,85,-368.61935527269446
4,DS19,86,-385.88122556083994
4,DS19,87,-381.6510897707355
4,DS19,88,-371.187553921599
4,DS19,89,-371.7148065776699
4,DS19,90,-373.55240863258655
4,DS19,91,-372.31370813926816
4,DS19,92,-372.04330755684106
4,DS19,93,-366.44215946367575
4,DS19,94,-373.95791930993806
4,DS19,95,-371.2773059076719
4,DS19,96,-369.300311572764
4,DS19,97,-385.9069430300793
4,DS19,98,-372.33823033882106
4,DS19,99,-377.35694045338084
4,DS19,100,-369.84303253423457
4,DS19,101,-380.62403299957396
4,DS19,102,-373.54639431687804
4,DS19,103,-385.72920589536943
4,DS19,104,-367.4760529072261
4,DS19,105,-370.90275000231236
4,DS19,106,-374.7069921048996
4,DS19,107,-364.2048265924815
4,DS19,108,-375.07436581338084
4,DS19,109,-373.0255079083146
4,DS19,110,-378.4912106435049
4,DS19,111,-374.98823677052206
4,DS19,112,-368.10452217647577
4,DS19,113,-371.2613329016
4,DS19,114,-388.0603730948393
4,DS19,115,-375.8904727575304
4,DS19,116,-384.6651872882756
4,DS19,117,-376.1074967181306
4,DS19,118,-374.0409841858443
4,DS19,119,-382.1484680426944
4,DS19,120,-370.8240238895603
4,DS19,121,-368.4871797712191
4,DS19,122,-382.9169317138761
4,DS19,123,-381.03754657303796
4,DS19,124,-380.884090090358
4,DS19,125,-382.23854150900297
4,DS19,126,-377.992842417842
4,DS19,127,-367.99928010595477
4,DS19,128,-370.2357947420079
4,DS19,129,-374.3239944230448
4,DS19,130,-375.01075312621913
4,DS19,131,-376.1841937983672
4,DS19,132,-378.1840492483833
4,DS19,133,-380.3013451590994
4,DS19,134,-368.6434987983086
4,DS19,135,-358.4151901807647
4,DS19,136,-377.3741872420931
4,DS19,137,-372.41475312980117
4,DS19,138,-384.07462415941654
4,DS19,139,-370.9595889499258
4,DS19,140,-377.9277410132024
4,DS19,141,-384.56380217370656
4,DS19,142,-368.6511897540658
4,DS19,143,-378.68881975195046
4,DS19,144,-371.0913397100351
4,DS19,145,-371.54000130722466
4,DS19,146,-378.12711366027105
4,DS19,147,-367.6417082590967
4,DS19,148,-377.52773727842833
4,DS19,149,-370.742490880291
4,DS19,150,-375.6312908928446
4,DS19,151,-378.7993262836943
4,DS19,152,-370.1672530375649
4,DS19,153,-376.2159271646532
4,DS19,154,-377.4821658852656
4,DS19,155,-381.3831923589635
4,DS19,156,-377.4243929123939
4,DS19,157,-376.3676429589412
4,DS19,158,-384.3870632190354
4,DS19,159,-374.5685833744637
4,DS19,160,-384.4016914009196
4,DS19,161,-375.69790953556196
4,DS19,162,-371.95124278764973
4,DS19,163,-375.121182706008
4,DS19,164,-383.3475625855832
4,DS19,165,-372.259180702582
4,DS19,166,-381.05458407930035
4,DS19,167,-388.3745839720138
4,DS19,168,-371.30014353232866
4,DS19,169,-406.16655251143754
4,DS19,170,-372.55434405399455
4,DS19,171,-365.68592978874045
4,DS19,172,-373.49254839059154
4,DS19,173,-383.09519877151587
4,DS19,174,-370.86014950289535
4,DS19,175,-393.7138532762564
4,DS19,176,-381.08697940732714
4,DS19,177,-377.75367732863845
4,DS19,178,-377.0784259097141
4,DS19,179,-378.0026608242387
4,DS19,180,-369.80525313654346
4,DS19,181,-386.7560019380529
4,DS19,182,-376.0408037483578
4,DS19,183,-374.4419449587121
4,DS19,184,-376.2316037232376
4,DS19,185,-385.765756269974
4,DS19,186,-380.86204042587065
4,DS19,187,-383.44011853940333
4,DS19,188,-374.1677363474578
4,DS19,189,-373.23131006407505
4,DS19,190,-377.98582116010016
4,DS19,191,-381.87399164829066
4,DS19,192,-380.88026228501394
4,DS19,193,-368.04696690949504
4,DS19,194,-374.7497519708177
4,DS19,195,-389.6946972139397
4,DS19,196,-380.6428071256764
4,DS19,197,-377.34029683183167
4,DS19,198,-367.90314955890227
4,DS19,199,-385.1477062116552
4,DS19,200,-371.56388609576385
4,DS19,201,-379.8347037369747
4,DS19,202,-374.7662622893191
4,DS19,203,-374.6889178745075
4,DS19,204,-376.31754236553695
4,DS19,205,-371.890555293927
4,DS19,206,-376.54294165011675
4,DS19,207,-361.4071452945569
4,DS19,208,-371.9969994424366
4,DS19,209,-379.3868124213919
4,DS19,210,-374.91203662872914
4,DS19,211,-381.0341073135505
4,DS19,212,-367.40652823267885
4,DS19,213,-369.81037765817734
4,DS19,214,-388.8571770958167
4,DS19,215,-380.0455778066077
4,DS19,216,-375.0066635949794
4,DS19,217,-385.390155010435
4,DS19,218,-377.80255562435985
4,DS19,219,-370.17777752927265
4,DS19,220,-376.7660524129134
4,DS19,221,-377.02436479475347
4,DS19,222,-376.87021991536506
4,DS19,223,-379.40426791328446
4,DS19,224,-372.7848210034714
4,DS19,225,-374.52427659607497
4,DS19,226,-379.8846527581816
4,DS19,227,-377.2888046222085
4,DS19,228,-396.89945828746875
4,DS19,229,-378.1010013366283
4,DS19,230,-373.5516113393575
4,DS19,231,-376.99252335855783
4,DS19,232,-369.82300382608923
4,DS19,233,-372.4147317216905
4,DS19,234,-371.9547544843257
4,DS19,235,-372.03232137156266
4,DS19,236,-375.70999423616354
4,DS19,237,-380.92091899922184
4,DS19,238,-388.27504609322574
4,DS19,239,-388.1834035653668
4,DS19,240,-374.33117279967576
4,DS19,241,-374.49503634846235
4,DS19,242,-369.27172992323125
4,DS19,243,-379.597608186787
4,DS19,244,-378.7547977866957
4,DS19,245,-380.08801785898424
4,DS19,246,-381.82650848594164
4,DS19,247,-379.6690441175687
4,DS19,248,-383.85685008665024
4,DS19,249,-377.77916388022595
4,DS19,250,-376.61354373402935
4,DS19,251,-373.30822250517286
4,DS19,252,-386.1047741359654
4,DS19,253,-376.72513523730356
4,DS19,254,-366.3003782568968
4,DS19,255,-382.20570730317354
4,DS19,256,-375.3326690824866
4,DS19,257,-369.00879588165446
4,DS19,258,-367.9085518156115
4,DS19,259,-380.2770320349195
4,DS19,260,-370.77205949773753
4,DS19,261,-376.3954844350474
4,DS19,262,-370.7040089870385
4,DS19,263,-376.4417340820239
4,DS19,264,-377.37439382558887
4,DS19,265,-377.9614055555304
4,DS19,266,-379.0135243474266
4,DS19,267,-384.5696321362378
4,DS19,268,-374.5282262641631
4,DS19,269,-390.9120019860291
4,DS19,270,-382.3651451796433
4,DS19,271,-383.68186995882485
4,DS19,272,-387.9814696745374
4,DS19,273,-388.1052761316915
4,DS19,274,-380.5902992046121
4,DS19,275,-375.3216767233798
4,DS19,276,-378.1442872409766
4,DS19,277,-368.22336245871793
4,DS19,278,-367.88083680648504
4,DS19,279,-381.1884724716532
4,DS19,280,-385.24627578017083
4,DS19,281,-384.62916053152424
4,DS19,282,-374.46090285430904
4,DS19,283,-368.8401754099605
4,DS19,284,-373.42916728795467
4,DS19,285,-361.51715662605875
4,DS19,286,-377.1621265768324
4,DS19,287,-381.0690563424406
4,DS19,288,-368.7690409799791
4,DS19,289,-374.13267733429956
4,DS19,290,-375.73936488616164
4,DS19,291,-371.96571884067066
4,DS19,292,-370.047808564946
4,DS19,293,-371.6335438116041
4,DS19,294,-369.6971485588791
4,DS19,295,-374.4186540802855
4,DS19,296,-372.96437146327264
4,DS19,297,-380.42374014685737
4,DS19,298,-378.8909201240633
4,DS19,299,-378.0118787844879
4,CTDD21,0,-464.47748395841313
4,CTDD21,1,-484.06377605000375
4,CTDD21,2,-438.2696679045869
4,CTDD21,3,-452.6375448926034
4,CTDD21,4,-431.28071653309775
4,CTDD21,5,-418.9636041060533
4,CTDD21,6,-436.6750914949657
4,CTDD21,7,-467.45008641358555
4,CTDD21,8,-457.55158038021443
4,CTDD21,9,-419.14262603402705
4,CTDD21,10,-446.9000371670284
4,CTDD21,11,-449.68308088222864
4,CTDD21,12,-444.46636141150583
4,CTDD21,13,-431.63113217472477
4,CTDD21,14,-444.4558981590153
4,CTDD21,15,-458.894859222533
4,CTDD21,16,-421.35984505429934
4,CTDD21,17,-420.26752809037805
4,CTDD21,18,-430.31395119848503
4,CTDD21,19,-453.185620345666
4,CTDD21,20,-391.33813635169474
4,CTDD21,21,-407.51912608251536
4,CTDD21,22,-441.57542642987625
4,CTDD21,23,-428.0858285553435
4,CTDD21,24,-428.95923657059325
4,CTDD21,25,-436.68677746976357
4,CTDD21,26,-418.9498611745503
4,CTDD21,27,-423.38480937326773
4,CTDD21,28,-447.9795563994283
4,CTDD21,29,-431.4118331161659
4,CTDD21,30,-418.0669417325063
4,CTDD21,31,-433.81851140341803
4,CTDD21,32,-451.6441375676378
4,CTDD21,33,-427.0514246102606
4,CTDD21,34,-414.27079362959677
4,CTDD21,35,-422.31482345516366
4,CTDD21,36,-432.78256055016567
4,CTDD21,37,-417.2780939248846
4,CTDD21,38,-403.85001171671354
4,CTDD21,39,-408.3094293141047
4,CTDD21,40,-427.37736434559645
4,CTDD21,41,-419.414384985286
4,CTDD21,42,-431.09728182862136
4,CTDD21,43,-421.15553130218154
4,CTDD21,44,-408.9351638818253
4,CTDD21,45,-416.7203852548182
4,CTDD21,46,-442.4171921562352
4,CTDD21,47,-406.7144832412536
4,CTDD21,48,-413.97551595380105
4,CTDD21,49,-407.7205033334279
4,CTDD21,50,-435.57307078274897
4,CTDD21,51,-408.6196007230355
4,CTDD21,52,-414.3034135683845
4,CTDD21,53,-422.21340394984713
4,CTDD21,54,-422.7890058403372
4,CTDD21,55,-422.32816797620467
4,CTDD21,56,-413.8949643314864
4,CTDD21,57,-428.20762930540866
4,CTDD21,58,-442.2801066480978
4,CTDD21,59,-442.7718576516776
4,CTDD21,60,-424.29460610847343
4,CTDD21,61,-420.9772185391306
4,CTDD21,62,-408.35162606966037
4,CTDD21,63,-408.0737303206528
4,CTDD21,64,-408.50344671922176
4,CTDD21,65,-396.1037138663586
4,CTDD21,66,-436.963138043321
4,CTDD21,67,-423.32935497521544
4,CTDD21,68,-395.16779047172906
4,CTDD21,69,-410.56468242500137
4,CTDD21,70,-455.0530599343187
4,CTDD21,71,-447.9299896927418
4,CTDD21,72,-415.00097460182616
4,CTDD21,73,-430.23449163323687
4,CTDD21,74,-408.1809497028423
4,CTDD21,75,-459.42568315807006
4,CTDD21,76,-404.6044369598934
4,CTDD21,77,-421.4992697666891
4,CTDD21,78,-404.9636647996939
4,CTDD21,79,-388.19150548366656
4,CTDD21,80,-418.378806416692
4,CTDD21,81,-408.7505481909162
4,CTDD21,82,-433.75098708798066
4,CTDD21,83,-412.7674803155316
4,CTDD21,84,-416.009998081723
4,CTDD21,85,-435.0089734315804
4,CTDD21,86,-425.0647495235901
4,CTDD21,87,-428.40909806852426
4,CTDD21,88,-436.64150246012576
4,CTDD21,89,-397.9885744580808
4,CTDD21,90,-424.8982292904415
4,CTDD21,91,-400.47470851549247
4,CTDD21,92,-433.2141401615847
4,CTDD21,93,-426.8690580185116
4,CTDD21,94,-430.2343430332046
4,CTDD21,95,-418.93085059837586
4,CTDD21,96,-456.8169202247275
4,CTDD21,97,-412.86809327143055
4,CTDD21,98,-426.64126614653486
4,CTDD21,99,-419.4917490429093
4,CTDD21,100,-428.08905262291813
4,CTDD21,101,-425.376835184669
4,CTDD21,102,-425.65229044545435
4,CTDD21,103,-452.2205627404975
4,CTDD21,104,-438.19283538431284
4,CTDD21,105,-390.4804617592539
4,CTDD21,106,-473.6707198588583
4,CTDD21,107,-411.17249850686005
4,CTDD21,108,-428.9473535879718
4,CTDD21,109,-433.30388226052474
4,CTDD21,110,-414.39177753527946
4,CTDD21,111,-427.95236856351954
4,CTDD21,112,-414.99431500242434
4,CTDD21,113,-404.68426170139094
4,CTDD21,114,-432.7043229189102
4,CTDD21,115,-461.64858339027677
4,CTDD21,116,-458.85650153064205
4,CTDD21,117,-439.0559823951685
4,CTDD21,118,-399.16063601319
4,CTDD21,119,-405.29568220343094
4,CTDD21,120,-416.5833111975248
4,CTDD21,121,-454.10254199546864
4,CTDD21,122,-430.88422042926834
4,CTDD21,123,-429.81645051386386
4,CTDD21,124,-391.6526123095267
4,CTDD21,125,-433.75717718724843
4,CTDD21,126,-415.85652059839776
4,CTDD21,127,-428.44291502341093
4,CTDD21,128,-424.5031035354381
4,CTDD21,129,-416.1008359877972
4,CTDD21,130,-444.07823359004294
4,CTDD21,131,-437.2026552575487
4,CTDD21,132,-428.58867430122257
4,CTDD21,133,-427.7651502532193
4,CTDD21,134,-427.42018549014256
4,CTDD21,135,-434.06856412523325
4,CTDD21,136,-430.0813297090382
4,CTDD21,137,-427.67942348167236
4,CTDD21,138,-425.2376039723782
4,CTDD21,139,-430.97748730050114
4,CTDD21,140,-422.37729023740866
4,CTDD21,141,-422.9023605088767
4,CTDD21,142,-440.02421456779456
4,CTDD21,143,-437.41774439985005
4,CTDD21,144,-418.78896795568403
4,CTDD21,145,-423.4728197443672
4,CTDD21,146,-420.59206153113837
4,CTDD21,147,-389.57730510957344
4,CTDD21,148,-427.5557925681747
4,CTDD21,149,-446.7036305296734
4,CTDD21,150,-437.0215272086499
4,CTDD21,151,-403.8627106150615
4,CTDD21,152,-432.22679375451213
4,CTDD21,153,-437.33000228609194
4,CTDD21,154,-435.7121649851829
4,CTDD21,155,-434.851728868766
4,CTDD21,156,-408.82372044364763
4,CTDD21,157,-440.9621503039339
4,CTDD21,158,-438.5146271270187
4,CTDD21,159,-429.1231738246888
4,CTDD21,160,-416.82989372000134
4,CTDD21,161,-403.46232763737953
4,CTDD21,162,-410.8855116733871
4,CTDD21,163,-423.5691560468704
4,CTDD21,164,-406.6883502000387
4,CTDD21,165,-418.7214656359985
4,CTDD21,166,-435.4197251497733
4,CTDD21,167,-418.7955013290367
4,CTDD21,168,-430.0716797298862
4,CTDD21,169,-430.87102905531685
4,CTDD21,170,-426.1889733443109
4,CTDD21,171,-413.695273798376
4,CTDD21,172,-429.60788511110246
4,CTDD21,173,-423.38604131059697
4,CTDD21,174,-427.8170463420647
4,CTDD21,175,-414.8768728625947
4,CTDD21,176,-408.28773206081763
4,CTDD21,177,-426.50660767311985
4,CTDD21,178,-417.1568471606294
4,CTDD21,179,-414.5363979326472
4,CTDD21,180,-404.0477438127811
4,CTDD21,181,-432.5258000719635
4,CTDD21,182,-430.01510298910034
4,CTDD21,183,-422.6253752717517
4,CTDD21,184,-417.66461103091075
4,CTDD21,185,-419.8588172521213
4,CTDD21,186,-434.559082212488
4,CTDD21,187,-420.9016139601506
4,CTDD21,188,-417.78007883911164
4,CTDD21,189,-431.4044837694037
4,CTDD21,190,-420.1897301898486
4,CTDD21,191,-422.1291172214494
4,CTDD21,192,-440.6583609636607
4,CTDD21,193,-404.30352032158567
4,CTDD21,194,-435.23187479056776
4,CTDD21,195,-440.9298296109489
4,CTDD21,196,-411.4083966166677
4,CTDD21,197,-409.6569907759573
4,CTDD21,198,-418.41127862576997
4,CTDD21,199,-411.50143458044323
4,CTDD21,200,-423.606301431428
4,CTDD21,201,-442.09484162184515
4,CTDD21,202,-415.36438259622946
4,CTDD21,203,-415.7991148981482
4,CTDD21,204,-438.34181149758246
4,CTDD21,205,-394.35081013370524
4,CTDD21,206,-445.61791632963724
4,CTDD21,207,-434.5795078764182
4,CTDD21,208,-431.30342415220724
4,CTDD21,209,-430.8820795900535
4,CTDD21,210,-432.7172099118192
4,CTDD21,211,-436.25728820082134
4,CTDD21,212,-433.0280964726012
4,CTDD21,213,-434.82400374976896
4,CTDD21,214,-425.26185324174503
4,CTDD21,215,-417.4180494435829
4,CTDD21,216,-428.86742069219906
4,CTDD21,217,-419.47815523582136
4,CTDD21,218,-429.1207371533373
4,CTDD21,219,-431.078062093045
4,CTDD21,220,-418.96075906896033
4,CTDD21,221,-424.9946439105865
4,CTDD21,222,-434.3172305474877
4,CTDD21,223,-431.0533887768077
4,CTDD21,224,-402.45052938214474
4,CTDD21,225,-431.3931467295592
4,CTDD21,226,-437.3993889304955
4,CTDD21,227,-421.83374853052123
4,CTDD21,228,-421.1089760408312
4,CTDD21,229,-434.20988298459827
4,CTDD21,230,-428.9951625785942
4,CTDD21,231,-432.24612392625085
4,CTDD21,232,-443.01757117098384
4,CTDD21,233,-402.01180882772695
4,CTDD21,234,-411.97751739861656
4,CTDD21,235,-416.4390450888137
4,CTDD21,236,-440.57879842325855
4,CTDD21,237,-435.0147137558215
4,CTDD21,238,-422.12262643777586
4,CTDD21,239,-414.1060052040436
4,CTDD21,240,-424.62417269487764
4,CTDD21,241,-421.7834391171558
4,CTDD21,242,-396.4232715217049
4,CTDD21,243,-405.35306017456725
4,CTDD21,244,-406.48788915278914
4,CTDD21,245,-407.94378294381147
4,CTDD21,246,-420.2036600235565
4,CTDD21,247,-407.60253818068367
4,CTDD21,248,-426.3028803305506
4,CTDD21,249,-418.07988850597974
4,CTDD21,250,-420.1640604992609
4,CTDD21,251,-413.4187717250876
4,CTDD21,252,-407.3292847485523
4,CTDD21,253,-436.9467585747004
4,CTDD21,254,-406.9700651185278
4,CTDD21,255,-405.42813096628345
4,CTDD21,256,-405.7626115889906
4,CTDD21,257,-436.711146106936
4,CTDD21,258,-431.97357521747745
4,CTDD21,259,-450.06169657660007
4,CTDD21,260,-421.8852033979395
4,CTDD21,261,-416.73877754491093
4,CTDD21,262,-427.7125312670985
4,CTDD21,263,-421.42604761283116
4,CTDD21,264,-421.4843088033773
4,CTDD21,265,-430.9804603563103
4,CTDD21,266,-425.7508287018212
4,CTDD21,267,-442.7432915801732
4,CTDD21,268,-432.26088318511415
4,CTDD21,269,-423.02663618324294
4,CTDD21,270,-422.0492179581837
4,CTDD21,271,-431.75066247014956
4,CTDD21,272,-413.41040312488553
4,CTDD21,273,-469.80439516970193
4,CTDD21,274,-412.64519979079273
4,CTDD21,275,-400.51908371296963
4,CTDD21,276,-421.6529507539891
4,CTDD21,277,-421.35321155364926
4,CTDD21,278,-435.1995174138309
4,CTDD21,279,-439.3924525067148
4,CTDD21,280,-425.6350234616009
4,CTDD21,281,-408.82276796940624
4,CTDD21,282,-420.853481770501
4,CTDD21,283,-409.1162955489479
4,CTDD21,284,-410.53092985880323
4,CTDD21,285,-412.7671461748747
4,CTDD21,286,-444.64105616163835
4,CTDD21,287,-441.1488339292077
4,CTDD21,288,-421.8285062043716
4,CTDD21,289,-412.68253189404186
4,CTDD21,290,-455.350512426441
4,CTDD21,291,-436.9603850177773
4,CTDD21,292,-433.43703241439783
4,CTDD21,293,-422.2105021646603
4,CTDD21,294,-421.22483086652517
4,CTDD21,295,-421.21638597889944
4,CTDD21,296,-433.98840647721113
4,CTDD21,297,-429.42365447944337
4,CTDD21,298,-419.0502012051738
4,CTDD21,299,-420.3328222582652
5,IF2,0,-367.26460828466804
5,IF2,1,-370.5498657905749
5,IF2,2,-371.5787086675572
5,IF2,3,-372.4210258786327
5,IF2,4,-367.249085416622
5,IF2,5,-365.99302579491564
5,IF2,6,-369.5153527058859
5,IF2,7,-365.93019212854955
5,IF2,8,-368.3328331952257
5,IF2,9,-365.0763229756875
5,IF2,10,-367.0989942975292
5,IF2,11,-368.05930226513965
5,IF2,12,-363.90042685808106
5,IF2,13,-362.7683672640758
5,IF2,14,-363.7803320094763
5,IF2,15,-364.55214759932016
5,IF2,16,-369.02896089528747
5,IF2,17,-368.0249137274916
5,IF2,18,-367.87566102128466
5,IF2,19,-366.96133122307236
5,IF2,20,-361.0274734098458
5,IF2,21,-366.1206194310762
5,IF2,22,-373.79231058355197
5,IF2,23,-368.64483618349544
5,IF2,24,-369.21480192894546
5,IF2,25,-367.616489227202
5,IF2,26,-366.23278442990255
5,IF2,27,-368.0170233434578
5,IF2,28,-366.6713372155981
5,IF2,29,-368.7066304302348
5,IF2,30,-369.6417670389499
5,IF2,31,-370.9531151270348
5,IF2,32,-367.47024059731007
5,IF2,33,-360.97997336239996
5,IF2,34,-366.14105462083205
5,IF2,35,-367.9518898062428
5,IF2,36,-369.2453231284379
5,IF2,37,-362.0670003531593
5,IF2,38,-365.9198142740259
5,IF2,39,-366.7590062639775
5,IF2,40,-367.98031492259787
5,IF2,41,-365.23067104358404
5,IF2,42,-358.10586341996014
5,IF2,43,-361.4082217152551
5,IF2,44,-362.2404779938845
5,IF2,45,-367.23337301717027
5,IF2,46,-366.25785278763624
5,IF2,47,-365.3151175373768
5,IF2,48,-362.7921619977792
5,IF2,49,-364.33901626061237
5,IF2,50,-366.04377063603
5,IF2,51,-362.16674195632845
5,IF2,52,-366.0282773635188
5,IF2,53,-364.3863386340716
5,IF2,54,-363.84257164067327
5,IF2,55,-363.79959456556196
5,IF2,56,-362.9249379124182
5,IF2,57,-368.22704011726734
5,IF2,58,-358.96903539750355
5,IF2,59,-367.3376398723414
5,IF2,60,-371.56565391481365
5,IF2,61,-367.8037535638019
5,IF2,62,-366.9473385065684
5,IF2,63,-363.8022226787914
5,IF2,64,-372.0111012581232
5,IF2,65,-362.9758160708443
5,IF2,66,-366.40629785729897
5,IF2,67,-365.194665907707
5,IF2,68,-371.2250695200007
5,IF2,69,-366.0914056273088
5,IF2,70,-367.67807376699557
5,IF2,71,-369.7146532146912
5,IF2,72,-367.23834566537187
5,IF2,73,-366.2401073041642
5,IF2,74,-368.2288355122301
5,IF2,75,-367.3949918165782
5,IF2,76,-360.3321320821863
5,IF2,77,-359.72761748385125
5,IF2,78,-361.31393905670893
5,IF2,79,-366.3873257324156
5,IF2,80,-363.3086446634805
5,IF2,81,-364.0326360469782
5,IF2,82,-369.5818333185441
5,IF2,83,-377.6013469736084
5,IF2,84,-368.3091971349757
5,IF2,85,-369.1442921044539
5,IF2,86,-368.4569423012036
5,IF2,87,-369.74019099018426
5,IF2,88,-362.1022118564142
5,IF2,89,-365.3852135630846
5,IF2,90,-363.8516057279711
5,IF2,91,-360.32787125787524
5,IF2,92,-367.6784021642763
5,IF2,93,-364.3665034363314
5,IF2,94,-365.19731842671956
5,IF2,95,-367.1151118455354
5,IF2,96,-365.79977627726794
5,IF2,97,-369.5810164370781
5,IF2,98,-363.27742545980294
5,IF2,99,-367.41888464894976
5,IF2,100,-361.38681492532595
5,IF2,101,-365.46030618607966
5,IF2,102,-363.657575725935
5,IF2,103,-362.5728410343662
5,IF2,104,-365.4412986656834
5,IF2,105,-367.54885715245086
5,IF2,106,-368.4145369307885
5,IF2,107,-368.6253623975938
5,IF2,108,-362.546884565656
5,IF2,109,-367.05985826291845
5,IF2,110,-365.31798305438684
5,IF2,111,-362.74897096340874
5,IF2,112,-367.60382113683323
5,IF2,113,-367.5181245212575
5,IF2,114,-366.879213399779
5,IF2,115,-363.2402303611976
5,IF2,116,-362.8433900497596
5,IF2,117,-363.7441041228259
5,IF2,118,-370.99058097726646
5,IF2,119,-367.93760088830356
5,IF2,120,-364.347436844979
5,IF2,121,-368.5607616214582
5,IF2,122,-364.4733973768254
5,IF2,123,-363.02802785567866
5,IF2,124,-366.72706289859383
5,IF2,125,-366.8058513616911
5,IF2,126,-365.66053145508397
5,IF2,127,-366.77625195878164
5,IF2,128,-368.8311329315447
5,IF2,129,-364.0762374997689
5,IF2,130,-363.1187088377468
5,IF2,131,-361.57249501571584
5,IF2,132,-364.4703106332148
5,IF2,133,-364.1501557044628
5,IF2,134,-369.0954765232718
5,IF2,135,-360.03758909774876
5,IF2,136,-369.16482481066345
5,IF2,137,-366.36202589815565
5,IF2,138,-364.46323757410454
5,IF2,139,-367.68553626080524
5,IF2,140,-366.4728704178836
5,IF2,141,-362.01105306805886
5,IF2,142,-361.46561842069906
5,IF2,143,-369.9706323212535
5,IF2,144,-368.5204642811166
5,IF2,145,-368.77375002803893
5,IF2,146,-367.2994205401525
5,IF2,147,-361.918949844771
5,IF2,148,-362.27121422350496
5,IF2,149,-361.5415503078198
5,IF2,150,-365.7978160047995
5,IF2,151,-363.953729097313
5,IF2,152,-367.5429110156034
5,IF2,153,-362.2225003659086
5,IF2,154,-365.98404825042843
5,IF2,155,-360.4594867208269
5,IF2,156,-366.407531889787
5,IF2,157,-368.87312800317176
5,IF2,158,-364.4411652012434
5,IF2,159,-361.90259953175257
5,IF2,160,-370.22381199464326
5,IF2,161,-368.51384780761674
5,IF2,162,-359.62287596945805
5,IF2,163,-363.83707062436207
5,IF2,164,-370.4505758730373
5,IF2,165,-369.2801036429337
5,IF2,166,-363.28987629994634
5,IF2,167,-366.95742856132983
5,IF2,168,-361.98541816963154
5,IF2,169,-366.42883412907605
5,IF2,170,-369.9256650554943
5,IF2,171,-367.4587387143693
5,IF2,172,-364.4086438933315
5,IF2,173,-369.5976631298114
5,IF2,174,-369.2027379188877
5,IF2,175,-367.4794127197176
5,IF2,176,-364.3837384911151
5,IF2,177,-370.094763085712
5,IF2,178,-363.8275861683274
5,IF2,179,-369.6839591848456
5,IF2,180,-368.40564073264846
5,IF2,181,-366.93903546100285
5,IF2,182,-374.42899908113037
5,IF2,183,-369.0160098449871
5,IF2,184,-370.95660125806256
5,IF2,185,-367.6886037248027
5,IF2,186,-375.7837151959012
5,IF2,187,-367.90879779331755
5,IF2,188,-372.39903112455966
5,IF2,189,-367.24821908292836
5,IF2,190,-370.3112817186817
5,IF2,191,-366.7263005036223
5,IF2,192,-368.20305788599364
5,IF2,193,-365.28497495168074
5,IF2,194,-370.90748918490254
5,IF2,195,-370.98466997261676
5,IF2,196,-366.1651028161537
5,IF2,197,-362.95499741096626
5,IF2,198,-363.5373641448756
5,IF2,199,-361.98024957378686
5,IF2,200,-365.26225234997315
5,IF2,201,-366.1406289487393
5,IF2,202,-369.7237456570242
5,IF2,203,-365.65164956950167
5,IF2,204,-373.37489949968426
5,IF2,205,-363.9154123876468
5,IF2,206,-363.1544014336474
5,IF2,207,-368.28204192670813
5,IF2,208,-364.95300895878404
5,IF2,209,-363.574766209943
5,IF2,210,-368.65533225848424
5,IF2,211,-363.0566963674929
5,IF2,212,-359.3089507420801
5,IF2,213,-366.60733023573886
5,IF2,214,-363.98866398465293
5,IF2,215,-367.0351355404241
5,IF2,216,-365.79853883550487
5,IF2,217,-370.29332626274106
5,IF2,218,-364.4834410010396
5,IF2,219,-365.5127029825383
5,IF2,220,-365.9006881726565
5,IF2,221,-363.2423971859258
5,IF2,222,-364.44191580062954
5,IF2,223,-365.09965072973444
5,IF2,224,-365.844085618994
5,IF2,225,-361.8687476849465
5,IF2,226,-362.5976290504997
5,IF2,227,-364.5313877411962
5,IF2,228,-362.8581166891795
5,IF2,229,-363.77873733010387
5,IF2,230,-365.8869540453844
5,IF2,231,-361.68598827982134
5,IF2,232,-363.7710581950679
5,IF2,233,-371.2472013631906
5,IF2,234,-368.7543233836401
5,IF2,235,-367.51362072496
5,IF2,236,-364.2299506649948
5,IF2,237,-359.934743529021
5,IF2,238,-363.0397462952565
5,IF2,239,-366.2803522842331
5,IF2,240,-368.79181192470645
5,IF2,241,-369.19550236352677
5,IF2,242,-363.64603739790306
5,IF2,243,-368.3746246930368
5,IF2,244,-363.8236298639488
5,IF2,245,-364.96597579111386
5,IF2,246,-360.80263617635353
5,IF2,247,-368.2439042837701
5,IF2,248,-366.18894353565685
5,IF2,249,-359.5090937235366
5,IF2,250,-368.49600124743705
5,IF2,251,-363.5686902733983
5,IF2,252,-365.2725553093853
5,IF2,253,-364.5096532500971
5,IF2,254,-364.35700563954686
5,IF2,255,-369.3757843580647
5,IF2,256,-368.58319399819027
5,IF2,257,-363.3421572478628
5,IF2,258,-362.663207830713
5,IF2,259,-366.4419906446994
5,IF2,260,-367.91342793081213
5,IF2,261,-362.325767500452
5,IF2,262,-367.6581307008056
5,IF2,263,-368.89192961090345
5,IF2,264,-366.53975616366887
5,IF2,265,-362.55556241877895
5,IF2,266,-362.4498084764682
5,IF2,267,-364.9147718355395
5,IF2,268,-368.55400630054896
5,IF2,269,-365.32789407756
5,IF2,270,-368.6297741370441
5,IF2,271,-366.53793097835575
5,IF2,272,-362.4966974430473
5,IF2,273,-366.3798090791555
5,IF2,274,-369.48219177860915
5,IF2,275,-364.0689159230564
5,IF2,276,-363.67373722157623
5,IF2,277,-364.96875466927656
5,IF2,278,-364.90568470305453
5,IF2,279,-369.3837734418386
5,IF2,280,-364.26821674715165
5,IF2,281,-363.14909208467213
5,IF2,282,-365.2961725290424
5,IF2,283,-367.70609693932164
5,IF2,284,-361.7483686641498
5,IF2,285,-369.7723752708102
5,IF2,286,-365.4281583362697
5,IF2,287,-367.9310401104309
5,IF2,288,-367.1684568632801
5,IF2,289,-367.48713564323793
5,IF2,290,-363.5551225102364
5,IF2,291,-362.7495448089737
5,IF2,292,-361.1525894616511
5,IF2,293,-361.7057991386191
5,IF2,294,-365.1726480229192
5,IF2,295,-360.5348992529139
5,IF2,296,-364.02951803577383
5,IF2,297,-363.99922844059165
5,IF2,298,-366.1832796875896
5,IF2,299,-362.8578066349339
5,IF2,300,-361.13732248748994
5,IF2,301,-361.44462595905463
5,IF2,302,-364.59656116286874
5,IF2,303,-367.6640983172171
5,IF2,304,-361.35880431287273
5,IF2,305,-362.4014734481837
5,IF2,306,-361.23227198438735
5,IF2,307,-362.42121584774713
5,IF2,308,-366.71297993309213
5,IF2,309,-367.8893770375102
5,IF2,310,-363.7944686030106
5,IF2,311,-362.1142503499095
5,IF2,312,-364.7158764687385
5,IF2,313,-360.92064742846037
5,IF2,314,-366.7012029313873
5,IF2,315,-362.8259290760319
5,IF2,316,-369.6423054643285
5,IF2,317,-361.0583780469604
5,IF2,318,-364.90232712312934
5,IF2,319,-359.34658531675643
5,IF2,320,-364.4194082841412
5,IF2,321,-363.7760468945855
5,IF2,322,-369.0481120028957
5,IF2,323,-362.29568477651304
5,IF2,324,-363.09137272146086
5,IF2,325,-365.5818796910596
5,IF2,326,-364.86941071510745
5,IF2,327,-366.1497598220047
5,IF2,328,-366.98382461762054
5,IF2,329,-366.36572683678196
5,IF2,330,-363.84437958855824
5,IF2,331,-366.80196955255036
5,IF2,332,-362.6378449435503
5,IF2,333,-363.62678670942347
5,IF2,334,-360.2658446624391
5,IF2,335,-362.92101418651185
5,IF2,336,-359.43820779726053
5,IF2,337,-362.04754701641906
5,IF2,338,-366.6023544199781
5,IF2,339,-364.58827695800755
5,IF2,340,-363.4249916452405
5,IF2,341,-367.24734461495655
5,IF2,342,-366.73824664420056
5,IF2,343,-365.51485366304433
5,IF2,344,-364.48586108898627
5,IF2,345,-362.9384917068832
5,IF2,346,-368.3880004878504
5,IF2,347,-367.6245094554636
5,IF2,348,-365.7021626802628
5,IF2,349,-366.1703100235372
5,IF2,350,-365.43246714320577
5,IF2,351,-369.3547042847194
5,IF2,352,-363.82346053922356
5,IF2,353,-363.01262268259785
5,IF2,354,-360.501660166644
5,IF2,355,-360.94514526084896
5,IF2,356,-366.74294430479836
5,IF2,357,-362.0058653035894
5,IF2,358,-364.8622596266166
5,IF2,359,-362.1007547280265
5,IF2,360,-365.61327577646597
5,IF2,361,-366.1870292459293
5,IF2,362,-361.09136290186996
5,IF2,363,-365.18342875446524
5,IF2,364,-365.98367418262745
5,IF2,365,-363.6691354952702
5,IF2,366,-357.83178427935064
5,IF2,367,-360.6826669795807
5,IF2,368,-364.635637166093
5,IF2,369,-368.8355732003124
5,IF2,370,-363.4479550105193
5,IF2,371,-364.8628324565102
5,IF2,372,-364.5287492097121
5,IF2,373,-364.88648651751635
5,IF2,374,-365.41177610639613
5,IF2,375,-362.5472934232282
5,IF2,376,-359.24283432898034
5,IF2,377,-360.9622283404729
5,IF2,378,-367.1483695935967
5,IF2,379,-368.10362356298776
5,IF2,380,-363.724716131765
5,IF2,381,-361.6650916660234
5,IF2,382,-366.4801560999352
5,IF2,383,-362.27483732608107
5,IF2,384,-362.7220686945019
5,IF2,385,-367.8882291070457
5,IF2,386,-364.4330918112482
5,IF2,387,-365.88750113123484
5,IF2,388,-360.11077323255785
5,IF2,389,-362.82548391826924
5,IF2,390,-364.6738514275907
5,IF2,391,-369.5856154248493
5,IF2,392,-362.3280370976032
5,IF2,393,-363.1942965585159
5,IF2,394,-362.57615011753694
5,IF2,395,-361.9776004632444
5,IF2,396,-367.2575235780002
5,IF2,397,-365.66382163077094
5,IF2,398,-359.7532740928585
5,IF2,399,-364.27514052277286
5,IF2,400,-360.81778884385733
5,IF2,401,-366.3496921748673
5,IF2,402,-361.8518213422648
5,IF2,403,-363.9533653852264
5,IF2,404,-364.1004363344739
5,IF2,405,-364.21334857723934
5,IF2,406,-364.7184988088228
5,IF2,407,-367.0070887566689
5,IF2,408,-366.30238770184764
5,IF2,409,-361.4421343499792
5,IF2,410,-364.7833161312916
5,IF2,411,-363.4250648534834
5,IF2,412,-364.27232029211746
5,IF2,413,-367.7488903707346
5,IF2,414,-364.27621387328355
5,IF2,415,-359.2260095846885
5,IF2,416,-361.13464093972254
5,IF2,417,-362.38361518532065
5,IF2,418,-360.30572190195204
5,IF2,419,-366.86021842981455
5,IF2,420,-365.87293100553455
5,IF2,421,-366.8431206430309
5,IF2,422,-361.1468795320944
5,IF2,423,-360.2172094102458
5,IF2,424,-361.0528853792816
5,IF2,425,-364.2966392853098
5,IF2,426,-365.0856256363016
5,IF2,427,-367.19982862564024
5,IF2,428,-364.4649196071901
5,IF2,429,-363.5706891324542
5,IF2,430,-360.3350712874777
5,IF2,431,-363.66358517273244
5,IF2,432,-363.5858498416246
5,IF2,433,-365.51596651144143
5,IF2,434,-365.86818715980144
5,IF2,435,-366.828800145984
5,IF2,436,-361.3917988748477
5,IF2,437,-364.72190348798154
5,IF2,438,-366.34150410028656
5,IF2,439,-360.44378566038637
5,IF2,440,-364.60442879163895
5,IF2,441,-366.2019211652847
5,IF2,442,-363.72101240703313
5,IF2,443,-363.9068007387356
5,IF2,444,-361.8726881144707
5,IF2,445,-365.1446949129394
5,IF2,446,-361.03846828566503
5,IF2,447,-362.93398735770097
5,IF2,448,-363.5012393540316
5,IF2,449,-368.1272718896307
5,IF2,450,-365.0287861821123
5,IF2,451,-362.5612626448958
5,IF2,452,-369.44174141521484
5,IF2,453,-367.02167310852815
5,IF2,454,-365.8682139605645
5,IF2,455,-361.38044381181123
5,IF2,456,-362.4131647348625
5,IF2,457,-363.618253516373
5,IF2,458,-369.26720966219364
5,IF2,459,-362.9029522123701
5,IF2,460,-360.99417576111586
5,IF2,461,-368.32310944920494
5,IF2,462,-364.05781752162443
5,IF2,463,-359.4152385532395
5,IF2,464,-364.21584873541985
5,IF2,465,-363.87677941983674
5,IF2,466,-362.8365593665194
5,IF2,467,-359.50157408107344
5,IF2,468,-358.9109230437568
5,IF2,469,-359.4821860380713
5,IF2,470,-365.4760057386311
5,IF2,471,-361.821732140644
5,IF2,472,-361.16853445872556
5,IF2,473,-371.43881497550547
5,IF2,474,-363.7876315037622
5,IF2,475,-362.5253072413322
5,IF2,476,-366.77566021974127
5,IF2,477,-366.55160152470796
5,IF2,478,-365.5379844088541
5,IF2,479,-369.0365632505359
5,IF2,480,-365.5228874658213
5,IF2,481,-365.57422047427957
5,IF2,482,-361.7294949099058
5,IF2,483,-362.4853696610029
5,IF2,484,-363.4433359977001
5,IF2,485,-362.19640630348067
5,IF2,486,-366.759565177205
5,IF2,487,-366.2306852230931
5,IF2,488,-366.9720188606898
5,IF2,489,-366.40911322624487
5,IF2,490,-363.3754806239379
5,IF2,491,-360.9822168852241
5,IF2,492,-363.93354532644537
5,IF2,493,-361.27774334193896
5,IF2,494,-368.94555099082004
5,IF2,495,-365.3093386176204
5,IF2,496,-361.10284767765035
5,IF2,497,-365.2505194859925
5,IF2,498,-361.35424647833537
5,IF2,499,-364.373786497357
5,IF2,500,-367.3992221298525
5,IF2,501,-368.65422947001804
5,IF2,502,-360.28571737021116
5,IF2,503,-366.961176227767
5,IF2,504,-364.40178874970235
5,IF2,505,-360.97018437200154
5,IF2,506,-363.50762715622477
5,IF2,507,-360.0637879799956
5,IF2,508,-370.12085316232333
5,IF2,509,-364.00347012786744
5,IF2,510,-359.74198839843393
5,IF2,511,-363.046046811751
5,IF2,512,-360.53480441995674
5,IF2,513,-361.4307882834193
5,IF2,514,-362.58124186069375
5,IF2,515,-368.0261236443303
5,IF2,516,-364.1998726915689
5,IF2,517,-363.2242681615443
5,IF2,518,-365.2658434692767
5,IF2,519,-362.0027024533953
5,IF2,520,-368.4421293240513
5,IF2,521,-363.99197029779776
5,IF2,522,-365.9940207760861
5,IF2,523,-367.00245807695893
5,IF2,524,-364.45233626910806
5,IF2,525,-364.47841878438726
5,IF2,526,-362.7899865832356
5,IF2,527,-363.6051351394025
5,IF2,528,-360.74733791376156
5,IF2,529,-366.78581162232945
5,IF2,530,-365.2612920684466
5,IF2,531,-361.9281314918215
5,IF2,532,-363.76946733459846
5,IF2,533,-362.8531078714938
5,IF2,534,-362.87303553566323
5,IF2,535,-362.42525301392726
5,IF2,536,-362.6386334395303
5,IF2,537,-363.2533865191246
5,IF2,538,-362.8813469166776
5,IF2,539,-361.3301407072545
5,IF2,540,-363.6062374358193
5,IF2,541,-362.1546676715511
5,IF2,542,-365.81945800720626
5,IF2,543,-365.95262126574136
5,IF2,544,-369.2779817615728
5,IF2,545,-360.09720692731264
5,IF2,546,-361.5311454885733
5,IF2,547,-367.14344268631567
5,IF2,548,-364.6507616989754
5,IF2,549,-366.19192312538354
5,IF2,550,-369.77056719567497
5,IF2,551,-362.92971535009497
5,IF2,552,-366.67679807238585
5,IF2,553,-363.4187926251137
5,IF2,554,-362.04476595749674
5,IF2,555,-363.5275918162265
5,IF2,556,-360.4748531704023
5,IF2,557,-367.2823360486203
5,IF2,558,-365.0565511225325
5,IF2,559,-369.757482235943
5,IF2,560,-363.9778754245833
5,IF2,561,-362.1831093172836
5,IF2,562,-362.1169546909936
5,IF2,563,-370.4800478795161
5,IF2,564,-362.90456265425917
5,IF2,565,-367.2208448643608
5,IF2,566,-360.41075910620003
5,IF2,567,-357.0758209013089
5,IF2,568,-361.6613274132535
5,IF2,569,-364.1005350893349
5,IF2,570,-363.2404151797495
5,IF2,571,-365.52643419504795
5,IF2,572,-362.99111854062875
5,IF2,573,-367.5528244284222
5,IF2,574,-362.6509671380267
5,IF2,575,-362.57963217945985
5,IF2,576,-362.52138947450703
5,IF2,577,-361.7942913537675
5,IF2,578,-368.2118837829074
5,IF2,579,-362.58944487357076
5,IF2,580,-367.50501187628936
5,IF2,581,-368.42689174945826
5,IF2,582,-364.18512130683314
5,IF2,583,-364.96880009213817
5,IF2,584,-362.5992972733091
5,IF2,585,-359.97850730055006
5,IF2,586,-362.90410058117084
5,IF2,587,-364.9669520938806
5,IF2,588,-359.61806718347265
5,IF2,589,-365.21987209893996
5,IF2,590,-365.8720018095168
5,IF2,591,-365.0065272765318
5,IF2,592,-368.95066234927475
5,IF2,593,-369.98182836511717
5,IF2,594,-362.9160337016923
5,IF2,595,-362.9815883537626
5,IF2,596,-366.1326061545022
5,IF2,597,-364.5557217419291
5,IF2,598,-366.8106593610769
5,IF2,599,-364.9462853622749
5,IFAD,0,-370.607740796025
5,IFAD,1,-365.1819233695529
5,IFAD,2,-367.8410786488493
5,IFAD,3,-367.15973619570883
5,IFAD,4,-371.6476334744223
5,IFAD,5,-365.3309083744563
5,IFAD,6,-362.569844490611
5,IFAD,7,-365.8722798352675
5,IFAD,8,-363.83386082137355
5,IFAD,9,-371.9572437195281
5,IFAD,10,-359.0281696161865
5,IFAD,11,-361.6672877117391
5,IFAD,12,-371.17956397816516
5,IFAD,13,-361.327877757797
5,IFAD,14,-360.23117464338264
5,IFAD,15,-368.4517421594216
5,IFAD,16,-368.8384060193389
5,IFAD,17,-362.6019059113717
5,IFAD,18,-367.0162940616768
5,IFAD,19,-361.6474288806933
5,IFAD,20,-358.2174344958811
5,IFAD,21,-366.4557740382523
5,IFAD,22,-365.9791107135603
5,IFAD,23,-362.79454660720654
5,IFAD,24,-364.15926521286065
5,IFAD,25,-361.83576970859957
5,IFAD,26,-368.90998556486574
5,IFAD,27,-360.3251852686849
5,IFAD,28,-367.18078467764263
5,IFAD,29,-365.81031536269995
5,IFAD,30,-371.3599832014048
5,IFAD,31,-367.9918693443081
5,IFAD,32,-364.8479676885629
5,IFAD,33,-369.3861462557934
5,IFAD,34,-366.58851301484833
5,IFAD,35,-367.1717285246387
5,IFAD,36,-368.7696216798236
5,IFAD,37,-361.84122379222003
5,IFAD,38,-362.9745220870681
5,IFAD,39,-366.27783526994415
5,IFAD,40,-362.18358787189305
5,IFAD,41,-369.7793222386139
5,IFAD,42,-361.2410800971057
5,IFAD,43,-367.75829830043114
5,IFAD,44,-366.2318018624615
5,IFAD,45,-367.0649862359501
5,IFAD,46,-368.4847081702476
5,IFAD,47,-367.3333477303024
5,IFAD,48,-363.6341273651221
5,IFAD,49,-367.0080686562358
5,IFAD,50,-366.4820485401576
5,IFAD,51,-357.9308728640525
5,IFAD,52,-368.3430184771841
5,IFAD,53,-359.6230512905789
5,IFAD,54,-360.60385544937077
5,IFAD,55,-365.97992731771427
5,IFAD,56,-363.681037939364
5,IFAD,57,-367.79656404445547
5,IFAD,58,-360.40414516330225
5,IFAD,59,-367.32462148603304
5,IFAD,60,-366.1262509102436
5,IFAD,61,-363.132351674063
5,IFAD,62,-359.96604107346843
5,IFAD,63,-375.4965394751147
5,IFAD,64,-367.2692615793596
5,IFAD,65,-368.7810142326962
5,IFAD,66,-360.7536447237829
5,IFAD,67,-366.7736096469277
5,IFAD,68,-364.56518127873227
5,IFAD,69,-364.6087719426359
5,IFAD,70,-365.90555404388914
5,IFAD,71,-371.88637405760085
5,IFAD,72,-365.30052876422644
5,IFAD,73,-363.8017155749982
5,IFAD,74,-367.60449764450846
5,IFAD,75,-364.8358544207714
5,IFAD,76,-363.5732445904335
5,IFAD,77,-369.1468892728699
5,IFAD,78,-361.1823264879788
5,IFAD,79,-364.9530767520265
5,IFAD,80,-369.1103001390267
5,IFAD,81,-370.8323109568888
5,IFAD,82,-372.9661824908545
5,IFAD,83,-373.6557555567017
5,IFAD,84,-372.69009204888283
5,IFAD,85,-369.42724406421644
5,IFAD,86,-368.2710513482481
5,IFAD,87,-367.70314021120396
5,IFAD,88,-367.4788367343976
5,IFAD,89,-368.1601331419978
5,IFAD,90,-365.3872894013965
5,IFAD,91,-367.2170198090464
5,IFAD,92,-368.0897897882901
5,IFAD,93,-366.4811656276663
5,IFAD,94,-369.3956799156449
5,IFAD,95,-373.71380807060586
5,IFAD,96,-370.65754649992306
5,IFAD,97,-369.5567978505391
5,IFAD,98,-365.7435515524901
5,IFAD,99,-368.2525509045709
5,IFAD,100,-371.3761068754254
5,IFAD,101,-372.53143383968836
5,IFAD,102,-367.3224615049167
5,IFAD,103,-366.95590176912987
5,IFAD,104,-368.86931611572135
5,IFAD,105,-367.7852718701141
5,IFAD,106,-365.17996380897983
5,IFAD,107,-369.13382647262654
5,IFAD,108,-365.40018460726526
5,IFAD,109,-365.6485310667453
5,IFAD,110,-361.83202816167295
5,IFAD,111,-361.31254894631974
5,IFAD,112,-363.5238186341205
5,IFAD,113,-363.16607524661276
5,IFAD,114,-366.9761462713538
5,IFAD,115,-369.3654662326765
5,IFAD,116,-363.42116723555296
5,IFAD,117,-367.08796568385156
5,IFAD,118,-367.1933142007245
5,IFAD,119,-363.2001498500868
5,IFAD,120,-364.30807578248164
5,IFAD,121,-364.97828973517016
5,IFAD,122,-364.5507530368897
5,IFAD,123,-364.0265997595172
5,IFAD,124,-366.63140214782743
5,IFAD,125,-364.7105775757557
5,IFAD,126,-361.50449190712123
5,IFAD,127,-367.91900957887395
5,IFAD,128,-364.29459291614876
5,IFAD,129,-364.98760427569573
5,IFAD,130,-362.92774286766047
5,IFAD,131,-366.75783571256966
5,IFAD,132,-366.35304919196375
5,IFAD,133,-363.89091648409135
5,IFAD,134,-365.3090012470444
5,IFAD,135,-362.6030967405693
5,IFAD,136,-362.2415322802431
5,IFAD,137,-358.4632844538988
5,IFAD,138,-361.7408909401249
5,IFAD,139,-359.238119985483
5,IFAD,140,-356.4359877118324
5,IFAD,141,-360.73274609114713
5,IFAD,142,-362.339063041883
5,IFAD,143,-364.4927903984449
5,IFAD,144,-363.6193449420724
5,IFAD,145,-364.76571419305145
5,IFAD,146,-360.92115998734187
5,IFAD,147,-360.99466184474477
5,IFAD,148,-364.7466109654712
5,IFAD,149,-361.7433852337562
5,IFAD,150,-361.6602691825277
5,IFAD,151,-359.54249030184997
5,IFAD,152,-363.9338151757709
5,IFAD,153,-364.3090298623851
5,IFAD,154,-358.1469463468462
5,IFAD,155,-362.05065516814057
5,IFAD,156,-363.6245907057722
5,IFAD,157,-364.54041015479805
5,IFAD,158,-368.3283201313858
5,IFAD,159,-365.43648036317506
5,IFAD,160,-364.8452826673817
5,IFAD,161,-362.6628802717425
5,IFAD,162,-363.7363491717713
5,IFAD,163,-362.91692985835107
5,IFAD,164,-359.5279078560381
5,IFAD,165,-362.026607893212
5,IFAD,166,-362.03338386659937
5,IFAD,167,-365.9761426316668
5,IFAD,168,-360.9413607224051
5,IFAD,169,-367.8338355441679
5,IFAD,170,-361.08489709578186
5,IFAD,171,-366.76458364171447
5,IFAD,172,-360.6621956985348
5,IFAD,173,-359.5158427917034
5,IFAD,174,-359.48153117821363
5,IFAD,175,-364.18091838527783
5,IFAD,176,-362.93138716471424
5,IFAD,177,-362.416314051614
5,IFAD,178,-362.1287660704622
5,IFAD,179,-368.01879324729896
5,IFAD,180,-365.36687221159286
5,IFAD,181,-363.54989611517016
5,IFAD,182,-363.57606154193087
5,IFAD,183,-364.9913019811187
5,IFAD,184,-358.90228545178854
5,IFAD,185,-359.5744764841194
5,IFAD,186,-364.14579711566114
5,IFAD,187,-365.5783891126508
5,IFAD,188,-364.71634680261
5,IFAD,189,-365.3767008379286
5,IFAD,190,-360.412576121526
5,IFAD,191,-359.33628844695744
5,IFAD,192,-364.8684973740058
5,IFAD,193,-363.8447368716705
5,IFAD,194,-364.7783718808074
5,IFAD,195,-364.6612622946609
5,IFAD,196,-362.115183540709
5,IFAD,197,-363.7617353548658
5,IFAD,198,-367.85681959873824
5,IFAD,199,-363.38805441143387
5,IFAD,200,-358.29908060562923
5,IFAD,201,-360.740350453101
5,IFAD,202,-360.2749186017181
5,IFAD,203,-365.6437274727593
5,IFAD,204,-369.7094689736381
5,IFAD,205,-361.3189751831697
5,IFAD,206,-361.96128784685254
5,IFAD,207,-365.95879090477604
5,IFAD,208,-363.2216930856306
5,IFAD,209,-365.14415161306795
5,IFAD,210,-363.40653560790827
5,IFAD,211,-361.7075486488867
5,IFAD,212,-361.1288036732845
5,IFAD,213,-358.2996018716742
5,IFAD,214,-361.0251304251585
5,IFAD,215,-361.05049033790175
5,IFAD,216,-367.39194614049387
5,IFAD,217,-363.6842912589936
5,IFAD,218,-364.88980274022543
5,IFAD,219,-367.98057438341374
5,IFAD,220,-364.72817534213004
5,IFAD,221,-357.0887363641497
5,IFAD,222,-368.04746547168463
5,IFAD,223,-360.19862280751124
5,IFAD,224,-358.51836474662065
5,IFAD,225,-363.40669094342917
5,IFAD,226,-362.93166462160525
5,IFAD,227,-368.095243231561
5,IFAD,228,-360.05479363187743
5,IFAD,229,-358.23126237226086
5,IFAD,230,-363.7405645835295
5,IFAD,231,-360.34983306443854
5,IFAD,232,-364.689189252828
5,IFAD,233,-360.2401530538797
5,IFAD,234,-363.14409612283555
5,IFAD,235,-361.4249185039116
5,IFAD,236,-362.36209653586553
5,IFAD,237,-362.93452254264884
5,IFAD,238,-359.6261069789308
5,IFAD,239,-363.23161869496516
5,IFAD,240,-363.51354194261637
5,IFAD,241,-366.0753622543201
5,IFAD,242,-362.71867936753654
5,IFAD,243,-364.9138147184738
5,IFAD,244,-362.3301999486294
5,IFAD,245,-368.60459692243643
5,IFAD,246,-362.67979145463863
5,IFAD,247,-362.0305427684129
5,IFAD,248,-362.7462520058453
5,IFAD,249,-363.253424169534
5,IFAD,250,-364.8984127685529
5,IFAD,251,-364.36127786026447
5,IFAD,252,-362.6759261518451
5,IFAD,253,-361.3136771954558
5,IFAD,254,-361.00984931723275
5,IFAD,255,-367.43942696165556
5,IFAD,256,-362.2618905768539
5,IFAD,257,-364.6582316449841
5,IFAD,258,-365.40313032343005
5,IFAD,259,-364.665674846142
5,IFAD,260,-363.9161191114485
5,IFAD,261,-357.55790031716424
5,IFAD,262,-366.32228470824134
5,IFAD,263,-363.3002521276525
5,IFAD,264,-359.81815605588326
5,IFAD,265,-363.1592305610985
5,IFAD,266,-367.81307355468795
5,IFAD,267,-363.1059383574252
5,IFAD,268,-361.5332516066425
5,IFAD,269,-358.0759481624294
5,IFAD,270,-364.1532777056162
5,IFAD,271,-363.1532363448295
5,IFAD,272,-358.2114378054246
5,IFAD,273,-364.01229009870275
5,IFAD,274,-367.0432342015506
5,IFAD,275,-363.56645181728186
5,IFAD,276,-363.1659679038315
5,IFAD,277,-364.62912657711325
5,IFAD,278,-362.7250601169312
5,IFAD,279,-363.59524980909066
5,IFAD,280,-363.9843844600147
5,IFAD,281,-362.0587716671833
5,IFAD,282,-361.07504558839037
5,IFAD,283,-364.22084095644453
5,IFAD,284,-367.8223981371246
5,IFAD,285,-363.3044122497051
5,IFAD,286,-361.80117062357436
5,IFAD,287,-362.10977925747255
5,IFAD,288,-365.3457395181637
5,IFAD,289,-361.30395452695024
5,IFAD,290,-364.73701428636264
5,IFAD,291,-364.4005290561552
5,IFAD,292,-362.47576073173906
5,IFAD,293,-363.2430560122284
5,IFAD,294,-366.7882964629526
5,IFAD,295,-364.5604706020041
5,IFAD,296,-363.4050595733288
5,IFAD,297,-364.2391115744101
5,IFAD,298,-361.9543241340454
5,IFAD,299,-367.17021026432246
5,IFAD,300,-366.6999263199051
5,IFAD,301,-362.92573897467145
5,IFAD,302,-364.6317015762408
5,IFAD,303,-359.3309735684525
5,IFAD,304,-359.3561296995759
5,IFAD,305,-364.5740670136348
5,IFAD,306,-358.8412492151028
5,IFAD,307,-367.92856731480714
5,IFAD,308,-367.16576762060015
5,IFAD,309,-363.75474212531043
5,IFAD,310,-360.56967965838703
5,IFAD,311,-360.9956495111994
5,IFAD,312,-362.6674439259552
5,IFAD,313,-368.66830605076774
5,IFAD,314,-362.6873897042104
5,IFAD,315,-362.75336545240964
5,IFAD,316,-361.1595468497175
5,IFAD,317,-361.77590807321445
5,IFAD,318,-361.7533900480166
5,IFAD,319,-360.063373992641
5,IFAD,320,-367.2877959586456
5,IFAD,321,-364.59024183181776
5,IFAD,322,-363.1808400349461
5,IFAD,323,-363.50095294970197
5,IFAD,324,-365.49703665007974
5,IFAD,325,-367.22380389368624
5,IFAD,326,-359.8058033466209
5,IFAD,327,-364.98070834532456
5,IFAD,328,-366.5182978301671
5,IFAD,329,-367.50824769833434
5,IFAD,330,-360.86996379265986
5,IFAD,331,-364.1638184929705
5,IFAD,332,-361.4912714132961
5,IFAD,333,-360.1318889375188
5,IFAD,334,-360.72467487430396
5,IFAD,335,-363.20066216551226
5,IFAD,336,-362.799554984622
5,IFAD,337,-364.4307601935901
5,IFAD,338,-364.9924132320638
5,IFAD,339,-366.77056759137736
5,IFAD,340,-356.4701016439098
5,IFAD,341,-358.25628480109583
5,IFAD,342,-364.6149250532187
5,IFAD,343,-360.43849766041467
5,IFAD,344,-360.8244589211184
5,IFAD,345,-359.67330976711185
5,IFAD,346,-363.47531340807325
5,IFAD,347,-360.1272403763514
5,IFAD,348,-364.33019441651356
5,IFAD,349,-362.3535900433391
5,IFAD,350,-364.2772170812794
5,IFAD,351,-359.2910440978435
5,IFAD,352,-362.1175402706508
5,IFAD,353,-367.46226855592283
5,IFAD,354,-364.15053619640474
5,IFAD,355,-363.4304266660128
5,IFAD,356,-363.1641194542678
5,IFAD,357,-361.5102151941901
5,IFAD,358,-362.91836471211394
5,IFAD,359,-365.11540226554183
5,IFAD,360,-362.9366298908581
5,IFAD,361,-366.0427755112771
5,IFAD,362,-363.4730042478857
5,IFAD,363,-356.7260179957713
5,IFAD,364,-361.1249589977429
5,IFAD,365,-361.03546272799406
5,IFAD,366,-360.87336988630244
5,IFAD,367,-361.48563407622606
5,IFAD,368,-362.00313744984453
5,IFAD,369,-361.62188616864086
5,IFAD,370,-368.2850076411916
5,IFAD,371,-366.87424776563006
5,IFAD,372,-365.5809854006105
5,IFAD,373,-365.1752600714491
5,IFAD,374,-367.17277983718697
5,IFAD,375,-358.0311039668763
5,IFAD,376,-363.60084575608766
5,IFAD,377,-364.10940945523475
5,IFAD,378,-362.61864724827956
5,IFAD,379,-364.30573981439164
5,IFAD,380,-364.1869779136952
5,IFAD,381,-359.84725509559394
5,IFAD,382,-363.03542958282145
5,IFAD,383,-364.8037014254763
5,IFAD,384,-362.95447448878485
5,IFAD,385,-362.1184625015186
5,IFAD,386,-365.84372616245724
5,IFAD,387,-365.9268540237347
5,IFAD,388,-365.2508064284871
5,IFAD,389,-364.36842532254536
5,IFAD,390,-365.91519110688637
5,IFAD,391,-361.4726779192212
5,IFAD,392,-363.64409350811513
5,IFAD,393,-358.81807323202935
5,IFAD,394,-365.26940695600695
5,IFAD,395,-361.87902546562776
5,IFAD,396,-363.2009203396931
5,IFAD,397,-362.3843069238324
5,IFAD,398,-367.0331124569352
5,IFAD,399,-362.10141006277075
5,DS19,0,-388.2148254649996
5,DS19,1,-399.789774647534
5,DS19,2,-386.24471401905055
5,DS19,3,-390.57180461012126
5,DS19,4,-385.28916669464047
5,DS19,5,-379.0362244391637
5,DS19,6,-376.7020581893236
5,DS19,7,-373.9862698559339
5,DS19,8,-372.3002959956908
5,DS19,9,-387.6746513503513
5,DS19,10,-382.51055446138525
5,DS19,11,-376.2637072603636
5,DS19,12,-382.23640576639133
5,DS19,13,-382.4576330067055
5,DS19,14,-366.74725016371065
5,DS19,15,-372.04727731457746
5,DS19,16,-370.2702704361344
5,DS19,17,-369.22931621438613
5,DS19,18,-381.9743154085
5,DS19,19,-375.8904407215639
5,DS19,20,-371.88454002208846
5,DS19,21,-389.7477645147437
5,DS19,22,-367.2998573932318
5,DS19,23,-362.8096010252211
5,DS19,24,-385.39264596789735
5,DS19,25,-372.90948490423955
5,DS19,26,-368.525709690446
5,DS19,27,-376.5913552512339
5,DS19,28,-381.04892841309936
5,DS19,29,-381.2126632091245
5,DS19,30,-380.8751963475666
5,DS19,31,-391.11319291070254
5,DS19,32,-383.5419116515936
5,DS19,33,-373.0065565986256
5,DS19,34,-380.3306103467967
5,DS19,35,-372.6636788187903
5,DS19,36,-389.76417712872785
5,DS19,37,-380.2473643808688
5,DS19,38,-374.78980906053954
5,DS19,39,-382.7930545061585
5,DS19,40,-377.9999197033404
5,DS19,41,-371.90587275721197
5,DS19,42,-369.6968504118988
5,DS19,43,-388.59879564474284
5,DS19,44,-375.1743040462059
5,DS19,45,-377.1506415619914
5,DS19,46,-370.4305437054854
5,DS19,47,-372.67043520578216
5,DS19,48,-365.7346047364048
5,DS19,49,-367.03088631015714
5,DS19,50,-373.663204935774
5,DS19,51,-371.39193731136044
5,DS19,52,-374.09576990893703
5,DS19,53,-371.80972111306426
5,DS19,54,-374.812940364146
5,DS19,55,-378.546779967272
5,DS19,56,-383.1375132120083
5,DS19,57,-389.7213993666104
5,DS19,58,-369.86798467715806
5,DS19,59,-378.40267642371526
5,DS19,60,-375.21076105669613
5,DS19,61,-382.71125381949986
5,DS19,62,-367.13868837701244
5,DS19,63,-378.15553400111713
5,DS19,64,-386.2364361592612
5,DS19,65,-379.0151148722186
5,DS19,66,-370.9468383943671
5,DS19,67,-374.98042711208984
5,DS19,68,-381.1953993863781
5,DS19,69,-369.6118173350625
5,DS19,70,-375.0304931914013
5,DS19,71,-383.6669545848343
5,DS19,72,-369.8939730073897
5,DS19,73,-380.2896576666987
5,DS19,74,-376.85495098905824
5,DS19,75,-371.8017154967098
5,DS19,76,-380.4317170160002
5,DS19,77,-379.9314934343951
5,DS19,78,-383.8709145343651
5,DS19,79,-396.22513800447695
5,DS19,80,-379.8357719209954
5,DS19,81,-384.5263879416463
5,DS19,82,-376.8481971453603
5,DS19,83,-364.91573318462093
5,DS19,84,-373.2829873387182
5,DS19,85,-386.595071452811
5,DS19,86,-368.38328006056526
5,DS19,87,-384.24052455364176
5,DS19,88,-371.0982912210678
5,DS19,89,-385.5392139366224
5,DS19,90,-384.4511720830104
5,DS19,91,-375.5467368491361
5,DS19,92,-378.4216384206867
5,DS19,93,-375.42044448061716
5,DS19,94,-379.39383248701574
5,DS19,95,-380.6379353786849
5,DS19,96,-375.6082968360841
5,DS19,97,-383.30621157928283
5,DS19,98,-373.1797158486097
5,DS19,99,-370.4291052191728
5,DS19,100,-384.045314332776
5,DS19,101,-372.50203743003215
5,DS19,102,-379.96836940854996
5,DS19,103,-377.61282927099
5,DS19,104,-378.4660733872714
5,DS19,105,-382.67702414524683
5,DS19,106,-373.158895290214
5,DS19,107,-389.42307844048247
5,DS19,108,-365.5500275675823
5,DS19,109,-379.47775273763375
5,DS19,110,-372.68997419484555
5,DS19,111,-375.4635319353818
5,DS19,112,-373.36558301936833
5,DS19,113,-389.1148853732798
5,DS19,114,-376.83156453427324
5,DS19,115,-377.8412135169441
5,DS19,116,-373.47988916193503
5,DS19,117,-375.8317116026912
5,DS19,118,-382.1989498221959
5,DS19,119,-376.42413003266466
5,DS19,120,-372.7962887610988
5,DS19,121,-382.8493597511998
5,DS19,122,-373.69844789953015
5,DS19,123,-376.4427053662355
5,DS19,124,-373.5277391574061
5,DS19,125,-393.88259129710633
5,DS19,126,-371.7407296553868
5,DS19,127,-381.8152429336229
5,DS19,128,-376.17147066838606
5,DS19,129,-377.47228333875734
5,DS19,130,-368.4225293371974
5,DS19,131,-375.7540152662085
5,DS19,132,-378.3573854894021
5,DS19,133,-387.34864378860885
5,DS19,134,-365.8228168847444
5,DS19,135,-376.35018422865096
5,DS19,136,-376.0257844538144
5,DS19,137,-375.1510769799811
5,DS19,138,-379.7858371384325
5,DS19,139,-374.8247534345166
5,DS19,140,-365.44588949578616
5,DS19,141,-375.35577986656256
5,DS19,142,-378.80218343084675
5,DS19,143,-381.8935089216111
5,DS19,144,-373.0215658381095
5,DS19,145,-387.0785064611039
5,DS19,146,-374.5750760367421
5,DS19,147,-367.4531161791517
5,DS19,148,-373.77739166965085
5,DS19,149,-371.99368935677654
5,DS19,150,-383.1934359119142
5,DS19,151,-375.5333181356818
5,DS19,152,-376.00837383435373
5,DS19,153,-364.9614894975614
5,DS19,154,-381.3967562678072
5,DS19,155,-373.23398216661326
5,DS19,156,-382.2945934623255
5,DS19,157,-378.12994104070395
5,DS19,158,-374.2079654683282
5,DS19,159,-387.3698432422058
5,DS19,160,-371.2974054390409
5,DS19,161,-376.3298296187148
5,DS19,162,-373.30813959486807
5,DS19,163,-375.900546527174
5,DS19,164,-371.468075404113
5,DS19,165,-381.42897236911887
5,DS19,166,-377.57834680402226
5,DS19,167,-377.2998606912025
5,DS19,168,-376.6040374859283
5,DS19,169,-372.4862228867755
5,DS19,170,-380.06210780186245
5,DS19,171,-387.14818890445116
5,DS19,172,-372.9960372507207
5,DS19,173,-379.4441982511462
5,DS19,174,-380.62372646903367
5,DS19,175,-380.8601375432803
5,DS19,176,-379.366904486222
5,DS19,177,-391.37691055672343
5,DS19,178,-379.8890760802289
5,DS19,179,-379.84732203790867
5,DS19,180,-380.0390960552167
5,DS19,181,-381.9310303262068
5,DS19,182,-380.85511587673693
5,DS19,183,-371.949425577029
5,DS19,184,-380.60781973363504
5,DS19,185,-366.9433653451871
5,DS19,186,-382.4821339995594
5,DS19,187,-380.8573187723375
5,DS19,188,-381.77309598576915
5,DS19,189,-375.67410596245986
5,DS19,190,-382.63180207604427
5,DS19,191,-376.8407398871929
5,DS19,192,-379.56979864897545
5,DS19,193,-383.6259859260387
5,DS19,194,-363.3441248893928
5,DS19,195,-376.34114379471674
5,DS19,196,-390.7711959619121
5,DS19,197,-380.261576455651
5,DS19,198,-379.5633075284023
5,DS19,199,-373.64274082961214
5,DS19,200,-380.6382114298638
5,DS19,201,-376.29267668643035
5,DS19,202,-382.1960033182748
5,DS19,203,-374.5224536921184
5,DS19,204,-370.9099104538452
5,DS19,205,-378.82951863251577
5,DS19,206,-376.24314089120446
5,DS19,207,-376.68819024301473
5,DS19,208,-377.8628746014785
5,DS19,209,-379.7576260951504
5,DS19,210,-385.17228115487126
5,DS19,211,-366.6111883232303
5,DS19,212,-372.86800375025393
5,DS19,213,-369.4439917531255
5,DS19,214,-361.6486704754892
5,DS19,215,-382.4049451469189
5,DS19,216,-368.32331799068936
5,DS19,217,-370.2627530874498
5,DS19,218,-385.62367418570375
5,DS19,219,-376.50220155366827
5,DS19,220,-378.830452116946
5,DS19,221,-366.1325140402329
5,DS19,222,-369.8607992495663
5,DS19,223,-376.2530055567289
5,DS19,224,-382.74100582491405
5,DS19,225,-372.9263292133876
5,DS19,226,-372.89970633314886
5,DS19,227,-381.2690008090749
5,DS19,228,-373.04909135744094
5,DS19,229,-382.8313301995839
5,DS19,230,-363.9790128072079
5,DS19,231,-387.2765931107157
5,DS19,232,-370.6057840631053
5,DS19,233,-364.58273049039167
5,DS19,234,-376.31288588718866
5,DS19,235,-370.9334902504286
5,DS19,236,-376.8283884125222
5,DS19,237,-365.55892588158866
5,DS19,238,-378.68822510428413
5,DS19,239,-383.85393133997934
5,DS19,240,-378.09435824582397
5,DS19,241,-390.67721224553304
5,DS19,242,-375.29903557931993
5,DS19,243,-372.74553507221304
5,DS19,244,-366.08214584971597
5,DS19,245,-370.09844344385334
5,DS19,246,-374.56517392643593
5,DS19,247,-378.31543677530567
5,DS19,248,-375.8654958634028
5,DS19,249,-374.0576394108498
5,DS19,250,-374.76922068064465
5,DS19,251,-376.2793600203
5,DS19,252,-379.6554544922508
5,DS19,253,-383.9469813355873
5,DS19,254,-373.9278996937681
5,DS19,255,-376.7604427296968
5,DS19,256,-381.35624265138006
5,DS19,257,-385.17702856197445
5,DS19,258,-385.1427186117643
5,DS19,259,-378.2785985785266
5,DS19,260,-373.9939125541606
5,DS19,261,-372.3499283661094
5,DS19,262,-380.397568895273
5,DS19,263,-381.5889912539875
5,DS19,264,-371.9094173726047
5,DS19,265,-386.96049041264826
5,DS19,266,-377.3448763196777
5,DS19,267,-389.55431987124393
5,DS19,268,-370.67853767475293
5,DS19,269,-377.2427876955729
5,DS19,270,-381.3409533215779
5,DS19,271,-367.8392991560952
5,DS19,272,-377.48487310887356
5,DS19,273,-380.5002736673661
5,DS19,274,-369.67173717962197
5,DS19,275,-369.39424149888293
5,DS19,276,-375.02271939517277
5,DS19,277,-376.055372012252
5,DS19,278,-378.6508844767878
5,DS19,279,-372.1542230035625
5,DS19,280,-377.25067098952445
5,DS19,281,-379.52318165277273
5,DS19,282,-377.6264139245982
5,DS19,283,-367.84179880435465
5,DS19,284,-373.41581209743043
5,DS19,285,-377.7385231635273
5,DS19,286,-377.5304621984689
5,DS19,287,-385.79791216631065
5,DS19,288,-381.3939047078635
5,DS19,289,-375.35533336519296
5,DS19,290,-374.49688630032045
5,DS19,291,-369.102743444164
5,DS19,292,-377.3160233721748
5,DS19,293,-395.9252474824052
5,DS19,294,-380.8614786754488
5,DS19,295,-379.261485925018
5,DS19,296,-376.7253686079935
5,DS19,297,-379.84238216855533
5,DS19,298,-381.1762836771469
5,DS19,299,-379.77746873776596
5,CTDD21,0,-437.777569756977
5,CTDD21,1,-449.6365201186063
5,CTDD21,2,-430.7026194686396
5,CTDD21,3,-441.56502841470797
5,CTDD21,4,-418.4531154105302
5,CTDD21,5,-423.9659086066538
5,CTDD21,6,-425.2628021123386
5,CTDD21,7,-435.467310203581
5,CTDD21,8,-439.147084333296
5,CTDD21,9,-450.30231177554884
5,CTDD21,10,-445.5372789105324
5,CTDD21,11,-439.5689816225323
5,CTDD21,12,-406.96809551715774
5,CTDD21,13,-464.6723646851187
5,CTDD21,14,-433.71094862133657
5,CTDD21,15,-436.2769891710181
5,CTDD21,16,-418.3592977653604
5,CTDD21,17,-415.1298270802296
5,CTDD21,18,-428.0883121380049
5,CTDD21,19,-422.38880581543185
5,CTDD21,20,-430.4980480932159
5,CTDD21,21,-423.2203114070686
5,CTDD21,22,-436.4141040741083
5,CTDD21,23,-420.7029775000398
5,CTDD21,24,-419.24120601667124
5,CTDD21,25,-412.59304920683695
5,CTDD21,26,-431.51246690016717
5,CTDD21,27,-443.55704085840676
5,CTDD21,28,-394.66856504099326
5,CTDD21,29,-432.83441626135834
5,CTDD21,30,-404.76214265364916
5,CTDD21,31,-431.85762628171256
5,CTDD21,32,-397.3333549985819
5,CTDD21,33,-411.3973831044566
5,CTDD21,34,-428.74338098721523
5,CTDD21,35,-448.42230665353344
5,CTDD21,36,-445.48109083599024
5,CTDD21,37,-444.84993264811925
5,CTDD21,38,-430.1299189596069
5,CTDD21,39,-404.7113687220269
5,CTDD21,40,-423.48400905818033
5,CTDD21,41,-435.64724068491944
5,CTDD21,42,-428.0016761943083
5,CTDD21,43,-411.21566245884986
5,CTDD21,44,-412.8398231567759
5,CTDD21,45,-429.0515653515915
5,CTDD21,46,-410.11878059778286
5,CTDD21,47,-436.98878535029075
5,CTDD21,48,-404.64734176436997
5,CTDD21,49,-401.139100190138
5,CTDD21,50,-436.91354746593447
5,CTDD21,51,-421.0393297115499
5,CTDD21,52,-391.18426719374344
5,CTDD21,53,-450.80052221052085
5,CTDD21,54,-432.66365077563296
5,CTDD21,55,-408.4603069264948
5,CTDD21,56,-431.3302174422599
5,CTDD21,57,-415.42085708865073
5,CTDD21,58,-394.4033008171339
5,CTDD21,59,-431.9929949649128
5,CTDD21,60,-428.3755866112406
5,CTDD21,61,-423.4516336794245
5,CTDD21,62,-427.5881302801232
5,CTDD21,63,-418.459383118008
5,CTDD21,64,-440.6177042143043
5,CTDD21,65,-422.41384137350025
5,CTDD21,66,-430.94676642838056
5,CTDD21,67,-410.15207891397887
5,CTDD21,68,-436.11568137601085
5,CTDD21,69,-404.9349494087959
5,CTDD21,70,-433.44589881161335
5,CTDD21,71,-421.5713466001531
5,CTDD21,72,-407.4755880706853
5,CTDD21,73,-420.71846019183965
5,CTDD21,74,-427.6525333383107
5,CTDD21,75,-434.219244122706
5,CTDD21,76,-407.8058014848408
5,CTDD21,77,-434.6354237451874
5,CTDD21,78,-417.1110707648748
5,CTDD21,79,-420.6815241815879
5,CTDD21,80,-431.28164463331245
5,CTDD21,81,-419.9730930139938
5,CTDD21,82,-417.7241871949484
5,CTDD21,83,-406.4120584961772
5,CTDD21,84,-417.7382264889431
5,CTDD21,85,-395.25776704602424
5,CTDD21,86,-422.36401236044213
5,CTDD21,87,-427.96168909222877
5,CTDD21,88,-439.859015422989
5,CTDD21,89,-414.35852189582977
5,CTDD21,90,-422.49953279347017
5,CTDD21,91,-428.2456582795095
5,CTDD21,92,-414.9515548131498
5,CTDD21,93,-408.08764958605104
5,CTDD21,94,-442.28545848594223
5,CTDD21,95,-433.0944934508122
5,CTDD21,96,-424.1561294539354
5,CTDD21,97,-435.4751534939993
5,CTDD21,98,-427.1203196066275
5,CTDD21,99,-419.561574592307
5,CTDD21,100,-443.38547758237917
5,CTDD21,101,-419.24841272833726
5,CTDD21,102,-418.31293389288095
5,CTDD21,103,-436.0257360098535
5,CTDD21,104,-383.5157456222128
5,CTDD21,105,-417.0935318212967
5,CTDD21,106,-426.2614548544483
5,CTDD21,107,-409.73772689124286
5,CTDD21,108,-421.82175413086594
5,CTDD21,109,-422.59099468183206
5,CTDD21,110,-431.14274867597663
5,CTDD21,111,-429.1891250426008
5,CTDD21,112,-424.7494313440421
5,CTDD21,113,-436.48758941382914
5,CTDD21,114,-408.2540901004927
5,CTDD21,115,-408.7989041092335
5,CTDD21,116,-410.8732429030524
5,CTDD21,117,-421.40053351924837
5,CTDD21,118,-410.83234818035805
5,CTDD21,119,-428.9400893571389
5,CTDD21,120,-408.9350962261017
5,CTDD21,121,-436.0477134626623
5,CTDD21,122,-442.64079901943757
5,CTDD21,123,-430.73598746541074
5,CTDD21,124,-432.66320509491015
5,CTDD21,125,-414.504297730409
5,CTDD21,126,-406.20943785386237
5,CTDD21,127,-449.0201254981059
5,CTDD21,128,-427.2144414866708
5,CTDD21,129,-425.5141348491087
5,CTDD21,130,-433.8397468021144
5,CTDD21,131,-413.0397767318219
5,CTDD21,132,-401.48087149632215
5,CTDD21,133,-421.6077483047364
5,CTDD21,134,-416.64838585728165
5,CTDD21,135,-427.8595360208833
5,CTDD21,136,-440.949688626138
5,CTDD21,137,-428.0916830957615
5,CTDD21,138,-440.2537274064239
5,CTDD21,139,-438.7666385158404
5,CTDD21,140,-401.9833651930483
5,CTDD21,141,-427.11635695435723
5,CTDD21,142,-423.0234254700157
5,CTDD21,143,-419.06829259916844
5,CTDD21,144,-430.1653369195296
5,CTDD21,145,-424.7524218894765
5,CTDD21,146,-410.04081413160526
5,CTDD21,147,-420.73065494163325
5,CTDD21,148,-393.6135425981389
5,CTDD21,149,-416.4076331085536
5,CTDD21,150,-448.1032387887583
5,CTDD21,151,-441.4992473216155
5,CTDD21,152,-413.47367636609874
5,CTDD21,153,-439.8197701235481
5,CTDD21,154,-414.52706211109046
5,CTDD21,155,-425.79744422409885
5,CTDD21,156,-418.38013332847925
5,CTDD21,157,-434.73565667719623
5,CTDD21,158,-394.26944359201866
5,CTDD21,159,-408.62199844810823
5,CTDD21,160,-435.1073386656209
5,CTDD21,161,-419.37979929024436
5,CTDD21,162,-408.39203425653955
5,CTDD21,163,-455.8624181090992
5,CTDD21,164,-401.29120343111157
5,CTDD21,165,-435.517500589759
5,CTDD21,166,-423.7931424771915
5,CTDD21,167,-438.0584273845565
5,CTDD21,168,-424.9275990022172
5,CTDD21,169,-398.2597084413503
5,CTDD21,170,-418.82024023880246
5,CTDD21,171,-399.8462817911138
5,CTDD21,172,-458.171035226446
5,CTDD21,173,-441.24331305894657
5,CTDD21,174,-409.33209263864507
5,CTDD21,175,-429.8229171362133
5,CTDD21,176,-429.14290062917854
5,CTDD21,177,-400.87187559324343
5,CTDD21,178,-404.50408347465
5,CTDD21,179,-429.9619522212343
5,CTDD21,180,-408.40661427867406
5,CTDD21,181,-423.49428929199826
5,CTDD21,182,-408.60142127446585
5,CTDD21,183,-446.6481345508879
5,CTDD21,184,-413.7724989224681
5,CTDD21,185,-428.12173021313953
5,CTDD21,186,-436.5418818771306
5,CTDD21,187,-416.93302168406524
5,CTDD21,188,-453.85287854929265
5,CTDD21,189,-409.1653819232661
5,CTDD21,190,-424.45178721407507
5,CTDD21,191,-410.06603661882775
5,CTDD21,192,-453.63513311078935
5,CTDD21,193,-437.0229559227954
5,CTDD21,194,-425.90583998103983
5,CTDD21,195,-431.2897776150658
5,CTDD21,196,-421.8591439025754
5,CTDD21,197,-429.5380010261537
5,CTDD21,198,-439.8583641962268
5,CTDD21,199,-414.1759095886497
5,CTDD21,200,-420.9690104325594
5,CTDD21,201,-431.2073098501356
5,CTDD21,202,-450.2399897988048
5,CTDD21,203,-411.01300691905067
5,CTDD21,204,-430.43852102307494
5,CTDD21,205,-430.74465779365363
5,CTDD21,206,-395.81208471538616
5,CTDD21,207,-419.9660556139455
5,CTDD21,208,-432.6585010714041
5,CTDD21,209,-453.02564211921674
5,CTDD21,210,-418.4619886997456
5,CTDD21,211,-427.23361283397605
5,CTDD21,212,-425.56801760028236
5,CTDD21,213,-427.6719828462236
5,CTDD21,214,-404.596864601583
5,CTDD21,215,-428.83191683742643
5,CTDD21,216,-414.7079759569858
5,CTDD21,217,-418.3060716163991
5,CTDD21,218,-402.9137938804266
5,CTDD21,219,-438.178013366998
5,CTDD21,220,-414.52301416654245
5,CTDD21,221,-431.9210502289954
5,CTDD21,222,-440.7777738320667
5,CTDD21,223,-449.13857706360636
5,CTDD21,224,-423.7429486760671
5,CTDD21,225,-412.75847337816526
5,CTDD21,226,-413.28586769878933
5,CTDD21,227,-435.8910242919245
5,CTDD21,228,-407.24952094313585
5,CTDD21,229,-417.6533687536582
5,CTDD21,230,-421.7466945976239
5,CTDD21,231,-436.0545775229922
5,CTDD21,232,-409.77897874541475
5,CTDD21,233,-430.9669822079824
5,CTDD21,234,-445.5714377290954
5,CTDD21,235,-432.3207294984918
5,CTDD21,236,-464.08940862989886
5,CTDD21,237,-412.08455827370665
5,CTDD21,238,-426.80929628830074
5,CTDD21,239,-435.7751671201935
5,CTDD21,240,-433.45217388397606
5,CTDD21,241,-432.18131502179335
5,CTDD21,242,-413.17692397852625
5,CTDD21,243,-448.3017113644171
5,CTDD21,244,-431.89952442328405
5,CTDD21,245,-438.4932021956312
5,CTDD21,246,-413.01799831220126
5,CTDD21,247,-409.13568242695146
5,CTDD21,248,-439.32783098042006
5,CTDD21,249,-423.42206005056323
5,CTDD21,250,-450.0654530159444
5,CTDD21,251,-435.7594481855721
5,CTDD21,252,-434.5799354050966
5,CTDD21,253,-424.92981444919155
5,CTDD21,254,-437.92493147324666
5,CTDD21,255,-441.1289339959456
5,CTDD21,256,-410.74015801718144
5,CTDD21,257,-428.91881317741786
5,CTDD21,258,-416.6430562209781
5,CTDD21,259,-399.4339554169898
5,CTDD21,260,-411.2987443030118
5,CTDD21,261,-427.0264969211905
5,CTDD21,262,-395.6928407532
5,CTDD21,263,-408.5069611521504
5,CTDD21,264,-419.04607474566933
5,CTDD21,265,-441.069907758481
5,CTDD21,266,-408.28233481770474
5,CTDD21,267,-418.8014800771146
5,CTDD21,268,-430.3209345050891
5,CTDD21,269,-422.33730348494595
5,CTDD21,270,-446.2612498205743
5,CTDD21,271,-400.83500382850985
5,CTDD21,272,-451.387205240176
5,CTDD21,273,-406.39333557936857
5,CTDD21,274,-435.5451745293942
5,CTDD21,275,-401.9264927463982
5,CTDD21,276,-409.3211766450724
5,CTDD21,277,-432.31882089274484
5,CTDD21,278,-436.75683105137466
5,CTDD21,279,-434.9336003817865
5,CTDD21,280,-452.8997143549828
5,CTDD21,281,-420.84979988783226
5,CTDD21,282,-395.75663016083035
5,CTDD21,283,-445.39087612456194
5,CTDD21,284,-418.6651116006191
5,CTDD21,285,-417.0305232904147
5,CTDD21,286,-403.8493170402638
5,CTDD21,287,-415.49578874703633
5,CTDD21,288,-424.83754345916384
5,CTDD21,289,-458.65339440429017
5,CTDD21,290,-426.1881645402623
5,CTDD21,291,-426.2261476719343
5,CTDD21,292,-411.28673147311713
5,CTDD21,293,-441.7723986616869
5,CTDD21,294,-435.88922217886244
5,CTDD21,295,-421.0604637193791
5,CTDD21,296,-413.7793561319512
5,CTDD21,297,-426.8717125234253
5,CTDD21,298,-422.4823089064487
5,CTDD21,299,-452.22824544522064
6,IF2,0,-373.1747266118917
6,IF2,1,-363.30304007953464
6,IF2,2,-364.6812312054439
6,IF2,3,-366.20616309275886
6,IF2,4,-370.9562918122609
6,IF2,5,-366.0911913128978
6,IF2,6,-365.49178908958794
6,IF2,7,-364.90796120637475
6,IF2,8,-371.0758670894164
6,IF2,9,-367.3424365781902
6,IF2,10,-373.5673948796611
6,IF2,11,-363.29818998791825
6,IF2,12,-368.14048548311945
6,IF2,13,-363.9083372523927
6,IF2,14,-367.4651107323038
6,IF2,15,-368.038478797043
6,IF2,16,-362.8685553192808
6,IF2,17,-369.6928915426431
6,IF2,18,-362.188708704221
6,IF2,19,-365.1038595921525
6,IF2,20,-377.017722931346
6,IF2,21,-375.1989873745146
6,IF2,22,-364.3248785037311
6,IF2,23,-362.32745165817704
6,IF2,24,-365.6700191332095
6,IF2,25,-361.086892041226
6,IF2,26,-363.95942907574465
6,IF2,27,-364.35019605014
6,IF2,28,-363.8439064867554
6,IF2,29,-365.92884282557094
6,IF2,30,-365.4212174793235
6,IF2,31,-365.66845030639854
6,IF2,32,-367.77829012305324
6,IF2,33,-367.6810652943933
6,IF2,34,-364.75479744659236
6,IF2,35,-364.0832614999306
6,IF2,36,-369.68244234407166
6,IF2,37,-368.9060293598367
6,IF2,38,-362.6643487563998
6,IF2,39,-368.01043076659374
6,IF2,40,-362.85634868647657
6,IF2,41,-371.39632532658067
6,IF2,42,-372.0879154219008
6,IF2,43,-367.3295344405529
6,IF2,44,-362.7431716356073
6,IF2,45,-368.87237335292224
6,IF2,46,-363.98158288874976
6,IF2,47,-365.17960650115145
6,IF2,48,-367.81944402703385
6,IF2,49,-360.40037342710536
6,IF2,50,-365.35786531804587
6,IF2,51,-368.730781509274
6,IF2,52,-365.177495800199
6,IF2,53,-367.47535837795914
6,IF2,54,-370.17116176153655
6,IF2,55,-366.8263475792951
6,IF2,56,-362.80586391698455
6,IF2,57,-365.63012129536236
6,IF2,58,-363.3425442765429
6,IF2,59,-365.9105822848122
6,IF2,60,-364.1064437841407
6,IF2,61,-364.9186981734158
6,IF2,62,-364.7208991964193
6,IF2,63,-360.60074791749537
6,IF2,64,-366.9394281536492
6,IF2,65,-364.22035404768417
6,IF2,66,-362.70585002414026
6,IF2,67,-364.3231416311694
6,IF2,68,-367.5912535595588
6,IF2,69,-370.2692154204406
6,IF2,70,-362.9947149122953
6,IF2,71,-368.96129353813143
6,IF2,72,-371.7019503829245
6,IF2,73,-370.32801116361895
6,IF2,74,-368.2856791091113
6,IF2,75,-372.90194921328185
6,IF2,76,-367.33708862227354
6,IF2,77,-363.8248382749872
6,IF2,78,-364.3373901142304
6,IF2,79,-369.8779111610156
6,IF2,80,-363.74718111863814
6,IF2,81,-364.0137520536382
6,IF2,82,-368.3615198935074
6,IF2,83,-365.1591353394825
6,IF2,84,-364.9939691150441
6,IF2,85,-374.2169364707271
6,IF2,86,-368.31171152424184
6,IF2,87,-370.56844892346703
6,IF2,88,-369.3413421487451
6,IF2,89,-370.4453456877341
6,IF2,90,-371.7909344479
6,IF2,91,-365.6921008141398
6,IF2,92,-370.06706911750285
6,IF2,93,-362.26769481676547
6,IF2,94,-366.2902505327791
6,IF2,95,-359.6641500970002
6,IF2,96,-362.39856810656545
6,IF2,97,-362.0939756132496
6,IF2,98,-365.27918852690124
6,IF2,99,-367.2612682590903
6,IF2,100,-366.9430185205133
6,IF2,101,-366.19690915897536
6,IF2,102,-368.7888518255427
6,IF2,103,-366.49650851410365
6,IF2,104,-375.73717293485834
6,IF2,105,-371.21553810417566
6,IF2,106,-369.5428391642592
6,IF2,107,-364.96890900092575
6,IF2,108,-366.2596945866899
6,IF2,109,-369.03312160256235
6,IF2,110,-363.6735040842935
6,IF2,111,-363.9302219067401
6,IF2,112,-368.7384593687208
6,IF2,113,-364.01865206177604
6,IF2,114,-369.7475064374381
6,IF2,115,-361.2697056852895
6,IF2,116,-364.0347931926581
6,IF2,117,-360.11145837315064
6,IF2,118,-357.55031498004263
6,IF2,119,-364.8371828437848
6,IF2,120,-369.0401831506006
6,IF2,121,-367.8347273593689
6,IF2,122,-362.07532989136513
6,IF2,123,-365.63410431583776
6,IF2,124,-367.7382894199138
6,IF2,125,-364.9458562170208
6,IF2,126,-364.34205376247945
6,IF2,127,-370.247730588232
6,IF2,128,-363.524284144936
6,IF2,129,-363.6507903052623
6,IF2,130,-366.8752910129484
6,IF2,131,-364.59768581489107
6,IF2,132,-364.42490724842844
6,IF2,133,-367.4398529264411
6,IF2,134,-368.89896850756577
6,IF2,135,-365.5341639913714
6,IF2,136,-367.1805325879632
6,IF2,137,-364.98585077410075
6,IF2,138,-367.01230507382513
6,IF2,139,-360.25078051517244
6,IF2,140,-366.95041693318916
6,IF2,141,-362.9407945634526
6,IF2,142,-364.674416092027
6,IF2,143,-365.8130598891171
6,IF2,144,-364.63520389001957
6,IF2,145,-363.4455725072362
6,IF2,146,-362.0318130250694
6,IF2,147,-361.08996960254865
6,IF2,148,-363.3901729411457
6,IF2,149,-364.2661597091643
6,IF2,150,-363.55854089993807
6,IF2,151,-359.44371938351685
6,IF2,152,-363.62090083110394
6,IF2,153,-357.8963647128773
6,IF2,154,-368.19219080724355
6,IF2,155,-370.10406041896744
6,IF2,156,-370.2256454499726
6,IF2,157,-365.83044141426706
6,IF2,158,-367.7652307223353
6,IF2,159,-371.86792828675544
6,IF2,160,-365.8805232454707
6,IF2,161,-358.6952335506011
6,IF2,162,-370.92517341912367
6,IF2,163,-367.8041636751323
6,IF2,164,-366.8143620273636
6,IF2,165,-365.78371093928166
6,IF2,166,-360.6711717480604
6,IF2,167,-360.5321836628211
6,IF2,168,-366.9255847695518
6,IF2,169,-363.8369597922033
6,IF2,170,-363.8994563928037
6,IF2,171,-363.67541309894983
6,IF2,172,-363.5397256885653
6,IF2,173,-363.05242479419087
6,IF2,174,-366.00429481793236
6,IF2,175,-362.75928375222514
6,IF2,176,-367.0504917236395
6,IF2,177,-365.20080948742293
6,IF2,178,-368.39542919333564
6,IF2,179,-370.1712093522554
6,IF2,180,-364.9258940487151
6,IF2,181,-370.294730656159
6,IF2,182,-369.3007542947218
6,IF2,183,-370.55658971844935
6,IF2,184,-363.1305446163205
6,IF2,185,-364.7563929372463
6,IF2,186,-368.5113996726532
6,IF2,187,-369.7427774333292
6,IF2,188,-370.58436769272294
6,IF2,189,-373.47803935348867
6,IF2,190,-364.243865988862
6,IF2,191,-366.33960714127795
6,IF2,192,-363.5413117324248
6,IF2,193,-362.01070685793735
6,IF2,194,-363.6845700216314
6,IF2,195,-362.6039058374364
6,IF2,196,-365.709722699321
6,IF2,197,-373.52077445249523
6,IF2,198,-362.28903986344113
6,IF2,199,-364.630681996775
6,IF2,200,-364.22434483954146
6,IF2,201,-370.0001788375967
6,IF2,202,-366.0341688239403
6,IF2,203,-364.41181887541484
6,IF2,204,-369.57049669117
6,IF2,205,-363.73981012701245
6,IF2,206,-365.8345933405822
6,IF2,207,-365.92139911954695
6,IF2,208,-365.1284873549429
6,IF2,209,-365.2959720595276
6,IF2,210,-359.1158443463139
6,IF2,211,-363.7936693435307
6,IF2,212,-363.3833960877296
6,IF2,213,-360.98740794043084
6,IF2,214,-360.2205167353169
6,IF2,215,-368.7550536081632
6,IF2,216,-368.3438409150102
6,IF2,217,-363.4851417531083
6,IF2,218,-370.54735685288887
6,IF2,219,-365.3320307930509
6,IF2,220,-362.41875516645655
6,IF2,221,-359.34054336963584
6,IF2,222,-370.80799928995833
6,IF2,223,-366.244384693523
6,IF2,224,-368.8515989547992
6,IF2,225,-368.50239720371474
6,IF2,226,-363.1062712812775
6,IF2,227,-357.58503069166306
6,IF2,228,-365.23666526002245
6,IF2,229,-367.4869359956716
6,IF2,230,-369.52951992889354
6,IF2,231,-370.7492298984735
6,IF2,232,-362.35883630052285
6,IF2,233,-364.95384390842753
6,IF2,234,-362.56219126949253
6,IF2,235,-363.57846401140233
6,IF2,236,-363.15762457122486
6,IF2,237,-361.3547246656414
6,IF2,238,-367.7719307752388
6,IF2,239,-369.9684197984556
6,IF2,240,-366.489903021433
6,IF2,241,-367.36846917073217
6,IF2,242,-367.2072095713787
6,IF2,243,-362.5845984465947
6,IF2,244,-365.21736889449426
6,IF2,245,-365.4906893146723
6,IF2,246,-363.99946250115545
6,IF2,247,-364.7540340134305
6,IF2,248,-364.23167581966936
6,IF2,249,-360.74200556907203
6,IF2,250,-366.9986389991207
6,IF2,251,-367.4525578632676
6,IF2,252,-366.0956499236977
6,IF2,253,-362.6808907598573
6,IF2,254,-362.90420984807497
6,IF2,255,-363.3016372418044
6,IF2,256,-365.6093632024025
6,IF2,257,-363.579643605884
6,IF2,258,-362.73834103954556
6,IF2,259,-364.80307519972206
6,IF2,260,-371.89715821118716
6,IF2,261,-359.9336185754127
6,IF2,262,-363.8089296597097
6,IF2,263,-365.1388223700832
6,IF2,264,-365.1541527878227
6,IF2,265,-370.6240549876952
6,IF2,266,-365.32891413251514
6,IF2,267,-364.80282716855885
6,IF2,268,-360.7463744255489
6,IF2,269,-364.4361785310613
6,IF2,270,-371.15989701684424
6,IF2,271,-360.4109948981645
6,IF2,272,-360.75735034241416
6,IF2,273,-361.8336100177725
6,IF2,274,-360.9398084285897
6,IF2,275,-369.0701762779934
6,IF2,276,-368.99572199563124
6,IF2,277,-364.5924990034387
6,IF2,278,-365.4107405089414
6,IF2,279,-364.4472220379483
6,IF2,280,-361.9377451501667
6,IF2,281,-366.10015054863436
6,IF2,282,-362.730257280039
6,IF2,283,-364.17398747745574
6,IF2,284,-359.86119878453434
6,IF2,285,-369.24228632275276
6,IF2,286,-364.29835411740265
6,IF2,287,-368.6241980223171
6,IF2,288,-358.9250282790693
6,IF2,289,-362.86146708920563
6,IF2,290,-367.03530811423104
6,IF2,291,-364.3121801940602
6,IF2,292,-362.1420481450264
6,IF2,293,-368.10227095484044
6,IF2,294,-361.4524337532746
6,IF2,295,-363.0034016198312
6,IF2,296,-370.36446554538963
6,IF2,297,-365.6263404345357
6,IF2,298,-358.61120570221465
6,IF2,299,-366.2923060232447
6,IF2,300,-363.3267275517674
6,IF2,301,-363.3024403871873
6,IF2,302,-362.4025229482254
6,IF2,303,-363.8492353103025
6,IF2,304,-367.55304781625915
6,IF2,305,-366.5095690565228
6,IF2,306,-369.17771190034983
6,IF2,307,-364.37436791745665
6,IF2,308,-367.0336221085294
6,IF2,309,-361.22217887507765
6,IF2,310,-362.2089453687661
6,IF2,311,-367.029401251497
6,IF2,312,-365.8908562702819
6,IF2,313,-366.9810786886489
6,IF2,314,-359.3970609955897
6,IF2,315,-371.1786695501768
6,IF2,316,-362.308412256003
6,IF2,317,-361.4004636565612
6,IF2,318,-365.22585898896415
6,IF2,319,-369.5514793652685
6,IF2,320,-365.809680760275
6,IF2,321,-359.6566526665313
6,IF2,322,-365.1579834537549
6,IF2,323,-362.83012506597044
6,IF2,324,-365.8942800139739
6,IF2,325,-360.60728300695973
6,IF2,326,-366.7714352868725
6,IF2,327,-363.3541127389816
6,IF2,328,-363.80201015483436
6,IF2,329,-360.5784242115224
6,IF2,330,-366.5958440744716
6,IF2,331,-363.4943091877671
6,IF2,332,-368.8049288653803
6,IF2,333,-360.19469378625286
6,IF2,334,-364.5489757850842
6,IF2,335,-364.9684353666659
6,IF2,336,-363.28866358679056
6,IF2,337,-361.3820709762418
6,IF2,338,-364.46457078629265
6,IF2,339,-366.03961429311727
6,IF2,340,-366.05011407009505
6,IF2,341,-365.88272272347234
6,IF2,342,-362.60786934893946
6,IF2,343,-364.80648516556477
6,IF2,344,-369.18925361045467
6,IF2,345,-365.26680646860734
6,IF2,346,-366.74208446100505
6,IF2,347,-363.3273363899239
6,IF2,348,-359.01826491643646
6,IF2,349,-365.2167972870866
6,IF2,350,-363.4333567174226
6,IF2,351,-364.2849330574396
6,IF2,352,-370.4833475787915
6,IF2,353,-361.8937776411795
6,IF2,354,-366.5296903260441
6,IF2,355,-364.55352114718386
6,IF2,356,-365.696981622773
6,IF2,357,-362.1894561682823
6,IF2,358,-361.7179410479634
6,IF2,359,-364.70007516537504
6,IF2,360,-361.73335307261215
6,IF2,361,-366.79185853422996
6,IF2,362,-364.8201129131787
6,IF2,363,-366.0428722090538
6,IF2,364,-363.9024096654245
6,IF2,365,-368.0165187509107
6,IF2,366,-364.6018579727968
6,IF2,367,-363.8603602155909
6,IF2,368,-363.57322158706364
6,IF2,369,-363.83890839862306
6,IF2,370,-368.6629907231891
6,IF2,371,-362.48125688626124
6,IF2,372,-362.4592204053211
6,IF2,373,-364.5337805505389
6,IF2,374,-361.5490587836009
6,IF2,375,-366.02895436222
6,IF2,376,-363.4128967768753
6,IF2,377,-362.5558954124375
6,IF2,378,-364.1384252689486
6,IF2,379,-362.0192406056199
6,IF2,380,-363.17044578689195
6,IF2,381,-361.7368031677994
6,IF2,382,-364.50951139392936
6,IF2,383,-367.01640270267467
6,IF2,384,-362.25560613706176
6,IF2,385,-370.4042437932752
6,IF2,386,-364.87598252962886
6,IF2,387,-370.48483726537063
6,IF2,388,-364.35907277209265
6,IF2,389,-368.59938335670387
6,IF2,390,-364.32934970356223
6,IF2,391,-368.19266644302274
6,IF2,392,-362.7116570827904
6,IF2,393,-363.3526282751239
6,IF2,394,-363.20069008495614
6,IF2,395,-363.1176785925736
6,IF2,396,-371.0402375795737
6,IF2,397,-363.9987237753705
6,IF2,398,-362.9915627304409
6,IF2,399,-367.6112295723046
6,IF2,400,-367.1692385874604
6,IF2,401,-369.6078449751019
6,IF2,402,-363.62300303974246
6,IF2,403,-359.6240955170299
6,IF2,404,-366.0347849584046
6,IF2,405,-362.9927444019206
6,IF2,406,-361.2287390248429
6,IF2,407,-362.2011029910173
6,IF2,408,-363.96571582442743
6,IF2,409,-370.25010978983227
6,IF2,410,-361.9602370917825
6,IF2,411,-362.2042047895374
6,IF2,412,-361.9581006896133
6,IF2,413,-365.90762184713344
6,IF2,414,-367.9742544924964
6,IF2,415,-363.96634111896924
6,IF2,416,-367.0168344204908
6,IF2,417,-359.5163359095857
6,IF2,418,-368.3483346386157
6,IF2,419,-367.2302390242553
6,IF2,420,-365.1641665389326
6,IF2,421,-369.8880937128498
6,IF2,422,-368.72331843751647
6,IF2,423,-370.32595871020294
6,IF2,424,-365.0040302727375
6,IF2,425,-362.5933884940903
6,IF2,426,-365.60033530504603
6,IF2,427,-363.90867009896095
6,IF2,428,-362.6998330737698
6,IF2,429,-368.72516630137534
6,IF2,430,-361.191399699215
6,IF2,431,-364.4892011581734
6,IF2,432,-361.0237678310787
6,IF2,433,-362.9235542609618
6,IF2,434,-368.44932039741326
6,IF2,435,-367.36581042005184
6,IF2,436,-363.7583034974798
6,IF2,437,-360.9977303515666
6,IF2,438,-374.9936181494953
6,IF2,439,-366.8578361226299
6,IF2,440,-362.7095448223253
6,IF2,441,-364.59622372021363
6,IF2,442,-365.7979191827769
6,IF2,443,-365.43654213174693
6,IF2,444,-367.2758718611
6,IF2,445,-361.2087581395833
6,IF2,446,-368.2850670762492
6,IF2,447,-366.82110732053036
6,IF2,448,-366.7725685414041
6,IF2,449,-362.6355508459662
6,IF2,450,-361.8394647336595
6,IF2,451,-367.52772647053473
6,IF2,452,-364.8248304302597
6,IF2,453,-362.16128494522206
6,IF2,454,-367.5201055186684
6,IF2,455,-364.05615369563657
6,IF2,456,-360.25108398117277
6,IF2,457,-366.52636036809247
6,IF2,458,-365.855078657436
6,IF2,459,-368.2543368920936
6,IF2,460,-363.1322954131792
6,IF2,461,-368.50271191904795
6,IF2,462,-369.39494458911963
6,IF2,463,-366.75715259633137
6,IF2,464,-363.19604831105795
6,IF2,465,-364.86735994861635
6,IF2,466,-362.30107022204885
6,IF2,467,-362.8410247950164
6,IF2,468,-365.44564739681454
6,IF2,469,-372.08286678862726
6,IF2,470,-365.61919349126725
6,IF2,471,-362.28739855345736
6,IF2,472,-365.4968891853497
6,IF2,473,-361.9918450863649
6,IF2,474,-364.0796207943409
6,IF2,475,-366.8745256034263
6,IF2,476,-361.2008004087752
6,IF2,477,-367.6979967335032
6,IF2,478,-360.34720111470966
6,IF2,479,-365.9030745869437
6,IF2,480,-366.0760425213258
6,IF2,481,-369.13366084089455
6,IF2,482,-361.9578132114687
6,IF2,483,-364.90534024144745
6,IF2,484,-364.4876399226309
6,IF2,485,-366.72451607648844
6,IF2,486,-363.784787866774
6,IF2,487,-361.9664996806436
6,IF2,488,-364.22829249311906
6,IF2,489,-365.02353192615936
6,IF2,490,-363.7321048634079
6,IF2,491,-365.90790182618684
6,IF2,492,-368.02904182107125
6,IF2,493,-365.48930202040356
6,IF2,494,-363.66777646141435
6,IF2,495,-367.024932339664
6,IF2,496,-365.34975745901113
6,IF2,497,-361.59179580462336
6,IF2,498,-366.3494583267827
6,IF2,499,-364.56128908566717
6,IF2,500,-370.3357464033964
6,IF2,501,-363.33721057280366
6,IF2,502,-361.6043352033072
6,IF2,503,-367.19331179779834
6,IF2,504,-364.67535611979173
6,IF2,505,-368.0161512203581
6,IF2,506,-365.97128499554566
6,IF2,507,-366.70363942857784
6,IF2,508,-369.0858611628865
6,IF2,509,-364.3516296986161
6,IF2,510,-367.54922091054874
6,IF2,511,-365.15219659699693
6,IF2,512,-361.8816071989431
6,IF2,513,-364.2958156466935
6,IF2,514,-366.35500107465873
6,IF2,515,-363.56317382342036
6,IF2,516,-363.3549701818116
6,IF2,517,-365.71061339416826
6,IF2,518,-365.7246367655436
6,IF2,519,-364.456458417765
6,IF2,520,-362.58644848597027
6,IF2,521,-363.97235353777415
6,IF2,522,-362.7785969143687
6,IF2,523,-364.06987310947807
6,IF2,524,-366.3227943816834
6,IF2,525,-363.38790723801577
6,IF2,526,-366.4567917333961
6,IF2,527,-365.6660463727143
6,IF2,528,-363.239235358261
6,IF2,529,-366.8196354811743
6,IF2,530,-361.20338319669685
6,IF2,531,-363.74294020879626
6,IF2,532,-363.42190049718937
6,IF2,533,-368.657302101221
6,IF2,534,-359.28455111962563
6,IF2,535,-367.72658316663365
6,IF2,536,-362.22486414756224
6,IF2,537,-364.063836681618
6,IF2,538,-361.5942599345991
6,IF2,539,-364.75032035255884
6,IF2,540,-370.91376860704594
6,IF2,541,-367.4219480853143
6,IF2,542,-365.3130585911637
6,IF2,543,-361.2610566352276
6,IF2,544,-367.5503151091945
6,IF2,545,-364.52918629470935
6,IF2,546,-366.580088352999
6,IF2,547,-365.92734048855465
6,IF2,548,-367.171603344729
6,IF2,549,-361.6337431763895
6,IF2,550,-364.6039884022294
6,IF2,551,-362.4931343356943
6,IF2,552,-367.9006146979138
6,IF2,553,-363.78344250773
6,IF2,554,-366.064557263751
6,IF2,555,-364.7879203110424
6,IF2,556,-365.00033303445673
6,IF2,557,-370.4028510166504
6,IF2,558,-365.36300981757427
6,IF2,559,-364.802582201666
6,IF2,560,-365.40598578487567
6,IF2,561,-367.6921008476793
6,IF2,562,-368.85388659574335
6,IF2,563,-357.55242272586014
6,IF2,564,-368.54351636777324
6,IF2,565,-371.34412085056186
6,IF2,566,-359.49837308828455
6,IF2,567,-364.1872578941391
6,IF2,568,-362.1759294095209
6,IF2,569,-364.8793145509312
6,IF2,570,-368.96183380124126
6,IF2,571,-365.1635347708393
6,IF2,572,-368.03994102165103
6,IF2,573,-372.08496947032916
6,IF2,574,-366.35056481752594
6,IF2,575,-366.00328407463746
6,IF2,576,-368.2834525572184
6,IF2,577,-362.07882828250814
6,IF2,578,-367.24651873780334
6,IF2,579,-367.67542554083553
6,IF2,580,-367.02421119338936
6,IF2,581,-366.08970231823315
6,IF2,582,-363.86249430376495
6,IF2,583,-366.13753545556796
6,IF2,584,-362.30831366711965
6,IF2,585,-364.00241753823053
6,IF2,586,-365.43561668175096
6,IF2,587,-368.3480122118423
6,IF2,588,-364.3180301763121
6,IF2,589,-364.79233925719404
6,IF2,590,-368.86513440878497
6,IF2,591,-369.11898243949963
6,IF2,592,-369.2441145410364
6,IF2,593,-366.40419282143597
6,IF2,594,-366.00263709440435
6,IF2,595,-362.0542672134524
6,IF2,596,-370.36868506656725
6,IF2,597,-366.37844386171616
6,IF2,598,-370.5347391843828
6,IF2,599,-367.6736190031575
6,IFAD,0,-370.64606831180646
6,IFAD,1,-367.2392697673562
6,IFAD,2,-374.5555610317098
6,IFAD,3,-357.8061244257041
6,IFAD,4,-370.12813972072354
6,IFAD,5,-368.8695854821363
6,IFAD,6,-370.2805688046976
6,IFAD,7,-368.5343920891944
6,IFAD,8,-364.8981025813457
6,IFAD,9,-364.56458822623637
6,IFAD,10,-375.44992767969416
6,IFAD,11,-370.6117850977873
6,IFAD,12,-366.1126171362073
6,IFAD,13,-367.1787720646312
6,IFAD,14,-362.2584901648632
6,IFAD,15,-371.72821263031415
6,IFAD,16,-363.47774547432806
6,IFAD,17,-374.02480317707654
6,IFAD,18,-364.1842961818699
6,IFAD,19,-367.8390038812421
6,IFAD,20,-371.1823771199954
6,IFAD,21,-364.1343395797679
6,IFAD,22,-365.1888109402875
6,IFAD,23,-368.0512717364024
6,IFAD,24,-363.0818529333779
6,IFAD,25,-367.49449562475206
6,IFAD,26,-373.0869530382366
6,IFAD,27,-371.79745559570785
6,IFAD,28,-366.6827743957571
6,IFAD,29,-369.9570563428701
6,IFAD,30,-367.7342401136439
6,IFAD,31,-364.27967097570803
6,IFAD,32,-366.1922788173493
6,IFAD,33,-366.7715504641042
6,IFAD,34,-365.60475452523275
6,IFAD,35,-368.0854769348053
6,IFAD,36,-364.0379727010744
6,IFAD,37,-367.12028002800696
6,IFAD,38,-371.856352075907
6,IFAD,39,-369.61803358961475
6,IFAD,40,-369.1633219553552
6,IFAD,41,-367.50414756283647
6,IFAD,42,-366.25915812245563
6,IFAD,43,-371.93979927081716
6,IFAD,44,-368.02994697303717
6,IFAD,45,-368.51286323713396
6,IFAD,46,-370.8647477064683
6,IFAD,47,-370.3627770583626
6,IFAD,48,-365.97242473712515
6,IFAD,49,-362.82105930416554
6,IFAD,50,-360.47732142320706
6,IFAD,51,-366.75772668057084
6,IFAD,52,-367.3021234049443
6,IFAD,53,-365.3791126548608
6,IFAD,54,-359.6446159523501
6,IFAD,55,-365.62341333306307
6,IFAD,56,-367.8492348642752
6,IFAD,57,-368.0036289094112
6,IFAD,58,-377.31239087077864
6,IFAD,59,-379.0983093734812
6,IFAD,60,-373.49257323268233
6,IFAD,61,-378.31955693727093
6,IFAD,62,-367.2276386363528
6,IFAD,63,-358.96331816193293
6,IFAD,64,-360.4732979193379
6,IFAD,65,-364.9901090756142
6,IFAD,66,-359.5683755385082
6,IFAD,67,-362.1384718395236
6,IFAD,68,-367.76687965888954
6,IFAD,69,-373.0662757367763
6,IFAD,70,-365.24545771314246
6,IFAD,71,-363.98425420717024
6,IFAD,72,-364.0301432146142
6,IFAD,73,-359.85166693187654
6,IFAD,74,-365.3412602630779
6,IFAD,75,-366.0522664947698
6,IFAD,76,-366.366764998613
6,IFAD,77,-366.2984701491867
6,IFAD,78,-366.7345228871932
6,IFAD,79,-362.4735743502075
6,IFAD,80,-369.51055484813907
6,IFAD,81,-368.50469401551476
6,IFAD,82,-364.6801801631605
6,IFAD,83,-364.9012224142645
6,IFAD,84,-369.48012186861763
6,IFAD,85,-372.73993007380295
6,IFAD,86,-370.9684854261226
6,IFAD,87,-372.64360061810925
6,IFAD,88,-364.66371924868355
6,IFAD,89,-367.15153600911486
6,IFAD,90,-367.16804957124975
6,IFAD,91,-362.7316895929333
6,IFAD,92,-370.68823278873884
6,IFAD,93,-381.35166938395986
6,IFAD,94,-380.41678929508026
6,IFAD,95,-371.8941386651559
6,IFAD,96,-373.6450702269226
6,IFAD,97,-372.115790793688
6,IFAD,98,-367.7629587946652
6,IFAD,99,-366.28988674685866
6,IFAD,100,-363.21035320606654
6,IFAD,101,-369.2674251317234
6,IFAD,102,-369.6119404329204
6,IFAD,103,-366.1003048018503
6,IFAD,104,-363.8324391074228
6,IFAD,105,-365.58445769775864
6,IFAD,106,-365.88047647892887
6,IFAD,107,-363.3187716272967
6,IFAD,108,-356.8203695814991
6,IFAD,109,-367.6477768758477
6,IFAD,110,-361.9522801247486
6,IFAD,111,-367.26243459485175
6,IFAD,112,-365.27311637901374
6,IFAD,113,-364.104141898826
6,IFAD,114,-363.8130835900841
6,IFAD,115,-360.4892542878006
6,IFAD,116,-369.5177287146264
6,IFAD,117,-363.71790218939515
6,IFAD,118,-360.7630520479669
6,IFAD,119,-363.7279554198338
6,IFAD,120,-360.1373862883735
6,IFAD,121,-359.0166629709493
6,IFAD,122,-364.1218154332805
6,IFAD,123,-368.8646328682315
6,IFAD,124,-363.08280380237966
6,IFAD,125,-358.7275190856824
6,IFAD,126,-366.93844567037473
6,IFAD,127,-365.229959309318
6,IFAD,128,-364.0204337520595
6,IFAD,129,-361.7103363413654
6,IFAD,130,-362.3548473812317
6,IFAD,131,-363.9938568510362
6,IFAD,132,-364.12178044849827
6,IFAD,133,-359.4398355807248
6,IFAD,134,-363.10907729216154
6,IFAD,135,-359.410547620879
6,IFAD,136,-364.60485690094885
6,IFAD,137,-362.5245278050709
6,IFAD,138,-364.42795401172265
6,IFAD,139,-363.0062359636744
6,IFAD,140,-366.7514062351142
6,IFAD,141,-360.6604259572404
6,IFAD,142,-362.6282537621833
6,IFAD,143,-361.37245228278795
6,IFAD,144,-365.5518109232114
6,IFAD,145,-362.7634576600689
6,IFAD,146,-361.54267696040426
6,IFAD,147,-362.40123813315324
6,IFAD,148,-359.4671443273325
6,IFAD,149,-361.7121470927929
6,IFAD,150,-365.0811199798417
6,IFAD,151,-366.5140843336334
6,IFAD,152,-364.8540095338402
6,IFAD,153,-360.73028399092055
6,IFAD,154,-361.2586432604211
6,IFAD,155,-361.11676436503376
6,IFAD,156,-368.16139564154537
6,IFAD,157,-366.340123981587
6,IFAD,158,-363.38469315903853
6,IFAD,159,-359.49466744515706
6,IFAD,160,-365.17536927922515
6,IFAD,161,-363.10213407454904
6,IFAD,162,-362.75584762740465
6,IFAD,163,-366.5165019672564
6,IFAD,164,-362.2608405682838
6,IFAD,165,-361.5062852112786
6,IFAD,166,-366.9030331755112
6,IFAD,167,-364.4405721108044
6,IFAD,168,-359.89433136578543
6,IFAD,169,-360.3415579744495
6,IFAD,170,-366.92786116550724
6,IFAD,171,-365.16765707135244
6,IFAD,172,-369.0065975971415
6,IFAD,173,-364.43614688415016
6,IFAD,174,-364.74983104515417
6,IFAD,175,-361.6976854597011
6,IFAD,176,-364.7157256039392
6,IFAD,177,-364.8672872357
6,IFAD,178,-360.880498102508
6,IFAD,179,-364.8859391516129
6,IFAD,180,-367.6251644526619
6,IFAD,181,-365.79714974118224
6,IFAD,182,-363.35250377843397
6,IFAD,183,-365.08997627686165
6,IFAD,184,-362.58683636265476
6,IFAD,185,-361.24784707372385
6,IFAD,186,-362.7517541730513
6,IFAD,187,-358.2719891580385
6,IFAD,188,-369.010441600126
6,IFAD,189,-366.5347323745805
6,IFAD,190,-362.92750090844106
6,IFAD,191,-357.1575273490937
6,IFAD,192,-362.5360339809461
6,IFAD,193,-364.7486202560023
6,IFAD,194,-360.9923085088828
6,IFAD,195,-366.1357940112074
6,IFAD,196,-363.4259798166136
6,IFAD,197,-359.88866923714994
6,IFAD,198,-362.7548969691053
6,IFAD,199,-362.6600250363025
6,IFAD,200,-362.8895828650371
6,IFAD,201,-359.01471173215924
6,IFAD,202,-361.39678328069965
6,IFAD,203,-361.2245010947393
6,IFAD,204,-367.27009220315153
6,IFAD,205,-360.27513146941595
6,IFAD,206,-361.3052458630437
6,IFAD,207,-363.5934921796777
6,IFAD,208,-356.09648451593836
6,IFAD,209,-364.9347863871134
6,IFAD,210,-365.10086484947914
6,IFAD,211,-363.2497235217974
6,IFAD,212,-366.8089187716121
6,IFAD,213,-365.045671059697
6,IFAD,214,-365.34528829835597
6,IFAD,215,-361.3636306574843
6,IFAD,216,-363.36753653466275
6,IFAD,217,-357.9700969478718
6,IFAD,218,-364.8109595705367
6,IFAD,219,-364.0141431673839
6,IFAD,220,-363.5002680583953
6,IFAD,221,-358.59788269341436
6,IFAD,222,-367.46489277482647
6,IFAD,223,-362.21873339480703
6,IFAD,224,-363.8161227923708
6,IFAD,225,-361.9880036416542
6,IFAD,226,-367.0539214395962
6,IFAD,227,-363.3144492380129
6,IFAD,228,-360.2298493752984
6,IFAD,229,-363.84738204237505
6,IFAD,230,-365.5600397911775
6,IFAD,231,-364.8982693430782
6,IFAD,232,-364.7562052363449
6,IFAD,233,-359.7688332201301
6,IFAD,234,-363.62272814378736
6,IFAD,235,-358.3282456521245
6,IFAD,236,-362.700766647822
6,IFAD,237,-362.31031763851604
6,IFAD,238,-366.2934464167128
6,IFAD,239,-367.47687956637475
6,IFAD,240,-365.74908345106047
6,IFAD,241,-356.8485146207964
6,IFAD,242,-363.07105109303495
6,IFAD,243,-361.0548372219763
6,IFAD,244,-365.28137910883714
6,IFAD,245,-366.1039395400849
6,IFAD,246,-360.3880304012513
6,IFAD,247,-360.0299189653921
6,IFAD,248,-360.99550656219157
6,IFAD,249,-363.02147554568535
6,IFAD,250,-359.68236797381593
6,IFAD,251,-364.5923091621937
6,IFAD,252,-368.06587786704824
6,IFAD,253,-362.68926666730016
6,IFAD,254,-366.5876558439142
6,IFAD,255,-363.7706433800089
6,IFAD,256,-363.0420255815271
6,IFAD,257,-361.40865874583795
6,IFAD,258,-368.00988322727096
6,IFAD,259,-360.22405309290235
6,IFAD,260,-364.2620800051293
6,IFAD,261,-364.290525745942
6,IFAD,262,-362.2393487383661
6,IFAD,263,-364.8649016101406
6,IFAD,264,-364.43092221315476
6,IFAD,265,-362.78351576506316
6,IFAD,266,-366.02390543731565
6,IFAD,267,-364.0762316084081
6,IFAD,268,-360.3297540749239
6,IFAD,269,-361.65835921136556
6,IFAD,270,-359.49529329628785
6,IFAD,271,-364.5982464194577
6,IFAD,272,-363.03488017737953
6,IFAD,273,-359.59431365725277
6,IFAD,274,-362.28258248364637
6,IFAD,275,-361.2094683718218
6,IFAD,276,-367.27947883312913
6,IFAD,277,-364.5731313618257
6,IFAD,278,-362.13619279748366
6,IFAD,279,-362.4275037216153
6,IFAD,280,-365.9216174569784
6,IFAD,281,-363.1633501102829
6,IFAD,282,-363.9182828268876
6,IFAD,283,-361.47143298495337
6,IFAD,284,-364.3214756519991
6,IFAD,285,-359.79541847224186
6,IFAD,286,-358.7259869283503
6,IFAD,287,-365.2960640700701
6,IFAD,288,-362.2763458842233
6,IFAD,289,-362.73821353959767
6,IFAD,290,-362.5657010296791
6,IFAD,291,-364.0076571368967
6,IFAD,292,-364.47786675090094
6,IFAD,293,-365.619914403087
6,IFAD,294,-361.45222457666756
6,IFAD,295,-366.158793804804
6,IFAD,296,-365.6407034186602
6,IFAD,297,-370.6565320702388
6,IFAD,298,-361.61634314022893
6,IFAD,299,-364.79620507857135
6,IFAD,300,-362.07537301534774
6,IFAD,301,-364.53622397491773
6,IFAD,302,-360.2146146861506
6,IFAD,303,-361.9660056378411
6,IFAD,304,-366.951593288908
6,IFAD,305,-366.5837512868852
6,IFAD,306,-362.4073774773123
6,IFAD,307,-361.92138698295673
6,IFAD,308,-366.5399542084831
6,IFAD,309,-363.17029784803935
6,IFAD,310,-363.2617922720605
6,IFAD,311,-363.633962896737
6,IFAD,312,-362.05445965051604
6,IFAD,313,-363.880593524748
6,IFAD,314,-362.6701398780758
6,IFAD,315,-362.7442418808715
6,IFAD,316,-362.4299330307491
6,IFAD,317,-359.50499103018706
6,IFAD,318,-364.7044632177075
6,IFAD,319,-360.9299476422937
6,IFAD,320,-363.9361823435209
6,IFAD,321,-365.48468374113605
6,IFAD,322,-366.97017726066787
6,IFAD,323,-366.6749583485389
6,IFAD,324,-368.4858677304921
6,IFAD,325,-362.5357156158602
6,IFAD,326,-360.60573544530877
6,IFAD,327,-363.55567717955546
6,IFAD,328,-362.61986192580656
6,IFAD,329,-363.4426021827413
6,IFAD,330,-361.4225533990203
6,IFAD,331,-365.5725224003635
6,IFAD,332,-364.7613316723043
6,IFAD,333,-362.960244741137
6,IFAD,334,-366.6696461948072
6,IFAD,335,-362.3729207458911
6,IFAD,336,-357.56712979068953
6,IFAD,337,-362.19824228093165
6,IFAD,338,-363.5304838384194
6,IFAD,339,-361.824852694057
6,IFAD,340,-367.6948935346819
6,IFAD,341,-363.62539620598966
6,IFAD,342,-359.8808039084043
6,IFAD,343,-359.4958996792397
6,IFAD,344,-361.112730004336
6,IFAD,345,-366.34706682072533
6,IFAD,346,-361.21445549746556
6,IFAD,347,-363.855954975917
6,IFAD,348,-365.77384977906263
6,IFAD,349,-362.86989702992514
6,IFAD,350,-357.51230271868843
6,IFAD,351,-362.1589396274513
6,IFAD,352,-363.5161502297132
6,IFAD,353,-363.5442566608591
6,IFAD,354,-365.2720509331206
6,IFAD,355,-361.74438453395237
6,IFAD,356,-363.57901788757124
6,IFAD,357,-363.76276399726487
6,IFAD,358,-364.58490179560556
6,IFAD,359,-365.43643461153295
6,IFAD,360,-361.77371585850915
6,IFAD,361,-365.23914970170654
6,IFAD,362,-363.15275913696604
6,IFAD,363,-362.04867610318064
6,IFAD,364,-361.5505315820691
6,IFAD,365,-362.7433015382264
6,IFAD,366,-361.45763988492183
6,IFAD,367,-361.54125109682957
6,IFAD,368,-359.80704859986776
6,IFAD,369,-366.0436500259812
6,IFAD,370,-363.98412747751166
6,IFAD,371,-359.9279242582334
6,IFAD,372,-364.3828308064946
6,IFAD,373,-365.5500520755205
6,IFAD,374,-362.81446133262915
6,IFAD,375,-360.5592012583951
6,IFAD,376,-363.5925692725855
6,IFAD,377,-363.0304267047028
6,IFAD,378,-371.04616887484906
6,IFAD,379,-359.0119809467177
6,IFAD,380,-363.9077933198992
6,IFAD,381,-361.9467485615684
6,IFAD,382,-361.8372099549478
6,IFAD,383,-367.1334541178207
6,IFAD,384,-364.3022806408815
6,IFAD,385,-361.8992917498644
6,IFAD,386,-366.44938807727215
6,IFAD,387,-363.88034868943237
6,IFAD,388,-358.18041086284995
6,IFAD,389,-360.34241892947006
6,IFAD,390,-362.2399441375092
6,IFAD,391,-365.118892642045
6,IFAD,392,-357.123312154369
6,IFAD,393,-362.2942616232003
6,IFAD,394,-361.3745358954307
6,IFAD,395,-360.4591918833372
6,IFAD,396,-365.65016222543795
6,IFAD,397,-364.35437710099586
6,IFAD,398,-359.58047919354067
6,IFAD,399,-364.2146726505352
6,DS19,0,-400.6001316049279
6,DS19,1,-408.6394511397315
6,DS19,2,-412.8810968821646
6,DS19,3,-395.4386525698634
6,DS19,4,-400.47016766554054
6,DS19,5,-389.98278226869326
6,DS19,6,-388.13051392575414
6,DS19,7,-405.7611483047377
6,DS19,8,-385.0950083159134
6,DS19,9,-399.324579879143
6,DS19,10,-385.69647324937125
6,DS19,11,-398.0896567853497
6,DS19,12,-385.36429518863616
6,DS19,13,-392.9637700712582
6,DS19,14,-388.9650885815668
6,DS19,15,-388.6642846677396
6,DS19,16,-396.23338040852934
6,DS19,17,-386.16302886765794
6,DS19,18,-383.778310122848
6,DS19,19,-401.2186479375325
6,DS19,20,-389.210911364317
6,DS19,21,-383.0218625888714
6,DS19,22,-374.76626262967665
6,DS19,23,-404.70968347364726
6,DS19,24,-375.10226981381044
6,DS19,25,-391.84004399627725
6,DS19,26,-381.593574102402
6,DS19,27,-378.52272309511466
6,DS19,28,-386.12640718314634
6,DS19,29,-387.374315649994
6,DS19,30,-390.4281783632165
6,DS19,31,-381.89826485485867
6,DS19,32,-374.9403242070923
6,DS19,33,-369.9656385404715
6,DS19,34,-372.10499334535587
6,DS19,35,-371.44619436333124
6,DS19,36,-380.0275951234279
6,DS19,37,-376.89954402761487
6,DS19,38,-389.5201083992038
6,DS19,39,-389.1601648905698
6,DS19,40,-372.7057981280382
6,DS19,41,-381.0767400834899
6,DS19,42,-379.4325354160391
6,DS19,43,-367.4302926479039
6,DS19,44,-374.69284102441424
6,DS19,45,-375.26521078374344
6,DS19,46,-386.3499197099224
6,DS19,47,-384.5147076112647
6,DS19,48,-387.8878440985784
6,DS19,49,-380.8750049359492
6,DS19,50,-382.54696707698497
6,DS19,51,-373.23319896389063
6,DS19,52,-372.03878704841634
6,DS19,53,-378.44713554024713
6,DS19,54,-391.2485179701301
6,DS19,55,-378.0540830908747
6,DS19,56,-373.53890396995064
6,DS19,57,-383.22653676983435
6,DS19,58,-378.1149628558927
6,DS19,59,-385.08730476873734
6,DS19,60,-368.186320788662
6,DS19,61,-358.3332485576404
6,DS19,62,-376.1510132344283
6,DS19,63,-387.9815592521737
6,DS19,64,-375.0937926354403
6,DS19,65,-388.54857882212536
6,DS19,66,-377.0421630308634
6,DS19,67,-380.3433115186949
6,DS19,68,-372.6041542137901
6,DS19,69,-373.5814669258148
6,DS19,70,-367.97806507566327
6,DS19,71,-370.62785144771414
6,DS19,72,-381.02459207154715
6,DS19,73,-372.97137016216425
6,DS19,74,-376.7536458407427
6,DS19,75,-364.0553688871809
6,DS19,76,-380.42339344188406
6,DS19,77,-384.2782171215644
6,DS19,78,-370.12202379795326
6,DS19,79,-380.3404827762536
6,DS19,80,-388.1134202557082
6,DS19,81,-381.4366855505382
6,DS19,82,-368.7804740187312
6,DS19,83,-368.4680975952486
6,DS19,84,-368.21265290251716
6,DS19,85,-376.7190338589225
6,DS19,86,-385.1209006109645
6,DS19,87,-374.6518861834693
6,DS19,88,-369.81048487596115
6,DS19,89,-383.1911098095131
6,DS19,90,-379.823728813362
6,DS19,91,-376.2714086109242
6,DS19,92,-371.9200956375221
6,DS19,93,-380.30501977345773
6,DS19,94,-379.5382969918653
6,DS19,95,-382.85626293656344
6,DS19,96,-370.6835228166578
6,DS19,97,-370.71163664560953
6,DS19,98,-373.5163497985352
6,DS19,99,-365.3354584162029
6,DS19,100,-371.94808967641285
6,DS19,101,-389.58775332741135
6,DS19,102,-365.652969677044
6,DS19,103,-378.68218974447154
6,DS19,104,-381.0796397906382
6,DS19,105,-376.05065489481535
6,DS19,106,-381.91397981148486
6,DS19,107,-369.9709227311054
6,DS19,108,-368.80069329169044
6,DS19,109,-379.12864326732
6,DS19,110,-378.7942154312151
6,DS19,111,-378.9752667610219
6,DS19,112,-376.3081585914402
6,DS19,113,-387.8455027728534
6,DS19,114,-396.77109086243456
6,DS19,115,-381.35443418688305
6,DS19,116,-378.06051662808716
6,DS19,117,-379.048213952486
6,DS19,118,-387.3241607693745
6,DS19,119,-375.33278546787784
6,DS19,120,-375.10724960637793
6,DS19,121,-378.272795170075
6,DS19,122,-389.665961114382
6,DS19,123,-375.43922880147994
6,DS19,124,-379.64326497538764
6,DS19,125,-370.7088187261875
6,DS19,126,-383.13683877310405
6,DS19,127,-388.48145074050313
6,DS19,128,-382.66999897323427
6,DS19,129,-370.78244109536473
6,DS19,130,-378.454742502872
6,DS19,131,-384.44371755048945
6,DS19,132,-388.64708407175846
6,DS19,133,-376.6433136173402
6,DS19,134,-376.9426115515038
6,DS19,135,-386.1247097218261
6,DS19,136,-382.35591725902157
6,DS19,137,-381.322858202195
6,DS19,138,-375.44175944955487
6,DS19,139,-382.0175862248111
6,DS19,140,-388.0644825051348
6,DS19,141,-376.1822190389263
6,DS19,142,-372.8918872192617
6,DS19,143,-374.72653151304473
6,DS19,144,-372.64126101204664
6,DS19,145,-378.1675362434595
6,DS19,146,-375.1892825022243
6,DS19,147,-376.792003095848
6,DS19,148,-374.85675162066497
6,DS19,149,-374.9257302832355
6,DS19,150,-374.0077835820837
6,DS19,151,-393.0231606661887
6,DS19,152,-370.1284816830447
6,DS19,153,-374.0048917130062
6,DS19,154,-374.3861851313678
6,DS19,155,-382.8742400800878
6,DS19,156,-383.4115387418943
6,DS19,157,-372.53113055493316
6,DS19,158,-375.74960664124643
6,DS19,159,-369.95291239424404
6,DS19,160,-373.27264657727324
6,DS19,161,-377.58199504855395
6,DS19,162,-377.0146111349731
6,DS19,163,-372.931845959058
6,DS19,164,-378.33260337091434
6,DS19,165,-370.1591150246001
6,DS19,166,-372.3448784521785
6,DS19,167,-374.38962810857777
6,DS19,168,-364.08523960028486
6,DS19,169,-376.50076906830986
6,DS19,170,-362.8082500220331
6,DS19,171,-368.66243849237867
6,DS19,172,-387.95368663050124
6,DS19,173,-380.066827305846
6,DS19,174,-377.25202501731087
6,DS19,175,-387.2089796829335
6,DS19,176,-379.2833703437433
6,DS19,177,-374.40591684894156
6,DS19,178,-379.6496408407899
6,DS19,179,-389.7704373555353
6,DS19,180,-380.9572301568569
6,DS19,181,-373.6509103420499
6,DS19,182,-376.98957297891843
6,DS19,183,-379.1162461717444
6,DS19,184,-375.769705197873
6,DS19,185,-375.3008486689828
6,DS19,186,-367.1512705546676
6,DS19,187,-371.02129821716807
6,DS19,188,-369.8946100295815
6,DS19,189,-374.9790815492862
6,DS19,190,-382.6334059312434
6,DS19,191,-376.54352999237
6,DS19,192,-387.18566473675185
6,DS19,193,-370.9418222893303
6,DS19,194,-369.1581751904783
6,DS19,195,-381.3716297989034
6,DS19,196,-378.93070684837994
6,DS19,197,-368.3297206735156
6,DS19,198,-381.4946996675992
6,DS19,199,-374.32562119720075
6,DS19,200,-391.58839436462034
6,DS19,201,-367.986549369302
6,DS19,202,-376.0506082921745
6,DS19,203,-376.93702524600917
6,DS19,204,-368.58497361055015
6,DS19,205,-373.1462452349591
6,DS19,206,-383.745613132541
6,DS19,207,-374.59935032203515
6,DS19,208,-385.91325709919795
6,DS19,209,-369.3431995704628
6,DS19,210,-368.74151955267786
6,DS19,211,-364.8727117019722
6,DS19,212,-367.1466052230762
6,DS19,213,-369.86117273258134
6,DS19,214,-379.8978640884965
6,DS19,215,-376.474200416044
6,DS19,216,-379.9779875280068
6,DS19,217,-364.93892316878015
6,DS19,218,-373.2477333657416
6,DS19,219,-371.73411927217626
6,DS19,220,-368.2496260978155
6,DS19,221,-380.1900631714783
6,DS19,222,-360.3212227051046
6,DS19,223,-370.5163380579829
6,DS19,224,-372.92475973429356
6,DS19,225,-377.4660988243951
6,DS19,226,-377.2231966112254
6,DS19,227,-380.63098520040444
6,DS19,228,-381.7892899153135
6,DS19,229,-374.06632089996936
6,DS19,230,-369.85215051454264
6,DS19,231,-385.50921128088305
6,DS19,232,-381.074341943054
6,DS19,233,-377.8851158856439
6,DS19,234,-361.82665149390454
6,DS19,235,-389.56486913766554
6,DS19,236,-365.03180808067236
6,DS19,237,-384.35958716649185
6,DS19,238,-388.0961106447556
6,DS19,239,-377.0058539197692
6,DS19,240,-377.24786806477096
6,DS19,241,-377.451653290543
6,DS19,242,-371.89539795770156
6,DS19,243,-367.74924201972897
6,DS19,244,-373.34746940193963
6,DS19,245,-381.85065574794027
6,DS19,246,-380.1816880893586
6,DS19,247,-382.8832624986461
6,DS19,248,-380.96996854085285
6,DS19,249,-382.84452102178074
6,DS19,250,-367.04279267552863
6,DS19,251,-372.2012610916756
6,DS19,252,-371.43519344491176
6,DS19,253,-381.20145515100273
6,DS19,254,-375.8631458919914
6,DS19,255,-375.0332294339632
6,DS19,256,-373.12051216914176
6,DS19,257,-382.578319896887
6,DS19,258,-377.52220336523965
6,DS19,259,-379.0380621464142
6,DS19,260,-375.3421398958653
6,DS19,261,-364.722533224742
6,DS19,262,-373.52167183368
6,DS19,263,-381.51448696443003
6,DS19,264,-375.36113961331586
6,DS19,265,-382.550962942115
6,DS19,266,-368.6018472249799
6,DS19,267,-369.819853925476
6,DS19,268,-378.8506096830198
6,DS19,269,-376.6896972878811
6,DS19,270,-383.5192334299632
6,DS19,271,-376.3251703384655
6,DS19,272,-372.19286177616567
6,DS19,273,-366.4407517684119
6,DS19,274,-375.1840423490739
6,DS19,275,-373.84397391040045
6,DS19,276,-378.21435298777993
6,DS19,277,-387.08130858495247
6,DS19,278,-375.56614330877113
6,DS19,279,-374.60894920584724
6,DS19,280,-367.5064265238584
6,DS19,281,-383.55750020718017
6,DS19,282,-371.6002919494697
6,DS19,283,-378.8448838091012
6,DS19,284,-369.5564561058369
6,DS19,285,-380.24988904103066
6,DS19,286,-378.2525822526072
6,DS19,287,-376.41889116688327
6,DS19,288,-372.85558508823715
6,DS19,289,-376.1298714671108
6,DS19,290,-363.54257005956117
6,DS19,291,-380.29369149059966
6,DS19,292,-374.00792207551234
6,DS19,293,-365.39502038930027
6,DS19,294,-371.2695799500709
6,DS19,295,-367.9800308774436
6,DS19,296,-378.5319743750605
6,DS19,297,-367.3106603160619
6,DS19,298,-378.28507925607585
6,DS19,299,-382.04842621831324
6,CTDD21,0,-447.7497527125663
6,CTDD21,1,-446.21750261957607
6,CTDD21,2,-445.69881822763676
6,CTDD21,3,-425.08200902461846
6,CTDD21,4,-437.4183567331176
6,CTDD21,5,-469.44624473919015
6,CTDD21,6,-435.30616581227287
6,CTDD21,7,-458.3820646562834
6,CTDD21,8,-431.6025841389133
6,CTDD21,9,-441.73933153979016
6,CTDD21,10,-477.06923301677585
6,CTDD21,11,-431.08271631937515
6,CTDD21,12,-473.7229902620642
6,CTDD21,13,-452.1714342879122
6,CTDD21,14,-453.8078530040472
6,CTDD21,15,-438.3223529286116
6,CTDD21,16,-447.14812401479327
6,CTDD21,17,-409.77606890891286
6,CTDD21,18,-451.5826399370499
6,CTDD21,19,-434.14544074964226
6,CTDD21,20,-454.38015764825946
6,CTDD21,21,-423.603662860519
6,CTDD21,22,-440.4781276563398
6,CTDD21,23,-420.7700529902879
6,CTDD21,24,-425.29275039638014
6,CTDD21,25,-452.7619000383564
6,CTDD21,26,-441.05535872675927
6,CTDD21,27,-399.0583089867803
6,CTDD21,28,-449.31450630102
6,CTDD21,29,-438.91439452975743
6,CTDD21,30,-429.3186479302186
6,CTDD21,31,-457.47637523904905
6,CTDD21,32,-453.65129770004205
6,CTDD21,33,-396.4731541958256
6,CTDD21,34,-432.3914394804076
6,CTDD21,35,-423.03840260317776
6,CTDD21,36,-445.7738243192538
6,CTDD21,37,-402.24308625859794
6,CTDD21,38,-415.92003873748644
6,CTDD21,39,-434.57747310493227
6,CTDD21,40,-430.13756016127445
6,CTDD21,41,-457.8913310456245
6,CTDD21,42,-428.76628126095187
6,CTDD21,43,-440.1539344588265
6,CTDD21,44,-437.2900339401795
6,CTDD21,45,-410.5232927571011
6,CTDD21,46,-421.9685835774791
6,CTDD21,47,-425.17542324697365
6,CTDD21,48,-400.8222135093016
6,CTDD21,49,-443.8920195732637
6,CTDD21,50,-422.4425694865149
6,CTDD21,51,-439.95951354487073
6,CTDD21,52,-406.6664978112084
6,CTDD21,53,-432.92463832738
6,CTDD21,54,-452.65427033309015
6,CTDD21,55,-423.2881016315485
6,CTDD21,56,-435.02929392545104
6,CTDD21,57,-453.83890257367284
6,CTDD21,58,-435.8415333937107
6,CTDD21,59,-447.5463219607216
6,CTDD21,60,-415.32030836697004
6,CTDD21,61,-410.8789470947652
6,CTDD21,62,-400.723247705281
6,CTDD21,63,-425.2740670316588
6,CTDD21,64,-418.6947867153259
6,CTDD21,65,-401.93665321939113
6,CTDD21,66,-424.9878433559777
6,CTDD21,67,-424.51179431192884
6,CTDD21,68,-419.70203850897803
6,CTDD21,69,-449.439691980848
6,CTDD21,70,-422.31298117234917
6,CTDD21,71,-408.19996118175465
6,CTDD21,72,-442.97189426015086
6,CTDD21,73,-419.7291275302826
6,CTDD21,74,-429.26396640625796
6,CTDD21,75,-426.6202950444787
6,CTDD21,76,-441.85227068502604
6,CTDD21,77,-435.2469846670401
6,CTDD21,78,-413.7849926438111
6,CTDD21,79,-431.4581474238785
6,CTDD21,80,-403.4797359984593
6,CTDD21,81,-410.43207228744626
6,CTDD21,82,-436.88601089250284
6,CTDD21,83,-402.54659714587916
6,CTDD21,84,-410.77158736905307
6,CTDD21,85,-448.13820817893134
6,CTDD21,86,-411.1286077365133
6,CTDD21,87,-445.03826528779746
6,CTDD21,88,-415.3597789981579
6,CTDD21,89,-441.7085566201831
6,CTDD21,90,-436.4612668099049
6,CTDD21,91,-422.285865607642
6,CTDD21,92,-447.6594877137108
6,CTDD21,93,-418.660584848859
6,CTDD21,94,-425.6817602736695
6,CTDD21,95,-441.38044757636516
6,CTDD21,96,-417.1263680683855
6,CTDD21,97,-447.22352319063265
6,CTDD21,98,-441.85257336286224
6,CTDD21,99,-433.95593862901273
6,CTDD21,100,-428.49170671531226
6,CTDD21,101,-438.15961046106554
6,CTDD21,102,-424.02934837485503
6,CTDD21,103,-437.5505762738645
6,CTDD21,104,-458.9919203361816
6,CTDD21,105,-412.67344756347893
6,CTDD21,106,-417.5321770981792
6,CTDD21,107,-417.4821907016611
6,CTDD21,108,-445.8528244069612
6,CTDD21,109,-422.6575071210342
6,CTDD21,110,-410.3716027245312
6,CTDD21,111,-428.50340777426834
6,CTDD21,112,-413.83520228710654
6,CTDD21,113,-412.7004455950729
6,CTDD21,114,-443.7928548654995
6,CTDD21,115,-405.96695289150955
6,CTDD21,116,-422.25756334006496
6,CTDD21,117,-425.51653757720226
6,CTDD21,118,-422.81157078252335
6,CTDD21,119,-423.061598258544
6,CTDD21,120,-447.7708981639075
6,CTDD21,121,-443.94542283311966
6,CTDD21,122,-421.5016955588992
6,CTDD21,123,-398.4397630871795
6,CTDD21,124,-448.10395882716927
6,CTDD21,125,-400.83360652228396
6,CTDD21,126,-398.7143898765078
6,CTDD21,127,-419.58522700758243
6,CTDD21,128,-455.69071083460256
6,CTDD21,129,-402.27308764088525
6,CTDD21,130,-446.4955313118013
6,CTDD21,131,-433.35765633696633
6,CTDD21,132,-436.82476500929124
6,CTDD21,133,-414.1610661057066
6,CTDD21,134,-445.7125657889476
6,CTDD21,135,-435.91473903238517
6,CTDD21,136,-421.0248256423715
6,CTDD21,137,-393.7132393329568
6,CTDD21,138,-453.34241577206024
6,CTDD21,139,-455.9276015629298
6,CTDD21,140,-427.37121852873906
6,CTDD21,141,-414.85772239294624
6,CTDD21,142,-423.7894325818475
6,CTDD21,143,-426.4317397775104
6,CTDD21,144,-417.49916300302664
6,CTDD21,145,-427.069021225089
6,CTDD21,146,-402.5004823613257
6,CTDD21,147,-467.9669478393086
6,CTDD21,148,-423.70634650616864
6,CTDD21,149,-429.19221882307966
6,CTDD21,150,-431.04684400590395
6,CTDD21,151,-438.3064273954192
6,CTDD21,152,-423.9871211638575
6,CTDD21,153,-437.6238312904584
6,CTDD21,154,-458.4032713964278
6,CTDD21,155,-432.1540815243526
6,CTDD21,156,-439.85078969778715
6,CTDD21,157,-417.6358892208919
6,CTDD21,158,-439.3031909463255
6,CTDD21,159,-434.8827213056836
6,CTDD21,160,-438.8413314619573
6,CTDD21,161,-431.9615309310106
6,CTDD21,162,-425.14728778488006
6,CTDD21,163,-447.71141817781927
6,CTDD21,164,-428.7008907873908
6,CTDD21,165,-442.7820929942144
6,CTDD21,166,-427.94788825915026
6,CTDD21,167,-418.111003281964
6,CTDD21,168,-432.6071183178311
6,CTDD21,169,-443.5144305189355
6,CTDD21,170,-434.70848160208124
6,CTDD21,171,-418.55193325341133
6,CTDD21,172,-400.375788747354
6,CTDD21,173,-393.48780805800607
6,CTDD21,174,-444.07847630338017
6,CTDD21,175,-444.66236419085016
6,CTDD21,176,-406.9058218092866
6,CTDD21,177,-452.62425794507885
6,CTDD21,178,-435.95912147969653
6,CTDD21,179,-419.0351889404319
6,CTDD21,180,-441.3555124192177
6,CTDD21,181,-419.6509967524247
6,CTDD21,182,-446.5487702030541
6,CTDD21,183,-412.3428348659595
6,CTDD21,184,-406.79250032200036
6,CTDD21,185,-431.8363171094244
6,CTDD21,186,-406.58884628451233
6,CTDD21,187,-453.79298430973654
6,CTDD21,188,-417.7662687599494
6,CTDD21,189,-406.3099651033875
6,CTDD21,190,-444.2743961266467
6,CTDD21,191,-428.3056692350028
6,CTDD21,192,-393.6637486733883
6,CTDD21,193,-426.2971173553068
6,CTDD21,194,-424.842468540459
6,CTDD21,195,-414.03839315993883
6,CTDD21,196,-439.701307100969
6,CTDD21,197,-447.5634690726505
6,CTDD21,198,-417.154415788226
6,CTDD21,199,-451.5984922074933
6,CTDD21,200,-421.93493208836975
6,CTDD21,201,-424.58842663843456
6,CTDD21,202,-420.7532518285751
6,CTDD21,203,-410.48416796019774
6,CTDD21,204,-384.6829539131513
6,CTDD21,205,-431.53278534443393
6,CTDD21,206,-412.2739458171092
6,CTDD21,207,-437.47829901439866
6,CTDD21,208,-417.7655396309422
6,CTDD21,209,-419.8775320860239
6,CTDD21,210,-424.96654979079824
6,CTDD21,211,-401.96036899986115
6,CTDD21,212,-407.86904643732726
6,CTDD21,213,-434.87857269697605
6,CTDD21,214,-422.97631667290267
6,CTDD21,215,-426.6346458291529
6,CTDD21,216,-420.97502423941546
6,CTDD21,217,-416.17122430603916
6,CTDD21,218,-452.5058708656484
6,CTDD21,219,-413.25396859342686
6,CTDD21,220,-427.69775558140077
6,CTDD21,221,-450.1991046009646
6,CTDD21,222,-450.50943090588686
6,CTDD21,223,-416.1564205279268
6,CTDD21,224,-388.1942493032964
6,CTDD21,225,-430.9557709240313
6,CTDD21,226,-386.24298999922183
6,CTDD21,227,-417.6985584316421
6,CTDD21,228,-439.1827431063148
6,CTDD21,229,-425.0171366150698
6,CTDD21,230,-398.7820161466522
6,CTDD21,231,-421.8847199326325
6,CTDD21,232,-442.08816928733256
6,CTDD21,233,-409.30132355371785
6,CTDD21,234,-414.96271473606487
6,CTDD21,235,-448.7251887696276
6,CTDD21,236,-437.2847206620566
6,CTDD21,237,-442.83813234796906
6,CTDD21,238,-385.94274688360844
6,CTDD21,239,-408.75075179267515
6,CTDD21,240,-428.59579665702086
6,CTDD21,241,-429.98639853502095
6,CTDD21,242,-423.5094610319891
6,CTDD21,243,-443.9203529102032
6,CTDD21,244,-445.5803379268605
6,CTDD21,245,-406.9567483613007
6,CTDD21,246,-443.22837712277624
6,CTDD21,247,-409.3854023289261
6,CTDD21,248,-439.9730187631479
6,CTDD21,249,-421.8369265356772
6,CTDD21,250,-409.3363207732431
6,CTDD21,251,-426.7925009435619
6,CTDD21,252,-399.7255214664364
6,CTDD21,253,-445.3968270637723
6,CTDD21,254,-417.9928416854704
6,CTDD21,255,-405.7708547364279
6,CTDD21,256,-430.1813293323106
6,CTDD21,257,-435.37748497714483
6,CTDD21,258,-427.97551654623845
6,CTDD21,259,-405.26734142465625
6,CTDD21,260,-436.6195656136646
6,CTDD21,261,-447.21886728412346
6,CTDD21,262,-410.6510204841861
6,CTDD21,263,-439.62052812409513
6,CTDD21,264,-456.6026289933457
6,CTDD21,265,-438.7123587264135
6,CTDD21,266,-426.1274170359069
6,CTDD21,267,-416.29935290860686
6,CTDD21,268,-428.66724675012097
6,CTDD21,269,-425.3570434905008
6,CTDD21,270,-429.36688999420886
6,CTDD21,271,-433.6528041259271
6,CTDD21,272,-421.4705725250506
6,CTDD21,273,-445.4405694826155
6,CTDD21,274,-413.8487424806597
6,CTDD21,275,-432.4130932010965
6,CTDD21,276,-439.3330527023424
6,CTDD21,277,-420.7325503544464
6,CTDD21,278,-432.4690261343174
6,CTDD21,279,-416.533608906763
6,CTDD21,280,-425.0723924561086
6,CTDD21,281,-420.85952770351173
6,CTDD21,282,-415.00963733612446
6,CTDD21,283,-428.6710221280156
6,CTDD21,284,-452.7601495453265
6,CTDD21,285,-400.1458028304539
6,CTDD21,286,-391.49501213019397
6,CTDD21,287,-436.86550410462115
6,CTDD21,288,-401.134294852076
6,CTDD21,289,-428.94835485002625
6,CTDD21,290,-409.4383500745952
6,CTDD21,291,-428.6081845503992
6,CTDD21,292,-421.8393291318323
6,CTDD21,293,-408.50714646602023
6,CTDD21,294,-452.24823806122555
6,CTDD21,295,-403.85561608635135
6,CTDD21,296,-433.6645115631079
6,CTDD21,297,-449.95780339098786
6,CTDD21,298,-425.87798186551896
6,CTDD21,299,-419.8689518272025
7,IF2,0,-382.45647204535646
7,IF2,1,-366.8326433264416
7,IF2,2,-371.6777108850117
7,IF2,3,-371.34146505024324
7,IF2,4,-369.7198705455532
7,IF2,5,-372.21807854659943
7,IF2,6,-375.4322694085292
7,IF2,7,-378.00032775065614
7,IF2,8,-366.0144144559015
7,IF2,9,-360.65515500253895
7,IF2,10,-369.2947967685301
7,IF2,11,-367.89214405679206
7,IF2,12,-364.3982834976211
7,IF2,13,-362.0839684570431
7,IF2,14,-370.8708960334978
7,IF2,15,-373.1379670577819
7,IF2,16,-370.8731500552568
7,IF2,17,-374.1581922372705
7,IF2,18,-362.8443445015573
7,IF2,19,-364.76130002347253
7,IF2,20,-368.06865986161796
7,IF2,21,-361.968547165628
7,IF2,22,-364.77830991282815
7,IF2,23,-368.2409465480183
7,IF2,24,-371.0798582364633
7,IF2,25,-365.33150375421616
7,IF2,26,-363.23952438230634
7,IF2,27,-366.3958491065019
7,IF2,28,-373.22117509936896
7,IF2,29,-367.1832227488421
7,IF2,30,-366.2683372474125
7,IF2,31,-368.852495542961
7,IF2,32,-369.01944593189626
7,IF2,33,-360.33882507295414
7,IF2,34,-366.5172187550887
7,IF2,35,-365.88198791621073
7,IF2,36,-363.15110294005876
7,IF2,37,-369.991135866442
7,IF2,38,-373.3805371650845
7,IF2,39,-369.3740260935421
7,IF2,40,-359.86099776792264
7,IF2,41,-374.8274937009973
7,IF2,42,-369.10878150849646
7,IF2,43,-367.22386890588774
7,IF2,44,-372.78328305590014
7,IF2,45,-371.60261377232945
7,IF2,46,-361.715482959191
7,IF2,47,-368.4894970923722
7,IF2,48,-367.2971436282537
7,IF2,49,-367.09713999888373
7,IF2,50,-365.9820132959612
7,IF2,51,-368.1075060142337
7,IF2,52,-365.42552670310806
7,IF2,53,-360.78527369026745
7,IF2,54,-359.90922734128657
7,IF2,55,-365.5070751046847
7,IF2,56,-367.7715260175975
7,IF2,57,-360.7349370112089
7,IF2,58,-366.975359145004
7,IF2,59,-367.4313452974075
7,IF2,60,-366.59609492991893
7,IF2,61,-368.5565074721832
7,IF2,62,-369.0142024911683
7,IF2,63,-369.61771252103637
7,IF2,64,-367.1492706786302
7,IF2,65,-369.9148897147064
7,IF2,66,-380.0173744019147
7,IF2,67,-369.8050881705306
7,IF2,68,-370.1816677436791
7,IF2,69,-372.6455072195954
7,IF2,70,-359.8976644654005
7,IF2,71,-363.5454339123242
7,IF2,72,-370.48723022572466
7,IF2,73,-372.4687900066459
7,IF2,74,-372.6137255515255
7,IF2,75,-367.56789381637185
7,IF2,76,-365.5223742523276
7,IF2,77,-365.5783191257485
7,IF2,78,-361.87790583187893
7,IF2,79,-366.14918993526044
7,IF2,80,-364.2001008142245
7,IF2,81,-363.4838709542785
7,IF2,82,-364.73573402092796
7,IF2,83,-365.72372488961537
7,IF2,84,-363.00126624218467
7,IF2,85,-368.5632159320546
7,IF2,86,-367.67173020823935
7,IF2,87,-360.440248376146
7,IF2,88,-364.83582702823605
7,IF2,89,-361.9544100470814
7,IF2,90,-361.83785435118386
7,IF2,91,-368.30712079797263
7,IF2,92,-369.8160045862345
7,IF2,93,-369.1256065473838
7,IF2,94,-365.35305799848965
7,IF2,95,-362.6122341613188
7,IF2,96,-364.57076015124596
7,IF2,97,-367.09148349431456
7,IF2,98,-364.16991790548013
7,IF2,99,-363.68688482403206
7,IF2,100,-369.7565207430316
7,IF2,101,-363.29028953298075
7,IF2,102,-371.1812553540029
7,IF2,103,-369.7292314945308
7,IF2,104,-366.5009754573047
7,IF2,105,-368.6187723866327
7,IF2,106,-368.42122506116846
7,IF2,107,-369.05071867512555
7,IF2,108,-368.9121085398766
7,IF2,109,-364.06664293993146
7,IF2,110,-362.5439617199552
7,IF2,111,-365.2785085745932
7,IF2,112,-370.18293696158383
7,IF2,113,-359.7590194904214
7,IF2,114,-369.8334587187292
7,IF2,115,-370.4842867788332
7,IF2,116,-366.91296482903147
7,IF2,117,-367.81591497298695
7,IF2,118,-365.48071318082856
7,IF2,119,-361.5063119791789
7,IF2,120,-364.1277201319228
7,IF2,121,-359.6985694817235
7,IF2,122,-362.9829123389351
7,IF2,123,-363.8471520172786
7,IF2,124,-358.85789376510326
7,IF2,125,-366.04162158247055
7,IF2,126,-366.00659503687285
7,IF2,127,-360.6491144419488
7,IF2,128,-361.5233541429529
7,IF2,129,-366.7339170795282
7,IF2,130,-365.45581131054496
7,IF2,131,-362.4729256220135
7,IF2,132,-362.04149108514883
7,IF2,133,-361.0174717774847
7,IF2,134,-364.3912714434547
7,IF2,135,-363.9528204724987
7,IF2,136,-362.0531739406359
7,IF2,137,-363.2761313030838
7,IF2,138,-363.1024601678211
7,IF2,139,-365.4767059999283
7,IF2,140,-367.64386087930626
7,IF2,141,-367.1895024284622
7,IF2,142,-366.3651722921355
7,IF2,143,-365.54951962615655
7,IF2,144,-363.93974893199896
7,IF2,145,-364.9446616934376
7,IF2,146,-367.8690320420614
7,IF2,147,-366.53545780553185
7,IF2,148,-365.64398719979033
7,IF2,149,-365.90256955525973
7,IF2,150,-360.4208172059433
7,IF2,151,-365.89909439906756
7,IF2,152,-362.0112746270668
7,IF2,153,-366.5126298131231
7,IF2,154,-356.8610117105659
7,IF2,155,-361.8545834006108
7,IF2,156,-364.61343810362285
7,IF2,157,-367.2668612192638
7,IF2,158,-366.32450046239865
7,IF2,159,-365.58664240512985
7,IF2,160,-362.0427483514359
7,IF2,161,-368.8682414707224
7,IF2,162,-371.5452783874948
7,IF2,163,-362.1111344575728
7,IF2,164,-364.76055432639464
7,IF2,165,-363.1284796673231
7,IF2,166,-362.6916940400004
7,IF2,167,-365.72959192038775
7,IF2,168,-373.3626715617602
7,IF2,169,-369.56524812279457
7,IF2,170,-368.4218678424108
7,IF2,171,-366.89319294659344
7,IF2,172,-366.6635777254032
7,IF2,173,-365.57673926416504
7,IF2,174,-368.0060944481558
7,IF2,175,-363.12667408511567
7,IF2,176,-366.3474507169257
7,IF2,177,-361.54868254431483
7,IF2,178,-365.69573925725814
7,IF2,179,-363.9298972548197
7,IF2,180,-361.17929788097433
7,IF2,181,-363.4535348079903
7,IF2,182,-361.95351218427993
7,IF2,183,-365.5825404240163
7,IF2,184,-361.83827595181435
7,IF2,185,-364.9024112661651
7,IF2,186,-366.43287304644485
7,IF2,187,-363.34894307936264
7,IF2,188,-365.3370452414961
7,IF2,189,-369.2298574517405
7,IF2,190,-369.9282223498333
7,IF2,191,-368.0839855312363
7,IF2,192,-363.51559627454634
7,IF2,193,-367.55716907735126
7,IF2,194,-366.90480277442
7,IF2,195,-366.90766831385446
7,IF2,196,-362.2006493157558
7,IF2,197,-366.3483888824452
7,IF2,198,-367.0481823543638
7,IF2,199,-365.5400132215706
7,IF2,200,-364.17493780731206
7,IF2,201,-363.4445750002153
7,IF2,202,-368.2254521600056
7,IF2,203,-369.4618624099802
7,IF2,204,-368.8608754448509
7,IF2,205,-362.9777725094174
7,IF2,206,-362.4804323914365
7,IF2,207,-368.6972168497457
7,IF2,208,-364.05584025158896
7,IF2,209,-360.5957670010038
7,IF2,210,-362.9023225807704
7,IF2,211,-364.5595556033095
7,IF2,212,-369.7148174771634
7,IF2,213,-372.76110696737163
7,IF2,214,-367.71553618054475
7,IF2,215,-366.56732791154553
7,IF2,216,-366.1871530096253
7,IF2,217,-370.79746653326237
7,IF2,218,-366.6417397174933
7,IF2,219,-366.4138468876855
7,IF2,220,-367.2103012620521
7,IF2,221,-365.9643674447463
7,IF2,222,-367.29353292615735
7,IF2,223,-366.8776202689964
7,IF2,224,-362.88883744585735
7,IF2,225,-367.2888155476221
7,IF2,226,-364.56245917495517
7,IF2,227,-363.8086178154029
7,IF2,228,-370.0884616169928
7,IF2,229,-365.9048590544727
7,IF2,230,-369.035496996879
7,IF2,231,-365.92885211516233
7,IF2,232,-367.8151909324317
7,IF2,233,-365.8856590708228
7,IF2,234,-372.5537619017573
7,IF2,235,-366.74356761823725
7,IF2,236,-369.18866467260204
7,IF2,237,-366.6565789569873
7,IF2,238,-361.6208713094113
7,IF2,239,-368.51241204738125
7,IF2,240,-370.01925790516754
7,IF2,241,-368.98840992350256
7,IF2,242,-369.5158589745713
7,IF2,243,-366.9129192150414
7,IF2,244,-370.9424835254237
7,IF2,245,-366.6097151526132
7,IF2,246,-367.5848383225945
7,IF2,247,-366.71579237195806
7,IF2,248,-363.7734474583909
7,IF2,249,-365.34689446660104
7,IF2,250,-366.0363381210896
7,IF2,251,-365.23634571677434
7,IF2,252,-370.68704543432233
7,IF2,253,-367.32562798951017
7,IF2,254,-367.75973014303804
7,IF2,255,-365.0974801439207
7,IF2,256,-368.3830391009142
7,IF2,257,-365.141698457533
7,IF2,258,-359.9870103318432
7,IF2,259,-365.47798414162423
7,IF2,260,-363.5184961252616
7,IF2,261,-362.4061248768296
7,IF2,262,-366.15434546479673
7,IF2,263,-365.07866314141734
7,IF2,264,-369.96722574966054
7,IF2,265,-368.1323057159235
7,IF2,266,-363.45588620012074
7,IF2,267,-367.66798320928905
7,IF2,268,-368.37258451594516
7,IF2,269,-366.25671221113146
7,IF2,270,-365.3154757484908
7,IF2,271,-366.27296519235085
7,IF2,272,-368.206261789952
7,IF2,273,-368.668143910405
7,IF2,274,-371.44517189028534
7,IF2,275,-364.9546010429468
7,IF2,276,-373.61234994077233
7,IF2,277,-366.0403747434578
7,IF2,278,-363.31247955075094
7,IF2,279,-370.91878458049115
7,IF2,280,-367.06430052336714
7,IF2,281,-366.12285388241133
7,IF2,282,-368.2557956846997
7,IF2,283,-364.1490846736041
7,IF2,284,-364.30650986073
7,IF2,285,-369.4583645484661
7,IF2,286,-366.6332083627934
7,IF2,287,-368.31201973154634
7,IF2,288,-371.421358216153
7,IF2,289,-371.88483792547134
7,IF2,290,-368.3110943096724
7,IF2,291,-366.87563765618336
7,IF2,292,-368.75588324356096
7,IF2,293,-366.0929059375809
7,IF2,294,-374.1693179399812
7,IF2,295,-363.21706146107755
7,IF2,296,-366.8783493146909
7,IF2,297,-370.8866752133786
7,IF2,298,-361.8572050404595
7,IF2,299,-367.5313010701
7,IF2,300,-367.96303166392653
7,IF2,301,-365.1499678457565
7,IF2,302,-371.84878946098036
7,IF2,303,-369.430037834275
7,IF2,304,-366.42579579301156
7,IF2,305,-365.76277722569506
7,IF2,306,-367.97951902332676
7,IF2,307,-371.7672854914035
7,IF2,308,-368.32649580725536
7,IF2,309,-371.09979830628845
7,IF2,310,-367.9092843965998
7,IF2,311,-373.97177135670887
7,IF2,312,-371.2231504159031
7,IF2,313,-369.90721266684056
7,IF2,314,-372.4022955373604
7,IF2,315,-369.85073528161007
7,IF2,316,-367.41827141774456
7,IF2,317,-374.3103974749488
7,IF2,318,-369.5438623584101
7,IF2,319,-373.43072076701463
7,IF2,320,-369.81226513016264
7,IF2,321,-365.05169420795687
7,IF2,322,-374.00388332185514
7,IF2,323,-367.4248879926349
7,IF2,324,-364.6852278951168
7,IF2,325,-367.5429144932914
7,IF2,326,-365.8200126998488
7,IF2,327,-369.4202013137788
7,IF2,328,-372.50409646799176
7,IF2,329,-362.9834070733667
7,IF2,330,-371.01173784360765
7,IF2,331,-367.74954958594526
7,IF2,332,-367.04703872562936
7,IF2,333,-368.5890873655751
7,IF2,334,-370.8574916370126
7,IF2,335,-370.138034710169
7,IF2,336,-368.86253047946093
7,IF2,337,-369.5750338357927
7,IF2,338,-368.1066570519055
7,IF2,339,-369.8301340360876
7,IF2,340,-369.8436787194647
7,IF2,341,-365.8595095975394
7,IF2,342,-368.9618120596781
7,IF2,343,-368.14877360764814
7,IF2,344,-368.73302429874065
7,IF2,345,-373.36998912992
7,IF2,346,-365.5253616834894
7,IF2,347,-370.34433863902393
7,IF2,348,-363.5309089953038
7,IF2,349,-369.1268457232107
7,IF2,350,-370.6965779151551
7,IF2,351,-370.79272365414073
7,IF2,352,-367.3267680157538
7,IF2,353,-368.9496383750045
7,IF2,354,-368.91759067237854
7,IF2,355,-367.6020104684133
7,IF2,356,-369.3339744123391
7,IF2,357,-365.78079644729047
7,IF2,358,-366.7275723904045
7,IF2,359,-367.4381433821636
7,IF2,360,-376.68835138809834
7,IF2,361,-367.39860416197996
7,IF2,362,-363.62902619170757
7,IF2,363,-367.31589141726045
7,IF2,364,-367.5496271132368
7,IF2,365,-368.98976862284496
7,IF2,366,-369.6989485004896
7,IF2,367,-369.1571271673808
7,IF2,368,-370.57862709177675
7,IF2,369,-367.5840808943083
7,IF2,370,-369.7136745014758
7,IF2,371,-368.62590698125695
7,IF2,372,-370.32660100702674
7,IF2,373,-368.38694002034094
7,IF2,374,-367.67837718376353
7,IF2,375,-366.7929899690149
7,IF2,376,-369.87829247358536
7,IF2,377,-367.8532071307811
7,IF2,378,-368.77840310858494
7,IF2,379,-362.2864154043813
7,IF2,380,-370.2313032801585
7,IF2,381,-369.4856738820828
7,IF2,382,-368.0619134809607
7,IF2,383,-368.68837815914424
7,IF2,384,-368.52614207684235
7,IF2,385,-370.42430521088994
7,IF2,386,-365.42192628678475
7,IF2,387,-364.9258307651271
7,IF2,388,-369.6666812974525
7,IF2,389,-365.47358633202924
7,IF2,390,-368.37551167411584
7,IF2,391,-364.7417633124316
7,IF2,392,-365.975413142377
7,IF2,393,-368.85422040466375
7,IF2,394,-365.67629236692767
7,IF2,395,-367.67256244476704
7,IF2,396,-366.8121143995086
7,IF2,397,-362.90495053094406
7,IF2,398,-369.0854019567536
7,IF2,399,-370.0737735949965
7,IF2,400,-365.66888733861947
7,IF2,401,-362.3123233305148
7,IF2,402,-368.928055610642
7,IF2,403,-370.1794260232342
7,IF2,404,-369.9323423698058
7,IF2,405,-366.5203915926246
7,IF2,406,-368.7542943408182
7,IF2,407,-366.0679137746189
7,IF2,408,-366.5901084981614
7,IF2,409,-368.04475255500944
7,IF2,410,-368.23144742411586
7,IF2,411,-366.1951369206119
7,IF2,412,-366.9235186657491
7,IF2,413,-369.55938273131824
7,IF2,414,-367.10428375297
7,IF2,415,-367.6250079535682
7,IF2,416,-374.38416199743745
7,IF2,417,-368.63964377465265
7,IF2,418,-367.3561803448708
7,IF2,419,-370.0109405292437
7,IF2,420,-364.1443392415751
7,IF2,421,-368.0424743165127
7,IF2,422,-368.8022945853169
7,IF2,423,-367.2222402271125
7,IF2,424,-369.3058956689841
7,IF2,425,-367.4388331951433
7,IF2,426,-367.59783363006153
7,IF2,427,-371.1276617287774
7,IF2,428,-368.50000664369816
7,IF2,429,-368.1277003595238
7,IF2,430,-370.7473548809815
7,IF2,431,-370.8993761447136
7,IF2,432,-368.4836870438561
7,IF2,433,-366.91774484916385
7,IF2,434,-371.1680095959776
7,IF2,435,-367.5766190591245
7,IF2,436,-369.9161186127082
7,IF2,437,-370.78381055339736
7,IF2,438,-368.22281652306737
7,IF2,439,-361.40189964812487
7,IF2,440,-365.6586923642431
7,IF2,441,-367.6490415378976
7,IF2,442,-371.32095551001515
7,IF2,443,-367.94884609359036
7,IF2,444,-373.3105950631351
7,IF2,445,-366.659569689939
7,IF2,446,-369.7754560130619
7,IF2,447,-370.42829028988444
7,IF2,448,-368.38948516686486
7,IF2,449,-368.65745606535285
7,IF2,450,-368.1476266758787
7,IF2,451,-366.60951528821766
7,IF2,452,-366.53195683148874
7,IF2,453,-369.40760386728846
7,IF2,454,-369.62925111041966
7,IF2,455,-369.34862815573763
7,IF2,456,-364.04512287597873
7,IF2,457,-368.0691194986016
7,IF2,458,-369.65800006472824
7,IF2,459,-363.45091259725604
7,IF2,460,-367.89626639509675
7,IF2,461,-363.3735721828827
7,IF2,462,-369.46152263394305
7,IF2,463,-370.7928554232202
7,IF2,464,-362.45915352942154
7,IF2,465,-366.79208619171106
7,IF2,466,-370.4923545604969
7,IF2,467,-366.546478412543
7,IF2,468,-373.67362692729847
7,IF2,469,-365.8967320513084
7,IF2,470,-370.06222781030266
7,IF2,471,-366.56603183721984
7,IF2,472,-370.26663593820575
7,IF2,473,-366.2830079041344
7,IF2,474,-367.3996148721366
7,IF2,475,-368.24447295098577
7,IF2,476,-372.56733572294075
7,IF2,477,-374.6823561103386
7,IF2,478,-369.5847518397528
7,IF2,479,-369.6655474883365
7,IF2,480,-371.30656236073276
7,IF2,481,-370.38899313475196
7,IF2,482,-369.88618242356114
7,IF2,483,-371.16793194307013
7,IF2,484,-368.5705123967232
7,IF2,485,-371.5292676868375
7,IF2,486,-371.6178358527084
7,IF2,487,-369.3489330768247
7,IF2,488,-365.6069673220933
7,IF2,489,-365.95138327896643
7,IF2,490,-366.3190140874836
7,IF2,491,-365.3688983196541
7,IF2,492,-369.46580601914167
7,IF2,493,-368.1357769863395
7,IF2,494,-368.97061606069025
7,IF2,495,-370.5541826047192
7,IF2,496,-369.80390759620394
7,IF2,497,-365.963856036596
7,IF2,498,-369.33337806112314
7,IF2,499,-369.68752562370344
7,IF2,500,-364.85462473261583
7,IF2,501,-369.94210159329765
7,IF2,502,-369.1616121896768
7,IF2,503,-367.130389358377
7,IF2,504,-364.5209064065534
7,IF2,505,-365.6886616627485
7,IF2,506,-368.5579424491437
7,IF2,507,-372.26218673700197
7,IF2,508,-372.2617474824225
7,IF2,509,-364.0262365115843
7,IF2,510,-368.36520809126637
7,IF2,511,-368.40869489166863
7,IF2,512,-366.11329755935907
7,IF2,513,-370.64590191384156
7,IF2,514,-367.99132496925426
7,IF2,515,-366.40931933447337
7,IF2,516,-362.50639558665074
7,IF2,517,-370.03360900975815
7,IF2,518,-373.2029725874768
7,IF2,519,-365.1512595503587
7,IF2,520,-368.3072891880179
7,IF2,521,-364.1424082970479
7,IF2,522,-370.1774248282276
7,IF2,523,-367.2857210434816
7,IF2,524,-369.41682489969077
7,IF2,525,-368.2680979884025
7,IF2,526,-370.72931593552283
7,IF2,527,-362.4116199254116
7,IF2,528,-368.04564438758973
7,IF2,529,-366.5761879810947
7,IF2,530,-367.1410804048474
7,IF2,531,-369.54844128536325
7,IF2,532,-366.74296021973356
7,IF2,533,-366.41881296960764
7,IF2,534,-363.7780054622673
7,IF2,535,-367.4287900000037
7,IF2,536,-368.930360084923
7,IF2,537,-370.44607206154893
7,IF2,538,-367.1471145430954
7,IF2,539,-365.5268783110553
7,IF2,540,-372.08114282180577
7,IF2,541,-370.7571672056999
7,IF2,542,-368.6234190846831
7,IF2,543,-370.83214836051565
7,IF2,544,-366.7992025041952
7,IF2,545,-371.6559255349826
7,IF2,546,-372.1404334769333
7,IF2,547,-370.6211972824538
7,IF2,548,-373.26758296410225
7,IF2,549,-374.08049108240397
7,IF2,550,-374.4055097950412
7,IF2,551,-366.0921583954766
7,IF2,552,-362.22786384491616
7,IF2,553,-372.8567393086043
7,IF2,554,-371.1597858932734
7,IF2,555,-367.9373165299587
7,IF2,556,-364.66995858732315
7,IF2,557,-368.26263352113216
7,IF2,558,-368.1817701168951
7,IF2,559,-373.2767627062153
7,IF2,560,-366.00604331365935
7,IF2,561,-368.0438007411058
7,IF2,562,-362.2548852928754
7,IF2,563,-363.9806284793241
7,IF2,564,-366.3834815287556
7,IF2,565,-373.5536910186855
7,IF2,566,-368.5001819413761
7,IF2,567,-367.424072867198
7,IF2,568,-366.8165147728756
7,IF2,569,-370.5621061602179
7,IF2,570,-369.66389668317373
7,IF2,571,-369.8400056939127
7,IF2,572,-371.79392736846455
7,IF2,573,-367.1475205854144
7,IF2,574,-366.0613512909244
7,IF2,575,-371.93074386703506
7,IF2,576,-370.8678741069208
7,IF2,577,-367.71172606842487
7,IF2,578,-367.8710155400337
7,IF2,579,-369.14460847002584
7,IF2,580,-366.8783171426329
7,IF2,581,-371.1915229490212
7,IF2,582,-370.3763413122173
7,IF2,583,-365.09211285039174
7,IF2,584,-369.2762764446629
7,IF2,585,-365.4201634535149
7,IF2,586,-367.9224699670763
7,IF2,587,-371.3021448881679
7,IF2,588,-364.1241748922415
7,IF2,589,-363.88181944496165
7,IF2,590,-372.57945535543377
7,IF2,591,-364.240452262491
7,IF2,592,-365.9034276223146
7,IF2,593,-367.2812149124492
7,IF2,594,-372.90961402739117
7,IF2,595,-368.96026768093174
7,IF2,596,-370.6941425467098
7,IF2,597,-369.110490527138
7,IF2,598,-368.5869796182083
7,IF2,599,-369.52113751719685
7,IFAD,0,-400.1812901134246
7,IFAD,1,-372.5465733587249
7,IFAD,2,-363.809157692075
7,IFAD,3,-366.35610777595986
7,IFAD,4,-366.82747582124216
7,IFAD,5,-369.58264336079264
7,IFAD,6,-366.7795851171095
7,IFAD,7,-367.8121231614894
7,IFAD,8,-367.381418943296
7,IFAD,9,-366.44430874677215
7,IFAD,10,-369.1881580879884
7,IFAD,11,-368.26848340789616
7,IFAD,12,-365.33745219506204
7,IFAD,13,-365.6854641747792
7,IFAD,14,-365.34996939386446
7,IFAD,15,-366.9340810234893
7,IFAD,16,-365.4602257363402
7,IFAD,17,-360.82086408697376
7,IFAD,18,-364.23329865412103
7,IFAD,19,-367.92681716790725
7,IFAD,20,-367.1366943575903
7,IFAD,21,-367.09092019666815
7,IFAD,22,-371.66428934598395
7,IFAD,23,-368.8204635967878
7,IFAD,24,-368.59531351933407
7,IFAD,25,-363.37561410156735
7,IFAD,26,-364.94871334760154
7,IFAD,27,-370.9505136316734
7,IFAD,28,-372.81565222183644
7,IFAD,29,-362.23251907975646
7,IFAD,30,-360.42586744508844
7,IFAD,31,-369.2345797061006
7,IFAD,32,-366.91263579147665
7,IFAD,33,-367.8168463473518
7,IFAD,34,-364.4931612425899
7,IFAD,35,-365.0883353695387
7,IFAD,36,-367.2308789108841
7,IFAD,37,-368.5942220168768
7,IFAD,38,-366.3691640079094
7,IFAD,39,-365.7501841516624
7,IFAD,40,-364.8636777830359
7,IFAD,41,-372.1743660511374
7,IFAD,42,-367.3504159600997
7,IFAD,43,-369.65226416683623
7,IFAD,44,-367.04375704407124
7,IFAD,45,-370.4556579229651
7,IFAD,46,-372.2726659147674
7,IFAD,47,-368.4590511616458
7,IFAD,48,-372.2317623262779
7,IFAD,49,-391.7330403324828
7,IFAD,50,-384.4494937390424
7,IFAD,51,-374.32206453852876
7,IFAD,52,-367.1115072787478
7,IFAD,53,-367.11981169713266
7,IFAD,54,-360.0342211330327
7,IFAD,55,-362.910588527439
7,IFAD,56,-364.3291224658701
7,IFAD,57,-361.5389086404708
7,IFAD,58,-366.0394556941405
7,IFAD,59,-368.8393715190052
7,IFAD,60,-366.9001749808177
7,IFAD,61,-366.1808857424518
7,IFAD,62,-364.20826741140917
7,IFAD,63,-368.41454449470615
7,IFAD,64,-369.06755205262357
7,IFAD,65,-361.85105950322
7,IFAD,66,-364.5898889311335
7,IFAD,67,-364.93514146757764
7,IFAD,68,-378.4740862266764
7,IFAD,69,-370.5427899644846
7,IFAD,70,-369.34387022986675
7,IFAD,71,-367.34750735814015
7,IFAD,72,-363.37073170959104
7,IFAD,73,-371.28768877878974
7,IFAD,74,-374.18411653577766
7,IFAD,75,-364.5067090703163
7,IFAD,76,-358.17614329075496
7,IFAD,77,-369.74758202959697
7,IFAD,78,-362.69059858033125
7,IFAD,79,-364.2481241974999
7,IFAD,80,-367.46455203001835
7,IFAD,81,-370.1200577788531
7,IFAD,82,-364.19664020350456
7,IFAD,83,-366.13445460051287
7,IFAD,84,-367.53504562134356
7,IFAD,85,-362.2762367340948
7,IFAD,86,-366.77572939018773
7,IFAD,87,-365.72795428937536
7,IFAD,88,-366.344327544295
7,IFAD,89,-368.03461396415497
7,IFAD,90,-364.2131414580202
7,IFAD,91,-364.45709232278443
7,IFAD,92,-368.86365463810785
7,IFAD,93,-363.14631968576134
7,IFAD,94,-363.25226386194447
7,IFAD,95,-373.6887614807323
7,IFAD,96,-365.0603685397766
7,IFAD,97,-365.6045546439063
7,IFAD,98,-366.2959614955417
7,IFAD,99,-366.2548572165268
7,IFAD,100,-370.9865404602057
7,IFAD,101,-364.72043946217286
7,IFAD,102,-361.67149020818414
7,IFAD,103,-366.8666180790611
7,IFAD,104,-364.97296278156193
7,IFAD,105,-363.2058648618979
7,IFAD,106,-369.2830517344017
7,IFAD,107,-363.2900392944619
7,IFAD,108,-363.2575222355022
7,IFAD,109,-364.863523364982
7,IFAD,110,-366.00046142988793
7,IFAD,111,-364.72154610305233
7,IFAD,112,-365.62482816451075
7,IFAD,113,-360.1073846474559
7,IFAD,114,-363.3318027277478
7,IFAD,115,-355.65298490454165
7,IFAD,116,-366.00252780580905
7,IFAD,117,-357.76971172396065
7,IFAD,118,-363.6715452980358
7,IFAD,119,-363.83475508894554
7,IFAD,120,-361.1948627574596
7,IFAD,121,-362.2260835355714
7,IFAD,122,-360.7639843006292
7,IFAD,123,-362.5985480823556
7,IFAD,124,-362.37089907763215
7,IFAD,125,-361.3928060298228
7,IFAD,126,-360.1038359669984
7,IFAD,127,-360.0121440992582
7,IFAD,128,-362.58850181002447
7,IFAD,129,-361.1345770188395
7,IFAD,130,-362.89256927001315
7,IFAD,131,-363.82372040745776
7,IFAD,132,-366.5627059005841
7,IFAD,133,-358.4216084195146
7,IFAD,134,-363.1640737100965
7,IFAD,135,-367.2306726417194
7,IFAD,136,-369.8070122703722
7,IFAD,137,-363.4197565224298
7,IFAD,138,-362.39987379993596
7,IFAD,139,-366.54846663379533
7,IFAD,140,-366.73063287680895
7,IFAD,141,-362.31371498519786
7,IFAD,142,-358.3582483540888
7,IFAD,143,-366.07982748221775
7,IFAD,144,-360.24439541892343
7,IFAD,145,-367.1052323553955
7,IFAD,146,-364.1438876191398
7,IFAD,147,-364.7792272337217
7,IFAD,148,-365.47344534522813
7,IFAD,149,-363.0611736434964
7,IFAD,150,-362.5766469399714
7,IFAD,151,-365.7064753655717
7,IFAD,152,-362.56871595837396
7,IFAD,153,-362.83073478325707
7,IFAD,154,-361.5745479649348
7,IFAD,155,-358.9208637263593
7,IFAD,156,-357.8652124630249
7,IFAD,157,-362.70679414861246
7,IFAD,158,-364.49344159805133
7,IFAD,159,-366.3510104177618
7,IFAD,160,-360.4107545462989
7,IFAD,161,-365.56968981057884
7,IFAD,162,-365.8577933374786
7,IFAD,163,-364.54359052020584
7,IFAD,164,-359.9773791883274
7,IFAD,165,-361.53741983463544
7,IFAD,166,-363.62083214052194
7,IFAD,167,-363.9096880223793
7,IFAD,168,-367.0257764060772
7,IFAD,169,-364.47699233114184
7,IFAD,170,-370.4306275140978
7,IFAD,171,-368.7785588328707
7,IFAD,172,-358.5364815488364
7,IFAD,173,-359.2386867045069
7,IFAD,174,-362.3065276820487
7,IFAD,175,-358.7936506935702
7,IFAD,176,-362.27495123215834
7,IFAD,177,-357.7759256497173
7,IFAD,178,-356.9528701711332
7,IFAD,179,-363.9443286097006
7,IFAD,180,-362.23258132102984
7,IFAD,181,-361.593149231587
7,IFAD,182,-367.13804873329667
7,IFAD,183,-363.14119698661204
7,IFAD,184,-362.24998506512486
7,IFAD,185,-360.74467984522335
7,IFAD,186,-360.0697567043443
7,IFAD,187,-363.752440127366
7,IFAD,188,-360.57150052448867
7,IFAD,189,-363.67663131003417
7,IFAD,190,-360.35706558339916
7,IFAD,191,-360.1836142917962
7,IFAD,192,-363.4263753404601
7,IFAD,193,-364.45274944700907
7,IFAD,194,-360.4233268490293
7,IFAD,195,-365.6450042355294
7,IFAD,196,-360.33310962915704
7,IFAD,197,-359.85017176423935
7,IFAD,198,-362.1136646972365
7,IFAD,199,-361.86201093788026
7,IFAD,200,-364.2574947968533
7,IFAD,201,-361.87456054052774
7,IFAD,202,-363.27616779143784
7,IFAD,203,-364.99205628091147
7,IFAD,204,-364.1757908508968
7,IFAD,205,-361.27146027401375
7,IFAD,206,-364.762134701595
7,IFAD,207,-369.1316383543427
7,IFAD,208,-366.1776694125331
7,IFAD,209,-365.361841370314
7,IFAD,210,-363.58919804075356
7,IFAD,211,-362.6673167923484
7,IFAD,212,-361.9432187835425
7,IFAD,213,-360.6231814682057
7,IFAD,214,-363.5242507084314
7,IFAD,215,-370.6128507005319
7,IFAD,216,-362.3622341699275
7,IFAD,217,-369.5921033320824
7,IFAD,218,-357.5447592529437
7,IFAD,219,-358.64183324099025
7,IFAD,220,-364.2351701448448
7,IFAD,221,-360.1338281558213
7,IFAD,222,-361.0264455031968
7,IFAD,223,-362.09684557979
7,IFAD,224,-360.21131111376917
7,IFAD,225,-364.55465699450735
7,IFAD,226,-363.262141524469
7,IFAD,227,-364.4606208264996
7,IFAD,228,-364.16627958565664
7,IFAD,229,-358.8156851821009
7,IFAD,230,-367.6478856891356
7,IFAD,231,-366.68073971258616
7,IFAD,232,-360.8568553147619
7,IFAD,233,-361.2723545815941
7,IFAD,234,-366.6125384849063
7,IFAD,235,-363.33265423819296
7,IFAD,236,-362.13258362207773
7,IFAD,237,-367.0918890276054
7,IFAD,238,-364.3697537862168
7,IFAD,239,-361.45582409258213
7,IFAD,240,-363.70896238213857
7,IFAD,241,-358.85899769352807
7,IFAD,242,-357.25652379397746
7,IFAD,243,-361.95713410898077
7,IFAD,244,-361.9401749686631
7,IFAD,245,-361.22009571044214
7,IFAD,246,-360.18287689333545
7,IFAD,247,-358.7005392494259
7,IFAD,248,-364.40658277062545
7,IFAD,249,-364.1823517905098
7,IFAD,250,-360.59857543826814
7,IFAD,251,-362.2111075306334
7,IFAD,252,-359.89285584523554
7,IFAD,253,-367.8526541288173
7,IFAD,254,-362.0819084709389
7,IFAD,255,-367.5342169754849
7,IFAD,256,-361.75223443252435
7,IFAD,257,-365.50182551990986
7,IFAD,258,-363.53517408638055
7,IFAD,259,-359.5782679238928
7,IFAD,260,-363.68697863143313
7,IFAD,261,-362.17219165714164
7,IFAD,262,-360.27480118675726
7,IFAD,263,-364.1806137862965
7,IFAD,264,-360.0123788892997
7,IFAD,265,-366.32167373746995
7,IFAD,266,-363.55824401193723
7,IFAD,267,-359.31772779900047
7,IFAD,268,-368.7459025211774
7,IFAD,269,-362.4166806353649
7,IFAD,270,-361.4014188497486
7,IFAD,271,-362.7881119278931
7,IFAD,272,-362.57208005338543
7,IFAD,273,-362.79957177243483
7,IFAD,274,-364.5943500764742
7,IFAD,275,-361.58758058790943
7,IFAD,276,-360.4572646483365
7,IFAD,277,-362.5089981005321
7,IFAD,278,-363.9900571446518
7,IFAD,279,-362.59512039351927
7,IFAD,280,-367.0674321548942
7,IFAD,281,-357.6716030812582
7,IFAD,282,-364.4179677347947
7,IFAD,283,-359.516856445433
7,IFAD,284,-356.3605182327345
7,IFAD,285,-360.53665020148753
7,IFAD,286,-360.5995906785854
7,IFAD,287,-364.1993034011529
7,IFAD,288,-361.45573650931175
7,IFAD,289,-363.5239641058768
7,IFAD,290,-363.2092829747119
7,IFAD,291,-359.1927203635959
7,IFAD,292,-362.67386469795827
7,IFAD,293,-359.4122918331143
7,IFAD,294,-361.1523202631779
7,IFAD,295,-363.81770857532234
7,IFAD,296,-360.13595121045614
7,IFAD,297,-361.964823249071
7,IFAD,298,-360.09482943044674
7,IFAD,299,-355.5930361004741
7,IFAD,300,-361.5927033572739
7,IFAD,301,-363.59603168478793
7,IFAD,302,-364.46182918277736
7,IFAD,303,-365.1720010480428
7,IFAD,304,-362.95468910583395
7,IFAD,305,-362.33800828581946
7,IFAD,306,-362.66313180743407
7,IFAD,307,-366.5249369021927
7,IFAD,308,-359.6356839210701
7,IFAD,309,-363.39194296336694
7,IFAD,310,-365.6846704449438
7,IFAD,311,-369.21154632171357
7,IFAD,312,-364.0619926352459
7,IFAD,313,-358.92219905527827
7,IFAD,314,-364.1642426212643
7,IFAD,315,-362.28884216083026
7,IFAD,316,-367.1691774124791
7,IFAD,317,-361.36317790515733
7,IFAD,318,-366.15062821685416
7,IFAD,319,-361.3298245064001
7,IFAD,320,-367.6312038584963
7,IFAD,321,-366.17481364194526
7,IFAD,322,-365.2680235939008
7,IFAD,323,-360.8573472137872
7,IFAD,324,-363.1438267367949
7,IFAD,325,-360.2783461538518
7,IFAD,326,-364.59694817378954
7,IFAD,327,-363.4010461563628
7,IFAD,328,-358.59653339192647
7,IFAD,329,-363.71903548350275
7,IFAD,330,-361.03058195258313
7,IFAD,331,-361.3491747181187
7,IFAD,332,-363.2534884802357
7,IFAD,333,-365.64646335312176
7,IFAD,334,-362.5782619132375
7,IFAD,335,-363.1732805444559
7,IFAD,336,-365.90840613333097
7,IFAD,337,-359.5125123889644
7,IFAD,338,-362.0921936221404
7,IFAD,339,-363.6828392303192
7,IFAD,340,-365.5562466374635
7,IFAD,341,-361.44870252508514
7,IFAD,342,-365.1740201000385
7,IFAD,343,-361.0365641774773
7,IFAD,344,-358.03357475736556
7,IFAD,345,-362.83814049682934
7,IFAD,346,-366.0983518508854
7,IFAD,347,-361.08791556236145
7,IFAD,348,-360.92390117367046
7,IFAD,349,-362.9022792116179
7,IFAD,350,-362.5750350418442
7,IFAD,351,-365.0926795480248
7,IFAD,352,-363.9839060163906
7,IFAD,353,-360.6548940049689
7,IFAD,354,-366.46443773569194
7,IFAD,355,-363.97196605676146
7,IFAD,356,-365.1320794273635
7,IFAD,357,-364.4470970708222
7,IFAD,358,-366.2641056716905
7,IFAD,359,-358.81686379926356
7,IFAD,360,-360.80941954317086
7,IFAD,361,-364.06338855629843
7,IFAD,362,-361.1531035774472
7,IFAD,363,-363.94486016367165
7,IFAD,364,-367.4507682529422
7,IFAD,365,-365.714296701755
7,IFAD,366,-363.07661311831566
7,IFAD,367,-360.6017700101118
7,IFAD,368,-362.48690474541746
7,IFAD,369,-363.35156908123525
7,IFAD,370,-364.4656822984596
7,IFAD,371,-362.3992758064384
7,IFAD,372,-361.69333955026525
7,IFAD,373,-370.8647129180856
7,IFAD,374,-362.1160686454194
7,IFAD,375,-363.584911826125
7,IFAD,376,-367.8594295607105
7,IFAD,377,-362.9169063252228
7,IFAD,378,-365.4113453354227
7,IFAD,379,-364.95495658825433
7,IFAD,380,-362.5963949476255
7,IFAD,381,-363.76778434811337
7,IFAD,382,-364.8208452827523
7,IFAD,383,-362.40878680903927
7,IFAD,384,-364.8094783459103
7,IFAD,385,-366.1036187637034
7,IFAD,386,-362.2325132683361
7,IFAD,387,-367.16371352220955
7,IFAD,388,-362.0526322711641
7,IFAD,389,-362.31751205984074
7,IFAD,390,-364.38996541617996
7,IFAD,391,-362.3531086855905
7,IFAD,392,-361.91859446150494
7,IFAD,393,-359.9309672384204
7,IFAD,394,-362.30562116278253
7,IFAD,395,-364.08719643860707
7,IFAD,396,-362.6121190314242
7,IFAD,397,-363.9683342184181
7,IFAD,398,-366.52868860609146
7,IFAD,399,-363.1168747072009
7,DS19,0,-424.16027043557096
7,DS19,1,-427.73078179580943
7,DS19,2,-428.3943234883337
7,DS19,3,-413.8343298643572
7,DS19,4,-418.8725908348382
7,DS19,5,-416.21062736880833
7,DS19,6,-419.9961292062477
7,DS19,7,-417.4882179447337
7,DS19,8,-413.60181266043986
7,DS19,9,-424.42366208255953
7,DS19,10,-407.97906280842415
7,DS19,11,-410.6144628308552
7,DS19,12,-417.4369365375135
7,DS19,13,-409.4078829489391
7,DS19,14,-423.1245382985076
7,DS19,15,-407.5664964708812
7,DS19,16,-399.6198590624121
7,DS19,17,-394.372663884728
7,DS19,18,-381.54914618105835
7,DS19,19,-385.37132171634414
7,DS19,20,-414.5925303535346
7,DS19,21,-398.045990524299
7,DS19,22,-408.4394206408819
7,DS19,23,-392.7509907182987
7,DS19,24,-395.7046148472566
7,DS19,25,-383.25822082651257
7,DS19,26,-384.96342496087937
7,DS19,27,-382.9730056060997
7,DS19,28,-387.1400010178884
7,DS19,29,-391.1440857135941
7,DS19,30,-390.64451087387874
7,DS19,31,-385.31967023348545
7,DS19,32,-373.56225041375905
7,DS19,33,-384.25234231961116
7,DS19,34,-387.5439056518393
7,DS19,35,-386.7394222157633
7,DS19,36,-380.53465284643545
7,DS19,37,-378.17216681880967
7,DS19,38,-383.41148476137926
7,DS19,39,-379.413364709793
7,DS19,40,-396.86882338024753
7,DS19,41,-366.5108610087388
7,DS19,42,-375.3400075705242
7,DS19,43,-386.8956071714986
7,DS19,44,-379.9287339267095
7,DS19,45,-384.4505432104146
7,DS19,46,-369.0895407200425
7,DS19,47,-380.43770680324525
7,DS19,48,-383.51638722418124
7,DS19,49,-380.1599950842803
7,DS19,50,-385.4077306515984
7,DS19,51,-367.18339642231
7,DS19,52,-372.37194040736676
7,DS19,53,-375.06689647381535
7,DS19,54,-380.601635475169
7,DS19,55,-369.6334769851556
7,DS19,56,-384.2206699118092
7,DS19,57,-385.8882119297072
7,DS19,58,-380.41818908626914
7,DS19,59,-379.1223071576152
7,DS19,60,-379.87831331766245
7,DS19,61,-376.3592210195699
7,DS19,62,-366.9328833562005
7,DS19,63,-384.5686955698077
7,DS19,64,-376.5148645268596
7,DS19,65,-373.2375193178579
7,DS19,66,-373.3484861904809
7,DS19,67,-367.74643763887514
7,DS19,68,-388.80264026024753
7,DS19,69,-371.7408218288992
7,DS19,70,-373.83716432415605
7,DS19,71,-372.46807577179055
7,DS19,72,-379.7167426736039
7,DS19,73,-371.57003250449213
7,DS19,74,-366.00619360968057
7,DS19,75,-383.79705968415163
7,DS19,76,-371.2008144911156
7,DS19,77,-360.41411005882037
7,DS19,78,-386.3679551654867
7,DS19,79,-373.7310675121872
7,DS19,80,-372.944845401999
7,DS19,81,-368.2720708657008
7,DS19,82,-371.8264197843865
7,DS19,83,-383.5445565877658
7,DS19,84,-374.30982558332414
7,DS19,85,-393.75913258658886
7,DS19,86,-379.86015271041856
7,DS19,87,-367.07756157521993
7,DS19,88,-380.85628952719173
7,DS19,89,-367.2861142159926
7,DS19,90,-376.16975833714093
7,DS19,91,-382.7586659428523
7,DS19,92,-369.0950693438315
7,DS19,93,-377.5118494374814
7,DS19,94,-379.9171226071571
7,DS19,95,-377.23509105743614
7,DS19,96,-369.08939623629436
7,DS19,97,-374.0271470750732
7,DS19,98,-383.40738648871775
7,DS19,99,-378.8926379542208
7,DS19,100,-382.2851735953049
7,DS19,101,-379.9751036144339
7,DS19,102,-373.0683973881716
7,DS19,103,-382.751228872305
7,DS19,104,-368.34337771156356
7,DS19,105,-375.4062984251822
7,DS19,106,-378.2292357125504
7,DS19,107,-370.2730954908916
7,DS19,108,-391.3477920970382
7,DS19,109,-377.1187590551019
7,DS19,110,-377.4336010602997
7,DS19,111,-376.03137706734145
7,DS19,112,-380.55355803372544
7,DS19,113,-378.3016376596611
7,DS19,114,-375.42835176418123
7,DS19,115,-377.748784438797
7,DS19,116,-379.1393480159871
7,DS19,117,-374.91037324648414
7,DS19,118,-369.8804153252761
7,DS19,119,-366.4867500648438
7,DS19,120,-373.13945304522497
7,DS19,121,-377.26757107791155
7,DS19,122,-381.05150328381154
7,DS19,123,-386.11339931811074
7,DS19,124,-379.85108514089296
7,DS19,125,-376.79747146951615
7,DS19,126,-371.0591874636662
7,DS19,127,-382.6342504387009
7,DS19,128,-378.7863653724332
7,DS19,129,-387.71397312264395
7,DS19,130,-381.16749512014565
7,DS19,131,-369.69156614090826
7,DS19,132,-367.98054071223373
7,DS19,133,-387.02536050732186
7,DS19,134,-372.2244522513298
7,DS19,135,-389.38296071387276
7,DS19,136,-383.32954017435793
7,DS19,137,-381.3097827044178
7,DS19,138,-372.5080090164171
7,DS19,139,-379.68141246757716
7,DS19,140,-380.31027748594374
7,DS19,141,-376.3128702062613
7,DS19,142,-383.4922155835227
7,DS19,143,-372.77945388268233
7,DS19,144,-379.26455332996056
7,DS19,145,-371.8953225745918
7,DS19,146,-379.6757808913716
7,DS19,147,-380.2470161392771
7,DS19,148,-378.1592205458095
7,DS19,149,-379.9542776268008
7,DS19,150,-378.178098650849
7,DS19,151,-373.59782684391183
7,DS19,152,-380.72025230004857
7,DS19,153,-383.3907235766894
7,DS19,154,-377.68121099946563
7,DS19,155,-365.340749948623
7,DS19,156,-372.426467988931
7,DS19,157,-378.6035522442305
7,DS19,158,-367.4263988376113
7,DS19,159,-372.8272415606674
7,DS19,160,-373.1553802895389
7,DS19,161,-375.7289960658238
7,DS19,162,-377.1084117378916
7,DS19,163,-378.0905855895925
7,DS19,164,-373.21889575687027
7,DS19,165,-364.91496111234187
7,DS19,166,-366.0838721094029
7,DS19,167,-379.0225660283859
7,DS19,168,-369.08519620597906
7,DS19,169,-370.1239448208277
7,DS19,170,-377.93693273829984
7,DS19,171,-368.8989453670581
7,DS19,172,-376.4893527231131
7,DS19,173,-366.312522824636
7,DS19,174,-375.9621050515676
7,DS19,175,-387.05574838696765
7,DS19,176,-380.93355084860116
7,DS19,177,-376.12340746893403
7,DS19,178,-379.0761993565244
7,DS19,179,-377.27129171786504
7,DS19,180,-389.27180907412986
7,DS19,181,-377.36022145863564
7,DS19,182,-369.6011612910475
7,DS19,183,-369.47859596907745
7,DS19,184,-369.8813571825284
7,DS19,185,-379.5709836327606
7,DS19,186,-373.93012563235277
7,DS19,187,-382.2929234357714
7,DS19,188,-376.46067103267484
7,DS19,189,-379.40061530879956
7,DS19,190,-379.4808084101866
7,DS19,191,-385.2932399399192
7,DS19,192,-382.3787277200883
7,DS19,193,-373.35972744582904
7,DS19,194,-375.8706487068328
7,DS19,195,-375.2202213882971
7,DS19,196,-382.4465772491943
7,DS19,197,-381.1356847337268
7,DS19,198,-380.53620329447506
7,DS19,199,-378.8929283193359
7,DS19,200,-364.89860694832527
7,DS19,201,-373.2529880200668
7,DS19,202,-370.0847240409887
7,DS19,203,-382.3167051655297
7,DS19,204,-374.3749238327738
7,DS19,205,-376.8107891205516
7,DS19,206,-371.72843014920977
7,DS19,207,-381.8099475062861
7,DS19,208,-383.87839357056487
7,DS19,209,-370.84431865411
7,DS19,210,-374.8836798532954
7,DS19,211,-374.4216223184475
7,DS19,212,-382.0032662366343
7,DS19,213,-376.81362780679405
7,DS19,214,-386.422872897893
7,DS19,215,-372.66632952085376
7,DS19,216,-375.5676428176995
7,DS19,217,-384.2789213190603
7,DS19,218,-379.52063792773384
7,DS19,219,-357.46646777986734
7,DS19,220,-373.9588776100398
7,DS19,221,-369.9061858951125
7,DS19,222,-372.8076054226666
7,DS19,223,-373.6840053750795
7,DS19,224,-384.67000577074964
7,DS19,225,-385.4678804515327
7,DS19,226,-373.6975681134364
7,DS19,227,-365.15600665180756
7,DS19,228,-363.70047017924355
7,DS19,229,-374.5611249033602
7,DS19,230,-374.05309417867403
7,DS19,231,-375.43726650813676
7,DS19,232,-388.15777982391603
7,DS19,233,-373.76790187645975
7,DS19,234,-376.0551471880691
7,DS19,235,-381.1513536375195
7,DS19,236,-384.2929661725876
7,DS19,237,-371.0702241508047
7,DS19,238,-376.119040868091
7,DS19,239,-389.2822910044358
7,DS19,240,-376.7732269970228
7,DS19,241,-381.88109700290687
7,DS19,242,-380.0705815478459
7,DS19,243,-383.72246217044625
7,DS19,244,-374.8781199172139
7,DS19,245,-374.6067541299209
7,DS19,246,-369.6918324390664
7,DS19,247,-376.27063182251743
7,DS19,248,-371.88825953638485
7,DS19,249,-377.3265566027206
7,DS19,250,-377.2530442353339
7,DS19,251,-368.61539336253065
7,DS19,252,-379.46640434582184
7,DS19,253,-392.27667527653654
7,DS19,254,-370.1355030444674
7,DS19,255,-379.0689191175444
7,DS19,256,-383.4511510578715
7,DS19,257,-370.44939038670356
7,DS19,258,-383.92624402265085
7,DS19,259,-374.8056744374176
7,DS19,260,-381.21835585268633
7,DS19,261,-386.1801500513143
7,DS19,262,-379.8798221607109
7,DS19,263,-379.68055091172823
7,DS19,264,-385.9919906104887
7,DS19,265,-377.8001468733127
7,DS19,266,-378.117611221889
7,DS19,267,-371.8662825675942
7,DS19,268,-376.94548194384333
7,DS19,269,-379.3791864427037
7,DS19,270,-376.9979752334089
7,DS19,271,-380.86685331650534
7,DS19,272,-377.4416007912826
7,DS19,273,-372.6558865874165
7,DS19,274,-379.40697556173757
7,DS19,275,-364.42462023468227
7,DS19,276,-390.80039068736494
7,DS19,277,-382.02975305365027
7,DS19,278,-374.750074247788
7,DS19,279,-371.03535079398233
7,DS19,280,-373.00480399292485
7,DS19,281,-385.38662653995243
7,DS19,282,-390.77178871713926
7,DS19,283,-385.6636576508514
7,DS19,284,-379.10559858515927
7,DS19,285,-353.0974265472978
7,DS19,286,-372.2699397749283
7,DS19,287,-378.3251243582198
7,DS19,288,-366.60211175198197
7,DS19,289,-380.59645718049455
7,DS19,290,-369.82004577281555
7,DS19,291,-383.8564011986034
7,DS19,292,-373.4667349604315
7,DS19,293,-388.05616669124885
7,DS19,294,-375.67118907672
7,DS19,295,-378.10883597332514
7,DS19,296,-365.45868945533056
7,DS19,297,-378.0570852156826
7,DS19,298,-382.7461455648724
7,DS19,299,-373.07507253891976
7,CTDD21,0,-482.68660471360124
7,CTDD21,1,-513.2835963670374
7,CTDD21,2,-467.5104322618029
7,CTDD21,3,-492.56404687178957
7,CTDD21,4,-484.993071639742
7,CTDD21,5,-495.18740626533923
7,CTDD21,6,-458.9460082847511
7,CTDD21,7,-503.43781238478846
7,CTDD21,8,-472.43736724637586
7,CTDD21,9,-478.50885920273504
7,CTDD21,10,-460.2258332352877
7,CTDD21,11,-447.8327368653487
7,CTDD21,12,-474.59170907288836
7,CTDD21,13,-435.76303155636595
7,CTDD21,14,-406.21492369397225
7,CTDD21,15,-449.11272152169147
7,CTDD21,16,-458.4466970627958
7,CTDD21,17,-449.6980584513497
7,CTDD21,18,-442.1649701911924
7,CTDD21,19,-434.16852441884714
7,CTDD21,20,-425.09771755174245
7,CTDD21,21,-447.4880489571645
7,CTDD21,22,-467.5053143813696
7,CTDD21,23,-445.38036788982424
7,CTDD21,24,-457.5571759521077
7,CTDD21,25,-432.5264064398947
7,CTDD21,26,-420.0547902334453
7,CTDD21,27,-441.26446644866087
7,CTDD21,28,-453.85752843491264
7,CTDD21,29,-438.82291748622305
7,CTDD21,30,-409.6752322902742
7,CTDD21,31,-449.62650697518285
7,CTDD21,32,-445.3823401238406
7,CTDD21,33,-426.69948254571705
7,CTDD21,34,-420.0447259485027
7,CTDD21,35,-427.37480636273926
7,CTDD21,36,-442.72080687543
7,CTDD21,37,-411.2411944182326
7,CTDD21,38,-429.2275188358107
7,CTDD21,39,-426.61371467711086
7,CTDD21,40,-428.42071397018475
7,CTDD21,41,-447.997812168294
7,CTDD21,42,-420.0609619992881
7,CTDD21,43,-406.2521349822313
7,CTDD21,44,-404.8500729074774
7,CTDD21,45,-404.711867743461
7,CTDD21,46,-397.8818518897889
7,CTDD21,47,-456.9414581100076
7,CTDD21,48,-409.73758925220625
7,CTDD21,49,-407.83635441211453
7,CTDD21,50,-424.7794535003431
7,CTDD21,51,-403.72231921718793
7,CTDD21,52,-422.71459222140726
7,CTDD21,53,-419.25992811629635
7,CTDD21,54,-425.56796761675207
7,CTDD21,55,-448.3475066501428
7,CTDD21,56,-404.5441930349258
7,CTDD21,57,-396.3234768864211
7,CTDD21,58,-435.03861762381496
7,CTDD21,59,-424.46109534068165
7,CTDD21,60,-432.36205019739015
7,CTDD21,61,-415.1951114964403
7,CTDD21,62,-441.5023433936676
7,CTDD21,63,-429.7360094823252
7,CTDD21,64,-432.4980314354832
7,CTDD21,65,-424.4785515992516
7,CTDD21,66,-410.38404894389373
7,CTDD21,67,-395.4186428627944
7,CTDD21,68,-413.97617740191794
7,CTDD21,69,-413.9130623113999
7,CTDD21,70,-451.514457025406
7,CTDD21,71,-422.5040150556071
7,CTDD21,72,-435.9452909771217
7,CTDD21,73,-425.1748697456213
7,CTDD21,74,-439.4431161975623
7,CTDD21,75,-407.22397304663343
7,CTDD21,76,-405.9441287592019
7,CTDD21,77,-419.9001672782482
7,CTDD21,78,-448.2510520205016
7,CTDD21,79,-401.80027465370733
7,CTDD21,80,-426.41966329914226
7,CTDD21,81,-444.92057671687616
7,CTDD21,82,-415.82493511287447
7,CTDD21,83,-436.545120483457
7,CTDD21,84,-430.6455730987912
7,CTDD21,85,-394.69228141337743
7,CTDD21,86,-422.2382779677299
7,CTDD21,87,-407.14833960859323
7,CTDD21,88,-404.55116435698403
7,CTDD21,89,-390.3410424277596
7,CTDD21,90,-405.361041549476
7,CTDD21,91,-426.7933063932956
7,CTDD21,92,-432.89800614279307
7,CTDD21,93,-432.56417203762373
7,CTDD21,94,-418.28922780726714
7,CTDD21,95,-434.2039245080162
7,CTDD21,96,-433.45390535266563
7,CTDD21,97,-405.8978401679439
7,CTDD21,98,-449.14742254830276
7,CTDD21,99,-423.36254068021503
7,CTDD21,100,-429.5273318671736
7,CTDD21,101,-436.18429916877096
7,CTDD21,102,-412.3384117523848
7,CTDD21,103,-412.27953033595895
7,CTDD21,104,-410.13036730912637
7,CTDD21,105,-443.76045775043417
7,CTDD21,106,-419.0916813276234
7,CTDD21,107,-433.9870824148282
7,CTDD21,108,-399.69968239344877
7,CTDD21,109,-415.6996032539746
7,CTDD21,110,-444.9599695544035
7,CTDD21,111,-436.9790410926032
7,CTDD21,112,-416.3774036018565
7,CTDD21,113,-416.16719614086446
7,CTDD21,114,-451.1467398799923
7,CTDD21,115,-428.0850644033749
7,CTDD21,116,-417.2801943285034
7,CTDD21,117,-430.68222587036223
7,CTDD21,118,-435.7184716961716
7,CTDD21,119,-444.4390636005531
7,CTDD21,120,-447.07692193557915
7,CTDD21,121,-419.8271481584486
7,CTDD21,122,-427.4713878240774
7,CTDD21,123,-410.64357458973006
7,CTDD21,124,-390.3128727581103
7,CTDD21,125,-434.4680457740012
7,CTDD21,126,-450.5598806568973
7,CTDD21,127,-423.76274893008525
7,CTDD21,128,-419.42727066299005
7,CTDD21,129,-423.42813437958955
7,CTDD21,130,-432.08572931889154
7,CTDD21,131,-417.63311158503325
7,CTDD21,132,-422.20540003942705
7,CTDD21,133,-414.9677699068766
7,CTDD21,134,-427.3071838253618
7,CTDD21,135,-414.6706750327131
7,CTDD21,136,-438.71554235880114
7,CTDD21,137,-437.57409308566855
7,CTDD21,138,-437.0538547148272
7,CTDD21,139,-442.3298464109347
7,CTDD21,140,-410.18634676729044
7,CTDD21,141,-423.59373993534683
7,CTDD21,142,-430.06922415774034
7,CTDD21,143,-433.0123392325943
7,CTDD21,144,-444.8304303477502
7,CTDD21,145,-447.16320848376677
7,CTDD21,146,-447.01657762910867
7,CTDD21,147,-419.246558892914
7,CTDD21,148,-430.62129119972883
7,CTDD21,149,-458.9109574658524
7,CTDD21,150,-436.8759701898051
7,CTDD21,151,-437.78314528431656
7,CTDD21,152,-434.7896726374771
7,CTDD21,153,-415.524142607612
7,CTDD21,154,-412.3920040457926
7,CTDD21,155,-427.56938608646095
7,CTDD21,156,-433.8721119291087
7,CTDD21,157,-443.29242400472947
7,CTDD21,158,-400.85226513996975
7,CTDD21,159,-403.2997387318513
7,CTDD21,160,-429.1703600109078
7,CTDD21,161,-408.66798607482815
7,CTDD21,162,-398.22385530172687
7,CTDD21,163,-431.91382245598595
7,CTDD21,164,-425.1016199002413
7,CTDD21,165,-426.4779875470841
7,CTDD21,166,-432.655121575621
7,CTDD21,167,-427.4855405087901
7,CTDD21,168,-421.5276836726554
7,CTDD21,169,-420.5609498998772
7,CTDD21,170,-425.7341669874886
7,CTDD21,171,-445.4242677762828
7,CTDD21,172,-421.44201135868485
7,CTDD21,173,-452.7112439351864
7,CTDD21,174,-444.0499960880709
7,CTDD21,175,-431.53557303149336
7,CTDD21,176,-417.1989729321154
7,CTDD21,177,-391.3996890839512
7,CTDD21,178,-435.0232541976336
7,CTDD21,179,-424.89332079429204
7,CTDD21,180,-428.8165375275506
7,CTDD21,181,-441.250465161576
7,CTDD21,182,-408.0692499951492
7,CTDD21,183,-400.00770877731014
7,CTDD21,184,-405.0561989990016
7,CTDD21,185,-416.3658262748328
7,CTDD21,186,-410.15523275845754
7,CTDD21,187,-406.715728743244
7,CTDD21,188,-452.90764693274537
7,CTDD21,189,-423.76677164559544
7,CTDD21,190,-412.7459380757615
7,CTDD21,191,-443.20942787547153
7,CTDD21,192,-435.35036111015836
7,CTDD21,193,-442.59885870653625
7,CTDD21,194,-432.50162483320287
7,CTDD21,195,-433.9055690988704
7,CTDD21,196,-421.6715941004572
7,CTDD21,197,-446.67222792908893
7,CTDD21,198,-447.4632798422474
7,CTDD21,199,-419.29668051339166
7,CTDD21,200,-444.40291167827115
7,CTDD21,201,-415.07805228732127
7,CTDD21,202,-435.5046680314209
7,CTDD21,203,-390.5351099943847
7,CTDD21,204,-420.2214437809517
7,CTDD21,205,-408.3950063935771
7,CTDD21,206,-438.203933705585
7,CTDD21,207,-414.00427359168873
7,CTDD21,208,-439.65167797188224
7,CTDD21,209,-448.98335342444784
7,CTDD21,210,-424.17017050044205
7,CTDD21,211,-414.4615839164328
7,CTDD21,212,-420.43187971274995
7,CTDD21,213,-415.232464428081
7,CTDD21,214,-446.4783735241224
7,CTDD21,215,-427.3998679606131
7,CTDD21,216,-430.50126949055294
7,CTDD21,217,-397.91884341299397
7,CTDD21,218,-432.6537559947682
7,CTDD21,219,-422.39755089638146
7,CTDD21,220,-422.64091710860015
7,CTDD21,221,-435.86180751088807
7,CTDD21,222,-429.96955578895506
7,CTDD21,223,-407.89796764922664
7,CTDD21,224,-436.7693812779484
7,CTDD21,225,-400.8121005059305
7,CTDD21,226,-440.11366507286476
7,CTDD21,227,-426.0348437503141
7,CTDD21,228,-414.5725190606052
7,CTDD21,229,-422.7935011414114
7,CTDD21,230,-431.3292775132387
7,CTDD21,231,-401.41958221784233
7,CTDD21,232,-442.08012332504177
7,CTDD21,233,-409.13841867535166
7,CTDD21,234,-430.9989807928895
7,CTDD21,235,-411.575769342407
7,CTDD21,236,-418.2617134126317
7,CTDD21,237,-413.76601873424863
7,CTDD21,238,-416.1128474846347
7,CTDD21,239,-403.7901757368462
7,CTDD21,240,-414.35617306280017
7,CTDD21,241,-445.4026808055667
7,CTDD21,242,-424.47229767046616
7,CTDD21,243,-431.3509054447997
7,CTDD21,244,-429.2224588550882
7,CTDD21,245,-410.5667533112255
7,CTDD21,246,-392.9157540645032
7,CTDD21,247,-419.49431998091796
7,CTDD21,248,-415.0525603345631
7,CTDD21,249,-427.3527271067868
7,CTDD21,250,-415.082356930315
7,CTDD21,251,-442.53683223439873
7,CTDD21,252,-425.2066010478295
7,CTDD21,253,-422.28552137294605
7,CTDD21,254,-437.6637948814647
7,CTDD21,255,-406.6836264134239
7,CTDD21,256,-421.7216379478216
7,CTDD21,257,-466.0306631060196
7,CTDD21,258,-417.67883300359705
7,CTDD21,259,-421.88762943988036
7,CTDD21,260,-422.9244062090918
7,CTDD21,261,-417.343713198455
7,CTDD21,262,-424.9129357902618
7,CTDD21,263,-450.07446670982137
7,CTDD21,264,-419.76674830554225
7,CTDD21,265,-431.03835377091696
7,CTDD21,266,-431.0154969659434
7,CTDD21,267,-421.04084844876047
7,CTDD21,268,-428.86801818309135
7,CTDD21,269,-448.7360013654834
7,CTDD21,270,-431.4057615815728
7,CTDD21,271,-433.5976082233769
7,CTDD21,272,-430.68979545914885
7,CTDD21,273,-414.0553093493859
7,CTDD21,274,-422.8626279907482
7,CTDD21,275,-432.3213425993507
7,CTDD21,276,-412.06118732850035
7,CTDD21,277,-430.34310066215176
7,CTDD21,278,-425.49253558044535
7,CTDD21,279,-442.0550642132778
7,CTDD21,280,-476.42177194420043
7,CTDD21,281,-405.72384338578286
7,CTDD21,282,-407.9299195903855
7,CTDD21,283,-411.3083281470274
7,CTDD21,284,-428.7037106077587
7,CTDD21,285,-437.6783772178395
7,CTDD21,286,-433.26976237383997
7,CTDD21,287,-420.31597106548776
7,CTDD21,288,-430.5171832634141
7,CTDD21,289,-406.9482789504657
7,CTDD21,290,-424.95836288339785
7,CTDD21,291,-422.85163178797256
7,CTDD21,292,-431.08169744134574
7,CTDD21,293,-398.6156574265993
7,CTDD21,294,-420.17828007437754
7,CTDD21,295,-420.2857678452623
7,CTDD21,296,-414.195461386037
7,CTDD21,297,-447.60783678816097
7,CTDD21,298,-421.376911421692
7,CTDD21,299,-416.84271075084655
8,IF2,0,-375.79068030854955
8,IF2,1,-367.77168630068405
8,IF2,2,-366.8346636723275
8,IF2,3,-372.752230473784
8,IF2,4,-366.4751340876627
8,IF2,5,-361.7164427611217
8,IF2,6,-365.0217531939651
8,IF2,7,-368.8821632547547
8,IF2,8,-365.2287609694518
8,IF2,9,-361.2038026263645
8,IF2,10,-367.692912163624
8,IF2,11,-372.7700551227966
8,IF2,12,-370.43544757570913
8,IF2,13,-362.6726073287797
8,IF2,14,-367.5946065019245
8,IF2,15,-362.17798512035307
8,IF2,16,-370.8079580796283
8,IF2,17,-365.715833703722
8,IF2,18,-369.2708669758968
8,IF2,19,-368.72258885611035
8,IF2,20,-365.03170213624713
8,IF2,21,-372.89396118219634
8,IF2,22,-372.06893220141393
8,IF2,23,-366.20547324443413
8,IF2,24,-362.75912193971135
8,IF2,25,-364.37910073805926
8,IF2,26,-370.19853074327034
8,IF2,27,-368.63594902521123
8,IF2,28,-367.02859763714247
8,IF2,29,-371.3590849872581
8,IF2,30,-364.60647965022974
8,IF2,31,-370.6511501688642
8,IF2,32,-366.7282118711423
8,IF2,33,-365.72414754248285
8,IF2,34,-370.60505447726007
8,IF2,35,-371.4122779117089
8,IF2,36,-366.0090225525248
8,IF2,37,-359.8987531468982
8,IF2,38,-369.81368846678765
8,IF2,39,-364.6628298214115
8,IF2,40,-366.0511104099398
8,IF2,41,-361.3073720960582
8,IF2,42,-365.53977892332387
8,IF2,43,-367.8635319172408
8,IF2,44,-371.45364652905187
8,IF2,45,-363.4970656744074
8,IF2,46,-366.3805711427939
8,IF2,47,-367.11217513603253
8,IF2,48,-368.4546184748548
8,IF2,49,-365.841464864433
8,IF2,50,-366.4668230055324
8,IF2,51,-368.4220222345857
8,IF2,52,-361.62612713136554
8,IF2,53,-362.53509809330654
8,IF2,54,-366.82330894518606
8,IF2,55,-366.9194231306456
8,IF2,56,-362.3805268578034
8,IF2,57,-367.06689799878205
8,IF2,58,-369.4699660943736
8,IF2,59,-372.5185128442291
8,IF2,60,-363.8431275511016
8,IF2,61,-371.25168092058544
8,IF2,62,-366.59468375688306
8,IF2,63,-370.90115686440294
8,IF2,64,-369.2057804764945
8,IF2,65,-368.90201219078625
8,IF2,66,-365.0013833127587
8,IF2,67,-364.93952763270335
8,IF2,68,-362.7596831311442
8,IF2,69,-364.15049108025454
8,IF2,70,-362.16519299438613
8,IF2,71,-369.39305815356386
8,IF2,72,-368.43965912513727
8,IF2,73,-367.8508605167423
8,IF2,74,-369.1548178768319
8,IF2,75,-372.3761575624042
8,IF2,76,-369.6944242393454
8,IF2,77,-370.356291648048
8,IF2,78,-364.7333981787365
8,IF2,79,-362.8885092481137
8,IF2,80,-367.59448926814315
8,IF2,81,-376.38726831759266
8,IF2,82,-368.8835929602962
8,IF2,83,-369.9760467726321
8,IF2,84,-371.08019294502054
8,IF2,85,-363.58582229544635
8,IF2,86,-366.9547931905234
8,IF2,87,-362.21566781763283
8,IF2,88,-362.41399978276235
8,IF2,89,-363.80145791747435
8,IF2,90,-366.68234335302526
8,IF2,91,-361.00258401560217
8,IF2,92,-364.2003679542694
8,IF2,93,-366.1540686703655
8,IF2,94,-364.8822295603592
8,IF2,95,-366.34686915285977
8,IF2,96,-373.88900131586325
8,IF2,97,-370.9686964715154
8,IF2,98,-373.3362035765456
8,IF2,99,-379.03279089231546
8,IF2,100,-382.15708865258586
8,IF2,101,-371.60463556507443
8,IF2,102,-380.1160116306554
8,IF2,103,-372.6544232697923
8,IF2,104,-374.6204221475329
8,IF2,105,-369.75410489614217
8,IF2,106,-371.89831612666813
8,IF2,107,-371.5266656798791
8,IF2,108,-372.40188287182286
8,IF2,109,-370.73601411766253
8,IF2,110,-370.75858029667666
8,IF2,111,-364.1957526744129
8,IF2,112,-366.3025493871044
8,IF2,113,-369.10692062354974
8,IF2,114,-364.77459106535855
8,IF2,115,-362.19668916573147
8,IF2,116,-368.7602769446679
8,IF2,117,-369.4235654754419
8,IF2,118,-365.02515460169957
8,IF2,119,-364.4821720494157
8,IF2,120,-364.9081266657516
8,IF2,121,-363.2189046894469
8,IF2,122,-371.82219066124173
8,IF2,123,-369.49497301384804
8,IF2,124,-361.46616659431885
8,IF2,125,-363.6695075761424
8,IF2,126,-368.7664947058695
8,IF2,127,-365.18897109766624
8,IF2,128,-367.42187795873616
8,IF2,129,-371.205701379553
8,IF2,130,-366.0664002378232
8,IF2,131,-371.2638400197374
8,IF2,132,-368.1930575715388
8,IF2,133,-366.07610773854907
8,IF2,134,-367.5722880201147
8,IF2,135,-367.23780597482863
8,IF2,136,-363.95377862243333
8,IF2,137,-365.8455453858266
8,IF2,138,-363.95857639280035
8,IF2,139,-362.48404813744594
8,IF2,140,-371.0618237617643
8,IF2,141,-365.4544434452742
8,IF2,142,-363.76525029403047
8,IF2,143,-362.13611617304286
8,IF2,144,-367.40668937669767
8,IF2,145,-358.9612557129483
8,IF2,146,-364.6228560082712
8,IF2,147,-364.1131739862347
8,IF2,148,-368.6558761674151
8,IF2,149,-367.9716997213899
8,IF2,150,-362.32108890532766
8,IF2,151,-367.91304867341796
8,IF2,152,-365.4403396914981
8,IF2,153,-364.7651278715991
8,IF2,154,-362.64655085951404
8,IF2,155,-363.99610343576035
8,IF2,156,-369.6729363461393
8,IF2,157,-369.90001782243104
8,IF2,158,-365.77309472518806
8,IF2,159,-367.61433342426636
8,IF2,160,-374.1470942886271
8,IF2,161,-364.1319467480803
8,IF2,162,-369.0034498779112
8,IF2,163,-366.51522197899646
8,IF2,164,-368.464432976333
8,IF2,165,-369.4192584481937
8,IF2,166,-368.9370066420379
8,IF2,167,-366.6477451110291
8,IF2,168,-367.7365771806206
8,IF2,169,-365.0317988631388
8,IF2,170,-364.25961643215766
8,IF2,171,-364.03745877534374
8,IF2,172,-366.1626950993018
8,IF2,173,-364.0091218815625
8,IF2,174,-372.1945049707668
8,IF2,175,-369.38911632367336
8,IF2,176,-376.35224307280856
8,IF2,177,-367.51230862992725
8,IF2,178,-365.96165362476336
8,IF2,179,-363.63509024141825
8,IF2,180,-365.8773136998176
8,IF2,181,-365.4213487146292
8,IF2,182,-363.5196567837159
8,IF2,183,-366.32676601547416
8,IF2,184,-367.95128505307196
8,IF2,185,-370.5127333462563
8,IF2,186,-369.14581941684213
8,IF2,187,-363.83885819577273
8,IF2,188,-366.7234912829002
8,IF2,189,-362.14299868903345
8,IF2,190,-364.5800609871058
8,IF2,191,-368.157542721719
8,IF2,192,-363.90897256839133
8,IF2,193,-365.8498885595375
8,IF2,194,-364.13275866806424
8,IF2,195,-360.7629101325564
8,IF2,196,-360.8182125083077
8,IF2,197,-361.5398341706182
8,IF2,198,-365.19669408750315
8,IF2,199,-365.0427303190418
8,IF2,200,-363.8330107713798
8,IF2,201,-368.12051316239314
8,IF2,202,-368.66331843857307
8,IF2,203,-366.70485941263644
8,IF2,204,-366.9652637992306
8,IF2,205,-362.0388996327783
8,IF2,206,-363.95770670727535
8,IF2,207,-366.70936589017964
8,IF2,208,-367.47661346175687
8,IF2,209,-363.3516542065658
8,IF2,210,-362.9486475659701
8,IF2,211,-372.1505080797319
8,IF2,212,-363.7368680678023
8,IF2,213,-365.713703657101
8,IF2,214,-368.8849514209417
8,IF2,215,-369.3250918931218
8,IF2,216,-366.3017957715638
8,IF2,217,-367.6266783004379
8,IF2,218,-367.89599748849736
8,IF2,219,-366.5125577252616
8,IF2,220,-367.75151245638324
8,IF2,221,-366.8434397997771
8,IF2,222,-365.14541008704504
8,IF2,223,-364.2248342059712
8,IF2,224,-362.6546003957899
8,IF2,225,-366.4956720712978
8,IF2,226,-362.99839754503176
8,IF2,227,-369.3044624258615
8,IF2,228,-362.698643708187
8,IF2,229,-366.4547282285228
8,IF2,230,-368.82940434356647
8,IF2,231,-367.5566363787881
8,IF2,232,-364.8386131203675
8,IF2,233,-363.7443198872166
8,IF2,234,-364.5327029806939
8,IF2,235,-362.81046219114467
8,IF2,236,-364.5878008274454
8,IF2,237,-366.11767859410946
8,IF2,238,-365.97819257981877
8,IF2,239,-367.2008800973683
8,IF2,240,-363.83643450516234
8,IF2,241,-365.26347243563356
8,IF2,242,-365.4248812693922
8,IF2,243,-370.43952071372655
8,IF2,244,-365.3051842249258
8,IF2,245,-364.5115391304474
8,IF2,246,-367.2888106833055
8,IF2,247,-365.76230820447995
8,IF2,248,-366.977617519815
8,IF2,249,-363.2002945590118
8,IF2,250,-361.071487228137
8,IF2,251,-363.213896341918
8,IF2,252,-366.0280442187883
8,IF2,253,-364.94360125542164
8,IF2,254,-368.73107734736203
8,IF2,255,-365.5109092885409
8,IF2,256,-366.6304238133408
8,IF2,257,-365.33363701412975
8,IF2,258,-361.1486941354329
8,IF2,259,-368.20656736304227
8,IF2,260,-366.92181477077844
8,IF2,261,-366.738540704059
8,IF2,262,-368.2789492338191
8,IF2,263,-366.6223577062915
8,IF2,264,-368.17872524516264
8,IF2,265,-369.1927080664582
8,IF2,266,-368.73971264254874
8,IF2,267,-364.50097386385954
8,IF2,268,-368.98827373153927
8,IF2,269,-362.6460563130214
8,IF2,270,-363.2599421390001
8,IF2,271,-366.07887454720486
8,IF2,272,-367.43879481271904
8,IF2,273,-363.2774361110159
8,IF2,274,-367.5816926925771
8,IF2,275,-367.44874910989756
8,IF2,276,-364.90841153697403
8,IF2,277,-364.1600938040218
8,IF2,278,-363.84394057582125
8,IF2,279,-369.42052922403184
8,IF2,280,-366.4943873397426
8,IF2,281,-363.41924250852526
8,IF2,282,-357.34700074659577
8,IF2,283,-366.29123532672
8,IF2,284,-368.019107663918
8,IF2,285,-370.8254294613514
8,IF2,286,-361.43613242120773
8,IF2,287,-364.1954398751169
8,IF2,288,-368.272245627283
8,IF2,289,-364.5704457399061
8,IF2,290,-365.56548073773206
8,IF2,291,-360.1852106936827
8,IF2,292,-361.7895045473872
8,IF2,293,-364.748039121031
8,IF2,294,-359.636997643502
8,IF2,295,-365.4973524030398
8,IF2,296,-363.1357646795786
8,IF2,297,-365.9080801181328
8,IF2,298,-362.066494660184
8,IF2,299,-364.3062852553636
8,IF2,300,-371.20966409052767
8,IF2,301,-364.6447644821994
8,IF2,302,-366.55160674852476
8,IF2,303,-364.296904387296
8,IF2,304,-368.470668783736
8,IF2,305,-364.63085495139507
8,IF2,306,-365.3255579606128
8,IF2,307,-362.0479897468714
8,IF2,308,-366.52303172086425
8,IF2,309,-365.3215954522317
8,IF2,310,-369.7918849170413
8,IF2,311,-363.7087221016024
8,IF2,312,-361.39829653296755
8,IF2,313,-367.0661955807408
8,IF2,314,-364.750186115492
8,IF2,315,-362.00427003835904
8,IF2,316,-363.3103421521473
8,IF2,317,-363.7844430122962
8,IF2,318,-364.64649369295046
8,IF2,319,-365.21815651885356
8,IF2,320,-363.49889080820145
8,IF2,321,-364.53825499824916
8,IF2,322,-368.4009545813579
8,IF2,323,-362.66407988541255
8,IF2,324,-364.46008115297246
8,IF2,325,-367.51572655137386
8,IF2,326,-365.8314069698028
8,IF2,327,-366.71101201688396
8,IF2,328,-366.42860506441406
8,IF2,329,-366.35661397475656
8,IF2,330,-361.1676949446878
8,IF2,331,-364.1485215868428
8,IF2,332,-365.2920885160979
8,IF2,333,-368.92446856871095
8,IF2,334,-364.7698871354881
8,IF2,335,-368.8602112590422
8,IF2,336,-367.85555361256013
8,IF2,337,-360.7883192923089
8,IF2,338,-363.0284112936897
8,IF2,339,-370.4143855426393
8,IF2,340,-365.06964013878616
8,IF2,341,-362.30921900515204
8,IF2,342,-365.9546219771912
8,IF2,343,-371.80117116839534
8,IF2,344,-369.9377990846754
8,IF2,345,-364.7523161738156
8,IF2,346,-364.2553404121901
8,IF2,347,-367.34304501369945
8,IF2,348,-366.05383822213156
8,IF2,349,-365.21354913622173
8,IF2,350,-364.67049465328245
8,IF2,351,-370.825214775607
8,IF2,352,-365.2856787488661
8,IF2,353,-366.86114688732295
8,IF2,354,-368.2644685059794
8,IF2,355,-366.426317408968
8,IF2,356,-367.50520149471294
8,IF2,357,-366.00524932256775
8,IF2,358,-369.25676109196985
8,IF2,359,-368.56161963663874
8,IF2,360,-357.9060340504305
8,IF2,361,-365.2944364598204
8,IF2,362,-362.3295247548091
8,IF2,363,-360.4290476984021
8,IF2,364,-359.54352701016285
8,IF2,365,-370.1063589476725
8,IF2,366,-369.4814751427703
8,IF2,367,-363.9101079616268
8,IF2,368,-362.19363436024105
8,IF2,369,-364.98950404985516
8,IF2,370,-365.5794870474166
8,IF2,371,-369.9548209769122
8,IF2,372,-363.94093967876404
8,IF2,373,-361.9258096653695
8,IF2,374,-369.2974228676222
8,IF2,375,-369.7515091388939
8,IF2,376,-368.8337779141897
8,IF2,377,-367.16461766666765
8,IF2,378,-362.64233715028587
8,IF2,379,-369.64201548365145
8,IF2,380,-363.0537187602713
8,IF2,381,-366.31107475364
8,IF2,382,-365.239751232502
8,IF2,383,-361.82531735853115
8,IF2,384,-363.576667348413
8,IF2,385,-362.7582394982743
8,IF2,386,-364.4585414603439
8,IF2,387,-366.8778748779971
8,IF2,388,-365.98985960569064
8,IF2,389,-366.5960934282424
8,IF2,390,-361.57712865681106
8,IF2,391,-363.8646821046897
8,IF2,392,-361.59609919423247
8,IF2,393,-364.64170591295414
8,IF2,394,-366.2405674344726
8,IF2,395,-364.488669909923
8,IF2,396,-363.64955156692804
8,IF2,397,-365.66550707179806
8,IF2,398,-366.5630899713808
8,IF2,399,-363.6887096286091
8,IF2,400,-365.4916335402046
8,IF2,401,-370.50061379970003
8,IF2,402,-362.53754756572243
8,IF2,403,-362.8002789110232
8,IF2,404,-367.4131347887422
8,IF2,405,-366.3533137916706
8,IF2,406,-365.90591544119235
8,IF2,407,-365.68256914603876
8,IF2,408,-363.2656084328881
8,IF2,409,-361.73097545230235
8,IF2,410,-362.8230631254791
8,IF2,411,-359.4786652482037
8,IF2,412,-368.631359644029
8,IF2,413,-363.80102098280935
8,IF2,414,-364.00472566829114
8,IF2,415,-365.0377313355192
8,IF2,416,-362.57019619728726
8,IF2,417,-367.01328229381477
8,IF2,418,-365.64762292864395
8,IF2,419,-369.7153825146443
8,IF2,420,-359.79428669650366
8,IF2,421,-365.5453803882759
8,IF2,422,-363.5164014640328
8,IF2,423,-369.27438198490466
8,IF2,424,-369.9618123593564
8,IF2,425,-364.0478725729112
8,IF2,426,-364.32981372737237
8,IF2,427,-363.0287137763017
8,IF2,428,-362.5133880838858
8,IF2,429,-365.8779955434561
8,IF2,430,-367.0994969241823
8,IF2,431,-365.1976292308417
8,IF2,432,-362.5667338647
8,IF2,433,-366.09795865812373
8,IF2,434,-369.53781510912097
8,IF2,435,-366.5319003745277
8,IF2,436,-360.70757107438465
8,IF2,437,-366.16254263693384
8,IF2,438,-363.1481100019096
8,IF2,439,-370.2188992777891
8,IF2,440,-368.5570584357628
8,IF2,441,-367.04464463419305
8,IF2,442,-369.41838141376184
8,IF2,443,-366.2858802101844
8,IF2,444,-366.2066610244742
8,IF2,445,-367.08572593370116
8,IF2,446,-366.13267456698867
8,IF2,447,-367.60523273044464
8,IF2,448,-368.6177556937158
8,IF2,449,-364.38713823544674
8,IF2,450,-363.68378806103476
8,IF2,451,-364.4636288281618
8,IF2,452,-364.97326470364334
8,IF2,453,-368.50702661559393
8,IF2,454,-366.99397182490367
8,IF2,455,-365.5187619046374
8,IF2,456,-368.01780360654175
8,IF2,457,-364.0223476892399
8,IF2,458,-362.0140165827059
8,IF2,459,-363.6896233362485
8,IF2,460,-364.33500315063253
8,IF2,461,-366.03407438610043
8,IF2,462,-366.2022130997398
8,IF2,463,-364.4639384610235
8,IF2,464,-367.7676891256251
8,IF2,465,-366.42683943620625
8,IF2,466,-370.70806228404905
8,IF2,467,-366.39238251741574
8,IF2,468,-363.93720375106307
8,IF2,469,-366.00275336050913
8,IF2,470,-367.52769800429667
8,IF2,471,-365.9173491305869
8,IF2,472,-367.8045159639481
8,IF2,473,-369.5391540298052
8,IF2,474,-364.7234278775232
8,IF2,475,-361.5175070236108
8,IF2,476,-362.6790797010062
8,IF2,477,-365.5743545013742
8,IF2,478,-363.9502018710195
8,IF2,479,-368.650796165441
8,IF2,480,-359.824932744988
8,IF2,481,-364.86335630636825
8,IF2,482,-365.54637078266495
8,IF2,483,-361.08871192905536
8,IF2,484,-360.066312732365
8,IF2,485,-363.3616765040577
8,IF2,486,-367.316759930424
8,IF2,487,-366.4451894656976
8,IF2,488,-369.7965182129319
8,IF2,489,-365.4321029350563
8,IF2,490,-364.41538552574207
8,IF2,491,-366.8086703805075
8,IF2,492,-368.09235879734166
8,IF2,493,-362.23946032860835
8,IF2,494,-369.4284520051718
8,IF2,495,-367.8370677923652
8,IF2,496,-365.58916485610473
8,IF2,497,-366.27797674810085
8,IF2,498,-365.69157241237576
8,IF2,499,-369.5085695288569
8,IF2,500,-369.1347803365228
8,IF2,501,-365.4163573073308
8,IF2,502,-367.09762360304677
8,IF2,503,-363.643455538687
8,IF2,504,-365.22232081729885
8,IF2,505,-366.9280578374481
8,IF2,506,-367.91798158082804
8,IF2,507,-365.69096016909316
8,IF2,508,-367.0104290842229
8,IF2,509,-364.3546077828138
8,IF2,510,-364.3034888510392
8,IF2,511,-366.4621764139824
8,IF2,512,-365.25475691721346
8,IF2,513,-365.0426889574914
8,IF2,514,-361.93924207556125
8,IF2,515,-365.4725313999325
8,IF2,516,-364.10095675599155
8,IF2,517,-370.4688669392606
8,IF2,518,-364.9500814972999
8,IF2,519,-365.95878036807534
8,IF2,520,-365.7459919125668
8,IF2,521,-363.8653806922255
8,IF2,522,-362.8379645240833
8,IF2,523,-362.51485753068454
8,IF2,524,-362.5728986737459
8,IF2,525,-365.1730384545653
8,IF2,526,-362.0347675825547
8,IF2,527,-365.00430822392906
8,IF2,528,-368.5247257643488
8,IF2,529,-364.6486255492891
8,IF2,530,-365.7981271466472
8,IF2,531,-369.67377202556395
8,IF2,532,-367.2903650730111
8,IF2,533,-363.44922902512025
8,IF2,534,-366.10256288626914
8,IF2,535,-366.87955909054
8,IF2,536,-369.01318425748235
8,IF2,537,-367.32839689451214
8,IF2,538,-364.8097356270277
8,IF2,539,-372.06474391704575
8,IF2,540,-361.4564680614149
8,IF2,541,-365.6499675128654
8,IF2,542,-362.5326214502869
8,IF2,543,-362.81067975101263
8,IF2,544,-363.416485881458
8,IF2,545,-363.33590969777595
8,IF2,546,-368.3223620275295
8,IF2,547,-369.79052726518506
8,IF2,548,-363.63895307789795
8,IF2,549,-367.0440794640283
8,IF2,550,-362.09670874798724
8,IF2,551,-364.43173104662264
8,IF2,552,-369.1592917143001
8,IF2,553,-364.1977830844292
8,IF2,554,-362.83768839820635
8,IF2,555,-366.4887074722423
8,IF2,556,-364.4911102126253
8,IF2,557,-369.16597220898086
8,IF2,558,-363.40876029378626
8,IF2,559,-364.195044810371
8,IF2,560,-366.9833633400338
8,IF2,561,-370.0467977856282
8,IF2,562,-366.7953976863343
8,IF2,563,-369.83700052918005
8,IF2,564,-363.73662714678625
8,IF2,565,-370.8338095854495
8,IF2,566,-364.7705099257165
8,IF2,567,-365.9620353218207
8,IF2,568,-359.25446842797106
8,IF2,569,-364.7174225044666
8,IF2,570,-362.7486750524538
8,IF2,571,-364.6316493695245
8,IF2,572,-363.72261471284907
8,IF2,573,-364.4789997899308
8,IF2,574,-364.1967688949805
8,IF2,575,-363.2406985384882
8,IF2,576,-368.8588925705401
8,IF2,577,-364.6517486895957
8,IF2,578,-370.7101959657254
8,IF2,579,-362.93175614864464
8,IF2,580,-371.00225565936364
8,IF2,581,-364.8754388826612
8,IF2,582,-369.44038907107046
8,IF2,583,-362.6155947189683
8,IF2,584,-365.6645015086025
8,IF2,585,-364.16683827377585
8,IF2,586,-369.41884781569627
8,IF2,587,-363.9225666830507
8,IF2,588,-364.6055799689843
8,IF2,589,-366.95069529214277
8,IF2,590,-366.4331584835413
8,IF2,591,-361.78228427117915
8,IF2,592,-365.1262160416626
8,IF2,593,-360.8077766098499
8,IF2,594,-367.6238072444269
8,IF2,595,-362.2320032291924
8,IF2,596,-365.20354046367186
8,IF2,597,-363.26853887446754
8,IF2,598,-364.9316693606719
8,IF2,599,-369.47888614223285
8,IFAD,0,-361.03710160249847
8,IFAD,1,-375.44390078399124
8,IFAD,2,-367.4695295311747
8,IFAD,3,-368.6049094012482
8,IFAD,4,-366.07778900378395
8,IFAD,5,-368.63155270053903
8,IFAD,6,-371.92044268770127
8,IFAD,7,-365.0747158327738
8,IFAD,8,-369.2608948058921
8,IFAD,9,-369.33938836545735
8,IFAD,10,-368.8372852704034
8,IFAD,11,-370.30379029806016
8,IFAD,12,-361.35001756002197
8,IFAD,13,-361.86305952107506
8,IFAD,14,-367.7808027647425
8,IFAD,15,-368.6874163644842
8,IFAD,16,-361.85960308709684
8,IFAD,17,-364.4001724555673
8,IFAD,18,-366.556285311527
8,IFAD,19,-363.0089147048827
8,IFAD,20,-364.2240717126109
8,IFAD,21,-361.5555071771564
8,IFAD,22,-361.5183406502091
8,IFAD,23,-365.2385509019836
8,IFAD,24,-365.2677648613256
8,IFAD,25,-373.93681009449807
8,IFAD,26,-376.62772625058585
8,IFAD,27,-368.46191396632173
8,IFAD,28,-372.2242246333037
8,IFAD,29,-365.4484807032716
8,IFAD,30,-365.91331448315646
8,IFAD,31,-365.9278327907649
8,IFAD,32,-359.0529565363872
8,IFAD,33,-368.0299373685527
8,IFAD,34,-367.1674294516498
8,IFAD,35,-365.91916708763256
8,IFAD,36,-367.9477959858916
8,IFAD,37,-366.4731969707934
8,IFAD,38,-366.376209000349
8,IFAD,39,-363.5441189802149
8,IFAD,40,-363.63906158003414
8,IFAD,41,-371.8528547691913
8,IFAD,42,-366.98803737241855
8,IFAD,43,-362.82885276319126
8,IFAD,44,-364.95536113724893
8,IFAD,45,-369.42836565374057
8,IFAD,46,-365.36740596756715
8,IFAD,47,-366.1741358048017
8,IFAD,48,-365.5154535734127
8,IFAD,49,-369.57151730446185
8,IFAD,50,-365.0554624173101
8,IFAD,51,-367.8979428547827
8,IFAD,52,-369.9882100316818
8,IFAD,53,-364.3296391626146
8,IFAD,54,-367.03223793926634
8,IFAD,55,-362.16944911650677
8,IFAD,56,-364.96365054134463
8,IFAD,57,-367.96760518864784
8,IFAD,58,-367.5037777148083
8,IFAD,59,-371.7860187923977
8,IFAD,60,-372.3245010619696
8,IFAD,61,-367.50661699828675
8,IFAD,62,-360.857074409993
8,IFAD,63,-365.8587935652679
8,IFAD,64,-372.5679579582355
8,IFAD,65,-363.2781889371314
8,IFAD,66,-369.04669798708244
8,IFAD,67,-372.26009700889966
8,IFAD,68,-364.3998104825143
8,IFAD,69,-363.3064164529491
8,IFAD,70,-365.37221091887983
8,IFAD,71,-364.47236223433254
8,IFAD,72,-366.87938592690404
8,IFAD,73,-372.32864461744975
8,IFAD,74,-368.1060767939488
8,IFAD,75,-364.84233011345344
8,IFAD,76,-368.11554089600656
8,IFAD,77,-363.648380479736
8,IFAD,78,-366.72985709701527
8,IFAD,79,-370.9396995638929
8,IFAD,80,-368.65830534119397
8,IFAD,81,-368.5689411239914
8,IFAD,82,-363.38924218113067
8,IFAD,83,-362.0362348973529
8,IFAD,84,-364.2475105589621
8,IFAD,85,-372.99593160003946
8,IFAD,86,-361.9423260275319
8,IFAD,87,-362.20204756148786
8,IFAD,88,-366.73751749745355
8,IFAD,89,-362.36901653505146
8,IFAD,90,-367.81587745017475
8,IFAD,91,-363.41827689007835
8,IFAD,92,-363.3642949477123
8,IFAD,93,-363.0538698476739
8,IFAD,94,-373.1559937701157
8,IFAD,95,-363.3101176216477
8,IFAD,96,-362.073482946651
8,IFAD,97,-361.4474268435469
8,IFAD,98,-365.30515440219915
8,IFAD,99,-362.636133473273
8,IFAD,100,-366.6366661237494
8,IFAD,101,-363.6701654072309
8,IFAD,102,-363.29308009269994
8,IFAD,103,-366.49991577408883
8,IFAD,104,-365.4431191539397
8,IFAD,105,-367.7819149310776
8,IFAD,106,-365.2091915488562
8,IFAD,107,-363.6503454282806
8,IFAD,108,-362.49838637207995
8,IFAD,109,-364.7038877020596
8,IFAD,110,-364.1995676489462
8,IFAD,111,-360.3151292335343
8,IFAD,112,-363.46722634974384
8,IFAD,113,-366.24960784866306
8,IFAD,114,-363.2020960610463
8,IFAD,115,-366.3962376379987
8,IFAD,116,-363.27984195995305
8,IFAD,117,-362.3389382290158
8,IFAD,118,-359.51835803491736
8,IFAD,119,-360.3526516198023
8,IFAD,120,-362.0230353210601
8,IFAD,121,-367.66882593496456
8,IFAD,122,-359.8375266719614
8,IFAD,123,-358.0451276028677
8,IFAD,124,-361.5685653217229
8,IFAD,125,-361.3810909600923
8,IFAD,126,-364.585535570883
8,IFAD,127,-357.21585628305047
8,IFAD,128,-363.9705491950479
8,IFAD,129,-371.57376509545253
8,IFAD,130,-362.55666482428364
8,IFAD,131,-367.90843769912794
8,IFAD,132,-367.57982868249354
8,IFAD,133,-360.98824595092634
8,IFAD,134,-365.27482808369507
8,IFAD,135,-358.50076002943865
8,IFAD,136,-362.1082515884751
8,IFAD,137,-361.94889311974083
8,IFAD,138,-363.650273602206
8,IFAD,139,-362.16723211456815
8,IFAD,140,-362.95152266212074
8,IFAD,141,-364.8646876134349
8,IFAD,142,-362.6869175652109
8,IFAD,143,-366.95640083000626
8,IFAD,144,-359.59448713573937
8,IFAD,145,-361.0436159295207
8,IFAD,146,-362.32834032454656
8,IFAD,147,-361.904730652308
8,IFAD,148,-363.4383764727632
8,IFAD,149,-365.1021005765074
8,IFAD,150,-360.28185900202305
8,IFAD,151,-363.33064949839553
8,IFAD,152,-363.89452493747683
8,IFAD,153,-364.6901780964858
8,IFAD,154,-364.9554744677307
8,IFAD,155,-364.73730729333454
8,IFAD,156,-359.74791050760547
8,IFAD,157,-362.923433509592
8,IFAD,158,-362.4869283408465
8,IFAD,159,-365.82612890458887
8,IFAD,160,-365.5572382177866
8,IFAD,161,-360.37907643457106
8,IFAD,162,-370.3131267782323
8,IFAD,163,-364.5542718574396
8,IFAD,164,-362.7796106957832
8,IFAD,165,-357.19599831605456
8,IFAD,166,-363.9287080410512
8,IFAD,167,-365.7303132591632
8,IFAD,168,-362.2912790814923
8,IFAD,169,-365.1930438416843
8,IFAD,170,-366.99806527351393
8,IFAD,171,-360.2262089343331
8,IFAD,172,-360.05692648078315
8,IFAD,173,-362.3752965258864
8,IFAD,174,-364.0887777968275
8,IFAD,175,-364.27764060142835
8,IFAD,176,-363.42554653506807
8,IFAD,177,-365.41572439649246
8,IFAD,178,-364.38467896046944
8,IFAD,179,-363.99707967888156
8,IFAD,180,-365.1323921047616
8,IFAD,181,-362.99494698644503
8,IFAD,182,-362.02026302535984
8,IFAD,183,-362.8641274802664
8,IFAD,184,-364.20634220911876
8,IFAD,185,-363.21039780744553
8,IFAD,186,-363.20772220879337
8,IFAD,187,-363.7191854626792
8,IFAD,188,-363.9265176382086
8,IFAD,189,-363.300264739078
8,IFAD,190,-361.64406048738323
8,IFAD,191,-359.7520846095757
8,IFAD,192,-359.1966607493276
8,IFAD,193,-360.879225731472
8,IFAD,194,-361.874700341733
8,IFAD,195,-362.92850052540615
8,IFAD,196,-363.7128741380403
8,IFAD,197,-364.64490215865186
8,IFAD,198,-365.6513373776921
8,IFAD,199,-366.68233969538574
8,IFAD,200,-360.8073484715288
8,IFAD,201,-362.5862216279119
8,IFAD,202,-366.0067445554071
8,IFAD,203,-364.17929109268766
8,IFAD,204,-364.6517648777593
8,IFAD,205,-366.6037376182101
8,IFAD,206,-362.75424031363985
8,IFAD,207,-365.0086157749995
8,IFAD,208,-366.6738977022604
8,IFAD,209,-365.74042170631566
8,IFAD,210,-365.3380917083134
8,IFAD,211,-361.11525618813255
8,IFAD,212,-356.84362362665445
8,IFAD,213,-363.51155537090705
8,IFAD,214,-364.12300633848935
8,IFAD,215,-365.1497072948086
8,IFAD,216,-364.54542652931843
8,IFAD,217,-363.4037675678135
8,IFAD,218,-362.1840260115286
8,IFAD,219,-361.92107367781034
8,IFAD,220,-361.1984051909105
8,IFAD,221,-361.2580143816639
8,IFAD,222,-365.89561715883366
8,IFAD,223,-363.8652764961464
8,IFAD,224,-361.83783365565756
8,IFAD,225,-366.31475867197537
8,IFAD,226,-366.1025241976456
8,IFAD,227,-362.379399353512
8,IFAD,228,-365.47253893362966
8,IFAD,229,-362.5660551493344
8,IFAD,230,-365.3999565500787
8,IFAD,231,-364.30669709609947
8,IFAD,232,-366.42985800847504
8,IFAD,233,-362.3169361213204
8,IFAD,234,-365.7158040121784
8,IFAD,235,-368.22540600904784
8,IFAD,236,-361.4957502315663
8,IFAD,237,-364.7780389163427
8,IFAD,238,-360.76291232674305
8,IFAD,239,-364.79268655120285
8,IFAD,240,-361.8660946752478
8,IFAD,241,-365.2358559658963
8,IFAD,242,-365.7883586140823
8,IFAD,243,-358.18321097479736
8,IFAD,244,-360.6844304241066
8,IFAD,245,-364.48852901838706
8,IFAD,246,-361.24039508735586
8,IFAD,247,-365.81185478620034
8,IFAD,248,-368.1414015898722
8,IFAD,249,-367.548759576127
8,IFAD,250,-361.3992484787243
8,IFAD,251,-362.45599339796496
8,IFAD,252,-359.8528381135727
8,IFAD,253,-362.95968921631834
8,IFAD,254,-363.11797057349423
8,IFAD,255,-364.97684222011327
8,IFAD,256,-364.7513435512941
8,IFAD,257,-364.88808622800667
8,IFAD,258,-360.03659953748854
8,IFAD,259,-365.5257931556961
8,IFAD,260,-367.67362954767134
8,IFAD,261,-371.8496962440832
8,IFAD,262,-362.41557126265803
8,IFAD,263,-363.4633902449984
8,IFAD,264,-366.2442333633494
8,IFAD,265,-362.462267254095
8,IFAD,266,-363.4606232494409
8,IFAD,267,-363.03880749070015
8,IFAD,268,-364.6863731368789
8,IFAD,269,-366.8004016111582
8,IFAD,270,-359.5253738267709
8,IFAD,271,-363.33311085749864
8,IFAD,272,-363.715367345325
8,IFAD,273,-364.9072723464429
8,IFAD,274,-360.3224400496822
8,IFAD,275,-363.39818931363044
8,IFAD,276,-363.05476826076676
8,IFAD,277,-367.0766634706493
8,IFAD,278,-355.84212305126493
8,IFAD,279,-365.5895475343757
8,IFAD,280,-363.29718681148313
8,IFAD,281,-368.9450538755517
8,IFAD,282,-359.45897473434775
8,IFAD,283,-358.62513870437135
8,IFAD,284,-367.3128344027743
8,IFAD,285,-361.6669733826764
8,IFAD,286,-361.9092267354425
8,IFAD,287,-360.95252177801325
8,IFAD,288,-362.90666230422323
8,IFAD,289,-365.08509250218464
8,IFAD,290,-362.51924009494286
8,IFAD,291,-363.4565531643331
8,IFAD,292,-366.5198923184581
8,IFAD,293,-363.40146885988173
8,IFAD,294,-365.2669973334546
8,IFAD,295,-364.0980792442384
8,IFAD,296,-362.41567966196254
8,IFAD,297,-362.8923383664128
8,IFAD,298,-359.6558618725956
8,IFAD,299,-364.64103383150245
8,IFAD,300,-361.45821562428955
8,IFAD,301,-359.88389916164203
8,IFAD,302,-363.4402170504494
8,IFAD,303,-365.91250802372434
8,IFAD,304,-362.103201978649
8,IFAD,305,-364.0673220108736
8,IFAD,306,-363.85279739076674
8,IFAD,307,-361.86030668153256
8,IFAD,308,-360.07737795150996
8,IFAD,309,-361.99601504263063
8,IFAD,310,-366.7018841962603
8,IFAD,311,-362.6594896040063
8,IFAD,312,-360.57637828664616
8,IFAD,313,-362.8767659024759
8,IFAD,314,-367.6471542599594
8,IFAD,315,-364.5137841361892
8,IFAD,316,-365.3957685291226
8,IFAD,317,-357.1916613453328
8,IFAD,318,-366.12891207477526
8,IFAD,319,-359.8292685585241
8,IFAD,320,-363.42177937500054
8,IFAD,321,-364.46651074959044
8,IFAD,322,-362.65054709291826
8,IFAD,323,-366.169737725039
8,IFAD,324,-362.5041656040993
8,IFAD,325,-366.24570939369073
8,IFAD,326,-360.8037414749602
8,IFAD,327,-362.36100704721775
8,IFAD,328,-367.4047978486607
8,IFAD,329,-362.78892122396235
8,IFAD,330,-368.075907699792
8,IFAD,331,-363.16837595801553
8,IFAD,332,-359.1521731318959
8,IFAD,333,-365.47151516882997
8,IFAD,334,-365.74373103914047
8,IFAD,335,-364.0289255731914
8,IFAD,336,-363.61337305687294
8,IFAD,337,-363.4621615160853
8,IFAD,338,-360.097764107869
8,IFAD,339,-361.7712741732164
8,IFAD,340,-363.3851740825717
8,IFAD,341,-364.681961199272
8,IFAD,342,-359.2606363893992
8,IFAD,343,-368.64551163151106
8,IFAD,344,-359.0925300936682
8,IFAD,345,-362.43146073962146
8,IFAD,346,-364.1597284546324
8,IFAD,347,-360.6926185609712
8,IFAD,348,-363.3835678456809
8,IFAD,349,-365.4119460498112
8,IFAD,350,-364.31223514578704
8,IFAD,351,-366.35251662902573
8,IFAD,352,-362.6512657888213
8,IFAD,353,-362.36118815630067
8,IFAD,354,-362.4784035097358
8,IFAD,355,-360.5667562474822
8,IFAD,356,-366.7543884295198
8,IFAD,357,-360.62847392125343
8,IFAD,358,-366.6446058304906
8,IFAD,359,-362.96993677226084
8,IFAD,360,-360.9492826358919
8,IFAD,361,-361.39513659663675
8,IFAD,362,-359.5737544538798
8,IFAD,363,-361.19946681507304
8,IFAD,364,-362.9104960783742
8,IFAD,365,-364.8085059103172
8,IFAD,366,-365.8591110046874
8,IFAD,367,-362.4309227866219
8,IFAD,368,-366.34121906464907
8,IFAD,369,-359.61949704163857
8,IFAD,370,-360.73110175649936
8,IFAD,371,-360.3236611921124
8,IFAD,372,-358.7633875722314
8,IFAD,373,-361.22990094762065
8,IFAD,374,-360.2036650139224
8,IFAD,375,-362.03766608368613
8,IFAD,376,-362.32269696677866
8,IFAD,377,-357.57134124156534
8,IFAD,378,-363.5050784878329
8,IFAD,379,-363.2564378594482
8,IFAD,380,-365.6316227864678
8,IFAD,381,-364.1523650723311
8,IFAD,382,-369.51961406023906
8,IFAD,383,-366.53313177129564
8,IFAD,384,-362.61265220825817
8,IFAD,385,-359.10683971697006
8,IFAD,386,-359.2300995477168
8,IFAD,387,-364.34171401094
8,IFAD,388,-361.2811072422002
8,IFAD,389,-362.67697154712636
8,IFAD,390,-360.3934084562079
8,IFAD,391,-364.71058973210506
8,IFAD,392,-366.0150757851614
8,IFAD,393,-363.94490417915927
8,IFAD,394,-362.26743590441396
8,IFAD,395,-364.10247132381096
8,IFAD,396,-360.9196075481965
8,IFAD,397,-364.6536601887518
8,IFAD,398,-362.57268385425425
8,IFAD,399,-362.08728021102667
8,DS19,0,-370.78789179601443
8,DS19,1,-386.6651903606733
8,DS19,2,-377.6328924330438
8,DS19,3,-380.9094402995992
8,DS19,4,-388.9251697372972
8,DS19,5,-372.645242432282
8,DS19,6,-385.70455156155214
8,DS19,7,-385.84738045210804
8,DS19,8,-373.3834795295106
8,DS19,9,-366.81430728036935
8,DS19,10,-364.8437528029995
8,DS19,11,-379.53425291551787
8,DS19,12,-381.189643216882
8,DS19,13,-375.3071280957849
8,DS19,14,-372.0357625087599
8,DS19,15,-395.16371240253886
8,DS19,16,-377.038275893677
8,DS19,17,-375.9703005594457
8,DS19,18,-372.19634954097137
8,DS19,19,-369.5319777799449
8,DS19,20,-369.44550376828073
8,DS19,21,-376.79534118609155
8,DS19,22,-369.90676885339826
8,DS19,23,-370.2169489235825
8,DS19,24,-366.40073503958234
8,DS19,25,-381.8439809537957
8,DS19,26,-374.3398321072729
8,DS19,27,-379.8840140785829
8,DS19,28,-384.7166868727383
8,DS19,29,-377.4923858994303
8,DS19,30,-376.66703387496966
8,DS19,31,-384.68174081343204
8,DS19,32,-388.7893047639443
8,DS19,33,-382.6436643250645
8,DS19,34,-385.83977436245596
8,DS19,35,-374.66479643551645
8,DS19,36,-374.6805597747257
8,DS19,37,-378.13439849401755
8,DS19,38,-386.330445255613
8,DS19,39,-384.7181702047609
8,DS19,40,-380.08823882396166
8,DS19,41,-377.0361659419046
8,DS19,42,-386.3247309625082
8,DS19,43,-379.20925258119297
8,DS19,44,-376.63936422544543
8,DS19,45,-378.0337793065021
8,DS19,46,-371.86936554602994
8,DS19,47,-377.8982128039298
8,DS19,48,-381.60314341422577
8,DS19,49,-383.83045598482954
8,DS19,50,-383.4156463666392
8,DS19,51,-379.4474719772197
8,DS19,52,-376.78156190879497
8,DS19,53,-373.5074127112116
8,DS19,54,-375.9595734319688
8,DS19,55,-384.39761703328236
8,DS19,56,-379.6810622460867
8,DS19,57,-370.26767482696783
8,DS19,58,-369.8829608000672
8,DS19,59,-377.2839601201312
8,DS19,60,-370.5884631615552
8,DS19,61,-379.4597054278186
8,DS19,62,-380.0565584898351
8,DS19,63,-380.1098868665132
8,DS19,64,-374.18137168296505
8,DS19,65,-365.99671097502227
8,DS19,66,-367.3423664579819
8,DS19,67,-365.6725383541424
8,DS19,68,-368.38148922268886
8,DS19,69,-376.27334434982333
8,DS19,70,-372.3744756984471
8,DS19,71,-376.0810843963591
8,DS19,72,-387.6223918387366
8,DS19,73,-382.8116677077522
8,DS19,74,-365.73222047906296
8,DS19,75,-377.8480388800839
8,DS19,76,-369.3993449110863
8,DS19,77,-371.5311331616449
8,DS19,78,-370.33102802401993
8,DS19,79,-389.44816352140475
8,DS19,80,-382.5635828813789
8,DS19,81,-378.05465403021725
8,DS19,82,-381.0501546749307
8,DS19,83,-381.48339904371085
8,DS19,84,-373.0003278278065
8,DS19,85,-376.0910875781947
8,DS19,86,-366.84856724009717
8,DS19,87,-386.54249675298314
8,DS19,88,-367.52817519201403
8,DS19,89,-376.85078711404367
8,DS19,90,-385.5070087832468
8,DS19,91,-369.0353414698034
8,DS19,92,-379.14516956213305
8,DS19,93,-372.07382572753727
8,DS19,94,-372.04118205755634
8,DS19,95,-381.96825855066834
8,DS19,96,-376.8254602845956
8,DS19,97,-377.3463923751191
8,DS19,98,-372.2759031454906
8,DS19,99,-369.75153377023173
8,DS19,100,-369.6719585456099
8,DS19,101,-378.1619231399677
8,DS19,102,-384.5276636807046
8,DS19,103,-376.65250349442954
8,DS19,104,-378.8322785604829
8,DS19,105,-372.48849352971143
8,DS19,106,-370.08076896794955
8,DS19,107,-384.1443786294256
8,DS19,108,-369.2437924788199
8,DS19,109,-375.8021166915805
8,DS19,110,-372.04641204841613
8,DS19,111,-382.27756738772655
8,DS19,112,-375.3518772019636
8,DS19,113,-377.29694603403794
8,DS19,114,-375.73641912915986
8,DS19,115,-376.0870307654959
8,DS19,116,-377.23211561398546
8,DS19,117,-377.7644104530538
8,DS19,118,-381.16076416257545
8,DS19,119,-381.92482033127334
8,DS19,120,-387.8524931224779
8,DS19,121,-373.098481223788
8,DS19,122,-378.5323861605664
8,DS19,123,-382.8034138778957
8,DS19,124,-374.63718632020664
8,DS19,125,-382.0440260668087
8,DS19,126,-364.8075751740928
8,DS19,127,-365.8120806658488
8,DS19,128,-381.90930751576076
8,DS19,129,-377.8676293633162
8,DS19,130,-373.900794145198
8,DS19,131,-378.47062840156286
8,DS19,132,-379.6123758999559
8,DS19,133,-378.15787215904027
8,DS19,134,-378.0140941354689
8,DS19,135,-375.31378646343904
8,DS19,136,-377.1500318402683
8,DS19,137,-381.24298900378216
8,DS19,138,-374.4585563098711
8,DS19,139,-376.30650161831704
8,DS19,140,-378.5556562059536
8,DS19,141,-382.84095975813045
8,DS19,142,-383.9051799539713
8,DS19,143,-371.36678719658215
8,DS19,144,-375.5141695069134
8,DS19,145,-370.91437510095045
8,DS19,146,-387.80673599940536
8,DS19,147,-366.38990684798694
8,DS19,148,-370.7514719724446
8,DS19,149,-381.12933853731425
8,DS19,150,-387.24866693137574
8,DS19,151,-371.86364300382746
8,DS19,152,-383.27053173326885
8,DS19,153,-387.3410086312495
8,DS19,154,-379.3220892944339
8,DS19,155,-370.907987245338
8,DS19,156,-377.0240180377524
8,DS19,157,-377.8647534168549
8,DS19,158,-370.57187404684583
8,DS19,159,-373.1764267643867
8,DS19,160,-371.65058185849244
8,DS19,161,-390.58310282415925
8,DS19,162,-376.3114474789228
8,DS19,163,-379.0498335487983
8,DS19,164,-384.5492069530071
8,DS19,165,-381.3462149104873
8,DS19,166,-377.3884989825739
8,DS19,167,-378.16700263138074
8,DS19,168,-377.48072852225556
8,DS19,169,-377.0476729082419
8,DS19,170,-380.50199522445047
8,DS19,171,-383.9088847872992
8,DS19,172,-372.1736635912493
8,DS19,173,-383.67706859464346
8,DS19,174,-382.116440877585
8,DS19,175,-378.19319011564727
8,DS19,176,-366.76404100304995
8,DS19,177,-366.42054314874684
8,DS19,178,-379.2942386921731
8,DS19,179,-372.03821513648535
8,DS19,180,-369.5089990951413
8,DS19,181,-377.93914690130737
8,DS19,182,-373.92013726682734
8,DS19,183,-370.4586188959955
8,DS19,184,-375.27324488152055
8,DS19,185,-380.6063321796835
8,DS19,186,-369.2344626688948
8,DS19,187,-373.835844928567
8,DS19,188,-382.0837072170961
8,DS19,189,-376.1326933138098
8,DS19,190,-390.5405995968358
8,DS19,191,-372.7047325827457
8,DS19,192,-380.0946842414802
8,DS19,193,-370.63489579485395
8,DS19,194,-387.63601986052294
8,DS19,195,-385.91690640596784
8,DS19,196,-388.20513092714884
8,DS19,197,-378.21372687737136
8,DS19,198,-378.4276482344608
8,DS19,199,-376.5118321566911
8,DS19,200,-375.71078218126354
8,DS19,201,-375.793793193533
8,DS19,202,-380.03452906432096
8,DS19,203,-378.37923383798943
8,DS19,204,-371.08203801018163
8,DS19,205,-378.3262522888734
8,DS19,206,-369.2331465355637
8,DS19,207,-383.71166453540843
8,DS19,208,-372.74433902290764
8,DS19,209,-368.03839063654107
8,DS19,210,-373.35075761201426
8,DS19,211,-388.0221957413764
8,DS19,212,-378.9504516120341
8,DS19,213,-379.2765035645465
8,DS19,214,-374.8952383291909
8,DS19,215,-385.08440771512267
8,DS19,216,-381.16366911734826
8,DS19,217,-364.128242559894
8,DS19,218,-372.67545358544396
8,DS19,219,-381.165042766145
8,DS19,220,-381.56404917811426
8,DS19,221,-370.1295510741385
8,DS19,222,-369.74274153936653
8,DS19,223,-379.71289665198645
8,DS19,224,-385.3490015032795
8,DS19,225,-378.6426497773357
8,DS19,226,-376.82495671969315
8,DS19,227,-377.8714522498801
8,DS19,228,-386.39305502251324
8,DS19,229,-379.9589768136052
8,DS19,230,-372.20610629856486
8,DS19,231,-377.68741156100384
8,DS19,232,-363.229341802408
8,DS19,233,-376.3935723442547
8,DS19,234,-377.965868542776
8,DS19,235,-371.79933540231457
8,DS19,236,-381.712605267113
8,DS19,237,-382.81114591712105
8,DS19,238,-387.72938221379826
8,DS19,239,-369.9427462051456
8,DS19,240,-370.1345296888514
8,DS19,241,-371.3082808562036
8,DS19,242,-373.9757334615851
8,DS19,243,-384.4624562256757
8,DS19,244,-375.39098870560224
8,DS19,245,-391.5975712375844
8,DS19,246,-368.9293271796706
8,DS19,247,-389.1483159467049
8,DS19,248,-378.89336415870423
8,DS19,249,-385.59879178048305
8,DS19,250,-371.53703039991024
8,DS19,251,-374.2055418383233
8,DS19,252,-378.5757847692778
8,DS19,253,-385.3845381081674
8,DS19,254,-387.5833927469531
8,DS19,255,-374.0128895901626
8,DS19,256,-394.4389696020172
8,DS19,257,-384.91384010104724
8,DS19,258,-367.4244370762562
8,DS19,259,-372.1284819515696
8,DS19,260,-383.70473102702596
8,DS19,261,-378.1540938353809
8,DS19,262,-372.34714577048743
8,DS19,263,-365.10442736811933
8,DS19,264,-368.8770674937016
8,DS19,265,-378.11685603643963
8,DS19,266,-381.15123807060246
8,DS19,267,-371.06889815387103
8,DS19,268,-373.68454550175926
8,DS19,269,-374.78726609676625
8,DS19,270,-375.80464010802933
8,DS19,271,-369.0771068367411
8,DS19,272,-378.16273789188034
8,DS19,273,-369.80783659608346
8,DS19,274,-370.6259265556727
8,DS19,275,-377.1152706762257
8,DS19,276,-370.142951565597
8,DS19,277,-367.74134231347523
8,DS19,278,-382.16394664537455
8,DS19,279,-387.3735082011897
8,DS19,280,-374.8185585951564
8,DS19,281,-373.1097931987366
8,DS19,282,-371.1752145756271
8,DS19,283,-371.09538392009785
8,DS19,284,-377.7482043872626
8,DS19,285,-395.4464650790697
8,DS19,286,-378.8271909829761
8,DS19,287,-367.6329480443508
8,DS19,288,-387.8779190471557
8,DS19,289,-377.8294171403975
8,DS19,290,-375.27695776667804
8,DS19,291,-373.026991975936
8,DS19,292,-387.1038021624015
8,DS19,293,-379.0065518367181
8,DS19,294,-374.427903390496
8,DS19,295,-385.98492826082344
8,DS19,296,-372.3050952068462
8,DS19,297,-378.74841154937525
8,DS19,298,-372.2672847869652
8,DS19,299,-376.22476023792547
8,CTDD21,0,-415.79168218613904
8,CTDD21,1,-433.7569499456473
8,CTDD21,2,-434.4899977998321
8,CTDD21,3,-420.71541591873796
8,CTDD21,4,-426.6773283483978
8,CTDD21,5,-403.41830070817065
8,CTDD21,6,-433.96344463266877
8,CTDD21,7,-435.41847588448235
8,CTDD21,8,-464.69349032978573
8,CTDD21,9,-411.1539939470515
8,CTDD21,10,-429.4300728350827
8,CTDD21,11,-442.34522837470826
8,CTDD21,12,-439.3106902246308
8,CTDD21,13,-417.802542208903
8,CTDD21,14,-437.2703780063019
8,CTDD21,15,-420.23787335154003
8,CTDD21,16,-426.62074380698823
8,CTDD21,17,-443.6598500318223
8,CTDD21,18,-426.27322709207033
8,CTDD21,19,-417.2874586677492
8,CTDD21,20,-406.2211498601756
8,CTDD21,21,-439.40011136547105
8,CTDD21,22,-442.390074931224
8,CTDD21,23,-412.88412516855215
8,CTDD21,24,-414.94478730344645
8,CTDD21,25,-431.4192157198112
8,CTDD21,26,-429.9369774289931
8,CTDD21,27,-424.6614559940533
8,CTDD21,28,-437.33559350851044
8,CTDD21,29,-420.14523924293337
8,CTDD21,30,-414.75525478123376
8,CTDD21,31,-401.45460497103625
8,CTDD21,32,-442.31485602019325
8,CTDD21,33,-442.8539315811629
8,CTDD21,34,-426.9114607225869
8,CTDD21,35,-420.23827062121813
8,CTDD21,36,-427.4594072883849
8,CTDD21,37,-419.1680901958179
8,CTDD21,38,-433.70807313559584
8,CTDD21,39,-421.9801581776968
8,CTDD21,40,-422.9171782205956
8,CTDD21,41,-423.0106605085523
8,CTDD21,42,-433.9056712855547
8,CTDD21,43,-436.25273727345086
8,CTDD21,44,-438.0789587488749
8,CTDD21,45,-412.4334250818928
8,CTDD21,46,-416.2189079961369
8,CTDD21,47,-434.91016442692506
8,CTDD21,48,-428.67574581175677
8,CTDD21,49,-426.9283178880561
8,CTDD21,50,-436.09425387802605
8,CTDD21,51,-422.14260373952067
8,CTDD21,52,-424.78435987844796
8,CTDD21,53,-463.7127260833832
8,CTDD21,54,-426.44437217127273
8,CTDD21,55,-413.96454815184575
8,CTDD21,56,-422.1527939963071
8,CTDD21,57,-432.89544835295555
8,CTDD21,58,-442.7761537691445
8,CTDD21,59,-414.0226558587022
8,CTDD21,60,-420.5862499899746
8,CTDD21,61,-413.1548818099346
8,CTDD21,62,-430.2931626170419
8,CTDD21,63,-422.08809339947504
8,CTDD21,64,-419.09410582430144
8,CTDD21,65,-419.0731326823548
8,CTDD21,66,-434.1427154213875
8,CTDD21,67,-403.8401282855508
8,CTDD21,68,-412.3448100511325
8,CTDD21,69,-432.15761473232067
8,CTDD21,70,-441.6770149774189
8,CTDD21,71,-418.02874259851893
8,CTDD21,72,-416.09564413445315
8,CTDD21,73,-433.47331449672834
8,CTDD21,74,-397.75648591493496
8,CTDD21,75,-429.8821830197106
8,CTDD21,76,-424.1772921368291
8,CTDD21,77,-432.74816845456326
8,CTDD21,78,-436.84541436519334
8,CTDD21,79,-445.0568384116149
8,CTDD21,80,-434.0666397645628
8,CTDD21,81,-437.5545512716991
8,CTDD21,82,-414.9167762102251
8,CTDD21,83,-420.12824690995024
8,CTDD21,84,-414.9768261544255
8,CTDD21,85,-420.51705927387025
8,CTDD21,86,-423.1522925959542
8,CTDD21,87,-423.84345719864183
8,CTDD21,88,-424.90679206918287
8,CTDD21,89,-430.6309125868889
8,CTDD21,90,-441.1989296412778
8,CTDD21,91,-420.73504637273385
8,CTDD21,92,-452.05472200440414
8,CTDD21,93,-422.8791545196235
8,CTDD21,94,-391.8976747929743
8,CTDD21,95,-417.0019604716608
8,CTDD21,96,-445.38478333194666
8,CTDD21,97,-437.2464787451658
8,CTDD21,98,-434.16954508665617
8,CTDD21,99,-406.5507122422469
8,CTDD21,100,-413.551842721247
8,CTDD21,101,-422.4376315098978
8,CTDD21,102,-414.61332325700846
8,CTDD21,103,-449.93649855257746
8,CTDD21,104,-442.90480401076223
8,CTDD21,105,-420.9511424534008
8,CTDD21,106,-425.99084350883936
8,CTDD21,107,-413.7902402946617
8,CTDD21,108,-422.16942210770594
8,CTDD21,109,-426.31260976412426
8,CTDD21,110,-408.30280019674876
8,CTDD21,111,-438.9802868013237
8,CTDD21,112,-402.6625836250817
8,CTDD21,113,-443.469684876
8,CTDD21,114,-420.5950188318284
8,CTDD21,115,-411.9696087567888
8,CTDD21,116,-436.17043681371734
8,CTDD21,117,-400.612485177989
8,CTDD21,118,-442.8818932610799
8,CTDD21,119,-442.8246659575229
8,CTDD21,120,-430.3846544053878
8,CTDD21,121,-427.80614475520144
8,CTDD21,122,-417.3060534424278
8,CTDD21,123,-413.5690919112051
8,CTDD21,124,-423.1231148962626
8,CTDD21,125,-404.8218438256497
8,CTDD21,126,-451.62152442408916
8,CTDD21,127,-429.53424909098567
8,CTDD21,128,-417.56415292282907
8,CTDD21,129,-408.3217349037434
8,CTDD21,130,-425.05349042181
8,CTDD21,131,-423.0012694453008
8,CTDD21,132,-399.352883126018
8,CTDD21,133,-413.20775281989677
8,CTDD21,134,-401.73371742751794
8,CTDD21,135,-417.34234529641606
8,CTDD21,136,-437.1803445562385
8,CTDD21,137,-426.82858617740925
8,CTDD21,138,-398.11364063959275
8,CTDD21,139,-409.61793852134747
8,CTDD21,140,-409.3094026632115
8,CTDD21,141,-423.5974900809098
8,CTDD21,142,-450.8874414404064
8,CTDD21,143,-424.63943066342847
8,CTDD21,144,-418.4849173601212
8,CTDD21,145,-426.2857138329248
8,CTDD21,146,-413.76043033006295
8,CTDD21,147,-408.63136283277555
8,CTDD21,148,-418.8837561805902
8,CTDD21,149,-438.4609105364306
8,CTDD21,150,-436.6671817063891
8,CTDD21,151,-432.6965673753666
8,CTDD21,152,-407.0081377339008
8,CTDD21,153,-439.80870300308595
8,CTDD21,154,-414.01129278539713
8,CTDD21,155,-445.97951047041397
8,CTDD21,156,-425.91142475417996
8,CTDD21,157,-427.4763107263614
8,CTDD21,158,-415.31286631619423
8,CTDD21,159,-412.38942886963196
8,CTDD21,160,-415.427702144533
8,CTDD21,161,-410.41501341767116
8,CTDD21,162,-422.05077174946337
8,CTDD21,163,-430.1233172894966
8,CTDD21,164,-413.1412412394256
8,CTDD21,165,-435.3139099713211
8,CTDD21,166,-403.80570702666756
8,CTDD21,167,-444.19959772984396
8,CTDD21,168,-398.6659712134977
8,CTDD21,169,-413.38374078781544
8,CTDD21,170,-439.3793897370414
8,CTDD21,171,-414.73712377488704
8,CTDD21,172,-424.74386379520274
8,CTDD21,173,-444.75462446299946
8,CTDD21,174,-427.2248232893571
8,CTDD21,175,-429.52848624183207
8,CTDD21,176,-414.14797452434914
8,CTDD21,177,-395.66868502827845
8,CTDD21,178,-411.510669995072
8,CTDD21,179,-412.1578239527072
8,CTDD21,180,-411.30721409133525
8,CTDD21,181,-420.82469498422967
8,CTDD21,182,-423.41213059641075
8,CTDD21,183,-425.07779383386634
8,CTDD21,184,-402.2775151635195
8,CTDD21,185,-430.4809099805793
8,CTDD21,186,-423.50744186668567
8,CTDD21,187,-406.9049467034478
8,CTDD21,188,-410.1903583652978
8,CTDD21,189,-431.01338453004894
8,CTDD21,190,-436.89934234564544
8,CTDD21,191,-416.90931038551264
8,CTDD21,192,-442.68422448117957
8,CTDD21,193,-408.24741930370635
8,CTDD21,194,-430.5829792852112
8,CTDD21,195,-413.7694145337849
8,CTDD21,196,-394.3581874410545
8,CTDD21,197,-415.1443291313156
8,CTDD21,198,-390.73978049111986
8,CTDD21,199,-418.82759134503334
8,CTDD21,200,-413.9713487355591
8,CTDD21,201,-422.26821454498463
8,CTDD21,202,-438.4166441253314
8,CTDD21,203,-442.5149925840609
8,CTDD21,204,-442.443706266617
8,CTDD21,205,-435.5861853429647
8,CTDD21,206,-421.53359416231615
8,CTDD21,207,-429.56002894830806
8,CTDD21,208,-434.64658499074494
8,CTDD21,209,-410.38663552940125
8,CTDD21,210,-420.2991613338211
8,CTDD21,211,-424.6218501241757
8,CTDD21,212,-422.0956100543793
8,CTDD21,213,-444.2283418839471
8,CTDD21,214,-431.37338278559037
8,CTDD21,215,-420.34076269030174
8,CTDD21,216,-435.5127593200109
8,CTDD21,217,-411.21835599558443
8,CTDD21,218,-418.7592457085047
8,CTDD21,219,-428.87399873457514
8,CTDD21,220,-396.8319643226246
8,CTDD21,221,-437.5982529997632
8,CTDD21,222,-411.1892721344551
8,CTDD21,223,-430.370030063601
8,CTDD21,224,-413.299355081387
8,CTDD21,225,-421.3761650350076
8,CTDD21,226,-404.0640770799529
8,CTDD21,227,-429.7756523823911
8,CTDD21,228,-419.9719957337201
8,CTDD21,229,-426.2967515112453
8,CTDD21,230,-443.2617945463555
8,CTDD21,231,-420.56219415088657
8,CTDD21,232,-428.9246419607758
8,CTDD21,233,-410.31264283006124
8,CTDD21,234,-430.18028439943737
8,CTDD21,235,-413.44444427092935
8,CTDD21,236,-413.4688502914945
8,CTDD21,237,-411.02634253187614
8,CTDD21,238,-416.9390702089512
8,CTDD21,239,-408.21465558496095
8,CTDD21,240,-422.880381772931
8,CTDD21,241,-418.7594071743994
8,CTDD21,242,-419.882238532983
8,CTDD21,243,-455.041675617145
8,CTDD21,244,-403.5332911804396
8,CTDD21,245,-423.9282941529294
8,CTDD21,246,-442.0348782257085
8,CTDD21,247,-439.9681871434418
8,CTDD21,248,-428.2824655664608
8,CTDD21,249,-442.575284437631
8,CTDD21,250,-434.80526713708355
8,CTDD21,251,-424.5621606375475
8,CTDD21,252,-416.4226748663853
8,CTDD21,253,-428.47916301619296
8,CTDD21,254,-421.65778813524616
8,CTDD21,255,-420.4562643311909
8,CTDD21,256,-386.5849637402039
8,CTDD21,257,-428.62771808842626
8,CTDD21,258,-426.78469296597933
8,CTDD21,259,-418.7760328851716
8,CTDD21,260,-418.6149999578995
8,CTDD21,261,-432.3384070817994
8,CTDD21,262,-434.19528961764206
8,CTDD21,263,-445.6029405694053
8,CTDD21,264,-400.9606875238827
8,CTDD21,265,-443.6730967792476
8,CTDD21,266,-442.0822572175114
8,CTDD21,267,-452.76390046751845
8,CTDD21,268,-432.85852276652867
8,CTDD21,269,-429.98587029384447
8,CTDD21,270,-424.26427653447485
8,CTDD21,271,-430.38378413362494
8,CTDD21,272,-407.3822107260342
8,CTDD21,273,-403.5615443322495
8,CTDD21,274,-403.9964208741475
8,CTDD21,275,-455.0324368362511
8,CTDD21,276,-424.1195137657753
8,CTDD21,277,-421.99889201189967
8,CTDD21,278,-409.48091826957483
8,CTDD21,279,-426.52487262025085
8,CTDD21,280,-419.86646584212286
8,CTDD21,281,-426.5407554810828
8,CTDD21,282,-429.81589887885025
8,CTDD21,283,-447.57512344070835
8,CTDD21,284,-399.59282530891863
8,CTDD21,285,-418.40171714647323
8,CTDD21,286,-393.66690977218866
8,CTDD21,287,-422.71846864901374
8,CTDD21,288,-416.45977586287006
8,CTDD21,289,-416.2196863964185
8,CTDD21,290,-419.04473148573027
8,CTDD21,291,-447.245779679847
8,CTDD21,292,-420.81251510962016
8,CTDD21,293,-413.52336282897846
8,CTDD21,294,-434.9639625887162
8,CTDD21,295,-424.68716682018544
8,CTDD21,296,-430.14398018660495
8,CTDD21,297,-439.4914028461933
8,CTDD21,298,-408.5023322462914
8,CTDD21,299,-420.88407943735353
9,IF2,0,-362.6474117360064
9,IF2,1,-363.6806890187806
9,IF2,2,-360.79167211395367
9,IF2,3,-365.80931741101557
9,IF2,4,-362.5512178732795
9,IF2,5,-367.3037851985666
9,IF2,6,-365.10309636622554
9,IF2,7,-372.7533747366701
9,IF2,8,-373.4304889323113
9,IF2,9,-369.2279587491575
9,IF2,10,-367.77817458214736
9,IF2,11,-366.54523642404996
9,IF2,12,-361.4609110058489
9,IF2,13,-378.1991372115797
9,IF2,14,-360.4629034085925
9,IF2,15,-372.95860252519566
9,IF2,16,-366.6915705129509
9,IF2,17,-367.5299300479967
9,IF2,18,-363.08983378728993
9,IF2,19,-364.57503578744746
9,IF2,20,-373.2587808339482
9,IF2,21,-367.6357294727846
9,IF2,22,-364.2276552475475
9,IF2,23,-375.9794092844568
9,IF2,24,-362.50166768218105
9,IF2,25,-367.4242142592797
9,IF2,26,-366.34891820495284
9,IF2,27,-370.03163425988254
9,IF2,28,-372.13247784993746
9,IF2,29,-378.3184639562068
9,IF2,30,-371.10073346467226
9,IF2,31,-373.93008143198995
9,IF2,32,-362.7397498512891
9,IF2,33,-361.41716683419736
9,IF2,34,-376.19962673397794
9,IF2,35,-370.67221411608455
9,IF2,36,-367.6172989881887
9,IF2,37,-371.5270944018477
9,IF2,38,-362.0403130615961
9,IF2,39,-365.9567715543335
9,IF2,40,-363.83261788157307
9,IF2,41,-364.9299907738345
9,IF2,42,-365.83300047030104
9,IF2,43,-368.4249461482692
9,IF2,44,-364.3461891953061
9,IF2,45,-371.36381535144636
9,IF2,46,-364.0695675134423
9,IF2,47,-362.67210300243124
9,IF2,48,-362.6059041089625
9,IF2,49,-365.31416453751376
9,IF2,50,-364.6691884452937
9,IF2,51,-367.893395836902
9,IF2,52,-370.79308689907896
9,IF2,53,-362.9074209873754
9,IF2,54,-363.913610913549
9,IF2,55,-362.82769392398876
9,IF2,56,-364.6265638739255
9,IF2,57,-368.059398833542
9,IF2,58,-369.0347716838125
9,IF2,59,-363.2544983865734
9,IF2,60,-361.93217903289997
9,IF2,61,-371.09043229577543
9,IF2,62,-363.99229267398806
9,IF2,63,-367.2899117640347
9,IF2,64,-368.04177260600414
9,IF2,65,-368.03816131115303
9,IF2,66,-366.3005009784536
9,IF2,67,-372.02029071421396
9,IF2,68,-358.23979613044855
9,IF2,69,-363.121779479675
9,IF2,70,-366.313679584948
9,IF2,71,-367.08182851056415
9,IF2,72,-361.8891911271816
9,IF2,73,-363.98142368982593
9,IF2,74,-367.3148603765304
9,IF2,75,-367.7745065338824
9,IF2,76,-366.6106750551453
9,IF2,77,-369.9128078103793
9,IF2,78,-373.20260754044165
9,IF2,79,-364.6216983897541
9,IF2,80,-365.3814043025672
9,IF2,81,-365.12448185085117
9,IF2,82,-365.2807818279272
9,IF2,83,-364.52982524152026
9,IF2,84,-363.8410395985059
9,IF2,85,-366.56840758019604
9,IF2,86,-365.91804517674433
9,IF2,87,-369.8548308480653
9,IF2,88,-371.3688182067667
9,IF2,89,-370.1301561156449
9,IF2,90,-368.1935383109369
9,IF2,91,-361.80009872558674
9,IF2,92,-366.85328185094266
9,IF2,93,-363.3637313781014
9,IF2,94,-365.4289146515037
9,IF2,95,-364.81509293649134
9,IF2,96,-364.1853200639318
9,IF2,97,-370.5332751285219
9,IF2,98,-372.43034511577184
9,IF2,99,-369.0483567497449
9,IF2,100,-363.941328669816
9,IF2,101,-367.8336585941719
9,IF2,102,-364.4829382760335
9,IF2,103,-362.59137654369584
9,IF2,104,-366.50352381724247
9,IF2,105,-367.4396498527699
9,IF2,106,-364.21150006272387
9,IF2,107,-362.4972899426725
9,IF2,108,-363.2559228182926
9,IF2,109,-365.4743000939956
9,IF2,110,-364.5142451960811
9,IF2,111,-361.1733876660604
9,IF2,112,-366.3599598577836
9,IF2,113,-366.8172201154995
9,IF2,114,-362.29598197379664
9,IF2,115,-366.0136730203077
9,IF2,116,-363.59231079782677
9,IF2,117,-364.07218894753805
9,IF2,118,-366.5053497127758
9,IF2,119,-366.1808355217442
9,IF2,120,-364.3403679325419
9,IF2,121,-363.1726362349259
9,IF2,122,-369.43202881526
9,IF2,123,-365.62645301583774
9,IF2,124,-365.649535321928
9,IF2,125,-364.8494409662138
9,IF2,126,-361.71376192475776
9,IF2,127,-365.12281523339533
9,IF2,128,-363.6565272093744
9,IF2,129,-365.0854949554094
9,IF2,130,-369.72362887000025
9,IF2,131,-366.1420304620829
9,IF2,132,-364.47998108536734
9,IF2,133,-362.52372756609594
9,IF2,134,-371.37816673889114
9,IF2,135,-367.7981233199458
9,IF2,136,-369.23277844082924
9,IF2,137,-367.67414441525517
9,IF2,138,-366.5259170812788
9,IF2,139,-370.49256891618205
9,IF2,140,-370.5193283689509
9,IF2,141,-366.3167239770069
9,IF2,142,-378.00946486233397
9,IF2,143,-364.302388628667
9,IF2,144,-372.30070056447045
9,IF2,145,-368.45407476920633
9,IF2,146,-364.7738512973744
9,IF2,147,-362.0657898394466
9,IF2,148,-370.40706528648144
9,IF2,149,-366.79984299956425
9,IF2,150,-366.51541967543307
9,IF2,151,-369.8014405893163
9,IF2,152,-366.76819767908984
9,IF2,153,-364.08257218323183
9,IF2,154,-367.8572701913505
9,IF2,155,-372.6973115196933
9,IF2,156,-365.61829097231623
9,IF2,157,-371.73134872538725
9,IF2,158,-367.9272861822065
9,IF2,159,-366.798540968612
9,IF2,160,-367.5925989551106
9,IF2,161,-364.2936362325117
9,IF2,162,-368.1702102680252
9,IF2,163,-362.5940170584373
9,IF2,164,-365.99994592761453
9,IF2,165,-367.8425481972052
9,IF2,166,-368.8465347062065
9,IF2,167,-368.64244050896394
9,IF2,168,-366.830930867582
9,IF2,169,-367.7637291797624
9,IF2,170,-368.4300468977797
9,IF2,171,-364.50407551286713
9,IF2,172,-364.7811426347681
9,IF2,173,-365.20613523727906
9,IF2,174,-365.8450389559623
9,IF2,175,-371.1992666424906
9,IF2,176,-367.2510759616059
9,IF2,177,-363.34067050556524
9,IF2,178,-364.2739198960207
9,IF2,179,-364.659382720635
9,IF2,180,-364.70463125614623
9,IF2,181,-370.26605896401963
9,IF2,182,-365.97564225504175
9,IF2,183,-363.53894683611986
9,IF2,184,-363.9279053633775
9,IF2,185,-364.9436555018973
9,IF2,186,-368.1976586194873
9,IF2,187,-366.7468694542441
9,IF2,188,-367.6812636338575
9,IF2,189,-369.3342099898613
9,IF2,190,-366.6999449657934
9,IF2,191,-362.7021891106626
9,IF2,192,-361.49017026781496
9,IF2,193,-359.4744930609018
9,IF2,194,-363.47137404772116
9,IF2,195,-364.82985424747983
9,IF2,196,-370.4027386427066
9,IF2,197,-364.3729815188639
9,IF2,198,-366.89361675563015
9,IF2,199,-368.3466314104381
9,IF2,200,-364.4716419130569
9,IF2,201,-361.65627249513847
9,IF2,202,-372.71645658537915
9,IF2,203,-362.32794798051856
9,IF2,204,-366.85053689028933
9,IF2,205,-361.3402387875565
9,IF2,206,-364.14405595488705
9,IF2,207,-362.66685430777295
9,IF2,208,-368.1050534784906
9,IF2,209,-368.8326656773062
9,IF2,210,-369.494818478804
9,IF2,211,-370.14346827711694
9,IF2,212,-371.95059077954204
9,IF2,213,-364.26272660625796
9,IF2,214,-365.51644386553977
9,IF2,215,-363.2004354493798
9,IF2,216,-363.44691654748107
9,IF2,217,-366.5238869349883
9,IF2,218,-366.79458078261683
9,IF2,219,-365.05502791595666
9,IF2,220,-366.96945643846874
9,IF2,221,-369.92432924017805
9,IF2,222,-365.92102997685726
9,IF2,223,-364.7054336732463
9,IF2,224,-364.0313980901481
9,IF2,225,-367.9581366161652
9,IF2,226,-365.1403780929573
9,IF2,227,-369.0444845272034
9,IF2,228,-363.12758761684563
9,IF2,229,-363.33463945640096
9,IF2,230,-369.61211732575015
9,IF2,231,-370.39140301401824
9,IF2,232,-365.49061198605347
9,IF2,233,-368.0111240343064
9,IF2,234,-367.33057144000986
9,IF2,235,-366.2476335395549
9,IF2,236,-364.4127147816711
9,IF2,237,-368.77994033357294
9,IF2,238,-368.6263291525476
9,IF2,239,-364.49986546857184
9,IF2,240,-371.08775013010916
9,IF2,241,-364.5919330901405
9,IF2,242,-363.55624736254003
9,IF2,243,-365.3266079219232
9,IF2,244,-364.48590919885254
9,IF2,245,-361.94311967084724
9,IF2,246,-363.89853779484014
9,IF2,247,-363.37189863396924
9,IF2,248,-364.36969380102505
9,IF2,249,-365.8825662231044
9,IF2,250,-365.1162864733632
9,IF2,251,-360.5913535040768
9,IF2,252,-365.6735804870615
9,IF2,253,-363.11220689850904
9,IF2,254,-361.9258581132667
9,IF2,255,-358.5428034221918
9,IF2,256,-363.09312449658285
9,IF2,257,-366.39315720136557
9,IF2,258,-361.1212437517053
9,IF2,259,-366.14670137234566
9,IF2,260,-364.0923472910052
9,IF2,261,-362.13884356419055
9,IF2,262,-366.67240310433965
9,IF2,263,-363.4383400309802
9,IF2,264,-367.48249186342673
9,IF2,265,-363.67826792191494
9,IF2,266,-362.62907493662215
9,IF2,267,-363.189610031325
9,IF2,268,-370.72645295763107
9,IF2,269,-364.95721515640696
9,IF2,270,-365.17040974573064
9,IF2,271,-361.1290060024169
9,IF2,272,-365.52641180758127
9,IF2,273,-366.47061820595655
9,IF2,274,-366.3424581532493
9,IF2,275,-364.6893065169136
9,IF2,276,-363.5422399644498
9,IF2,277,-365.66890371044747
9,IF2,278,-363.22879915215833
9,IF2,279,-369.40736441673613
9,IF2,280,-363.09320423142265
9,IF2,281,-362.6185269045985
9,IF2,282,-365.4513226162033
9,IF2,283,-366.61263013189983
9,IF2,284,-367.0931152037972
9,IF2,285,-361.70339631334724
9,IF2,286,-364.79537677462076
9,IF2,287,-364.12913072304934
9,IF2,288,-361.7014122539715
9,IF2,289,-363.8538179112301
9,IF2,290,-363.2713969488788
9,IF2,291,-367.9104593681493
9,IF2,292,-364.3111956231548
9,IF2,293,-363.0270857089285
9,IF2,294,-362.3042313990543
9,IF2,295,-366.55643706632674
9,IF2,296,-366.60138112296255
9,IF2,297,-363.2338765068879
9,IF2,298,-366.24000962985747
9,IF2,299,-361.47730422921205
9,IF2,300,-363.015006163546
9,IF2,301,-364.9583966770826
9,IF2,302,-359.47294563746
9,IF2,303,-366.06263730668724
9,IF2,304,-367.2681537066265
9,IF2,305,-360.4402841937839
9,IF2,306,-365.749587880591
9,IF2,307,-365.04483681252026
9,IF2,308,-363.94047135639363
9,IF2,309,-365.4335597003991
9,IF2,310,-365.33063375283945
9,IF2,311,-367.28251073558357
9,IF2,312,-364.3804020298635
9,IF2,313,-363.76666212275416
9,IF2,314,-358.3553487947759
9,IF2,315,-367.5423197316742
9,IF2,316,-363.74097790761687
9,IF2,317,-361.8808521831764
9,IF2,318,-366.1482029056263
9,IF2,319,-367.0874764671166
9,IF2,320,-366.2532696467461
9,IF2,321,-360.9263243468252
9,IF2,322,-364.16626735447267
9,IF2,323,-363.8671758599323
9,IF2,324,-365.32484768852214
9,IF2,325,-365.5892791153234
9,IF2,326,-367.7451284304602
9,IF2,327,-360.10207180681556
9,IF2,328,-359.94341842716227
9,IF2,329,-369.0310347924016
9,IF2,330,-366.8445136897307
9,IF2,331,-363.64638230940506
9,IF2,332,-361.3659899124032
9,IF2,333,-365.47418499345525
9,IF2,334,-367.4570799521122
9,IF2,335,-362.6771223286762
9,IF2,336,-360.76082715403163
9,IF2,337,-364.8774292331567
9,IF2,338,-362.8535476491577
9,IF2,339,-362.865683645939
9,IF2,340,-364.5844203060962
9,IF2,341,-371.2562595713773
9,IF2,342,-365.38468116642076
9,IF2,343,-367.0199636376294
9,IF2,344,-362.08808476412224
9,IF2,345,-361.7727749031625
9,IF2,346,-359.54406685871174
9,IF2,347,-365.46601525384943
9,IF2,348,-363.80078608436247
9,IF2,349,-365.03274499501686
9,IF2,350,-356.11873289118876
9,IF2,351,-363.45023956505605
9,IF2,352,-365.2999546069212
9,IF2,353,-365.0612436493458
9,IF2,354,-363.1400044925043
9,IF2,355,-362.2734720691375
9,IF2,356,-365.9138338955591
9,IF2,357,-364.4470916076103
9,IF2,358,-363.422610059446
9,IF2,359,-359.58322382584964
9,IF2,360,-362.42422887800365
9,IF2,361,-359.97853009798627
9,IF2,362,-362.87910405428204
9,IF2,363,-365.33007573952807
9,IF2,364,-364.1586053656743
9,IF2,365,-365.56876471406383
9,IF2,366,-361.4556609980947
9,IF2,367,-367.3311892731274
9,IF2,368,-364.8917750362201
9,IF2,369,-363.7005816920014
9,IF2,370,-361.6146312190258
9,IF2,371,-365.32499847021586
9,IF2,372,-363.11912222436234
9,IF2,373,-361.88669372321516
9,IF2,374,-363.3152394155984
9,IF2,375,-365.99557605247986
9,IF2,376,-365.1081704394157
9,IF2,377,-363.1744100398886
9,IF2,378,-363.84310509937774
9,IF2,379,-358.65871656682765
9,IF2,380,-360.91699791916767
9,IF2,381,-361.8135546032491
9,IF2,382,-366.75581501771194
9,IF2,383,-362.9927332326575
9,IF2,384,-365.58124096958954
9,IF2,385,-363.31679895673904
9,IF2,386,-362.0806746302572
9,IF2,387,-361.6161046395518
9,IF2,388,-362.9117982614987
9,IF2,389,-367.1255689462205
9,IF2,390,-361.51869467649414
9,IF2,391,-365.4909590275711
9,IF2,392,-366.1486685416789
9,IF2,393,-364.7231228322122
9,IF2,394,-368.18605228904994
9,IF2,395,-363.7607164159047
9,IF2,396,-357.96929861506186
9,IF2,397,-364.1845124989095
9,IF2,398,-357.98509088011633
9,IF2,399,-364.2343858301464
9,IF2,400,-367.456027367491
9,IF2,401,-362.8683197574319
9,IF2,402,-361.9358110005538
9,IF2,403,-365.24328259251735
9,IF2,404,-360.80687148053636
9,IF2,405,-363.6479969787388
9,IF2,406,-364.4616365693363
9,IF2,407,-363.4208243201412
9,IF2,408,-359.77079777291215
9,IF2,409,-363.5058419657989
9,IF2,410,-362.4651911357928
9,IF2,411,-365.4520567545634
9,IF2,412,-363.91775316307394
9,IF2,413,-360.74246037008305
9,IF2,414,-368.390837374098
9,IF2,415,-365.75119995385455
9,IF2,416,-358.08535255776326
9,IF2,417,-362.93609254625886
9,IF2,418,-364.56404174031
9,IF2,419,-362.3901324109831
9,IF2,420,-363.94707522846335
9,IF2,421,-362.78699325801676
9,IF2,422,-361.2884974056341
9,IF2,423,-363.9594863073216
9,IF2,424,-364.81177269280437
9,IF2,425,-362.96088342705923
9,IF2,426,-367.00716903759906
9,IF2,427,-366.5405373412965
9,IF2,428,-363.2662938274511
9,IF2,429,-362.39514655889036
9,IF2,430,-361.16008987635576
9,IF2,431,-369.51335817437433
9,IF2,432,-361.90796480234474
9,IF2,433,-359.89893249288775
9,IF2,434,-362.31032529515784
9,IF2,435,-363.4508927348037
9,IF2,436,-360.41044800035075
9,IF2,437,-364.55374344313844
9,IF2,438,-364.6149159426873
9,IF2,439,-365.77633582832885
9,IF2,440,-363.20980474612503
9,IF2,441,-364.35537817392446
9,IF2,442,-364.8427935011775
9,IF2,443,-364.11084097049275
9,IF2,444,-364.0498669712986
9,IF2,445,-365.69665080920277
9,IF2,446,-367.7427681792933
9,IF2,447,-365.52821315232114
9,IF2,448,-360.79651797918507
9,IF2,449,-364.35186010614746
9,IF2,450,-363.7872762149474
9,IF2,451,-362.2881323966055
9,IF2,452,-366.072391042227
9,IF2,453,-366.70827794570624
9,IF2,454,-359.18451551636673
9,IF2,455,-365.4502385791467
9,IF2,456,-365.30066627161773
9,IF2,457,-362.5473717972456
9,IF2,458,-363.1903127245294
9,IF2,459,-363.2889198417205
9,IF2,460,-367.051438353679
9,IF2,461,-366.4109852354604
9,IF2,462,-359.4089582820979
9,IF2,463,-364.33955159595365
9,IF2,464,-368.89842067800447
9,IF2,465,-363.20436603193804
9,IF2,466,-363.15260267137495
9,IF2,467,-369.0060481453832
9,IF2,468,-363.94130420703857
9,IF2,469,-365.0453132059806
9,IF2,470,-367.44343127248095
9,IF2,471,-364.6750761683229
9,IF2,472,-363.0361723996215
9,IF2,473,-365.67051278606556
9,IF2,474,-362.9908480671371
9,IF2,475,-366.731392426699
9,IF2,476,-361.76718439237237
9,IF2,477,-366.97324764306745
9,IF2,478,-365.13445775153644
9,IF2,479,-360.9410921108141
9,IF2,480,-359.1705712848396
9,IF2,481,-360.6989373799007
9,IF2,482,-366.635424784714
9,IF2,483,-365.08747425485285
9,IF2,484,-360.7838088747783
9,IF2,485,-361.4029350116188
9,IF2,486,-363.16468733131757
9,IF2,487,-365.64697544520754
9,IF2,488,-364.2246984411487
9,IF2,489,-362.73634000830197
9,IF2,490,-367.20660641343346
9,IF2,491,-366.8672289630348
9,IF2,492,-364.9512204795572
9,IF2,493,-361.417875319421
9,IF2,494,-362.68158785592215
9,IF2,495,-360.8999583632192
9,IF2,496,-363.47515725916276
9,IF2,497,-363.9857954269033
9,IF2,498,-362.0466804228078
9,IF2,499,-365.43723710271564
9,IF2,500,-359.6496716800981
9,IF2,501,-364.0618344686736
9,IF2,502,-366.2453152286713
9,IF2,503,-362.8846648272547
9,IF2,504,-365.22601539924096
9,IF2,505,-359.7537623265536
9,IF2,506,-364.68263045827706
9,IF2,507,-361.7791138848186
9,IF2,508,-367.97115508925344
9,IF2,509,-360.94704578693387
9,IF2,510,-362.729460064877
9,IF2,511,-363.56090853510324
9,IF2,512,-361.1614560319417
9,IF2,513,-360.0304811144795
9,IF2,514,-362.7176589703352
9,IF2,515,-366.5924585058749
9,IF2,516,-361.799995437306
9,IF2,517,-360.4213631089139
9,IF2,518,-363.0920805070123
9,IF2,519,-360.28751337076636
9,IF2,520,-365.4947373286032
9,IF2,521,-362.5698376750972
9,IF2,522,-360.98198860435406
9,IF2,523,-359.89533647938345
9,IF2,524,-368.68819777242146
9,IF2,525,-362.6766977207936
9,IF2,526,-360.3734290367153
9,IF2,527,-365.1508470657139
9,IF2,528,-368.19529247570074
9,IF2,529,-362.10276404226215
9,IF2,530,-363.65761523805344
9,IF2,531,-362.7152840641439
9,IF2,532,-366.6642739422041
9,IF2,533,-364.99995240669733
9,IF2,534,-369.70769524501185
9,IF2,535,-367.7692988653799
9,IF2,536,-360.02729968581167
9,IF2,537,-364.4523969615225
9,IF2,538,-359.96196199695646
9,IF2,539,-358.1061916604137
9,IF2,540,-362.14657709723383
9,IF2,541,-361.85699842674074
9,IF2,542,-364.151666897846
9,IF2,543,-360.3408399756964
9,IF2,544,-367.0815219498794
9,IF2,545,-364.1280444516441
9,IF2,546,-364.5424071787144
9,IF2,547,-368.5442047353667
9,IF2,548,-368.3742554067167
9,IF2,549,-364.17919380463763
9,IF2,550,-365.8249506774658
9,IF2,551,-361.72868210731633
9,IF2,552,-354.5524316890747
9,IF2,553,-367.3102973493623
9,IF2,554,-363.50248965371907
9,IF2,555,-360.26283285536323
9,IF2,556,-364.7406689337772
9,IF2,557,-357.9872519124295
9,IF2,558,-369.04265194386574
9,IF2,559,-360.66910383571104
9,IF2,560,-364.43349880525847
9,IF2,561,-363.7602248630948
9,IF2,562,-365.7379106872479
9,IF2,563,-365.25498981852525
9,IF2,564,-365.66862593818496
9,IF2,565,-363.16819819711964
9,IF2,566,-365.09816193046913
9,IF2,567,-366.36954766266007
9,IF2,568,-364.19335839156884
9,IF2,569,-362.6259435345427
9,IF2,570,-364.4163585707813
9,IF2,571,-359.8748788584254
9,IF2,572,-360.169532066948
9,IF2,573,-364.68376689384246
9,IF2,574,-361.1549730270523
9,IF2,575,-364.3585933857704
9,IF2,576,-364.73736357076973
9,IF2,577,-363.7544218453218
9,IF2,578,-365.6890093993867
9,IF2,579,-363.9751993747183
9,IF2,580,-363.4651284403601
9,IF2,581,-361.4910680420215
9,IF2,582,-363.6074787978166
9,IF2,583,-364.51936759105837
9,IF2,584,-363.30513779479764
9,IF2,585,-365.66142200040844
9,IF2,586,-362.8318642601548
9,IF2,587,-364.99464044272
9,IF2,588,-362.06380035479225
9,IF2,589,-362.1467100639588
9,IF2,590,-360.2740241294888
9,IF2,591,-364.6481055237902
9,IF2,592,-362.5266524515887
9,IF2,593,-365.8057013929656
9,IF2,594,-362.9203226856165
9,IF2,595,-366.32222026685804
9,IF2,596,-367.4410127641583
9,IF2,597,-359.9046650609371
9,IF2,598,-365.48203532829666
9,IF2,599,-363.0058450247708
9,IFAD,0,-365.9973337225611
9,IFAD,1,-376.2350252341534
9,IFAD,2,-380.4393736004039
9,IFAD,3,-381.00186883986686
9,IFAD,4,-379.6043789095809
9,IFAD,5,-361.27660922507937
9,IFAD,6,-364.4782207842358
9,IFAD,7,-366.43218633077913
9,IFAD,8,-365.02303250862644
9,IFAD,9,-364.050999062817
9,IFAD,10,-363.2896866221834
9,IFAD,11,-369.9018330012229
9,IFAD,12,-362.1509940790955
9,IFAD,13,-363.3899303031748
9,IFAD,14,-368.48487258428224
9,IFAD,15,-369.0426803027463
9,IFAD,16,-361.77966433652267
9,IFAD,17,-359.5744016523977
9,IFAD,18,-364.61031465640303
9,IFAD,19,-364.2467810365696
9,IFAD,20,-365.64552153937615
9,IFAD,21,-372.3500584120386
9,IFAD,22,-366.4250051796432
9,IFAD,23,-370.2639148358562
9,IFAD,24,-369.6486562854431
9,IFAD,25,-372.5515311775055
9,IFAD,26,-372.0899167036385
9,IFAD,27,-371.06748733069895
9,IFAD,28,-362.16820879222234
9,IFAD,29,-369.37529245299396
9,IFAD,30,-369.1772229349593
9,IFAD,31,-359.4699695084638
9,IFAD,32,-366.0654923359502
9,IFAD,33,-361.56485062960377
9,IFAD,34,-371.4475070266417
9,IFAD,35,-368.87583789449315
9,IFAD,36,-359.436558313056
9,IFAD,37,-375.96556751293923
9,IFAD,38,-372.62413356850715
9,IFAD,39,-370.9974728135461
9,IFAD,40,-361.97598143546423
9,IFAD,41,-364.5588643399527
9,IFAD,42,-364.73711533177516
9,IFAD,43,-359.2060411848511
9,IFAD,44,-362.6935120382802
9,IFAD,45,-369.78011028417677
9,IFAD,46,-365.2346958857468
9,IFAD,47,-366.2451362170722
9,IFAD,48,-370.11453651945357
9,IFAD,49,-362.19624530138645
9,IFAD,50,-368.2872694025765
9,IFAD,51,-358.022320542666
9,IFAD,52,-364.90680351188655
9,IFAD,53,-368.26406733724536
9,IFAD,54,-362.7483358795282
9,IFAD,55,-360.6070099722706
9,IFAD,56,-371.28042439099
9,IFAD,57,-367.13939610272587
9,IFAD,58,-368.7869686077644
9,IFAD,59,-369.7227156871448
9,IFAD,60,-365.493620994716
9,IFAD,61,-361.299287289477
9,IFAD,62,-367.16269896884563
9,IFAD,63,-365.9453156665376
9,IFAD,64,-365.7108077461255
9,IFAD,65,-359.51106630403063
9,IFAD,66,-367.6153618622882
9,IFAD,67,-362.8932496939906
9,IFAD,68,-366.6766526382873
9,IFAD,69,-364.76552041658704
9,IFAD,70,-368.177656173744
9,IFAD,71,-363.9143808219761
9,IFAD,72,-367.50904351186136
9,IFAD,73,-363.7677671962306
9,IFAD,74,-362.9552459652679
9,IFAD,75,-367.06950344210424
9,IFAD,76,-367.4762970928321
9,IFAD,77,-362.52009699069714
9,IFAD,78,-369.02098129164443
9,IFAD,79,-365.9090586693478
9,IFAD,80,-359.76215147955384
9,IFAD,81,-363.76228334197083
9,IFAD,82,-363.6754302410154
9,IFAD,83,-366.18720791123184
9,IFAD,84,-364.0785202565797
9,IFAD,85,-357.4370405933053
9,IFAD,86,-362.53588589435867
9,IFAD,87,-364.10956015622486
9,IFAD,88,-365.27825792302673
9,IFAD,89,-367.2757651521072
9,IFAD,90,-366.0093884912464
9,IFAD,91,-365.72744051083987
9,IFAD,92,-366.8478750001026
9,IFAD,93,-374.63786830461396
9,IFAD,94,-373.48138544032054
9,IFAD,95,-367.80858879595525
9,IFAD,96,-368.4979966954577
9,IFAD,97,-363.1529691877372
9,IFAD,98,-367.02810160217706
9,IFAD,99,-367.9165974621511
9,IFAD,100,-366.20687387828247
9,IFAD,101,-367.0911206285339
9,IFAD,102,-366.5657329968962
9,IFAD,103,-363.2453055592313
9,IFAD,104,-366.88686296508365
9,IFAD,105,-364.502125102846
9,IFAD,106,-360.92486750914605
9,IFAD,107,-365.9445080676212
9,IFAD,108,-365.14493601385817
9,IFAD,109,-364.081008863923
9,IFAD,110,-366.6142607064386
9,IFAD,111,-362.4440560540066
9,IFAD,112,-370.55836311605776
9,IFAD,113,-364.5512313580756
9,IFAD,114,-362.6824767626311
9,IFAD,115,-365.25821930908916
9,IFAD,116,-365.1748387087024
9,IFAD,117,-367.0886884493582
9,IFAD,118,-363.00885655962105
9,IFAD,119,-363.69983509005186
9,IFAD,120,-362.8875310422799
9,IFAD,121,-364.7257410301099
9,IFAD,122,-360.10400103289834
9,IFAD,123,-365.57651731909584
9,IFAD,124,-360.9213212431397
9,IFAD,125,-366.67042048178536
9,IFAD,126,-358.73180791300706
9,IFAD,127,-364.4929985715802
9,IFAD,128,-364.9245676982351
9,IFAD,129,-366.5236071662787
9,IFAD,130,-363.9903550940132
9,IFAD,131,-362.420336821393
9,IFAD,132,-363.65828890379436
9,IFAD,133,-364.0620919197322
9,IFAD,134,-360.10266013366976
9,IFAD,135,-366.32814870094916
9,IFAD,136,-367.6635590149172
9,IFAD,137,-363.98306758651086
9,IFAD,138,-359.47664425666096
9,IFAD,139,-367.5110657948207
9,IFAD,140,-360.7623274549629
9,IFAD,141,-355.4252302770033
9,IFAD,142,-365.35458868289345
9,IFAD,143,-365.3978746298168
9,IFAD,144,-362.3488299815153
9,IFAD,145,-364.4660327697099
9,IFAD,146,-361.91165030624956
9,IFAD,147,-359.1616979148812
9,IFAD,148,-362.16141540411195
9,IFAD,149,-363.6643675708897
9,IFAD,150,-362.34177804336395
9,IFAD,151,-363.48075923627636
9,IFAD,152,-361.7202564343627
9,IFAD,153,-367.2348897875491
9,IFAD,154,-364.59807608306517
9,IFAD,155,-365.1565397218858
9,IFAD,156,-371.194620495067
9,IFAD,157,-365.42670831943155
9,IFAD,158,-360.5026515340629
9,IFAD,159,-366.77897293766335
9,IFAD,160,-365.4872234261967
9,IFAD,161,-365.6801634791735
9,IFAD,162,-362.0550309255953
9,IFAD,163,-360.5549158387149
9,IFAD,164,-364.02725493168197
9,IFAD,165,-360.86217478032086
9,IFAD,166,-362.53106044771266
9,IFAD,167,-363.5920199263156
9,IFAD,168,-361.6815867776493
9,IFAD,169,-367.0342610940465
9,IFAD,170,-362.5307073583126
9,IFAD,171,-359.73215766173854
9,IFAD,172,-365.7626603585428
9,IFAD,173,-364.1750991912395
9,IFAD,174,-363.23777676307554
9,IFAD,175,-362.99772374555647
9,IFAD,176,-364.90027674686735
9,IFAD,177,-362.5624990153104
9,IFAD,178,-359.18080737783276
9,IFAD,179,-365.7119642918644
9,IFAD,180,-363.3777590196012
9,IFAD,181,-362.55135584036003
9,IFAD,182,-361.2212505512105
9,IFAD,183,-362.34174342962973
9,IFAD,184,-361.2424956072807
9,IFAD,185,-365.8312464490114
9,IFAD,186,-362.9641505721935
9,IFAD,187,-370.4972690752839
9,IFAD,188,-367.09639004501395
9,IFAD,189,-362.4356194271381
9,IFAD,190,-359.6537176455072
9,IFAD,191,-363.12638092438806
9,IFAD,192,-363.75607615766154
9,IFAD,193,-358.3469151849284
9,IFAD,194,-364.4578152914893
9,IFAD,195,-362.4590904539764
9,IFAD,196,-366.35879183654004
9,IFAD,197,-360.6480823244643
9,IFAD,198,-367.51517993255203
9,IFAD,199,-363.16054391960245
9,IFAD,200,-363.41927572886993
9,IFAD,201,-363.7396200678153
9,IFAD,202,-367.0736291624043
9,IFAD,203,-363.7656555621197
9,IFAD,204,-360.371580869873
9,IFAD,205,-361.2584662138059
9,IFAD,206,-359.73562945052845
9,IFAD,207,-361.9713918086628
9,IFAD,208,-361.19207315323064
9,IFAD,209,-358.39538715103066
9,IFAD,210,-367.14182541431336
9,IFAD,211,-363.40873641692673
9,IFAD,212,-364.20969637562877
9,IFAD,213,-361.88526688443454
9,IFAD,214,-364.87574216619
9,IFAD,215,-361.9482269674914
9,IFAD,216,-367.9010740804778
9,IFAD,217,-362.2342315910918
9,IFAD,218,-360.73707214686834
9,IFAD,219,-364.31158527230093
9,IFAD,220,-362.32830568156095
9,IFAD,221,-363.2739143861719
9,IFAD,222,-364.95221179803207
9,IFAD,223,-360.06911697000197
9,IFAD,224,-362.1281016067998
9,IFAD,225,-362.92386289856995
9,IFAD,226,-364.5834953364189
9,IFAD,227,-366.943863972158
9,IFAD,228,-365.9873360827981
9,IFAD,229,-362.796996754521
9,IFAD,230,-358.76606989202776
9,IFAD,231,-363.2317930936631
9,IFAD,232,-363.34444277402355
9,IFAD,233,-361.9162876101542
9,IFAD,234,-361.6957201156136
9,IFAD,235,-363.14760343784997
9,IFAD,236,-365.880606788256
9,IFAD,237,-361.0928367703262
9,IFAD,238,-364.85730785325717
9,IFAD,239,-367.04537622936823
9,IFAD,240,-371.50100498321854
9,IFAD,241,-362.0082090491942
9,IFAD,242,-366.7381822254631
9,IFAD,243,-364.1470351934967
9,IFAD,244,-369.1563531444275
9,IFAD,245,-367.1377854823885
9,IFAD,246,-358.47414925964046
9,IFAD,247,-362.1598877647374
9,IFAD,248,-361.80971140640963
9,IFAD,249,-358.98097528050533
9,IFAD,250,-363.3921929255501
9,IFAD,251,-365.0574104988881
9,IFAD,252,-363.2099793294425
9,IFAD,253,-363.5394889014935
9,IFAD,254,-365.52610108111935
9,IFAD,255,-359.1764184011469
9,IFAD,256,-356.1321563749145
9,IFAD,257,-361.1646818470233
9,IFAD,258,-362.44019579321514
9,IFAD,259,-362.09118490663985
9,IFAD,260,-364.6375276995785
9,IFAD,261,-364.18809099190366
9,IFAD,262,-361.23898506617394
9,IFAD,263,-360.8044368413107
9,IFAD,264,-364.517113602624
9,IFAD,265,-359.06271822364675
9,IFAD,266,-365.8270926379812
9,IFAD,267,-362.4080782386314
9,IFAD,268,-358.84929098811085
9,IFAD,269,-363.0223585144428
9,IFAD,270,-361.01201242073824
9,IFAD,271,-361.2921054452342
9,IFAD,272,-357.629768057894
9,IFAD,273,-359.71023144660774
9,IFAD,274,-363.7074756131624
9,IFAD,275,-368.8191011446585
9,IFAD,276,-365.01183301498656
9,IFAD,277,-361.56059363269236
9,IFAD,278,-361.1318453726138
9,IFAD,279,-359.148368658226
9,IFAD,280,-365.8653349183582
9,IFAD,281,-358.7828966855801
9,IFAD,282,-366.9338807704125
9,IFAD,283,-366.6097778708895
9,IFAD,284,-361.3153689766739
9,IFAD,285,-360.56616603031546
9,IFAD,286,-361.32639345707787
9,IFAD,287,-364.3771902656036
9,IFAD,288,-362.16584932158366
9,IFAD,289,-362.2680721376805
9,IFAD,290,-367.18393698666256
9,IFAD,291,-359.71375141327906
9,IFAD,292,-366.41268197203783
9,IFAD,293,-362.31986425131345
9,IFAD,294,-365.87663829814505
9,IFAD,295,-361.2842588480142
9,IFAD,296,-363.2798662802327
9,IFAD,297,-359.5489564735329
9,IFAD,298,-365.935040002818
9,IFAD,299,-360.64546034559066
9,IFAD,300,-359.39856879693764
9,IFAD,301,-363.4211171679393
9,IFAD,302,-361.3674917719186
9,IFAD,303,-364.614970955624
9,IFAD,304,-364.87367924929157
9,IFAD,305,-365.8897996486753
9,IFAD,306,-364.08050296184024
9,IFAD,307,-362.056293041956
9,IFAD,308,-359.7907486559272
9,IFAD,309,-363.1649373562666
9,IFAD,310,-363.4966674366799
9,IFAD,311,-363.94656276711464
9,IFAD,312,-361.9423984165128
9,IFAD,313,-366.3219270372867
9,IFAD,314,-363.56214445798577
9,IFAD,315,-361.1452760210922
9,IFAD,316,-360.4898208359146
9,IFAD,317,-368.1727224167038
9,IFAD,318,-361.50060877394156
9,IFAD,319,-368.77706457110736
9,IFAD,320,-361.69504251365163
9,IFAD,321,-367.02116587327816
9,IFAD,322,-362.90864911518327
9,IFAD,323,-361.46689758172954
9,IFAD,324,-365.03813652031465
9,IFAD,325,-363.0395075610104
9,IFAD,326,-360.84778644194313
9,IFAD,327,-362.41428717768923
9,IFAD,328,-363.0002772330315
9,IFAD,329,-361.50119087689467
9,IFAD,330,-367.25126211233817
9,IFAD,331,-362.2917029174117
9,IFAD,332,-362.28215633735675
9,IFAD,333,-361.857051984256
9,IFAD,334,-366.7130470382848
9,IFAD,335,-365.24946525179877
9,IFAD,336,-365.2384807892331
9,IFAD,337,-360.5862083965886
9,IFAD,338,-364.58994235202897
9,IFAD,339,-367.7563566285144
9,IFAD,340,-365.37397843205844
9,IFAD,341,-364.2804349112223
9,IFAD,342,-364.0709135081477
9,IFAD,343,-364.75816342381444
9,IFAD,344,-362.7891117099238
9,IFAD,345,-365.2347688541584
9,IFAD,346,-363.625498309286
9,IFAD,347,-362.5126542890388
9,IFAD,348,-364.12251810523696
9,IFAD,349,-359.4612088252364
9,IFAD,350,-367.42806528915327
9,IFAD,351,-364.13481030634904
9,IFAD,352,-360.57633117660833
9,IFAD,353,-360.07810203317405
9,IFAD,354,-366.1941563439826
9,IFAD,355,-361.531280510501
9,IFAD,356,-359.75744268592933
9,IFAD,357,-366.30620001210735
9,IFAD,358,-361.5556840195424
9,IFAD,359,-357.0249891700961
9,IFAD,360,-358.8902495243004
9,IFAD,361,-361.98241218357185
9,IFAD,362,-357.9233707893193
9,IFAD,363,-363.3020924328638
9,IFAD,364,-367.87619846573625
9,IFAD,365,-368.49006791437955
9,IFAD,366,-369.7751766320284
9,IFAD,367,-366.36739776143725
9,IFAD,368,-365.0460588255229
9,IFAD,369,-363.6374278473464
9,IFAD,370,-359.6260276179383
9,IFAD,371,-361.5790935652883
9,IFAD,372,-361.02029367199344
9,IFAD,373,-363.43508678367994
9,IFAD,374,-364.1275637547965
9,IFAD,375,-366.3224478744284
9,IFAD,376,-363.06306836672485
9,IFAD,377,-364.719235464477
9,IFAD,378,-362.72121897306516
9,IFAD,379,-364.8062072378814
9,IFAD,380,-368.1300164554911
9,IFAD,381,-361.53083138501
9,IFAD,382,-359.5710459062553
9,IFAD,383,-363.9407501843177
9,IFAD,384,-365.751991871592
9,IFAD,385,-359.53499884506084
9,IFAD,386,-366.01418044138586
9,IFAD,387,-362.42553516550566
9,IFAD,388,-363.69031490230196
9,IFAD,389,-363.69316851237716
9,IFAD,390,-362.34556836265045
9,IFAD,391,-362.23778107655284
9,IFAD,392,-363.24229932278286
9,IFAD,393,-365.15918826894193
9,IFAD,394,-362.8762073384998
9,IFAD,395,-361.8377082107863
9,IFAD,396,-359.00694676164113
9,IFAD,397,-364.59150416552677
9,IFAD,398,-360.55842526289916
9,IFAD,399,-362.7288485742101
9,DS19,0,-381.37332270661
9,DS19,1,-374.3371705988975
9,DS19,2,-384.42149168933975
9,DS19,3,-384.46680083122567
9,DS19,4,-382.4409570110145
9,DS19,5,-369.8407070103393
9,DS19,6,-370.7744927559356
9,DS19,7,-375.56655832118304
9,DS19,8,-380.95184388154075
9,DS19,9,-385.961437360068
9,DS19,10,-373.75404979819956
9,DS19,11,-376.687918619664
9,DS19,12,-383.9465020577947
9,DS19,13,-380.78815966265086
9,DS19,14,-363.3251213230447
9,DS19,15,-371.66877491947486
9,DS19,16,-379.6407568659622
9,DS19,17,-390.734419523109
9,DS19,18,-384.00485419274094
9,DS19,19,-371.1654526710925
9,DS19,20,-389.8974270909682
9,DS19,21,-369.45832885594956
9,DS19,22,-366.3021390858156
9,DS19,23,-365.8306052541246
9,DS19,24,-369.4022564369661
9,DS19,25,-372.80038572848935
9,DS19,26,-368.5601810533688
9,DS19,27,-388.92194137179143
9,DS19,28,-371.111417364473
9,DS19,29,-375.31860126907725
9,DS19,30,-365.76153943242326
9,DS19,31,-380.44558466819973
9,DS19,32,-378.85712390019796
9,DS19,33,-364.43651022399484
9,DS19,34,-380.2443460111283
9,DS19,35,-373.49856176522195
9,DS19,36,-365.3430654390132
9,DS19,37,-382.2964129813736
9,DS19,38,-371.4994420391954
9,DS19,39,-375.58183517799546
9,DS19,40,-374.4106366377821
9,DS19,41,-382.64708970430945
9,DS19,42,-374.0035718170854
9,DS19,43,-373.34877023285196
9,DS19,44,-376.11599345813516
9,DS19,45,-374.74964595463166
9,DS19,46,-385.37277399359044
9,DS19,47,-382.19485476253294
9,DS19,48,-382.1938435088347
9,DS19,49,-373.0507898099229
9,DS19,50,-372.9466080766693
9,DS19,51,-378.12430043183076
9,DS19,52,-380.53163681854176
9,DS19,53,-373.51987396756385
9,DS19,54,-376.7531162513716
9,DS19,55,-377.1570541973597
9,DS19,56,-385.06345350316246
9,DS19,57,-372.73759506842146
9,DS19,58,-382.59914511755
9,DS19,59,-373.5998613831772
9,DS19,60,-370.8678303346198
9,DS19,61,-380.3387477617872
9,DS19,62,-379.1807119451144
9,DS19,63,-390.6158459311637
9,DS19,64,-377.4285339347201
9,DS19,65,-381.94877204453746
9,DS19,66,-372.60393807098654
9,DS19,67,-371.162109825468
9,DS19,68,-366.3617599435581
9,DS19,69,-375.65800130997116
9,DS19,70,-382.5574980087615
9,DS19,71,-370.7570021319267
9,DS19,72,-383.29419572398655
9,DS19,73,-374.9522220779432
9,DS19,74,-369.3728983960926
9,DS19,75,-381.6765792413959
9,DS19,76,-373.16109476176507
9,DS19,77,-368.16819967771625
9,DS19,78,-379.47452760073026
9,DS19,79,-375.7345913101648
9,DS19,80,-371.6046762799783
9,DS19,81,-373.4870351153018
9,DS19,82,-377.171063258658
9,DS19,83,-391.9324924449567
9,DS19,84,-375.4938179215807
9,DS19,85,-380.10157587351506
9,DS19,86,-375.6249857349717
9,DS19,87,-383.649678217119
9,DS19,88,-380.5676010338577
9,DS19,89,-382.5281256229385
9,DS19,90,-368.59894540296636
9,DS19,91,-384.6383605915437
9,DS19,92,-385.2244790900406
9,DS19,93,-364.3138504805605
9,DS19,94,-390.4509404973942
9,DS19,95,-364.28352455234597
9,DS19,96,-376.1115234989514
9,DS19,97,-373.3609172431758
9,DS19,98,-376.461373004692
9,DS19,99,-375.63347177767236
9,DS19,100,-374.0060479947809
9,DS19,101,-374.59563275040387
9,DS19,102,-382.32542637859535
9,DS19,103,-393.9872503200522
9,DS19,104,-374.08856747167056
9,DS19,105,-374.48986058010405
9,DS19,106,-379.3629509392842
9,DS19,107,-371.13683892343494
9,DS19,108,-385.8151323724628
9,DS19,109,-374.16795370064773
9,DS19,110,-374.78854203106533
9,DS19,111,-373.14639091268486
9,DS19,112,-391.8278927319429
9,DS19,113,-379.7125125072653
9,DS19,114,-372.50501628101534
9,DS19,115,-373.72511866008665
9,DS19,116,-373.84026895202993
9,DS19,117,-384.19315248330037
9,DS19,118,-385.49800540171566
9,DS19,119,-378.44765757291316
9,DS19,120,-376.433812652387
9,DS19,121,-376.87782593854695
9,DS19,122,-386.92367054238525
9,DS19,123,-371.854648476725
9,DS19,124,-384.5032705096023
9,DS19,125,-365.106296813871
9,DS19,126,-382.06305342716576
9,DS19,127,-377.10255432984525
9,DS19,128,-385.1207450739897
9,DS19,129,-369.97344283871223
9,DS19,130,-369.53580175341676
9,DS19,131,-387.85756647053495
9,DS19,132,-374.33191791604213
9,DS19,133,-380.6266537257247
9,DS19,134,-376.6224992314285
9,DS19,135,-372.740911887641
9,DS19,136,-387.3828296773521
9,DS19,137,-363.2163672053436
9,DS19,138,-366.09249538065984
9,DS19,139,-376.9722252942377
9,DS19,140,-372.2211607890788
9,DS19,141,-384.35040526892925
9,DS19,142,-378.71961194069127
9,DS19,143,-378.4068018112305
9,DS19,144,-367.4840222018189
9,DS19,145,-385.0411022456257
9,DS19,146,-378.39216076521564
9,DS19,147,-377.85640893647525
9,DS19,148,-375.4389565781208
9,DS19,149,-377.18425674426413
9,DS19,150,-380.83409231843257
9,DS19,151,-369.67829889132724
9,DS19,152,-375.2826337411953
9,DS19,153,-379.05219528795993
9,DS19,154,-378.800523429313
9,DS19,155,-389.7319645555514
9,DS19,156,-377.06998823531364
9,DS19,157,-371.53223831989635
9,DS19,158,-376.93481024120246
9,DS19,159,-373.9651888984174
9,DS19,160,-370.7557191507914
9,DS19,161,-375.5486818202355
9,DS19,162,-374.99045110638275
9,DS19,163,-382.9630461647532
9,DS19,164,-370.42819544633556
9,DS19,165,-380.7092812124246
9,DS19,166,-388.3616855885021
9,DS19,167,-369.2023533340327
9,DS19,168,-370.4368861347519
9,DS19,169,-371.0015227860937
9,DS19,170,-371.52029659846824
9,DS19,171,-367.3258139389759
9,DS19,172,-380.6033778036985
9,DS19,173,-372.5119767733738
9,DS19,174,-375.6305664136458
9,DS19,175,-376.7320321034927
9,DS19,176,-374.0431601713571
9,DS19,177,-365.0747072976495
9,DS19,178,-371.8276941515891
9,DS19,179,-381.4354605175918
9,DS19,180,-379.0177291152186
9,DS19,181,-367.2596569348101
9,DS19,182,-387.58668395631634
9,DS19,183,-371.9398002281976
9,DS19,184,-374.8284876506983
9,DS19,185,-368.967382761802
9,DS19,186,-377.66558230550504
9,DS19,187,-371.2647352308773
9,DS19,188,-366.7245205452201
9,DS19,189,-369.2916491550948
9,DS19,190,-392.09488103802005
9,DS19,191,-376.56533617661205
9,DS19,192,-379.1380339319164
9,DS19,193,-377.1681075862529
9,DS19,194,-373.6338760030847
9,DS19,195,-373.4821442125601
9,DS19,196,-384.4710277701533
9,DS19,197,-366.2007203163617
9,DS19,198,-368.23374357374786
9,DS19,199,-381.7911659832205
9,DS19,200,-374.6996241578569
9,DS19,201,-389.97441025359575
9,DS19,202,-373.57176405824487
9,DS19,203,-364.71593689704133
9,DS19,204,-375.4496882206454
9,DS19,205,-367.7670489139392
9,DS19,206,-366.0525722018751
9,DS19,207,-385.4184412242529
9,DS19,208,-378.02985533997924
9,DS19,209,-374.8664321657377
9,DS19,210,-358.7946530692417
9,DS19,211,-378.99444094634936
9,DS19,212,-378.25189990454624
9,DS19,213,-379.293828056604
9,DS19,214,-372.53067742790245
9,DS19,215,-386.2255369851476
9,DS19,216,-388.3467429145172
9,DS19,217,-373.2747559811608
9,DS19,218,-371.2796693825937
9,DS19,219,-386.5249966045319
9,DS19,220,-385.9584124778676
9,DS19,221,-371.4549742617238
9,DS19,222,-373.97697409799434
9,DS19,223,-372.4172237575288
9,DS19,224,-378.4472657380657
9,DS19,225,-374.2663131925667
9,DS19,226,-363.1235083415546
9,DS19,227,-374.46234321168123
9,DS19,228,-380.12371005611135
9,DS19,229,-388.6937995122454
9,DS19,230,-379.9672055746754
9,DS19,231,-377.1215827524902
9,DS19,232,-375.548530089961
9,DS19,233,-381.11129942945144
9,DS19,234,-374.4779542518276
9,DS19,235,-375.8969788499416
9,DS19,236,-370.245817727542
9,DS19,237,-375.97632881113225
9,DS19,238,-371.38679717712057
9,DS19,239,-384.15455970297245
9,DS19,240,-382.3710139252639
9,DS19,241,-381.1415230918057
9,DS19,242,-390.41396555510187
9,DS19,243,-372.78496559419466
9,DS19,244,-385.2034362962504
9,DS19,245,-376.2817882400637
9,DS19,246,-375.36481671756684
9,DS19,247,-376.7596278696885
9,DS19,248,-375.0624425031104
9,DS19,249,-376.9228192684177
9,DS19,250,-376.1106608924751
9,DS19,251,-362.51892302404906
9,DS19,252,-368.15740891293314
9,DS19,253,-374.68337162601864
9,DS19,254,-379.0355651482036
9,DS19,255,-378.4818394384074
9,DS19,256,-374.1421927971669
9,DS19,257,-376.7287409948125
9,DS19,258,-378.8175607399274
9,DS19,259,-377.9192905053718
9,DS19,260,-376.62684158391033
9,DS19,261,-368.6089668823404
9,DS19,262,-370.9603869407059
9,DS19,263,-377.7183006502143
9,DS19,264,-380.12051826182073
9,DS19,265,-377.3152977315231
9,DS19,266,-385.84518596020513
9,DS19,267,-372.1902525394218
9,DS19,268,-378.526500115589
9,DS19,269,-371.4001445036676
9,DS19,270,-371.60704209563175
9,DS19,271,-381.6758020270037
9,DS19,272,-374.0413416870728
9,DS19,273,-377.47027524347436
9,DS19,274,-381.85368564416143
9,DS19,275,-381.1372302965115
9,DS19,276,-377.07444701466954
9,DS19,277,-391.65068317426795
9,DS19,278,-360.9661577154015
9,DS19,279,-383.92233350239593
9,DS19,280,-378.26376468028957
9,DS19,281,-363.05359643863875
9,DS19,282,-379.78777592150277
9,DS19,283,-376.26717464370654
9,DS19,284,-372.2176111840257
9,DS19,285,-370.9076032725584
9,DS19,286,-371.69929075770744
9,DS19,287,-372.7650154550674
9,DS19,288,-376.4439712675436
9,DS19,289,-361.99983319781296
9,DS19,290,-365.4133096793123
9,DS19,291,-367.51776971896714
9,DS19,292,-380.3975108231706
9,DS19,293,-377.368043471499
9,DS19,294,-375.1730345182041
9,DS19,295,-377.85985098317417
9,DS19,296,-376.06620746557076
9,DS19,297,-371.43376834466045
9,DS19,298,-376.49140596103507
9,DS19,299,-374.300442982661
9,CTDD21,0,-447.64857854421894
9,CTDD21,1,-416.2602594340693
9,CTDD21,2,-411.62312492144656
9,CTDD21,3,-413.47513794725427
9,CTDD21,4,-413.9797454409952
9,CTDD21,5,-419.55629360999524
9,CTDD21,6,-414.15044026151406
9,CTDD21,7,-444.99057471535076
9,CTDD21,8,-427.45480209707745
9,CTDD21,9,-432.62927150441226
9,CTDD21,10,-427.95757400859554
9,CTDD21,11,-436.8567673833562
9,CTDD21,12,-428.0628710702736
9,CTDD21,13,-433.64842957844763
9,CTDD21,14,-417.15863478543724
9,CTDD21,15,-421.10792376874076
9,CTDD21,16,-420.22902458085025
9,CTDD21,17,-389.32726765492976
9,CTDD21,18,-401.224667137227
9,CTDD21,19,-431.0129051077641
9,CTDD21,20,-410.03135713781637
9,CTDD21,21,-429.47608447908215
9,CTDD21,22,-415.511019499032
9,CTDD21,23,-416.74032584178246
9,CTDD21,24,-442.95851528968
9,CTDD21,25,-428.7614916232292
9,CTDD21,26,-386.6298511649247
9,CTDD21,27,-419.5197864775087
9,CTDD21,28,-444.79491576135496
9,CTDD21,29,-438.0174879090831
9,CTDD21,30,-424.2891000437619
9,CTDD21,31,-412.15510141688276
9,CTDD21,32,-426.2158864232164
9,CTDD21,33,-420.90244555777997
9,CTDD21,34,-438.32916961500734
9,CTDD21,35,-446.59411898842734
9,CTDD21,36,-429.29752489603186
9,CTDD21,37,-433.39969919105374
9,CTDD21,38,-444.630892014722
9,CTDD21,39,-437.95501550333995
9,CTDD21,40,-412.3383578557502
9,CTDD21,41,-414.9482367362655
9,CTDD21,42,-435.28262979240804
9,CTDD21,43,-421.05652543814085
9,CTDD21,44,-429.88972018394844
9,CTDD21,45,-416.7503616885689
9,CTDD21,46,-422.43389543510165
9,CTDD21,47,-439.00203121687815
9,CTDD21,48,-426.80596263426287
9,CTDD21,49,-426.33601863769206
9,CTDD21,50,-445.8548194403455
9,CTDD21,51,-437.3931460291739
9,CTDD21,52,-424.6156945269929
9,CTDD21,53,-422.7678031796233
9,CTDD21,54,-428.25866082841196
9,CTDD21,55,-426.31626352180604
9,CTDD21,56,-435.48690218415607
9,CTDD21,57,-398.3199989728156
9,CTDD21,58,-427.76694045731557
9,CTDD21,59,-440.1480783681295
9,CTDD21,60,-414.60630029172614
9,CTDD21,61,-434.8864738726471
9,CTDD21,62,-444.447041276307
9,CTDD21,63,-434.130962106884
9,CTDD21,64,-417.3032811819734
9,CTDD21,65,-413.2476854898292
9,CTDD21,66,-406.44760658860616
9,CTDD21,67,-413.78831554981434
9,CTDD21,68,-417.9638019719888
9,CTDD21,69,-407.0935089126465
9,CTDD21,70,-453.49168762959783
9,CTDD21,71,-434.4440372373096
9,CTDD21,72,-409.1459123906658
9,CTDD21,73,-429.7506750698025
9,CTDD21,74,-406.31819811492613
9,CTDD21,75,-412.6997368634052
9,CTDD21,76,-409.3617317915148
9,CTDD21,77,-415.69370777202846
9,CTDD21,78,-428.75633976980214
9,CTDD21,79,-429.6141489103087
9,CTDD21,80,-448.0860621461518
9,CTDD21,81,-425.23059028427036
9,CTDD21,82,-428.7144913120187
9,CTDD21,83,-403.900583839808
9,CTDD21,84,-422.4730446009829
9,CTDD21,85,-385.9935110131653
9,CTDD21,86,-455.49981123083927
9,CTDD21,87,-465.8858817005041
9,CTDD21,88,-403.3998309837545
9,CTDD21,89,-460.88041873957224
9,CTDD21,90,-437.172168187753
9,CTDD21,91,-420.74543668305716
9,CTDD21,92,-419.9883507706202
9,CTDD21,93,-419.85537412666616
9,CTDD21,94,-450.9216861307882
9,CTDD21,95,-445.86267700050723
9,CTDD21,96,-426.5831326616265
9,CTDD21,97,-427.3578049959645
9,CTDD21,98,-430.44172844334315
9,CTDD21,99,-426.0522155624523
9,CTDD21,100,-442.77274327484446
9,CTDD21,101,-427.27828720598336
9,CTDD21,102,-413.5142466342056
9,CTDD21,103,-431.06570000485584
9,CTDD21,104,-413.1744472112851
9,CTDD21,105,-416.0386050753494
9,CTDD21,106,-403.76824541408007
9,CTDD21,107,-411.3209817365922
9,CTDD21,108,-414.6802359486694
9,CTDD21,109,-437.63541462497926
9,CTDD21,110,-450.1077316413017
9,CTDD21,111,-425.0864071585437
9,CTDD21,112,-436.5299125170981
9,CTDD21,113,-413.89687301463067
9,CTDD21,114,-445.8526717029757
9,CTDD21,115,-431.0997564836838
9,CTDD21,116,-434.04002784423403
9,CTDD21,117,-453.8727807411797
9,CTDD21,118,-416.5564854720474
9,CTDD21,119,-429.5070147811945
9,CTDD21,120,-444.84252498397495
9,CTDD21,121,-419.4137766358122
9,CTDD21,122,-431.95759481305026
9,CTDD21,123,-422.73309726900425
9,CTDD21,124,-424.3617532769938
9,CTDD21,125,-419.22362984946744
9,CTDD21,126,-435.5894799005619
9,CTDD21,127,-415.78280885629204
9,CTDD21,128,-411.04296968458914
9,CTDD21,129,-416.56947766791103
9,CTDD21,130,-404.5898630768264
9,CTDD21,131,-419.0860029891978
9,CTDD21,132,-426.47337704579525
9,CTDD21,133,-429.8464423974601
9,CTDD21,134,-409.09859558860086
9,CTDD21,135,-425.45812435020326
9,CTDD21,136,-429.05124025905343
9,CTDD21,137,-427.71588591900627
9,CTDD21,138,-419.4650688303477
9,CTDD21,139,-415.52157289284673
9,CTDD21,140,-394.99719865265627
9,CTDD21,141,-409.56781702662335
9,CTDD21,142,-432.64220626509973
9,CTDD21,143,-431.0858191672042
9,CTDD21,144,-419.16752829486325
9,CTDD21,145,-405.79676905686057
9,CTDD21,146,-421.1593617750463
9,CTDD21,147,-406.7784438489571
9,CTDD21,148,-454.2125284207606
9,CTDD21,149,-413.1121189473152
9,CTDD21,150,-424.5305274290771
9,CTDD21,151,-421.65051811896603
9,CTDD21,152,-413.90449760118645
9,CTDD21,153,-427.6679104354557
9,CTDD21,154,-439.38192054716103
9,CTDD21,155,-444.15539158714535
9,CTDD21,156,-438.73491409776716
9,CTDD21,157,-442.9774956267587
9,CTDD21,158,-428.11530688648827
9,CTDD21,159,-420.4855126893154
9,CTDD21,160,-394.90974445476985
9,CTDD21,161,-418.90768225995527
9,CTDD21,162,-440.785226922955
9,CTDD21,163,-417.09866962561796
9,CTDD21,164,-456.0092812658435
9,CTDD21,165,-454.9848091201712
9,CTDD21,166,-414.53736784917976
9,CTDD21,167,-426.014153348865
9,CTDD21,168,-428.7305128586702
9,CTDD21,169,-403.0196556348353
9,CTDD21,170,-434.6419615267195
9,CTDD21,171,-405.51121310921616
9,CTDD21,172,-428.50196529988744
9,CTDD21,173,-416.3668659752701
9,CTDD21,174,-455.6561851705309
9,CTDD21,175,-427.78627097283
9,CTDD21,176,-441.33570028243315
9,CTDD21,177,-418.5365690970436
9,CTDD21,178,-431.04420203888
9,CTDD21,179,-420.3854871452843
9,CTDD21,180,-417.33368763068245
9,CTDD21,181,-422.63451944698835
9,CTDD21,182,-443.15877030644094
9,CTDD21,183,-438.0468770570503
9,CTDD21,184,-420.12578602394274
9,CTDD21,185,-434.1132588715132
9,CTDD21,186,-437.12552277668993
9,CTDD21,187,-445.08792483045715
9,CTDD21,188,-427.09306414946263
9,CTDD21,189,-427.0219381662712
9,CTDD21,190,-421.6028947316842
9,CTDD21,191,-430.18671170023333
9,CTDD21,192,-409.21179574499604
9,CTDD21,193,-418.27854024169983
9,CTDD21,194,-396.1037120128574
9,CTDD21,195,-448.6686900788425
9,CTDD21,196,-416.4146482525132
9,CTDD21,197,-432.5909893702941
9,CTDD21,198,-436.2679273737896
9,CTDD21,199,-409.86440693479614
9,CTDD21,200,-424.67475326384346
9,CTDD21,201,-423.0726879481223
9,CTDD21,202,-398.0592804101343
9,CTDD21,203,-432.11475290668216
9,CTDD21,204,-416.42221501243665
9,CTDD21,205,-408.401176839579
9,CTDD21,206,-411.1931008431359
9,CTDD21,207,-451.3408770596559
9,CTDD21,208,-391.0340222894348
9,CTDD21,209,-426.72532185464337
9,CTDD21,210,-420.5614921414116
9,CTDD21,211,-437.54721831505407
9,CTDD21,212,-431.9916935018217
9,CTDD21,213,-438.32787527023413
9,CTDD21,214,-432.4327738174354
9,CTDD21,215,-436.5226278907007
9,CTDD21,216,-409.0182679022635
9,CTDD21,217,-399.0398826021906
9,CTDD21,218,-409.24590435880134
9,CTDD21,219,-428.5467568662337
9,CTDD21,220,-433.2294228440737
9,CTDD21,221,-434.3269287412799
9,CTDD21,222,-414.47683265496164
9,CTDD21,223,-402.9307349187874
9,CTDD21,224,-427.3631803831395
9,CTDD21,225,-410.1325804960374
9,CTDD21,226,-423.54611474619617
9,CTDD21,227,-421.74637717729587
9,CTDD21,228,-429.41231363139866
9,CTDD21,229,-418.15861273585324
9,CTDD21,230,-409.4557700579105
9,CTDD21,231,-449.90721013113244
9,CTDD21,232,-425.5963384684209
9,CTDD21,233,-427.9322739411748
9,CTDD21,234,-450.93148852483625
9,CTDD21,235,-442.65864292096666
9,CTDD21,236,-449.1359362267226
9,CTDD21,237,-416.08461392859266
9,CTDD21,238,-440.09211610356954
9,CTDD21,239,-410.1419752301684
9,CTDD21,240,-427.9097110187838
9,CTDD21,241,-421.4156456824042
9,CTDD21,242,-425.76182763106675
9,CTDD21,243,-419.0641950431051
9,CTDD21,244,-456.3818283359673
9,CTDD21,245,-386.6903609837476
9,CTDD21,246,-410.5666407688732
9,CTDD21,247,-445.4952539712759
9,CTDD21,248,-413.5253604648227
9,CTDD21,249,-409.3803854398534
9,CTDD21,250,-424.8843126868122
9,CTDD21,251,-409.11834562520755
9,CTDD21,252,-405.1701757599996
9,CTDD21,253,-433.663520965379
9,CTDD21,254,-410.9967893771145
9,CTDD21,255,-430.08780665715466
9,CTDD21,256,-421.39951421610726
9,CTDD21,257,-406.15041126473017
9,CTDD21,258,-446.6920400032387
9,CTDD21,259,-413.2794001133043
9,CTDD21,260,-435.66650959109705
9,CTDD21,261,-435.27246859133726
9,CTDD21,262,-423.82428567300974
9,CTDD21,263,-439.7446128468039
9,CTDD21,264,-428.5955542564765
9,CTDD21,265,-413.7273392511985
9,CTDD21,266,-431.14446067403804
9,CTDD21,267,-434.0724812604542
9,CTDD21,268,-445.38274046865746
9,CTDD21,269,-425.11409062116894
9,CTDD21,270,-425.35288737191655
9,CTDD21,271,-437.6356825824093
9,CTDD21,272,-411.35552578573186
9,CTDD21,273,-434.8768617782133
9,CTDD21,274,-410.99212379163293
9,CTDD21,275,-393.39578332165524
9,CTDD21,276,-419.97842452325415
9,CTDD21,277,-419.30485289918124
9,CTDD21,278,-426.19276328181684
9,CTDD21,279,-429.03089043718523
9,CTDD21,280,-404.15084253068954
9,CTDD21,281,-407.07396905533267
9,CTDD21,282,-452.0336793924256
9,CTDD21,283,-400.20254167754257
9,CTDD21,284,-462.40844373232915
9,CTDD21,285,-443.8638110386224
9,CTDD21,286,-406.99153416565196
9,CTDD21,287,-439.9705883792955
9,CTDD21,288,-441.0281330294903
9,CTDD21,289,-428.13702923194165
9,CTDD21,290,-417.3561025206644
9,CTDD21,291,-429.25370134257656
9,CTDD21,292,-407.2684394132404
9,CTDD21,293,-444.7628401672516
9,CTDD21,294,-417.34080105790326
9,CTDD21,295,-426.2065112569611
9,CTDD21,296,-422.14941035528926
9,CTDD21,297,-414.0259036886155
9,CTDD21,298,-445.5720158167625
9,CTDD21,299,-420.1011608268851
10,IF2,0,-369.4299396823658
10,IF2,1,-363.6649927299144
10,IF2,2,-362.07127907497147
10,IF2,3,-368.0878448727871
10,IF2,4,-364.2613080690262
10,IF2,5,-367.37512716301865
10,IF2,6,-364.6692375313816
10,IF2,7,-363.5511436029416
10,IF2,8,-367.0621156628197
10,IF2,9,-375.26111405343346
10,IF2,10,-370.8661516741353
10,IF2,11,-371.77001005126505
10,IF2,12,-373.48909325698753
10,IF2,13,-370.91201381103616
10,IF2,14,-370.13404938573086
10,IF2,15,-374.17937854682003
10,IF2,16,-372.1523606990206
10,IF2,17,-374.2928731954925
10,IF2,18,-365.8553459366269
10,IF2,19,-368.50670482103146
10,IF2,20,-365.1180073723912
10,IF2,21,-373.8268420056194
10,IF2,22,-371.2255966484839
10,IF2,23,-361.0794899137778
10,IF2,24,-367.5264384925096
10,IF2,25,-371.04523759722775
10,IF2,26,-362.63615396308853
10,IF2,27,-367.019572243261
10,IF2,28,-361.6323816991852
10,IF2,29,-370.0122226292594
10,IF2,30,-372.656594900467
10,IF2,31,-371.6009343345582
10,IF2,32,-361.2359413334123
10,IF2,33,-373.00195236633226
10,IF2,34,-367.12300300802076
10,IF2,35,-365.3583480102426
10,IF2,36,-373.67078055756343
10,IF2,37,-387.91707163928436
10,IF2,38,-382.22837719745655
10,IF2,39,-368.10316306221927
10,IF2,40,-366.2496719924992
10,IF2,41,-366.90262201027844
10,IF2,42,-368.4139609353861
10,IF2,43,-365.00029718404335
10,IF2,44,-367.90834546468875
10,IF2,45,-365.14816193902493
10,IF2,46,-361.4432459078024
10,IF2,47,-366.39435823806707
10,IF2,48,-365.3190115642645
10,IF2,49,-360.7538306588952
10,IF2,50,-361.5628817695258
10,IF2,51,-363.5497842844359
10,IF2,52,-363.435372325402
10,IF2,53,-362.461673884199
10,IF2,54,-362.2345764895851
10,IF2,55,-362.39574188097356
10,IF2,56,-368.4762552321819
10,IF2,57,-369.44998659419394
10,IF2,58,-371.42129069133745
10,IF2,59,-369.9447570017387
10,IF2,60,-366.1838650626634
10,IF2,61,-366.2176573556316
10,IF2,62,-365.4958192860748
10,IF2,63,-363.9557276530742
10,IF2,64,-363.50155214287764
10,IF2,65,-364.4682834279152
10,IF2,66,-360.51810522012715
10,IF2,67,-363.79290854425136
10,IF2,68,-366.849608124786
10,IF2,69,-366.94337289115873
10,IF2,70,-365.60861585256146
10,IF2,71,-363.97505104408134
10,IF2,72,-366.5592381195827
10,IF2,73,-367.9215648229647
10,IF2,74,-363.62546973113695
10,IF2,75,-364.65927484162603
10,IF2,76,-367.7409645067534
10,IF2,77,-360.68571234676836
10,IF2,78,-363.83419660214395
10,IF2,79,-367.3081421423756
10,IF2,80,-362.9119265586071
10,IF2,81,-363.3975950757235
10,IF2,82,-365.5624787295906
10,IF2,83,-360.6333874735202
10,IF2,84,-364.4069152283088
10,IF2,85,-359.84519141443224
10,IF2,86,-364.1884283425878
10,IF2,87,-366.83448214014925
10,IF2,88,-366.8085042135357
10,IF2,89,-360.93721073917095
10,IF2,90,-371.8092495247823
10,IF2,91,-368.34104267369753
10,IF2,92,-368.1219583954127
10,IF2,93,-365.9678889954037
10,IF2,94,-369.9727528762656
10,IF2,95,-370.4846038239474
10,IF2,96,-371.1588657957493
10,IF2,97,-375.4815450911164
10,IF2,98,-370.6024129445972
10,IF2,99,-365.46776465696496
10,IF2,100,-363.94530761482963
10,IF2,101,-363.48978845507855
10,IF2,102,-377.8970799833749
10,IF2,103,-376.7985843075359
10,IF2,104,-373.03697832357767
10,IF2,105,-373.12222619682314
10,IF2,106,-372.5583213727597
10,IF2,107,-369.73167028534215
10,IF2,108,-369.1280999733692
10,IF2,109,-366.2070326899118
10,IF2,110,-369.80646406901457
10,IF2,111,-371.1579622003904
10,IF2,112,-364.4340200119615
10,IF2,113,-373.5628415018931
10,IF2,114,-367.0788443794762
10,IF2,115,-362.34265084696074
10,IF2,116,-368.8924961848265
10,IF2,117,-365.1316225691981
10,IF2,118,-361.78581438570234
10,IF2,119,-369.44404606155405
10,IF2,120,-359.86950461215196
10,IF2,121,-365.29911821574973
10,IF2,122,-362.3959101933269
10,IF2,123,-365.1778146585052
10,IF2,124,-366.35250012778243
10,IF2,125,-363.23579410919774
10,IF2,126,-363.8191463515218
10,IF2,127,-363.2062159845749
10,IF2,128,-369.1676578580028
10,IF2,129,-364.91715020907753
10,IF2,130,-366.5063785138402
10,IF2,131,-363.7774964554819
10,IF2,132,-362.1278307004365
10,IF2,133,-364.67945692453003
10,IF2,134,-364.8006242900112
10,IF2,135,-370.875977410571
10,IF2,136,-368.99919104475873
10,IF2,137,-369.22028503878875
10,IF2,138,-364.6682612822134
10,IF2,139,-368.5994859024712
10,IF2,140,-368.27238541803007
10,IF2,141,-367.7052267785023
10,IF2,142,-368.6967908601314
10,IF2,143,-365.75118320314357
10,IF2,144,-367.04461162874395
10,IF2,145,-363.2092826066075
10,IF2,146,-363.6405986514571
10,IF2,147,-366.0026626839409
10,IF2,148,-361.0608698740227
10,IF2,149,-367.8589676810416
10,IF2,150,-370.06744848207217
10,IF2,151,-364.5734419607642
10,IF2,152,-361.72079885835734
10,IF2,153,-362.4103995194063
10,IF2,154,-360.8632991913663
10,IF2,155,-364.58814755607034
10,IF2,156,-364.0972180489927
10,IF2,157,-363.36374801274883
10,IF2,158,-362.4812013355121
10,IF2,159,-356.5939781698765
10,IF2,160,-366.6075496367147
10,IF2,161,-362.9005853281666
10,IF2,162,-363.36351418677896
10,IF2,163,-363.70724456457486
10,IF2,164,-364.5312242547072
10,IF2,165,-367.24112287347526
10,IF2,166,-363.916683209507
10,IF2,167,-364.2626913216895
10,IF2,168,-363.5674572303865
10,IF2,169,-368.71183023456985
10,IF2,170,-365.3409564257585
10,IF2,171,-365.4019828901299
10,IF2,172,-365.6180353827947
10,IF2,173,-364.1148553893992
10,IF2,174,-363.5823723527921
10,IF2,175,-360.14572243427006
10,IF2,176,-366.2032038081913
10,IF2,177,-363.51076992186563
10,IF2,178,-360.78528109443164
10,IF2,179,-365.04357335169135
10,IF2,180,-360.87960302908544
10,IF2,181,-367.1961904672996
10,IF2,182,-366.6328877097088
10,IF2,183,-360.8069345037244
10,IF2,184,-361.2767478969518
10,IF2,185,-364.2586535007638
10,IF2,186,-369.0850727916069
10,IF2,187,-360.22825705738114
10,IF2,188,-369.4731457285499
10,IF2,189,-368.15751507103386
10,IF2,190,-361.27596333179076
10,IF2,191,-367.2306044831411
10,IF2,192,-363.65591170174895
10,IF2,193,-361.5518751292438
10,IF2,194,-361.83777139312963
10,IF2,195,-364.603155212999
10,IF2,196,-373.15497421867326
10,IF2,197,-364.0902224989181
10,IF2,198,-363.2733542305741
10,IF2,199,-359.3531282636657
10,IF2,200,-368.3234364899955
10,IF2,201,-363.5692600638528
10,IF2,202,-364.5582755759098
10,IF2,203,-366.29392789572046
10,IF2,204,-364.22398045828464
10,IF2,205,-364.656715924477
10,IF2,206,-362.8502513673754
10,IF2,207,-366.57018385470116
10,IF2,208,-368.0972449909988
10,IF2,209,-367.60173004203205
10,IF2,210,-367.58149664533
10,IF2,211,-362.84214253892833
10,IF2,212,-372.49805021724706
10,IF2,213,-365.1023867597136
10,IF2,214,-364.1454290000847
10,IF2,215,-364.4496981711568
10,IF2,216,-364.8600269254237
10,IF2,217,-367.50982205762915
10,IF2,218,-366.41675903522594
10,IF2,219,-368.6210012108003
10,IF2,220,-364.4912165745312
10,IF2,221,-364.01118307493056
10,IF2,222,-366.9635771745902
10,IF2,223,-364.56527719371235
10,IF2,224,-363.6990635734973
10,IF2,225,-367.85748317326534
10,IF2,226,-364.2729870914725
10,IF2,227,-364.3793251719902
10,IF2,228,-367.0070860556022
10,IF2,229,-365.02837231780353
10,IF2,230,-359.8326339707898
10,IF2,231,-364.94514028457894
10,IF2,232,-361.0258905512754
10,IF2,233,-367.2456453038461
10,IF2,234,-361.684190512135
10,IF2,235,-359.3418788584524
10,IF2,236,-364.0702176009524
10,IF2,237,-361.7559899577949
10,IF2,238,-366.8129549758157
10,IF2,239,-366.02834906921674
10,IF2,240,-365.69921040570665
10,IF2,241,-362.06229728650175
10,IF2,242,-362.71455773299584
10,IF2,243,-358.4578694170598
10,IF2,244,-371.58816492885575
10,IF2,245,-364.1258225478133
10,IF2,246,-365.5945677447704
10,IF2,247,-365.4667321078692
10,IF2,248,-365.0555033645008
10,IF2,249,-359.5733583675143
10,IF2,250,-362.7452410215659
10,IF2,251,-366.6070071740581
10,IF2,252,-359.1094754664505
10,IF2,253,-367.4561564323828
10,IF2,254,-368.76868295232157
10,IF2,255,-362.67248830372375
10,IF2,256,-365.53628426684907
10,IF2,257,-363.4378109982595
10,IF2,258,-362.29919727876114
10,IF2,259,-363.88036739415014
10,IF2,260,-363.4553860130663
10,IF2,261,-368.392513432003
10,IF2,262,-364.22366248949515
10,IF2,263,-366.1995956641556
10,IF2,264,-361.90267306159967
10,IF2,265,-362.4007425675659
10,IF2,266,-363.34338227813794
10,IF2,267,-370.45692101704816
10,IF2,268,-362.94541395155755
10,IF2,269,-363.8005971997365
10,IF2,270,-364.80419698628964
10,IF2,271,-369.81618741953923
10,IF2,272,-363.09963400871334
10,IF2,273,-369.1315838067364
10,IF2,274,-365.6291571675655
10,IF2,275,-362.8225775353211
10,IF2,276,-364.44613848317135
10,IF2,277,-362.55180775076644
10,IF2,278,-362.45493974789304
10,IF2,279,-363.25180209895893
10,IF2,280,-362.40236226431733
10,IF2,281,-366.01736460358757
10,IF2,282,-361.3171940295941
10,IF2,283,-365.7825861815491
10,IF2,284,-364.9277014632638
10,IF2,285,-363.03522804567683
10,IF2,286,-368.5465758784241
10,IF2,287,-365.93088804582084
10,IF2,288,-363.7392487809331
10,IF2,289,-363.6812111031673
10,IF2,290,-364.36013964936114
10,IF2,291,-362.55040876968013
10,IF2,292,-363.40731224258724
10,IF2,293,-369.13806706758777
10,IF2,294,-366.42248015167655
10,IF2,295,-361.0598348420196
10,IF2,296,-359.7540572097937
10,IF2,297,-366.1000894962456
10,IF2,298,-364.78893935000207
10,IF2,299,-362.5292177119898
10,IF2,300,-368.25881684205916
10,IF2,301,-362.06662970536223
10,IF2,302,-362.2642668598058
10,IF2,303,-366.5668622366409
10,IF2,304,-367.3846658627167
10,IF2,305,-363.74474357278626
10,IF2,306,-365.8740170216645
10,IF2,307,-369.0612081601596
10,IF2,308,-361.18006118176726
10,IF2,309,-363.0226859369387
10,IF2,310,-361.0515538844109
10,IF2,311,-362.52749947308274
10,IF2,312,-364.75025331407426
10,IF2,313,-369.0872062393399
10,IF2,314,-364.9997554085181
10,IF2,315,-367.9378400393272
10,IF2,316,-362.45712226077904
10,IF2,317,-365.9533026643358
10,IF2,318,-364.6610434218773
10,IF2,319,-367.459890863354
10,IF2,320,-366.78858539828394
10,IF2,321,-366.5784465630113
10,IF2,322,-365.7327102756672
10,IF2,323,-366.1894940152784
10,IF2,324,-361.11754616201614
10,IF2,325,-365.4660954451558
10,IF2,326,-364.611935422384
10,IF2,327,-364.2542183767463
10,IF2,328,-362.53657482330294
10,IF2,329,-364.41533556108976
10,IF2,330,-363.75373252778763
10,IF2,331,-365.58178144987744
10,IF2,332,-360.9797998082904
10,IF2,333,-364.68380871426376
10,IF2,334,-361.23206012230855
10,IF2,335,-365.24794887739006
10,IF2,336,-368.6360439697201
10,IF2,337,-363.7098267295152
10,IF2,338,-369.77487229968864
10,IF2,339,-364.06499877118523
10,IF2,340,-363.8558878518804
10,IF2,341,-362.96544246635597
10,IF2,342,-361.17841230659326
10,IF2,343,-363.6498029450856
10,IF2,344,-366.53980524797254
10,IF2,345,-365.4958295437396
10,IF2,346,-361.7299665815438
10,IF2,347,-363.7523241857691
10,IF2,348,-362.697629444214
10,IF2,349,-366.92671727644677
10,IF2,350,-364.1645005107676
10,IF2,351,-361.9558590952693
10,IF2,352,-362.2924943420627
10,IF2,353,-365.93538077636236
10,IF2,354,-363.5309005083224
10,IF2,355,-361.0302772458941
10,IF2,356,-365.07752034540135
10,IF2,357,-366.5754806601635
10,IF2,358,-362.9421135771884
10,IF2,359,-360.8308046388639
10,IF2,360,-362.12864937936035
10,IF2,361,-362.58063856091576
10,IF2,362,-367.313220388788
10,IF2,363,-366.98199870036484
10,IF2,364,-362.8983571267174
10,IF2,365,-362.41950067097594
10,IF2,366,-364.49855921099817
10,IF2,367,-364.8465623421245
10,IF2,368,-363.1833962923026
10,IF2,369,-361.29039588247434
10,IF2,370,-364.476842279604
10,IF2,371,-369.8138917018786
10,IF2,372,-365.835022896278
10,IF2,373,-367.86674853420095
10,IF2,374,-363.7292379954024
10,IF2,375,-365.34254161406596
10,IF2,376,-363.3906736435696
10,IF2,377,-363.3835680052759
10,IF2,378,-362.42590689973485
10,IF2,379,-364.4727343172481
10,IF2,380,-366.4491511184332
10,IF2,381,-367.45028331240184
10,IF2,382,-359.7961860420002
10,IF2,383,-365.35963993514275
10,IF2,384,-363.91890772321995
10,IF2,385,-363.3343772023494
10,IF2,386,-365.345266447734
10,IF2,387,-365.8935048602899
10,IF2,388,-362.71822774682045
10,IF2,389,-367.1660270131025
10,IF2,390,-364.92951495971033
10,IF2,391,-364.01719216008155
10,IF2,392,-365.438468298992
10,IF2,393,-368.0781097502272
10,IF2,394,-364.93906857415055
10,IF2,395,-361.41409532003775
10,IF2,396,-361.87552780613146
10,IF2,397,-362.3939445485371
10,IF2,398,-360.8370835480967
10,IF2,399,-366.17803436502373
10,IF2,400,-367.320954048867
10,IF2,401,-362.2238552879669
10,IF2,402,-365.40780565161157
10,IF2,403,-365.2580710801574
10,IF2,404,-363.2570012316924
10,IF2,405,-370.09943492126365
10,IF2,406,-366.25889984326034
10,IF2,407,-365.3587570626819
10,IF2,408,-365.3900107079964
10,IF2,409,-362.9930886968848
10,IF2,410,-366.4725452133577
10,IF2,411,-364.8848231697409
10,IF2,412,-362.9952715967026
10,IF2,413,-367.4570991702195
10,IF2,414,-360.01407084644524
10,IF2,415,-365.51729049932356
10,IF2,416,-362.1113511456559
10,IF2,417,-363.875388405713
10,IF2,418,-373.23814272428115
10,IF2,419,-365.189942823587
10,IF2,420,-365.35956950583216
10,IF2,421,-364.25125305100624
10,IF2,422,-367.5812738891525
10,IF2,423,-361.05622451387535
10,IF2,424,-370.0923605138557
10,IF2,425,-367.1235078629514
10,IF2,426,-364.0561611679543
10,IF2,427,-366.6158186511222
10,IF2,428,-368.2442467829236
10,IF2,429,-371.8307542023506
10,IF2,430,-365.59814363236177
10,IF2,431,-360.6349956483532
10,IF2,432,-369.2994159807304
10,IF2,433,-362.65085336153044
10,IF2,434,-364.6781756068788
10,IF2,435,-369.28347371241875
10,IF2,436,-371.04137768581495
10,IF2,437,-364.1285626789585
10,IF2,438,-367.29038053466485
10,IF2,439,-363.3992878731502
10,IF2,440,-362.8942584062338
10,IF2,441,-367.10935667262635
10,IF2,442,-363.5638349500124
10,IF2,443,-367.2824516802046
10,IF2,444,-369.24824559966714
10,IF2,445,-366.7319468015519
10,IF2,446,-361.6520657569874
10,IF2,447,-363.8350287519516
10,IF2,448,-364.00357499706786
10,IF2,449,-361.9715424965434
10,IF2,450,-365.6877517267691
10,IF2,451,-362.7183606863625
10,IF2,452,-366.3943677627768
10,IF2,453,-362.99959720915757
10,IF2,454,-363.5923414594798
10,IF2,455,-361.77674015032926
10,IF2,456,-364.43657627387364
10,IF2,457,-364.3501034191826
10,IF2,458,-363.11360887927117
10,IF2,459,-362.22513508402176
10,IF2,460,-361.769853813567
10,IF2,461,-365.59209839464967
10,IF2,462,-362.3335931388298
10,IF2,463,-366.29478630998614
10,IF2,464,-362.31330037467535
10,IF2,465,-366.2939498282508
10,IF2,466,-365.2902423540579
10,IF2,467,-364.60466071929415
10,IF2,468,-364.66899075732294
10,IF2,469,-365.8077240972278
10,IF2,470,-361.3829263426926
10,IF2,471,-361.9905893906451
10,IF2,472,-364.124665697361
10,IF2,473,-362.3037566512715
10,IF2,474,-362.38002601938166
10,IF2,475,-364.2771853727542
10,IF2,476,-365.77551352051177
10,IF2,477,-366.8038395067393
10,IF2,478,-364.5130951137138
10,IF2,479,-364.0176911505516
10,IF2,480,-364.45520863977174
10,IF2,481,-363.8412144752517
10,IF2,482,-363.2069028351927
10,IF2,483,-366.1316880987402
10,IF2,484,-370.12293480121104
10,IF2,485,-371.93356598651326
10,IF2,486,-374.53851621998854
10,IF2,487,-363.1422708824493
10,IF2,488,-363.62953732312997
10,IF2,489,-361.04177594307697
10,IF2,490,-370.92924760213333
10,IF2,491,-364.89410025419136
10,IF2,492,-364.858877775252
10,IF2,493,-370.05739913033625
10,IF2,494,-367.7541486028852
10,IF2,495,-365.65579271794206
10,IF2,496,-365.37664080654804
10,IF2,497,-361.0120770343407
10,IF2,498,-369.6733290572457
10,IF2,499,-363.6670421918327
10,IF2,500,-362.531287365137
10,IF2,501,-362.2068328873931
10,IF2,502,-362.17251394519565
10,IF2,503,-366.37447214734783
10,IF2,504,-364.1006656751166
10,IF2,505,-365.5389801795753
10,IF2,506,-370.12429278091497
10,IF2,507,-358.7298083827103
10,IF2,508,-363.0208297624204
10,IF2,509,-364.89566080627037
10,IF2,510,-369.0388442800101
10,IF2,511,-363.1745890771434
10,IF2,512,-363.4285321719505
10,IF2,513,-365.63122067329505
10,IF2,514,-364.4843411658886
10,IF2,515,-367.23973314969203
10,IF2,516,-362.97250235201454
10,IF2,517,-364.82440883319083
10,IF2,518,-372.052958715948
10,IF2,519,-370.30810990946134
10,IF2,520,-369.81626429318
10,IF2,521,-366.69036252580594
10,IF2,522,-362.1199440414814
10,IF2,523,-365.3276733111407
10,IF2,524,-363.01437216406447
10,IF2,525,-364.0994046167974
10,IF2,526,-367.18509210756315
10,IF2,527,-363.7027145378039
10,IF2,528,-360.5578966558146
10,IF2,529,-362.6745175791179
10,IF2,530,-367.12071920143336
10,IF2,531,-367.5762002307111
10,IF2,532,-363.3309273518033
10,IF2,533,-366.6090085260243
10,IF2,534,-365.5623040818875
10,IF2,535,-361.24510204666615
10,IF2,536,-362.0825781980215
10,IF2,537,-364.299585209532
10,IF2,538,-362.6831510776348
10,IF2,539,-366.7503456353207
10,IF2,540,-363.218595933808
10,IF2,541,-367.5718808391952
10,IF2,542,-364.4098839766111
10,IF2,543,-364.0297371557942
10,IF2,544,-366.61234928431344
10,IF2,545,-367.84585818067654
10,IF2,546,-363.4739126298883
10,IF2,547,-363.5096434676361
10,IF2,548,-366.4991426404783
10,IF2,549,-365.6938031928623
10,IF2,550,-360.6366853941278
10,IF2,551,-363.30627805032196
10,IF2,552,-366.9848575487247
10,IF2,553,-365.32979929062606
10,IF2,554,-364.5839274966707
10,IF2,555,-360.9588046710574
10,IF2,556,-364.5321341715521
10,IF2,557,-364.3162785750802
10,IF2,558,-368.1153163528485
10,IF2,559,-363.45908505118587
10,IF2,560,-363.87982618922166
10,IF2,561,-362.69282680771784
10,IF2,562,-366.19388521012405
10,IF2,563,-368.32254775081464
10,IF2,564,-369.3906209046317
10,IF2,565,-368.8386330748137
10,IF2,566,-361.95758468653656
10,IF2,567,-364.16007370021885
10,IF2,568,-362.0948419983344
10,IF2,569,-369.0275899092684
10,IF2,570,-363.9267223542349
10,IF2,571,-370.25377149370814
10,IF2,572,-364.3912358049586
10,IF2,573,-368.1899103795123
10,IF2,574,-363.05293594813645
10,IF2,575,-363.65833982770243
10,IF2,576,-362.71019406861626
10,IF2,577,-361.43056825005095
10,IF2,578,-361.05442773852974
10,IF2,579,-370.0304940871304
10,IF2,580,-368.4348682152421
10,IF2,581,-363.94656958967596
10,IF2,582,-365.071345119005
10,IF2,583,-365.7303489234699
10,IF2,584,-363.78790969088135
10,IF2,585,-363.28645725252767
10,IF2,586,-363.1465008234774
10,IF2,587,-365.6565743998338
10,IF2,588,-364.7892182033184
10,IF2,589,-364.5355448990515
10,IF2,590,-364.84372722516633
10,IF2,591,-363.1794405922997
10,IF2,592,-362.47303014190834
10,IF2,593,-369.69008979877583
10,IF2,594,-363.22542286713417
10,IF2,595,-369.3496084255999
10,IF2,596,-364.32578721915246
10,IF2,597,-365.5183643722549
10,IF2,598,-365.3120924630948
10,IF2,599,-364.53852958836814
10,IFAD,0,-386.0216815350579
10,IFAD,1,-372.8469017508439
10,IFAD,2,-370.4385929615451
10,IFAD,3,-365.6974452867096
10,IFAD,4,-375.2944642851668
10,IFAD,5,-371.8813533618327
10,IFAD,6,-369.4866675113846
10,IFAD,7,-363.66541084993304
10,IFAD,8,-369.8050721615654
10,IFAD,9,-362.8762648069096
10,IFAD,10,-366.84688795992923
10,IFAD,11,-376.17419726487
10,IFAD,12,-367.6173784872881
10,IFAD,13,-361.4201032200143
10,IFAD,14,-363.9834204307693
10,IFAD,15,-364.52190466501196
10,IFAD,16,-369.9811023694946
10,IFAD,17,-369.46885838830354
10,IFAD,18,-364.07983428704745
10,IFAD,19,-361.09904752463234
10,IFAD,20,-365.79994302001097
10,IFAD,21,-360.5734041858925
10,IFAD,22,-368.02772116227743
10,IFAD,23,-368.2684167705391
10,IFAD,24,-363.7758849063637
10,IFAD,25,-371.2911112145752
10,IFAD,26,-372.93218825806144
10,IFAD,27,-366.48757595542804
10,IFAD,28,-373.449372577957
10,IFAD,29,-377.9739794009961
10,IFAD,30,-365.4496952852037
10,IFAD,31,-366.8448364959763
10,IFAD,32,-376.312617084451
10,IFAD,33,-366.75251084368364
10,IFAD,34,-364.2363076924622
10,IFAD,35,-363.8997503788614
10,IFAD,36,-365.08330463193124
10,IFAD,37,-362.3439481942446
10,IFAD,38,-367.82645377365964
10,IFAD,39,-364.97998219235774
10,IFAD,40,-365.16771166568475
10,IFAD,41,-363.95165528536813
10,IFAD,42,-379.76933970799604
10,IFAD,43,-367.27923830624536
10,IFAD,44,-367.24804441277496
10,IFAD,45,-370.6781981597014
10,IFAD,46,-384.0164855096862
10,IFAD,47,-375.4260397327637
10,IFAD,48,-364.55644636806335
10,IFAD,49,-365.4519871051675
10,IFAD,50,-361.5908747797838
10,IFAD,51,-365.74360023322134
10,IFAD,52,-363.87040464541826
10,IFAD,53,-367.76265078907795
10,IFAD,54,-364.1512351999049
10,IFAD,55,-363.15294272406976
10,IFAD,56,-370.26209302681684
10,IFAD,57,-370.9169211836542
10,IFAD,58,-361.8137369763968
10,IFAD,59,-366.3466998834163
10,IFAD,60,-359.0685477264108
10,IFAD,61,-362.32181847434407
10,IFAD,62,-368.96026228552637
10,IFAD,63,-361.5930050795079
10,IFAD,64,-362.31466474914606
10,IFAD,65,-366.9163820163581
10,IFAD,66,-363.23015382511574
10,IFAD,67,-366.2983489438762
10,IFAD,68,-360.16969682205826
10,IFAD,69,-367.40276076492415
10,IFAD,70,-366.23361537591074
10,IFAD,71,-365.6803953341963
10,IFAD,72,-365.3907006223577
10,IFAD,73,-365.12070290090446
10,IFAD,74,-364.5578756995227
10,IFAD,75,-369.63809535352596
10,IFAD,76,-366.37714695028427
10,IFAD,77,-364.25852520369114
10,IFAD,78,-373.1761716716432
10,IFAD,79,-367.4609783532343
10,IFAD,80,-374.77142835054525
10,IFAD,81,-363.4461829109045
10,IFAD,82,-363.8889484247511
10,IFAD,83,-365.23850318022545
10,IFAD,84,-361.4843135346376
10,IFAD,85,-367.88180389406085
10,IFAD,86,-366.15679486198667
10,IFAD,87,-367.2084768916595
10,IFAD,88,-359.9831133786317
10,IFAD,89,-366.38087680021414
10,IFAD,90,-364.24196293765056
10,IFAD,91,-360.04772899753095
10,IFAD,92,-364.46975774251524
10,IFAD,93,-372.01820908595
10,IFAD,94,-365.55933034420445
10,IFAD,95,-368.19128668891057
10,IFAD,96,-369.9500682127603
10,IFAD,97,-366.8583686417004
10,IFAD,98,-366.0301169018198
10,IFAD,99,-366.2099231565946
10,IFAD,100,-369.38416504248954
10,IFAD,101,-372.17444555801956
10,IFAD,102,-363.86364785777124
10,IFAD,103,-367.2763966144489
10,IFAD,104,-363.0752690632046
10,IFAD,105,-369.6380968873336
10,IFAD,106,-366.3317850688237
10,IFAD,107,-370.4153494624279
10,IFAD,108,-363.06238054222973
10,IFAD,109,-360.15731018183465
10,IFAD,110,-368.19582913075084
10,IFAD,111,-362.4268611555094
10,IFAD,112,-367.1261508491204
10,IFAD,113,-363.4497049755685
10,IFAD,114,-365.9436648212835
10,IFAD,115,-365.5699997373722
10,IFAD,116,-364.64039430290603
10,IFAD,117,-361.0433424030684
10,IFAD,118,-362.8970187861075
10,IFAD,119,-360.30309031208463
10,IFAD,120,-363.93894394870273
10,IFAD,121,-363.32272198776485
10,IFAD,122,-363.7702561291653
10,IFAD,123,-367.48765895216724
10,IFAD,124,-368.40354664405515
10,IFAD,125,-366.6637756133789
10,IFAD,126,-365.7321979387683
10,IFAD,127,-360.1019574869859
10,IFAD,128,-363.03847612609894
10,IFAD,129,-364.65881847339034
10,IFAD,130,-362.73072365444375
10,IFAD,131,-361.02321741945957
10,IFAD,132,-363.4534061350467
10,IFAD,133,-369.2924948393945
10,IFAD,134,-361.2554162015859
10,IFAD,135,-362.9194754817133
10,IFAD,136,-365.4382703531967
10,IFAD,137,-361.8437113984424
10,IFAD,138,-358.4115592123904
10,IFAD,139,-360.2935536183425
10,IFAD,140,-365.58327053959783
10,IFAD,141,-364.022158677468
10,IFAD,142,-366.33155532480953
10,IFAD,143,-362.139408707851
10,IFAD,144,-363.85722361675505
10,IFAD,145,-359.1102250338744
10,IFAD,146,-364.12630423961025
10,IFAD,147,-366.30572409309707
10,IFAD,148,-364.2269876252733
10,IFAD,149,-362.60659342876954
10,IFAD,150,-362.57336300056215
10,IFAD,151,-359.9948443747489
10,IFAD,152,-362.5948123667131
10,IFAD,153,-359.51772563063633
10,IFAD,154,-360.3040834012511
10,IFAD,155,-360.60362240856585
10,IFAD,156,-362.5568036252653
10,IFAD,157,-362.3588016712027
10,IFAD,158,-367.498845462856
10,IFAD,159,-369.5319215731713
10,IFAD,160,-362.0129628444847
10,IFAD,161,-359.6313756885033
10,IFAD,162,-364.8546020923591
10,IFAD,163,-361.2078229727459
10,IFAD,164,-362.5430347315871
10,IFAD,165,-356.9989350750185
10,IFAD,166,-362.27958865925285
10,IFAD,167,-370.4522618226931
10,IFAD,168,-364.07080312129693
10,IFAD,169,-363.9284411099306
10,IFAD,170,-365.33658312357034
10,IFAD,171,-363.8275556391275
10,IFAD,172,-365.63980899903794
10,IFAD,173,-364.3731107088634
10,IFAD,174,-362.1920602231854
10,IFAD,175,-368.9931697729953
10,IFAD,176,-363.0993976255132
10,IFAD,177,-368.9664447617913
10,IFAD,178,-358.12402009578415
10,IFAD,179,-359.1064646272745
10,IFAD,180,-365.9913474754479
10,IFAD,181,-363.22109105535066
10,IFAD,182,-360.4210526238262
10,IFAD,183,-365.07072893529005
10,IFAD,184,-364.9853739959344
10,IFAD,185,-363.1463624867048
10,IFAD,186,-363.47611123955573
10,IFAD,187,-364.51807795759726
10,IFAD,188,-364.7022638868325
10,IFAD,189,-362.2928385145638
10,IFAD,190,-363.43328656765203
10,IFAD,191,-365.22802898215093
10,IFAD,192,-363.95661816643764
10,IFAD,193,-361.91488775016757
10,IFAD,194,-363.4706939388651
10,IFAD,195,-366.3353980552036
10,IFAD,196,-364.4032133216572
10,IFAD,197,-362.8636775742402
10,IFAD,198,-365.16639750197334
10,IFAD,199,-366.7309956429587
10,IFAD,200,-362.25163861544644
10,IFAD,201,-363.1425426351828
10,IFAD,202,-367.5124290974098
10,IFAD,203,-360.9043413477281
10,IFAD,204,-362.7818710710956
10,IFAD,205,-367.40564132055096
10,IFAD,206,-361.8994000075668
10,IFAD,207,-365.98310062273043
10,IFAD,208,-359.3154684757149
10,IFAD,209,-362.6952100245735
10,IFAD,210,-360.93185638199475
10,IFAD,211,-361.6322266601431
10,IFAD,212,-361.3259070160475
10,IFAD,213,-362.89730883108234
10,IFAD,214,-360.380473684107
10,IFAD,215,-362.88933234867574
10,IFAD,216,-362.76280554087157
10,IFAD,217,-364.82639508955543
10,IFAD,218,-366.42172582846837
10,IFAD,219,-362.49605773978715
10,IFAD,220,-367.99472131874495
10,IFAD,221,-360.86438734386223
10,IFAD,222,-358.9646622142875
10,IFAD,223,-361.2204693272222
10,IFAD,224,-362.21717437700966
10,IFAD,225,-366.1434602710175
10,IFAD,226,-358.2421714841531
10,IFAD,227,-359.9300571926665
10,IFAD,228,-360.30516519634864
10,IFAD,229,-365.627825804466
10,IFAD,230,-361.00474291068315
10,IFAD,231,-364.75816990514465
10,IFAD,232,-368.726562131839
10,IFAD,233,-363.11423176827736
10,IFAD,234,-362.0631488161926
10,IFAD,235,-361.8112228914931
10,IFAD,236,-362.81094875121636
10,IFAD,237,-364.5432906104649
10,IFAD,238,-361.6510604387252
10,IFAD,239,-365.7608779546848
10,IFAD,240,-364.0279805927271
10,IFAD,241,-367.07265349000204
10,IFAD,242,-362.3659840136634
10,IFAD,243,-362.58240899067744
10,IFAD,244,-367.88502151540445
10,IFAD,245,-365.7113753222026
10,IFAD,246,-364.576150824414
10,IFAD,247,-365.3144971245924
10,IFAD,248,-363.13805995175386
10,IFAD,249,-363.9355101451285
10,IFAD,250,-368.4063715116233
10,IFAD,251,-362.1644380432722
10,IFAD,252,-366.85687859013655
10,IFAD,253,-362.7322076326628
10,IFAD,254,-364.4686638973779
10,IFAD,255,-361.67293068968877
10,IFAD,256,-361.27869906367516
10,IFAD,257,-365.5482580000093
10,IFAD,258,-368.7294653645088
10,IFAD,259,-360.34766428967686
10,IFAD,260,-367.95664666254237
10,IFAD,261,-360.36076273687667
10,IFAD,262,-361.06961451382506
10,IFAD,263,-366.5644721670446
10,IFAD,264,-360.75407806441274
10,IFAD,265,-362.0742760577817
10,IFAD,266,-360.08519937883955
10,IFAD,267,-365.89988242560344
10,IFAD,268,-364.2259331138229
10,IFAD,269,-362.2796154689812
10,IFAD,270,-362.325724457969
10,IFAD,271,-366.4932459736541
10,IFAD,272,-360.96150920563184
10,IFAD,273,-365.0216681287892
10,IFAD,274,-361.96106435026775
10,IFAD,275,-365.9271648123166
10,IFAD,276,-363.4148992153056
10,IFAD,277,-360.45168752642945
10,IFAD,278,-367.01029878288483
10,IFAD,279,-361.19477406286956
10,IFAD,280,-360.76901511896517
10,IFAD,281,-360.46826486071507
10,IFAD,282,-363.6309823399413
10,IFAD,283,-363.445515790093
10,IFAD,284,-362.2828906746599
10,IFAD,285,-361.5639568866542
10,IFAD,286,-360.8840632626128
10,IFAD,287,-364.90782402086893
10,IFAD,288,-358.54264631466935
10,IFAD,289,-363.51349172502313
10,IFAD,290,-361.42701534650496
10,IFAD,291,-367.1967785600133
10,IFAD,292,-368.1333814281963
10,IFAD,293,-364.0173539103894
10,IFAD,294,-366.647810732958
10,IFAD,295,-360.1349843489334
10,IFAD,296,-367.6403536785863
10,IFAD,297,-361.75523390748475
10,IFAD,298,-361.64334983814103
10,IFAD,299,-366.4980125571522
10,IFAD,300,-360.40495081497346
10,IFAD,301,-360.6854813231007
10,IFAD,302,-362.6244372776501
10,IFAD,303,-366.8158667287731
10,IFAD,304,-364.5103907762296
10,IFAD,305,-361.8732027469958
10,IFAD,306,-360.6461112663347
10,IFAD,307,-362.8137156312831
10,IFAD,308,-361.0050833625475
10,IFAD,309,-366.72186026923976
10,IFAD,310,-364.6440054071847
10,IFAD,311,-362.22759924244593
10,IFAD,312,-363.8513236257448
10,IFAD,313,-365.3333026197936
10,IFAD,314,-364.5338899209875
10,IFAD,315,-363.75895628116814
10,IFAD,316,-364.7390074321591
10,IFAD,317,-365.1910266123687
10,IFAD,318,-366.9208185400699
10,IFAD,319,-367.7879061042487
10,IFAD,320,-368.6892353674931
10,IFAD,321,-363.635946940034
10,IFAD,322,-361.04311178302993
10,IFAD,323,-366.64342843050594
10,IFAD,324,-357.9531534491345
10,IFAD,325,-365.4677588232797
10,IFAD,326,-365.19982442039964
10,IFAD,327,-360.98024643230957
10,IFAD,328,-359.9654385866875
10,IFAD,329,-363.9916285177138
10,IFAD,330,-364.84258003834
10,IFAD,331,-365.2233907974535
10,IFAD,332,-361.85022675312297
10,IFAD,333,-362.7637786021889
10,IFAD,334,-367.85353550900004
10,IFAD,335,-366.6445088849163
10,IFAD,336,-363.72206864062525
10,IFAD,337,-360.9755597451541
10,IFAD,338,-361.98780914977647
10,IFAD,339,-363.4370149204803
10,IFAD,340,-364.39026274126167
10,IFAD,341,-371.5486877372333
10,IFAD,342,-364.717999862397
10,IFAD,343,-360.090388266278
10,IFAD,344,-361.1442659069733
10,IFAD,345,-363.3417688559323
10,IFAD,346,-362.3830296749668
10,IFAD,347,-362.47521064535647
10,IFAD,348,-368.29613730230176
10,IFAD,349,-365.2608396946748
10,IFAD,350,-361.8226021133572
10,IFAD,351,-365.4285116850801
10,IFAD,352,-361.01072908695437
10,IFAD,353,-364.31101684189144
10,IFAD,354,-361.52121775036716
10,IFAD,355,-362.70952358012676
10,IFAD,356,-359.6059751106706
10,IFAD,357,-364.091394910037
10,IFAD,358,-367.22315027912754
10,IFAD,359,-364.7641592284603
10,IFAD,360,-360.96377131405166
10,IFAD,361,-364.69287051035593
10,IFAD,362,-363.5283174794104
10,IFAD,363,-358.6486061799759
10,IFAD,364,-363.85348310683275
10,IFAD,365,-360.32225160046227
10,IFAD,366,-359.33636903149784
10,IFAD,367,-364.0553350548607
10,IFAD,368,-362.11790081853667
10,IFAD,369,-362.6859309721571
10,IFAD,370,-362.13793653545264
10,IFAD,371,-359.6892030178205
10,IFAD,372,-361.42997176871967
10,IFAD,373,-364.9543261754841
10,IFAD,374,-362.01332102595927
10,IFAD,375,-361.46536834234337
10,IFAD,376,-360.96701111887535
10,IFAD,377,-357.8931220495361
10,IFAD,378,-363.6128605419985
10,IFAD,379,-367.0827082939825
10,IFAD,380,-362.93986349215277
10,IFAD,381,-364.1568966040973
10,IFAD,382,-366.9266232826154
10,IFAD,383,-367.2932877199732
10,IFAD,384,-361.45229122145486
10,IFAD,385,-362.50032574269284
10,IFAD,386,-364.8278711474476
10,IFAD,387,-364.5473535558545
10,IFAD,388,-366.52244258488867
10,IFAD,389,-361.51829749577684
10,IFAD,390,-361.78426050938185
10,IFAD,391,-358.48849119665226
10,IFAD,392,-359.51370160662935
10,IFAD,393,-362.5601968424094
10,IFAD,394,-360.4073725842328
10,IFAD,395,-362.2075817401406
10,IFAD,396,-359.4230488165282
10,IFAD,397,-362.56076445450555
10,IFAD,398,-362.78658100819115
10,IFAD,399,-367.4300501849388
10,DS19,0,-411.7175565420362
10,DS19,1,-397.57752982091256
10,DS19,2,-398.5794860632158
10,DS19,3,-387.4400752935157
10,DS19,4,-392.3076537956757
10,DS19,5,-378.3583258287806
10,DS19,6,-397.1637898424911
10,DS19,7,-393.6063055338261
10,DS19,8,-390.4687955294428
10,DS19,9,-389.97574178046705
10,DS19,10,-396.3762604529338
10,DS19,11,-386.95883057994484
10,DS19,12,-395.44422821066587
10,DS19,13,-388.1895333696141
10,DS19,14,-388.52406175386466
10,DS19,15,-379.2111233354978
10,DS19,16,-384.60624108728695
10,DS19,17,-385.94863889067597
10,DS19,18,-380.8274293571736
10,DS19,19,-386.3874320982729
10,DS19,20,-382.56282442581403
10,DS19,21,-385.4678834860871
10,DS19,22,-388.8571662808646
10,DS19,23,-371.40583624717726
10,DS19,24,-377.7419788235495
10,DS19,25,-385.0099944800814
10,DS19,26,-385.2430499989044
10,DS19,27,-385.8857218385905
10,DS19,28,-375.0470637957859
10,DS19,29,-388.48974802176144
10,DS19,30,-375.9881867544935
10,DS19,31,-388.16385340339036
10,DS19,32,-381.0488955119455
10,DS19,33,-386.0479154545369
10,DS19,34,-373.88231453817815
10,DS19,35,-387.24892650562083
10,DS19,36,-371.17280888672786
10,DS19,37,-376.1878408555066
10,DS19,38,-378.52857862736664
10,DS19,39,-377.9759825499036
10,DS19,40,-390.44884981280086
10,DS19,41,-376.7631612911264
10,DS19,42,-391.4706941070749
10,DS19,43,-369.7644704955707
10,DS19,44,-380.17326945687654
10,DS19,45,-381.5485734828786
10,DS19,46,-378.72937222893006
10,DS19,47,-376.3871010029411
10,DS19,48,-372.36893013123165
10,DS19,49,-385.91856569810165
10,DS19,50,-363.3602026880956
10,DS19,51,-373.994161594843
10,DS19,52,-383.988966758926
10,DS19,53,-377.22066889296855
10,DS19,54,-376.89005431048065
10,DS19,55,-374.32422241738993
10,DS19,56,-383.6695202225165
10,DS19,57,-378.33178720218655
10,DS19,58,-381.0100103265214
10,DS19,59,-371.8739483160946
10,DS19,60,-383.083711723091
10,DS19,61,-387.93654588493274
10,DS19,62,-377.204809147353
10,DS19,63,-368.7973235291479
10,DS19,64,-374.21704007206307
10,DS19,65,-387.4557844881959
10,DS19,66,-380.18867457779277
10,DS19,67,-377.07169380325973
10,DS19,68,-365.8239335961199
10,DS19,69,-379.39126324558123
10,DS19,70,-392.7111465103941
10,DS19,71,-365.6598835227678
10,DS19,72,-378.326595174638
10,DS19,73,-383.8665482101364
10,DS19,74,-372.7277519552006
10,DS19,75,-376.61242332605076
10,DS19,76,-378.83911163414297
10,DS19,77,-366.6283583710527
10,DS19,78,-380.75554681134315
10,DS19,79,-380.67247433965724
10,DS19,80,-376.58206308772634
10,DS19,81,-376.96062753334036
10,DS19,82,-368.9667024506307
10,DS19,83,-377.73290302962414
10,DS19,84,-381.5728250929385
10,DS19,85,-379.837489823023
10,DS19,86,-386.2606862248899
10,DS19,87,-377.63151588260746
10,DS19,88,-375.96461239469176
10,DS19,89,-375.2341131663799
10,DS19,90,-376.0441635591548
10,DS19,91,-391.1723695507998
10,DS19,92,-376.34785362862743
10,DS19,93,-395.0150071378725
10,DS19,94,-374.35249222918134
10,DS19,95,-380.3794522860292
10,DS19,96,-375.2867108692552
10,DS19,97,-368.889509415516
10,DS19,98,-367.15840849261497
10,DS19,99,-376.3756909977396
10,DS19,100,-376.90176450332365
10,DS19,101,-371.7645436351708
10,DS19,102,-381.65484869243573
10,DS19,103,-367.03750218504797
10,DS19,104,-372.1760054693246
10,DS19,105,-374.2125565551122
10,DS19,106,-384.76612561775363
10,DS19,107,-374.84253373514264
10,DS19,108,-368.66774044348125
10,DS19,109,-378.6428762161263
10,DS19,110,-383.3602076529757
10,DS19,111,-391.7800900496926
10,DS19,112,-381.1898349916171
10,DS19,113,-369.7880037453425
10,DS19,114,-371.70830210235545
10,DS19,115,-384.02199069523624
10,DS19,116,-380.4720996468648
10,DS19,117,-379.10409940810194
10,DS19,118,-377.9745796779432
10,DS19,119,-385.89982231718255
10,DS19,120,-370.0712192740276
10,DS19,121,-387.87183949770576
10,DS19,122,-390.8931584974279
10,DS19,123,-380.06467298233486
10,DS19,124,-380.0111346680969
10,DS19,125,-372.9103332098755
10,DS19,126,-377.83528683791843
10,DS19,127,-376.3559457164325
10,DS19,128,-377.77165308952954
10,DS19,129,-379.37546601858213
10,DS19,130,-376.78431221032827
10,DS19,131,-374.0698068109717
10,DS19,132,-368.379905266498
10,DS19,133,-381.37375292352897
10,DS19,134,-369.4093971297713
10,DS19,135,-374.2987609799522
10,DS19,136,-364.74688095843584
10,DS19,137,-378.72891508613975
10,DS19,138,-380.5061537602529
10,DS19,139,-392.01539860521854
10,DS19,140,-386.38295870996114
10,DS19,141,-374.2698958595191
10,DS19,142,-368.7433071329256
10,DS19,143,-388.41039504077304
10,DS19,144,-370.37181210508834
10,DS19,145,-381.0125707593138
10,DS19,146,-372.3998606827073
10,DS19,147,-381.3547533188815
10,DS19,148,-374.8845808364305
10,DS19,149,-377.29205557404055
10,DS19,150,-381.657938267713
10,DS19,151,-370.09239073667703
10,DS19,152,-371.05774636867375
10,DS19,153,-377.34269127423113
10,DS19,154,-373.7740298280641
10,DS19,155,-362.7241227022901
10,DS19,156,-382.10256814387355
10,DS19,157,-380.7346571083914
10,DS19,158,-392.67095224733407
10,DS19,159,-388.0572735730975
10,DS19,160,-373.9254734407184
10,DS19,161,-375.2519680514106
10,DS19,162,-373.1872377114734
10,DS19,163,-382.85491494791677
10,DS19,164,-369.6668235469256
10,DS19,165,-385.7386601227374
10,DS19,166,-365.5571456657378
10,DS19,167,-374.5608568081674
10,DS19,168,-374.58586346794795
10,DS19,169,-374.93571308656175
10,DS19,170,-360.032553530551
10,DS19,171,-378.12182309239824
10,DS19,172,-374.7515614268147
10,DS19,173,-381.38518140485354
10,DS19,174,-381.54047137566
10,DS19,175,-367.13467796645
10,DS19,176,-386.0671601438778
10,DS19,177,-380.0667739945847
10,DS19,178,-379.2326743487632
10,DS19,179,-370.66183398140197
10,DS19,180,-371.9332912092775
10,DS19,181,-374.2666254796633
10,DS19,182,-369.13303930587966
10,DS19,183,-387.3777687039384
10,DS19,184,-378.07653008538057
10,DS19,185,-386.4202327644446
10,DS19,186,-374.74126284584065
10,DS19,187,-381.2091278329215
10,DS19,188,-378.47634481395653
10,DS19,189,-382.44071957849155
10,DS19,190,-377.22055969868677
10,DS19,191,-381.3471614391017
10,DS19,192,-377.2803820076048
10,DS19,193,-381.0334568117703
10,DS19,194,-370.11354323875975
10,DS19,195,-384.0731598789006
10,DS19,196,-369.7204781873364
10,DS19,197,-384.93436348471016
10,DS19,198,-387.31966493207733
10,DS19,199,-370.2021944650097
10,DS19,200,-385.94591981575365
10,DS19,201,-375.66932244784425
10,DS19,202,-369.50228211431306
10,DS19,203,-382.0757503784663
10,DS19,204,-378.9432747504394
10,DS19,205,-373.16532337338424
10,DS19,206,-374.84733059184214
10,DS19,207,-388.55687766865714
10,DS19,208,-374.78609781110714
10,DS19,209,-389.72017871157794
10,DS19,210,-385.99822447909276
10,DS19,211,-374.7177346337814
10,DS19,212,-376.5246572574478
10,DS19,213,-380.33916343129493
10,DS19,214,-372.82713805989613
10,DS19,215,-380.31777955319
10,DS19,216,-396.4236788210667
10,DS19,217,-381.84384143510175
10,DS19,218,-377.7119702561188
10,DS19,219,-379.12703026954864
10,DS19,220,-376.5517492959299
10,DS19,221,-372.8086639650805
10,DS19,222,-359.72251223511614
10,DS19,223,-379.6985237338675
10,DS19,224,-374.21267087509995
10,DS19,225,-386.67496530489285
10,DS19,226,-370.53500218240623
10,DS19,227,-381.53053515835194
10,DS19,228,-365.25725162897095
10,DS19,229,-381.5124014269712
10,DS19,230,-375.5930023189015
10,DS19,231,-371.5090979187812
10,DS19,232,-390.2497688499051
10,DS19,233,-373.80828306238107
10,DS19,234,-371.2736571326339
10,DS19,235,-381.2771021130409
10,DS19,236,-373.9670926274592
10,DS19,237,-365.1353727542403
10,DS19,238,-374.2685014491032
10,DS19,239,-381.1453342177917
10,DS19,240,-372.4131476577859
10,DS19,241,-378.64257392733884
10,DS19,242,-372.35750132387875
10,DS19,243,-367.64459961527035
10,DS19,244,-374.0560048543786
10,DS19,245,-371.1573894865643
10,DS19,246,-380.2069094853617
10,DS19,247,-373.4807307468479
10,DS19,248,-383.16269285724593
10,DS19,249,-369.8153182137618
10,DS19,250,-369.2417109581151
10,DS19,251,-369.71424283099583
10,DS19,252,-373.83415607560767
10,DS19,253,-378.0307320981751
10,DS19,254,-363.7577414567228
10,DS19,255,-383.08506299621564
10,DS19,256,-373.08860722185347
10,DS19,257,-369.072782077872
10,DS19,258,-369.13807231655926
10,DS19,259,-384.1073577462233
10,DS19,260,-380.0798256720532
10,DS19,261,-378.96480393981363
10,DS19,262,-377.7922439136837
10,DS19,263,-370.44575187572394
10,DS19,264,-377.05460564379297
10,DS19,265,-370.4614857538044
10,DS19,266,-387.34463243819783
10,DS19,267,-377.3527693060105
10,DS19,268,-378.3397063483864
10,DS19,269,-378.87999035093
10,DS19,270,-380.82735520885393
10,DS19,271,-371.4447848816411
10,DS19,272,-373.9962478816699
10,DS19,273,-370.15624588949885
10,DS19,274,-369.05345937997924
10,DS19,275,-382.35081356154126
10,DS19,276,-391.7285716412791
10,DS19,277,-364.9319582577572
10,DS19,278,-374.28464985374467
10,DS19,279,-372.03555852342157
10,DS19,280,-367.5255185390787
10,DS19,281,-379.735473039956
10,DS19,282,-374.32156803928234
10,DS19,283,-370.49158619542726
10,DS19,284,-374.59921082007924
10,DS19,285,-375.3582147631539
10,DS19,286,-380.818852908971
10,DS19,287,-376.40949480882233
10,DS19,288,-364.94253325851196
10,DS19,289,-385.2824795577459
10,DS19,290,-386.4671375079464
10,DS19,291,-378.13238963079283
10,DS19,292,-370.3288264036212
10,DS19,293,-367.94446980750246
10,DS19,294,-375.06173591007183
10,DS19,295,-368.7299466479614
10,DS19,296,-376.8156285300937
10,DS19,297,-365.4521009335754
10,DS19,298,-370.16455812329696
10,DS19,299,-383.32957225070135
10,CTDD21,0,-457.49818266694217
10,CTDD21,1,-480.7567706345902
10,CTDD21,2,-440.13402946284657
10,CTDD21,3,-447.9298548631624
10,CTDD21,4,-474.7704720571486
10,CTDD21,5,-453.559365001384
10,CTDD21,6,-440.0438471527812
10,CTDD21,7,-457.5857125534122
10,CTDD21,8,-452.0869977122827
10,CTDD21,9,-428.4604472237302
10,CTDD21,10,-462.1943448523482
10,CTDD21,11,-433.15289223011257
10,CTDD21,12,-441.7948793193856
10,CTDD21,13,-445.8199249359391
10,CTDD21,14,-466.6487597066598
10,CTDD21,15,-441.09449337685635
10,CTDD21,16,-433.4313263425418
10,CTDD21,17,-414.5929283895974
10,CTDD21,18,-426.7727363775643
10,CTDD21,19,-426.928534064198
10,CTDD21,20,-448.52723968629425
10,CTDD21,21,-409.89348823557475
10,CTDD21,22,-444.94206562050556
10,CTDD21,23,-408.3850410937622
10,CTDD21,24,-431.5328341567724
10,CTDD21,25,-437.10917711121215
10,CTDD21,26,-426.9944383520022
10,CTDD21,27,-435.2067195698829
10,CTDD21,28,-449.7709268267543
10,CTDD21,29,-447.66535633211276
10,CTDD21,30,-437.74970809274635
10,CTDD21,31,-432.5290667503899
10,CTDD21,32,-423.17502329980397
10,CTDD21,33,-392.0417215059671
10,CTDD21,34,-421.62431576563824
10,CTDD21,35,-416.69591692821444
10,CTDD21,36,-435.94458015261495
10,CTDD21,37,-437.2388236235191
10,CTDD21,38,-408.5236795476357
10,CTDD21,39,-436.41970021029687
10,CTDD21,40,-411.1275058859523
10,CTDD21,41,-441.2449958998827
10,CTDD21,42,-430.1010092709166
10,CTDD21,43,-416.9696425983848
10,CTDD21,44,-439.6463460493031
10,CTDD21,45,-390.7980364540181
10,CTDD21,46,-417.9955922211145
10,CTDD21,47,-450.95018922308736
10,CTDD21,48,-447.95499863906116
10,CTDD21,49,-452.8291893665263
10,CTDD21,50,-455.98030964504767
10,CTDD21,51,-404.08633106043845
10,CTDD21,52,-420.89926974402
10,CTDD21,53,-415.0077046673881
10,CTDD21,54,-444.2170935819067
10,CTDD21,55,-444.8953891533806
10,CTDD21,56,-402.4233240697589
10,CTDD21,57,-431.1859490558049
10,CTDD21,58,-410.72081340792727
10,CTDD21,59,-434.19102174412336
10,CTDD21,60,-416.8688925009855
10,CTDD21,61,-445.29787367349013
10,CTDD21,62,-433.5027531378148
10,CTDD21,63,-412.2824556678512
10,CTDD21,64,-413.7188427230078
10,CTDD21,65,-397.3162771652971
10,CTDD21,66,-428.3392138172029
10,CTDD21,67,-407.234141486446
10,CTDD21,68,-404.41255647417086
10,CTDD21,69,-440.63269680030754
10,CTDD21,70,-407.23302907027596
10,CTDD21,71,-383.24784284595313
10,CTDD21,72,-408.03240688287036
10,CTDD21,73,-408.5886268344128
10,CTDD21,74,-420.06292258232264
10,CTDD21,75,-420.9023355608573
10,CTDD21,76,-414.32007155566146
10,CTDD21,77,-432.49611451234284
10,CTDD21,78,-435.67948140214435
10,CTDD21,79,-436.2356537077584
10,CTDD21,80,-397.9087533204455
10,CTDD21,81,-425.60191993674
10,CTDD21,82,-398.9988718630626
10,CTDD21,83,-417.2361892945147
10,CTDD21,84,-417.1671576292789
10,CTDD21,85,-415.9303667770589
10,CTDD21,86,-412.05638671280286
10,CTDD21,87,-430.74777445111533
10,CTDD21,88,-429.90017028504815
10,CTDD21,89,-448.0756773006368
10,CTDD21,90,-407.4690425611598
10,CTDD21,91,-436.64701153218505
10,CTDD21,92,-420.896341521415
10,CTDD21,93,-426.4806613393439
10,CTDD21,94,-418.2045102844362
10,CTDD21,95,-420.7058838018289
10,CTDD21,96,-452.3579125566055
10,CTDD21,97,-447.94413011271473
10,CTDD21,98,-453.92757697143134
10,CTDD21,99,-408.9038937161986
10,CTDD21,100,-428.8711688592043
10,CTDD21,101,-440.95185946796596
10,CTDD21,102,-413.4588027326496
10,CTDD21,103,-428.3539618037658
10,CTDD21,104,-453.15599261895693
10,CTDD21,105,-423.5124544535266
10,CTDD21,106,-430.47819706616036
10,CTDD21,107,-420.8089803839383
10,CTDD21,108,-415.6903540562228
10,CTDD21,109,-426.87970519606677
10,CTDD21,110,-419.6311297346844
10,CTDD21,111,-439.1137344570002
10,CTDD21,112,-421.479770592211
10,CTDD21,113,-415.1548014159914
10,CTDD21,114,-441.1460112692728
10,CTDD21,115,-441.8571707979395
10,CTDD21,116,-427.4165076385091
10,CTDD21,117,-421.7580118318223
10,CTDD21,118,-412.2199095243003
10,CTDD21,119,-434.3589273640809
10,CTDD21,120,-435.9220405020964
10,CTDD21,121,-388.55623032754556
10,CTDD21,122,-438.19618971799775
10,CTDD21,123,-420.1896203679872
10,CTDD21,124,-426.50551242690716
10,CTDD21,125,-394.24084605383797
10,CTDD21,126,-436.62361395391366
10,CTDD21,127,-424.2699389479068
10,CTDD21,128,-418.68797397157283
10,CTDD21,129,-421.3433128993423
10,CTDD21,130,-421.0359514375241
10,CTDD21,131,-425.4720850315869
10,CTDD21,132,-423.1806515399795
10,CTDD21,133,-397.3773445258425
10,CTDD21,134,-442.7327191705109
10,CTDD21,135,-425.8862730830152
10,CTDD21,136,-410.52612264453916
10,CTDD21,137,-427.3198265053387
10,CTDD21,138,-441.25318766483866
10,CTDD21,139,-428.37180739003287
10,CTDD21,140,-415.98474011508426
10,CTDD21,141,-416.13260326644206
10,CTDD21,142,-409.24728791558886
10,CTDD21,143,-422.30335936531844
10,CTDD21,144,-422.24335696918615
10,CTDD21,145,-431.559903174026
10,CTDD21,146,-421.5240504050903
10,CTDD21,147,-436.5855575656723
10,CTDD21,148,-440.88909613417087
10,CTDD21,149,-416.1555822388615
10,CTDD21,150,-434.72952073076266
10,CTDD21,151,-419.2520290819773
10,CTDD21,152,-402.29598492002697
10,CTDD21,153,-424.3352156784514
10,CTDD21,154,-434.56367606682494
10,CTDD21,155,-423.59739073461066
10,CTDD21,156,-413.51404095018114
10,CTDD21,157,-428.4127510144807
10,CTDD21,158,-415.6077861578704
10,CTDD21,159,-433.11246638327685
10,CTDD21,160,-414.41534446696215
10,CTDD21,161,-454.1232452764358
10,CTDD21,162,-442.80639737238334
10,CTDD21,163,-426.1090592631789
10,CTDD21,164,-405.5145575266082
10,CTDD21,165,-429.9354095434269
10,CTDD21,166,-440.17580302047065
10,CTDD21,167,-413.5263657627775
10,CTDD21,168,-416.62073540550017
10,CTDD21,169,-430.010493611131
10,CTDD21,170,-409.00456008839694
10,CTDD21,171,-426.54322192762976
10,CTDD21,172,-415.8721973702903
10,CTDD21,173,-421.29320021154945
10,CTDD21,174,-417.9112779332178
10,CTDD21,175,-419.70035892916945
10,CTDD21,176,-432.9460943951277
10,CTDD21,177,-408.9427187933852
10,CTDD21,178,-446.5365238442293
10,CTDD21,179,-422.9040131400888
10,CTDD21,180,-425.6129063524294
10,CTDD21,181,-418.6977580088243
10,CTDD21,182,-419.4744238936781
10,CTDD21,183,-411.49414096443013
10,CTDD21,184,-411.3141125727331
10,CTDD21,185,-436.0867243903139
10,CTDD21,186,-425.5974251838514
10,CTDD21,187,-407.0531615107623
10,CTDD21,188,-425.1501493933731
10,CTDD21,189,-414.7560995551959
10,CTDD21,190,-447.05897660852776
10,CTDD21,191,-418.25899860123866
10,CTDD21,192,-409.6548137775375
10,CTDD21,193,-427.7581236183299
10,CTDD21,194,-409.13514576135685
10,CTDD21,195,-441.60219054978535
10,CTDD21,196,-411.57646611340135
10,CTDD21,197,-421.5716205029962
10,CTDD21,198,-411.25527712241325
10,CTDD21,199,-436.92522590630597
10,CTDD21,200,-426.3517312953367
10,CTDD21,201,-410.4037185858971
10,CTDD21,202,-408.39395721784683
10,CTDD21,203,-421.9125604300632
10,CTDD21,204,-426.2672263015898
10,CTDD21,205,-415.1490404122799
10,CTDD21,206,-437.1142387953392
10,CTDD21,207,-433.16441903906207
10,CTDD21,208,-442.25344512507206
10,CTDD21,209,-438.33979437140556
10,CTDD21,210,-409.7165259775452
10,CTDD21,211,-449.62401094783604
10,CTDD21,212,-402.9841170523735
10,CTDD21,213,-424.9420429137316
10,CTDD21,214,-417.03647389879944
10,CTDD21,215,-427.6006249229118
10,CTDD21,216,-447.9029905206447
10,CTDD21,217,-435.1113057731419
10,CTDD21,218,-423.9713977103223
10,CTDD21,219,-419.9463590129534
10,CTDD21,220,-388.59015419872674
10,CTDD21,221,-418.3072248299152
10,CTDD21,222,-423.21133257549053
10,CTDD21,223,-416.9556428393045
10,CTDD21,224,-437.48125034196266
10,CTDD21,225,-407.06397950383985
10,CTDD21,226,-413.3581453317193
10,CTDD21,227,-408.5222008583815
10,CTDD21,228,-436.5377621456466
10,CTDD21,229,-432.1004201263894
10,CTDD21,230,-421.91749917583707
10,CTDD21,231,-386.8128434691315
10,CTDD21,232,-436.8287555324972
10,CTDD21,233,-426.1841426590249
10,CTDD21,234,-416.2365730838875
10,CTDD21,235,-432.90010229573875
10,CTDD21,236,-431.1073520878554
10,CTDD21,237,-425.5040449698227
10,CTDD21,238,-389.53806138073
10,CTDD21,239,-433.5082470555086
10,CTDD21,240,-434.7505200652745
10,CTDD21,241,-449.6433919682318
10,CTDD21,242,-404.0406183959552
10,CTDD21,243,-431.23553846150094
10,CTDD21,244,-407.1783394372912
10,CTDD21,245,-403.9445291855443
10,CTDD21,246,-434.1765243710239
10,CTDD21,247,-430.5507094388889
10,CTDD21,248,-407.40715639318023
10,CTDD21,249,-464.20929942137377
10,CTDD21,250,-436.3968784155417
10,CTDD21,251,-431.510090954398
10,CTDD21,252,-443.1438184960311
10,CTDD21,253,-422.8545919431334
10,CTDD21,254,-424.843516475939
10,CTDD21,255,-424.2578469753323
10,CTDD21,256,-417.0851149394713
10,CTDD21,257,-443.02262822266096
10,CTDD21,258,-403.8604047199076
10,CTDD21,259,-441.5347373099103
10,CTDD21,260,-418.5464113532589
10,CTDD21,261,-440.18462360802147
10,CTDD21,262,-435.3267204064809
10,CTDD21,263,-402.5832986605999
10,CTDD21,264,-423.78410767724984
10,CTDD21,265,-431.5428421133966
10,CTDD21,266,-432.10702894839466
10,CTDD21,267,-415.9127025597006
10,CTDD21,268,-404.59266282701856
10,CTDD21,269,-433.7451711680693
10,CTDD21,270,-448.3601633952637
10,CTDD21,271,-418.81779299730874
10,CTDD21,272,-417.4264994376116
10,CTDD21,273,-434.958062385868
10,CTDD21,274,-408.08950069077923
10,CTDD21,275,-434.76963387470795
10,CTDD21,276,-422.10940685664593
10,CTDD21,277,-412.8425860183597
10,CTDD21,278,-429.01964147131014
10,CTDD21,279,-390.3083331444228
10,CTDD21,280,-412.7129677879597
10,CTDD21,281,-427.35237371247933
10,CTDD21,282,-418.5665687161215
10,CTDD21,283,-448.1651333652816
10,CTDD21,284,-431.09217498045757
10,CTDD21,285,-424.6687990802888
10,CTDD21,286,-419.10038139085316
10,CTDD21,287,-428.0963861800028
10,CTDD21,288,-412.71308544587447
10,CTDD21,289,-419.3306453529447
10,CTDD21,290,-426.6664306361205
10,CTDD21,291,-425.156725612044
10,CTDD21,292,-408.6282645518638
10,CTDD21,293,-424.94947534297523
10,CTDD21,294,-419.0289888863691
10,CTDD21,295,-442.8272230193413
10,CTDD21,296,-426.38595653635616
10,CTDD21,297,-392.93281981648033
10,CTDD21,298,-407.02225825219193
10,CTDD21,299,-394.6104879097418
11,IF2,0,-381.7281642624595
11,IF2,1,-370.0786474319952
11,IF2,2,-367.6988983064839
11,IF2,3,-368.7953566663793
11,IF2,4,-370.14130709145576
11,IF2,5,-377.4576276371803
11,IF2,6,-367.7159922394859
11,IF2,7,-363.1063799877053
11,IF2,8,-370.7510575608337
11,IF2,9,-362.5352261405707
11,IF2,10,-368.66165951424915
11,IF2,11,-371.80808318527437
11,IF2,12,-368.41530342656836
11,IF2,13,-370.7491611558327
11,IF2,14,-362.6690502582993
11,IF2,15,-363.1076715215225
11,IF2,16,-364.57884005300434
11,IF2,17,-367.4524721758746
11,IF2,18,-362.7710883669207
11,IF2,19,-363.3678816633633
11,IF2,20,-365.5809820433046
11,IF2,21,-366.4078013469295
11,IF2,22,-363.8745385237642
11,IF2,23,-364.3664349294733
11,IF2,24,-368.5429890451293
11,IF2,25,-362.0727269889677
11,IF2,26,-367.6835871528244
11,IF2,27,-370.3760298592756
11,IF2,28,-364.5046943219728
11,IF2,29,-367.7886062612891
11,IF2,30,-373.1845438254859
11,IF2,31,-371.0565186779996
11,IF2,32,-373.4533119200052
11,IF2,33,-360.8148302265663
11,IF2,34,-366.50261545227363
11,IF2,35,-362.80432190933897
11,IF2,36,-363.1614871650807
11,IF2,37,-362.56585109251586
11,IF2,38,-365.872544038832
11,IF2,39,-365.6632726163713
11,IF2,40,-365.176702741637
11,IF2,41,-368.24963741216527
11,IF2,42,-363.1585235200329
11,IF2,43,-362.43667597503344
11,IF2,44,-369.8319132684928
11,IF2,45,-364.83066788826744
11,IF2,46,-370.2928406352832
11,IF2,47,-370.76699097383766
11,IF2,48,-360.8875880287433
11,IF2,49,-360.73748839552684
11,IF2,50,-364.07738513466364
11,IF2,51,-360.74038934159876
11,IF2,52,-361.39699350216927
11,IF2,53,-367.7713924529482
11,IF2,54,-369.2089567227868
11,IF2,55,-365.19659841902893
11,IF2,56,-369.8635643888579
11,IF2,57,-368.92596222820384
11,IF2,58,-371.967816481026
11,IF2,59,-366.8869152452122
11,IF2,60,-364.2501141442415
11,IF2,61,-372.04057615067194
11,IF2,62,-369.3688353206041
11,IF2,63,-370.5576452877434
11,IF2,64,-365.98776057978176
11,IF2,65,-365.5294817696741
11,IF2,66,-363.40082569352217
11,IF2,67,-361.3074789841
11,IF2,68,-371.3095264179249
11,IF2,69,-369.3712630903807
11,IF2,70,-370.47359592233056
11,IF2,71,-366.7157101508623
11,IF2,72,-362.3366623079751
11,IF2,73,-363.0680146275354
11,IF2,74,-362.69780547980116
11,IF2,75,-359.8295577495916
11,IF2,76,-361.6295390342309
11,IF2,77,-367.02007303419686
11,IF2,78,-359.42923851585965
11,IF2,79,-363.18310309944354
11,IF2,80,-370.26085548496434
11,IF2,81,-367.01915430261795
11,IF2,82,-360.4565945588269
11,IF2,83,-358.8434507689118
11,IF2,84,-363.33156607278283
11,IF2,85,-363.8291307563614
11,IF2,86,-366.81449378138933
11,IF2,87,-364.4966728600423
11,IF2,88,-367.8016311718963
11,IF2,89,-370.63778942704795
11,IF2,90,-363.8377301291008
11,IF2,91,-370.3538607338546
11,IF2,92,-370.7198519298485
11,IF2,93,-362.7626983237452
11,IF2,94,-372.348043666466
11,IF2,95,-365.1136417058223
11,IF2,96,-366.5702651338937
11,IF2,97,-364.6131706137878
11,IF2,98,-365.8124155928615
11,IF2,99,-361.00664627943655
11,IF2,100,-364.2859026541268
11,IF2,101,-363.30015318915696
11,IF2,102,-364.3167227938463
11,IF2,103,-366.0596111820907
11,IF2,104,-364.45646539962706
11,IF2,105,-368.6778551368024
11,IF2,106,-364.03042164866685
11,IF2,107,-363.20237163620317
11,IF2,108,-362.96140299231917
11,IF2,109,-366.63501771419635
11,IF2,110,-363.61938558638707
11,IF2,111,-366.6356295507741
11,IF2,112,-363.9882657246897
11,IF2,113,-365.7947229277805
11,IF2,114,-365.0590374926041
11,IF2,115,-360.7845645508411
11,IF2,116,-363.5484830248956
11,IF2,117,-361.6080635755225
11,IF2,118,-363.8807034937333
11,IF2,119,-364.0312361302876
11,IF2,120,-360.8616548652449
11,IF2,121,-363.0488386360791
11,IF2,122,-366.7053474945714
11,IF2,123,-363.2697341058323
11,IF2,124,-369.2479372723888
11,IF2,125,-371.68014551732654
11,IF2,126,-368.5744605347598
11,IF2,127,-362.6933088589766
11,IF2,128,-363.83398312519523
11,IF2,129,-365.8061649917513
11,IF2,130,-364.36792980540184
11,IF2,131,-367.6067187146537
11,IF2,132,-363.89130584755196
11,IF2,133,-364.4057443061902
11,IF2,134,-364.3369080743637
11,IF2,135,-364.6144691480201
11,IF2,136,-368.75912428013686
11,IF2,137,-365.7937026547618
11,IF2,138,-367.089381913617
11,IF2,139,-367.70134835113345
11,IF2,140,-361.1743624477438
11,IF2,141,-366.93315957457787
11,IF2,142,-367.83811011906033
11,IF2,143,-365.8617714309629
11,IF2,144,-362.9089760079756
11,IF2,145,-366.80635701545077
11,IF2,146,-366.47283247204047
11,IF2,147,-367.3654717134975
11,IF2,148,-368.78029886375674
11,IF2,149,-370.7445639665253
11,IF2,150,-364.3682678719207
11,IF2,151,-363.8559391722905
11,IF2,152,-364.9576717925841
11,IF2,153,-360.11603993869613
11,IF2,154,-362.63529868551853
11,IF2,155,-361.75353915342066
11,IF2,156,-362.28927043368867
11,IF2,157,-361.8397745678157
11,IF2,158,-360.600311272592
11,IF2,159,-364.5984032351972
11,IF2,160,-361.22011940917105
11,IF2,161,-362.41011205101375
11,IF2,162,-362.86513345499003
11,IF2,163,-366.57063647887276
11,IF2,164,-367.89819357544405
11,IF2,165,-359.5137430390332
11,IF2,166,-369.2865701959515
11,IF2,167,-364.72864223075766
11,IF2,168,-366.46623490837084
11,IF2,169,-365.30844698495014
11,IF2,170,-367.4151006042428
11,IF2,171,-364.55770933581647
11,IF2,172,-367.98700527998983
11,IF2,173,-362.3394758388653
11,IF2,174,-371.14919536363277
11,IF2,175,-360.1833072311847
11,IF2,176,-368.94247268047013
11,IF2,177,-367.00527734678997
11,IF2,178,-366.7879963194303
11,IF2,179,-363.20444376063034
11,IF2,180,-368.19318259348194
11,IF2,181,-361.07063870543146
11,IF2,182,-365.1399847025811
11,IF2,183,-366.83038816965416
11,IF2,184,-366.79741237168787
11,IF2,185,-362.61763009266474
11,IF2,186,-360.8711443390573
11,IF2,187,-369.1161719868947
11,IF2,188,-362.46494216159124
11,IF2,189,-363.40783553686083
11,IF2,190,-366.6023567999534
11,IF2,191,-362.60491257879363
11,IF2,192,-368.81972811824625
11,IF2,193,-365.8795706132156
11,IF2,194,-364.29320912945025
11,IF2,195,-363.9986258213144
11,IF2,196,-365.50710205904784
11,IF2,197,-371.27195229459784
11,IF2,198,-365.13800577193365
11,IF2,199,-369.7921435195948
11,IF2,200,-365.55520458844336
11,IF2,201,-365.3229010624755
11,IF2,202,-375.24423410199205
11,IF2,203,-365.9742099256401
11,IF2,204,-367.76306333189467
11,IF2,205,-370.9756141546633
11,IF2,206,-372.15523664125743
11,IF2,207,-362.56490873361264
11,IF2,208,-368.7261970520085
11,IF2,209,-365.89562157974126
11,IF2,210,-364.4531348938926
11,IF2,211,-368.231930232081
11,IF2,212,-366.35133726733494
11,IF2,213,-362.99093435356036
11,IF2,214,-362.01443840363635
11,IF2,215,-370.92924289820894
11,IF2,216,-363.3328878426102
11,IF2,217,-367.2594328322911
11,IF2,218,-365.4627573013706
11,IF2,219,-363.6406733746596
11,IF2,220,-368.34904696298315
11,IF2,221,-364.9834674968586
11,IF2,222,-362.5776567079696
11,IF2,223,-366.3546256643226
11,IF2,224,-361.1075537034565
11,IF2,225,-359.4640546260601
11,IF2,226,-366.7345585822977
11,IF2,227,-361.79173352388864
11,IF2,228,-360.9851036836145
11,IF2,229,-366.4729941758109
11,IF2,230,-365.68952605024
11,IF2,231,-363.1426439993506
11,IF2,232,-363.8838864659468
11,IF2,233,-362.42645800681737
11,IF2,234,-362.43042516028544
11,IF2,235,-362.53902813525355
11,IF2,236,-369.1108777469862
11,IF2,237,-363.6304750259422
11,IF2,238,-367.27347155421415
11,IF2,239,-361.4250987217309
11,IF2,240,-365.3079355795214
11,IF2,241,-360.7263830773691
11,IF2,242,-366.88640217801355
11,IF2,243,-367.54747428196913
11,IF2,244,-364.5833699485571
11,IF2,245,-364.75177548406106
11,IF2,246,-364.5481751836526
11,IF2,247,-362.7390766879265
11,IF2,248,-364.75488433956104
11,IF2,249,-364.03850779647956
11,IF2,250,-367.66686658148717
11,IF2,251,-363.49439487711186
11,IF2,252,-365.34841458482833
11,IF2,253,-361.71378442070915
11,IF2,254,-365.47399722231137
11,IF2,255,-358.43242908260635
11,IF2,256,-362.6954005860661
11,IF2,257,-365.2528999573014
11,IF2,258,-364.3568858338247
11,IF2,259,-365.626764136326
11,IF2,260,-364.0277928313525
11,IF2,261,-361.8112532031195
11,IF2,262,-362.9511670942993
11,IF2,263,-367.2925272651126
11,IF2,264,-363.71925622418007
11,IF2,265,-365.38863350144044
11,IF2,266,-365.90023375825484
11,IF2,267,-360.6131078010627
11,IF2,268,-363.9948392916728
11,IF2,269,-367.6463913013252
11,IF2,270,-365.7601993789361
11,IF2,271,-366.4021044675521
11,IF2,272,-362.41863938298405
11,IF2,273,-363.7295843780535
11,IF2,274,-365.59280212666016
11,IF2,275,-362.40307605208335
11,IF2,276,-363.98110284137164
11,IF2,277,-363.6527624364065
11,IF2,278,-365.5136895125939
11,IF2,279,-365.27720411435007
11,IF2,280,-365.0978988505131
11,IF2,281,-361.8610431688783
11,IF2,282,-361.2329189472525
11,IF2,283,-359.27575711794464
11,IF2,284,-369.49907873623647
11,IF2,285,-366.19030757830444
11,IF2,286,-366.8812960658494
11,IF2,287,-362.4498054547416
11,IF2,288,-362.86070433358685
11,IF2,289,-363.41469933728547
11,IF2,290,-365.8717011466857
11,IF2,291,-363.6098308640683
11,IF2,292,-358.2755804049654
11,IF2,293,-362.97379901957174
11,IF2,294,-361.7468113382496
11,IF2,295,-363.3168552720807
11,IF2,296,-367.9605613656054
11,IF2,297,-362.5671454514245
11,IF2,298,-365.99741811374156
11,IF2,299,-364.5008849815415
11,IF2,300,-367.50781586172843
11,IF2,301,-363.6883215165682
11,IF2,302,-363.17133157485955
11,IF2,303,-359.5770589005747
11,IF2,304,-361.8750581219195
11,IF2,305,-363.1982391271833
11,IF2,306,-367.9127103452135
11,IF2,307,-364.5157558473678
11,IF2,308,-367.68977843156057
11,IF2,309,-359.80828381312364
11,IF2,310,-365.46889948434847
11,IF2,311,-363.68899933633753
11,IF2,312,-361.3807717428792
11,IF2,313,-368.09039112534913
11,IF2,314,-366.57248731304526
11,IF2,315,-363.54598460442145
11,IF2,316,-358.3492504380889
11,IF2,317,-363.97509350558346
11,IF2,318,-361.0868014081774
11,IF2,319,-360.2629483792456
11,IF2,320,-366.2295281624061
11,IF2,321,-360.1346231625794
11,IF2,322,-363.27589115759065
11,IF2,323,-364.24903338727614
11,IF2,324,-367.4055421420016
11,IF2,325,-366.2245512540155
11,IF2,326,-365.1301434676604
11,IF2,327,-357.77903259097127
11,IF2,328,-363.99940178470143
11,IF2,329,-362.03093401040235
11,IF2,330,-364.0589432051847
11,IF2,331,-366.7379809501277
11,IF2,332,-362.54075160439163
11,IF2,333,-359.76504115714425
11,IF2,334,-365.4778020514271
11,IF2,335,-359.77243980894514
11,IF2,336,-367.3592079650214
11,IF2,337,-365.2042849464542
11,IF2,338,-368.28212719974636
11,IF2,339,-360.7150289814717
11,IF2,340,-362.9660555402701
11,IF2,341,-365.6056312737286
11,IF2,342,-364.69462669046385
11,IF2,343,-365.43138646529735
11,IF2,344,-368.9479222683757
11,IF2,345,-366.6384543489871
11,IF2,346,-360.3420854395926
11,IF2,347,-364.4132042734534
11,IF2,348,-366.1685963819379
11,IF2,349,-365.2042115840104
11,IF2,350,-365.40056072092545
11,IF2,351,-365.28127434937306
11,IF2,352,-367.33299920176466
11,IF2,353,-362.3916876699191
11,IF2,354,-368.6892472333032
11,IF2,355,-365.1897571056915
11,IF2,356,-363.5739918608335
11,IF2,357,-363.87947567155805
11,IF2,358,-366.16039208309667
11,IF2,359,-363.1621381634782
11,IF2,360,-365.57465589303416
11,IF2,361,-362.65286135690656
11,IF2,362,-364.4423600922315
11,IF2,363,-362.4653761073737
11,IF2,364,-362.94713411829935
11,IF2,365,-362.7392988410043
11,IF2,366,-363.9517621979393
11,IF2,367,-362.34425002989525
11,IF2,368,-364.0032641349565
11,IF2,369,-366.91699015385996
11,IF2,370,-367.2351196919311
11,IF2,371,-364.2081082891854
11,IF2,372,-369.8861294041944
11,IF2,373,-363.45824902995747
11,IF2,374,-361.52405796584793
11,IF2,375,-363.36964435920993
11,IF2,376,-361.8118652018536
11,IF2,377,-364.8000617791035
11,IF2,378,-364.30397336089453
11,IF2,379,-364.5503791250772
11,IF2,380,-367.81612780464917
11,IF2,381,-363.744499668334
11,IF2,382,-364.4535080511378
11,IF2,383,-368.12169821325045
11,IF2,384,-361.4551779419787
11,IF2,385,-364.9166119483806
11,IF2,386,-364.3263059876134
11,IF2,387,-367.58922203168
11,IF2,388,-362.8468764276866
11,IF2,389,-364.707980221784
11,IF2,390,-369.1237043286634
11,IF2,391,-362.52385272965256
11,IF2,392,-364.2759559782223
11,IF2,393,-361.96664272694557
11,IF2,394,-363.76239693531704
11,IF2,395,-366.7816190718129
11,IF2,396,-367.6012757875292
11,IF2,397,-368.4433290070537
11,IF2,398,-360.6757290594394
11,IF2,399,-364.46826448480994
11,IF2,400,-372.98712871065754
11,IF2,401,-368.9611658945773
11,IF2,402,-364.48341042212655
11,IF2,403,-366.7077937124486
11,IF2,404,-359.78861876717656
11,IF2,405,-368.4008474874416
11,IF2,406,-363.133666143275
11,IF2,407,-363.74197998146906
11,IF2,408,-363.5290879707316
11,IF2,409,-362.79923340313417
11,IF2,410,-365.15329050483473
11,IF2,411,-366.5158279414255
11,IF2,412,-359.8051569881719
11,IF2,413,-361.9671190528874
11,IF2,414,-364.5936681190901
11,IF2,415,-363.4947424852793
11,IF2,416,-364.7525903324919
11,IF2,417,-362.34768317373346
11,IF2,418,-365.29157433433585
11,IF2,419,-367.73350021100794
11,IF2,420,-364.45981915458304
11,IF2,421,-368.2053974792205
11,IF2,422,-362.00859270088733
11,IF2,423,-368.1388807244631
11,IF2,424,-362.45352379892773
11,IF2,425,-361.5208700269908
11,IF2,426,-364.3883373781751
11,IF2,427,-366.55566670243877
11,IF2,428,-365.4542298705832
11,IF2,429,-365.84685783578243
11,IF2,430,-365.04012628109444
11,IF2,431,-365.78238361048443
11,IF2,432,-368.3579451570667
11,IF2,433,-365.18094997432325
11,IF2,434,-359.5441128788377
11,IF2,435,-366.25028387165196
11,IF2,436,-363.3056745171495
11,IF2,437,-366.6186461906788
11,IF2,438,-367.18589014540123
11,IF2,439,-361.18548593877784
11,IF2,440,-364.89918549203026
11,IF2,441,-365.6750014206406
11,IF2,442,-364.6716615723496
11,IF2,443,-363.6898164606554
11,IF2,444,-365.03520849220354
11,IF2,445,-368.80345061377545
11,IF2,446,-359.7700482717484
11,IF2,447,-360.77208418766566
11,IF2,448,-367.89530831995773
11,IF2,449,-362.68844255834165
11,IF2,450,-360.95498984002245
11,IF2,451,-365.4600067954347
11,IF2,452,-359.5502652743527
11,IF2,453,-367.4126148999381
11,IF2,454,-362.3580381820823
11,IF2,455,-366.9877233650802
11,IF2,456,-364.090654414046
11,IF2,457,-365.6705122287407
11,IF2,458,-364.26836276170496
11,IF2,459,-366.3858127817091
11,IF2,460,-365.5061634735283
11,IF2,461,-362.1603129137218
11,IF2,462,-367.3795851626476
11,IF2,463,-367.1328353000256
11,IF2,464,-368.5212406560998
11,IF2,465,-359.4600291204532
11,IF2,466,-364.0765563570498
11,IF2,467,-362.1855622243895
11,IF2,468,-370.98475871534833
11,IF2,469,-363.01625329073397
11,IF2,470,-360.51700608082683
11,IF2,471,-362.0024971122259
11,IF2,472,-362.6370347057031
11,IF2,473,-360.45700211908576
11,IF2,474,-363.7258994937537
11,IF2,475,-361.60454215000306
11,IF2,476,-367.2151148657024
11,IF2,477,-363.7027956243328
11,IF2,478,-357.39484768933664
11,IF2,479,-363.7522307483971
11,IF2,480,-368.14809399470613
11,IF2,481,-363.48446425329314
11,IF2,482,-362.40855819043094
11,IF2,483,-368.9713391990193
11,IF2,484,-366.77236004855024
11,IF2,485,-360.88618565583704
11,IF2,486,-365.09439908536757
11,IF2,487,-371.3741170050735
11,IF2,488,-363.223132160128
11,IF2,489,-363.41379095232674
11,IF2,490,-361.6210252812117
11,IF2,491,-364.34340275492616
11,IF2,492,-363.19895016747904
11,IF2,493,-364.6220821402838
11,IF2,494,-362.16193297658054
11,IF2,495,-360.4524355470799
11,IF2,496,-361.67819436428596
11,IF2,497,-362.644457057696
11,IF2,498,-364.55642357415223
11,IF2,499,-366.76628454617037
11,IF2,500,-365.93791041296333
11,IF2,501,-363.58676299920006
11,IF2,502,-362.46331399831627
11,IF2,503,-364.87241370205237
11,IF2,504,-362.69770229956856
11,IF2,505,-360.8652884090731
11,IF2,506,-371.8074415582907
11,IF2,507,-368.3068537378007
11,IF2,508,-367.63410073437126
11,IF2,509,-361.7217888497108
11,IF2,510,-367.38359448543616
11,IF2,511,-360.37551535301236
11,IF2,512,-360.59656096602214
11,IF2,513,-368.5734353758115
11,IF2,514,-362.1370353993795
11,IF2,515,-365.32219135610393
11,IF2,516,-368.87872065866645
11,IF2,517,-363.9794089498159
11,IF2,518,-365.38507701420843
11,IF2,519,-363.8729327773997
11,IF2,520,-362.086743207404
11,IF2,521,-368.16311670930753
11,IF2,522,-365.1375288739959
11,IF2,523,-364.5447938056855
11,IF2,524,-363.8174592396712
11,IF2,525,-364.0278035200251
11,IF2,526,-367.6286007286423
11,IF2,527,-366.18857519660276
11,IF2,528,-360.31702878666044
11,IF2,529,-359.3253361086966
11,IF2,530,-364.5769096067935
11,IF2,531,-368.6729367399726
11,IF2,532,-364.50954116421906
11,IF2,533,-359.7378733376422
11,IF2,534,-362.2013215991078
11,IF2,535,-366.7058599000605
11,IF2,536,-364.0420005605854
11,IF2,537,-371.6540224735562
11,IF2,538,-363.6622507321865
11,IF2,539,-366.6042796027003
11,IF2,540,-363.04772723315085
11,IF2,541,-365.88735624579954
11,IF2,542,-363.63212463967113
11,IF2,543,-361.1609225122415
11,IF2,544,-363.27881595393956
11,IF2,545,-363.89145069328407
11,IF2,546,-360.63859163756285
11,IF2,547,-366.03985787307545
11,IF2,548,-363.86743902675164
11,IF2,549,-365.28485786542086
11,IF2,550,-367.7032016681827
11,IF2,551,-362.89114292100254
11,IF2,552,-363.8946214117655
11,IF2,553,-364.3387274471553
11,IF2,554,-358.7513890702453
11,IF2,555,-361.0255986173591
11,IF2,556,-367.0807037530921
11,IF2,557,-366.1064195577853
11,IF2,558,-362.950615105531
11,IF2,559,-367.0318186544167
11,IF2,560,-364.2308281747743
11,IF2,561,-368.2280759755811
11,IF2,562,-365.7579567203518
11,IF2,563,-360.5855082124809
11,IF2,564,-362.13419961554723
11,IF2,565,-362.44347641483637
11,IF2,566,-360.3730784352452
11,IF2,567,-363.5576253320404
11,IF2,568,-365.6529165218727
11,IF2,569,-361.5947221644101
11,IF2,570,-363.05913536993035
11,IF2,571,-366.6273633079053
11,IF2,572,-367.07714660537755
11,IF2,573,-363.0066741955506
11,IF2,574,-362.9461567242521
11,IF2,575,-364.7495908739293
11,IF2,576,-361.8480302161864
11,IF2,577,-369.3121259802639
11,IF2,578,-362.1372756610489
11,IF2,579,-363.87851511394234
11,IF2,580,-365.231863362856
11,IF2,581,-362.9607114796819
11,IF2,582,-366.8518958359164
11,IF2,583,-367.590302819739
11,IF2,584,-366.4875010194886
11,IF2,585,-366.2034803737914
11,IF2,586,-362.1204929475327
11,IF2,587,-364.8754661619182
11,IF2,588,-361.5324674628826
11,IF2,589,-365.9096530514903
11,IF2,590,-365.37107578850674
11,IF2,591,-366.3585816352066
11,IF2,592,-362.7542476822896
11,IF2,593,-364.6089024868082
11,IF2,594,-364.88467410679476
11,IF2,595,-365.7936877943308
11,IF2,596,-363.4495893952066
11,IF2,597,-365.2972390119892
11,IF2,598,-367.2938017239568
11,IF2,599,-368.5911406728258
11,IFAD,0,-395.8326276004951
11,IFAD,1,-363.9078465538237
11,IFAD,2,-360.09253382551316
11,IFAD,3,-370.3483501534245
11,IFAD,4,-366.0538417260395
11,IFAD,5,-364.02417252976954
11,IFAD,6,-373.5730424157059
11,IFAD,7,-363.90491832098445
11,IFAD,8,-368.38406325763725
11,IFAD,9,-365.2382038132606
11,IFAD,10,-365.0726876317745
11,IFAD,11,-366.4101769676972
11,IFAD,12,-361.922244889566
11,IFAD,13,-372.1883076368769
11,IFAD,14,-363.4255444030233
11,IFAD,15,-364.1153153000039
11,IFAD,16,-364.84806487425703
11,IFAD,17,-362.673507885923
11,IFAD,18,-365.48629259525865
11,IFAD,19,-366.8355723125536
11,IFAD,20,-373.4807046493333
11,IFAD,21,-372.2334721811593
11,IFAD,22,-364.7613327202526
11,IFAD,23,-364.09620947070147
11,IFAD,24,-363.00475486812235
11,IFAD,25,-364.14376351217766
11,IFAD,26,-363.52458373982427
11,IFAD,27,-367.01033831586955
11,IFAD,28,-362.8769593317497
11,IFAD,29,-369.20175426981257
11,IFAD,30,-364.6913885268663
11,IFAD,31,-359.84067381634463
11,IFAD,32,-367.9646352808237
11,IFAD,33,-365.09319929321407
11,IFAD,34,-370.52292417206695
11,IFAD,35,-370.1348056480439
11,IFAD,36,-366.17821190267614
11,IFAD,37,-370.8552786594761
11,IFAD,38,-359.3151297437632
11,IFAD,39,-378.12014458239713
11,IFAD,40,-365.8605670546045
11,IFAD,41,-367.751287356735
11,IFAD,42,-365.07626551500596
11,IFAD,43,-363.85550371657325
11,IFAD,44,-367.08691991643127
11,IFAD,45,-373.5871234729557
11,IFAD,46,-372.05560677503934
11,IFAD,47,-374.18844666886184
11,IFAD,48,-370.2421897012655
11,IFAD,49,-368.1994361174212
11,IFAD,50,-370.05925398288593
11,IFAD,51,-361.5173265807186
11,IFAD,52,-371.6232917870383
11,IFAD,53,-370.44165667428933
11,IFAD,54,-367.2088091168995
11,IFAD,55,-381.231717665295
11,IFAD,56,-376.52705094437624
11,IFAD,57,-382.2654908762243
11,IFAD,58,-367.3046520681841
11,IFAD,59,-370.3971355611932
11,IFAD,60,-362.37644568437366
11,IFAD,61,-365.57545266218034
11,IFAD,62,-360.0633263757736
11,IFAD,63,-371.83195646733486
11,IFAD,64,-364.4792333527835
11,IFAD,65,-364.2001605512359
11,IFAD,66,-366.8794948371776
11,IFAD,67,-361.4074977557247
11,IFAD,68,-366.74348495428103
11,IFAD,69,-363.0863907154177
11,IFAD,70,-368.42474878333917
11,IFAD,71,-365.4241059603463
11,IFAD,72,-369.4509548916443
11,IFAD,73,-363.54675887800767
11,IFAD,74,-362.0081012811048
11,IFAD,75,-366.5814458767452
11,IFAD,76,-363.98829335749144
11,IFAD,77,-366.4352037230828
11,IFAD,78,-362.4703459015429
11,IFAD,79,-365.9656157053433
11,IFAD,80,-367.1496394886132
11,IFAD,81,-367.62548311586465
11,IFAD,82,-364.2959148865889
11,IFAD,83,-366.8586049881685
11,IFAD,84,-365.3202354310876
11,IFAD,85,-361.40072008145836
11,IFAD,86,-362.59600231339965
11,IFAD,87,-371.9429134600967
11,IFAD,88,-363.27986605174635
11,IFAD,89,-370.6698342402
11,IFAD,90,-370.2119287760219
11,IFAD,91,-367.80746036497726
11,IFAD,92,-360.4555517056793
11,IFAD,93,-365.58507637991687
11,IFAD,94,-363.7341767751909
11,IFAD,95,-364.5518165491632
11,IFAD,96,-366.6515744835344
11,IFAD,97,-363.3844373688156
11,IFAD,98,-363.255720729231
11,IFAD,99,-363.5086214516403
11,IFAD,100,-366.2217948157655
11,IFAD,101,-368.6113059994179
11,IFAD,102,-365.5959858119337
11,IFAD,103,-365.18030126507136
11,IFAD,104,-361.9943681459822
11,IFAD,105,-359.8009211090186
11,IFAD,106,-370.73356627261893
11,IFAD,107,-363.99434422723823
11,IFAD,108,-362.3030800469352
11,IFAD,109,-362.5825952106289
11,IFAD,110,-366.0440062602074
11,IFAD,111,-362.86483756697544
11,IFAD,112,-360.66784488833184
11,IFAD,113,-362.91295398661856
11,IFAD,114,-362.3791278757525
11,IFAD,115,-363.674844425407
11,IFAD,116,-362.9164840778681
11,IFAD,117,-364.60740388980025
11,IFAD,118,-365.64491499510603
11,IFAD,119,-364.8783124424332
11,IFAD,120,-359.8022812238558
11,IFAD,121,-362.89256393773474
11,IFAD,122,-366.46612247338214
11,IFAD,123,-366.322207158498
11,IFAD,124,-366.85381388297293
11,IFAD,125,-362.5080117422427
11,IFAD,126,-364.74968001143844
11,IFAD,127,-360.33411156218193
11,IFAD,128,-362.3044468504698
11,IFAD,129,-359.58673847934716
11,IFAD,130,-366.15564300125374
11,IFAD,131,-362.6323375023317
11,IFAD,132,-369.8908441001174
11,IFAD,133,-359.60660012839134
11,IFAD,134,-361.8776937850506
11,IFAD,135,-363.75433328424276
11,IFAD,136,-365.0105530885685
11,IFAD,137,-364.3981164964265
11,IFAD,138,-359.31190294592795
11,IFAD,139,-361.0005485593222
11,IFAD,140,-360.58217067637963
11,IFAD,141,-359.64052723823545
11,IFAD,142,-366.0207072879441
11,IFAD,143,-364.54558580589287
11,IFAD,144,-364.091042599964
11,IFAD,145,-363.3143656130367
11,IFAD,146,-366.7838376129967
11,IFAD,147,-363.8336910969952
11,IFAD,148,-365.58013917390747
11,IFAD,149,-363.863559336177
11,IFAD,150,-365.3376617790832
11,IFAD,151,-363.2222522012046
11,IFAD,152,-360.6300949639613
11,IFAD,153,-362.82609139004205
11,IFAD,154,-360.65709305123164
11,IFAD,155,-365.89559689021655
11,IFAD,156,-365.71810269018727
11,IFAD,157,-356.5960338818188
11,IFAD,158,-359.78250570480947
11,IFAD,159,-361.52911346726853
11,IFAD,160,-362.3456464188339
11,IFAD,161,-358.9702085984234
11,IFAD,162,-366.63091496391
11,IFAD,163,-366.5320911273762
11,IFAD,164,-360.91715564205214
11,IFAD,165,-363.40464270508437
11,IFAD,166,-363.7289524463683
11,IFAD,167,-364.3059049641194
11,IFAD,168,-364.2475301332941
11,IFAD,169,-362.289023845678
11,IFAD,170,-361.51843595115844
11,IFAD,171,-359.24424181398587
11,IFAD,172,-362.5404328917902
11,IFAD,173,-362.3346352244523
11,IFAD,174,-363.6352662948083
11,IFAD,175,-366.9417650343881
11,IFAD,176,-363.30231611294613
11,IFAD,177,-359.89908747855173
11,IFAD,178,-363.0512408911528
11,IFAD,179,-363.62640744770846
11,IFAD,180,-365.3114256821228
11,IFAD,181,-367.44250478896817
11,IFAD,182,-358.6509256905376
11,IFAD,183,-366.2154247975416
11,IFAD,184,-364.21126417278106
11,IFAD,185,-366.6048688771961
11,IFAD,186,-367.22791616411547
11,IFAD,187,-362.31806978895673
11,IFAD,188,-365.61207570831056
11,IFAD,189,-361.9983643496056
11,IFAD,190,-362.8498790577196
11,IFAD,191,-358.79349194529533
11,IFAD,192,-367.4615523392354
11,IFAD,193,-365.63367554050035
11,IFAD,194,-366.0415769503968
11,IFAD,195,-364.9913468521921
11,IFAD,196,-364.8692872311984
11,IFAD,197,-371.20227167800505
11,IFAD,198,-359.21609403515436
11,IFAD,199,-364.0703928018314
11,IFAD,200,-369.6330819873782
11,IFAD,201,-366.2556880609595
11,IFAD,202,-358.3518836844294
11,IFAD,203,-363.6088820555962
11,IFAD,204,-362.8101958813614
11,IFAD,205,-363.09259755063823
11,IFAD,206,-361.94647800989907
11,IFAD,207,-369.2166672314793
11,IFAD,208,-358.6823571515942
11,IFAD,209,-367.51866132984605
11,IFAD,210,-364.72482724991
11,IFAD,211,-362.5934636050047
11,IFAD,212,-362.4245628176286
11,IFAD,213,-364.7841899363764
11,IFAD,214,-358.90718914514144
11,IFAD,215,-368.69506930781716
11,IFAD,216,-359.692928966227
11,IFAD,217,-365.13781499894253
11,IFAD,218,-363.58552739534537
11,IFAD,219,-362.3368840672958
11,IFAD,220,-362.6375753359187
11,IFAD,221,-365.26729873143574
11,IFAD,222,-362.8841654086448
11,IFAD,223,-361.7861824124705
11,IFAD,224,-364.369092825004
11,IFAD,225,-366.27803248786086
11,IFAD,226,-359.08821014955976
11,IFAD,227,-361.4691039708981
11,IFAD,228,-366.61727861427505
11,IFAD,229,-360.96061841406345
11,IFAD,230,-362.85619195502494
11,IFAD,231,-358.64429255542126
11,IFAD,232,-365.48369570949495
11,IFAD,233,-358.2841855514947
11,IFAD,234,-360.19843503101555
11,IFAD,235,-362.15304405987024
11,IFAD,236,-363.8566695484187
11,IFAD,237,-366.81364057413157
11,IFAD,238,-358.65168172456373
11,IFAD,239,-363.7473522785107
11,IFAD,240,-362.19408203378146
11,IFAD,241,-360.88827651356183
11,IFAD,242,-363.3077918706289
11,IFAD,243,-359.51028210616715
11,IFAD,244,-364.77280608183275
11,IFAD,245,-362.6479387444025
11,IFAD,246,-357.450519362307
11,IFAD,247,-364.6472685583287
11,IFAD,248,-363.6303338310285
11,IFAD,249,-358.02312222549324
11,IFAD,250,-359.0843807280932
11,IFAD,251,-359.4107509108349
11,IFAD,252,-360.28618894849416
11,IFAD,253,-361.7562629278227
11,IFAD,254,-361.80920073367446
11,IFAD,255,-363.53878114664
11,IFAD,256,-368.3248221428732
11,IFAD,257,-362.48145182651587
11,IFAD,258,-358.09315299808236
11,IFAD,259,-360.5977847667154
11,IFAD,260,-365.45972519323215
11,IFAD,261,-360.4388919710993
11,IFAD,262,-359.8453209633455
11,IFAD,263,-361.2119325638347
11,IFAD,264,-368.8643618311629
11,IFAD,265,-364.40901560732493
11,IFAD,266,-364.4183047308735
11,IFAD,267,-365.5923137273118
11,IFAD,268,-362.26791983552516
11,IFAD,269,-363.3942917768923
11,IFAD,270,-363.58032336053924
11,IFAD,271,-364.350556572764
11,IFAD,272,-362.93901187158303
11,IFAD,273,-363.59433313275525
11,IFAD,274,-361.8297495261653
11,IFAD,275,-363.64080501431306
11,IFAD,276,-362.10093773801447
11,IFAD,277,-361.1614815407655
11,IFAD,278,-365.4778458427848
11,IFAD,279,-363.89517086529503
11,IFAD,280,-367.2744387533769
11,IFAD,281,-363.9378587875674
11,IFAD,282,-362.8911485879669
11,IFAD,283,-366.22992336534793
11,IFAD,284,-365.36136131614836
11,IFAD,285,-366.69467615923304
11,IFAD,286,-371.5212910034728
11,IFAD,287,-365.6925301413155
11,IFAD,288,-360.5319678410591
11,IFAD,289,-365.051581968085
11,IFAD,290,-361.6787039562968
11,IFAD,291,-364.01549560197225
11,IFAD,292,-363.7689995381861
11,IFAD,293,-360.4268899703252
11,IFAD,294,-365.6147355526831
11,IFAD,295,-364.430421153501
11,IFAD,296,-363.05486800096264
11,IFAD,297,-367.47085185488845
11,IFAD,298,-359.78275558348014
11,IFAD,299,-365.9797277659033
11,IFAD,300,-359.9943946202396
11,IFAD,301,-364.4185251786334
11,IFAD,302,-360.422496327678
11,IFAD,303,-361.89425803231626
11,IFAD,304,-367.50681599514445
11,IFAD,305,-362.4634477213573
11,IFAD,306,-363.13982160753415
11,IFAD,307,-360.9318398076356
11,IFAD,308,-364.1152611140362
11,IFAD,309,-361.5463599427793
11,IFAD,310,-366.44072787430787
11,IFAD,311,-361.5469425496003
11,IFAD,312,-363.6923677794241
11,IFAD,313,-365.59773434608417
11,IFAD,314,-364.0428885924828
11,IFAD,315,-363.2854136207117
11,IFAD,316,-360.6056251743291
11,IFAD,317,-365.54747681208715
11,IFAD,318,-364.10053477133056
11,IFAD,319,-362.08685619507173
11,IFAD,320,-363.17984740111206
11,IFAD,321,-359.7688161912873
11,IFAD,322,-362.5115089737362
11,IFAD,323,-364.87567439797573
11,IFAD,324,-361.8639301595237
11,IFAD,325,-363.75179309017716
11,IFAD,326,-361.4106732719929
11,IFAD,327,-365.42766269492415
11,IFAD,328,-360.4317417636018
11,IFAD,329,-364.34426454644733
11,IFAD,330,-363.68587902518925
11,IFAD,331,-363.24636806650426
11,IFAD,332,-359.7585488463249
11,IFAD,333,-358.71931977996877
11,IFAD,334,-365.2160078993254
11,IFAD,335,-364.2587184248821
11,IFAD,336,-358.3587584995448
11,IFAD,337,-360.1002054381529
11,IFAD,338,-363.60948190094143
11,IFAD,339,-370.84900942599137
11,IFAD,340,-368.3763975158167
11,IFAD,341,-361.5433514813187
11,IFAD,342,-364.9484173318381
11,IFAD,343,-359.94025650942785
11,IFAD,344,-363.4637459623468
11,IFAD,345,-359.29208311890693
11,IFAD,346,-360.83817871082357
11,IFAD,347,-360.47968529555783
11,IFAD,348,-359.80815555734506
11,IFAD,349,-360.3963003432889
11,IFAD,350,-364.54242289726363
11,IFAD,351,-361.7535913413411
11,IFAD,352,-369.24111391032693
11,IFAD,353,-363.8575897377069
11,IFAD,354,-364.035648994377
11,IFAD,355,-362.30336342774683
11,IFAD,356,-360.80190747617627
11,IFAD,357,-364.94594604842746
11,IFAD,358,-364.2365989570809
11,IFAD,359,-359.9454979921546
11,IFAD,360,-365.8664121883913
11,IFAD,361,-363.1016822939408
11,IFAD,362,-365.7183543750932
11,IFAD,363,-361.4677350899817
11,IFAD,364,-358.3796352234196
11,IFAD,365,-367.4858729215999
11,IFAD,366,-358.59408300156014
11,IFAD,367,-367.27401758657413
11,IFAD,368,-365.73659992015945
11,IFAD,369,-360.14907526385247
11,IFAD,370,-358.85338596935196
11,IFAD,371,-364.9862281581393
11,IFAD,372,-360.50290794390094
11,IFAD,373,-364.8256227907496
11,IFAD,374,-360.3712588567199
11,IFAD,375,-360.34811750923996
11,IFAD,376,-367.5911623268211
11,IFAD,377,-364.1781326885577
11,IFAD,378,-361.3312388807318
11,IFAD,379,-364.7811344213869
11,IFAD,380,-361.50039375376144
11,IFAD,381,-361.4874084934582
11,IFAD,382,-360.3852833757723
11,IFAD,383,-363.02098553868507
11,IFAD,384,-357.1654447047706
11,IFAD,385,-363.82175669099956
11,IFAD,386,-363.09116420547394
11,IFAD,387,-360.58715679114437
11,IFAD,388,-362.9179314856633
11,IFAD,389,-360.71559258265944
11,IFAD,390,-364.8340411264206
11,IFAD,391,-357.7261913135712
11,IFAD,392,-359.4805368385672
11,IFAD,393,-360.938232477416
11,IFAD,394,-363.62249073877535
11,IFAD,395,-358.3541100999906
11,IFAD,396,-362.6934054296335
11,IFAD,397,-360.37819808022283
11,IFAD,398,-362.1710995373015
11,IFAD,399,-365.6858828085154
11,DS19,0,-419.04203024930933
11,DS19,1,-411.9166535217342
11,DS19,2,-394.21319151704216
11,DS19,3,-416.83535110863096
11,DS19,4,-412.6980414008251
11,DS19,5,-407.17882162837486
11,DS19,6,-398.1881745195656
11,DS19,7,-401.58855080868653
11,DS19,8,-385.0305314266559
11,DS19,9,-404.3054861711484
11,DS19,10,-416.2925531385489
11,DS19,11,-392.7366091198535
11,DS19,12,-390.7728373420176
11,DS19,13,-394.6617581945451
11,DS19,14,-395.8591995234471
11,DS19,15,-408.21536452225155
11,DS19,16,-396.3403762215631
11,DS19,17,-398.6980400451932
11,DS19,18,-388.91547586558
11,DS19,19,-392.3155367165886
11,DS19,20,-402.201007250234
11,DS19,21,-399.34837166716306
11,DS19,22,-394.7470955037212
11,DS19,23,-390.9193589607669
11,DS19,24,-375.2846887055901
11,DS19,25,-381.8328465776268
11,DS19,26,-396.3479082569398
11,DS19,27,-391.8856376653471
11,DS19,28,-386.12617416163516
11,DS19,29,-380.2627074182292
11,DS19,30,-391.4251495569814
11,DS19,31,-389.05470640652663
11,DS19,32,-375.48322739353455
11,DS19,33,-386.9471767424229
11,DS19,34,-382.31246663525144
11,DS19,35,-394.2038026870652
11,DS19,36,-388.6896938005663
11,DS19,37,-384.18110837593025
11,DS19,38,-369.19790748009666
11,DS19,39,-368.46779346957976
11,DS19,40,-378.04916409900824
11,DS19,41,-374.4009272557852
11,DS19,42,-373.96254286162235
11,DS19,43,-385.16764383067266
11,DS19,44,-378.7455161861705
11,DS19,45,-380.855314109559
11,DS19,46,-383.66248160597274
11,DS19,47,-390.03611545539434
11,DS19,48,-374.2782030283788
11,DS19,49,-383.90376794196277
11,DS19,50,-372.5961941612826
11,DS19,51,-382.9566616682414
11,DS19,52,-376.76590839992366
11,DS19,53,-380.63055312582884
11,DS19,54,-376.6787272200758
11,DS19,55,-369.4564217209115
11,DS19,56,-375.94309400514953
11,DS19,57,-374.3004159671583
11,DS19,58,-377.05100604208303
11,DS19,59,-389.49135460745987
11,DS19,60,-367.4251770545564
11,DS19,61,-368.0074779330697
11,DS19,62,-366.12522430865494
11,DS19,63,-369.44878826609346
11,DS19,64,-374.2974031407465
11,DS19,65,-369.60855433940947
11,DS19,66,-384.5564200052346
11,DS19,67,-368.2684310297235
11,DS19,68,-377.46363472364374
11,DS19,69,-367.46872699563914
11,DS19,70,-381.71029132047556
11,DS19,71,-369.17463108176213
11,DS19,72,-379.6164899692008
11,DS19,73,-373.1111423151046
11,DS19,74,-379.61227376071054
11,DS19,75,-377.43378156475524
11,DS19,76,-377.69462177128037
11,DS19,77,-379.17558490667466
11,DS19,78,-375.200190093349
11,DS19,79,-374.6769497907461
11,DS19,80,-380.5912426709278
11,DS19,81,-369.46029602447777
11,DS19,82,-386.6470222725347
11,DS19,83,-376.90556177269025
11,DS19,84,-380.34134975922893
11,DS19,85,-387.7535018629173
11,DS19,86,-369.41503617734975
11,DS19,87,-356.69446194923364
11,DS19,88,-378.281470534955
11,DS19,89,-376.0936683007218
11,DS19,90,-377.5357251379619
11,DS19,91,-375.0775128166794
11,DS19,92,-386.5050418003403
11,DS19,93,-363.2988714176357
11,DS19,94,-372.9663122450275
11,DS19,95,-382.3443707902787
11,DS19,96,-380.07219806273883
11,DS19,97,-379.7920386889674
11,DS19,98,-366.86301179106886
11,DS19,99,-383.8604014984446
11,DS19,100,-364.9633207619306
11,DS19,101,-374.4259579589741
11,DS19,102,-383.60631160338517
11,DS19,103,-366.0139738291506
11,DS19,104,-363.0319647340856
11,DS19,105,-375.6615610286392
11,DS19,106,-368.80083680329204
11,DS19,107,-388.032848401196
11,DS19,108,-370.10715766431485
11,DS19,109,-371.6531679181889
11,DS19,110,-365.53531031538637
11,DS19,111,-372.53157591293916
11,DS19,112,-378.64485041689596
11,DS19,113,-374.5755531511958
11,DS19,114,-375.08532191366015
11,DS19,115,-381.12430770607307
11,DS19,116,-370.4274173757592
11,DS19,117,-374.32056240830894
11,DS19,118,-370.6208143761029
11,DS19,119,-376.0630652609659
11,DS19,120,-374.9358259637715
11,DS19,121,-383.07373559446313
11,DS19,122,-378.6163594523407
11,DS19,123,-376.4583248611666
11,DS19,124,-379.5557926712322
11,DS19,125,-377.76917677788737
11,DS19,126,-369.92069738408
11,DS19,127,-380.5969962203073
11,DS19,128,-377.2512561915846
11,DS19,129,-381.83424484952496
11,DS19,130,-376.2885721734702
11,DS19,131,-369.20209566421363
11,DS19,132,-366.38436969669647
11,DS19,133,-371.38083425096283
11,DS19,134,-375.9866014150523
11,DS19,135,-379.9402829186774
11,DS19,136,-367.5801783060545
11,DS19,137,-385.9933755388977
11,DS19,138,-378.59276730403315
11,DS19,139,-378.3626794412492
11,DS19,140,-384.34930287781947
11,DS19,141,-379.4053897877733
11,DS19,142,-375.87357863802873
11,DS19,143,-373.15810109625863
11,DS19,144,-374.6452680074303
11,DS19,145,-371.4494260587875
11,DS19,146,-376.7995623066612
11,DS19,147,-381.3294690866594
11,DS19,148,-372.90028930918794
11,DS19,149,-373.5253291291597
11,DS19,150,-374.35949340644856
11,DS19,151,-374.62289304868676
11,DS19,152,-386.53750384734917
11,DS19,153,-369.5884061309141
11,DS19,154,-378.28889456801096
11,DS19,155,-373.85190777808793
11,DS19,156,-373.4675594107984
11,DS19,157,-378.27443898816114
11,DS19,158,-385.60002684622805
11,DS19,159,-377.0719978983822
11,DS19,160,-358.8687294418995
11,DS19,161,-379.15481970062683
11,DS19,162,-364.3641507532642
11,DS19,163,-368.4146249393719
11,DS19,164,-376.4935173519895
11,DS19,165,-374.4768436349494
11,DS19,166,-383.9466368017935
11,DS19,167,-382.01474558247884
11,DS19,168,-378.50111878841494
11,DS19,169,-376.4342057168148
11,DS19,170,-377.7247944962991
11,DS19,171,-375.5325663927479
11,DS19,172,-383.64187710513545
11,DS19,173,-368.5010987229898
11,DS19,174,-375.51294263591
11,DS19,175,-379.3956444974245
11,DS19,176,-383.8099591003932
11,DS19,177,-369.3400011814877
11,DS19,178,-388.7490573955583
11,DS19,179,-375.8084805366352
11,DS19,180,-376.5400845395528
11,DS19,181,-370.3935104036429
11,DS19,182,-379.863646622766
11,DS19,183,-372.6673875554171
11,DS19,184,-377.7796772429911
11,DS19,185,-380.83209878199955
11,DS19,186,-373.4405046517421
11,DS19,187,-371.16283713268655
11,DS19,188,-370.2732772551729
11,DS19,189,-375.0895869396682
11,DS19,190,-373.9051868057661
11,DS19,191,-369.77544344206126
11,DS19,192,-381.42046877767024
11,DS19,193,-370.88172601202405
11,DS19,194,-384.1815524256528
11,DS19,195,-373.37425288300255
11,DS19,196,-382.42683641181776
11,DS19,197,-379.78377831358955
11,DS19,198,-383.0793817777341
11,DS19,199,-383.1710300940911
11,DS19,200,-378.928611239534
11,DS19,201,-375.91314809879674
11,DS19,202,-379.1272774794369
11,DS19,203,-376.6504044632948
11,DS19,204,-378.5121044590237
11,DS19,205,-370.6420827359516
11,DS19,206,-370.37051708282917
11,DS19,207,-390.8829955508796
11,DS19,208,-378.4249833812745
11,DS19,209,-376.59573314267874
11,DS19,210,-375.4932135181964
11,DS19,211,-365.80649233368473
11,DS19,212,-368.874139552022
11,DS19,213,-378.09461670132885
11,DS19,214,-376.40441119025786
11,DS19,215,-370.971131742594
11,DS19,216,-387.7654883303288
11,DS19,217,-380.0122876282324
11,DS19,218,-369.79288653450146
11,DS19,219,-368.98224405115155
11,DS19,220,-369.8337174173645
11,DS19,221,-378.31922518401575
11,DS19,222,-375.0488138998201
11,DS19,223,-387.83042615955287
11,DS19,224,-383.8594968259132
11,DS19,225,-381.5271960343907
11,DS19,226,-375.3213541893782
11,DS19,227,-384.0808213093467
11,DS19,228,-372.0449941626788
11,DS19,229,-388.3112346049698
11,DS19,230,-373.6084559544059
11,DS19,231,-374.1346433918484
11,DS19,232,-379.79057167502316
11,DS19,233,-378.894895000132
11,DS19,234,-366.37625019387184
11,DS19,235,-387.96968882093233
11,DS19,236,-377.1599379118568
11,DS19,237,-374.61109193593086
11,DS19,238,-376.22533592291455
11,DS19,239,-375.2378066168485
11,DS19,240,-366.9883506672186
11,DS19,241,-385.01709460521477
11,DS19,242,-388.80845423158587
11,DS19,243,-379.0435061518897
11,DS19,244,-372.2345436943387
11,DS19,245,-380.5243312493209
11,DS19,246,-372.1188545118848
11,DS19,247,-375.27385029511856
11,DS19,248,-378.10953329105644
11,DS19,249,-366.8487377314961
11,DS19,250,-373.3779459472363
11,DS19,251,-374.15058672598974
11,DS19,252,-370.2526231206422
11,DS19,253,-370.2333696568537
11,DS19,254,-383.4206106693433
11,DS19,255,-380.4243429050819
11,DS19,256,-369.5783534106911
11,DS19,257,-380.1256183587718
11,DS19,258,-391.5665311081742
11,DS19,259,-376.1172634065079
11,DS19,260,-361.97973733275234
11,DS19,261,-364.66145734159625
11,DS19,262,-381.78639980092026
11,DS19,263,-386.3736811365846
11,DS19,264,-362.9301603381425
11,DS19,265,-370.7289665678429
11,DS19,266,-399.406262679874
11,DS19,267,-381.1370756879985
11,DS19,268,-382.2766544115754
11,DS19,269,-388.7830152998399
11,DS19,270,-393.0136658666442
11,DS19,271,-366.92205899988204
11,DS19,272,-372.2214447980809
11,DS19,273,-377.04204683701386
11,DS19,274,-379.0343663165276
11,DS19,275,-371.3057471207097
11,DS19,276,-387.2579189543624
11,DS19,277,-370.33383803442655
11,DS19,278,-370.0143324539803
11,DS19,279,-389.5318560237861
11,DS19,280,-369.21290593695164
11,DS19,281,-388.5329261571655
11,DS19,282,-380.86007609503923
11,DS19,283,-385.5974601995213
11,DS19,284,-378.58150937467576
11,DS19,285,-376.1307221041808
11,DS19,286,-366.22901549769716
11,DS19,287,-370.4472907776644
11,DS19,288,-376.63612526098717
11,DS19,289,-378.8823140129581
11,DS19,290,-363.6747511297966
11,DS19,291,-381.77225116362575
11,DS19,292,-380.37352184888334
11,DS19,293,-368.78382646245257
11,DS19,294,-370.2686524677219
11,DS19,295,-370.7882839613433
11,DS19,296,-371.61486959342176
11,DS19,297,-375.09368294293733
11,DS19,298,-374.6369610053043
11,DS19,299,-370.96006451453843
11,CTDD21,0,-472.81848860973673
11,CTDD21,1,-445.49241569593414
11,CTDD21,2,-479.2908596917456
11,CTDD21,3,-463.1764983018736
11,CTDD21,4,-489.83092765349915
11,CTDD21,5,-485.20527361191114
11,CTDD21,6,-482.75241040372157
11,CTDD21,7,-453.0397586256768
11,CTDD21,8,-454.15987899181175
11,CTDD21,9,-461.7175523312603
11,CTDD21,10,-480.9934306197677
11,CTDD21,11,-458.116746674759
11,CTDD21,12,-452.1384045448045
11,CTDD21,13,-419.3837117919577
11,CTDD21,14,-461.0990937188691
11,CTDD21,15,-457.38487594309976
11,CTDD21,16,-453.4950938521256
11,CTDD21,17,-462.1768655899898
11,CTDD21,18,-426.223980013667
11,CTDD21,19,-446.98794828423854
11,CTDD21,20,-465.2237923055543
11,CTDD21,21,-452.1683617119573
11,CTDD21,22,-439.71149462784734
11,CTDD21,23,-417.78590293088826
11,CTDD21,24,-415.5841918383598
11,CTDD21,25,-423.53733125515976
11,CTDD21,26,-437.41964652848935
11,CTDD21,27,-466.2254576591969
11,CTDD21,28,-418.3459742376042
11,CTDD21,29,-432.41438795478155
11,CTDD21,30,-453.2329224283519
11,CTDD21,31,-429.2248365187712
11,CTDD21,32,-428.72850128834864
11,CTDD21,33,-476.84352733361686
11,CTDD21,34,-449.795823528905
11,CTDD21,35,-424.89716165735376
11,CTDD21,36,-454.8811728672296
11,CTDD21,37,-445.4172416908757
11,CTDD21,38,-427.2957709507216
11,CTDD21,39,-411.40014307155155
11,CTDD21,40,-404.6889185399227
11,CTDD21,41,-394.053987704577
11,CTDD21,42,-397.72492862488025
11,CTDD21,43,-437.75930455725296
11,CTDD21,44,-444.0057043613728
11,CTDD21,45,-473.08125411176184
11,CTDD21,46,-410.0327546167298
11,CTDD21,47,-437.95540746816295
11,CTDD21,48,-404.99910659148367
11,CTDD21,49,-402.89681982232923
11,CTDD21,50,-421.17027326729567
11,CTDD21,51,-401.91718965918074
11,CTDD21,52,-447.29275423336094
11,CTDD21,53,-420.8728078389977
11,CTDD21,54,-417.5015175161659
11,CTDD21,55,-415.75185269090423
11,CTDD21,56,-436.4887210969451
11,CTDD21,57,-427.5995744783195
11,CTDD21,58,-444.39275586484666
11,CTDD21,59,-426.75389023681123
11,CTDD21,60,-423.0435166035565
11,CTDD21,61,-425.10354831448154
11,CTDD21,62,-419.03892680321076
11,CTDD21,63,-406.5142389087953
11,CTDD21,64,-430.3803982083124
11,CTDD21,65,-474.0843020760838
11,CTDD21,66,-418.7133215678549
11,CTDD21,67,-414.8044271848276
11,CTDD21,68,-429.2810505406504
11,CTDD21,69,-441.47789943568574
11,CTDD21,70,-438.684145484224
11,CTDD21,71,-447.1913840343202
11,CTDD21,72,-399.7576058216715
11,CTDD21,73,-445.1521421610163
11,CTDD21,74,-422.6397613632883
11,CTDD21,75,-430.4532992038567
11,CTDD21,76,-431.6833821832669
11,CTDD21,77,-410.7048150261179
11,CTDD21,78,-442.70417331334033
11,CTDD21,79,-440.9005008499644
11,CTDD21,80,-421.7594936830973
11,CTDD21,81,-413.89943119449936
11,CTDD21,82,-417.72619400349885
11,CTDD21,83,-444.3556700058296
11,CTDD21,84,-416.76988502235224
11,CTDD21,85,-395.67168944914664
11,CTDD21,86,-408.8210720255804
11,CTDD21,87,-414.05605141783406
11,CTDD21,88,-413.6255045275434
11,CTDD21,89,-428.4426385311016
11,CTDD21,90,-425.93231585241966
11,CTDD21,91,-415.74672345526335
11,CTDD21,92,-441.68834728677234
11,CTDD21,93,-415.67502998086223
11,CTDD21,94,-412.05279271411024
11,CTDD21,95,-441.54036925769367
11,CTDD21,96,-401.49743784275256
11,CTDD21,97,-438.41052365090707
11,CTDD21,98,-441.81145919964206
11,CTDD21,99,-441.00669209838964
11,CTDD21,100,-409.28964977134615
11,CTDD21,101,-420.1844540873375
11,CTDD21,102,-419.75485719503405
11,CTDD21,103,-415.55485297030435
11,CTDD21,104,-431.51954198430263
11,CTDD21,105,-445.91983272295624
11,CTDD21,106,-411.23759351779904
11,CTDD21,107,-379.8366625138123
11,CTDD21,108,-414.4644075695252
11,CTDD21,109,-442.13069289069824
11,CTDD21,110,-421.08324796241175
11,CTDD21,111,-423.6001547671415
11,CTDD21,112,-426.7713218855008
11,CTDD21,113,-430.6966428833723
11,CTDD21,114,-436.97932740883624
11,CTDD21,115,-423.9844775715151
11,CTDD21,116,-434.7699758174696
11,CTDD21,117,-431.42897320458513
11,CTDD21,118,-404.1080261334703
11,CTDD21,119,-425.88804823560054
11,CTDD21,120,-413.17898987871047
11,CTDD21,121,-421.22188379815003
11,CTDD21,122,-424.24292945337186
11,CTDD21,123,-411.21123876944955
11,CTDD21,124,-427.4817919041254
11,CTDD21,125,-431.83709858867564
11,CTDD21,126,-418.3254915546391
11,CTDD21,127,-433.9436735410754
11,CTDD21,128,-468.9060334456867
11,CTDD21,129,-437.1529148197603
11,CTDD21,130,-402.0435868273503
11,CTDD21,131,-409.4825506590596
11,CTDD21,132,-424.31796784919914
11,CTDD21,133,-438.17617675685466
11,CTDD21,134,-414.09064618688154
11,CTDD21,135,-437.079098032691
11,CTDD21,136,-444.0531828447169
11,CTDD21,137,-424.95287736647526
11,CTDD21,138,-414.41564668425485
11,CTDD21,139,-409.56904746910834
11,CTDD21,140,-444.93239717918516
11,CTDD21,141,-466.7770014212611
11,CTDD21,142,-429.2489478112872
11,CTDD21,143,-418.2556238110585
11,CTDD21,144,-417.28012306760377
11,CTDD21,145,-419.9455412912935
11,CTDD21,146,-394.8954193770442
11,CTDD21,147,-428.4009346889521
11,CTDD21,148,-420.3046143690642
11,CTDD21,149,-439.26029939559356
11,CTDD21,150,-419.60883331532636
11,CTDD21,151,-416.5740456749055
11,CTDD21,152,-444.03159407159416
11,CTDD21,153,-420.2750505601825
11,CTDD21,154,-439.0184139370312
11,CTDD21,155,-450.08554522194515
11,CTDD21,156,-420.22253191971595
11,CTDD21,157,-441.79905242046993
11,CTDD21,158,-388.8922644993961
11,CTDD21,159,-415.4323374239058
11,CTDD21,160,-418.9348858158767
11,CTDD21,161,-429.90224743640044
11,CTDD21,162,-441.65981901682727
11,CTDD21,163,-418.1168138779983
11,CTDD21,164,-439.8525430390027
11,CTDD21,165,-431.51648010981717
11,CTDD21,166,-421.1888989005282
11,CTDD21,167,-427.037978840111
11,CTDD21,168,-425.43167258871995
11,CTDD21,169,-430.13468027655495
11,CTDD21,170,-433.88078729413985
11,CTDD21,171,-454.97612467749747
11,CTDD21,172,-411.3884347791925
11,CTDD21,173,-410.6064718944133
11,CTDD21,174,-430.38611384677665
11,CTDD21,175,-425.5920940419507
11,CTDD21,176,-410.999959782265
11,CTDD21,177,-409.1758574245222
11,CTDD21,178,-425.3499238363244
11,CTDD21,179,-436.83289611478597
11,CTDD21,180,-421.1539000749963
11,CTDD21,181,-423.09130432040314
11,CTDD21,182,-444.28327543779585
11,CTDD21,183,-414.5955300773869
11,CTDD21,184,-418.67966366311606
11,CTDD21,185,-414.44510285724857
11,CTDD21,186,-435.0014882094432
11,CTDD21,187,-417.85435189282487
11,CTDD21,188,-438.0654097807347
11,CTDD21,189,-408.37886630577395
11,CTDD21,190,-413.07337454687183
11,CTDD21,191,-419.01073088343907
11,CTDD21,192,-416.353570509825
11,CTDD21,193,-422.07083769669634
11,CTDD21,194,-424.44313488880084
11,CTDD21,195,-432.40987127231114
11,CTDD21,196,-418.65517992411367
11,CTDD21,197,-438.6822983614246
11,CTDD21,198,-411.62203543528295
11,CTDD21,199,-427.45819581196565
11,CTDD21,200,-429.0377787883611
11,CTDD21,201,-425.59183900498266
11,CTDD21,202,-405.34192219848916
11,CTDD21,203,-418.37707995811485
11,CTDD21,204,-425.30434150072887
11,CTDD21,205,-425.90099080664186
11,CTDD21,206,-406.8901400171038
11,CTDD21,207,-445.10688494785654
11,CTDD21,208,-420.7936008848098
11,CTDD21,209,-436.77117079224683
11,CTDD21,210,-432.56172724303246
11,CTDD21,211,-421.3447318179633
11,CTDD21,212,-420.2740154046711
11,CTDD21,213,-412.8907010268354
11,CTDD21,214,-419.25779501272547
11,CTDD21,215,-431.8537203302149
11,CTDD21,216,-439.2529670045818
11,CTDD21,217,-447.4280230623127
11,CTDD21,218,-442.1468841476779
11,CTDD21,219,-418.5887873636859
11,CTDD21,220,-421.9173683438411
11,CTDD21,221,-417.07095688507286
11,CTDD21,222,-405.3332408862203
11,CTDD21,223,-428.47494969801664
11,CTDD21,224,-411.1384963164328
11,CTDD21,225,-412.81387707218073
11,CTDD21,226,-393.0881153676002
11,CTDD21,227,-419.970970600786
11,CTDD21,228,-469.407073411488
11,CTDD21,229,-429.8720479164157
11,CTDD21,230,-414.6881028989155
11,CTDD21,231,-420.1177492518318
11,CTDD21,232,-422.23732557186287
11,CTDD21,233,-400.69514797326406
11,CTDD21,234,-438.78662273427256
11,CTDD21,235,-423.95317213820465
11,CTDD21,236,-436.63542162442786
11,CTDD21,237,-394.6120105961626
11,CTDD21,238,-432.19402686838356
11,CTDD21,239,-446.7972671484962
11,CTDD21,240,-424.7381220762349
11,CTDD21,241,-409.47527210903286
11,CTDD21,242,-429.5023243811568
11,CTDD21,243,-420.7756596746931
11,CTDD21,244,-429.6774147595068
11,CTDD21,245,-408.48120768438446
11,CTDD21,246,-409.08582302424753
11,CTDD21,247,-457.6705441662175
11,CTDD21,248,-400.9718958196403
11,CTDD21,249,-413.1540175421642
11,CTDD21,250,-430.91572603815746
11,CTDD21,251,-428.34298369970855
11,CTDD21,252,-408.29280664357856
11,CTDD21,253,-419.327011107874
11,CTDD21,254,-445.4422184676923
11,CTDD21,255,-424.45062808847985
11,CTDD21,256,-425.8349334829103
11,CTDD21,257,-453.8717042784999
11,CTDD21,258,-424.61634939088253
11,CTDD21,259,-436.3890300810826
11,CTDD21,260,-405.76398742707755
11,CTDD21,261,-426.03959380759136
11,CTDD21,262,-445.04380474746296
11,CTDD21,263,-432.0132919285128
11,CTDD21,264,-416.0521662662444
11,CTDD21,265,-418.29217430008185
11,CTDD21,266,-419.29998593702453
11,CTDD21,267,-409.4058035282883
11,CTDD21,268,-428.8072769553207
11,CTDD21,269,-429.7804465292414
11,CTDD21,270,-418.4112044009451
11,CTDD21,271,-432.9789148232684
11,CTDD21,272,-408.22039914224507
11,CTDD21,273,-422.45096323625063
11,CTDD21,274,-396.59115538024736
11,CTDD21,275,-423.4615564471965
11,CTDD21,276,-429.83271268150133
11,CTDD21,277,-445.12896445461604
11,CTDD21,278,-449.1426767018379
11,CTDD21,279,-425.4026408525906
11,CTDD21,280,-402.5165835764725
11,CTDD21,281,-430.50363102354015
11,CTDD21,282,-424.40504722932315
11,CTDD21,283,-410.6918088585837
11,CTDD21,284,-421.9873139101721
11,CTDD21,285,-416.98824582491625
11,CTDD21,286,-409.97192550283006
11,CTDD21,287,-427.41344225594185
11,CTDD21,288,-418.77794201637926
11,CTDD21,289,-441.1597643898439
11,CTDD21,290,-387.6907174829821
11,CTDD21,291,-414.2491616771299
11,CTDD21,292,-412.1988451008175
11,CTDD21,293,-404.9518741850654
11,CTDD21,294,-439.6854757244547
11,CTDD21,295,-400.69914524737146
11,CTDD21,296,-417.1017223514533
11,CTDD21,297,-418.99475020879936
11,CTDD21,298,-437.9789840617907
11,CTDD21,299,-403.55282583852517
12,IF2,0,-398.7726702942234
12,IF2,1,-374.1411191722449
12,IF2,2,-361.0923959633442
12,IF2,3,-377.63995806843576
12,IF2,4,-372.472889648591
12,IF2,5,-367.3428097442899
12,IF2,6,-363.91031637296555
12,IF2,7,-369.397103914743
12,IF2,8,-367.5218068538885
12,IF2,9,-366.3712531340509
12,IF2,10,-367.5714797409784
12,IF2,11,-370.2191497589665
12,IF2,12,-369.79435345057055
12,IF2,13,-364.7574780112117
12,IF2,14,-370.70638297828765
12,IF2,15,-373.80153751193967
12,IF2,16,-372.77351637353644
12,IF2,17,-366.10790684527467
12,IF2,18,-366.8876895388955
12,IF2,19,-371.9267551057774
12,IF2,20,-372.6661513696012
12,IF2,21,-358.7925463778097
12,IF2,22,-364.21154248187486
12,IF2,23,-370.90840751653616
12,IF2,24,-380.8150098110066
12,IF2,25,-378.20067727301335
12,IF2,26,-367.40406207703046
12,IF2,27,-370.49275581230273
12,IF2,28,-370.35815072389323
12,IF2,29,-362.9952142970543
12,IF2,30,-365.4813653690173
12,IF2,31,-365.6533375218007
12,IF2,32,-369.55026638504233
12,IF2,33,-376.1175949227025
12,IF2,34,-377.36909813838224
12,IF2,35,-377.52650138061307
12,IF2,36,-375.191436360478
12,IF2,37,-363.91955680443556
12,IF2,38,-361.4424043349343
12,IF2,39,-360.084153406802
12,IF2,40,-368.62297422725095
12,IF2,41,-369.31190006253075
12,IF2,42,-364.0306701790195
12,IF2,43,-370.73698569492865
12,IF2,44,-369.4359961641433
12,IF2,45,-366.43144358835536
12,IF2,46,-363.6414539640118
12,IF2,47,-367.9931735690608
12,IF2,48,-368.16474112885396
12,IF2,49,-366.3317604919722
12,IF2,50,-364.45831497619145
12,IF2,51,-366.2102700682861
12,IF2,52,-362.83745212144225
12,IF2,53,-365.0928170070671
12,IF2,54,-363.1302583887649
12,IF2,55,-365.6091402600582
12,IF2,56,-366.30504549047197
12,IF2,57,-367.0124553558376
12,IF2,58,-368.22752660164304
12,IF2,59,-366.7429948414573
12,IF2,60,-369.2162459857755
12,IF2,61,-365.36085783439006
12,IF2,62,-373.6763725888949
12,IF2,63,-368.978884480871
12,IF2,64,-368.8763781148128
12,IF2,65,-365.9430402748721
12,IF2,66,-364.7530804828456
12,IF2,67,-363.6416806283838
12,IF2,68,-363.1712410122537
12,IF2,69,-363.1134285555089
12,IF2,70,-369.23618156720187
12,IF2,71,-360.69018588822723
12,IF2,72,-368.4040449752254
12,IF2,73,-364.687656902367
12,IF2,74,-360.85349403385
12,IF2,75,-365.0635351544926
12,IF2,76,-365.29929846932623
12,IF2,77,-360.9013981174249
12,IF2,78,-368.5539054304826
12,IF2,79,-368.5434958371158
12,IF2,80,-364.7973671868006
12,IF2,81,-361.25908619166495
12,IF2,82,-364.6594326452569
12,IF2,83,-362.717653952755
12,IF2,84,-362.6796289626049
12,IF2,85,-366.55753066489603
12,IF2,86,-363.69103858991036
12,IF2,87,-362.5705668802802
12,IF2,88,-367.4138811993894
12,IF2,89,-373.62339806982584
12,IF2,90,-372.3089664757432
12,IF2,91,-364.3395772923551
12,IF2,92,-363.6390724691956
12,IF2,93,-371.8220945521011
12,IF2,94,-370.41015731017325
12,IF2,95,-361.9832499609425
12,IF2,96,-376.2005852681347
12,IF2,97,-370.1465863341504
12,IF2,98,-371.26273457370934
12,IF2,99,-370.1077733449297
12,IF2,100,-373.5080549414768
12,IF2,101,-358.8897180813833
12,IF2,102,-372.5110782079261
12,IF2,103,-369.87119807336916
12,IF2,104,-370.8366674079808
12,IF2,105,-370.88484745969
12,IF2,106,-371.10707797224467
12,IF2,107,-364.59944570790805
12,IF2,108,-370.1299749268269
12,IF2,109,-366.19147149446366
12,IF2,110,-364.52942090934584
12,IF2,111,-369.4622631362319
12,IF2,112,-363.3562876784512
12,IF2,113,-370.2327868963917
12,IF2,114,-361.5521490896029
12,IF2,115,-363.36646938785293
12,IF2,116,-365.62463885762713
12,IF2,117,-368.65573684843935
12,IF2,118,-372.8506541923442
12,IF2,119,-368.95443789631634
12,IF2,120,-371.0308104518062
12,IF2,121,-366.74768665480553
12,IF2,122,-365.29456209716795
12,IF2,123,-362.78968555567275
12,IF2,124,-366.1079888580438
12,IF2,125,-363.8335504006235
12,IF2,126,-367.8438843656476
12,IF2,127,-369.7127132996032
12,IF2,128,-364.84158739217247
12,IF2,129,-366.24879225357023
12,IF2,130,-361.80429913070896
12,IF2,131,-368.42659053095286
12,IF2,132,-366.04609821808026
12,IF2,133,-369.7202930322108
12,IF2,134,-369.1941883050515
12,IF2,135,-371.64992444677694
12,IF2,136,-366.09416695325234
12,IF2,137,-371.17437606225457
12,IF2,138,-371.70942733961215
12,IF2,139,-367.3897188011547
12,IF2,140,-368.5100451772707
12,IF2,141,-371.87510932929905
12,IF2,142,-368.0271481996553
12,IF2,143,-370.83972946962854
12,IF2,144,-369.9453264512145
12,IF2,145,-364.26397347696025
12,IF2,146,-369.0474762192731
12,IF2,147,-367.90358569394107
12,IF2,148,-363.7693155014305
12,IF2,149,-365.947014501433
12,IF2,150,-362.5587113544565
12,IF2,151,-366.2428012116521
12,IF2,152,-362.734826102612
12,IF2,153,-367.1369560701882
12,IF2,154,-367.98496456813683
12,IF2,155,-364.944292900149
12,IF2,156,-367.6641997318567
12,IF2,157,-362.8292921938047
12,IF2,158,-370.27026847392915
12,IF2,159,-370.7623372112991
12,IF2,160,-362.5495156177322
12,IF2,161,-359.7530894752262
12,IF2,162,-364.8246182890539
12,IF2,163,-360.52293577114744
12,IF2,164,-364.11484633447753
12,IF2,165,-360.02970204765535
12,IF2,166,-364.08748285322326
12,IF2,167,-367.3144638962338
12,IF2,168,-366.6364139274038
12,IF2,169,-367.2133944138715
12,IF2,170,-363.3668910917495
12,IF2,171,-366.88355312196734
12,IF2,172,-369.0048259009966
12,IF2,173,-362.6394587449568
12,IF2,174,-361.83546819090344
12,IF2,175,-366.203120515919
12,IF2,176,-365.0768888306447
12,IF2,177,-359.95114399185667
12,IF2,178,-368.79239019573
12,IF2,179,-367.18997397174974
12,IF2,180,-369.73720751722374
12,IF2,181,-369.14084040307335
12,IF2,182,-367.16102280969943
12,IF2,183,-363.85389622723216
12,IF2,184,-363.6165263455956
12,IF2,185,-365.21085477491187
12,IF2,186,-365.5104377644704
12,IF2,187,-362.4820508835654
12,IF2,188,-361.4874758802333
12,IF2,189,-366.20760441212866
12,IF2,190,-361.8548989134597
12,IF2,191,-368.4477118433014
12,IF2,192,-369.34092805075113
12,IF2,193,-368.9775027696888
12,IF2,194,-369.3465153274912
12,IF2,195,-358.10592978192386
12,IF2,196,-363.9034907756732
12,IF2,197,-365.22602702555133
12,IF2,198,-359.2739379342402
12,IF2,199,-361.3524796738765
12,IF2,200,-364.6849999958735
12,IF2,201,-368.45307314154695
12,IF2,202,-366.959232720354
12,IF2,203,-370.2746263708198
12,IF2,204,-372.25518202237157
12,IF2,205,-361.6988575298317
12,IF2,206,-369.3443112697783
12,IF2,207,-363.08119241172716
12,IF2,208,-369.5954177738612
12,IF2,209,-364.2041349708726
12,IF2,210,-365.09399557217273
12,IF2,211,-367.7808382082161
12,IF2,212,-366.8536215777562
12,IF2,213,-365.48342955662616
12,IF2,214,-365.28550542348
12,IF2,215,-370.6800687605186
12,IF2,216,-366.50617434186074
12,IF2,217,-364.4834400311718
12,IF2,218,-371.0953706876319
12,IF2,219,-367.63259228817896
12,IF2,220,-366.22846337114976
12,IF2,221,-367.86951559123327
12,IF2,222,-364.5974095555169
12,IF2,223,-363.61007506590516
12,IF2,224,-367.06864411679277
12,IF2,225,-367.3018857824673
12,IF2,226,-372.81949375888286
12,IF2,227,-368.1625806711966
12,IF2,228,-364.3354260017573
12,IF2,229,-368.39662223073867
12,IF2,230,-366.2384312231265
12,IF2,231,-363.00086212898333
12,IF2,232,-369.1516888814722
12,IF2,233,-364.5051209994124
12,IF2,234,-366.85570118083245
12,IF2,235,-363.8854551194929
12,IF2,236,-368.3220743209812
12,IF2,237,-368.10620163257744
12,IF2,238,-369.5510077427074
12,IF2,239,-368.21326229717016
12,IF2,240,-369.40940704634266
12,IF2,241,-368.6546691314859
12,IF2,242,-367.1675713283543
12,IF2,243,-365.18311501643706
12,IF2,244,-368.4696299767835
12,IF2,245,-365.90397647611286
12,IF2,246,-367.24474890258193
12,IF2,247,-366.7608802332395
12,IF2,248,-368.956225704117
12,IF2,249,-367.89921701445064
12,IF2,250,-364.86704158089594
12,IF2,251,-367.6097552011622
12,IF2,252,-369.96339953962956
12,IF2,253,-369.88069420714027
12,IF2,254,-369.3531587774251
12,IF2,255,-372.0344407533286
12,IF2,256,-368.6516378056898
12,IF2,257,-371.5858311747273
12,IF2,258,-368.0070218696615
12,IF2,259,-371.42986709323617
12,IF2,260,-363.5191855554225
12,IF2,261,-369.86870593913875
12,IF2,262,-372.2840555396202
12,IF2,263,-367.3374251565836
12,IF2,264,-368.03931901320334
12,IF2,265,-365.85380882832396
12,IF2,266,-367.3736276513264
12,IF2,267,-368.0506150202525
12,IF2,268,-365.37588042904406
12,IF2,269,-368.0222926849502
12,IF2,270,-368.63534090881893
12,IF2,271,-368.56326141000005
12,IF2,272,-366.64447428489416
12,IF2,273,-370.0388611732403
12,IF2,274,-371.2720508025043
12,IF2,275,-368.0216394771435
12,IF2,276,-368.1263450992556
12,IF2,277,-364.1909517026428
12,IF2,278,-368.3772092883101
12,IF2,279,-369.4510860929044
12,IF2,280,-366.7376869737214
12,IF2,281,-367.87152195328883
12,IF2,282,-369.28329794208986
12,IF2,283,-368.33645395589
12,IF2,284,-367.83367776349627
12,IF2,285,-364.50304945804186
12,IF2,286,-370.2894611672483
12,IF2,287,-367.24725596200807
12,IF2,288,-371.66398560385005
12,IF2,289,-367.48418465807777
12,IF2,290,-364.84365635046527
12,IF2,291,-374.89661438882337
12,IF2,292,-367.71009330897317
12,IF2,293,-372.55627735283906
12,IF2,294,-363.0954293491646
12,IF2,295,-365.80092970006143
12,IF2,296,-368.80411124830664
12,IF2,297,-370.6782615594669
12,IF2,298,-369.343353440326
12,IF2,299,-371.9542508092914
12,IF2,300,-368.3808367878927
12,IF2,301,-368.0345259228751
12,IF2,302,-370.4722093683303
12,IF2,303,-367.28118524761487
12,IF2,304,-370.5247892702821
12,IF2,305,-366.58399670539166
12,IF2,306,-373.3957947261283
12,IF2,307,-364.3550131699043
12,IF2,308,-372.59556602316843
12,IF2,309,-366.76761372883624
12,IF2,310,-369.41934444467375
12,IF2,311,-368.1938168295848
12,IF2,312,-368.0864620201079
12,IF2,313,-367.5753888703551
12,IF2,314,-366.11346568234654
12,IF2,315,-365.9737021908429
12,IF2,316,-364.5603210429869
12,IF2,317,-368.03835403908306
12,IF2,318,-369.29266529797536
12,IF2,319,-370.63996901700995
12,IF2,320,-368.93781288206304
12,IF2,321,-369.2630863330043
12,IF2,322,-368.10866179634587
12,IF2,323,-367.3160183232601
12,IF2,324,-375.74630246254867
12,IF2,325,-367.4061833671757
12,IF2,326,-366.8692887007549
12,IF2,327,-370.40353517584686
12,IF2,328,-370.3722377368485
12,IF2,329,-367.73856391591903
12,IF2,330,-371.09753427138844
12,IF2,331,-365.2807782718299
12,IF2,332,-371.72743756529474
12,IF2,333,-369.72139349185176
12,IF2,334,-369.97896383872506
12,IF2,335,-367.5117223349486
12,IF2,336,-369.71192101848834
12,IF2,337,-369.4061035547867
12,IF2,338,-369.6623857215869
12,IF2,339,-369.6416890206779
12,IF2,340,-366.0194316511866
12,IF2,341,-370.2157324907771
12,IF2,342,-363.94771270762834
12,IF2,343,-366.5657284262276
12,IF2,344,-372.3621933960815
12,IF2,345,-369.3486008619732
12,IF2,346,-374.6740602845314
12,IF2,347,-370.7441158533384
12,IF2,348,-374.46707535841807
12,IF2,349,-367.0823654183951
12,IF2,350,-369.98132031455987
12,IF2,351,-369.5765493012365
12,IF2,352,-368.60493028436986
12,IF2,353,-371.58324850171635
12,IF2,354,-365.34917529157394
12,IF2,355,-370.7967169231397
12,IF2,356,-367.53057856148087
12,IF2,357,-370.09959961151424
12,IF2,358,-369.1697307380309
12,IF2,359,-370.6377592277795
12,IF2,360,-371.4788179036647
12,IF2,361,-367.2056561699508
12,IF2,362,-369.9620344188197
12,IF2,363,-360.05389855365826
12,IF2,364,-370.33910401155657
12,IF2,365,-371.86689293235133
12,IF2,366,-373.1979258086965
12,IF2,367,-368.8601145375724
12,IF2,368,-370.94788620966096
12,IF2,369,-370.388663529609
12,IF2,370,-372.3181745535687
12,IF2,371,-370.41089605499894
12,IF2,372,-374.8552519553859
12,IF2,373,-369.8537924606194
12,IF2,374,-372.2430975889631
12,IF2,375,-370.34197289374066
12,IF2,376,-369.9633185606873
12,IF2,377,-366.3155471065806
12,IF2,378,-370.03890212841657
12,IF2,379,-369.904939505991
12,IF2,380,-374.91681244964764
12,IF2,381,-367.4517305487944
12,IF2,382,-365.145154397009
12,IF2,383,-371.0524083665697
12,IF2,384,-365.6752488361018
12,IF2,385,-373.07223862717944
12,IF2,386,-371.9986062531341
12,IF2,387,-364.4509383827751
12,IF2,388,-370.174810119231
12,IF2,389,-369.49069424736837
12,IF2,390,-369.8177459843196
12,IF2,391,-369.5095216214244
12,IF2,392,-364.9341309219124
12,IF2,393,-371.66068350922734
12,IF2,394,-366.04891211653404
12,IF2,395,-365.1135014136409
12,IF2,396,-373.2802848672248
12,IF2,397,-371.32060401494834
12,IF2,398,-366.9220794851842
12,IF2,399,-369.28781599347747
12,IF2,400,-371.96793076424336
12,IF2,401,-368.2038494229839
12,IF2,402,-367.4823049634502
12,IF2,403,-367.6446049789761
12,IF2,404,-369.811672929748
12,IF2,405,-370.6933628337952
12,IF2,406,-369.1416046631282
12,IF2,407,-370.61089414874385
12,IF2,408,-367.63737912334034
12,IF2,409,-368.5062897399939
12,IF2,410,-369.29203419100446
12,IF2,411,-373.4787969023588
12,IF2,412,-367.69210017200845
12,IF2,413,-374.0007478851211
12,IF2,414,-368.7696196118928
12,IF2,415,-368.1119152501036
12,IF2,416,-363.86164507473956
12,IF2,417,-364.65790272918684
12,IF2,418,-370.747800646207
12,IF2,419,-372.8058597389057
12,IF2,420,-368.30463759454926
12,IF2,421,-369.0893543304697
12,IF2,422,-366.0029382237945
12,IF2,423,-372.2165008678844
12,IF2,424,-371.685849808094
12,IF2,425,-367.2435282086234
12,IF2,426,-368.9965557532703
12,IF2,427,-373.41398108512703
12,IF2,428,-373.15952991234224
12,IF2,429,-370.17603231799916
12,IF2,430,-373.1141455719005
12,IF2,431,-370.50222718764775
12,IF2,432,-371.5073287795597
12,IF2,433,-364.6799292807065
12,IF2,434,-370.0780293437763
12,IF2,435,-368.20096796708975
12,IF2,436,-367.1517812945621
12,IF2,437,-369.484599717697
12,IF2,438,-370.4129705682823
12,IF2,439,-372.6013389894902
12,IF2,440,-370.34719614310853
12,IF2,441,-367.5630146220461
12,IF2,442,-366.7154374073731
12,IF2,443,-370.9432934181315
12,IF2,444,-367.02158414926174
12,IF2,445,-367.61454262442254
12,IF2,446,-375.9657987243889
12,IF2,447,-369.7483868167204
12,IF2,448,-370.30692452341265
12,IF2,449,-369.2072269755947
12,IF2,450,-371.4620016891783
12,IF2,451,-369.10299565257384
12,IF2,452,-371.3679815846609
12,IF2,453,-365.56480186990296
12,IF2,454,-368.04523914975334
12,IF2,455,-368.37616026607463
12,IF2,456,-365.10801346881595
12,IF2,457,-374.11827369983104
12,IF2,458,-371.9381305026522
12,IF2,459,-374.27475763319825
12,IF2,460,-371.1330582685759
12,IF2,461,-366.24825179543967
12,IF2,462,-367.3479805544425
12,IF2,463,-370.3378532655274
12,IF2,464,-374.4243869474202
12,IF2,465,-366.76579318492753
12,IF2,466,-366.6248224991747
12,IF2,467,-368.9787349623455
12,IF2,468,-370.4759619238719
12,IF2,469,-368.55470009593796
12,IF2,470,-366.58383264289307
12,IF2,471,-369.6573841427901
12,IF2,472,-370.6525224063928
12,IF2,473,-368.61934607956795
12,IF2,474,-371.39025371674506
12,IF2,475,-374.73439361446594
12,IF2,476,-366.9215662230276
12,IF2,477,-370.6172142662485
12,IF2,478,-370.9052460862546
12,IF2,479,-373.23125751742816
12,IF2,480,-375.4463792821172
12,IF2,481,-371.19836221390125
12,IF2,482,-369.6127901777273
12,IF2,483,-367.67886580865485
12,IF2,484,-369.4465912448673
12,IF2,485,-368.8501888158075
12,IF2,486,-371.15652393614494
12,IF2,487,-373.98278657686234
12,IF2,488,-365.5708998530186
12,IF2,489,-366.9706864914171
12,IF2,490,-366.629257116889
12,IF2,491,-364.8256558084935
12,IF2,492,-364.71937253175435
12,IF2,493,-370.7862187527144
12,IF2,494,-371.36068876189523
12,IF2,495,-373.538965572685
12,IF2,496,-368.61242238037903
12,IF2,497,-374.15237219665113
12,IF2,498,-370.8989391396686
12,IF2,499,-376.8317977723717
12,IF2,500,-372.4930784017143
12,IF2,501,-372.67967571216536
12,IF2,502,-369.06301267033274
12,IF2,503,-373.7714948243667
12,IF2,504,-369.7862541298908
12,IF2,505,-374.37291421443626
12,IF2,506,-372.4409610420074
12,IF2,507,-369.7966070826754
12,IF2,508,-374.785823519216
12,IF2,509,-368.0030891992999
12,IF2,510,-374.528011937545
12,IF2,511,-371.4420742442388
12,IF2,512,-368.2418319457975
12,IF2,513,-363.62476197183173
12,IF2,514,-370.3688535075063
12,IF2,515,-370.87824120421624
12,IF2,516,-371.2976909467152
12,IF2,517,-372.5605826718931
12,IF2,518,-371.29536587192075
12,IF2,519,-370.0843375490153
12,IF2,520,-368.2977094178079
12,IF2,521,-371.21300124183733
12,IF2,522,-372.42278991681314
12,IF2,523,-372.83014456976633
12,IF2,524,-369.57525060621305
12,IF2,525,-366.75813169856934
12,IF2,526,-369.3044607525825
12,IF2,527,-369.2254717779804
12,IF2,528,-373.0926990408643
12,IF2,529,-367.21706746391527
12,IF2,530,-374.415922880588
12,IF2,531,-370.9408228712162
12,IF2,532,-363.1218796699186
12,IF2,533,-365.5677450994803
12,IF2,534,-364.94530357998616
12,IF2,535,-370.8894355589274
12,IF2,536,-375.77436360919626
12,IF2,537,-374.1899185219481
12,IF2,538,-369.8779311125155
12,IF2,539,-369.0075582288518
12,IF2,540,-367.593979357903
12,IF2,541,-370.18853972831863
12,IF2,542,-366.7075825678972
12,IF2,543,-364.81406123712395
12,IF2,544,-364.5336399981311
12,IF2,545,-374.27239156750153
12,IF2,546,-373.220557672302
12,IF2,547,-375.5810475407136
12,IF2,548,-367.4201563876499
12,IF2,549,-373.7541999518493
12,IF2,550,-374.8964105753637
12,IF2,551,-369.1281437112193
12,IF2,552,-372.65521669488186
12,IF2,553,-370.4927633843714
12,IF2,554,-367.828771029548
12,IF2,555,-374.27500609361147
12,IF2,556,-370.99110304646024
12,IF2,557,-369.69226556160356
12,IF2,558,-368.9253497303583
12,IF2,559,-368.66503144311645
12,IF2,560,-370.9858794918582
12,IF2,561,-366.3542859341327
12,IF2,562,-370.0770154489738
12,IF2,563,-374.7462840139056
12,IF2,564,-368.0726696809916
12,IF2,565,-374.43179729941966
12,IF2,566,-367.8251610288755
12,IF2,567,-370.36595891779683
12,IF2,568,-372.09276503095
12,IF2,569,-373.90609001731264
12,IF2,570,-369.27758627352324
12,IF2,571,-371.87100608604794
12,IF2,572,-368.45034479793185
12,IF2,573,-371.7423821236413
12,IF2,574,-371.30469280167034
12,IF2,575,-372.11762664535865
12,IF2,576,-367.9003899714544
12,IF2,577,-369.41276313484195
12,IF2,578,-370.8080534217094
12,IF2,579,-367.91515948144433
12,IF2,580,-372.68357941640704
12,IF2,581,-364.93788931361604
12,IF2,582,-371.57738358863713
12,IF2,583,-367.67112263216364
12,IF2,584,-367.4613952924898
12,IF2,585,-375.423935985332
12,IF2,586,-377.05036746268945
12,IF2,587,-376.484134316919
12,IF2,588,-367.5135354979321
12,IF2,589,-367.14061375951104
12,IF2,590,-371.61807096735913
12,IF2,591,-375.4565856335223
12,IF2,592,-370.23520363670684
12,IF2,593,-376.38829491105605
12,IF2,594,-363.52918117897434
12,IF2,595,-368.75567353076264
12,IF2,596,-365.7434928744335
12,IF2,597,-372.1729608956331
12,IF2,598,-363.07941924429986
12,IF2,599,-369.00769769307425
12,IFAD,0,-392.59213162146625
12,IFAD,1,-372.19212287217186
12,IFAD,2,-364.94557391525103
12,IFAD,3,-367.7140075696444
12,IFAD,4,-362.3445368531797
12,IFAD,5,-374.7140234067424
12,IFAD,6,-362.5540604573292
12,IFAD,7,-366.5760968490534
12,IFAD,8,-370.1399308031338
12,IFAD,9,-368.7342660958132
12,IFAD,10,-362.5511875620139
12,IFAD,11,-365.62209527570286
12,IFAD,12,-361.22970557161295
12,IFAD,13,-373.97921682281833
12,IFAD,14,-364.1113963457953
12,IFAD,15,-371.31083427273813
12,IFAD,16,-363.0862223308381
12,IFAD,17,-359.3693480708454
12,IFAD,18,-363.16178100875294
12,IFAD,19,-372.4148644778198
12,IFAD,20,-367.55594173396656
12,IFAD,21,-360.7956238510947
12,IFAD,22,-362.2394046323213
12,IFAD,23,-363.68330794842365
12,IFAD,24,-365.96555107461177
12,IFAD,25,-360.78704432747884
12,IFAD,26,-364.7965259046128
12,IFAD,27,-365.7043330975812
12,IFAD,28,-362.29246524879966
12,IFAD,29,-361.8163555988254
12,IFAD,30,-366.1731761018612
12,IFAD,31,-368.20831201630267
12,IFAD,32,-359.98315351117714
12,IFAD,33,-368.1924384592044
12,IFAD,34,-372.91860207179
12,IFAD,35,-367.08248513079474
12,IFAD,36,-365.72988293281395
12,IFAD,37,-363.4407192526042
12,IFAD,38,-371.21975549041326
12,IFAD,39,-370.4603420325929
12,IFAD,40,-376.1641786784977
12,IFAD,41,-375.3463599670382
12,IFAD,42,-362.3389088855031
12,IFAD,43,-366.34000740397363
12,IFAD,44,-363.9480475862848
12,IFAD,45,-364.91863242779084
12,IFAD,46,-369.6684719793639
12,IFAD,47,-362.1698814422327
12,IFAD,48,-365.8858267484686
12,IFAD,49,-365.5954333046362
12,IFAD,50,-366.2621976915385
12,IFAD,51,-368.9274252420037
12,IFAD,52,-364.2964555645516
12,IFAD,53,-367.30405512935664
12,IFAD,54,-366.19258945157725
12,IFAD,55,-367.643294835835
12,IFAD,56,-364.05831516825197
12,IFAD,57,-364.5214746859145
12,IFAD,58,-362.17937166767723
12,IFAD,59,-364.10128077884656
12,IFAD,60,-364.26989058275433
12,IFAD,61,-363.54170910333426
12,IFAD,62,-364.79015105797737
12,IFAD,63,-356.79611144390805
12,IFAD,64,-367.27488115796655
12,IFAD,65,-363.4519591426742
12,IFAD,66,-368.80631800842957
12,IFAD,67,-363.7370034219586
12,IFAD,68,-366.0742107489053
12,IFAD,69,-364.2658848608748
12,IFAD,70,-367.0426046299423
12,IFAD,71,-370.253811110857
12,IFAD,72,-371.37238290909454
12,IFAD,73,-366.4677054229501
12,IFAD,74,-368.3864109498983
12,IFAD,75,-363.3606740619656
12,IFAD,76,-369.28773826354114
12,IFAD,77,-364.0059532800022
12,IFAD,78,-363.5462445793536
12,IFAD,79,-366.4227510426692
12,IFAD,80,-370.3086954707783
12,IFAD,81,-360.45784663807365
12,IFAD,82,-361.28509010319345
12,IFAD,83,-364.2179972000535
12,IFAD,84,-366.4970841310686
12,IFAD,85,-363.23782352027246
12,IFAD,86,-362.8770112589722
12,IFAD,87,-368.62178429329254
12,IFAD,88,-372.21273208411867
12,IFAD,89,-371.2575510194034
12,IFAD,90,-364.7953362701512
12,IFAD,91,-362.37354321189866
12,IFAD,92,-362.89650475226097
12,IFAD,93,-360.58330070122037
12,IFAD,94,-367.5463964893568
12,IFAD,95,-368.4348532286677
12,IFAD,96,-371.6025880543221
12,IFAD,97,-362.1018775510763
12,IFAD,98,-369.8041433117831
12,IFAD,99,-367.0911791188513
12,IFAD,100,-363.83169224536965
12,IFAD,101,-365.6246806909108
12,IFAD,102,-366.8332884045818
12,IFAD,103,-372.23420387898733
12,IFAD,104,-371.73023119373505
12,IFAD,105,-369.57956418155356
12,IFAD,106,-363.5332118257079
12,IFAD,107,-362.72028416962036
12,IFAD,108,-369.0992968259133
12,IFAD,109,-360.84277121464606
12,IFAD,110,-363.2700680816679
12,IFAD,111,-368.5736989088353
12,IFAD,112,-364.29792508942705
12,IFAD,113,-366.93483676085316
12,IFAD,114,-362.1536653411493
12,IFAD,115,-365.91191995515345
12,IFAD,116,-365.77489832402534
12,IFAD,117,-366.1888704373257
12,IFAD,118,-369.31905922700724
12,IFAD,119,-364.412856011586
12,IFAD,120,-363.3571290485112
12,IFAD,121,-361.3843436717807
12,IFAD,122,-362.9393657965346
12,IFAD,123,-364.0751754474847
12,IFAD,124,-365.2223247590142
12,IFAD,125,-366.3888751710299
12,IFAD,126,-357.2724292208953
12,IFAD,127,-363.7311381247299
12,IFAD,128,-360.4227624309385
12,IFAD,129,-361.9935868156905
12,IFAD,130,-357.77897469955246
12,IFAD,131,-364.3556534160719
12,IFAD,132,-361.2424737788886
12,IFAD,133,-366.14852378638926
12,IFAD,134,-366.1550182044606
12,IFAD,135,-363.7784026462933
12,IFAD,136,-365.5496365860453
12,IFAD,137,-364.48206898600915
12,IFAD,138,-366.13172654310284
12,IFAD,139,-362.9138996720264
12,IFAD,140,-358.6015593138402
12,IFAD,141,-360.87378279067275
12,IFAD,142,-362.0023554929474
12,IFAD,143,-360.58562509848224
12,IFAD,144,-367.5670038681975
12,IFAD,145,-363.38538752642313
12,IFAD,146,-361.96241127249357
12,IFAD,147,-361.6657955684434
12,IFAD,148,-364.93463048450934
12,IFAD,149,-361.8424451474496
12,IFAD,150,-369.8681226586999
12,IFAD,151,-363.46885811114095
12,IFAD,152,-366.9988673674087
12,IFAD,153,-359.53342774068915
12,IFAD,154,-362.0155026312853
12,IFAD,155,-358.45351813429716
12,IFAD,156,-363.76248028298056
12,IFAD,157,-362.05881406842633
12,IFAD,158,-366.9037702121662
12,IFAD,159,-361.45495169757385
12,IFAD,160,-363.7462950302982
12,IFAD,161,-363.54947600802706
12,IFAD,162,-363.8402534798854
12,IFAD,163,-367.74152064080823
12,IFAD,164,-361.94993326580203
12,IFAD,165,-365.001664057506
12,IFAD,166,-362.4389874559449
12,IFAD,167,-364.05215722940244
12,IFAD,168,-360.39881198916976
12,IFAD,169,-364.0845245203363
12,IFAD,170,-359.4122839863069
12,IFAD,171,-366.76643905508934
12,IFAD,172,-365.52276944293715
12,IFAD,173,-363.38658806523995
12,IFAD,174,-365.1160771986389
12,IFAD,175,-360.72040717771205
12,IFAD,176,-361.94991035930803
12,IFAD,177,-356.9010853113623
12,IFAD,178,-360.784715341764
12,IFAD,179,-360.0238850223199
12,IFAD,180,-368.61217088167336
12,IFAD,181,-358.9354125621333
12,IFAD,182,-361.53012937178056
12,IFAD,183,-361.66582886975294
12,IFAD,184,-365.8567423730344
12,IFAD,185,-364.0249696339651
12,IFAD,186,-367.30841398487024
12,IFAD,187,-364.62651356823795
12,IFAD,188,-364.3145799147748
12,IFAD,189,-366.6504107150876
12,IFAD,190,-362.32401401371317
12,IFAD,191,-362.8770185098717
12,IFAD,192,-366.1134847952608
12,IFAD,193,-365.38635257721563
12,IFAD,194,-363.64156277418857
12,IFAD,195,-362.32007557437254
12,IFAD,196,-365.68633883969244
12,IFAD,197,-363.5138433885439
12,IFAD,198,-365.46921870036556
12,IFAD,199,-369.4316244337117
12,IFAD,200,-360.31320673607644
12,IFAD,201,-363.4058913885188
12,IFAD,202,-362.7070826577346
12,IFAD,203,-366.4452103302877
12,IFAD,204,-365.51276684921413
12,IFAD,205,-366.4436163913081
12,IFAD,206,-357.69424354524034
12,IFAD,207,-365.5375707219733
12,IFAD,208,-361.8501641147517
12,IFAD,209,-364.2523650734125
12,IFAD,210,-362.87834632745745
12,IFAD,211,-363.11640549930104
12,IFAD,212,-363.34253014167103
12,IFAD,213,-358.41614698616644
12,IFAD,214,-359.4807207494355
12,IFAD,215,-364.1435608328857
12,IFAD,216,-364.38845285186676
12,IFAD,217,-365.26877148601807
12,IFAD,218,-363.6903202976542
12,IFAD,219,-365.6289226817392
12,IFAD,220,-362.3351765944679
12,IFAD,221,-356.7122795824925
12,IFAD,222,-364.31516380262144
12,IFAD,223,-367.54395712711136
12,IFAD,224,-362.43310911717595
12,IFAD,225,-358.570974363848
12,IFAD,226,-359.27858935204296
12,IFAD,227,-361.35901003691157
12,IFAD,228,-365.9580409476831
12,IFAD,229,-363.2974285992181
12,IFAD,230,-365.32236479143427
12,IFAD,231,-365.12058817908274
12,IFAD,232,-357.76215231077356
12,IFAD,233,-361.8744727458984
12,IFAD,234,-365.29799537133243
12,IFAD,235,-362.5639981479615
12,IFAD,236,-366.31641766732406
12,IFAD,237,-361.08744790846515
12,IFAD,238,-364.53579814910125
12,IFAD,239,-363.58898823209734
12,IFAD,240,-359.09850494706814
12,IFAD,241,-364.3699841635443
12,IFAD,242,-367.5474456524819
12,IFAD,243,-361.33736692094544
12,IFAD,244,-367.72468898868703
12,IFAD,245,-359.40978021916817
12,IFAD,246,-361.1513991820513
12,IFAD,247,-367.9703539887283
12,IFAD,248,-367.3712634879387
12,IFAD,249,-358.9142303658734
12,IFAD,250,-362.46353628133306
12,IFAD,251,-365.8119018964024
12,IFAD,252,-363.32462817992706
12,IFAD,253,-358.6144104887673
12,IFAD,254,-364.48869425190037
12,IFAD,255,-358.2847806001202
12,IFAD,256,-359.3701489899237
12,IFAD,257,-367.7696964562475
12,IFAD,258,-364.2096777008945
12,IFAD,259,-364.82685527554906
12,IFAD,260,-362.5958641689055
12,IFAD,261,-361.06143551571375
12,IFAD,262,-361.246473103543
12,IFAD,263,-369.17157278372235
12,IFAD,264,-361.06981503350363
12,IFAD,265,-363.07729720767503
12,IFAD,266,-360.88501803102974
12,IFAD,267,-366.42660129338674
12,IFAD,268,-361.16045513734304
12,IFAD,269,-368.74476483958057
12,IFAD,270,-363.4202415862825
12,IFAD,271,-368.05318395764937
12,IFAD,272,-367.6228827280515
12,IFAD,273,-356.2038285968296
12,IFAD,274,-365.18150476411637
12,IFAD,275,-366.48082070486726
12,IFAD,276,-361.6319446422442
12,IFAD,277,-362.79085284532783
12,IFAD,278,-364.4225211928043
12,IFAD,279,-366.11148579594385
12,IFAD,280,-361.2780855148742
12,IFAD,281,-362.57903780128925
12,IFAD,282,-359.0840214778293
12,IFAD,283,-359.8825942642578
12,IFAD,284,-364.6738519686586
12,IFAD,285,-365.23791947281364
12,IFAD,286,-363.629917743806
12,IFAD,287,-359.1671808580481
12,IFAD,288,-363.05171486651716
12,IFAD,289,-365.67344553781453
12,IFAD,290,-368.75503689004444
12,IFAD,291,-362.9618787850687
12,IFAD,292,-362.0617643035104
12,IFAD,293,-362.2806755580615
12,IFAD,294,-370.707483202362
12,IFAD,295,-360.03774334334116
12,IFAD,296,-363.8975735062076
12,IFAD,297,-363.05551994820127
12,IFAD,298,-363.1642567248565
12,IFAD,299,-365.0787090360114
12,IFAD,300,-363.54905647557956
12,IFAD,301,-365.00586282643314
12,IFAD,302,-361.23754393723004
12,IFAD,303,-362.8168119617305
12,IFAD,304,-360.4580219123725
12,IFAD,305,-367.0834315166543
12,IFAD,306,-361.2514074308122
12,IFAD,307,-363.22165355781414
12,IFAD,308,-364.8517805276255
12,IFAD,309,-361.1384666030508
12,IFAD,310,-362.7012645067387
12,IFAD,311,-364.8949701761815
12,IFAD,312,-365.4119886067799
12,IFAD,313,-363.31396902205296
12,IFAD,314,-359.01882920788654
12,IFAD,315,-362.55085753843906
12,IFAD,316,-361.48089806683726
12,IFAD,317,-361.11331371224816
12,IFAD,318,-365.0709832526046
12,IFAD,319,-359.37520260348646
12,IFAD,320,-360.626880997211
12,IFAD,321,-364.0229893733981
12,IFAD,322,-365.6568680572294
12,IFAD,323,-362.6621619796901
12,IFAD,324,-360.81670560440915
12,IFAD,325,-369.1417710539089
12,IFAD,326,-363.77037992087753
12,IFAD,327,-364.2438591891019
12,IFAD,328,-362.6804221589899
12,IFAD,329,-357.6634121628977
12,IFAD,330,-364.00009121347665
12,IFAD,331,-364.10712646750443
12,IFAD,332,-363.0990568266499
12,IFAD,333,-363.374770654008
12,IFAD,334,-358.9205410968852
12,IFAD,335,-359.8831750041632
12,IFAD,336,-360.244053472787
12,IFAD,337,-365.58951816778074
12,IFAD,338,-361.96373275796833
12,IFAD,339,-360.8982048857064
12,IFAD,340,-358.0819085237706
12,IFAD,341,-364.52806376398814
12,IFAD,342,-359.353736330383
12,IFAD,343,-360.60769516130125
12,IFAD,344,-368.38641084652613
12,IFAD,345,-358.4599372736894
12,IFAD,346,-361.0134468177054
12,IFAD,347,-363.8708802555372
12,IFAD,348,-363.00813593468087
12,IFAD,349,-358.80045867518754
12,IFAD,350,-362.13292372474734
12,IFAD,351,-363.6452625839944
12,IFAD,352,-360.7818196352844
12,IFAD,353,-361.3023168556743
12,IFAD,354,-364.2733795048321
12,IFAD,355,-360.4616493673422
12,IFAD,356,-360.574549020252
12,IFAD,357,-362.84808501316206
12,IFAD,358,-362.29673401297066
12,IFAD,359,-361.23083976172904
12,IFAD,360,-363.2171665269433
12,IFAD,361,-366.6590621079894
12,IFAD,362,-363.20566102260875
12,IFAD,363,-360.5703290918883
12,IFAD,364,-359.3832689767931
12,IFAD,365,-364.2458415293003
12,IFAD,366,-364.5934162544505
12,IFAD,367,-363.0317698703326
12,IFAD,368,-359.5123831929584
12,IFAD,369,-363.2755207675792
12,IFAD,370,-363.4915668857111
12,IFAD,371,-368.74549966090945
12,IFAD,372,-364.6383266733444
12,IFAD,373,-361.5410225905792
12,IFAD,374,-368.298863599815
12,IFAD,375,-357.9010828681543
12,IFAD,376,-364.5237451709
12,IFAD,377,-356.5440269316788
12,IFAD,378,-361.5592668281287
12,IFAD,379,-359.3520585379072
12,IFAD,380,-362.33534710548525
12,IFAD,381,-362.1784813260457
12,IFAD,382,-363.2587553911516
12,IFAD,383,-362.0318227765546
12,IFAD,384,-365.6337980411076
12,IFAD,385,-360.7780447801495
12,IFAD,386,-359.9214468500234
12,IFAD,387,-360.00983129851403
12,IFAD,388,-367.56373332779043
12,IFAD,389,-364.0699216134387
12,IFAD,390,-366.1136028409928
12,IFAD,391,-357.56410512044397
12,IFAD,392,-363.3574106586695
12,IFAD,393,-362.08274677689604
12,IFAD,394,-360.0634801895357
12,IFAD,395,-365.9585282352685
12,IFAD,396,-364.747266528322
12,IFAD,397,-363.8636302392483
12,IFAD,398,-365.5925305473344
12,IFAD,399,-363.3875019306226
12,DS19,0,-441.8517542550247
12,DS19,1,-439.0671992726492
12,DS19,2,-415.58896425482095
12,DS19,3,-438.62123301607244
12,DS19,4,-412.58043357282696
12,DS19,5,-435.41269136141375
12,DS19,6,-423.5321776010019
12,DS19,7,-416.6779854897419
12,DS19,8,-417.83712578129996
12,DS19,9,-396.19169480988967
12,DS19,10,-412.726034539942
12,DS19,11,-405.73531588409446
12,DS19,12,-416.13677374343916
12,DS19,13,-400.7007962588263
12,DS19,14,-397.4902045703714
12,DS19,15,-401.6693000677159
12,DS19,16,-398.7434522599727
12,DS19,17,-404.92857587391927
12,DS19,18,-411.27400320634774
12,DS19,19,-409.96388207077763
12,DS19,20,-392.7512404149732
12,DS19,21,-391.843639740852
12,DS19,22,-388.4503178863423
12,DS19,23,-394.25959368276244
12,DS19,24,-396.15415780137164
12,DS19,25,-398.14419548076347
12,DS19,26,-383.66039219756783
12,DS19,27,-393.91418038672055
12,DS19,28,-391.992117786957
12,DS19,29,-387.8839021541883
12,DS19,30,-396.7623824761272
12,DS19,31,-398.7355434501396
12,DS19,32,-370.90598777489873
12,DS19,33,-391.41956501415046
12,DS19,34,-385.12177549373934
12,DS19,35,-388.58147522906245
12,DS19,36,-393.9335345121471
12,DS19,37,-375.2239802777002
12,DS19,38,-385.0692919214625
12,DS19,39,-386.78105694419867
12,DS19,40,-401.05226512231866
12,DS19,41,-378.8442580510228
12,DS19,42,-387.5402036229202
12,DS19,43,-381.86328321332394
12,DS19,44,-369.82767407527444
12,DS19,45,-373.6056889522091
12,DS19,46,-381.7948820418699
12,DS19,47,-394.21167107020295
12,DS19,48,-372.96051211080817
12,DS19,49,-376.3900252758959
12,DS19,50,-375.33260313836564
12,DS19,51,-388.98260816340735
12,DS19,52,-379.2154550089792
12,DS19,53,-367.04031752374516
12,DS19,54,-374.3572373025802
12,DS19,55,-378.01517250873593
12,DS19,56,-371.76055533846977
12,DS19,57,-372.56956489988346
12,DS19,58,-379.39035430978805
12,DS19,59,-376.66021468321895
12,DS19,60,-369.10173416495
12,DS19,61,-373.01885248946166
12,DS19,62,-374.76793103081326
12,DS19,63,-383.8707368383704
12,DS19,64,-380.1650520148279
12,DS19,65,-380.3857270472823
12,DS19,66,-386.78560006376966
12,DS19,67,-377.9843842108944
12,DS19,68,-381.0344061584102
12,DS19,69,-370.8259534240164
12,DS19,70,-370.0207667686878
12,DS19,71,-376.27722500694506
12,DS19,72,-374.22390785558383
12,DS19,73,-365.8088109538433
12,DS19,74,-377.9039768286523
12,DS19,75,-387.72998943755204
12,DS19,76,-379.90815372059996
12,DS19,77,-378.9849785834016
12,DS19,78,-374.18534906585205
12,DS19,79,-367.44350812375194
12,DS19,80,-376.466485356254
12,DS19,81,-375.9719362008052
12,DS19,82,-373.9187265952966
12,DS19,83,-373.131113331376
12,DS19,84,-376.3886131463563
12,DS19,85,-389.6479935280883
12,DS19,86,-369.6078827493791
12,DS19,87,-371.5260974608327
12,DS19,88,-378.322262374946
12,DS19,89,-369.7764743665923
12,DS19,90,-376.6500317470866
12,DS19,91,-385.408613634982
12,DS19,92,-372.8641147124329
12,DS19,93,-370.642783467904
12,DS19,94,-384.2522468896688
12,DS19,95,-391.8485398327233
12,DS19,96,-386.62948489394995
12,DS19,97,-374.6715886299049
12,DS19,98,-375.49186347879703
12,DS19,99,-366.80258984379424
12,DS19,100,-384.29728449915723
12,DS19,101,-376.40737852498586
12,DS19,102,-393.08604742659253
12,DS19,103,-376.9226402854174
12,DS19,104,-375.5700084005244
12,DS19,105,-377.3117715854097
12,DS19,106,-382.4434556074094
12,DS19,107,-374.51699841738275
12,DS19,108,-403.5621969830305
12,DS19,109,-381.13216390837744
12,DS19,110,-377.0218545521373
12,DS19,111,-386.5577346106543
12,DS19,112,-373.57614535644433
12,DS19,113,-380.14841411928955
12,DS19,114,-371.13701670840175
12,DS19,115,-368.92589898950723
12,DS19,116,-373.68160525846196
12,DS19,117,-380.2819149667568
12,DS19,118,-371.3234793762783
12,DS19,119,-370.81915875154937
12,DS19,120,-378.2606454722454
12,DS19,121,-384.3635589505692
12,DS19,122,-368.1151026129959
12,DS19,123,-386.988844110414
12,DS19,124,-372.16952907281836
12,DS19,125,-390.4407660531927
12,DS19,126,-379.46473266429416
12,DS19,127,-390.9058785765135
12,DS19,128,-373.3605781477046
12,DS19,129,-396.04818521070166
12,DS19,130,-386.0119660410649
12,DS19,131,-378.30874642552646
12,DS19,132,-383.3796884332016
12,DS19,133,-386.80762462964645
12,DS19,134,-370.17318229554786
12,DS19,135,-370.56010435217644
12,DS19,136,-374.653559307127
12,DS19,137,-379.26977863361583
12,DS19,138,-372.64658872339834
12,DS19,139,-369.3865412531942
12,DS19,140,-376.69819513073674
12,DS19,141,-378.57172807357733
12,DS19,142,-369.0214888117067
12,DS19,143,-374.9052140501852
12,DS19,144,-384.998808645555
12,DS19,145,-378.42307464819464
12,DS19,146,-370.5206222074569
12,DS19,147,-382.741045916717
12,DS19,148,-366.8549952642489
12,DS19,149,-388.81326675001725
12,DS19,150,-372.0501318071574
12,DS19,151,-380.5388278827486
12,DS19,152,-373.6264111509648
12,DS19,153,-382.2872730035153
12,DS19,154,-370.2314756494093
12,DS19,155,-376.3432020571185
12,DS19,156,-384.17330031074056
12,DS19,157,-374.09724334747
12,DS19,158,-379.75592071649197
12,DS19,159,-376.49840719368683
12,DS19,160,-378.27357140938085
12,DS19,161,-375.90884635049315
12,DS19,162,-378.5591934482901
12,DS19,163,-388.79795618599957
12,DS19,164,-370.6109350298629
12,DS19,165,-380.68975927095084
12,DS19,166,-367.1552552297541
12,DS19,167,-380.30848666932053
12,DS19,168,-382.03912884480496
12,DS19,169,-376.5970199851891
12,DS19,170,-366.72498695405596
12,DS19,171,-385.6089110647821
12,DS19,172,-375.92380059010776
12,DS19,173,-376.57348604274495
12,DS19,174,-392.5160121488964
12,DS19,175,-375.6846041089092
12,DS19,176,-378.0484957648387
12,DS19,177,-384.12988466493266
12,DS19,178,-385.03484557558664
12,DS19,179,-381.0994276030385
12,DS19,180,-389.37838065816555
12,DS19,181,-371.46623279950603
12,DS19,182,-385.55481164071045
12,DS19,183,-379.23439108618567
12,DS19,184,-368.81220822310814
12,DS19,185,-379.4569528914267
12,DS19,186,-383.5630633111368
12,DS19,187,-382.4714280935966
12,DS19,188,-388.9769643836606
12,DS19,189,-374.73457811009325
12,DS19,190,-393.9577938721767
12,DS19,191,-372.08939022006757
12,DS19,192,-392.0655884993536
12,DS19,193,-380.32487576961483
12,DS19,194,-389.30870471412226
12,DS19,195,-377.3967512262328
12,DS19,196,-385.71251244822463
12,DS19,197,-379.66858214206286
12,DS19,198,-372.6433729568733
12,DS19,199,-392.7747089218011
12,DS19,200,-381.8596318720142
12,DS19,201,-362.05248057314157
12,DS19,202,-385.7019000550287
12,DS19,203,-361.3466284688056
12,DS19,204,-374.6032504140221
12,DS19,205,-365.9332251786274
12,DS19,206,-374.8982746442803
12,DS19,207,-385.4606061597402
12,DS19,208,-388.65728428162726
12,DS19,209,-375.4275104472127
12,DS19,210,-384.3046369432672
12,DS19,211,-389.1984367741162
12,DS19,212,-385.59551374181854
12,DS19,213,-379.3188526191992
12,DS19,214,-382.8120601084704
12,DS19,215,-385.93426621930934
12,DS19,216,-387.0178584000797
12,DS19,217,-382.1240348278148
12,DS19,218,-375.945105950204
12,DS19,219,-376.22041427498976
12,DS19,220,-371.03070137566726
12,DS19,221,-369.5709912138723
12,DS19,222,-372.28890468096
12,DS19,223,-374.6927147135563
12,DS19,224,-375.5231260178122
12,DS19,225,-375.1576148449061
12,DS19,226,-374.3904684465761
12,DS19,227,-375.3641816522269
12,DS19,228,-377.70070809154083
12,DS19,229,-371.7414079539459
12,DS19,230,-384.9916475176261
12,DS19,231,-379.1079927444375
12,DS19,232,-370.5219904689341
12,DS19,233,-373.07909714845414
12,DS19,234,-383.92444697425384
12,DS19,235,-386.63451312111033
12,DS19,236,-382.7894255184747
12,DS19,237,-373.0662569838958
12,DS19,238,-385.4919664615917
12,DS19,239,-378.23966129464355
12,DS19,240,-381.16592260625043
12,DS19,241,-382.061669108419
12,DS19,242,-374.93496845811035
12,DS19,243,-402.5475248849266
12,DS19,244,-376.87321337091026
12,DS19,245,-391.11063263049107
12,DS19,246,-385.96496082209546
12,DS19,247,-371.2933879424793
12,DS19,248,-381.66169415642213
12,DS19,249,-377.60770496384725
12,DS19,250,-371.6847229840207
12,DS19,251,-376.7275564923222
12,DS19,252,-368.22389433211646
12,DS19,253,-384.1844918094898
12,DS19,254,-370.0958058885569
12,DS19,255,-371.5495522073553
12,DS19,256,-376.79778121278673
12,DS19,257,-368.5030526345476
12,DS19,258,-384.95408685259486
12,DS19,259,-371.4615121290384
12,DS19,260,-380.42722085705066
12,DS19,261,-382.2307266592581
12,DS19,262,-366.4816010732201
12,DS19,263,-371.1846621822397
12,DS19,264,-388.46885446136514
12,DS19,265,-371.4624459488522
12,DS19,266,-386.00731133256215
12,DS19,267,-370.03505693450586
12,DS19,268,-384.7832095622273
12,DS19,269,-369.14873440083613
12,DS19,270,-380.1470604392097
12,DS19,271,-372.1732356599392
12,DS19,272,-380.58708020302765
12,DS19,273,-374.24306337377016
12,DS19,274,-367.24523100393753
12,DS19,275,-378.77404631605253
12,DS19,276,-378.39355307365616
12,DS19,277,-370.44127938439283
12,DS19,278,-383.64912221049735
12,DS19,279,-385.91214024027346
12,DS19,280,-381.4424416516215
12,DS19,281,-375.01577816361174
12,DS19,282,-368.79093819706964
12,DS19,283,-372.4869042175237
12,DS19,284,-373.17157208070216
12,DS19,285,-374.1352110887826
12,DS19,286,-368.7199977989565
12,DS19,287,-381.52047524202993
12,DS19,288,-385.25257427977914
12,DS19,289,-362.91044198605766
12,DS19,290,-366.62873389823875
12,DS19,291,-377.8351788796913
12,DS19,292,-373.4241241425337
12,DS19,293,-368.4493764010049
12,DS19,294,-386.32224386849356
12,DS19,295,-379.67024028829604
12,DS19,296,-373.83351789569167
12,DS19,297,-371.49055040614206
12,DS19,298,-377.908288463694
12,DS19,299,-376.27981276960725
12,CTDD21,0,-504.85883691316434
12,CTDD21,1,-482.8525893034626
12,CTDD21,2,-475.0709894439471
12,CTDD21,3,-464.62492534098055
12,CTDD21,4,-475.1945138049609
12,CTDD21,5,-498.1316816371026
12,CTDD21,6,-471.154761779636
12,CTDD21,7,-499.2593231406288
12,CTDD21,8,-455.3047802036303
12,CTDD21,9,-490.2948919623565
12,CTDD21,10,-472.5599399400829
12,CTDD21,11,-454.92058269750635
12,CTDD21,12,-474.3842787702563
12,CTDD21,13,-447.16986101201707
12,CTDD21,14,-475.5182329792873
12,CTDD21,15,-435.56845659412926
12,CTDD21,16,-463.62133948640326
12,CTDD21,17,-449.16041199615756
12,CTDD21,18,-484.658099499943
12,CTDD21,19,-472.1124574265299
12,CTDD21,20,-434.0747791456667
12,CTDD21,21,-467.0094019250545
12,CTDD21,22,-470.0692943201089
12,CTDD21,23,-435.17982383288165
12,CTDD21,24,-466.8321033853125
12,CTDD21,25,-462.53849277971426
12,CTDD21,26,-437.1068804198958
12,CTDD21,27,-466.3046774058073
12,CTDD21,28,-454.96621583269183
12,CTDD21,29,-456.7078593243558
12,CTDD21,30,-426.35580304087546
12,CTDD21,31,-452.294379196887
12,CTDD21,32,-461.72733753459516
12,CTDD21,33,-442.3048769962702
12,CTDD21,34,-454.053933916614
12,CTDD21,35,-472.0672564647237
12,CTDD21,36,-425.48396744569584
12,CTDD21,37,-424.5968046904436
12,CTDD21,38,-441.3590532126856
12,CTDD21,39,-460.076553520849
12,CTDD21,40,-440.5968380073764
12,CTDD21,41,-433.08992377825234
12,CTDD21,42,-429.0548301065092
12,CTDD21,43,-427.9296924438347
12,CTDD21,44,-452.3360687807873
12,CTDD21,45,-458.753788152115
12,CTDD21,46,-428.3150792748586
12,CTDD21,47,-439.60948246724035
12,CTDD21,48,-459.5424716804136
12,CTDD21,49,-431.46620965822893
12,CTDD21,50,-433.51691394927127
12,CTDD21,51,-410.04926827977937
12,CTDD21,52,-438.07263732600234
12,CTDD21,53,-436.22643052079377
12,CTDD21,54,-416.25873419016773
12,CTDD21,55,-416.46554766767997
12,CTDD21,56,-432.9542340914303
12,CTDD21,57,-416.4421337534286
12,CTDD21,58,-415.0508917731777
12,CTDD21,59,-435.0430114608828
12,CTDD21,60,-400.8986278074639
12,CTDD21,61,-447.2331378734273
12,CTDD21,62,-444.5964178480625
12,CTDD21,63,-411.77634639945336
12,CTDD21,64,-441.5694975855803
12,CTDD21,65,-446.5204222567685
12,CTDD21,66,-428.4557145663164
12,CTDD21,67,-435.4520904481476
12,CTDD21,68,-426.83116626055215
12,CTDD21,69,-406.28585948533896
12,CTDD21,70,-405.27403870219484
12,CTDD21,71,-435.4518013720964
12,CTDD21,72,-401.03778962824816
12,CTDD21,73,-412.4788512352537
12,CTDD21,74,-432.63401883319995
12,CTDD21,75,-442.9782029157161
12,CTDD21,76,-429.87960524796915
12,CTDD21,77,-431.3264915209213
12,CTDD21,78,-436.0867819230546
12,CTDD21,79,-452.52080059154144
12,CTDD21,80,-432.8399519464792
12,CTDD21,81,-432.4043656972756
12,CTDD21,82,-407.87945932652167
12,CTDD21,83,-455.6942035727802
12,CTDD21,84,-431.52837587105375
12,CTDD21,85,-427.32087040183467
12,CTDD21,86,-407.7527233202848
12,CTDD21,87,-410.38907385304674
12,CTDD21,88,-397.9559884026632
12,CTDD21,89,-414.7721691460115
12,CTDD21,90,-424.15901125158825
12,CTDD21,91,-416.0749436040739
12,CTDD21,92,-433.9941516477188
12,CTDD21,93,-421.82193540453125
12,CTDD21,94,-405.60870402854346
12,CTDD21,95,-429.2421830558993
12,CTDD21,96,-419.1902593754164
12,CTDD21,97,-416.3436057349719
12,CTDD21,98,-448.79897009565275
12,CTDD21,99,-426.01222029341295
12,CTDD21,100,-426.91816021333585
12,CTDD21,101,-409.42740964965077
12,CTDD21,102,-398.2599836885117
12,CTDD21,103,-439.9727001836127
12,CTDD21,104,-401.45612123104866
12,CTDD21,105,-396.99429113852943
12,CTDD21,106,-409.6771155496809
12,CTDD21,107,-419.78328206487083
12,CTDD21,108,-421.40569736672273
12,CTDD21,109,-456.98375417435386
12,CTDD21,110,-420.73525618616486
12,CTDD21,111,-429.4851733378474
12,CTDD21,112,-423.5974627906468
12,CTDD21,113,-418.36813234872415
12,CTDD21,114,-421.7334303605521
12,CTDD21,115,-420.9810132130059
12,CTDD21,116,-426.95402980459147
12,CTDD21,117,-425.65839948639666
12,CTDD21,118,-429.71074153869563
12,CTDD21,119,-442.52678091515224
12,CTDD21,120,-397.81547008955334
12,CTDD21,121,-395.92901202349987
12,CTDD21,122,-420.1286011899489
12,CTDD21,123,-421.22704524696053
12,CTDD21,124,-407.5957069312049
12,CTDD21,125,-429.6331288037551
12,CTDD21,126,-408.47816884672113
12,CTDD21,127,-404.53750504112236
12,CTDD21,128,-429.95179982518573
12,CTDD21,129,-442.09586138761927
12,CTDD21,130,-428.0055436450605
12,CTDD21,131,-440.31048667757284
12,CTDD21,132,-423.2746727390042
12,CTDD21,133,-436.4932604134697
12,CTDD21,134,-456.23113237983387
12,CTDD21,135,-423.7779233806297
12,CTDD21,136,-429.97636790391783
12,CTDD21,137,-423.89584417966273
12,CTDD21,138,-435.12931797503086
12,CTDD21,139,-426.50548891715414
12,CTDD21,140,-397.89547566483486
12,CTDD21,141,-411.06524186050314
12,CTDD21,142,-397.0172087894128
12,CTDD21,143,-416.6026379258239
12,CTDD21,144,-429.14862993287386
12,CTDD21,145,-395.9409646552167
12,CTDD21,146,-416.1869167334595
12,CTDD21,147,-456.4964340258962
12,CTDD21,148,-399.67098432817374
12,CTDD21,149,-415.6726575373526
12,CTDD21,150,-447.01634376416246
12,CTDD21,151,-441.0778697989361
12,CTDD21,152,-414.1157196167958
12,CTDD21,153,-423.94997760353175
12,CTDD21,154,-435.0701174929311
12,CTDD21,155,-409.3876910429674
12,CTDD21,156,-419.3962868053944
12,CTDD21,157,-391.31106110040685
12,CTDD21,158,-419.723808544068
12,CTDD21,159,-435.3237494474959
12,CTDD21,160,-412.02131860368735
12,CTDD21,161,-425.0414184480031
12,CTDD21,162,-424.74712540953067
12,CTDD21,163,-425.90130174375815
12,CTDD21,164,-409.7246021098521
12,CTDD21,165,-420.1220664298788
12,CTDD21,166,-394.8254929397772
12,CTDD21,167,-424.81517429853193
12,CTDD21,168,-408.0902929060584
12,CTDD21,169,-426.3234811609973
12,CTDD21,170,-432.06885537272547
12,CTDD21,171,-418.95215936538517
12,CTDD21,172,-430.5853814619384
12,CTDD21,173,-419.3303031483877
12,CTDD21,174,-409.4978939244611
12,CTDD21,175,-417.55284301709776
12,CTDD21,176,-437.1530372844013
12,CTDD21,177,-409.3099363328792
12,CTDD21,178,-410.0504053854154
12,CTDD21,179,-423.4475109376686
12,CTDD21,180,-451.39851170594005
12,CTDD21,181,-412.24742336013094
12,CTDD21,182,-418.03469065948946
12,CTDD21,183,-432.1737325736303
12,CTDD21,184,-411.4050257261381
12,CTDD21,185,-410.5346543579239
12,CTDD21,186,-459.07772315791624
12,CTDD21,187,-397.2521572810897
12,CTDD21,188,-456.30785705104887
12,CTDD21,189,-408.32667909004317
12,CTDD21,190,-420.25136973829086
12,CTDD21,191,-412.2921397322001
12,CTDD21,192,-427.38151668433886
12,CTDD21,193,-442.0187417010337
12,CTDD21,194,-437.75591101278917
12,CTDD21,195,-444.4672078055031
12,CTDD21,196,-406.22990203191137
12,CTDD21,197,-444.2511017304266
12,CTDD21,198,-447.7020749055838
12,CTDD21,199,-419.47851747488744
12,CTDD21,200,-455.360155514677
12,CTDD21,201,-418.1439335559301
12,CTDD21,202,-419.84684040914055
12,CTDD21,203,-430.1291978532745
12,CTDD21,204,-423.7996164343206
12,CTDD21,205,-443.05785387898527
12,CTDD21,206,-411.1966324953758
12,CTDD21,207,-432.14512177803
12,CTDD21,208,-419.22301397188517
12,CTDD21,209,-440.3110209876328
12,CTDD21,210,-410.9740911040493
12,CTDD21,211,-425.80023935269713
12,CTDD21,212,-430.94333174833406
12,CTDD21,213,-396.4719842734727
12,CTDD21,214,-432.23342769857976
12,CTDD21,215,-418.0586794359323
12,CTDD21,216,-419.3915945613446
12,CTDD21,217,-429.2727818804383
12,CTDD21,218,-425.91570886551716
12,CTDD21,219,-408.5150234662851
12,CTDD21,220,-434.2260662630021
12,CTDD21,221,-427.81495064733423
12,CTDD21,222,-413.43283926881935
12,CTDD21,223,-389.5952321158257
12,CTDD21,224,-428.02281767185116
12,CTDD21,225,-434.0708602245205
12,CTDD21,226,-421.5001003395957
12,CTDD21,227,-442.43659218476034
12,CTDD21,228,-403.0294559191381
12,CTDD21,229,-402.8993372780944
12,CTDD21,230,-423.1460111836949
12,CTDD21,231,-405.4793051451416
12,CTDD21,232,-414.57907133521906
12,CTDD21,233,-413.57247025063936
12,CTDD21,234,-430.88890827391214
12,CTDD21,235,-427.1982932232699
12,CTDD21,236,-428.9627703340777
12,CTDD21,237,-443.5454281118019
12,CTDD21,238,-395.72760749542385
12,CTDD21,239,-423.39921875430355
12,CTDD21,240,-420.839381141096
12,CTDD21,241,-408.1820949025681
12,CTDD21,242,-432.67244171493905
12,CTDD21,243,-420.7833050535111
12,CTDD21,244,-401.91111269387505
12,CTDD21,245,-412.2628506880982
12,CTDD21,246,-430.7685508752467
12,CTDD21,247,-404.8374534852487
12,CTDD21,248,-422.6673824229295
12,CTDD21,249,-417.76884342444527
12,CTDD21,250,-447.98780399249654
12,CTDD21,251,-409.86828246664015
12,CTDD21,252,-411.1437249273241
12,CTDD21,253,-428.21079986235463
12,CTDD21,254,-427.05676006936625
12,CTDD21,255,-434.9478791027505
12,CTDD21,256,-434.5903354159154
12,CTDD21,257,-454.2405724758815
12,CTDD21,258,-423.4563275927627
12,CTDD21,259,-440.3393811406941
12,CTDD21,260,-404.34241116573486
12,CTDD21,261,-439.84645169580966
12,CTDD21,262,-414.4786762011309
12,CTDD21,263,-413.30785156785123
12,CTDD21,264,-443.2185915271846
12,CTDD21,265,-408.41811600039176
12,CTDD21,266,-428.1843044785993
12,CTDD21,267,-398.11782885719106
12,CTDD21,268,-433.54233258585333
12,CTDD21,269,-404.83132490526367
12,CTDD21,270,-390.289311663807
12,CTDD21,271,-412.63929600231705
12,CTDD21,272,-437.3582933386236
12,CTDD21,273,-399.53132025171925
12,CTDD21,274,-443.9577167628489
12,CTDD21,275,-420.55500845765505
12,CTDD21,276,-430.04438782893834
12,CTDD21,277,-441.8533497998251
12,CTDD21,278,-415.5027135882486
12,CTDD21,279,-440.53644553117965
12,CTDD21,280,-418.71767631061937
12,CTDD21,281,-408.23730872294516
12,CTDD21,282,-425.6095184782897
12,CTDD21,283,-414.6374591016097
12,CTDD21,284,-428.00956859946746
12,CTDD21,285,-431.16036224434504
12,CTDD21,286,-420.784554115145
12,CTDD21,287,-411.9107654933575
12,CTDD21,288,-424.3366023102482
12,CTDD21,289,-420.7533160640884
12,CTDD21,290,-423.94923395358444
12,CTDD21,291,-442.1296861179463
12,CTDD21,292,-450.0982675195619
12,CTDD21,293,-429.77518194019876
12,CTDD21,294,-450.65411714081915
12,CTDD21,295,-411.06801734015244
12,CTDD21,296,-420.58040194199043
12,CTDD21,297,-428.2756568372177
12,CTDD21,298,-406.5461208509089
12,CTDD21,299,-454.5411833670604
13,IF2,0,-368.19921687791674
13,IF2,1,-366.69016931050754
13,IF2,2,-368.48607386854866
13,IF2,3,-370.25644899818946
13,IF2,4,-366.6384268718791
13,IF2,5,-359.3025187462787
13,IF2,6,-371.00980940222746
13,IF2,7,-365.8606300704984
13,IF2,8,-375.2835923499395
13,IF2,9,-363.8426882252364
13,IF2,10,-375.4034515130904
13,IF2,11,-381.33556118756485
13,IF2,12,-377.2533320971381
13,IF2,13,-360.4662544978585
13,IF2,14,-364.9963291248917
13,IF2,15,-369.8535527095072
13,IF2,16,-362.67121786494863
13,IF2,17,-368.6808435618247
13,IF2,18,-369.3421850871651
13,IF2,19,-373.76779430763423
13,IF2,20,-364.97093767021624
13,IF2,21,-368.46922771979433
13,IF2,22,-366.8040442034008
13,IF2,23,-370.4980239942384
13,IF2,24,-379.0725775315804
13,IF2,25,-379.25865261884985
13,IF2,26,-377.59933837821995
13,IF2,27,-372.3393314704285
13,IF2,28,-357.74898981924366
13,IF2,29,-369.1816685448502
13,IF2,30,-369.12593662629246
13,IF2,31,-361.8584711209763
13,IF2,32,-364.4960925173363
13,IF2,33,-371.9082823863281
13,IF2,34,-365.7263384643677
13,IF2,35,-362.3151649320058
13,IF2,36,-368.2810575378535
13,IF2,37,-361.55667047938044
13,IF2,38,-364.55061979725986
13,IF2,39,-368.94253811741913
13,IF2,40,-369.71889422723916
13,IF2,41,-370.32511444777583
13,IF2,42,-362.83341043643287
13,IF2,43,-363.6231599382474
13,IF2,44,-367.73326788729815
13,IF2,45,-362.96724055093705
13,IF2,46,-363.6181302552944
13,IF2,47,-361.5553421232173
13,IF2,48,-361.8312888498745
13,IF2,49,-368.38861969849205
13,IF2,50,-367.90879608367703
13,IF2,51,-361.60321468190745
13,IF2,52,-369.22389324860916
13,IF2,53,-365.61335168183155
13,IF2,54,-360.59171145473005
13,IF2,55,-360.3047592923249
13,IF2,56,-362.96837274065365
13,IF2,57,-361.85309813641584
13,IF2,58,-363.8444519874725
13,IF2,59,-369.72498421133855
13,IF2,60,-361.4939163695088
13,IF2,61,-365.17895735929017
13,IF2,62,-362.76544767473246
13,IF2,63,-365.4368192526962
13,IF2,64,-364.96109484157387
13,IF2,65,-363.0785168577354
13,IF2,66,-363.8656606347951
13,IF2,67,-361.9540179357444
13,IF2,68,-362.0521597938876
13,IF2,69,-363.53761298235224
13,IF2,70,-363.6502788420677
13,IF2,71,-364.1939356704352
13,IF2,72,-366.54049537075696
13,IF2,73,-365.7443773736183
13,IF2,74,-363.9423028291923
13,IF2,75,-364.4042713004501
13,IF2,76,-360.607557887032
13,IF2,77,-368.6453120554711
13,IF2,78,-369.2980321892653
13,IF2,79,-367.69429731834725
13,IF2,80,-366.726268755146
13,IF2,81,-369.42990841769677
13,IF2,82,-364.59390096679056
13,IF2,83,-363.82990808572754
13,IF2,84,-372.95863165838085
13,IF2,85,-364.7921897004278
13,IF2,86,-365.1047386064958
13,IF2,87,-360.3130236126109
13,IF2,88,-364.0488855889182
13,IF2,89,-361.0537407119377
13,IF2,90,-364.1720588059134
13,IF2,91,-365.35650779677553
13,IF2,92,-362.5193241981478
13,IF2,93,-361.14131053522203
13,IF2,94,-360.42965368114494
13,IF2,95,-366.77603638110526
13,IF2,96,-362.344774080113
13,IF2,97,-364.8359373983482
13,IF2,98,-367.6882302561431
13,IF2,99,-362.9727904751151
13,IF2,100,-363.2505021954321
13,IF2,101,-364.7312087708048
13,IF2,102,-359.31564736701404
13,IF2,103,-362.7893196524776
13,IF2,104,-365.9883282698017
13,IF2,105,-362.4932575307315
13,IF2,106,-361.4750816621949
13,IF2,107,-362.88192159745216
13,IF2,108,-361.47951402898735
13,IF2,109,-367.3921105715883
13,IF2,110,-360.3356285376401
13,IF2,111,-365.6344940431402
13,IF2,112,-365.91207503476625
13,IF2,113,-369.355229163976
13,IF2,114,-371.4132705377392
13,IF2,115,-378.6617217253402
13,IF2,116,-369.88017080745476
13,IF2,117,-371.4694163005573
13,IF2,118,-366.4676920649558
13,IF2,119,-367.4184680251888
13,IF2,120,-366.8484045389323
13,IF2,121,-366.9606526986886
13,IF2,122,-364.95200123343614
13,IF2,123,-364.9854011406464
13,IF2,124,-363.11679260701544
13,IF2,125,-370.29009162271706
13,IF2,126,-370.63183036171466
13,IF2,127,-366.14394584713693
13,IF2,128,-369.27816417977414
13,IF2,129,-374.96783696112306
13,IF2,130,-374.47735719356643
13,IF2,131,-369.8530745925467
13,IF2,132,-371.9042266441064
13,IF2,133,-379.2272791043612
13,IF2,134,-376.66316983991413
13,IF2,135,-375.9714167281715
13,IF2,136,-370.72401599927
13,IF2,137,-371.48438550719317
13,IF2,138,-368.03076091198517
13,IF2,139,-366.92228375305297
13,IF2,140,-372.20611976969326
13,IF2,141,-367.3321693758674
13,IF2,142,-363.3223898179256
13,IF2,143,-363.1740927633343
13,IF2,144,-369.72714187571006
13,IF2,145,-370.8526952743643
13,IF2,146,-363.2787397103531
13,IF2,147,-369.35373419344404
13,IF2,148,-364.01358850048655
13,IF2,149,-362.3911278064489
13,IF2,150,-366.5725738373589
13,IF2,151,-365.5171577500888
13,IF2,152,-363.3940307355826
13,IF2,153,-363.48080870495386
13,IF2,154,-358.806112884606
13,IF2,155,-365.5852585745601
13,IF2,156,-357.92925937883723
13,IF2,157,-362.3349141670947
13,IF2,158,-366.8547032647658
13,IF2,159,-358.24372133376414
13,IF2,160,-362.1336827688233
13,IF2,161,-369.066353466988
13,IF2,162,-365.4486900893121
13,IF2,163,-361.08253730747225
13,IF2,164,-359.5888689259398
13,IF2,165,-365.44887801772944
13,IF2,166,-356.79016248056354
13,IF2,167,-364.900450192841
13,IF2,168,-365.3891767805854
13,IF2,169,-358.3105531419344
13,IF2,170,-360.8278344398793
13,IF2,171,-368.40688904560403
13,IF2,172,-363.99419564166124
13,IF2,173,-364.27772870321826
13,IF2,174,-361.87462786804457
13,IF2,175,-363.90642063839425
13,IF2,176,-362.66957406957164
13,IF2,177,-366.16773846813334
13,IF2,178,-360.91606095236403
13,IF2,179,-366.70055290409704
13,IF2,180,-364.0967873003048
13,IF2,181,-366.8931625966012
13,IF2,182,-367.17600451991814
13,IF2,183,-367.13341605175196
13,IF2,184,-362.02294569305997
13,IF2,185,-366.99632576071673
13,IF2,186,-363.0937578103155
13,IF2,187,-363.0822323394466
13,IF2,188,-362.23623960344787
13,IF2,189,-368.70378608122087
13,IF2,190,-360.9719656689892
13,IF2,191,-368.37142567962553
13,IF2,192,-363.9888774675208
13,IF2,193,-368.9095116049082
13,IF2,194,-360.2852796183194
13,IF2,195,-357.2135964965144
13,IF2,196,-366.6702965823872
13,IF2,197,-366.0345971279485
13,IF2,198,-361.96738002004565
13,IF2,199,-363.07466049657376
13,IF2,200,-365.4616160961386
13,IF2,201,-363.23061461964033
13,IF2,202,-357.67962915606427
13,IF2,203,-363.6870610646713
13,IF2,204,-363.28597964212815
13,IF2,205,-364.2235592556245
13,IF2,206,-363.47001385486016
13,IF2,207,-363.5177483097705
13,IF2,208,-362.79990390165074
13,IF2,209,-364.767585750649
13,IF2,210,-362.7270936935053
13,IF2,211,-361.182343887094
13,IF2,212,-358.10639148556237
13,IF2,213,-364.679442990131
13,IF2,214,-365.4896611416145
13,IF2,215,-364.43989052116575
13,IF2,216,-366.03279218031986
13,IF2,217,-362.46423947291845
13,IF2,218,-359.9925954722242
13,IF2,219,-366.598575887593
13,IF2,220,-363.00002612757146
13,IF2,221,-361.1588499430574
13,IF2,222,-364.2435309865538
13,IF2,223,-364.5789041629531
13,IF2,224,-366.19043836065475
13,IF2,225,-364.4533681372569
13,IF2,226,-365.39132974888753
13,IF2,227,-364.6401714899453
13,IF2,228,-363.8672467440694
13,IF2,229,-363.6816119144458
13,IF2,230,-360.9212397973465
13,IF2,231,-362.5351471409065
13,IF2,232,-358.1394558801479
13,IF2,233,-361.6549961188161
13,IF2,234,-365.9044966097653
13,IF2,235,-360.1386118131991
13,IF2,236,-365.75144570221966
13,IF2,237,-368.14292980400177
13,IF2,238,-363.9808501347651
13,IF2,239,-366.3980321912507
13,IF2,240,-360.8263147116486
13,IF2,241,-365.24247503815303
13,IF2,242,-362.36906318649875
13,IF2,243,-365.26848232291087
13,IF2,244,-361.7273035519515
13,IF2,245,-364.12259393560316
13,IF2,246,-366.03137025555077
13,IF2,247,-360.5656837223402
13,IF2,248,-361.3261660060048
13,IF2,249,-361.9127242703062
13,IF2,250,-367.75588959678447
13,IF2,251,-366.29838643927314
13,IF2,252,-364.84291952060545
13,IF2,253,-364.12690532100885
13,IF2,254,-363.0120145257945
13,IF2,255,-368.02367319948604
13,IF2,256,-360.5292590412734
13,IF2,257,-362.23715068718445
13,IF2,258,-366.4474225151727
13,IF2,259,-367.4681468564188
13,IF2,260,-363.93969400965557
13,IF2,261,-361.34975636306746
13,IF2,262,-362.6967883930393
13,IF2,263,-365.9698757634473
13,IF2,264,-363.92624334682847
13,IF2,265,-363.9400966213703
13,IF2,266,-361.4063178297341
13,IF2,267,-360.97860525108825
13,IF2,268,-364.4077447229725
13,IF2,269,-365.39158471241757
13,IF2,270,-363.8186304897926
13,IF2,271,-362.25437297863806
13,IF2,272,-362.65577905364273
13,IF2,273,-363.68317649449483
13,IF2,274,-363.9845096216029
13,IF2,275,-364.51319414692193
13,IF2,276,-363.4159897402957
13,IF2,277,-362.4919637024825
13,IF2,278,-364.6777096990388
13,IF2,279,-365.80276749692246
13,IF2,280,-359.6706060186154
13,IF2,281,-365.76298136282827
13,IF2,282,-365.20819376311835
13,IF2,283,-364.6920202890376
13,IF2,284,-369.06548440294995
13,IF2,285,-362.61843984337423
13,IF2,286,-362.5821815316379
13,IF2,287,-365.3796905586637
13,IF2,288,-367.87595612911116
13,IF2,289,-363.51018332693315
13,IF2,290,-368.0726665074165
13,IF2,291,-363.83324795166135
13,IF2,292,-361.0159444938443
13,IF2,293,-361.6667289960933
13,IF2,294,-361.9385781718025
13,IF2,295,-361.92098938206715
13,IF2,296,-367.16275912968945
13,IF2,297,-364.1925606764245
13,IF2,298,-360.4556985928648
13,IF2,299,-362.9540943196534
13,IF2,300,-364.27140573796373
13,IF2,301,-366.6948955685575
13,IF2,302,-370.53427709490603
13,IF2,303,-362.7116448987132
13,IF2,304,-361.6847245156409
13,IF2,305,-363.4636953569326
13,IF2,306,-363.0567672219937
13,IF2,307,-361.5737499454035
13,IF2,308,-368.5211802071534
13,IF2,309,-360.7121169175277
13,IF2,310,-361.9238018814676
13,IF2,311,-365.9037336019819
13,IF2,312,-362.98311982543794
13,IF2,313,-361.9814002894584
13,IF2,314,-365.709241397391
13,IF2,315,-363.72152052772145
13,IF2,316,-363.525111730091
13,IF2,317,-363.2070493734666
13,IF2,318,-363.6990188673603
13,IF2,319,-365.0074238498773
13,IF2,320,-363.2835089146217
13,IF2,321,-363.40149374573963
13,IF2,322,-364.74856531057327
13,IF2,323,-362.38826136975285
13,IF2,324,-368.39211689079775
13,IF2,325,-364.21794065561267
13,IF2,326,-364.6345840756776
13,IF2,327,-369.00750760382897
13,IF2,328,-362.57999988423296
13,IF2,329,-364.88152219329936
13,IF2,330,-362.61667925897575
13,IF2,331,-364.44396996239084
13,IF2,332,-363.95880616295403
13,IF2,333,-365.34057646499264
13,IF2,334,-364.98575237833154
13,IF2,335,-361.09457715314943
13,IF2,336,-361.25374601910744
13,IF2,337,-365.505227941905
13,IF2,338,-361.5975698198292
13,IF2,339,-362.1692636341433
13,IF2,340,-366.6370890580197
13,IF2,341,-365.13301728804504
13,IF2,342,-360.78300368286676
13,IF2,343,-364.1974745127982
13,IF2,344,-364.32229610402754
13,IF2,345,-362.42720092206105
13,IF2,346,-366.1438412490656
13,IF2,347,-364.2291618688398
13,IF2,348,-363.814526350196
13,IF2,349,-359.82709961517565
13,IF2,350,-363.9758376045796
13,IF2,351,-367.39501795493476
13,IF2,352,-364.8167792238424
13,IF2,353,-362.99056055070196
13,IF2,354,-363.6809251785857
13,IF2,355,-365.44216162066795
13,IF2,356,-364.23179012288387
13,IF2,357,-362.366212725181
13,IF2,358,-367.14569759348325
13,IF2,359,-367.9518878699022
13,IF2,360,-361.95328032755435
13,IF2,361,-365.6997067427456
13,IF2,362,-360.98007971400204
13,IF2,363,-366.38529642887863
13,IF2,364,-362.383327988419
13,IF2,365,-366.2330075126565
13,IF2,366,-362.96838397957185
13,IF2,367,-364.5309793226583
13,IF2,368,-365.0257205233768
13,IF2,369,-365.7022879053388
13,IF2,370,-363.8054248983802
13,IF2,371,-365.2696688240201
13,IF2,372,-368.10114034276546
13,IF2,373,-361.96429804700057
13,IF2,374,-363.7741504459513
13,IF2,375,-366.02866064450865
13,IF2,376,-364.0287178820075
13,IF2,377,-362.919221656763
13,IF2,378,-366.23020115811727
13,IF2,379,-367.6431531689355
13,IF2,380,-366.7188571428862
13,IF2,381,-365.3759571818361
13,IF2,382,-367.9982688614939
13,IF2,383,-362.87870233994573
13,IF2,384,-366.9261962935031
13,IF2,385,-360.4536969417916
13,IF2,386,-362.7595404304093
13,IF2,387,-363.41133086944325
13,IF2,388,-361.46339132168424
13,IF2,389,-365.25762501500395
13,IF2,390,-364.5683717338574
13,IF2,391,-359.10823780409396
13,IF2,392,-361.70750996573383
13,IF2,393,-362.21883891978257
13,IF2,394,-360.2723535964103
13,IF2,395,-364.1066725514646
13,IF2,396,-362.8705340275373
13,IF2,397,-364.4347171773604
13,IF2,398,-364.21319053055157
13,IF2,399,-361.2459985064599
13,IF2,400,-358.9267103480998
13,IF2,401,-359.06981418274097
13,IF2,402,-362.23222331367145
13,IF2,403,-357.0858245050718
13,IF2,404,-366.0089325914646
13,IF2,405,-363.7199528563027
13,IF2,406,-364.34046708224804
13,IF2,407,-360.3146327425306
13,IF2,408,-364.2104963615333
13,IF2,409,-365.98307560570356
13,IF2,410,-363.7732854504096
13,IF2,411,-365.6951866236205
13,IF2,412,-359.7654415038284
13,IF2,413,-359.0143625361159
13,IF2,414,-365.6712617799173
13,IF2,415,-361.98527878668085
13,IF2,416,-359.95236520941796
13,IF2,417,-359.75669688863525
13,IF2,418,-361.1145299025627
13,IF2,419,-359.1924590344439
13,IF2,420,-365.90524845238804
13,IF2,421,-361.2938384899
13,IF2,422,-363.5643097174985
13,IF2,423,-367.1204702014803
13,IF2,424,-364.7018055699137
13,IF2,425,-361.22496477748143
13,IF2,426,-368.0925328521114
13,IF2,427,-363.86378848529046
13,IF2,428,-363.7940088250682
13,IF2,429,-367.7893593020629
13,IF2,430,-364.0443091154175
13,IF2,431,-363.4327797097536
13,IF2,432,-364.69520146034944
13,IF2,433,-363.10353508885004
13,IF2,434,-369.1572586783619
13,IF2,435,-361.33376635766126
13,IF2,436,-362.03576438347636
13,IF2,437,-361.7041363528084
13,IF2,438,-361.55164482185074
13,IF2,439,-366.0621708556606
13,IF2,440,-367.1491110403473
13,IF2,441,-364.25519346615
13,IF2,442,-360.25192559423414
13,IF2,443,-366.09418438698265
13,IF2,444,-367.23665264534526
13,IF2,445,-360.8149792712045
13,IF2,446,-362.14579715278194
13,IF2,447,-361.2163759257496
13,IF2,448,-360.7404133351948
13,IF2,449,-361.47625369825687
13,IF2,450,-361.38962157209335
13,IF2,451,-364.9920668603614
13,IF2,452,-361.4078316581906
13,IF2,453,-361.60098329208046
13,IF2,454,-365.33650491356923
13,IF2,455,-369.94454984608575
13,IF2,456,-365.4836798501234
13,IF2,457,-366.71758379801344
13,IF2,458,-365.43928557964347
13,IF2,459,-360.32336459822335
13,IF2,460,-367.1388494417804
13,IF2,461,-366.5666743575182
13,IF2,462,-359.24507690363725
13,IF2,463,-359.2640907927879
13,IF2,464,-360.984716445492
13,IF2,465,-368.52809383263565
13,IF2,466,-365.01615607112683
13,IF2,467,-369.6960320964647
13,IF2,468,-364.8456541690421
13,IF2,469,-362.69977020622036
13,IF2,470,-364.84128796716254
13,IF2,471,-365.51896497057885
13,IF2,472,-364.7195510256342
13,IF2,473,-364.4950722265917
13,IF2,474,-364.76228882923175
13,IF2,475,-363.8323016870414
13,IF2,476,-364.77386935757045
13,IF2,477,-366.0816968197694
13,IF2,478,-363.6600082892514
13,IF2,479,-360.5822945523722
13,IF2,480,-369.1311322187066
13,IF2,481,-360.5468070168486
13,IF2,482,-364.0187144410643
13,IF2,483,-365.0543610526474
13,IF2,484,-365.29001999324714
13,IF2,485,-362.9485706011702
13,IF2,486,-363.7412284312369
13,IF2,487,-362.96053043956266
13,IF2,488,-366.51909877229923
13,IF2,489,-365.6851680287782
13,IF2,490,-366.50349317955613
13,IF2,491,-365.0818945168341
13,IF2,492,-364.82713992480717
13,IF2,493,-362.8711717217173
13,IF2,494,-365.35229343269316
13,IF2,495,-367.1623527459041
13,IF2,496,-362.3837516932233
13,IF2,497,-363.8659455280148
13,IF2,498,-364.82998992251925
13,IF2,499,-361.79719161172846
13,IF2,500,-364.90852698324716
13,IF2,501,-361.21133574354815
13,IF2,502,-365.1314735767108
13,IF2,503,-366.1209954909121
13,IF2,504,-361.3722791547563
13,IF2,505,-366.38989489150407
13,IF2,506,-366.05181884949235
13,IF2,507,-367.7314173792578
13,IF2,508,-370.93266570454006
13,IF2,509,-367.18540984535053
13,IF2,510,-369.38134781084756
13,IF2,511,-359.76821168916354
13,IF2,512,-362.5153412302949
13,IF2,513,-362.4663191630584
13,IF2,514,-361.11602310701244
13,IF2,515,-360.70273233239277
13,IF2,516,-365.0387018107415
13,IF2,517,-358.47768872013836
13,IF2,518,-362.28703955118243
13,IF2,519,-361.12543962047624
13,IF2,520,-360.72599638303194
13,IF2,521,-360.7506058137392
13,IF2,522,-367.4484779357774
13,IF2,523,-363.40999832434113
13,IF2,524,-363.3479611653908
13,IF2,525,-360.79561103236847
13,IF2,526,-365.13616619243095
13,IF2,527,-362.24592874106366
13,IF2,528,-358.73065912055836
13,IF2,529,-362.4377598718016
13,IF2,530,-366.0610554292153
13,IF2,531,-364.15827681512957
13,IF2,532,-363.97522086764553
13,IF2,533,-360.4745134160241
13,IF2,534,-360.8810142346756
13,IF2,535,-365.59845272854517
13,IF2,536,-364.74704864811906
13,IF2,537,-359.86975876755383
13,IF2,538,-363.44131075812675
13,IF2,539,-363.4409517942655
13,IF2,540,-364.4724070045853
13,IF2,541,-364.751865492918
13,IF2,542,-364.8173179896671
13,IF2,543,-364.5712539794799
13,IF2,544,-361.2843883445723
13,IF2,545,-364.0628554765224
13,IF2,546,-361.87449063537116
13,IF2,547,-363.5743289640957
13,IF2,548,-363.22935936844374
13,IF2,549,-362.95543410134485
13,IF2,550,-361.44848119165704
13,IF2,551,-358.70730483253493
13,IF2,552,-359.7514206780876
13,IF2,553,-366.1422664685246
13,IF2,554,-364.34260012974033
13,IF2,555,-366.83259381527705
13,IF2,556,-360.7561851351941
13,IF2,557,-361.18038835052255
13,IF2,558,-360.9459693126633
13,IF2,559,-363.85736100715997
13,IF2,560,-369.48125460015166
13,IF2,561,-367.3103050565745
13,IF2,562,-360.9925699999198
13,IF2,563,-363.85990854788605
13,IF2,564,-364.4257447698471
13,IF2,565,-362.3320231358134
13,IF2,566,-365.5825913982406
13,IF2,567,-362.9164244237773
13,IF2,568,-363.0893051343122
13,IF2,569,-367.8260385992355
13,IF2,570,-362.863578991097
13,IF2,571,-361.7271685447886
13,IF2,572,-362.528825766423
13,IF2,573,-362.7410408714256
13,IF2,574,-365.0927032216649
13,IF2,575,-364.5885499734009
13,IF2,576,-367.3132607144263
13,IF2,577,-366.3371643432768
13,IF2,578,-363.79432360026135
13,IF2,579,-366.0499741481187
13,IF2,580,-364.98156527974226
13,IF2,581,-362.9600473824089
13,IF2,582,-365.33880813636887
13,IF2,583,-367.2919312058016
13,IF2,584,-361.00636046860933
13,IF2,585,-364.35644676182716
13,IF2,586,-365.0322180417128
13,IF2,587,-367.6891534766448
13,IF2,588,-360.67158851608286
13,IF2,589,-362.09249161180264
13,IF2,590,-362.26958244132055
13,IF2,591,-366.66339145868335
13,IF2,592,-364.9831394709089
13,IF2,593,-362.55806402102445
13,IF2,594,-362.9433435956256
13,IF2,595,-364.66169665406625
13,IF2,596,-365.5117275099264
13,IF2,597,-367.53650954969333
13,IF2,598,-365.69642164131005
13,IF2,599,-363.9969566189176
13,IFAD,0,-363.4359920507363
13,IFAD,1,-370.96903385366636
13,IFAD,2,-369.7275994536397
13,IFAD,3,-364.45019446827524
13,IFAD,4,-367.5642684430625
13,IFAD,5,-369.42134814279615
13,IFAD,6,-368.15770317222297
13,IFAD,7,-360.8109318409894
13,IFAD,8,-365.45873097501374
13,IFAD,9,-369.98248231586365
13,IFAD,10,-365.887039837985
13,IFAD,11,-366.8636678753683
13,IFAD,12,-369.3629047809132
13,IFAD,13,-374.7968291028089
13,IFAD,14,-370.10284157560113
13,IFAD,15,-366.19382025641653
13,IFAD,16,-367.1225799186043
13,IFAD,17,-370.58043527678836
13,IFAD,18,-373.5609173444242
13,IFAD,19,-364.9914505554629
13,IFAD,20,-370.5372686216929
13,IFAD,21,-371.79646263301294
13,IFAD,22,-364.5236233613992
13,IFAD,23,-363.21973934306504
13,IFAD,24,-366.0610141679556
13,IFAD,25,-368.0909110548558
13,IFAD,26,-360.32221691474314
13,IFAD,27,-365.5673069284593
13,IFAD,28,-374.6178248496363
13,IFAD,29,-383.9122812634751
13,IFAD,30,-371.2221541521095
13,IFAD,31,-372.8853924866615
13,IFAD,32,-367.3736027041434
13,IFAD,33,-371.94269899940736
13,IFAD,34,-369.05350504464616
13,IFAD,35,-365.4392017225533
13,IFAD,36,-361.2388832919007
13,IFAD,37,-368.5960330157135
13,IFAD,38,-366.2846774744537
13,IFAD,39,-359.43296293565993
13,IFAD,40,-361.9946613831944
13,IFAD,41,-367.1010513573855
13,IFAD,42,-367.7624336655105
13,IFAD,43,-367.60167411576055
13,IFAD,44,-372.6449086567283
13,IFAD,45,-372.4347665024228
13,IFAD,46,-367.4709419731643
13,IFAD,47,-366.7562977329661
13,IFAD,48,-369.71440457512006
13,IFAD,49,-368.9180473601145
13,IFAD,50,-370.88210983137884
13,IFAD,51,-376.3004213553758
13,IFAD,52,-375.6572247227978
13,IFAD,53,-366.4396672088244
13,IFAD,54,-363.0681256765942
13,IFAD,55,-366.7774007860589
13,IFAD,56,-365.3846352569926
13,IFAD,57,-362.30208560154546
13,IFAD,58,-366.26676078250046
13,IFAD,59,-365.1706169334176
13,IFAD,60,-358.19754974306505
13,IFAD,61,-363.6372534851331
13,IFAD,62,-364.2436477672161
13,IFAD,63,-367.99221863489856
13,IFAD,64,-366.3469482975338
13,IFAD,65,-369.51127218368106
13,IFAD,66,-371.0481854579529
13,IFAD,67,-366.7989606610927
13,IFAD,68,-367.9416248072556
13,IFAD,69,-366.10762289304495
13,IFAD,70,-362.7718730207777
13,IFAD,71,-367.16238502936966
13,IFAD,72,-365.7023377198413
13,IFAD,73,-366.8093249497324
13,IFAD,74,-362.55701870413657
13,IFAD,75,-365.3954446574205
13,IFAD,76,-362.2437189702159
13,IFAD,77,-367.8938934692119
13,IFAD,78,-367.60038208695295
13,IFAD,79,-368.9356645618384
13,IFAD,80,-372.18702826357065
13,IFAD,81,-362.04628279544795
13,IFAD,82,-364.01770062035365
13,IFAD,83,-363.8877192043767
13,IFAD,84,-363.91884605973075
13,IFAD,85,-375.6193901136865
13,IFAD,86,-382.16087076159
13,IFAD,87,-375.29436140584687
13,IFAD,88,-373.94164097097575
13,IFAD,89,-372.94359052945674
13,IFAD,90,-370.52984773097626
13,IFAD,91,-373.22920634626223
13,IFAD,92,-373.59965453961405
13,IFAD,93,-369.6594546007232
13,IFAD,94,-377.1377079187685
13,IFAD,95,-375.28674640070346
13,IFAD,96,-379.9877539833347
13,IFAD,97,-373.99259828814724
13,IFAD,98,-372.7639151009637
13,IFAD,99,-366.54060521637433
13,IFAD,100,-368.26312064967345
13,IFAD,101,-373.3413349034647
13,IFAD,102,-369.5021815909116
13,IFAD,103,-370.2860338090855
13,IFAD,104,-362.25157406432544
13,IFAD,105,-364.1243222498484
13,IFAD,106,-363.9822767379453
13,IFAD,107,-362.35686012107726
13,IFAD,108,-364.35570746322014
13,IFAD,109,-361.4031561929286
13,IFAD,110,-365.1367842977914
13,IFAD,111,-370.1168858501592
13,IFAD,112,-363.72779669148326
13,IFAD,113,-364.2173596416128
13,IFAD,114,-364.01475625551205
13,IFAD,115,-362.6367648644326
13,IFAD,116,-367.55736255173224
13,IFAD,117,-364.8142102721882
13,IFAD,118,-364.1404375300815
13,IFAD,119,-364.02266686686283
13,IFAD,120,-359.0391437134592
13,IFAD,121,-368.0574533438731
13,IFAD,122,-365.02370547792583
13,IFAD,123,-361.12515254743255
13,IFAD,124,-364.35655920089147
13,IFAD,125,-362.24392035191795
13,IFAD,126,-365.53789494115233
13,IFAD,127,-361.75471216204073
13,IFAD,128,-361.1608423710517
13,IFAD,129,-363.65106807988076
13,IFAD,130,-364.72561192543685
13,IFAD,131,-357.32846426485384
13,IFAD,132,-361.4086284614847
13,IFAD,133,-364.9875055593843
13,IFAD,134,-361.92780896628625
13,IFAD,135,-362.3224660112856
13,IFAD,136,-362.0384608047283
13,IFAD,137,-360.9472208628932
13,IFAD,138,-358.1931536097294
13,IFAD,139,-365.02268137890286
13,IFAD,140,-360.2235040922217
13,IFAD,141,-364.08580580554803
13,IFAD,142,-362.65486116065193
13,IFAD,143,-362.2630792112979
13,IFAD,144,-367.9930691678067
13,IFAD,145,-366.2110560282738
13,IFAD,146,-359.42815504013623
13,IFAD,147,-358.4643465829738
13,IFAD,148,-365.29474177300796
13,IFAD,149,-357.7087295196923
13,IFAD,150,-364.60911389073516
13,IFAD,151,-366.7496306306942
13,IFAD,152,-358.2379815063937
13,IFAD,153,-366.25070991456914
13,IFAD,154,-362.24611679569097
13,IFAD,155,-360.34000447363513
13,IFAD,156,-367.72823261681845
13,IFAD,157,-365.33435868442865
13,IFAD,158,-362.07032670706013
13,IFAD,159,-362.8049580756305
13,IFAD,160,-371.16442909832125
13,IFAD,161,-362.5936403448167
13,IFAD,162,-361.0837323804927
13,IFAD,163,-361.9410579766862
13,IFAD,164,-364.63061337410056
13,IFAD,165,-362.5868855688892
13,IFAD,166,-365.2760644538476
13,IFAD,167,-363.2357488630856
13,IFAD,168,-361.17633525531215
13,IFAD,169,-365.4265975348117
13,IFAD,170,-360.87213864415617
13,IFAD,171,-366.761092613409
13,IFAD,172,-363.54349353589316
13,IFAD,173,-362.4427340004715
13,IFAD,174,-361.37741692870514
13,IFAD,175,-361.29858185004235
13,IFAD,176,-365.88185987077594
13,IFAD,177,-360.00200028274924
13,IFAD,178,-358.72303801368224
13,IFAD,179,-358.55751256473167
13,IFAD,180,-360.21011322839394
13,IFAD,181,-362.32248503093155
13,IFAD,182,-361.01555800276196
13,IFAD,183,-363.12795710013023
13,IFAD,184,-360.338772830932
13,IFAD,185,-362.67338800580256
13,IFAD,186,-363.7921623004924
13,IFAD,187,-372.1219570542843
13,IFAD,188,-364.03792570225454
13,IFAD,189,-364.86367311875
13,IFAD,190,-366.36598092264916
13,IFAD,191,-364.42634393168504
13,IFAD,192,-364.3888308452884
13,IFAD,193,-361.8247418191155
13,IFAD,194,-363.5051285322146
13,IFAD,195,-364.4334281342077
13,IFAD,196,-364.91801058201264
13,IFAD,197,-366.86599237160965
13,IFAD,198,-365.6723323161801
13,IFAD,199,-365.4438370135734
13,IFAD,200,-359.11644283557274
13,IFAD,201,-367.27139834046676
13,IFAD,202,-362.8064648078336
13,IFAD,203,-363.05111897522085
13,IFAD,204,-359.5707223602965
13,IFAD,205,-363.78213237673225
13,IFAD,206,-363.81973736537134
13,IFAD,207,-363.2843806391946
13,IFAD,208,-369.45922977487646
13,IFAD,209,-367.39332648732295
13,IFAD,210,-360.8323287926801
13,IFAD,211,-363.5440101421495
13,IFAD,212,-363.9047402052201
13,IFAD,213,-365.5518463469778
13,IFAD,214,-360.90907493964374
13,IFAD,215,-362.28728860161556
13,IFAD,216,-363.5687828536546
13,IFAD,217,-359.0633293728061
13,IFAD,218,-361.5939403056884
13,IFAD,219,-365.0991239936563
13,IFAD,220,-367.20393187358405
13,IFAD,221,-364.14456786194137
13,IFAD,222,-363.4802152816627
13,IFAD,223,-363.87725625320104
13,IFAD,224,-363.4936916555157
13,IFAD,225,-365.16822297242413
13,IFAD,226,-363.1126781486575
13,IFAD,227,-366.8739702274469
13,IFAD,228,-362.53298218061354
13,IFAD,229,-361.2172755809087
13,IFAD,230,-361.0078672199932
13,IFAD,231,-364.35701276004374
13,IFAD,232,-363.21123610163005
13,IFAD,233,-362.66090093160415
13,IFAD,234,-367.0610502149549
13,IFAD,235,-366.18348204762276
13,IFAD,236,-358.60832051007094
13,IFAD,237,-363.2114875555917
13,IFAD,238,-365.69981968894285
13,IFAD,239,-362.60955811933013
13,IFAD,240,-362.31257988693517
13,IFAD,241,-365.9984320650411
13,IFAD,242,-359.0862710956893
13,IFAD,243,-362.5151944998559
13,IFAD,244,-362.17479302730897
13,IFAD,245,-365.41586172875776
13,IFAD,246,-361.3273001281535
13,IFAD,247,-359.0558359767744
13,IFAD,248,-360.87047563957555
13,IFAD,249,-363.38757703296324
13,IFAD,250,-360.01926075507214
13,IFAD,251,-356.60148244013016
13,IFAD,252,-360.4986683818202
13,IFAD,253,-364.58793389583525
13,IFAD,254,-363.03818303201905
13,IFAD,255,-361.1835814805495
13,IFAD,256,-364.8496978381436
13,IFAD,257,-363.3855381072585
13,IFAD,258,-362.6939957125626
13,IFAD,259,-364.96928441020447
13,IFAD,260,-359.06722927628067
13,IFAD,261,-361.13700441623297
13,IFAD,262,-366.50924272174694
13,IFAD,263,-359.91553186108985
13,IFAD,264,-364.17380604360835
13,IFAD,265,-364.18271130680296
13,IFAD,266,-362.2284119215025
13,IFAD,267,-363.11302237019504
13,IFAD,268,-359.4508207678269
13,IFAD,269,-361.4055928881898
13,IFAD,270,-366.3902900877099
13,IFAD,271,-363.62108042976365
13,IFAD,272,-365.33803344208616
13,IFAD,273,-361.88079272824854
13,IFAD,274,-365.42949240344836
13,IFAD,275,-365.41514645141865
13,IFAD,276,-360.33545121991204
13,IFAD,277,-362.8423200235953
13,IFAD,278,-362.6167403734495
13,IFAD,279,-364.5509338869262
13,IFAD,280,-367.33616765947977
13,IFAD,281,-368.6199934319428
13,IFAD,282,-362.77100600987035
13,IFAD,283,-363.28298352598233
13,IFAD,284,-366.465877786619
13,IFAD,285,-359.12813801950773
13,IFAD,286,-364.7436599074394
13,IFAD,287,-361.4040844204449
13,IFAD,288,-364.1504584814732
13,IFAD,289,-363.807408144717
13,IFAD,290,-365.3141636513159
13,IFAD,291,-368.12266398693595
13,IFAD,292,-362.3754126547379
13,IFAD,293,-362.8338044577097
13,IFAD,294,-362.87347206495116
13,IFAD,295,-363.080872712284
13,IFAD,296,-362.69419574572953
13,IFAD,297,-365.2253802255847
13,IFAD,298,-367.88715059573104
13,IFAD,299,-365.98044216801316
13,IFAD,300,-362.9912148137187
13,IFAD,301,-363.8881517201491
13,IFAD,302,-361.2621874023942
13,IFAD,303,-362.83776369780276
13,IFAD,304,-360.6590600766273
13,IFAD,305,-359.23136374765113
13,IFAD,306,-364.71744187534614
13,IFAD,307,-362.67354435519235
13,IFAD,308,-363.4463905488759
13,IFAD,309,-363.772992850974
13,IFAD,310,-361.91086706253265
13,IFAD,311,-359.7999066228273
13,IFAD,312,-364.06082405961416
13,IFAD,313,-366.18176040033774
13,IFAD,314,-359.13703587289103
13,IFAD,315,-360.4988362763417
13,IFAD,316,-369.37819269485954
13,IFAD,317,-362.1933314954738
13,IFAD,318,-363.4561085721353
13,IFAD,319,-362.70778761584086
13,IFAD,320,-363.01883063842126
13,IFAD,321,-360.9639524998368
13,IFAD,322,-367.31962163278445
13,IFAD,323,-363.02350755561645
13,IFAD,324,-368.6015838305807
13,IFAD,325,-360.9557781538048
13,IFAD,326,-366.2494701184792
13,IFAD,327,-359.6993253804503
13,IFAD,328,-364.22222269287425
13,IFAD,329,-362.6115582143198
13,IFAD,330,-365.11888499971366
13,IFAD,331,-361.58448187836456
13,IFAD,332,-364.48915873083826
13,IFAD,333,-359.4108416454425
13,IFAD,334,-361.28897677982786
13,IFAD,335,-360.8412532878218
13,IFAD,336,-362.5691639994151
13,IFAD,337,-363.8518716934131
13,IFAD,338,-363.61271105020995
13,IFAD,339,-362.80624597780104
13,IFAD,340,-364.4744462244067
13,IFAD,341,-364.8324742500933
13,IFAD,342,-367.34886245082106
13,IFAD,343,-366.3368168400045
13,IFAD,344,-364.291875631454
13,IFAD,345,-365.8893894694928
13,IFAD,346,-359.2393019038621
13,IFAD,347,-364.0222633762733
13,IFAD,348,-358.9799551112928
13,IFAD,349,-364.66993040730335
13,IFAD,350,-362.63422450857524
13,IFAD,351,-367.3556894864192
13,IFAD,352,-367.17352508956293
13,IFAD,353,-359.37821467735665
13,IFAD,354,-361.1785040610172
13,IFAD,355,-361.5964310294375
13,IFAD,356,-366.99765901588194
13,IFAD,357,-364.4801682508317
13,IFAD,358,-359.81724036140884
13,IFAD,359,-365.00596020473074
13,IFAD,360,-365.08775682067545
13,IFAD,361,-366.50117970664104
13,IFAD,362,-369.46108454591257
13,IFAD,363,-362.4739841092941
13,IFAD,364,-365.94755902476015
13,IFAD,365,-361.2043899126568
13,IFAD,366,-363.26166290788717
13,IFAD,367,-360.46664388716124
13,IFAD,368,-363.1329377782408
13,IFAD,369,-362.950646996042
13,IFAD,370,-362.90241469646253
13,IFAD,371,-369.021377043784
13,IFAD,372,-364.26948197858917
13,IFAD,373,-364.0677335881597
13,IFAD,374,-364.7858897900789
13,IFAD,375,-359.5318492727956
13,IFAD,376,-363.9056984826042
13,IFAD,377,-364.60418587906304
13,IFAD,378,-362.9348899927375
13,IFAD,379,-365.5396026741023
13,IFAD,380,-359.420477719234
13,IFAD,381,-364.19679702498195
13,IFAD,382,-362.383587278291
13,IFAD,383,-363.94378144427174
13,IFAD,384,-364.6426119035606
13,IFAD,385,-366.13443193921273
13,IFAD,386,-361.7120658323312
13,IFAD,387,-357.43932907622764
13,IFAD,388,-362.7845141924777
13,IFAD,389,-361.3527520175193
13,IFAD,390,-364.5993335660703
13,IFAD,391,-361.7930683711497
13,IFAD,392,-364.0095312008056
13,IFAD,393,-362.65693521181237
13,IFAD,394,-359.27336719252173
13,IFAD,395,-363.20909657342446
13,IFAD,396,-362.91598123720485
13,IFAD,397,-366.133637929408
13,IFAD,398,-367.489688509622
13,IFAD,399,-362.6680927758304
13,DS19,0,-375.35773644150214
13,DS19,1,-387.399966964486
13,DS19,2,-379.0996708068046
13,DS19,3,-384.41817998560117
13,DS19,4,-372.37573102483316
13,DS19,5,-377.1866201252054
13,DS19,6,-379.88189886574423
13,DS19,7,-377.9593302893293
13,DS19,8,-384.9007040838714
13,DS19,9,-386.77045910937284
13,DS19,10,-381.9575843620444
13,DS19,11,-373.91621851340074
13,DS19,12,-369.64117867954343
13,DS19,13,-385.62450731989645
13,DS19,14,-386.02907875581417
13,DS19,15,-373.1526783358588
13,DS19,16,-372.94904771510534
13,DS19,17,-369.45173688999705
13,DS19,18,-385.44009272278964
13,DS19,19,-372.49626355671484
13,DS19,20,-377.6373471956927
13,DS19,21,-383.1144463968193
13,DS19,22,-368.8249392248186
13,DS19,23,-379.30828762885983
13,DS19,24,-386.4754767865406
13,DS19,25,-371.59026252719343
13,DS19,26,-381.72387342342114
13,DS19,27,-361.9600162682715
13,DS19,28,-380.06238570362416
13,DS19,29,-375.2831422836272
13,DS19,30,-371.51162048735637
13,DS19,31,-381.80913813943675
13,DS19,32,-381.84901324826035
13,DS19,33,-364.8711511332851
13,DS19,34,-383.7489966594608
13,DS19,35,-379.41343153784373
13,DS19,36,-383.495529937895
13,DS19,37,-377.19981133510686
13,DS19,38,-379.2345918566011
13,DS19,39,-369.5434462296238
13,DS19,40,-388.11997927823927
13,DS19,41,-373.94220333980184
13,DS19,42,-378.581750403172
13,DS19,43,-378.2847033973168
13,DS19,44,-376.63821769517006
13,DS19,45,-380.64620212646145
13,DS19,46,-378.40722087785196
13,DS19,47,-376.5242377178551
13,DS19,48,-367.67779594192416
13,DS19,49,-372.7420530302201
13,DS19,50,-392.267323297457
13,DS19,51,-373.7945740091503
13,DS19,52,-375.8328263786766
13,DS19,53,-374.19145691468196
13,DS19,54,-391.9917001698076
13,DS19,55,-376.79059420559594
13,DS19,56,-371.4268008528868
13,DS19,57,-381.4238303163659
13,DS19,58,-383.1156963550096
13,DS19,59,-377.487603103996
13,DS19,60,-374.4958221726657
13,DS19,61,-374.9376018977752
13,DS19,62,-375.472150067085
13,DS19,63,-373.9883231479303
13,DS19,64,-371.1659057504078
13,DS19,65,-390.3952734876882
13,DS19,66,-379.61465357539686
13,DS19,67,-367.52097471104764
13,DS19,68,-375.1600026671996
13,DS19,69,-383.42930615136356
13,DS19,70,-382.9128729870701
13,DS19,71,-389.0623147951094
13,DS19,72,-371.58996833416603
13,DS19,73,-374.05713648929526
13,DS19,74,-378.7466356574048
13,DS19,75,-364.4069540267263
13,DS19,76,-373.9015520055378
13,DS19,77,-368.3799494442066
13,DS19,78,-369.95923946006576
13,DS19,79,-374.58506532390055
13,DS19,80,-391.0820455600401
13,DS19,81,-384.71021514187834
13,DS19,82,-368.7922090336174
13,DS19,83,-379.29201209769604
13,DS19,84,-382.2625845585225
13,DS19,85,-382.2192364388951
13,DS19,86,-374.7027164427385
13,DS19,87,-369.26929539391097
13,DS19,88,-383.71333477722624
13,DS19,89,-386.4080082077529
13,DS19,90,-385.2134748168704
13,DS19,91,-383.5257890406288
13,DS19,92,-375.8789673799526
13,DS19,93,-386.02778111820453
13,DS19,94,-372.65775032793414
13,DS19,95,-380.4674167915153
13,DS19,96,-391.5629479613548
13,DS19,97,-384.0373007168141
13,DS19,98,-376.2911670800522
13,DS19,99,-378.9203426168247
13,DS19,100,-380.69864847758674
13,DS19,101,-377.4255284642706
13,DS19,102,-383.5027006587143
13,DS19,103,-380.26036490184026
13,DS19,104,-377.3804488427692
13,DS19,105,-380.64582486029246
13,DS19,106,-379.5251913195374
13,DS19,107,-370.2754778154207
13,DS19,108,-374.1803700339937
13,DS19,109,-367.0516600394119
13,DS19,110,-382.99162160575617
13,DS19,111,-389.23134385228104
13,DS19,112,-376.9521075048905
13,DS19,113,-371.94565995690505
13,DS19,114,-370.82181741652823
13,DS19,115,-383.30799985005996
13,DS19,116,-377.1058971800071
13,DS19,117,-371.4809124486833
13,DS19,118,-367.75513055027096
13,DS19,119,-385.6649135239403
13,DS19,120,-379.34918547106366
13,DS19,121,-379.89653435493307
13,DS19,122,-377.40183964875234
13,DS19,123,-382.1693635628935
13,DS19,124,-380.61924873415524
13,DS19,125,-383.72720094260717
13,DS19,126,-377.9070596749955
13,DS19,127,-382.3548740416837
13,DS19,128,-374.84266402547627
13,DS19,129,-364.4998981212559
13,DS19,130,-371.52133722380694
13,DS19,131,-375.4478691318278
13,DS19,132,-365.7477789123691
13,DS19,133,-369.1867307498809
13,DS19,134,-378.4190940356053
13,DS19,135,-366.88568494920855
13,DS19,136,-379.0842934574262
13,DS19,137,-368.398054839196
13,DS19,138,-379.0408712998762
13,DS19,139,-378.43985668490376
13,DS19,140,-379.1635754213694
13,DS19,141,-383.80281327253095
13,DS19,142,-377.20890302780487
13,DS19,143,-384.48387420989764
13,DS19,144,-373.1016175610327
13,DS19,145,-372.59779085598007
13,DS19,146,-381.8070105756203
13,DS19,147,-386.3326498324297
13,DS19,148,-369.0111660763514
13,DS19,149,-378.1250244609963
13,DS19,150,-381.83275980145663
13,DS19,151,-374.8109600674743
13,DS19,152,-377.55402220048154
13,DS19,153,-372.17240875695416
13,DS19,154,-386.79531726726077
13,DS19,155,-366.1620305204559
13,DS19,156,-378.43623930348616
13,DS19,157,-377.9043246386841
13,DS19,158,-378.1643215952455
13,DS19,159,-377.3391316516299
13,DS19,160,-375.92805283655787
13,DS19,161,-379.68305392238426
13,DS19,162,-385.70229771808187
13,DS19,163,-367.73699612450696
13,DS19,164,-377.50341854551675
13,DS19,165,-375.92282898786084
13,DS19,166,-383.1129450673891
13,DS19,167,-380.7986780792222
13,DS19,168,-374.99467052342567
13,DS19,169,-387.4286333300519
13,DS19,170,-370.6238036579409
13,DS19,171,-371.49921476115935
13,DS19,172,-364.95114951887524
13,DS19,173,-377.9690540821338
13,DS19,174,-375.3494000269865
13,DS19,175,-380.71208602914777
13,DS19,176,-374.5248623007152
13,DS19,177,-365.44698479865644
13,DS19,178,-371.4758566216363
13,DS19,179,-368.4280618820276
13,DS19,180,-376.82776569802326
13,DS19,181,-368.13800444077543
13,DS19,182,-378.52029609208705
13,DS19,183,-384.70476411762684
13,DS19,184,-369.63684529433175
13,DS19,185,-359.8655684530626
13,DS19,186,-390.72246874728063
13,DS19,187,-387.41027594782554
13,DS19,188,-375.1215454155855
13,DS19,189,-386.5618154307986
13,DS19,190,-360.381083169549
13,DS19,191,-369.24139278463144
13,DS19,192,-384.5780971815891
13,DS19,193,-365.2121364702694
13,DS19,194,-369.9686327814247
13,DS19,195,-369.16794286513834
13,DS19,196,-372.82761392780446
13,DS19,197,-389.2065592709336
13,DS19,198,-375.0185300006213
13,DS19,199,-371.77305413743716
13,DS19,200,-371.2965950846158
13,DS19,201,-373.6904703949042
13,DS19,202,-376.5576670633337
13,DS19,203,-377.65237487433404
13,DS19,204,-371.56323702232544
13,DS19,205,-372.9864145733227
13,DS19,206,-371.6131494858236
13,DS19,207,-380.08736486827627
13,DS19,208,-379.8833233424176
13,DS19,209,-381.76923236020616
13,DS19,210,-378.293151693865
13,DS19,211,-395.6868389592495
13,DS19,212,-384.19713957114874
13,DS19,213,-369.0590804047752
13,DS19,214,-374.39857799604584
13,DS19,215,-384.9191948703287
13,DS19,216,-386.9316033311204
13,DS19,217,-373.91161651505115
13,DS19,218,-379.4100169882046
13,DS19,219,-373.2006599485466
13,DS19,220,-373.58698580743135
13,DS19,221,-368.73897145050785
13,DS19,222,-382.6236083732199
13,DS19,223,-382.89280253321266
13,DS19,224,-384.7828436115518
13,DS19,225,-379.6398966483154
13,DS19,226,-378.2470766877648
13,DS19,227,-382.16352281657106
13,DS19,228,-365.82050377626274
13,DS19,229,-389.20457596186765
13,DS19,230,-371.1657131163591
13,DS19,231,-379.99777781746525
13,DS19,232,-382.2157093612733
13,DS19,233,-382.60481524949455
13,DS19,234,-383.83539869624303
13,DS19,235,-377.3662889756512
13,DS19,236,-383.97114891345603
13,DS19,237,-371.9225622753918
13,DS19,238,-365.78230847414596
13,DS19,239,-380.03342954051254
13,DS19,240,-367.69145120942466
13,DS19,241,-377.0779222492496
13,DS19,242,-366.3915960604266
13,DS19,243,-382.7412178401564
13,DS19,244,-380.2406125274465
13,DS19,245,-383.9143673601335
13,DS19,246,-381.3907303749212
13,DS19,247,-373.4204590752539
13,DS19,248,-390.00824559072765
13,DS19,249,-379.3290794815698
13,DS19,250,-383.923612675948
13,DS19,251,-374.81609909367893
13,DS19,252,-378.97410934072525
13,DS19,253,-381.23548695797604
13,DS19,254,-374.3094540234882
13,DS19,255,-380.1623725060264
13,DS19,256,-389.69119369077
13,DS19,257,-382.3774814439179
13,DS19,258,-375.8844150516706
13,DS19,259,-381.3139028979913
13,DS19,260,-387.9353189443398
13,DS19,261,-383.3288813096475
13,DS19,262,-374.33702848277
13,DS19,263,-369.8155160110995
13,DS19,264,-371.5880257289816
13,DS19,265,-387.21673791424877
13,DS19,266,-370.7548460931801
13,DS19,267,-367.3602981915948
13,DS19,268,-367.9595437810931
13,DS19,269,-364.9702263232612
13,DS19,270,-378.2680061492125
13,DS19,271,-373.1113128480295
13,DS19,272,-379.388242899768
13,DS19,273,-380.9837808954093
13,DS19,274,-383.8998980241038
13,DS19,275,-374.56143853428136
13,DS19,276,-383.6737465566369
13,DS19,277,-386.89729432689853
13,DS19,278,-367.55892445540945
13,DS19,279,-372.6460629316432
13,DS19,280,-375.4270075155433
13,DS19,281,-386.6340819992841
13,DS19,282,-379.4016190897248
13,DS19,283,-375.7805414862115
13,DS19,284,-380.18377881528426
13,DS19,285,-384.67625305441277
13,DS19,286,-380.4645866271919
13,DS19,287,-376.6857077223551
13,DS19,288,-380.1743424997326
13,DS19,289,-391.0559596581543
13,DS19,290,-385.3544176840694
13,DS19,291,-370.16159831763395
13,DS19,292,-373.07651700303575
13,DS19,293,-380.4984022022875
13,DS19,294,-389.5362298592453
13,DS19,295,-371.79187155266214
13,DS19,296,-378.38990745792853
13,DS19,297,-386.43950148672735
13,DS19,298,-389.85725736998813
13,DS19,299,-372.15703934201804
13,CTDD21,0,-437.9179727418302
13,CTDD21,1,-439.3254137827588
13,CTDD21,2,-431.68346793733815
13,CTDD21,3,-423.12828412194256
13,CTDD21,4,-440.0663089451017
13,CTDD21,5,-426.13788797364265
13,CTDD21,6,-421.7053541726291
13,CTDD21,7,-421.91584076088145
13,CTDD21,8,-396.59808175486944
13,CTDD21,9,-393.54753955200226
13,CTDD21,10,-414.6223701198785
13,CTDD21,11,-401.20708160375017
13,CTDD21,12,-432.6911754322263
13,CTDD21,13,-420.23142775052247
13,CTDD21,14,-430.1829767739983
13,CTDD21,15,-399.36983993058806
13,CTDD21,16,-437.1737124857173
13,CTDD21,17,-409.6767326004557
13,CTDD21,18,-427.8701983197474
13,CTDD21,19,-402.1236014446563
13,CTDD21,20,-424.9429874315449
13,CTDD21,21,-437.85938129453154
13,CTDD21,22,-425.08805220053523
13,CTDD21,23,-414.73391257361044
13,CTDD21,24,-426.77196821025456
13,CTDD21,25,-440.84687220713766
13,CTDD21,26,-446.9602543214687
13,CTDD21,27,-422.94494418411807
13,CTDD21,28,-439.1430569866486
13,CTDD21,29,-412.20937326138466
13,CTDD21,30,-425.4270032700928
13,CTDD21,31,-416.827087895406
13,CTDD21,32,-429.7078534542909
13,CTDD21,33,-445.9952739884817
13,CTDD21,34,-410.889413705611
13,CTDD21,35,-408.62285981694316
13,CTDD21,36,-419.9897293918874
13,CTDD21,37,-431.7337569431156
13,CTDD21,38,-450.05247427098357
13,CTDD21,39,-419.43028222924323
13,CTDD21,40,-437.9757174981032
13,CTDD21,41,-409.0869689707915
13,CTDD21,42,-410.02024742755384
13,CTDD21,43,-426.50454698982355
13,CTDD21,44,-431.10284815452246
13,CTDD21,45,-438.00777289182656
13,CTDD21,46,-420.9334365525298
13,CTDD21,47,-417.51350787050103
13,CTDD21,48,-443.41932595096483
13,CTDD21,49,-410.0164813064939
13,CTDD21,50,-408.6691077199634
13,CTDD21,51,-427.04734045157386
13,CTDD21,52,-438.33555743785496
13,CTDD21,53,-428.1991245104927
13,CTDD21,54,-408.6620301641458
13,CTDD21,55,-425.55476640442873
13,CTDD21,56,-421.0185014582238
13,CTDD21,57,-402.77255026548585
13,CTDD21,58,-415.68567398173354
13,CTDD21,59,-403.6625862397493
13,CTDD21,60,-421.79740077156947
13,CTDD21,61,-414.63132323954443
13,CTDD21,62,-429.77595777369567
13,CTDD21,63,-433.7602063749769
13,CTDD21,64,-405.9502065640335
13,CTDD21,65,-447.7783034043666
13,CTDD21,66,-403.63335650745006
13,CTDD21,67,-440.82291763170554
13,CTDD21,68,-410.42962590492266
13,CTDD21,69,-429.83946832316525
13,CTDD21,70,-413.24211560087144
13,CTDD21,71,-453.1419288405922
13,CTDD21,72,-439.65501151509784
13,CTDD21,73,-414.38469152225696
13,CTDD21,74,-446.396802136014
13,CTDD21,75,-433.990780043123
13,CTDD21,76,-424.34748634838854
13,CTDD21,77,-431.4964146732435
13,CTDD21,78,-445.59376750326777
13,CTDD21,79,-421.3183368950055
13,CTDD21,80,-434.26083335235245
13,CTDD21,81,-441.15592131499693
13,CTDD21,82,-451.32633736335856
13,CTDD21,83,-432.9637321260336
13,CTDD21,84,-409.10277611497463
13,CTDD21,85,-439.6302089602209
13,CTDD21,86,-425.88285889384167
13,CTDD21,87,-418.5655595677214
13,CTDD21,88,-423.2043276521075
13,CTDD21,89,-419.72130620985536
13,CTDD21,90,-406.2749619965115
13,CTDD21,91,-443.82048533820756
13,CTDD21,92,-423.4876488353444
13,CTDD21,93,-443.31748438999733
13,CTDD21,94,-425.8370930334914
13,CTDD21,95,-430.3714182206663
13,CTDD21,96,-402.1463647095929
13,CTDD21,97,-437.58473953350705
13,CTDD21,98,-418.49971496249253
13,CTDD21,99,-404.3022745470566
13,CTDD21,100,-460.13411193783986
13,CTDD21,101,-429.93991687115886
13,CTDD21,102,-461.13718552641865
13,CTDD21,103,-401.05426836341235
13,CTDD21,104,-421.016666114111
13,CTDD21,105,-414.56145775195625
13,CTDD21,106,-426.79606247423294
13,CTDD21,107,-410.07638886208713
13,CTDD21,108,-419.30155332674843
13,CTDD21,109,-429.62146139187445
13,CTDD21,110,-413.5548899520023
13,CTDD21,111,-448.78506086923335
13,CTDD21,112,-435.6456420879116
13,CTDD21,113,-446.2273659076996
13,CTDD21,114,-422.70561794403864
13,CTDD21,115,-407.2351663544537
13,CTDD21,116,-437.3801052922188
13,CTDD21,117,-419.6354975333757
13,CTDD21,118,-410.2434467879174
13,CTDD21,119,-422.82974690506137
13,CTDD21,120,-415.04673724146295
13,CTDD21,121,-422.7861335133775
13,CTDD21,122,-414.63586309365894
13,CTDD21,123,-422.0508069481317
13,CTDD21,124,-410.7197670016827
13,CTDD21,125,-445.87046466085224
13,CTDD21,126,-440.89000362899935
13,CTDD21,127,-408.4362853420204
13,CTDD21,128,-404.8631216599375
13,CTDD21,129,-428.34754058916315
13,CTDD21,130,-427.6890371324062
13,CTDD21,131,-455.2924826122433
13,CTDD21,132,-416.82247265908
13,CTDD21,133,-406.34363611284766
13,CTDD21,134,-407.7185846803898
13,CTDD21,135,-433.5868245325103
13,CTDD21,136,-434.43154148449594
13,CTDD21,137,-418.4266046748357
13,CTDD21,138,-407.181162962336
13,CTDD21,139,-412.0512670945386
13,CTDD21,140,-416.3939100395236
13,CTDD21,141,-429.8395698366339
13,CTDD21,142,-421.7249703537239
13,CTDD21,143,-429.6476365865458
13,CTDD21,144,-430.5090584931231
13,CTDD21,145,-426.87106911288686
13,CTDD21,146,-424.1927956392409
13,CTDD21,147,-437.155535182824
13,CTDD21,148,-437.6979725859911
13,CTDD21,149,-439.44869579950023
13,CTDD21,150,-409.46782579479714
13,CTDD21,151,-448.3306778357588
13,CTDD21,152,-454.2001167332611
13,CTDD21,153,-438.59555105753026
13,CTDD21,154,-437.09193966136434
13,CTDD21,155,-426.5482734956898
13,CTDD21,156,-432.28047641707167
13,CTDD21,157,-418.3620795966863
13,CTDD21,158,-426.0216230212055
13,CTDD21,159,-412.97050419002846
13,CTDD21,160,-420.8510669135347
13,CTDD21,161,-451.865793500878
13,CTDD21,162,-427.07610389891187
13,CTDD21,163,-418.9739953302796
13,CTDD21,164,-432.8016486159769
13,CTDD21,165,-432.56846655799586
13,CTDD21,166,-431.40555272104297
13,CTDD21,167,-439.13557282672264
13,CTDD21,168,-428.7657426967236
13,CTDD21,169,-456.77124947761126
13,CTDD21,170,-437.83359558161914
13,CTDD21,171,-432.7754694987086
13,CTDD21,172,-378.2875286747885
13,CTDD21,173,-424.8310588999544
13,CTDD21,174,-422.3510488008868
13,CTDD21,175,-415.5257070416208
13,CTDD21,176,-409.6719845666622
13,CTDD21,177,-418.99835452240046
13,CTDD21,178,-397.408496116996
13,CTDD21,179,-434.08056317516434
13,CTDD21,180,-444.2554283707416
13,CTDD21,181,-439.8204162013384
13,CTDD21,182,-431.86607443232515
13,CTDD21,183,-427.2160416500627
13,CTDD21,184,-435.0385040744216
13,CTDD21,185,-419.1492074636065
13,CTDD21,186,-410.1426944184922
13,CTDD21,187,-409.6294439059236
13,CTDD21,188,-425.2210843865118
13,CTDD21,189,-405.20821234594484
13,CTDD21,190,-416.4895600521237
13,CTDD21,191,-407.2705040342487
13,CTDD21,192,-433.60126846260243
13,CTDD21,193,-427.1596581167232
13,CTDD21,194,-433.40400816264975
13,CTDD21,195,-427.0487483394045
13,CTDD21,196,-402.4791070333624
13,CTDD21,197,-435.26955616545683
13,CTDD21,198,-423.74045231383064
13,CTDD21,199,-433.7081158195852
13,CTDD21,200,-433.0392460059579
13,CTDD21,201,-423.5968367693495
13,CTDD21,202,-417.03798173649784
13,CTDD21,203,-431.85915931984647
13,CTDD21,204,-439.28815895118447
13,CTDD21,205,-439.225480758611
13,CTDD21,206,-457.4998375717671
13,CTDD21,207,-424.7254110464619
13,CTDD21,208,-434.427051439894
13,CTDD21,209,-408.83354914245217
13,CTDD21,210,-429.23811199483237
13,CTDD21,211,-455.31187579840514
13,CTDD21,212,-409.7930639609941
13,CTDD21,213,-429.87030072983873
13,CTDD21,214,-424.00748222970077
13,CTDD21,215,-418.73005336402355
13,CTDD21,216,-413.341198164553
13,CTDD21,217,-436.3592798757472
13,CTDD21,218,-435.5549603152965
13,CTDD21,219,-392.24162018924477
13,CTDD21,220,-452.2554533793546
13,CTDD21,221,-413.6614776821719
13,CTDD21,222,-448.93544063608476
13,CTDD21,223,-400.0779908182511
13,CTDD21,224,-408.44691108495203
13,CTDD21,225,-397.77671907271065
13,CTDD21,226,-409.1107274985834
13,CTDD21,227,-389.01127556526853
13,CTDD21,228,-415.78038849010085
13,CTDD21,229,-418.18653415881744
13,CTDD21,230,-407.58631050001696
13,CTDD21,231,-411.5259724573148
13,CTDD21,232,-427.9348970473644
13,CTDD21,233,-403.8407635601594
13,CTDD21,234,-428.8846658549994
13,CTDD21,235,-416.2211551659891
13,CTDD21,236,-421.675958279341
13,CTDD21,237,-416.65908209062434
13,CTDD21,238,-415.1686238464934
13,CTDD21,239,-412.37218346494217
13,CTDD21,240,-422.60908396947144
13,CTDD21,241,-430.4361550610756
13,CTDD21,242,-411.56609231822745
13,CTDD21,243,-408.6471254157627
13,CTDD21,244,-411.762113712238
13,CTDD21,245,-425.9042404489094
13,CTDD21,246,-418.1431234789129
13,CTDD21,247,-421.15450241783446
13,CTDD21,248,-466.5551114303354
13,CTDD21,249,-417.29677590588085
13,CTDD21,250,-425.4232776366854
13,CTDD21,251,-409.0258896028266
13,CTDD21,252,-410.953059512567
13,CTDD21,253,-426.2199671151397
13,CTDD21,254,-420.6595878412122
13,CTDD21,255,-445.3591552691231
13,CTDD21,256,-406.0657964679401
13,CTDD21,257,-428.92098358553676
13,CTDD21,258,-442.4276563963249
13,CTDD21,259,-455.28568456989876
13,CTDD21,260,-422.18929279435156
13,CTDD21,261,-427.5732685528609
13,CTDD21,262,-406.5063695868666
13,CTDD21,263,-411.16181670741037
13,CTDD21,264,-410.5195905020426
13,CTDD21,265,-392.53135010783177
13,CTDD21,266,-420.98874938061283
13,CTDD21,267,-417.18358513039175
13,CTDD21,268,-408.34219002202116
13,CTDD21,269,-440.9086733430119
13,CTDD21,270,-398.90892936489684
13,CTDD21,271,-423.195807014577
13,CTDD21,272,-435.8635771343703
13,CTDD21,273,-438.37848577855226
13,CTDD21,274,-422.00173125303564
13,CTDD21,275,-433.77259253738214
13,CTDD21,276,-425.3638117734163
13,CTDD21,277,-428.16448281643136
13,CTDD21,278,-405.01242589900846
13,CTDD21,279,-431.4821896271118
13,CTDD21,280,-419.6752998437663
13,CTDD21,281,-431.1471689603036
13,CTDD21,282,-439.9954540086526
13,CTDD21,283,-422.37456617485907
13,CTDD21,284,-425.4677145770928
13,CTDD21,285,-403.87343552493377
13,CTDD21,286,-433.34354062508714
13,CTDD21,287,-435.97224437692546
13,CTDD21,288,-413.28916171636644
13,CTDD21,289,-429.10439061300355
13,CTDD21,290,-415.10563906747615
13,CTDD21,291,-397.51649180217754
13,CTDD21,292,-411.17186282132326
13,CTDD21,293,-434.0011967165149
13,CTDD21,294,-409.6049091356169
13,CTDD21,295,-404.7069896576562
13,CTDD21,296,-423.5773786797707
13,CTDD21,297,-409.01964074219114
13,CTDD21,298,-442.46239057214325
13,CTDD21,299,-443.47466872628047
14,IF2,0,-368.6032031449174
14,IF2,1,-366.3776964564633
14,IF2,2,-366.35104948862306
14,IF2,3,-357.49274263596806
14,IF2,4,-373.69592808842003
14,IF2,5,-363.22740797864003
14,IF2,6,-360.62147408290934
14,IF2,7,-372.6985172618374
14,IF2,8,-373.8363427521418
14,IF2,9,-366.5144509070561
14,IF2,10,-373.0207176325407
14,IF2,11,-385.27184214357464
14,IF2,12,-375.9954195148651
14,IF2,13,-372.7558752721472
14,IF2,14,-368.1739209340083
14,IF2,15,-367.14468078733324
14,IF2,16,-368.383094924261
14,IF2,17,-366.2767652091574
14,IF2,18,-361.12824395160385
14,IF2,19,-361.4718339387019
14,IF2,20,-368.0134648876544
14,IF2,21,-370.12115247826375
14,IF2,22,-363.53145163558486
14,IF2,23,-358.0084367918271
14,IF2,24,-371.0959360187235
14,IF2,25,-369.49584381041524
14,IF2,26,-364.6011921276929
14,IF2,27,-362.9148525898838
14,IF2,28,-365.9566332617004
14,IF2,29,-370.80394415245655
14,IF2,30,-361.7897588802066
14,IF2,31,-368.15417198681257
14,IF2,32,-377.81324925065326
14,IF2,33,-364.640058563624
14,IF2,34,-368.7213200908707
14,IF2,35,-367.49148343247674
14,IF2,36,-359.4608565577246
14,IF2,37,-364.31267474546434
14,IF2,38,-378.9725770887731
14,IF2,39,-367.2966282417693
14,IF2,40,-361.45697414894244
14,IF2,41,-361.96916021362654
14,IF2,42,-362.6219850762785
14,IF2,43,-365.4114194147455
14,IF2,44,-373.1444552733094
14,IF2,45,-368.60998820587366
14,IF2,46,-365.8910009192497
14,IF2,47,-365.29388966662214
14,IF2,48,-363.45856753301143
14,IF2,49,-368.8980536987609
14,IF2,50,-363.4712632041147
14,IF2,51,-367.422130186779
14,IF2,52,-360.004963865422
14,IF2,53,-368.4161623851386
14,IF2,54,-365.7781255888089
14,IF2,55,-365.19449934548834
14,IF2,56,-364.2248709016014
14,IF2,57,-366.0320989185025
14,IF2,58,-361.80763659355654
14,IF2,59,-369.90391364560566
14,IF2,60,-362.7556666203209
14,IF2,61,-369.4274675750476
14,IF2,62,-367.93107455572124
14,IF2,63,-359.515975306665
14,IF2,64,-366.49832961078994
14,IF2,65,-366.9918024659039
14,IF2,66,-365.6061539248878
14,IF2,67,-363.26754119244924
14,IF2,68,-365.06067973719513
14,IF2,69,-368.3064792118187
14,IF2,70,-367.99036618571535
14,IF2,71,-372.64098649758654
14,IF2,72,-369.19699053591677
14,IF2,73,-366.60008539993044
14,IF2,74,-368.1802781978642
14,IF2,75,-372.97625851177463
14,IF2,76,-367.6441043443024
14,IF2,77,-372.457475207402
14,IF2,78,-366.47691462123083
14,IF2,79,-367.29707080819384
14,IF2,80,-369.93531667858537
14,IF2,81,-369.4797711507798
14,IF2,82,-359.2438458167717
14,IF2,83,-365.7415205089349
14,IF2,84,-364.5198019691898
14,IF2,85,-362.0012660764538
14,IF2,86,-369.051179252309
14,IF2,87,-367.24175191759576
14,IF2,88,-363.1740170638
14,IF2,89,-363.80204163644686
14,IF2,90,-364.90712460948293
14,IF2,91,-359.976305245192
14,IF2,92,-363.6359890119743
14,IF2,93,-365.58188570529944
14,IF2,94,-366.9155810979639
14,IF2,95,-368.5586130789793
14,IF2,96,-368.5066202961148
14,IF2,97,-368.2285382988893
14,IF2,98,-360.80712855732014
14,IF2,99,-368.442133973648
14,IF2,100,-361.1772962195551
14,IF2,101,-359.2940600097203
14,IF2,102,-366.3740834053528
14,IF2,103,-365.66029498742313
14,IF2,104,-362.8529216126063
14,IF2,105,-359.9822492855329
14,IF2,106,-366.8218616476596
14,IF2,107,-362.0870634767304
14,IF2,108,-361.517406210228
14,IF2,109,-367.59659564917183
14,IF2,110,-371.0987582262726
14,IF2,111,-371.93824172200254
14,IF2,112,-373.88738952379987
14,IF2,113,-372.6015535187091
14,IF2,114,-372.5990893929916
14,IF2,115,-375.8922906538148
14,IF2,116,-371.578669576278
14,IF2,117,-373.2961108267245
14,IF2,118,-374.4521124636769
14,IF2,119,-372.5590265809363
14,IF2,120,-377.50775995849875
14,IF2,121,-377.67021895831624
14,IF2,122,-375.7265787616352
14,IF2,123,-369.89424108364307
14,IF2,124,-378.840280684099
14,IF2,125,-372.0844248053109
14,IF2,126,-371.78357923318407
14,IF2,127,-370.2055887501027
14,IF2,128,-377.9866071518628
14,IF2,129,-375.2406529368666
14,IF2,130,-371.4725305945296
14,IF2,131,-366.227509543619
14,IF2,132,-371.9781158841948
14,IF2,133,-368.8245397097223
14,IF2,134,-373.9518817045654
14,IF2,135,-372.7334235789368
14,IF2,136,-372.89190743593764
14,IF2,137,-371.8531028413249
14,IF2,138,-368.1589241227087
14,IF2,139,-368.5601974452566
14,IF2,140,-364.5254580112633
14,IF2,141,-366.0095618178817
14,IF2,142,-363.6526195026218
14,IF2,143,-359.4279412547899
14,IF2,144,-365.3856564537126
14,IF2,145,-367.304954882667
14,IF2,146,-365.6646378077141
14,IF2,147,-363.6732727572783
14,IF2,148,-363.782329111462
14,IF2,149,-361.2906515259472
14,IF2,150,-366.35327210502214
14,IF2,151,-364.473726432962
14,IF2,152,-365.3415330278525
14,IF2,153,-360.0653719853834
14,IF2,154,-365.9619209191316
14,IF2,155,-365.1522093519922
14,IF2,156,-363.5400442744068
14,IF2,157,-368.1065766845294
14,IF2,158,-368.432467669536
14,IF2,159,-368.37182923236514
14,IF2,160,-365.4381155518568
14,IF2,161,-364.33944516782185
14,IF2,162,-366.1773779135423
14,IF2,163,-360.4828133054055
14,IF2,164,-356.45491899660976
14,IF2,165,-365.5731169897262
14,IF2,166,-368.05739055832026
14,IF2,167,-366.3152743634287
14,IF2,168,-360.3874428318121
14,IF2,169,-365.0871359558247
14,IF2,170,-360.0919356460293
14,IF2,171,-363.54400780675576
14,IF2,172,-365.26140594248056
14,IF2,173,-362.6077294799949
14,IF2,174,-363.43802187877185
14,IF2,175,-362.16131153176946
14,IF2,176,-364.0764773487747
14,IF2,177,-362.825934156099
14,IF2,178,-362.32477293178874
14,IF2,179,-362.2485149493255
14,IF2,180,-359.52864390638973
14,IF2,181,-367.00956310688235
14,IF2,182,-360.5750468885996
14,IF2,183,-362.24158039882604
14,IF2,184,-363.3735305097186
14,IF2,185,-366.85376080739724
14,IF2,186,-364.43370581049834
14,IF2,187,-367.9440070527676
14,IF2,188,-367.25893902415265
14,IF2,189,-362.23259387302033
14,IF2,190,-363.3545631981206
14,IF2,191,-362.8517584253206
14,IF2,192,-363.25593692241375
14,IF2,193,-361.15953485098385
14,IF2,194,-361.65591269208284
14,IF2,195,-365.8473874718378
14,IF2,196,-362.9365260704972
14,IF2,197,-361.42024409506365
14,IF2,198,-360.90995178333475
14,IF2,199,-367.7817781473278
14,IF2,200,-365.12390834867904
14,IF2,201,-368.2531737450968
14,IF2,202,-365.9516358757676
14,IF2,203,-366.94202117970224
14,IF2,204,-364.15299365780226
14,IF2,205,-362.3913308583612
14,IF2,206,-368.2086814944372
14,IF2,207,-363.402852156687
14,IF2,208,-364.1690401181732
14,IF2,209,-366.15702731393856
14,IF2,210,-362.43196783618623
14,IF2,211,-360.97589304864056
14,IF2,212,-369.29716620231403
14,IF2,213,-363.9431070756059
14,IF2,214,-358.0850275915902
14,IF2,215,-364.53844872579833
14,IF2,216,-369.0431010453542
14,IF2,217,-366.39778452782497
14,IF2,218,-364.0961169041071
14,IF2,219,-363.80862121578616
14,IF2,220,-366.39688370530763
14,IF2,221,-366.0098665289997
14,IF2,222,-366.92652732426933
14,IF2,223,-365.9575026553685
14,IF2,224,-369.30739034667454
14,IF2,225,-361.4366989392187
14,IF2,226,-367.1244416866347
14,IF2,227,-359.35167606375126
14,IF2,228,-361.8362090971625
14,IF2,229,-364.1926165085279
14,IF2,230,-362.07392691046215
14,IF2,231,-365.5370987400233
14,IF2,232,-367.38621192583486
14,IF2,233,-366.6970085281343
14,IF2,234,-367.7451729684133
14,IF2,235,-366.67015112843893
14,IF2,236,-366.0610413055529
14,IF2,237,-364.34574421742485
14,IF2,238,-362.76616424346787
14,IF2,239,-364.2671335912897
14,IF2,240,-366.2548602482895
14,IF2,241,-359.46923968179357
14,IF2,242,-370.4952541514471
14,IF2,243,-361.99897515457434
14,IF2,244,-361.71225040976844
14,IF2,245,-361.4487139648813
14,IF2,246,-362.87780599800556
14,IF2,247,-366.7383939497769
14,IF2,248,-366.08280581573297
14,IF2,249,-366.6130674810288
14,IF2,250,-364.10047751797305
14,IF2,251,-364.67516580664375
14,IF2,252,-362.27270284902903
14,IF2,253,-363.9423575400454
14,IF2,254,-361.90494860893114
14,IF2,255,-369.2583287620587
14,IF2,256,-365.4198351604732
14,IF2,257,-362.3800980351123
14,IF2,258,-369.51571886518366
14,IF2,259,-364.53259394669647
14,IF2,260,-364.4230127935507
14,IF2,261,-365.40918076892063
14,IF2,262,-367.9307956406395
14,IF2,263,-366.10181964125104
14,IF2,264,-365.75562675700945
14,IF2,265,-365.9106592659343
14,IF2,266,-364.3372742018769
14,IF2,267,-363.404091527336
14,IF2,268,-362.8867576093426
14,IF2,269,-363.217472400512
14,IF2,270,-369.0477613826094
14,IF2,271,-366.6461981957408
14,IF2,272,-358.66495865548427
14,IF2,273,-369.47450290238396
14,IF2,274,-358.651955158791
14,IF2,275,-367.6572870195693
14,IF2,276,-366.3054855630356
14,IF2,277,-364.96989510821703
14,IF2,278,-362.84439182156996
14,IF2,279,-363.92326020999417
14,IF2,280,-364.067697276011
14,IF2,281,-366.1013539957922
14,IF2,282,-364.26248029478705
14,IF2,283,-366.85684360578307
14,IF2,284,-368.17353593090183
14,IF2,285,-362.7666328136013
14,IF2,286,-363.5386612370933
14,IF2,287,-362.78928704795106
14,IF2,288,-366.70290744930975
14,IF2,289,-364.2090509455678
14,IF2,290,-366.249040425388
14,IF2,291,-365.6308039774642
14,IF2,292,-364.95114258240784
14,IF2,293,-367.8798683883001
14,IF2,294,-364.4509377591551
14,IF2,295,-361.8702597160264
14,IF2,296,-366.20519318668255
14,IF2,297,-366.69259880696035
14,IF2,298,-367.6588661726843
14,IF2,299,-363.1894487134563
14,IF2,300,-365.4129118952069
14,IF2,301,-365.72094182072755
14,IF2,302,-370.0482354233656
14,IF2,303,-360.53054634787674
14,IF2,304,-361.8738678061071
14,IF2,305,-363.2047357664021
14,IF2,306,-363.4901491650491
14,IF2,307,-362.26139243817977
14,IF2,308,-362.06024811340643
14,IF2,309,-365.43008359320345
14,IF2,310,-366.0164360633814
14,IF2,311,-363.3979102758602
14,IF2,312,-364.0184718576132
14,IF2,313,-365.7274128444625
14,IF2,314,-368.70479918145753
14,IF2,315,-369.6458764587719
14,IF2,316,-364.06656924213644
14,IF2,317,-361.9407714524443
14,IF2,318,-363.660886161899
14,IF2,319,-363.5615918989784
14,IF2,320,-361.907154380931
14,IF2,321,-360.1612786692161
14,IF2,322,-365.94315567862026
14,IF2,323,-360.84184174614944
14,IF2,324,-364.8263199983008
14,IF2,325,-363.05936664878703
14,IF2,326,-368.02785121105495
14,IF2,327,-363.5428828354832
14,IF2,328,-362.57005528008654
14,IF2,329,-362.05870042287404
14,IF2,330,-365.9999345135382
14,IF2,331,-365.54509828292333
14,IF2,332,-362.4399028971953
14,IF2,333,-362.01475916388347
14,IF2,334,-361.9826743680048
14,IF2,335,-368.47942422291754
14,IF2,336,-366.09588729257575
14,IF2,337,-372.35519634190683
14,IF2,338,-366.1404406008837
14,IF2,339,-362.59819303211015
14,IF2,340,-365.8732427762384
14,IF2,341,-363.1386732124778
14,IF2,342,-367.6030334472577
14,IF2,343,-363.9597898070686
14,IF2,344,-367.0372744744696
14,IF2,345,-365.2299896828355
14,IF2,346,-363.7438908184683
14,IF2,347,-360.5781975897294
14,IF2,348,-365.4417578036931
14,IF2,349,-360.58914208822614
14,IF2,350,-362.98666350263466
14,IF2,351,-363.86073051470464
14,IF2,352,-366.17627228956025
14,IF2,353,-364.72324281776577
14,IF2,354,-360.59456534480046
14,IF2,355,-361.58839986091414
14,IF2,356,-366.42960325589166
14,IF2,357,-367.9385951941267
14,IF2,358,-364.2447859013331
14,IF2,359,-365.3485058347533
14,IF2,360,-361.5457212989564
14,IF2,361,-359.83444398113215
14,IF2,362,-361.6817095739554
14,IF2,363,-364.61892573175345
14,IF2,364,-363.04797235784366
14,IF2,365,-368.20844782054974
14,IF2,366,-363.68902227863515
14,IF2,367,-366.97170615479735
14,IF2,368,-362.25531307690324
14,IF2,369,-363.6355176592288
14,IF2,370,-364.296898570975
14,IF2,371,-362.4179644652285
14,IF2,372,-360.5705827663768
14,IF2,373,-359.585603519105
14,IF2,374,-363.0685622029412
14,IF2,375,-363.6386654223838
14,IF2,376,-359.59956942089957
14,IF2,377,-366.96623404745753
14,IF2,378,-363.1669012289897
14,IF2,379,-368.37663198040474
14,IF2,380,-362.75296939456507
14,IF2,381,-360.19091347645565
14,IF2,382,-367.2112220385675
14,IF2,383,-363.8432615776284
14,IF2,384,-362.779051184735
14,IF2,385,-362.0524349839377
14,IF2,386,-367.8324134441214
14,IF2,387,-361.3418549814423
14,IF2,388,-360.0447264207742
14,IF2,389,-366.75906501096864
14,IF2,390,-367.31767835038175
14,IF2,391,-366.2709525448566
14,IF2,392,-361.0448682233228
14,IF2,393,-367.8562825251286
14,IF2,394,-365.24143021660194
14,IF2,395,-359.83111952089206
14,IF2,396,-366.07382013526603
14,IF2,397,-366.54341578803684
14,IF2,398,-362.6688969005036
14,IF2,399,-368.2536631569202
14,IF2,400,-358.7713625550386
14,IF2,401,-361.2261447853629
14,IF2,402,-361.3453833678255
14,IF2,403,-364.71810452406595
14,IF2,404,-364.43046291695794
14,IF2,405,-360.80505448707544
14,IF2,406,-366.3485102368202
14,IF2,407,-358.3014602410382
14,IF2,408,-363.0584204922519
14,IF2,409,-361.3114742729339
14,IF2,410,-363.0073713792955
14,IF2,411,-365.6417755414596
14,IF2,412,-363.4424865405211
14,IF2,413,-360.441606595405
14,IF2,414,-365.34908838327357
14,IF2,415,-363.83187071152355
14,IF2,416,-363.8898748938673
14,IF2,417,-364.346273620927
14,IF2,418,-365.4354903723351
14,IF2,419,-363.4651000785249
14,IF2,420,-364.6338033009855
14,IF2,421,-362.5484171363454
14,IF2,422,-367.8074723724974
14,IF2,423,-363.5244805459725
14,IF2,424,-365.7424859206812
14,IF2,425,-364.25292045271397
14,IF2,426,-364.1766286784524
14,IF2,427,-366.66097445868337
14,IF2,428,-366.0983331557952
14,IF2,429,-363.5180630945221
14,IF2,430,-363.6472574021889
14,IF2,431,-359.3503246426173
14,IF2,432,-365.6315965797302
14,IF2,433,-364.33946657390766
14,IF2,434,-362.5655988001168
14,IF2,435,-366.0563523674733
14,IF2,436,-359.9864017256305
14,IF2,437,-362.0545765506674
14,IF2,438,-366.91828960253986
14,IF2,439,-364.5449025970171
14,IF2,440,-366.60058302152635
14,IF2,441,-366.8922584306206
14,IF2,442,-364.2911612560637
14,IF2,443,-362.45910963525324
14,IF2,444,-363.5324945590712
14,IF2,445,-363.1563773868702
14,IF2,446,-359.43059212647927
14,IF2,447,-365.3326789932341
14,IF2,448,-361.7319097521815
14,IF2,449,-361.6149570262806
14,IF2,450,-358.1890451053888
14,IF2,451,-361.0506378674733
14,IF2,452,-364.45453214149444
14,IF2,453,-364.5081338727628
14,IF2,454,-367.4282723256576
14,IF2,455,-364.0542601675118
14,IF2,456,-368.97401241022345
14,IF2,457,-363.0189312467041
14,IF2,458,-364.5186250675981
14,IF2,459,-364.12633819259764
14,IF2,460,-359.6709479740205
14,IF2,461,-361.46555026255413
14,IF2,462,-364.44484236238765
14,IF2,463,-368.1347169098234
14,IF2,464,-362.9418401946691
14,IF2,465,-362.44466476859077
14,IF2,466,-360.9796020918451
14,IF2,467,-365.40038648345
14,IF2,468,-364.065465354319
14,IF2,469,-364.33855720676297
14,IF2,470,-365.50862541135604
14,IF2,471,-367.57589280982745
14,IF2,472,-357.8600715646045
14,IF2,473,-364.4113420471473
14,IF2,474,-366.6750262648325
14,IF2,475,-366.07449982108693
14,IF2,476,-364.0857293711477
14,IF2,477,-363.678543758581
14,IF2,478,-362.15696543737437
14,IF2,479,-364.43681481512397
14,IF2,480,-365.4238475568616
14,IF2,481,-365.1624079494738
14,IF2,482,-364.6729318905354
14,IF2,483,-359.7881284395792
14,IF2,484,-363.76008077767386
14,IF2,485,-365.0996958386035
14,IF2,486,-364.8221414346871
14,IF2,487,-359.35855235483547
14,IF2,488,-367.4780113453878
14,IF2,489,-365.1008994648679
14,IF2,490,-365.3814001923907
14,IF2,491,-360.77995492845145
14,IF2,492,-366.0704088743502
14,IF2,493,-369.07767761368933
14,IF2,494,-358.33356112190495
14,IF2,495,-360.0906655030817
14,IF2,496,-365.29884195696457
14,IF2,497,-365.63169906232804
14,IF2,498,-362.7182958780374
14,IF2,499,-367.46110360598146
14,IF2,500,-363.36550730070206
14,IF2,501,-363.42275301540747
14,IF2,502,-363.14177229011574
14,IF2,503,-361.99480699256156
14,IF2,504,-361.720591614455
14,IF2,505,-364.86051133598676
14,IF2,506,-365.1835829932004
14,IF2,507,-361.1826584042285
14,IF2,508,-364.02787156774923
14,IF2,509,-362.34972481256546
14,IF2,510,-361.47598630545264
14,IF2,511,-366.459119414724
14,IF2,512,-362.7003188332632
14,IF2,513,-370.08162335191383
14,IF2,514,-367.0212466054734
14,IF2,515,-365.2585522599875
14,IF2,516,-365.80720289515324
14,IF2,517,-361.98534008037666
14,IF2,518,-367.52748809410826
14,IF2,519,-362.6153176176615
14,IF2,520,-363.28815581977517
14,IF2,521,-367.5538188677398
14,IF2,522,-358.8080438622925
14,IF2,523,-364.2995821762743
14,IF2,524,-366.51304488008833
14,IF2,525,-361.0142459103803
14,IF2,526,-361.8504809986188
14,IF2,527,-369.79660447803974
14,IF2,528,-360.7669758736372
14,IF2,529,-364.25375308385435
14,IF2,530,-368.15252011323565
14,IF2,531,-361.3561102561176
14,IF2,532,-366.40180818063465
14,IF2,533,-362.71591937251645
14,IF2,534,-364.5278838769081
14,IF2,535,-369.9788219479284
14,IF2,536,-367.2232534877884
14,IF2,537,-363.14602225198445
14,IF2,538,-364.5993947441574
14,IF2,539,-367.0954324263749
14,IF2,540,-361.777750370583
14,IF2,541,-360.0256309318907
14,IF2,542,-365.52440174827206
14,IF2,543,-366.22982432666157
14,IF2,544,-364.5467186144764
14,IF2,545,-365.58752455016077
14,IF2,546,-364.01340519444585
14,IF2,547,-361.19241128286353
14,IF2,548,-362.3512677802521
14,IF2,549,-364.60512160434325
14,IF2,550,-367.18022010223694
14,IF2,551,-362.15093172862714
14,IF2,552,-363.2186909223442
14,IF2,553,-362.3920556229124
14,IF2,554,-364.30506305328686
14,IF2,555,-361.8274167490805
14,IF2,556,-364.71542891351396
14,IF2,557,-367.1722171832546
14,IF2,558,-363.8242087340284
14,IF2,559,-360.8156306715824
14,IF2,560,-365.3976376662005
14,IF2,561,-364.7849640651794
14,IF2,562,-360.16253405407264
14,IF2,563,-363.9402389579988
14,IF2,564,-365.37640627995324
14,IF2,565,-363.85864072615493
14,IF2,566,-367.4323020413469
14,IF2,567,-360.9201277071801
14,IF2,568,-367.41223718938073
14,IF2,569,-361.13336846600464
14,IF2,570,-366.69183789708023
14,IF2,571,-361.5488494872411
14,IF2,572,-364.848411713582
14,IF2,573,-369.306766710172
14,IF2,574,-362.2962533504083
14,IF2,575,-360.73088688983125
14,IF2,576,-364.73121536663547
14,IF2,577,-369.9984328881082
14,IF2,578,-366.41468886536876
14,IF2,579,-362.0979248144891
14,IF2,580,-368.883481053158
14,IF2,581,-362.8628760906812
14,IF2,582,-364.6231316869254
14,IF2,583,-364.6677891074207
14,IF2,584,-365.4045550911914
14,IF2,585,-363.2860447107874
14,IF2,586,-359.77847097776606
14,IF2,587,-361.90161405356383
14,IF2,588,-368.10783597172383
14,IF2,589,-364.88696815643993
14,IF2,590,-359.44391492158036
14,IF2,591,-364.9574828933581
14,IF2,592,-364.55736107464884
14,IF2,593,-367.03450011760447
14,IF2,594,-368.0574649535212
14,IF2,595,-359.769278734666
14,IF2,596,-370.8910363180863
14,IF2,597,-363.3053140252307
14,IF2,598,-364.97548984851375
14,IF2,599,-364.6310300704492
14,IFAD,0,-370.16956494230783
14,IFAD,1,-366.16620323304954
14,IFAD,2,-368.09850554894365
14,IFAD,3,-376.2717824781261
14,IFAD,4,-379.5785795419035
14,IFAD,5,-372.7233008215064
14,IFAD,6,-373.03385635239414
14,IFAD,7,-374.22890433621313
14,IFAD,8,-365.8667408091525
14,IFAD,9,-369.64366495215336
14,IFAD,10,-372.60834613078083
14,IFAD,11,-369.3035315814813
14,IFAD,12,-361.0220200898965
14,IFAD,13,-367.88211421105603
14,IFAD,14,-366.22494764673564
14,IFAD,15,-365.5683159104897
14,IFAD,16,-363.9186105821421
14,IFAD,17,-365.1139923491483
14,IFAD,18,-361.2373455385868
14,IFAD,19,-363.52309754203355
14,IFAD,20,-366.50741633554867
14,IFAD,21,-363.7124292354905
14,IFAD,22,-366.70992412516466
14,IFAD,23,-364.0764400320087
14,IFAD,24,-371.78173981941404
14,IFAD,25,-363.3468153020854
14,IFAD,26,-367.3293892951644
14,IFAD,27,-370.5103935342252
14,IFAD,28,-366.9344931824045
14,IFAD,29,-364.3513187415269
14,IFAD,30,-366.24196629561294
14,IFAD,31,-368.0194902804714
14,IFAD,32,-359.1528845938078
14,IFAD,33,-365.1384750176344
14,IFAD,34,-367.9764289544243
14,IFAD,35,-367.1565498417127
14,IFAD,36,-363.9369436242587
14,IFAD,37,-360.60068823783996
14,IFAD,38,-368.1058776391619
14,IFAD,39,-370.6275137741352
14,IFAD,40,-372.12193300790335
14,IFAD,41,-364.4617701836377
14,IFAD,42,-371.7492886687831
14,IFAD,43,-361.64723072717794
14,IFAD,44,-362.8001981456563
14,IFAD,45,-359.8809282797817
14,IFAD,46,-361.8967614923975
14,IFAD,47,-372.0258486666322
14,IFAD,48,-363.38901511532134
14,IFAD,49,-363.4552833686089
14,IFAD,50,-369.7776969785519
14,IFAD,51,-366.64028717243855
14,IFAD,52,-367.6141061618399
14,IFAD,53,-362.85072762338393
14,IFAD,54,-367.0341576690666
14,IFAD,55,-366.2317608308882
14,IFAD,56,-369.8729604783023
14,IFAD,57,-370.6811358838681
14,IFAD,58,-362.7845548836985
14,IFAD,59,-367.16188595959954
14,IFAD,60,-366.63261552509425
14,IFAD,61,-362.4918313348953
14,IFAD,62,-361.97371193901006
14,IFAD,63,-363.60113535768176
14,IFAD,64,-367.02192148477866
14,IFAD,65,-366.9524963832168
14,IFAD,66,-362.8983835590096
14,IFAD,67,-365.5647775479871
14,IFAD,68,-363.0758776927649
14,IFAD,69,-364.45897676188247
14,IFAD,70,-360.0502423207685
14,IFAD,71,-366.299343881742
14,IFAD,72,-362.84216562086027
14,IFAD,73,-364.68703049022156
14,IFAD,74,-369.0284951443654
14,IFAD,75,-373.7349842319894
14,IFAD,76,-368.27903953723927
14,IFAD,77,-367.17499114389534
14,IFAD,78,-369.5034348645799
14,IFAD,79,-364.42826438598803
14,IFAD,80,-365.8432558347514
14,IFAD,81,-365.91562640630656
14,IFAD,82,-373.79090693086715
14,IFAD,83,-362.52051053129253
14,IFAD,84,-362.2467506241443
14,IFAD,85,-358.97038543711875
14,IFAD,86,-359.990191846309
14,IFAD,87,-362.29843070789116
14,IFAD,88,-366.2986512753785
14,IFAD,89,-367.9422098878309
14,IFAD,90,-363.29446881015554
14,IFAD,91,-365.49622858911675
14,IFAD,92,-363.26582283044314
14,IFAD,93,-368.02529173121434
14,IFAD,94,-362.5800520584165
14,IFAD,95,-371.44901084662854
14,IFAD,96,-366.87619281891244
14,IFAD,97,-371.85541741855207
14,IFAD,98,-366.9071190182176
14,IFAD,99,-366.1875066553174
14,IFAD,100,-369.8098735341681
14,IFAD,101,-365.6461525479761
14,IFAD,102,-366.8526655494377
14,IFAD,103,-369.59867226723605
14,IFAD,104,-369.028295900915
14,IFAD,105,-362.67874488217
14,IFAD,106,-366.4123311812709
14,IFAD,107,-369.21452445847024
14,IFAD,108,-367.4800852113192
14,IFAD,109,-363.5622329482481
14,IFAD,110,-358.9049551536051
14,IFAD,111,-365.16769075271617
14,IFAD,112,-366.66769261117287
14,IFAD,113,-367.4093273285212
14,IFAD,114,-357.494028374137
14,IFAD,115,-361.7946686870576
14,IFAD,116,-360.3010260869625
14,IFAD,117,-359.8746705987812
14,IFAD,118,-367.99331925671953
14,IFAD,119,-362.22700802122057
14,IFAD,120,-364.8886546663289
14,IFAD,121,-364.3361690510229
14,IFAD,122,-358.87394681651256
14,IFAD,123,-366.9912983151043
14,IFAD,124,-361.7084508859243
14,IFAD,125,-360.3211624190347
14,IFAD,126,-361.9895815480717
14,IFAD,127,-360.55771979351954
14,IFAD,128,-363.1739585258255
14,IFAD,129,-363.50258849827156
14,IFAD,130,-365.6460297843259
14,IFAD,131,-364.2218857030585
14,IFAD,132,-364.2786230748407
14,IFAD,133,-362.7628470792775
14,IFAD,134,-364.4097683218024
14,IFAD,135,-356.4293909601447
14,IFAD,136,-362.3760846782213
14,IFAD,137,-364.8849758634689
14,IFAD,138,-361.54949094889867
14,IFAD,139,-365.0345036998275
14,IFAD,140,-360.1258864551283
14,IFAD,141,-360.93820699057494
14,IFAD,142,-358.92036640675474
14,IFAD,143,-364.4881167564069
14,IFAD,144,-364.0172818461855
14,IFAD,145,-358.70409486350934
14,IFAD,146,-362.1081201562993
14,IFAD,147,-360.9639617800897
14,IFAD,148,-364.12751392211703
14,IFAD,149,-366.7012530881868
14,IFAD,150,-365.37445155899707
14,IFAD,151,-361.37559728673466
14,IFAD,152,-363.1649982778682
14,IFAD,153,-359.49194536932504
14,IFAD,154,-365.88595127118447
14,IFAD,155,-362.413770627659
14,IFAD,156,-363.3253028564238
14,IFAD,157,-366.8946308477858
14,IFAD,158,-361.7152815355056
14,IFAD,159,-361.0521953216949
14,IFAD,160,-363.20180751423527
14,IFAD,161,-359.8824464725821
14,IFAD,162,-367.3453997133565
14,IFAD,163,-367.3856509789465
14,IFAD,164,-365.6652661477251
14,IFAD,165,-367.45697136725414
14,IFAD,166,-361.0287817434724
14,IFAD,167,-363.99246376111057
14,IFAD,168,-362.69091989616084
14,IFAD,169,-361.8361046709072
14,IFAD,170,-362.7854276740013
14,IFAD,171,-361.97712047337404
14,IFAD,172,-364.86792760676747
14,IFAD,173,-361.6986738528191
14,IFAD,174,-362.1515106135825
14,IFAD,175,-364.517565998266
14,IFAD,176,-362.0282602110841
14,IFAD,177,-363.447093575997
14,IFAD,178,-365.1113693967316
14,IFAD,179,-364.44404107882957
14,IFAD,180,-361.1351531130877
14,IFAD,181,-363.6816628384019
14,IFAD,182,-366.2307446244093
14,IFAD,183,-362.98835788985764
14,IFAD,184,-361.1270384703353
14,IFAD,185,-359.69288821244544
14,IFAD,186,-361.3048194116612
14,IFAD,187,-360.6796135008153
14,IFAD,188,-366.82058157193114
14,IFAD,189,-363.72523398737707
14,IFAD,190,-367.40059635479076
14,IFAD,191,-362.3203843293972
14,IFAD,192,-364.0555153715491
14,IFAD,193,-366.11901542324784
14,IFAD,194,-366.8846728344408
14,IFAD,195,-368.74343702702134
14,IFAD,196,-360.7130739853691
14,IFAD,197,-364.1010364133955
14,IFAD,198,-367.24909465109636
14,IFAD,199,-360.45884380197606
14,IFAD,200,-358.48667021502143
14,IFAD,201,-359.9298872200387
14,IFAD,202,-362.4669228925621
14,IFAD,203,-367.8508720368729
14,IFAD,204,-361.86075534719254
14,IFAD,205,-364.37148692463524
14,IFAD,206,-365.36642942119596
14,IFAD,207,-366.94511996767795
14,IFAD,208,-359.8783197255631
14,IFAD,209,-358.29285614772397
14,IFAD,210,-361.775261090073
14,IFAD,211,-359.2462193637553
14,IFAD,212,-362.8864002357274
14,IFAD,213,-363.2851607667085
14,IFAD,214,-362.0091110219206
14,IFAD,215,-357.9551069508746
14,IFAD,216,-366.5545912370275
14,IFAD,217,-368.64613093967495
14,IFAD,218,-364.39255497919805
14,IFAD,219,-362.4728418729604
14,IFAD,220,-365.27070014824926
14,IFAD,221,-364.9576350462053
14,IFAD,222,-364.37086013748285
14,IFAD,223,-361.9371966715014
14,IFAD,224,-361.625934591034
14,IFAD,225,-363.82015241861507
14,IFAD,226,-362.8787674656683
14,IFAD,227,-361.70517534682364
14,IFAD,228,-362.92992887972264
14,IFAD,229,-358.1232207309982
14,IFAD,230,-360.7825903450156
14,IFAD,231,-365.71161854450025
14,IFAD,232,-358.82904396084024
14,IFAD,233,-363.5807195995964
14,IFAD,234,-365.36308678601904
14,IFAD,235,-366.0232239776277
14,IFAD,236,-365.4131522235293
14,IFAD,237,-363.3335109371565
14,IFAD,238,-365.07804143564834
14,IFAD,239,-365.77994760519056
14,IFAD,240,-361.27019009780685
14,IFAD,241,-363.0691508003161
14,IFAD,242,-364.7829671830972
14,IFAD,243,-358.20566508597113
14,IFAD,244,-365.82407792031813
14,IFAD,245,-363.77862720958314
14,IFAD,246,-365.59628834578336
14,IFAD,247,-366.18191715126187
14,IFAD,248,-370.04397244405317
14,IFAD,249,-367.10810227159243
14,IFAD,250,-368.8165208931147
14,IFAD,251,-362.1638393811318
14,IFAD,252,-359.0290214432062
14,IFAD,253,-363.8029708927463
14,IFAD,254,-364.62252667137506
14,IFAD,255,-358.21644047898366
14,IFAD,256,-362.35995581758533
14,IFAD,257,-364.94736383328564
14,IFAD,258,-359.4879898771497
14,IFAD,259,-369.13259707290445
14,IFAD,260,-363.1899236553626
14,IFAD,261,-357.86960611680615
14,IFAD,262,-356.9653380024671
14,IFAD,263,-356.8198090166003
14,IFAD,264,-364.4738686765985
14,IFAD,265,-361.014488782523
14,IFAD,266,-365.09755019381527
14,IFAD,267,-358.4872003850749
14,IFAD,268,-361.10853225865367
14,IFAD,269,-360.3414296360279
14,IFAD,270,-365.9377237151073
14,IFAD,271,-363.06725208031304
14,IFAD,272,-363.47130880556347
14,IFAD,273,-364.9479131686472
14,IFAD,274,-362.91240069460287
14,IFAD,275,-364.5918545076356
14,IFAD,276,-366.51892462580224
14,IFAD,277,-366.89880797842403
14,IFAD,278,-369.73400940857664
14,IFAD,279,-362.879101789278
14,IFAD,280,-360.3235587254079
14,IFAD,281,-369.9737947896394
14,IFAD,282,-362.60818509916265
14,IFAD,283,-361.9035009812079
14,IFAD,284,-363.7568087866837
14,IFAD,285,-365.95215794413633
14,IFAD,286,-360.9937895065811
14,IFAD,287,-360.83675201645735
14,IFAD,288,-359.1794876025483
14,IFAD,289,-364.73914573808804
14,IFAD,290,-363.18238792247706
14,IFAD,291,-365.67046840132684
14,IFAD,292,-362.63011226334135
14,IFAD,293,-369.2402938636652
14,IFAD,294,-360.81503619039574
14,IFAD,295,-360.31040190578324
14,IFAD,296,-366.52449312083695
14,IFAD,297,-362.81364862663895
14,IFAD,298,-365.28693122322306
14,IFAD,299,-361.10420185116686
14,IFAD,300,-364.2645979270067
14,IFAD,301,-364.68507873262445
14,IFAD,302,-365.02171809399533
14,IFAD,303,-363.1663309678359
14,IFAD,304,-360.9829904501012
14,IFAD,305,-366.025804714331
14,IFAD,306,-362.99332186611974
14,IFAD,307,-362.562475720357
14,IFAD,308,-361.5369758069863
14,IFAD,309,-367.1475625189477
14,IFAD,310,-366.79928938853664
14,IFAD,311,-366.35368744544985
14,IFAD,312,-361.04923415817024
14,IFAD,313,-361.6444382439094
14,IFAD,314,-356.77826791958506
14,IFAD,315,-363.5818854138095
14,IFAD,316,-359.9637289633115
14,IFAD,317,-365.5765383976549
14,IFAD,318,-365.441571044971
14,IFAD,319,-359.78713967690805
14,IFAD,320,-362.39080134468463
14,IFAD,321,-360.14498109218414
14,IFAD,322,-364.6513051511074
14,IFAD,323,-361.65500168169416
14,IFAD,324,-365.13065109766575
14,IFAD,325,-364.2652842410421
14,IFAD,326,-362.43360344948616
14,IFAD,327,-362.5657176745733
14,IFAD,328,-363.53825801785604
14,IFAD,329,-365.56417505262385
14,IFAD,330,-359.6825891283901
14,IFAD,331,-365.2229182948123
14,IFAD,332,-360.65030266779263
14,IFAD,333,-364.4109107295524
14,IFAD,334,-361.74213231419685
14,IFAD,335,-361.1877833814892
14,IFAD,336,-362.332762593796
14,IFAD,337,-360.14901006598143
14,IFAD,338,-360.73653855006876
14,IFAD,339,-360.612886377082
14,IFAD,340,-358.10471941572706
14,IFAD,341,-362.08818618631403
14,IFAD,342,-367.7795492716867
14,IFAD,343,-365.6746122160911
14,IFAD,344,-364.4004994033869
14,IFAD,345,-362.36022287120136
14,IFAD,346,-366.5389676210992
14,IFAD,347,-366.3042081827905
14,IFAD,348,-362.7153733990053
14,IFAD,349,-362.225923056994
14,IFAD,350,-357.79750522703625
14,IFAD,351,-361.4580697729453
14,IFAD,352,-366.48564148063366
14,IFAD,353,-366.24171800164737
14,IFAD,354,-362.0161185365973
14,IFAD,355,-364.11865543775497
14,IFAD,356,-365.11288931411633
14,IFAD,357,-363.54311088339057
14,IFAD,358,-361.7355049232634
14,IFAD,359,-362.1708944332482
14,IFAD,360,-363.1790015269679
14,IFAD,361,-365.19163157800483
14,IFAD,362,-368.6011146881974
14,IFAD,363,-364.2075992346082
14,IFAD,364,-362.3725953205932
14,IFAD,365,-362.4261242057371
14,IFAD,366,-361.6830551007226
14,IFAD,367,-361.31160351260064
14,IFAD,368,-364.085810571294
14,IFAD,369,-362.54719768867966
14,IFAD,370,-360.1206219941785
14,IFAD,371,-360.186143817186
14,IFAD,372,-360.00660599713433
14,IFAD,373,-366.05636683684094
14,IFAD,374,-363.72128994431864
14,IFAD,375,-362.26286417804965
14,IFAD,376,-365.62172795162496
14,IFAD,377,-366.01619143819175
14,IFAD,378,-365.4453594687917
14,IFAD,379,-365.4672316182868
14,IFAD,380,-362.75183277178706
14,IFAD,381,-362.37720598150247
14,IFAD,382,-359.9652323903629
14,IFAD,383,-365.51877924485086
14,IFAD,384,-359.9310627219374
14,IFAD,385,-356.8765709764947
14,IFAD,386,-361.72999179792424
14,IFAD,387,-362.29542386087286
14,IFAD,388,-362.40496146984367
14,IFAD,389,-364.74164760874885
14,IFAD,390,-360.2477690681113
14,IFAD,391,-366.76888311174264
14,IFAD,392,-364.97004577348326
14,IFAD,393,-362.06553281707835
14,IFAD,394,-364.7555833093878
14,IFAD,395,-358.01934511607254
14,IFAD,396,-366.3488070519062
14,IFAD,397,-369.87501764177534
14,IFAD,398,-367.21306698838697
14,IFAD,399,-361.14928245059724
14,DS19,0,-381.7383728542418
14,DS19,1,-378.6842443896803
14,DS19,2,-395.9115166677208
14,DS19,3,-388.22480295540987
14,DS19,4,-387.00218143498245
14,DS19,5,-372.2830509349036
14,DS19,6,-373.3968954593877
14,DS19,7,-374.6652858095457
14,DS19,8,-372.13278120354306
14,DS19,9,-376.05857066018075
14,DS19,10,-371.93600418333443
14,DS19,11,-373.10227220246185
14,DS19,12,-381.6192827810763
14,DS19,13,-378.6159219312457
14,DS19,14,-378.7403029875216
14,DS19,15,-382.34368411672534
14,DS19,16,-370.4585711716413
14,DS19,17,-379.3943554794356
14,DS19,18,-377.54234626069456
14,DS19,19,-378.34858382596815
14,DS19,20,-390.50581892246186
14,DS19,21,-383.0156850210252
14,DS19,22,-381.628131260292
14,DS19,23,-368.9814584006999
14,DS19,24,-376.6670129982907
14,DS19,25,-370.9189827934704
14,DS19,26,-377.3067643708825
14,DS19,27,-379.47234151530193
14,DS19,28,-388.1259439734533
14,DS19,29,-376.4426948483526
14,DS19,30,-374.9093810978335
14,DS19,31,-378.16010645870165
14,DS19,32,-376.7616977676814
14,DS19,33,-366.4353328630703
14,DS19,34,-379.22424026917304
14,DS19,35,-381.25580443247554
14,DS19,36,-375.51997400983703
14,DS19,37,-383.34819138869716
14,DS19,38,-364.0764892916011
14,DS19,39,-370.98277078948485
14,DS19,40,-379.93799493320876
14,DS19,41,-379.9979515930503
14,DS19,42,-373.87952262519616
14,DS19,43,-386.46706468589787
14,DS19,44,-368.2418417273889
14,DS19,45,-379.2937627286807
14,DS19,46,-383.3915355455072
14,DS19,47,-382.53747259506565
14,DS19,48,-372.3346467500402
14,DS19,49,-378.398437347701
14,DS19,50,-372.13995967631246
14,DS19,51,-377.01342955730854
14,DS19,52,-381.0048255227996
14,DS19,53,-384.5638430240544
14,DS19,54,-374.22309028891414
14,DS19,55,-374.352007124011
14,DS19,56,-379.48604086987234
14,DS19,57,-370.94982475521107
14,DS19,58,-371.4392375595161
14,DS19,59,-377.42812168278874
14,DS19,60,-368.9671164357595
14,DS19,61,-390.2965511863209
14,DS19,62,-377.23599230169316
14,DS19,63,-368.9004747295024
14,DS19,64,-373.16841997210855
14,DS19,65,-380.2672981677383
14,DS19,66,-377.82656716517005
14,DS19,67,-367.169644552014
14,DS19,68,-371.67924749040185
14,DS19,69,-384.40489682635945
14,DS19,70,-370.52221640533145
14,DS19,71,-378.83239720700135
14,DS19,72,-379.5035913556333
14,DS19,73,-372.59562777881706
14,DS19,74,-379.1021050254286
14,DS19,75,-381.872841225333
14,DS19,76,-373.24438172345623
14,DS19,77,-373.14889160837726
14,DS19,78,-372.77028632593556
14,DS19,79,-375.55187694550114
14,DS19,80,-378.84661622235876
14,DS19,81,-379.2055554873451
14,DS19,82,-383.7496965891531
14,DS19,83,-377.463709250346
14,DS19,84,-377.15498535309155
14,DS19,85,-381.586512156645
14,DS19,86,-371.4275267941897
14,DS19,87,-376.59899725523604
14,DS19,88,-377.1443080745226
14,DS19,89,-370.80152089444323
14,DS19,90,-394.16103847759695
14,DS19,91,-374.8212863549928
14,DS19,92,-379.12806451150686
14,DS19,93,-372.70010647245937
14,DS19,94,-371.62692536307856
14,DS19,95,-368.74612369234967
14,DS19,96,-381.76728903080016
14,DS19,97,-372.0420066070722
14,DS19,98,-377.4415333800016
14,DS19,99,-375.4239578226675
14,DS19,100,-379.7378049700831
14,DS19,101,-365.6805090015731
14,DS19,102,-376.7075376670379
14,DS19,103,-380.87113269072665
14,DS19,104,-372.03158898788615
14,DS19,105,-373.2458826762744
14,DS19,106,-381.7462851208728
14,DS19,107,-368.59504301920396
14,DS19,108,-368.1258851731215
14,DS19,109,-381.6583665728207
14,DS19,110,-376.6716087041899
14,DS19,111,-378.50869788533174
14,DS19,112,-373.1292516311441
14,DS19,113,-374.36122543901405
14,DS19,114,-375.7688706208005
14,DS19,115,-388.90344768144473
14,DS19,116,-384.9779394920345
14,DS19,117,-367.0098754421974
14,DS19,118,-373.9832376194493
14,DS19,119,-386.4167224060219
14,DS19,120,-383.03235287031623
14,DS19,121,-373.1784754403678
14,DS19,122,-379.39142035352563
14,DS19,123,-381.32502087276725
14,DS19,124,-372.75088973149207
14,DS19,125,-379.9390066826388
14,DS19,126,-393.7375050735891
14,DS19,127,-366.4488010069292
14,DS19,128,-371.8278508010307
14,DS19,129,-378.4295066704473
14,DS19,130,-377.94859261841043
14,DS19,131,-378.44851630147275
14,DS19,132,-372.11979728689556
14,DS19,133,-372.1958217441815
14,DS19,134,-367.3438453723705
14,DS19,135,-375.1102475979159
14,DS19,136,-373.8232424192673
14,DS19,137,-371.09537879703544
14,DS19,138,-374.3604921259933
14,DS19,139,-365.8717516282266
14,DS19,140,-374.40804870390843
14,DS19,141,-374.57094761690877
14,DS19,142,-383.0277247154887
14,DS19,143,-382.02232829681554
14,DS19,144,-367.74504474968614
14,DS19,145,-386.3125220846299
14,DS19,146,-375.1152616082542
14,DS19,147,-391.5448644316266
14,DS19,148,-364.16338842983595
14,DS19,149,-377.26309303536783
14,DS19,150,-381.8885130003586
14,DS19,151,-384.24366158796533
14,DS19,152,-390.2810234999567
14,DS19,153,-382.6626390197148
14,DS19,154,-375.5303351628116
14,DS19,155,-384.5322339116925
14,DS19,156,-368.2759132468994
14,DS19,157,-379.4718266220623
14,DS19,158,-374.37724064281093
14,DS19,159,-371.76036436055944
14,DS19,160,-382.8041732121831
14,DS19,161,-380.9042915535122
14,DS19,162,-373.3649164189178
14,DS19,163,-368.5466789541075
14,DS19,164,-377.2991065414941
14,DS19,165,-366.2703688716718
14,DS19,166,-367.3137430115552
14,DS19,167,-363.7259000532757
14,DS19,168,-382.10818338530606
14,DS19,169,-379.50713127834985
14,DS19,170,-372.4192918077358
14,DS19,171,-370.6924324084162
14,DS19,172,-373.8275122494504
14,DS19,173,-388.9186439295154
14,DS19,174,-378.97336376641596
14,DS19,175,-371.158701800386
14,DS19,176,-372.58465771716766
14,DS19,177,-371.03949990988565
14,DS19,178,-376.91368484238836
14,DS19,179,-366.89632533360543
14,DS19,180,-361.29169767651933
14,DS19,181,-354.90113276367185
14,DS19,182,-375.1358905857603
14,DS19,183,-389.8495328335014
14,DS19,184,-373.9943893775659
14,DS19,185,-377.88751551639166
14,DS19,186,-363.4036494566773
14,DS19,187,-380.44496075009283
14,DS19,188,-373.34576711894124
14,DS19,189,-374.46033203287186
14,DS19,190,-375.06196809482185
14,DS19,191,-375.94360648125087
14,DS19,192,-376.26691487675834
14,DS19,193,-382.4506739428492
14,DS19,194,-370.7465577685181
14,DS19,195,-375.89108222617006
14,DS19,196,-371.7823215505044
14,DS19,197,-375.26082055801305
14,DS19,198,-369.40440223956557
14,DS19,199,-370.65434947458033
14,DS19,200,-368.08404723699624
14,DS19,201,-365.49340671926996
14,DS19,202,-384.81756695984535
14,DS19,203,-372.98845800269606
14,DS19,204,-388.2351324514822
14,DS19,205,-368.9057163584414
14,DS19,206,-379.18967501914176
14,DS19,207,-378.83894200672347
14,DS19,208,-377.60509906811575
14,DS19,209,-377.0920564212305
14,DS19,210,-377.0383905689146
14,DS19,211,-393.5294241485627
14,DS19,212,-386.1855357897829
14,DS19,213,-384.0283799678553
14,DS19,214,-386.06372392128725
14,DS19,215,-390.4195766828169
14,DS19,216,-379.66010480651005
14,DS19,217,-378.59167869662724
14,DS19,218,-365.228945007439
14,DS19,219,-381.5161709632247
14,DS19,220,-372.0435624682216
14,DS19,221,-387.63966033055783
14,DS19,222,-380.5914191995859
14,DS19,223,-377.03557256382146
14,DS19,224,-374.9739356606776
14,DS19,225,-381.8304502499062
14,DS19,226,-377.2535682939312
14,DS19,227,-367.7142781339568
14,DS19,228,-380.976295644066
14,DS19,229,-384.3589228554402
14,DS19,230,-379.87429860689315
14,DS19,231,-371.6165529386561
14,DS19,232,-380.7540956263841
14,DS19,233,-373.6832239858113
14,DS19,234,-385.6133029059378
14,DS19,235,-379.3835857791983
14,DS19,236,-379.00209972389376
14,DS19,237,-374.14761818887627
14,DS19,238,-378.0399466224549
14,DS19,239,-382.66649251559744
14,DS19,240,-374.5777314507658
14,DS19,241,-372.7649719438569
14,DS19,242,-375.64489435815995
14,DS19,243,-379.4036613987964
14,DS19,244,-378.2775731636158
14,DS19,245,-380.70961791074023
14,DS19,246,-374.8871356442603
14,DS19,247,-376.4963475486269
14,DS19,248,-367.7548789212169
14,DS19,249,-377.9777341504309
14,DS19,250,-378.3425475570895
14,DS19,251,-375.79898053337286
14,DS19,252,-372.4562391208425
14,DS19,253,-371.7591551103182
14,DS19,254,-383.1893068369212
14,DS19,255,-370.49732542003636
14,DS19,256,-366.8919549890537
14,DS19,257,-377.7866914077022
14,DS19,258,-376.049833592759
14,DS19,259,-386.3504474565538
14,DS19,260,-373.40351260298695
14,DS19,261,-374.41201161028
14,DS19,262,-365.6124156276471
14,DS19,263,-374.523690806222
14,DS19,264,-380.7170349030689
14,DS19,265,-375.53382621670715
14,DS19,266,-374.66681734315245
14,DS19,267,-384.4088615968592
14,DS19,268,-371.8058433888372
14,DS19,269,-374.00253813488706
14,DS19,270,-373.22431139440073
14,DS19,271,-388.4062817412157
14,DS19,272,-385.6032143434768
14,DS19,273,-370.9519441152369
14,DS19,274,-373.32335726969205
14,DS19,275,-359.93489831420703
14,DS19,276,-378.2760888210027
14,DS19,277,-369.7885802319551
14,DS19,278,-378.28735070480616
14,DS19,279,-378.9756415128809
14,DS19,280,-385.13712439193307
14,DS19,281,-371.7308850289498
14,DS19,282,-389.0804272662913
14,DS19,283,-383.2195488727588
14,DS19,284,-374.7716534160906
14,DS19,285,-370.8564394738393
14,DS19,286,-372.5983993049852
14,DS19,287,-381.6875751508507
14,DS19,288,-369.92914248483606
14,DS19,289,-371.51791030319436
14,DS19,290,-372.53229149016124
14,DS19,291,-374.30206528907655
14,DS19,292,-379.88834723593413
14,DS19,293,-382.3884697522548
14,DS19,294,-368.9551260164586
14,DS19,295,-374.9096118391375
14,DS19,296,-372.6365528879456
14,DS19,297,-373.726021379288
14,DS19,298,-385.41267393471435
14,DS19,299,-368.9835615328168
14,CTDD21,0,-436.6197818327721
14,CTDD21,1,-439.7621494760516
14,CTDD21,2,-416.9818847770447
14,CTDD21,3,-417.38202126594405
14,CTDD21,4,-420.11268615705893
14,CTDD21,5,-417.7512159218085
14,CTDD21,6,-448.5829289869739
14,CTDD21,7,-409.3056728215554
14,CTDD21,8,-418.0258276467939
14,CTDD21,9,-404.2532152529062
14,CTDD21,10,-416.0883672666933
14,CTDD21,11,-412.3475964250547
14,CTDD21,12,-414.94287435301095
14,CTDD21,13,-422.38295406290666
14,CTDD21,14,-435.56681588120455
14,CTDD21,15,-407.3240137298816
14,CTDD21,16,-419.90063079058945
14,CTDD21,17,-421.1669566844271
14,CTDD21,18,-412.0748995803981
14,CTDD21,19,-421.14344667799594
14,CTDD21,20,-414.2645547656276
14,CTDD21,21,-425.05424154362254
14,CTDD21,22,-417.37686804756515
14,CTDD21,23,-448.514154469049
14,CTDD21,24,-416.77761935532214
14,CTDD21,25,-428.27535687504803
14,CTDD21,26,-414.56540815924916
14,CTDD21,27,-429.6123886324791
14,CTDD21,28,-409.5428241842518
14,CTDD21,29,-430.6496793274247
14,CTDD21,30,-438.9206319615113
14,CTDD21,31,-438.28283808937005
14,CTDD21,32,-430.85946327170694
14,CTDD21,33,-434.25082907213476
14,CTDD21,34,-393.1045195882568
14,CTDD21,35,-404.4436857112058
14,CTDD21,36,-431.0634133593403
14,CTDD21,37,-442.6888804881048
14,CTDD21,38,-430.90506825761827
14,CTDD21,39,-441.3017397904631
14,CTDD21,40,-411.2052235007865
14,CTDD21,41,-434.2177105899359
14,CTDD21,42,-441.1692035830165
14,CTDD21,43,-410.9950381833732
14,CTDD21,44,-451.30078120746043
14,CTDD21,45,-407.28255798631204
14,CTDD21,46,-417.8150002605422
14,CTDD21,47,-429.93869163906186
14,CTDD21,48,-432.7171165707257
14,CTDD21,49,-424.3174065186695
14,CTDD21,50,-427.97147510847435
14,CTDD21,51,-444.3870007925703
14,CTDD21,52,-398.58379145852547
14,CTDD21,53,-417.9927623249558
14,CTDD21,54,-441.87670933666857
14,CTDD21,55,-430.4250788463261
14,CTDD21,56,-427.0678649615838
14,CTDD21,57,-390.8904122461878
14,CTDD21,58,-416.8658542352787
14,CTDD21,59,-426.5289440155644
14,CTDD21,60,-434.92290200110267
14,CTDD21,61,-435.66785968659065
14,CTDD21,62,-437.5563220299395
14,CTDD21,63,-416.5437391280495
14,CTDD21,64,-459.7424865857689
14,CTDD21,65,-439.72023251504544
14,CTDD21,66,-407.59322853396884
14,CTDD21,67,-432.84433472812646
14,CTDD21,68,-415.291879069404
14,CTDD21,69,-422.9685153398056
14,CTDD21,70,-417.75182493016183
14,CTDD21,71,-392.72590710381417
14,CTDD21,72,-426.874535437928
14,CTDD21,73,-422.06513116890756
14,CTDD21,74,-432.145314696695
14,CTDD21,75,-397.3331581391532
14,CTDD21,76,-441.864783257363
14,CTDD21,77,-430.59177180853317
14,CTDD21,78,-431.9312263425242
14,CTDD21,79,-446.2718813598639
14,CTDD21,80,-417.23045947263347
14,CTDD21,81,-409.8209120111836
14,CTDD21,82,-403.467980875179
14,CTDD21,83,-419.3066120283223
14,CTDD21,84,-438.8815089467973
14,CTDD21,85,-442.32343234245434
14,CTDD21,86,-408.49241518389715
14,CTDD21,87,-420.74564916560087
14,CTDD21,88,-419.52207001708956
14,CTDD21,89,-421.75680540866693
14,CTDD21,90,-429.4125841369342
14,CTDD21,91,-435.88340574625823
14,CTDD21,92,-410.58159965409953
14,CTDD21,93,-445.589963394977
14,CTDD21,94,-433.5627250617084
14,CTDD21,95,-396.37712485591396
14,CTDD21,96,-424.8280729639814
14,CTDD21,97,-410.505182711089
14,CTDD21,98,-422.4916200804696
14,CTDD21,99,-425.3364023064107
14,CTDD21,100,-432.50600358270316
14,CTDD21,101,-409.50477590007284
14,CTDD21,102,-416.3578048203193
14,CTDD21,103,-395.13409088944877
14,CTDD21,104,-447.47696155635305
14,CTDD21,105,-431.5720728533727
14,CTDD21,106,-416.57542702823764
14,CTDD21,107,-416.916021734641
14,CTDD21,108,-442.0796620237293
14,CTDD21,109,-445.0335811952621
14,CTDD21,110,-425.8873329198609
14,CTDD21,111,-393.6922481393814
14,CTDD21,112,-438.99924963904044
14,CTDD21,113,-411.349431969943
14,CTDD21,114,-425.71832197078896
14,CTDD21,115,-420.9588043293835
14,CTDD21,116,-436.44540681857166
14,CTDD21,117,-434.02771035617513
14,CTDD21,118,-402.46201097545156
14,CTDD21,119,-404.9765718768575
14,CTDD21,120,-418.69887268748505
14,CTDD21,121,-429.59764814491007
14,CTDD21,122,-443.2095423987252
14,CTDD21,123,-442.4336838248243
14,CTDD21,124,-406.50333726256633
14,CTDD21,125,-416.81538613240633
14,CTDD21,126,-423.81812368914643
14,CTDD21,127,-420.19280540465064
14,CTDD21,128,-431.02925042432247
14,CTDD21,129,-442.5558185765609
14,CTDD21,130,-418.43801964745427
14,CTDD21,131,-435.51904995034863
14,CTDD21,132,-431.47590440725673
14,CTDD21,133,-416.9393540203365
14,CTDD21,134,-447.91411150683234
14,CTDD21,135,-454.847251034351
14,CTDD21,136,-431.14868496992085
14,CTDD21,137,-432.0400267285221
14,CTDD21,138,-430.3217667927959
14,CTDD21,139,-432.15174679295876
14,CTDD21,140,-421.6918833486374
14,CTDD21,141,-409.9912143595884
14,CTDD21,142,-408.33833224865305
14,CTDD21,143,-404.7792380436523
14,CTDD21,144,-422.8094482817921
14,CTDD21,145,-419.2190107114485
14,CTDD21,146,-440.09878758997485
14,CTDD21,147,-419.48921603513946
14,CTDD21,148,-413.8280910683475
14,CTDD21,149,-425.0401409896823
14,CTDD21,150,-430.57969045029654
14,CTDD21,151,-440.4695755469097
14,CTDD21,152,-435.0225557837489
14,CTDD21,153,-409.4326206559254
14,CTDD21,154,-428.37956913175856
14,CTDD21,155,-415.0770897035927
14,CTDD21,156,-424.72228778803975
14,CTDD21,157,-441.2097669713181
14,CTDD21,158,-453.1508212687548
14,CTDD21,159,-438.7855681943719
14,CTDD21,160,-424.7725960638657
14,CTDD21,161,-442.0219317008223
14,CTDD21,162,-426.73010820934985
14,CTDD21,163,-400.84672621886375
14,CTDD21,164,-389.1617837737499
14,CTDD21,165,-407.33914376695583
14,CTDD21,166,-456.1239481683564
14,CTDD21,167,-450.9476312280961
14,CTDD21,168,-415.39122349230746
14,CTDD21,169,-422.4366961556761
14,CTDD21,170,-418.9020229819925
14,CTDD21,171,-391.1412802450963
14,CTDD21,172,-428.9137993084455
14,CTDD21,173,-424.9882422877848
14,CTDD21,174,-400.39388688110023
14,CTDD21,175,-443.7730030006569
14,CTDD21,176,-402.1504271390336
14,CTDD21,177,-444.66559951580274
14,CTDD21,178,-430.04205407077006
14,CTDD21,179,-456.90645956337005
14,CTDD21,180,-428.070391393544
14,CTDD21,181,-414.8406962052702
14,CTDD21,182,-444.2885966210655
14,CTDD21,183,-427.1966003372932
14,CTDD21,184,-433.68095298972406
14,CTDD21,185,-443.3701862938441
14,CTDD21,186,-421.5113186216682
14,CTDD21,187,-432.3682637559896
14,CTDD21,188,-431.91555065671423
14,CTDD21,189,-431.56734798461906
14,CTDD21,190,-447.92136580200815
14,CTDD21,191,-422.0904634877666
14,CTDD21,192,-417.31082194113424
14,CTDD21,193,-433.4286017938701
14,CTDD21,194,-409.0934675824734
14,CTDD21,195,-426.5237625843377
14,CTDD21,196,-440.69869146057795
14,CTDD21,197,-416.12694520325874
14,CTDD21,198,-433.917046787496
14,CTDD21,199,-410.29406251968965
14,CTDD21,200,-464.8058477459491
14,CTDD21,201,-430.5036849247916
14,CTDD21,202,-429.1830171362025
14,CTDD21,203,-422.0284526623836
14,CTDD21,204,-426.56679509528993
14,CTDD21,205,-437.8887428846607
14,CTDD21,206,-446.9527340480492
14,CTDD21,207,-414.22326987056897
14,CTDD21,208,-452.16062887923715
14,CTDD21,209,-439.6451811152254
14,CTDD21,210,-428.697502419465
14,CTDD21,211,-430.13225487200515
14,CTDD21,212,-430.5340909339916
14,CTDD21,213,-419.3992135181042
14,CTDD21,214,-416.7491330739123
14,CTDD21,215,-412.8417348895182
14,CTDD21,216,-432.76115521613997
14,CTDD21,217,-427.85146248320444
14,CTDD21,218,-426.77041998069706
14,CTDD21,219,-411.6291458482236
14,CTDD21,220,-427.5339918578219
14,CTDD21,221,-436.8942147050592
14,CTDD21,222,-426.54635151924174
14,CTDD21,223,-428.24210043383624
14,CTDD21,224,-434.02155568782587
14,CTDD21,225,-411.2390931695883
14,CTDD21,226,-430.9596984087841
14,CTDD21,227,-412.17734884798216
14,CTDD21,228,-424.2268774669823
14,CTDD21,229,-440.7960820017531
14,CTDD21,230,-399.77156813035856
14,CTDD21,231,-443.51610931048845
14,CTDD21,232,-436.3905668659596
14,CTDD21,233,-420.8251640075074
14,CTDD21,234,-410.5070475501319
14,CTDD21,235,-416.02704042673076
14,CTDD21,236,-430.5331157814778
14,CTDD21,237,-454.7802321416864
14,CTDD21,238,-422.2300845434308
14,CTDD21,239,-434.4569067786963
14,CTDD21,240,-406.7991445329279
14,CTDD21,241,-436.2181410754787
14,CTDD21,242,-419.86482504039265
14,CTDD21,243,-437.2185352179473
14,CTDD21,244,-401.3282363998351
14,CTDD21,245,-447.38304546948416
14,CTDD21,246,-414.7661377973467
14,CTDD21,247,-432.2424920365269
14,CTDD21,248,-448.53626201906775
14,CTDD21,249,-418.39530904256543
14,CTDD21,250,-407.00135034424915
14,CTDD21,251,-419.45624109126186
14,CTDD21,252,-408.8050891763346
14,CTDD21,253,-407.9190945065285
14,CTDD21,254,-442.38136335360605
14,CTDD21,255,-417.67209032397295
14,CTDD21,256,-439.8646835680824
14,CTDD21,257,-415.3122315061912
14,CTDD21,258,-411.8901776114556
14,CTDD21,259,-411.8078464332589
14,CTDD21,260,-438.8817335349255
14,CTDD21,261,-434.80619182182534
14,CTDD21,262,-417.4017101199203
14,CTDD21,263,-411.99290057003503
14,CTDD21,264,-421.70508413194534
14,CTDD21,265,-406.8090652748702
14,CTDD21,266,-412.67384078365455
14,CTDD21,267,-428.6569003682133
14,CTDD21,268,-445.97996253400254
14,CTDD21,269,-438.36804295479817
14,CTDD21,270,-438.05396270813725
14,CTDD21,271,-451.42498155225417
14,CTDD21,272,-393.77805751006633
14,CTDD21,273,-411.11307685864483
14,CTDD21,274,-427.86934055074414
14,CTDD21,275,-427.4266985891402
14,CTDD21,276,-415.1944780966869
14,CTDD21,277,-454.8439508449153
14,CTDD21,278,-424.4429227564717
14,CTDD21,279,-424.33222592386
14,CTDD21,280,-408.5486286062354
14,CTDD21,281,-410.3216505022457
14,CTDD21,282,-406.71094535791184
14,CTDD21,283,-431.71648850283714
14,CTDD21,284,-455.5246068203195
14,CTDD21,285,-417.5589953666227
14,CTDD21,286,-407.09801848104047
14,CTDD21,287,-454.5942696441127
14,CTDD21,288,-417.26823031101856
14,CTDD21,289,-444.51267218339353
14,CTDD21,290,-398.7206174839299
14,CTDD21,291,-424.10514378974824
14,CTDD21,292,-441.11371148134276
14,CTDD21,293,-441.2179187219796
14,CTDD21,294,-442.2242670149007
14,CTDD21,295,-433.03777454691203
14,CTDD21,296,-445.1472858684432
14,CTDD21,297,-405.0091715637222
14,CTDD21,298,-424.4539508627729
14,CTDD21,299,-423.11528078324125
15,IF2,0,-373.1173781532634
15,IF2,1,-374.1571470514085
15,IF2,2,-364.26180466720115
15,IF2,3,-366.0665622885046
15,IF2,4,-367.45192061034294
15,IF2,5,-364.2139944846494
15,IF2,6,-365.5223176110809
15,IF2,7,-364.84191147834315
15,IF2,8,-368.1205068469044
15,IF2,9,-369.59658524474406
15,IF2,10,-365.3289395836623
15,IF2,11,-368.9992011170019
15,IF2,12,-369.98739978657807
15,IF2,13,-366.12805845602605
15,IF2,14,-367.63564886496897
15,IF2,15,-362.6421129417981
15,IF2,16,-365.0958644318219
15,IF2,17,-363.07004106958755
15,IF2,18,-369.3896570122399
15,IF2,19,-368.7597949542036
15,IF2,20,-366.3411750107872
15,IF2,21,-363.1566780944352
15,IF2,22,-364.47117150802876
15,IF2,23,-365.3003943206594
15,IF2,24,-362.6024150437006
15,IF2,25,-364.2914386395062
15,IF2,26,-367.58970342732334
15,IF2,27,-370.6971547926794
15,IF2,28,-366.54980233264376
15,IF2,29,-359.4135201495352
15,IF2,30,-368.5350657393488
15,IF2,31,-365.3161325256863
15,IF2,32,-363.74741322525
15,IF2,33,-362.359175972417
15,IF2,34,-360.18098897302434
15,IF2,35,-373.5354049667755
15,IF2,36,-383.08967638169713
15,IF2,37,-380.01214977829306
15,IF2,38,-373.8557174465221
15,IF2,39,-366.48510242090236
15,IF2,40,-363.24379095058464
15,IF2,41,-369.81628419683193
15,IF2,42,-369.3759763489731
15,IF2,43,-368.7795393172182
15,IF2,44,-366.9462816846838
15,IF2,45,-371.6082154147498
15,IF2,46,-368.3230417949529
15,IF2,47,-372.44691831432215
15,IF2,48,-365.8838319442694
15,IF2,49,-366.7108714843971
15,IF2,50,-369.32359393557766
15,IF2,51,-364.4957905914442
15,IF2,52,-362.64536681221807
15,IF2,53,-366.6613613825684
15,IF2,54,-364.4047649511267
15,IF2,55,-366.8890393974892
15,IF2,56,-366.21928600653825
15,IF2,57,-363.3276699323569
15,IF2,58,-364.68007595336417
15,IF2,59,-359.29917499874114
15,IF2,60,-364.4449968023381
15,IF2,61,-363.66394570479815
15,IF2,62,-369.05183961046436
15,IF2,63,-364.4998275101361
15,IF2,64,-364.3105362023259
15,IF2,65,-362.5575881418457
15,IF2,66,-365.50000330693433
15,IF2,67,-362.42948585365554
15,IF2,68,-367.95689566691624
15,IF2,69,-361.5293199267789
15,IF2,70,-369.3420558761733
15,IF2,71,-363.6626212904502
15,IF2,72,-360.0042405907952
15,IF2,73,-367.9963846601759
15,IF2,74,-361.0651232624373
15,IF2,75,-364.5322581395916
15,IF2,76,-366.40388550340776
15,IF2,77,-368.6588403340431
15,IF2,78,-367.8840715199573
15,IF2,79,-365.4957887169556
15,IF2,80,-367.43404824856566
15,IF2,81,-370.75678353639614
15,IF2,82,-368.67808331497054
15,IF2,83,-368.37438682630795
15,IF2,84,-365.846470991189
15,IF2,85,-368.287574806597
15,IF2,86,-367.95783811454737
15,IF2,87,-367.11119392042065
15,IF2,88,-366.82045342847425
15,IF2,89,-368.96150245767427
15,IF2,90,-367.56405821380895
15,IF2,91,-365.51368332879423
15,IF2,92,-360.1561342671843
15,IF2,93,-367.6467444394323
15,IF2,94,-366.1802212878145
15,IF2,95,-366.1639295389763
15,IF2,96,-369.7360875906449
15,IF2,97,-357.73061588851937
15,IF2,98,-365.5511734163962
15,IF2,99,-365.41616575735605
15,IF2,100,-367.9316604013829
15,IF2,101,-367.22703967902123
15,IF2,102,-366.94141404625543
15,IF2,103,-368.10081813851275
15,IF2,104,-367.0596930402577
15,IF2,105,-372.4710577740826
15,IF2,106,-367.39247264348774
15,IF2,107,-368.96122662090175
15,IF2,108,-365.46511774629454
15,IF2,109,-365.8465059009017
15,IF2,110,-367.52026715022424
15,IF2,111,-367.98237721733653
15,IF2,112,-368.12356688998767
15,IF2,113,-364.87758695037496
15,IF2,114,-365.66160391331215
15,IF2,115,-364.2874916237424
15,IF2,116,-362.4388989144947
15,IF2,117,-362.78657739704164
15,IF2,118,-363.14637433247515
15,IF2,119,-367.04994020882725
15,IF2,120,-364.16447316845245
15,IF2,121,-370.686042879431
15,IF2,122,-364.39532871969624
15,IF2,123,-364.9139953220557
15,IF2,124,-361.25170602687035
15,IF2,125,-364.0934121399163
15,IF2,126,-363.9086651174316
15,IF2,127,-365.2336266218183
15,IF2,128,-366.3405619433122
15,IF2,129,-361.5308227040421
15,IF2,130,-366.1010582447048
15,IF2,131,-365.8404437037321
15,IF2,132,-373.33301966196336
15,IF2,133,-368.7296721378822
15,IF2,134,-367.6344592566632
15,IF2,135,-374.57761518524813
15,IF2,136,-371.37469546470703
15,IF2,137,-368.49220489416507
15,IF2,138,-369.0204124079437
15,IF2,139,-380.943183742426
15,IF2,140,-375.4988990658671
15,IF2,141,-377.5750616043349
15,IF2,142,-378.81112990099643
15,IF2,143,-376.4873339030796
15,IF2,144,-383.06836292279576
15,IF2,145,-374.0099447987582
15,IF2,146,-381.43254577769164
15,IF2,147,-376.41681585401335
15,IF2,148,-375.18234138739376
15,IF2,149,-379.89393028069054
15,IF2,150,-379.1617467927721
15,IF2,151,-377.24748176016647
15,IF2,152,-377.7098258929519
15,IF2,153,-382.0213569822554
15,IF2,154,-382.33888150195173
15,IF2,155,-374.5979151817559
15,IF2,156,-369.12564680111916
15,IF2,157,-373.22758069793304
15,IF2,158,-371.7206407469053
15,IF2,159,-370.6126515103309
15,IF2,160,-372.9811124576431
15,IF2,161,-371.54733726977446
15,IF2,162,-370.5117980860863
15,IF2,163,-374.08259026723834
15,IF2,164,-376.290585822943
15,IF2,165,-380.1607781459626
15,IF2,166,-368.5319024147269
15,IF2,167,-376.97665298667624
15,IF2,168,-375.0647804442895
15,IF2,169,-372.19671850161734
15,IF2,170,-370.66592542218143
15,IF2,171,-372.4094881975416
15,IF2,172,-376.77585544859096
15,IF2,173,-369.4644594362206
15,IF2,174,-368.54444044185755
15,IF2,175,-370.079284523504
15,IF2,176,-370.0617478213048
15,IF2,177,-368.8412404117402
15,IF2,178,-369.49197524610736
15,IF2,179,-371.4354264901938
15,IF2,180,-367.9472207930024
15,IF2,181,-377.73687069270045
15,IF2,182,-369.77671403443804
15,IF2,183,-373.8888225508977
15,IF2,184,-371.2887124161768
15,IF2,185,-371.95817944975636
15,IF2,186,-370.44031546071886
15,IF2,187,-368.3827448443264
15,IF2,188,-369.47634001336536
15,IF2,189,-375.2620818495817
15,IF2,190,-368.81198281768565
15,IF2,191,-373.47225202367434
15,IF2,192,-368.35348139348986
15,IF2,193,-365.186538321587
15,IF2,194,-370.97211216835655
15,IF2,195,-367.8065237899645
15,IF2,196,-370.67340213365515
15,IF2,197,-368.5559671245871
15,IF2,198,-366.1422077298185
15,IF2,199,-366.76972276887244
15,IF2,200,-367.218650516662
15,IF2,201,-365.3087847011926
15,IF2,202,-367.63578742779293
15,IF2,203,-371.81812773098613
15,IF2,204,-369.55599762952727
15,IF2,205,-367.53095592297973
15,IF2,206,-368.7206067212184
15,IF2,207,-365.9902919701716
15,IF2,208,-372.23042011324344
15,IF2,209,-371.19668310877734
15,IF2,210,-371.0359898479125
15,IF2,211,-367.0603169335002
15,IF2,212,-368.9381446985758
15,IF2,213,-368.56317836540444
15,IF2,214,-366.6646629367357
15,IF2,215,-370.566381363583
15,IF2,216,-372.0475473583155
15,IF2,217,-372.45785990050655
15,IF2,218,-367.31585759560255
15,IF2,219,-368.9972134155135
15,IF2,220,-370.8003792004043
15,IF2,221,-371.90044584843787
15,IF2,222,-373.62859853990517
15,IF2,223,-376.13047970650246
15,IF2,224,-373.51417656337196
15,IF2,225,-376.541370289738
15,IF2,226,-378.5714159316143
15,IF2,227,-374.64359758132105
15,IF2,228,-377.57846114633224
15,IF2,229,-375.43427626208484
15,IF2,230,-372.8759316153132
15,IF2,231,-367.7565985402406
15,IF2,232,-380.0475100173052
15,IF2,233,-379.3486642162697
15,IF2,234,-371.8235184999736
15,IF2,235,-374.9671343478103
15,IF2,236,-369.77756539333905
15,IF2,237,-375.60449739908626
15,IF2,238,-376.1189455935155
15,IF2,239,-376.3327822735475
15,IF2,240,-378.23017415389654
15,IF2,241,-372.7460378512171
15,IF2,242,-375.2883841310547
15,IF2,243,-373.8307797236013
15,IF2,244,-377.2973890533662
15,IF2,245,-375.07223812904436
15,IF2,246,-374.0258476151512
15,IF2,247,-373.0477295187042
15,IF2,248,-373.8953444544747
15,IF2,249,-376.19519415142963
15,IF2,250,-377.2014437700556
15,IF2,251,-380.1196566437909
15,IF2,252,-369.55659709965903
15,IF2,253,-377.65289148545287
15,IF2,254,-366.77104847778594
15,IF2,255,-377.57498356554663
15,IF2,256,-374.71245591477634
15,IF2,257,-379.2029120141236
15,IF2,258,-369.44005795798023
15,IF2,259,-375.4848349009332
15,IF2,260,-376.9796652274639
15,IF2,261,-371.5039995880235
15,IF2,262,-385.73618448202654
15,IF2,263,-373.52578410801135
15,IF2,264,-376.2722650423684
15,IF2,265,-374.06782848118087
15,IF2,266,-378.6638467114559
15,IF2,267,-374.9318529651589
15,IF2,268,-371.9111028200014
15,IF2,269,-378.07723157056205
15,IF2,270,-373.9668094248358
15,IF2,271,-378.9755288103326
15,IF2,272,-370.62879011280666
15,IF2,273,-375.8676609927047
15,IF2,274,-381.3590341883765
15,IF2,275,-375.4698902259689
15,IF2,276,-370.8138472493829
15,IF2,277,-374.18387870035906
15,IF2,278,-373.0428079966807
15,IF2,279,-376.90921769166704
15,IF2,280,-377.64142685693065
15,IF2,281,-377.71466120960423
15,IF2,282,-373.698047842259
15,IF2,283,-374.9052483308066
15,IF2,284,-375.08116260904166
15,IF2,285,-372.95449064340573
15,IF2,286,-372.2050595635186
15,IF2,287,-373.8194071198125
15,IF2,288,-370.4550891501873
15,IF2,289,-375.49190689433186
15,IF2,290,-372.1879538807714
15,IF2,291,-379.6779024441651
15,IF2,292,-382.2364312561526
15,IF2,293,-378.9044455396708
15,IF2,294,-372.249913381588
15,IF2,295,-380.36302488146646
15,IF2,296,-377.03078184832174
15,IF2,297,-379.99519694679174
15,IF2,298,-372.5312162018722
15,IF2,299,-375.00724291780205
15,IF2,300,-376.8935861514172
15,IF2,301,-378.7021396174755
15,IF2,302,-374.06443922946664
15,IF2,303,-375.35567348389293
15,IF2,304,-381.3269537664566
15,IF2,305,-376.7765883823706
15,IF2,306,-372.8439069984923
15,IF2,307,-380.1688696323232
15,IF2,308,-379.3375583234342
15,IF2,309,-375.62500659669485
15,IF2,310,-378.9920125954052
15,IF2,311,-373.01122131219296
15,IF2,312,-372.34279126919654
15,IF2,313,-375.08913300093565
15,IF2,314,-381.34219641727236
15,IF2,315,-379.1025139181596
15,IF2,316,-375.67632985595515
15,IF2,317,-379.6414905351878
15,IF2,318,-382.4764705235682
15,IF2,319,-374.8294187302446
15,IF2,320,-375.6555559595109
15,IF2,321,-374.0462346155
15,IF2,322,-375.84241850237396
15,IF2,323,-382.130511584169
15,IF2,324,-375.5262759146224
15,IF2,325,-373.93485145098174
15,IF2,326,-377.4416579024406
15,IF2,327,-374.31101512826376
15,IF2,328,-368.1061393003867
15,IF2,329,-371.77656631469057
15,IF2,330,-376.4886045907692
15,IF2,331,-376.20228019795076
15,IF2,332,-382.2709425888885
15,IF2,333,-372.92993972078165
15,IF2,334,-377.64714383917277
15,IF2,335,-376.32541397302066
15,IF2,336,-385.1854087569426
15,IF2,337,-377.5775187277342
15,IF2,338,-372.58589654724335
15,IF2,339,-380.3998185465136
15,IF2,340,-378.6858717835134
15,IF2,341,-378.8206630740492
15,IF2,342,-379.1079430170739
15,IF2,343,-378.9805896758634
15,IF2,344,-378.08676846976783
15,IF2,345,-381.84162091367125
15,IF2,346,-379.0480699902244
15,IF2,347,-379.6637865468225
15,IF2,348,-375.60555623592313
15,IF2,349,-380.8662838725341
15,IF2,350,-382.55497459970786
15,IF2,351,-377.78165256632985
15,IF2,352,-372.01032136501965
15,IF2,353,-379.79935087207906
15,IF2,354,-383.5757680345404
15,IF2,355,-376.7956921874386
15,IF2,356,-383.66773352545385
15,IF2,357,-373.05745842805186
15,IF2,358,-377.1312540504348
15,IF2,359,-378.3169276788073
15,IF2,360,-380.0155901439392
15,IF2,361,-374.6879503871758
15,IF2,362,-377.07868304972305
15,IF2,363,-377.7259965996087
15,IF2,364,-380.5737506699489
15,IF2,365,-377.6199865954892
15,IF2,366,-375.51737458740376
15,IF2,367,-383.9464041750823
15,IF2,368,-375.7835293242134
15,IF2,369,-370.92297877350495
15,IF2,370,-376.01267003230976
15,IF2,371,-376.9748323749157
15,IF2,372,-379.06566969258716
15,IF2,373,-381.46529177722107
15,IF2,374,-380.77332106861735
15,IF2,375,-378.5750927478605
15,IF2,376,-376.4967705952488
15,IF2,377,-376.3651292451987
15,IF2,378,-377.49872980982775
15,IF2,379,-378.3675061706178
15,IF2,380,-381.3425475947709
15,IF2,381,-376.67218192670674
15,IF2,382,-381.0609966299351
15,IF2,383,-377.211583166753
15,IF2,384,-379.71873479102334
15,IF2,385,-375.9736157555472
15,IF2,386,-385.0148049584353
15,IF2,387,-379.66672176903853
15,IF2,388,-378.67146210209523
15,IF2,389,-379.71258139356826
15,IF2,390,-376.7724220114933
15,IF2,391,-383.8577700725746
15,IF2,392,-377.33597244250325
15,IF2,393,-379.29658400258336
15,IF2,394,-378.1629454238763
15,IF2,395,-379.34335172338956
15,IF2,396,-373.5053653280019
15,IF2,397,-384.2960100203166
15,IF2,398,-380.8198036522788
15,IF2,399,-374.3442190117377
15,IF2,400,-383.9196410828126
15,IF2,401,-377.22058012021665
15,IF2,402,-378.05310032221774
15,IF2,403,-373.39106459066556
15,IF2,404,-378.2839150751538
15,IF2,405,-373.2718620914433
15,IF2,406,-381.40646825584076
15,IF2,407,-370.3725529644624
15,IF2,408,-381.6366312671685
15,IF2,409,-377.84638843645007
15,IF2,410,-377.1866359673342
15,IF2,411,-377.4864426765919
15,IF2,412,-373.17700688282065
15,IF2,413,-381.53251454384093
15,IF2,414,-377.4806789117035
15,IF2,415,-370.9638541523868
15,IF2,416,-374.31848001631295
15,IF2,417,-375.99343804496397
15,IF2,418,-379.8036307908605
15,IF2,419,-375.6053132064799
15,IF2,420,-379.28972707511707
15,IF2,421,-379.63650760639223
15,IF2,422,-379.79069450990096
15,IF2,423,-380.59661667065376
15,IF2,424,-377.1650651542624
15,IF2,425,-384.0100653294458
15,IF2,426,-379.406763539347
15,IF2,427,-375.8803390674347
15,IF2,428,-375.7164062009223
15,IF2,429,-376.2674914187379
15,IF2,430,-380.4256038682884
15,IF2,431,-377.9019814478082
15,IF2,432,-379.05849386843397
15,IF2,433,-380.5716279938927
15,IF2,434,-376.87683873925613
15,IF2,435,-377.5604310019507
15,IF2,436,-376.17622473502047
15,IF2,437,-375.10603141921354
15,IF2,438,-383.18826831102706
15,IF2,439,-379.04610390691016
15,IF2,440,-379.17155974255394
15,IF2,441,-380.21852281212773
15,IF2,442,-379.65461365303753
15,IF2,443,-377.30868763971716
15,IF2,444,-376.34919258111216
15,IF2,445,-375.88434723135776
15,IF2,446,-377.49602089937054
15,IF2,447,-381.2989619592961
15,IF2,448,-382.6950284407767
15,IF2,449,-375.1929768932905
15,IF2,450,-378.0766353171454
15,IF2,451,-373.14929780851867
15,IF2,452,-380.36726173642853
15,IF2,453,-377.6535166602297
15,IF2,454,-373.68454292917096
15,IF2,455,-381.0526091671693
15,IF2,456,-379.44279562542215
15,IF2,457,-385.2472853268096
15,IF2,458,-381.8475908195508
15,IF2,459,-384.0295478446343
15,IF2,460,-379.55228854766415
15,IF2,461,-372.880930139574
15,IF2,462,-375.2100043479783
15,IF2,463,-381.7088787254519
15,IF2,464,-378.1573352824236
15,IF2,465,-374.89844896114084
15,IF2,466,-374.64934401651766
15,IF2,467,-382.4610004229693
15,IF2,468,-377.59095262076073
15,IF2,469,-376.4327744094058
15,IF2,470,-382.46996791796363
15,IF2,471,-383.55165604062347
15,IF2,472,-386.2891847018243
15,IF2,473,-377.0967202195531
15,IF2,474,-378.20529224719627
15,IF2,475,-374.21301583859105
15,IF2,476,-381.30307450892707
15,IF2,477,-376.3957724211142
15,IF2,478,-375.62474774777115
15,IF2,479,-375.9990344722043
15,IF2,480,-376.30515890232493
15,IF2,481,-380.01783136470004
15,IF2,482,-379.076396840638
15,IF2,483,-382.23700310713025
15,IF2,484,-381.07346769195397
15,IF2,485,-374.1584932721463
15,IF2,486,-382.0396372132144
15,IF2,487,-382.6830271348776
15,IF2,488,-380.24378474772357
15,IF2,489,-378.34474455698955
15,IF2,490,-370.6723112968116
15,IF2,491,-377.82236060388306
15,IF2,492,-377.6581524676276
15,IF2,493,-378.62834398235134
15,IF2,494,-376.5260238304438
15,IF2,495,-377.3584224095399
15,IF2,496,-381.0062979548842
15,IF2,497,-380.64214154334456
15,IF2,498,-378.7797248268776
15,IF2,499,-382.24550569766495
15,IF2,500,-380.5682330205139
15,IF2,501,-378.6514201591673
15,IF2,502,-376.248110763884
15,IF2,503,-378.03343182305326
15,IF2,504,-373.75948170840724
15,IF2,505,-378.6588099046734
15,IF2,506,-381.10031478689007
15,IF2,507,-383.4433069392145
15,IF2,508,-384.89164287604797
15,IF2,509,-378.91804478221013
15,IF2,510,-379.71460674393217
15,IF2,511,-380.5817773271783
15,IF2,512,-374.67457823916567
15,IF2,513,-377.88017466003174
15,IF2,514,-370.40217712897123
15,IF2,515,-384.3790626427507
15,IF2,516,-377.0768759455712
15,IF2,517,-385.854852514842
15,IF2,518,-376.6441473633134
15,IF2,519,-381.3580231772488
15,IF2,520,-379.4613157650091
15,IF2,521,-375.02733862821617
15,IF2,522,-378.1416687305769
15,IF2,523,-381.19745665086
15,IF2,524,-380.7434645074233
15,IF2,525,-376.2575032558873
15,IF2,526,-378.03212525508076
15,IF2,527,-374.1866422669402
15,IF2,528,-383.5821033300231
15,IF2,529,-378.6930193684226
15,IF2,530,-379.72698428028997
15,IF2,531,-381.4842353519438
15,IF2,532,-377.6660270797335
15,IF2,533,-378.74897264835425
15,IF2,534,-377.8312324980803
15,IF2,535,-382.923569459253
15,IF2,536,-378.3671729604691
15,IF2,537,-374.34191674229004
15,IF2,538,-378.8580709476384
15,IF2,539,-377.4451573278049
15,IF2,540,-382.220186300156
15,IF2,541,-377.5130299252871
15,IF2,542,-376.01203627773725
15,IF2,543,-381.5781167487487
15,IF2,544,-378.9292657284587
15,IF2,545,-384.221308314715
15,IF2,546,-382.0331119108402
15,IF2,547,-379.69210260911865
15,IF2,548,-379.0614117415883
15,IF2,549,-376.9189236288855
15,IF2,550,-379.63455174130814
15,IF2,551,-381.7398886865547
15,IF2,552,-379.7182860853186
15,IF2,553,-380.26224448007645
15,IF2,554,-375.1867728087939
15,IF2,555,-375.6268136806045
15,IF2,556,-372.4772093117921
15,IF2,557,-383.5775940898852
15,IF2,558,-375.47672490524974
15,IF2,559,-376.42426756521144
15,IF2,560,-382.95207177010195
15,IF2,561,-380.1030144931907
15,IF2,562,-381.3255629631504
15,IF2,563,-376.8637509173044
15,IF2,564,-374.63627042983853
15,IF2,565,-385.2210164466389
15,IF2,566,-377.6513613602409
15,IF2,567,-384.23316143943003
15,IF2,568,-377.1854377308966
15,IF2,569,-379.6448855115612
15,IF2,570,-376.8312931603408
15,IF2,571,-375.8395119946128
15,IF2,572,-372.75675592109144
15,IF2,573,-387.23285390185606
15,IF2,574,-375.35626091589864
15,IF2,575,-381.0536346346546
15,IF2,576,-373.39024226022735
15,IF2,577,-380.04281495027897
15,IF2,578,-381.80657463114363
15,IF2,579,-371.79964659660664
15,IF2,580,-379.30989660330755
15,IF2,581,-380.72991181915467
15,IF2,582,-381.74478931971436
15,IF2,583,-384.2862705260072
15,IF2,584,-378.6683416384645
15,IF2,585,-378.84775330980295
15,IF2,586,-382.2612203009549
15,IF2,587,-382.24624895156427
15,IF2,588,-381.56068606105816
15,IF2,589,-378.20244655388586
15,IF2,590,-375.67070891235664
15,IF2,591,-379.2758396705717
15,IF2,592,-381.5129602028326
15,IF2,593,-374.62150438984446
15,IF2,594,-375.67077620904547
15,IF2,595,-381.77579198694013
15,IF2,596,-375.17678863055045
15,IF2,597,-379.77997951204947
15,IF2,598,-376.0812188268589
15,IF2,599,-374.9315405436993
15,IFAD,0,-371.2879684801577
15,IFAD,1,-371.75905787912336
15,IFAD,2,-370.44961792221324
15,IFAD,3,-366.2103355170099
15,IFAD,4,-367.8866551389471
15,IFAD,5,-359.68331576173483
15,IFAD,6,-370.10403682184125
15,IFAD,7,-365.137725586036
15,IFAD,8,-365.2281986852131
15,IFAD,9,-360.07618064994426
15,IFAD,10,-365.7149143895111
15,IFAD,11,-362.1993959111167
15,IFAD,12,-370.6685567351041
15,IFAD,13,-365.3625666030557
15,IFAD,14,-374.4356917347653
15,IFAD,15,-368.52066934751275
15,IFAD,16,-368.2977202370586
15,IFAD,17,-366.5657190276179
15,IFAD,18,-360.59870895102085
15,IFAD,19,-365.3843690193101
15,IFAD,20,-370.15837085552744
15,IFAD,21,-360.5431662913248
15,IFAD,22,-367.6573325565583
15,IFAD,23,-373.3860399506673
15,IFAD,24,-367.115208531908
15,IFAD,25,-369.29091028643046
15,IFAD,26,-361.58850322987064
15,IFAD,27,-367.29067978098726
15,IFAD,28,-372.9162169753312
15,IFAD,29,-369.9397863870322
15,IFAD,30,-365.0774030198588
15,IFAD,31,-363.5437870127001
15,IFAD,32,-367.35751941694554
15,IFAD,33,-367.7359659100102
15,IFAD,34,-361.58149940522446
15,IFAD,35,-366.57271765898736
15,IFAD,36,-371.75012940951353
15,IFAD,37,-367.5715585806038
15,IFAD,38,-365.4443782688169
15,IFAD,39,-369.02634978732465
15,IFAD,40,-361.51845648712685
15,IFAD,41,-363.1696018166558
15,IFAD,42,-364.9464783906944
15,IFAD,43,-371.55272691410323
15,IFAD,44,-362.8677461507074
15,IFAD,45,-364.60552672182905
15,IFAD,46,-366.5513269299161
15,IFAD,47,-366.05410715866856
15,IFAD,48,-365.4012992253548
15,IFAD,49,-369.97403153258006
15,IFAD,50,-372.1787926097199
15,IFAD,51,-375.8221853903025
15,IFAD,52,-372.26737047115023
15,IFAD,53,-376.32549469495973
15,IFAD,54,-361.03772964113836
15,IFAD,55,-365.89731519970394
15,IFAD,56,-365.9775629934426
15,IFAD,57,-368.0810554691339
15,IFAD,58,-367.0015929822106
15,IFAD,59,-368.54356909101904
15,IFAD,60,-365.70137005299574
15,IFAD,61,-369.3366552625885
15,IFAD,62,-364.57142026989686
15,IFAD,63,-358.4674023940856
15,IFAD,64,-358.12654366872005
15,IFAD,65,-366.67574357835497
15,IFAD,66,-359.52665222217684
15,IFAD,67,-366.2052724971317
15,IFAD,68,-363.91973880469646
15,IFAD,69,-369.3294329697796
15,IFAD,70,-371.181904937402
15,IFAD,71,-369.0722275238674
15,IFAD,72,-366.29031476256716
15,IFAD,73,-364.8720694778902
15,IFAD,74,-362.79668875808915
15,IFAD,75,-366.55340019095246
15,IFAD,76,-369.6494642667751
15,IFAD,77,-373.8624414265531
15,IFAD,78,-371.45748762907635
15,IFAD,79,-371.46084828862723
15,IFAD,80,-368.2808883222393
15,IFAD,81,-372.6565666371281
15,IFAD,82,-370.5358338035609
15,IFAD,83,-361.63823941142476
15,IFAD,84,-358.95124055939056
15,IFAD,85,-362.77612564673143
15,IFAD,86,-365.6164084591302
15,IFAD,87,-360.1158261298427
15,IFAD,88,-366.94617631396954
15,IFAD,89,-365.7203207259579
15,IFAD,90,-366.73521649308447
15,IFAD,91,-365.7928922148243
15,IFAD,92,-365.23939627680977
15,IFAD,93,-367.0698593438208
15,IFAD,94,-367.2159391927927
15,IFAD,95,-367.70817857727536
15,IFAD,96,-360.14619228113713
15,IFAD,97,-368.18182770740015
15,IFAD,98,-361.3454557433295
15,IFAD,99,-362.654992489299
15,IFAD,100,-360.1809421608032
15,IFAD,101,-360.85984398711093
15,IFAD,102,-360.03794942813147
15,IFAD,103,-364.4644359190276
15,IFAD,104,-366.34297993981784
15,IFAD,105,-365.443562910697
15,IFAD,106,-364.2590428224681
15,IFAD,107,-362.7438650473201
15,IFAD,108,-361.13247878425676
15,IFAD,109,-362.8635063399577
15,IFAD,110,-363.09813001843173
15,IFAD,111,-364.2005944302654
15,IFAD,112,-361.0509661976993
15,IFAD,113,-364.01180319183885
15,IFAD,114,-364.61698345962566
15,IFAD,115,-361.9501537626926
15,IFAD,116,-362.4986982314943
15,IFAD,117,-364.3220468454595
15,IFAD,118,-364.88531394804943
15,IFAD,119,-365.18979141575574
15,IFAD,120,-362.5247290084995
15,IFAD,121,-362.9991735320056
15,IFAD,122,-362.8133782282672
15,IFAD,123,-363.2804429025947
15,IFAD,124,-366.0618394075235
15,IFAD,125,-364.63937555316147
15,IFAD,126,-364.09949167739757
15,IFAD,127,-360.77626019990885
15,IFAD,128,-364.9432328954677
15,IFAD,129,-361.8310542922913
15,IFAD,130,-362.26059651582113
15,IFAD,131,-360.92176210866467
15,IFAD,132,-364.31854462481385
15,IFAD,133,-364.8987139410505
15,IFAD,134,-358.8548308319543
15,IFAD,135,-362.9843223136255
15,IFAD,136,-367.0762170475957
15,IFAD,137,-363.84938900204696
15,IFAD,138,-362.00645736492845
15,IFAD,139,-361.34323253522376
15,IFAD,140,-367.7228923708019
15,IFAD,141,-365.33583930146585
15,IFAD,142,-359.0949028318131
15,IFAD,143,-359.8101197842187
15,IFAD,144,-363.6536354609963
15,IFAD,145,-363.7807261342957
15,IFAD,146,-361.9270313493737
15,IFAD,147,-362.2528363538407
15,IFAD,148,-361.89867148949185
15,IFAD,149,-363.1183223770049
15,IFAD,150,-364.0131315119227
15,IFAD,151,-362.68383461304546
15,IFAD,152,-361.3891746304509
15,IFAD,153,-361.1389850427174
15,IFAD,154,-363.1847775089327
15,IFAD,155,-362.2783392411504
15,IFAD,156,-364.5353694928683
15,IFAD,157,-363.6732519652866
15,IFAD,158,-361.48536557720047
15,IFAD,159,-362.5455370787486
15,IFAD,160,-360.094931292942
15,IFAD,161,-359.2514973884163
15,IFAD,162,-369.6006032766329
15,IFAD,163,-363.4458615290765
15,IFAD,164,-366.84900988622303
15,IFAD,165,-364.31208153021197
15,IFAD,166,-362.5097004687281
15,IFAD,167,-362.99854282703916
15,IFAD,168,-359.4788252153635
15,IFAD,169,-358.20504956663785
15,IFAD,170,-366.73406693884715
15,IFAD,171,-359.7236196083748
15,IFAD,172,-364.41683965456156
15,IFAD,173,-363.1701226914819
15,IFAD,174,-362.919163754168
15,IFAD,175,-362.75411055057975
15,IFAD,176,-357.5286157225179
15,IFAD,177,-364.09197916207376
15,IFAD,178,-362.3910785385597
15,IFAD,179,-367.2420859759176
15,IFAD,180,-365.44728752312795
15,IFAD,181,-363.63405300845943
15,IFAD,182,-364.9587510349444
15,IFAD,183,-363.38507686108125
15,IFAD,184,-363.43808051476674
15,IFAD,185,-363.6693691585352
15,IFAD,186,-365.97518472405335
15,IFAD,187,-363.13127179274585
15,IFAD,188,-358.9528893871238
15,IFAD,189,-365.3406074501668
15,IFAD,190,-359.593718907169
15,IFAD,191,-365.071708154416
15,IFAD,192,-360.4136557125966
15,IFAD,193,-359.13437625767807
15,IFAD,194,-363.65500823691286
15,IFAD,195,-363.42067490479405
15,IFAD,196,-363.6992153627213
15,IFAD,197,-363.5514345088301
15,IFAD,198,-362.8219815655635
15,IFAD,199,-363.6782855953529
15,IFAD,200,-363.2739497614774
15,IFAD,201,-367.59590444008273
15,IFAD,202,-361.0286462625075
15,IFAD,203,-371.7566031430077
15,IFAD,204,-363.37445498573555
15,IFAD,205,-361.18578845310947
15,IFAD,206,-364.89647202334385
15,IFAD,207,-364.00037038048595
15,IFAD,208,-363.1681080403539
15,IFAD,209,-365.08190717283605
15,IFAD,210,-364.31154488772006
15,IFAD,211,-366.68474246493065
15,IFAD,212,-360.87910855881876
15,IFAD,213,-361.13280613805887
15,IFAD,214,-362.14501948815104
15,IFAD,215,-366.2173634656679
15,IFAD,216,-368.3437479910829
15,IFAD,217,-368.4840366758212
15,IFAD,218,-364.23775018568296
15,IFAD,219,-363.6209227556414
15,IFAD,220,-361.1917714815576
15,IFAD,221,-360.8931722363399
15,IFAD,222,-360.63984930951915
15,IFAD,223,-357.1540760087006
15,IFAD,224,-363.22260323096225
15,IFAD,225,-363.81509078115374
15,IFAD,226,-362.56308160697307
15,IFAD,227,-367.7588680682159
15,IFAD,228,-367.1503009348058
15,IFAD,229,-364.5797600231133
15,IFAD,230,-363.5842831539197
15,IFAD,231,-361.20425701041916
15,IFAD,232,-366.8948376252481
15,IFAD,233,-361.504131907108
15,IFAD,234,-361.85757450178687
15,IFAD,235,-362.36984186821763
15,IFAD,236,-366.6021634174172
15,IFAD,237,-362.38379804769306
15,IFAD,238,-365.77229538101784
15,IFAD,239,-364.34036957203944
15,IFAD,240,-357.75439072549034
15,IFAD,241,-362.7465171884511
15,IFAD,242,-362.38216093491786
15,IFAD,243,-365.20344067943967
15,IFAD,244,-362.89517107274054
15,IFAD,245,-366.0795166374782
15,IFAD,246,-362.7493329617755
15,IFAD,247,-365.86964500030604
15,IFAD,248,-360.3272821833249
15,IFAD,249,-361.6012087611309
15,IFAD,250,-365.77107770209324
15,IFAD,251,-358.99248913636353
15,IFAD,252,-360.56079954183133
15,IFAD,253,-364.175019878758
15,IFAD,254,-365.3721852119175
15,IFAD,255,-360.13421071289633
15,IFAD,256,-366.5923669115288
15,IFAD,257,-365.94013017636826
15,IFAD,258,-363.44461927593693
15,IFAD,259,-361.83665798984026
15,IFAD,260,-360.9745895451427
15,IFAD,261,-363.5074006704404
15,IFAD,262,-357.6498996102761
15,IFAD,263,-367.02952582883825
15,IFAD,264,-365.76994158148074
15,IFAD,265,-364.04287878102025
15,IFAD,266,-361.39069486349683
15,IFAD,267,-363.34296450852884
15,IFAD,268,-359.87109545444775
15,IFAD,269,-367.33110244646093
15,IFAD,270,-363.2950499065243
15,IFAD,271,-366.3955998533569
15,IFAD,272,-367.2672218099192
15,IFAD,273,-362.45119751506934
15,IFAD,274,-365.9710333674308
15,IFAD,275,-362.91531443682425
15,IFAD,276,-360.13805574354524
15,IFAD,277,-366.2507610965316
15,IFAD,278,-365.4684061418661
15,IFAD,279,-361.7034666355198
15,IFAD,280,-360.8663658263168
15,IFAD,281,-366.9193014635615
15,IFAD,282,-363.5818079541252
15,IFAD,283,-368.7281057031359
15,IFAD,284,-364.17658219386846
15,IFAD,285,-366.85109490006704
15,IFAD,286,-363.8868689826459
15,IFAD,287,-362.91850853382243
15,IFAD,288,-364.4722997439525
15,IFAD,289,-364.1150714047759
15,IFAD,290,-362.4886835608946
15,IFAD,291,-367.98635609072477
15,IFAD,292,-365.2285684001191
15,IFAD,293,-363.28525858432135
15,IFAD,294,-365.9199187915455
15,IFAD,295,-363.69987024425825
15,IFAD,296,-363.09151683913416
15,IFAD,297,-360.2849099526802
15,IFAD,298,-362.98361942014105
15,IFAD,299,-364.0844093813342
15,IFAD,300,-361.5275691243409
15,IFAD,301,-363.3493380786855
15,IFAD,302,-361.8778543846231
15,IFAD,303,-357.46023178676893
15,IFAD,304,-367.7874519395002
15,IFAD,305,-368.6083298336891
15,IFAD,306,-365.0184234584435
15,IFAD,307,-363.15257440998005
15,IFAD,308,-362.0538659077409
15,IFAD,309,-365.69033471756313
15,IFAD,310,-364.6688413155458
15,IFAD,311,-366.92520796947326
15,IFAD,312,-365.8132170663779
15,IFAD,313,-362.38239001502615
15,IFAD,314,-363.53749067195724
15,IFAD,315,-360.4827127077106
15,IFAD,316,-363.3992359127321
15,IFAD,317,-367.10356610675785
15,IFAD,318,-364.303172223676
15,IFAD,319,-364.8253551967742
15,IFAD,320,-364.8582240533299
15,IFAD,321,-364.30472767637485
15,IFAD,322,-358.1156821488395
15,IFAD,323,-359.685201761557
15,IFAD,324,-366.01087994212884
15,IFAD,325,-360.66592517850756
15,IFAD,326,-359.1451521986901
15,IFAD,327,-364.32775265463437
15,IFAD,328,-364.22381073156276
15,IFAD,329,-365.8650883373457
15,IFAD,330,-363.3747541245156
15,IFAD,331,-362.43007354104213
15,IFAD,332,-365.70161586482527
15,IFAD,333,-362.2044984772876
15,IFAD,334,-368.7136167074134
15,IFAD,335,-362.4090651255295
15,IFAD,336,-360.0524914070818
15,IFAD,337,-360.409490259606
15,IFAD,338,-362.5552369389986
15,IFAD,339,-364.95692315191116
15,IFAD,340,-364.9095043361506
15,IFAD,341,-358.0498686891404
15,IFAD,342,-364.6890573571373
15,IFAD,343,-357.080639730918
15,IFAD,344,-363.11553006087274
15,IFAD,345,-360.4541574227191
15,IFAD,346,-366.7402874643336
15,IFAD,347,-358.8391203288627
15,IFAD,348,-364.73504034859116
15,IFAD,349,-365.7241406926516
15,IFAD,350,-362.2345548064532
15,IFAD,351,-359.5529337445779
15,IFAD,352,-363.0398590476623
15,IFAD,353,-363.24849525722817
15,IFAD,354,-362.3735095518682
15,IFAD,355,-366.3003702458415
15,IFAD,356,-357.3180882111992
15,IFAD,357,-357.8881815209344
15,IFAD,358,-363.26076866027347
15,IFAD,359,-363.03695376066
15,IFAD,360,-365.0664798307907
15,IFAD,361,-361.5923499008533
15,IFAD,362,-360.713728729666
15,IFAD,363,-363.0408915730503
15,IFAD,364,-364.38214382755046
15,IFAD,365,-363.475578744567
15,IFAD,366,-366.2318376747679
15,IFAD,367,-366.69109312902737
15,IFAD,368,-362.5901387933869
15,IFAD,369,-363.7168765560863
15,IFAD,370,-360.5156705996243
15,IFAD,371,-366.3541490888516
15,IFAD,372,-358.4192247209046
15,IFAD,373,-364.5858064667641
15,IFAD,374,-364.651036955971
15,IFAD,375,-359.44483768818174
15,IFAD,376,-366.13379092715286
15,IFAD,377,-362.6902513814008
15,IFAD,378,-364.03582719424134
15,IFAD,379,-365.40049375799157
15,IFAD,380,-361.35622187772725
15,IFAD,381,-362.4273986556049
15,IFAD,382,-367.1875548824494
15,IFAD,383,-360.2443946080208
15,IFAD,384,-370.8107712979758
15,IFAD,385,-365.17990006256844
15,IFAD,386,-366.18626296450464
15,IFAD,387,-359.4407334251939
15,IFAD,388,-361.50946629888784
15,IFAD,389,-363.42367970329315
15,IFAD,390,-360.767099887167
15,IFAD,391,-364.127701727784
15,IFAD,392,-360.46361004104284
15,IFAD,393,-362.0176159280756
15,IFAD,394,-360.5836097023857
15,IFAD,395,-363.1032818628618
15,IFAD,396,-361.99524222616606
15,IFAD,397,-367.75227150838873
15,IFAD,398,-364.2885162039559
15,IFAD,399,-361.095979798865
15,DS19,0,-402.29736971621986
15,DS19,1,-387.53710725410207
15,DS19,2,-404.8561498092104
15,DS19,3,-383.28115771538137
15,DS19,4,-384.55201445751305
15,DS19,5,-392.31584261572107
15,DS19,6,-378.28564657684126
15,DS19,7,-391.64895630942715
15,DS19,8,-379.9587200185666
15,DS19,9,-381.96455283105047
15,DS19,10,-376.96378206181095
15,DS19,11,-380.80016550478257
15,DS19,12,-378.9312274994743
15,DS19,13,-368.4339643524125
15,DS19,14,-392.33621410355147
15,DS19,15,-379.20540221076334
15,DS19,16,-392.78130698341556
15,DS19,17,-384.55721916410874
15,DS19,18,-381.44739579281054
15,DS19,19,-377.1127225606985
15,DS19,20,-381.80934135345206
15,DS19,21,-379.28604669744936
15,DS19,22,-380.22691893557703
15,DS19,23,-383.40263411519453
15,DS19,24,-374.3659960561515
15,DS19,25,-389.21733894766083
15,DS19,26,-393.6518139845393
15,DS19,27,-369.9647788834924
15,DS19,28,-381.2936712702656
15,DS19,29,-379.7262251848741
15,DS19,30,-378.1371582010747
15,DS19,31,-377.96123177749723
15,DS19,32,-368.58015413303053
15,DS19,33,-367.9031624323267
15,DS19,34,-383.75654594096466
15,DS19,35,-381.5838678693195
15,DS19,36,-375.4210354123801
15,DS19,37,-385.3810612581713
15,DS19,38,-371.22725626753106
15,DS19,39,-379.2121560349477
15,DS19,40,-374.0408006946286
15,DS19,41,-373.3198488303585
15,DS19,42,-379.0593505179189
15,DS19,43,-379.97707294605914
15,DS19,44,-365.1791008738124
15,DS19,45,-383.2920082861419
15,DS19,46,-376.55824396133073
15,DS19,47,-367.2073808079254
15,DS19,48,-368.51591288465255
15,DS19,49,-364.6471999877762
15,DS19,50,-385.73782376815063
15,DS19,51,-379.787803103046
15,DS19,52,-370.2279132266726
15,DS19,53,-378.70510424029544
15,DS19,54,-384.0119436008416
15,DS19,55,-368.0460428174551
15,DS19,56,-373.0295372781396
15,DS19,57,-381.2716321129482
15,DS19,58,-372.8646589198168
15,DS19,59,-364.2408508888979
15,DS19,60,-370.0774299580501
15,DS19,61,-378.5886715439401
15,DS19,62,-383.3720331056639
15,DS19,63,-379.9054372030099
15,DS19,64,-367.1862109773325
15,DS19,65,-377.596263511336
15,DS19,66,-370.65164779210363
15,DS19,67,-370.9119637677415
15,DS19,68,-370.18814546331515
15,DS19,69,-378.294468430554
15,DS19,70,-377.91340259916416
15,DS19,71,-385.9900045491493
15,DS19,72,-372.3593767123549
15,DS19,73,-375.05888810629256
15,DS19,74,-377.75882313512346
15,DS19,75,-372.64538414615424
15,DS19,76,-368.1874856045787
15,DS19,77,-389.61819079088673
15,DS19,78,-373.5337025056269
15,DS19,79,-364.5028613054859
15,DS19,80,-394.2874865552693
15,DS19,81,-385.432726248873
15,DS19,82,-384.0559039575332
15,DS19,83,-369.17565888798345
15,DS19,84,-369.2859717269924
15,DS19,85,-384.6947672775373
15,DS19,86,-387.56422363922485
15,DS19,87,-367.12828697326967
15,DS19,88,-388.0012614763157
15,DS19,89,-380.92524877640506
15,DS19,90,-376.37120152628825
15,DS19,91,-381.992523820458
15,DS19,92,-361.8390168997575
15,DS19,93,-377.21203737028657
15,DS19,94,-367.90173441110846
15,DS19,95,-380.4605956788863
15,DS19,96,-374.2621532118561
15,DS19,97,-385.60622140755703
15,DS19,98,-368.8407817814354
15,DS19,99,-375.71237485184247
15,DS19,100,-377.62324171417356
15,DS19,101,-381.8279135300844
15,DS19,102,-380.8111702484033
15,DS19,103,-366.949625117154
15,DS19,104,-374.3367382870879
15,DS19,105,-374.767974028147
15,DS19,106,-387.2143475306367
15,DS19,107,-371.59568525240996
15,DS19,108,-372.9151054632165
15,DS19,109,-375.7665200527067
15,DS19,110,-367.20329561648174
15,DS19,111,-382.09418874648554
15,DS19,112,-375.3476294391311
15,DS19,113,-381.4498643519046
15,DS19,114,-384.54140791507626
15,DS19,115,-383.95409433621074
15,DS19,116,-378.76536561418453
15,DS19,117,-366.9399630660414
15,DS19,118,-384.16126093695516
15,DS19,119,-376.63815526985866
15,DS19,120,-374.1026727352229
15,DS19,121,-381.38456173189877
15,DS19,122,-378.22816819473087
15,DS19,123,-387.14026484419435
15,DS19,124,-380.51355822940144
15,DS19,125,-378.92700919628817
15,DS19,126,-358.03543102900767
15,DS19,127,-370.0550973420838
15,DS19,128,-377.47069937044193
15,DS19,129,-378.23346539786326
15,DS19,130,-368.44851081412327
15,DS19,131,-374.43596155681166
15,DS19,132,-390.60193836011985
15,DS19,133,-378.15102007285975
15,DS19,134,-371.57925556770834
15,DS19,135,-379.3081241679048
15,DS19,136,-380.29609286263013
15,DS19,137,-370.225838423638
15,DS19,138,-386.87727051986013
15,DS19,139,-383.3622512780628
15,DS19,140,-368.7942184637511
15,DS19,141,-369.8977518606614
15,DS19,142,-374.9233472447027
15,DS19,143,-375.8916836617061
15,DS19,144,-393.3477412279067
15,DS19,145,-368.1871713419357
15,DS19,146,-384.4440184824334
15,DS19,147,-380.35939239748234
15,DS19,148,-375.4123172458618
15,DS19,149,-371.84412896412516
15,DS19,150,-371.34769745558356
15,DS19,151,-377.16702955096366
15,DS19,152,-369.6310063939132
15,DS19,153,-391.2743107074683
15,DS19,154,-376.9490580739202
15,DS19,155,-369.9374317861873
15,DS19,156,-372.9480950497728
15,DS19,157,-374.3590303061725
15,DS19,158,-376.02610812184895
15,DS19,159,-375.6906135747979
15,DS19,160,-373.04414838718276
15,DS19,161,-387.17301859425487
15,DS19,162,-386.85927529215166
15,DS19,163,-388.98718984310034
15,DS19,164,-382.3292175252602
15,DS19,165,-376.37553118997346
15,DS19,166,-370.80467754955555
15,DS19,167,-374.81740794884246
15,DS19,168,-378.48002592345154
15,DS19,169,-375.1364081168218
15,DS19,170,-372.44630201705303
15,DS19,171,-381.47613158748317
15,DS19,172,-377.653421509875
15,DS19,173,-368.10407007670426
15,DS19,174,-367.72582114233444
15,DS19,175,-378.2831013327101
15,DS19,176,-381.2740542348946
15,DS19,177,-370.9571375416335
15,DS19,178,-378.68072008814346
15,DS19,179,-381.68028476838754
15,DS19,180,-374.8803703476218
15,DS19,181,-381.47842660585025
15,DS19,182,-371.9531076236745
15,DS19,183,-365.267374847272
15,DS19,184,-372.2512590906591
15,DS19,185,-385.85876948158545
15,DS19,186,-374.2187317378582
15,DS19,187,-370.493525198281
15,DS19,188,-378.7321223752486
15,DS19,189,-376.4032640230072
15,DS19,190,-384.52777269879033
15,DS19,191,-386.5002227066131
15,DS19,192,-376.6768621130291
15,DS19,193,-376.8873911712605
15,DS19,194,-381.7966239715632
15,DS19,195,-377.8705235580946
15,DS19,196,-377.93742387205134
15,DS19,197,-375.21270293102265
15,DS19,198,-386.91061498756676
15,DS19,199,-373.0037796832107
15,DS19,200,-376.6058924076757
15,DS19,201,-380.6053644823711
15,DS19,202,-378.01087719799125
15,DS19,203,-375.8311166609982
15,DS19,204,-374.0289817432997
15,DS19,205,-382.1080286812155
15,DS19,206,-375.256703958093
15,DS19,207,-382.2506911267991
15,DS19,208,-382.76717195789956
15,DS19,209,-389.8594172845301
15,DS19,210,-383.0652662400235
15,DS19,211,-378.600072183755
15,DS19,212,-363.6015361680819
15,DS19,213,-379.0801075832854
15,DS19,214,-380.26538076836704
15,DS19,215,-380.4117477873895
15,DS19,216,-376.434596274393
15,DS19,217,-368.7399120066485
15,DS19,218,-375.6816613936894
15,DS19,219,-363.96535690772544
15,DS19,220,-378.1361232627412
15,DS19,221,-376.18585853238744
15,DS19,222,-381.00749861127053
15,DS19,223,-380.4954402072178
15,DS19,224,-384.2140114920753
15,DS19,225,-374.03441178929177
15,DS19,226,-372.76378940429043
15,DS19,227,-379.42192055959686
15,DS19,228,-379.2535678284901
15,DS19,229,-371.50465631800637
15,DS19,230,-374.2121198485305
15,DS19,231,-385.54824145216287
15,DS19,232,-378.38905249734717
15,DS19,233,-386.04534226397806
15,DS19,234,-382.9240062781487
15,DS19,235,-381.03680570002103
15,DS19,236,-380.77858780794367
15,DS19,237,-386.8275043663898
15,DS19,238,-380.3849307848602
15,DS19,239,-377.0458756155637
15,DS19,240,-378.66912787781627
15,DS19,241,-372.26272857805805
15,DS19,242,-379.5782635052271
15,DS19,243,-368.2383151127285
15,DS19,244,-367.3732917460658
15,DS19,245,-371.87080770854374
15,DS19,246,-390.6927007409631
15,DS19,247,-373.6292172563844
15,DS19,248,-374.77231710162226
15,DS19,249,-384.79249246922865
15,DS19,250,-362.23970269778687
15,DS19,251,-378.185149991213
15,DS19,252,-370.99456779805547
15,DS19,253,-391.5417533476656
15,DS19,254,-374.2142488268472
15,DS19,255,-385.69519615567356
15,DS19,256,-381.3730542022595
15,DS19,257,-375.29887840406985
15,DS19,258,-370.98333267563135
15,DS19,259,-367.5836103717593
15,DS19,260,-374.81169237185674
15,DS19,261,-385.3242864598668
15,DS19,262,-384.35538146017836
15,DS19,263,-375.7604178524597
15,DS19,264,-390.2159788744683
15,DS19,265,-374.0335975565001
15,DS19,266,-379.53076691854733
15,DS19,267,-372.78439770115574
15,DS19,268,-375.113379369741
15,DS19,269,-379.5351458242013
15,DS19,270,-375.49654470847906
15,DS19,271,-371.5745274847144
15,DS19,272,-381.5817270987107
15,DS19,273,-374.3063252024112
15,DS19,274,-374.70716220789575
15,DS19,275,-377.0115706091617
15,DS19,276,-390.6732929846526
15,DS19,277,-372.51035021826505
15,DS19,278,-372.7213816174586
15,DS19,279,-371.1842532389853
15,DS19,280,-374.08698364090714
15,DS19,281,-374.946891117252
15,DS19,282,-369.73595604814886
15,DS19,283,-369.902224138614
15,DS19,284,-377.6078793820772
15,DS19,285,-374.7877826231032
15,DS19,286,-382.171884218946
15,DS19,287,-379.2793466294006
15,DS19,288,-368.05059380707905
15,DS19,289,-386.39880321745284
15,DS19,290,-371.3466137580897
15,DS19,291,-373.9136077654879
15,DS19,292,-366.0458309784171
15,DS19,293,-373.1654336287681
15,DS19,294,-366.9537654497947
15,DS19,295,-378.3684597597238
15,DS19,296,-378.8196675063537
15,DS19,297,-369.46431324661353
15,DS19,298,-378.7048184730302
15,DS19,299,-366.4843107695738
15,CTDD21,0,-470.9765856641583
15,CTDD21,1,-414.14172565353243
15,CTDD21,2,-444.85880940782647
15,CTDD21,3,-434.4648582886778
15,CTDD21,4,-424.8329107467297
15,CTDD21,5,-464.1801657862177
15,CTDD21,6,-442.8103600018649
15,CTDD21,7,-438.75464064132535
15,CTDD21,8,-432.7038977898023
15,CTDD21,9,-454.0346731850327
15,CTDD21,10,-457.22167641480627
15,CTDD21,11,-437.5636180181869
15,CTDD21,12,-454.23794449548086
15,CTDD21,13,-436.31642476987184
15,CTDD21,14,-436.77157897887173
15,CTDD21,15,-427.80923523460945
15,CTDD21,16,-443.7678396743576
15,CTDD21,17,-435.8283351232852
15,CTDD21,18,-441.5574989469901
15,CTDD21,19,-416.912733634033
15,CTDD21,20,-401.47141890132605
15,CTDD21,21,-456.8853413423866
15,CTDD21,22,-448.0918376351988
15,CTDD21,23,-423.0718805993229
15,CTDD21,24,-434.29742097541725
15,CTDD21,25,-399.9342379095895
15,CTDD21,26,-414.6917645591342
15,CTDD21,27,-406.3463959674776
15,CTDD21,28,-417.07194608995457
15,CTDD21,29,-398.5674034700206
15,CTDD21,30,-436.79249673281214
15,CTDD21,31,-418.1052529213519
15,CTDD21,32,-429.5194282711837
15,CTDD21,33,-412.6385939618996
15,CTDD21,34,-463.6419900449068
15,CTDD21,35,-419.1825424925529
15,CTDD21,36,-397.64417803137314
15,CTDD21,37,-422.75360403022125
15,CTDD21,38,-427.71159629568956
15,CTDD21,39,-409.85622818801767
15,CTDD21,40,-424.16141516314525
15,CTDD21,41,-422.43128846540026
15,CTDD21,42,-425.2641941567983
15,CTDD21,43,-418.7537567211995
15,CTDD21,44,-437.1490172982076
15,CTDD21,45,-423.2650021980051
15,CTDD21,46,-430.9875161356275
15,CTDD21,47,-437.3960538173391
15,CTDD21,48,-395.2288685474644
15,CTDD21,49,-414.96085248398384
15,CTDD21,50,-438.84027231712804
15,CTDD21,51,-445.3701576130485
15,CTDD21,52,-434.36837656367163
15,CTDD21,53,-436.1967848576226
15,CTDD21,54,-447.47428747978665
15,CTDD21,55,-446.1751952550165
15,CTDD21,56,-411.36366849750516
15,CTDD21,57,-418.5306955289458
15,CTDD21,58,-417.53725132274724
15,CTDD21,59,-422.83649464972115
15,CTDD21,60,-444.53995910991455
15,CTDD21,61,-439.8436414382909
15,CTDD21,62,-425.83314601167615
15,CTDD21,63,-447.16192536109327
15,CTDD21,64,-432.1344556509561
15,CTDD21,65,-408.8462641550089
15,CTDD21,66,-439.69718377416075
15,CTDD21,67,-449.46315893182043
15,CTDD21,68,-453.6586814183284
15,CTDD21,69,-407.1763919263237
15,CTDD21,70,-444.0704588232547
15,CTDD21,71,-440.2487711977544
15,CTDD21,72,-427.4579635939238
15,CTDD21,73,-433.69355303704424
15,CTDD21,74,-425.72737968181013
15,CTDD21,75,-426.87738862836903
15,CTDD21,76,-422.57565656053123
15,CTDD21,77,-427.88866857551386
15,CTDD21,78,-419.65904433286084
15,CTDD21,79,-409.90896993503543
15,CTDD21,80,-420.83811364777745
15,CTDD21,81,-413.23603048550143
15,CTDD21,82,-437.8503779914263
15,CTDD21,83,-427.24522253201553
15,CTDD21,84,-422.285415712139
15,CTDD21,85,-428.4300812243806
15,CTDD21,86,-403.84156443550387
15,CTDD21,87,-410.31107706183434
15,CTDD21,88,-410.39234396611255
15,CTDD21,89,-435.2583361832882
15,CTDD21,90,-412.9943040315671
15,CTDD21,91,-435.6457620323599
15,CTDD21,92,-425.13380117533734
15,CTDD21,93,-441.7519932659522
15,CTDD21,94,-432.0932702015568
15,CTDD21,95,-411.8994110353299
15,CTDD21,96,-447.9484408472857
15,CTDD21,97,-414.66937083273956
15,CTDD21,98,-440.03003938816187
15,CTDD21,99,-454.71500037585787
15,CTDD21,100,-397.6084223724662
15,CTDD21,101,-418.16469092535885
15,CTDD21,102,-405.6887943681395
15,CTDD21,103,-397.75043016280017
15,CTDD21,104,-432.66270576327275
15,CTDD21,105,-433.13485981170453
15,CTDD21,106,-431.76520945815594
15,CTDD21,107,-424.6667898048295
15,CTDD21,108,-418.82217059043955
15,CTDD21,109,-429.4018993349789
15,CTDD21,110,-417.2372547406144
15,CTDD21,111,-413.4033780155461
15,CTDD21,112,-438.5244344896397
15,CTDD21,113,-436.31799957164026
15,CTDD21,114,-446.9530415397529
15,CTDD21,115,-437.6079593115115
15,CTDD21,116,-424.13748816941154
15,CTDD21,117,-440.6894939021358
15,CTDD21,118,-407.75928708375704
15,CTDD21,119,-439.083853823646
15,CTDD21,120,-417.9604744653692
15,CTDD21,121,-420.0317002309048
15,CTDD21,122,-409.7911019594169
15,CTDD21,123,-442.470412100793
15,CTDD21,124,-402.6541740760423
15,CTDD21,125,-435.426956315468
15,CTDD21,126,-425.2444028565503
15,CTDD21,127,-433.8714396189092
15,CTDD21,128,-407.6000061054384
15,CTDD21,129,-410.6558026553073
15,CTDD21,130,-418.7490930341336
15,CTDD21,131,-404.4056735077875
15,CTDD21,132,-443.3819400055875
15,CTDD21,133,-421.4232982203363
15,CTDD21,134,-406.8241620957357
15,CTDD21,135,-419.7078913855379
15,CTDD21,136,-413.2600615949955
15,CTDD21,137,-434.4278374199347
15,CTDD21,138,-429.0596121535187
15,CTDD21,139,-416.8028298389731
15,CTDD21,140,-399.47800678483276
15,CTDD21,141,-431.9745461153532
15,CTDD21,142,-421.34720488209206
15,CTDD21,143,-411.9684956189695
15,CTDD21,144,-462.91885746308657
15,CTDD21,145,-416.07604489301536
15,CTDD21,146,-428.29956497087727
15,CTDD21,147,-445.1170964182381
15,CTDD21,148,-425.5119680451278
15,CTDD21,149,-409.17577199238315
15,CTDD21,150,-410.4244052661398
15,CTDD21,151,-432.50258297293567
15,CTDD21,152,-401.7839095830177
15,CTDD21,153,-430.85657224781846
15,CTDD21,154,-407.6312541292575
15,CTDD21,155,-409.13513469117856
15,CTDD21,156,-453.9278447936799
15,CTDD21,157,-426.2092901503538
15,CTDD21,158,-412.84695861508095
15,CTDD21,159,-425.3141653087273
15,CTDD21,160,-429.2667277498195
15,CTDD21,161,-409.62076481952
15,CTDD21,162,-413.27780437627564
15,CTDD21,163,-426.1514431067447
15,CTDD21,164,-409.7754472598533
15,CTDD21,165,-408.2390731300911
15,CTDD21,166,-437.8786510813672
15,CTDD21,167,-415.7497239994498
15,CTDD21,168,-430.74063399215436
15,CTDD21,169,-421.1742175487552
15,CTDD21,170,-410.623922598541
15,CTDD21,171,-417.4390844820139
15,CTDD21,172,-450.4840590488602
15,CTDD21,173,-423.0931322619975
15,CTDD21,174,-429.7716088704367
15,CTDD21,175,-438.2278287513941
15,CTDD21,176,-420.0633267367319
15,CTDD21,177,-441.4784494338732
15,CTDD21,178,-412.3919776503126
15,CTDD21,179,-421.9203196423098
15,CTDD21,180,-431.16027965150886
15,CTDD21,181,-424.0972663736521
15,CTDD21,182,-433.3326283572372
15,CTDD21,183,-416.39032975268236
15,CTDD21,184,-470.17826031298483
15,CTDD21,185,-430.5932212984434
15,CTDD21,186,-429.13420936763015
15,CTDD21,187,-417.5434056939277
15,CTDD21,188,-430.81178038784833
15,CTDD21,189,-434.71195341070444
15,CTDD21,190,-424.4564221005125
15,CTDD21,191,-437.1633476583792
15,CTDD21,192,-409.9084259150616
15,CTDD21,193,-444.38722633792327
15,CTDD21,194,-432.8213442081752
15,CTDD21,195,-412.2053565171497
15,CTDD21,196,-419.6897461204496
15,CTDD21,197,-433.61476298896065
15,CTDD21,198,-426.4584830784431
15,CTDD21,199,-416.32826391518006
15,CTDD21,200,-409.550770330826
15,CTDD21,201,-483.00907814064163
15,CTDD21,202,-435.40465681186214
15,CTDD21,203,-435.42413828002407
15,CTDD21,204,-424.06105364987906
15,CTDD21,205,-424.21772014415916
15,CTDD21,206,-430.23415129772894
15,CTDD21,207,-423.1675094657827
15,CTDD21,208,-417.34333872175927
15,CTDD21,209,-423.84158414410285
15,CTDD21,210,-425.5521982392951
15,CTDD21,211,-422.9206061952841
15,CTDD21,212,-409.16115255302446
15,CTDD21,213,-416.42188730070757
15,CTDD21,214,-420.8227973976095
15,CTDD21,215,-469.4902565032314
15,CTDD21,216,-427.6336630360402
15,CTDD21,217,-416.8949011448691
15,CTDD21,218,-406.79577513461174
15,CTDD21,219,-422.62976182351514
15,CTDD21,220,-438.3287277724661
15,CTDD21,221,-425.735548349212
15,CTDD21,222,-415.36213256131805
15,CTDD21,223,-407.7952274901644
15,CTDD21,224,-403.7746148726145
15,CTDD21,225,-441.54203876273806
15,CTDD21,226,-444.7718200461516
15,CTDD21,227,-404.9030559714272
15,CTDD21,228,-423.89775271147374
15,CTDD21,229,-424.2047442277094
15,CTDD21,230,-406.4352545840399
15,CTDD21,231,-421.42362142338243
15,CTDD21,232,-459.1008835747631
15,CTDD21,233,-451.6998332359516
15,CTDD21,234,-413.9245880969796
15,CTDD21,235,-426.52278734565505
15,CTDD21,236,-423.9485762601049
15,CTDD21,237,-411.6721825756959
15,CTDD21,238,-448.6439758909643
15,CTDD21,239,-388.1748962153352
15,CTDD21,240,-422.1733512075091
15,CTDD21,241,-421.7018938082699
15,CTDD21,242,-415.7217702617049
15,CTDD21,243,-398.1124613019275
15,CTDD21,244,-436.11575779663315
15,CTDD21,245,-420.80368401397294
15,CTDD21,246,-420.0499260203172
15,CTDD21,247,-454.94233403559167
15,CTDD21,248,-441.4565396730188
15,CTDD21,249,-413.15740643322795
15,CTDD21,250,-425.6680480634772
15,CTDD21,251,-406.9592708086218
15,CTDD21,252,-410.5892806913961
15,CTDD21,253,-426.08146275473797
15,CTDD21,254,-436.3865942024177
15,CTDD21,255,-435.55027590080095
15,CTDD21,256,-407.6423235410119
15,CTDD21,257,-429.45802814324804
15,CTDD21,258,-397.4909940226036
15,CTDD21,259,-422.54090597173825
15,CTDD21,260,-459.0602041504526
15,CTDD21,261,-439.8711138542914
15,CTDD21,262,-430.39953590930355
15,CTDD21,263,-410.3319554500923
15,CTDD21,264,-434.76775124401956
15,CTDD21,265,-410.8729292619921
15,CTDD21,266,-426.9678905542847
15,CTDD21,267,-409.47212985494303
15,CTDD21,268,-408.590595540235
15,CTDD21,269,-406.22864613726665
15,CTDD21,270,-398.3159835514503
15,CTDD21,271,-434.9825495921779
15,CTDD21,272,-433.3345054369667
15,CTDD21,273,-435.6946751952231
15,CTDD21,274,-432.5418680660073
15,CTDD21,275,-426.29706200104033
15,CTDD21,276,-416.303879286427
15,CTDD21,277,-425.9985792852025
15,CTDD21,278,-417.4959287104375
15,CTDD21,279,-446.5710930598123
15,CTDD21,280,-426.634419982818
15,CTDD21,281,-426.8667066214391
15,CTDD21,282,-415.9325148161138
15,CTDD21,283,-423.84179027154073
15,CTDD21,284,-431.0729205411975
15,CTDD21,285,-417.68677028750324
15,CTDD21,286,-391.60169746798164
15,CTDD21,287,-427.9099260657056
15,CTDD21,288,-436.3154204643465
15,CTDD21,289,-408.26212079020297
15,CTDD21,290,-409.35603836911486
15,CTDD21,291,-433.70991512333205
15,CTDD21,292,-449.1450977620891
15,CTDD21,293,-455.62616903460565
15,CTDD21,294,-423.9252957362854
15,CTDD21,295,-390.83041522093225
15,CTDD21,296,-425.33761162683214
15,CTDD21,297,-404.3567655153316
15,CTDD21,298,-406.9881938654475
15,CTDD21,299,-411.20730137742703
16,IF2,0,-369.6042627254982
16,IF2,1,-366.75093237993593
16,IF2,2,-363.6636781824879
16,IF2,3,-375.6890929445633
16,IF2,4,-367.16607703914366
16,IF2,5,-360.59357877521654
16,IF2,6,-362.10635931050865
16,IF2,7,-364.377457161437
16,IF2,8,-370.2928129984183
16,IF2,9,-380.96431151556004
16,IF2,10,-380.1601379857608
16,IF2,11,-375.15754263831775
16,IF2,12,-366.23877256260965
16,IF2,13,-364.8389058875828
16,IF2,14,-367.93572535811023
16,IF2,15,-376.15111692609787
16,IF2,16,-377.0007448517671
16,IF2,17,-370.45963969020903
16,IF2,18,-367.51301920009195
16,IF2,19,-374.48384105168196
16,IF2,20,-363.71577412240964
16,IF2,21,-370.17547488321486
16,IF2,22,-370.1512007036304
16,IF2,23,-365.7325941821635
16,IF2,24,-362.8372507605348
16,IF2,25,-367.081820563094
16,IF2,26,-369.69253514081583
16,IF2,27,-366.1149231772495
16,IF2,28,-358.723839453523
16,IF2,29,-364.2165188158053
16,IF2,30,-370.88815916638663
16,IF2,31,-366.18459556408334
16,IF2,32,-366.48354012889286
16,IF2,33,-367.66395717683264
16,IF2,34,-366.7789518405731
16,IF2,35,-370.83838170697
16,IF2,36,-368.08045737587554
16,IF2,37,-363.8599130503144
16,IF2,38,-369.1652544416735
16,IF2,39,-365.8746466312488
16,IF2,40,-366.38841827279947
16,IF2,41,-362.1934554203445
16,IF2,42,-362.3479821524713
16,IF2,43,-365.4560343331456
16,IF2,44,-362.4935223185313
16,IF2,45,-367.84880376941487
16,IF2,46,-363.84300047144654
16,IF2,47,-365.3428475694316
16,IF2,48,-365.3480340151017
16,IF2,49,-366.21317547198913
16,IF2,50,-365.7982732389457
16,IF2,51,-362.8851258660823
16,IF2,52,-371.79050821595666
16,IF2,53,-370.47634074970944
16,IF2,54,-365.33803650459083
16,IF2,55,-360.75934662737427
16,IF2,56,-361.6528094574574
16,IF2,57,-365.0309331142042
16,IF2,58,-368.9023645289077
16,IF2,59,-371.3230019708666
16,IF2,60,-366.12162865548225
16,IF2,61,-364.4844677228726
16,IF2,62,-371.42222359083996
16,IF2,63,-368.04814039755166
16,IF2,64,-364.85315601880365
16,IF2,65,-375.65595933238114
16,IF2,66,-362.94605666892215
16,IF2,67,-363.14004035361927
16,IF2,68,-362.5636832722658
16,IF2,69,-363.6220965584212
16,IF2,70,-364.40413802613585
16,IF2,71,-364.2181102045276
16,IF2,72,-362.3019405914325
16,IF2,73,-364.20283060033927
16,IF2,74,-364.82737393236243
16,IF2,75,-360.8214309533614
16,IF2,76,-366.4663290235562
16,IF2,77,-362.8997227165909
16,IF2,78,-369.38898921345657
16,IF2,79,-367.5329185655436
16,IF2,80,-359.8810421871305
16,IF2,81,-366.50691379544935
16,IF2,82,-365.49570752642484
16,IF2,83,-367.28439361539193
16,IF2,84,-366.9213740068854
16,IF2,85,-366.2457670369683
16,IF2,86,-360.9552654154504
16,IF2,87,-365.5408243427774
16,IF2,88,-362.26099830987306
16,IF2,89,-363.7198087054294
16,IF2,90,-364.09519496461274
16,IF2,91,-365.08374524731147
16,IF2,92,-366.79501008705984
16,IF2,93,-366.7350464583637
16,IF2,94,-364.5475444695032
16,IF2,95,-367.8435335569973
16,IF2,96,-365.7609797946434
16,IF2,97,-367.6975487565011
16,IF2,98,-368.41505025069137
16,IF2,99,-366.9066187715588
16,IF2,100,-369.0348005833453
16,IF2,101,-365.320470855042
16,IF2,102,-368.31820996429036
16,IF2,103,-365.7704204667171
16,IF2,104,-366.60732354715446
16,IF2,105,-361.90776022137857
16,IF2,106,-362.2708776184192
16,IF2,107,-359.9342044302594
16,IF2,108,-367.22824983508076
16,IF2,109,-367.70617045134
16,IF2,110,-365.7644502371927
16,IF2,111,-367.2598246082816
16,IF2,112,-359.6040426031084
16,IF2,113,-360.81666097838695
16,IF2,114,-362.09897088312795
16,IF2,115,-366.0500654982338
16,IF2,116,-367.2587867726139
16,IF2,117,-365.89919920350036
16,IF2,118,-365.907115416645
16,IF2,119,-365.9989760757027
16,IF2,120,-369.95265397366285
16,IF2,121,-361.7136930180225
16,IF2,122,-364.20805847219583
16,IF2,123,-364.21500330578203
16,IF2,124,-364.72547443032596
16,IF2,125,-363.7413285550774
16,IF2,126,-365.8427309436736
16,IF2,127,-365.32229240430706
16,IF2,128,-367.24860041163276
16,IF2,129,-364.9437967362674
16,IF2,130,-361.8564394868325
16,IF2,131,-364.93660467370427
16,IF2,132,-364.76170992783824
16,IF2,133,-373.6258106217893
16,IF2,134,-363.9828233082343
16,IF2,135,-362.8876482829619
16,IF2,136,-362.48898732364626
16,IF2,137,-365.4978692321616
16,IF2,138,-363.29663128940155
16,IF2,139,-361.4542809797364
16,IF2,140,-359.91381932966095
16,IF2,141,-365.9801161232184
16,IF2,142,-363.47416227196373
16,IF2,143,-362.94303251987094
16,IF2,144,-365.18496474666574
16,IF2,145,-361.8735108217978
16,IF2,146,-374.03426977323466
16,IF2,147,-363.96552049767615
16,IF2,148,-363.3175949434667
16,IF2,149,-371.45088132688136
16,IF2,150,-366.55667542909856
16,IF2,151,-370.82489528352664
16,IF2,152,-362.85757942330355
16,IF2,153,-365.849775208782
16,IF2,154,-367.9168531654714
16,IF2,155,-363.86258999279215
16,IF2,156,-366.0355248303209
16,IF2,157,-368.2806015659537
16,IF2,158,-361.42144476240605
16,IF2,159,-366.1163616322011
16,IF2,160,-366.82776365075637
16,IF2,161,-368.05026808609716
16,IF2,162,-361.7012466540761
16,IF2,163,-364.2383301033619
16,IF2,164,-361.93717518551756
16,IF2,165,-364.955385647021
16,IF2,166,-362.5193984362846
16,IF2,167,-367.1743642961338
16,IF2,168,-362.31359223174167
16,IF2,169,-365.95183886856285
16,IF2,170,-365.4122270788781
16,IF2,171,-362.2305771838352
16,IF2,172,-363.0582850343913
16,IF2,173,-364.38810944799167
16,IF2,174,-362.45312207164017
16,IF2,175,-366.0118781106376
16,IF2,176,-362.7451377938934
16,IF2,177,-365.0632353066885
16,IF2,178,-364.62190078182726
16,IF2,179,-363.5271110287208
16,IF2,180,-362.95714206585126
16,IF2,181,-360.01543542612734
16,IF2,182,-365.04924381096305
16,IF2,183,-369.7574640092317
16,IF2,184,-362.9734443800088
16,IF2,185,-364.7430098934383
16,IF2,186,-364.05339972434734
16,IF2,187,-363.4201201372314
16,IF2,188,-359.62457609586284
16,IF2,189,-361.7777213465035
16,IF2,190,-364.92193184611534
16,IF2,191,-366.34093221197315
16,IF2,192,-360.78476412100343
16,IF2,193,-366.6894379736279
16,IF2,194,-365.6800744530142
16,IF2,195,-364.1247987532643
16,IF2,196,-364.3224644158634
16,IF2,197,-363.07915771721497
16,IF2,198,-362.42287664860896
16,IF2,199,-370.60462193382585
16,IF2,200,-365.6491442846816
16,IF2,201,-362.4987891414173
16,IF2,202,-363.3241651108768
16,IF2,203,-361.929343150255
16,IF2,204,-366.9429561517356
16,IF2,205,-365.68028596394936
16,IF2,206,-368.42237877338863
16,IF2,207,-365.9845931926169
16,IF2,208,-364.7105940547072
16,IF2,209,-369.5544255166213
16,IF2,210,-370.8043922539203
16,IF2,211,-367.0612326057296
16,IF2,212,-366.1786057794704
16,IF2,213,-361.53324815930614
16,IF2,214,-372.0229298807592
16,IF2,215,-367.15023574296697
16,IF2,216,-366.80030657876495
16,IF2,217,-371.18471707029363
16,IF2,218,-365.765067686788
16,IF2,219,-374.18956875760887
16,IF2,220,-366.67422421758016
16,IF2,221,-367.93490838563264
16,IF2,222,-365.30011024192044
16,IF2,223,-371.9431420034962
16,IF2,224,-364.1890401950587
16,IF2,225,-367.0168880739388
16,IF2,226,-369.72024302828487
16,IF2,227,-365.6851293420369
16,IF2,228,-362.94156078258345
16,IF2,229,-361.5753955136646
16,IF2,230,-366.02091791631824
16,IF2,231,-364.41557012479325
16,IF2,232,-366.32482478361067
16,IF2,233,-364.72526595196797
16,IF2,234,-363.99523024176113
16,IF2,235,-362.5730390633698
16,IF2,236,-369.41402398214814
16,IF2,237,-369.7620790544183
16,IF2,238,-363.0113508432224
16,IF2,239,-368.4911019008514
16,IF2,240,-366.6612336300575
16,IF2,241,-369.8626962389583
16,IF2,242,-364.1553383341098
16,IF2,243,-363.5822234181196
16,IF2,244,-364.3982813820992
16,IF2,245,-362.52430092730265
16,IF2,246,-366.6258916831036
16,IF2,247,-367.0404951503134
16,IF2,248,-365.93401679778634
16,IF2,249,-369.62953467405504
16,IF2,250,-367.59236731606916
16,IF2,251,-368.2811334600904
16,IF2,252,-370.7698384033002
16,IF2,253,-362.43375576611265
16,IF2,254,-364.07163272767673
16,IF2,255,-366.49700715701755
16,IF2,256,-368.0641655286098
16,IF2,257,-362.03024791376606
16,IF2,258,-363.3277197099606
16,IF2,259,-365.12956491160236
16,IF2,260,-366.53752791247666
16,IF2,261,-364.63730030233467
16,IF2,262,-368.73513100008466
16,IF2,263,-361.077166269309
16,IF2,264,-361.96689784347325
16,IF2,265,-362.5166138497792
16,IF2,266,-365.4184819882375
16,IF2,267,-368.4809872385551
16,IF2,268,-363.16838905372305
16,IF2,269,-364.0326903754567
16,IF2,270,-370.20729028354793
16,IF2,271,-368.7660914824886
16,IF2,272,-364.06612733113644
16,IF2,273,-367.58307788021665
16,IF2,274,-369.70474140601334
16,IF2,275,-371.0809769162982
16,IF2,276,-366.3139598419489
16,IF2,277,-366.8966474959772
16,IF2,278,-361.8596277550399
16,IF2,279,-364.9491636849903
16,IF2,280,-362.4587820216226
16,IF2,281,-363.2211296457354
16,IF2,282,-364.2742088712529
16,IF2,283,-361.8891278670774
16,IF2,284,-366.0206039708791
16,IF2,285,-365.7696634881997
16,IF2,286,-362.99301909095874
16,IF2,287,-363.900005708289
16,IF2,288,-366.4080074768094
16,IF2,289,-365.756532115377
16,IF2,290,-370.55498954889356
16,IF2,291,-365.78317352477455
16,IF2,292,-365.97963474610526
16,IF2,293,-362.9026521284927
16,IF2,294,-364.1795355864167
16,IF2,295,-360.55210218812414
16,IF2,296,-363.9412951839619
16,IF2,297,-362.23503756874635
16,IF2,298,-365.03692092511136
16,IF2,299,-365.949869411917
16,IF2,300,-365.33779467255886
16,IF2,301,-362.06214357548777
16,IF2,302,-365.1809067206276
16,IF2,303,-367.2190216053015
16,IF2,304,-364.2382688731787
16,IF2,305,-364.2357560237447
16,IF2,306,-365.2848493929428
16,IF2,307,-371.7896074046889
16,IF2,308,-366.36356373225755
16,IF2,309,-365.37821894604696
16,IF2,310,-365.27705131997544
16,IF2,311,-366.95068612620827
16,IF2,312,-360.4194034761842
16,IF2,313,-364.79100059321166
16,IF2,314,-369.791813196554
16,IF2,315,-369.2320498574703
16,IF2,316,-364.29010622613396
16,IF2,317,-366.42506516382537
16,IF2,318,-365.39292816725225
16,IF2,319,-363.0350212137329
16,IF2,320,-367.3880100246912
16,IF2,321,-366.1677996256277
16,IF2,322,-366.8359853877878
16,IF2,323,-370.8128054708128
16,IF2,324,-366.00058754633517
16,IF2,325,-364.3593882336238
16,IF2,326,-363.81411515863573
16,IF2,327,-367.27403932831197
16,IF2,328,-360.5840958404112
16,IF2,329,-369.21923969599464
16,IF2,330,-366.659279795882
16,IF2,331,-364.21240011202667
16,IF2,332,-360.86019856029884
16,IF2,333,-365.8143942233616
16,IF2,334,-362.66609179226805
16,IF2,335,-366.5007155268064
16,IF2,336,-362.8291655717315
16,IF2,337,-363.20445624577485
16,IF2,338,-362.70567897881557
16,IF2,339,-363.9308089858136
16,IF2,340,-369.2207625321555
16,IF2,341,-366.0091275223123
16,IF2,342,-370.65162919399376
16,IF2,343,-363.3042404695731
16,IF2,344,-371.89831763261304
16,IF2,345,-365.34795454905935
16,IF2,346,-368.3153555702643
16,IF2,347,-364.0233829490935
16,IF2,348,-366.45450323091376
16,IF2,349,-363.40286791953935
16,IF2,350,-364.13786669636744
16,IF2,351,-366.974598619828
16,IF2,352,-367.66255879756676
16,IF2,353,-369.335699934436
16,IF2,354,-368.65786260132285
16,IF2,355,-364.6351520709378
16,IF2,356,-366.4689961022253
16,IF2,357,-360.9666837642431
16,IF2,358,-361.6503797444964
16,IF2,359,-363.93173537363333
16,IF2,360,-367.6046051891047
16,IF2,361,-360.0594353692158
16,IF2,362,-368.3439105625197
16,IF2,363,-366.60083801329057
16,IF2,364,-364.42147383856303
16,IF2,365,-364.88048709920895
16,IF2,366,-366.0896764502106
16,IF2,367,-368.28826508383935
16,IF2,368,-366.19524410473315
16,IF2,369,-361.8325384979739
16,IF2,370,-363.7906286251254
16,IF2,371,-364.33705447562477
16,IF2,372,-366.81700688287674
16,IF2,373,-364.27745984088256
16,IF2,374,-363.4844275828073
16,IF2,375,-366.6711324629719
16,IF2,376,-364.2251217417312
16,IF2,377,-365.7501075555039
16,IF2,378,-366.3527449968612
16,IF2,379,-366.6537133959784
16,IF2,380,-364.33592837381116
16,IF2,381,-365.5419802491663
16,IF2,382,-363.9339683324201
16,IF2,383,-365.0139666464794
16,IF2,384,-365.87304884136984
16,IF2,385,-362.3387667545172
16,IF2,386,-364.73799452433695
16,IF2,387,-370.06474710704913
16,IF2,388,-364.89296866243495
16,IF2,389,-370.85074174925194
16,IF2,390,-365.0022903241186
16,IF2,391,-365.8834307254357
16,IF2,392,-365.437642225486
16,IF2,393,-364.35990309357084
16,IF2,394,-365.2227246289332
16,IF2,395,-371.5466131451463
16,IF2,396,-363.0186941190205
16,IF2,397,-364.58173901965904
16,IF2,398,-365.54634809172705
16,IF2,399,-368.4804848860527
16,IF2,400,-364.47315650476054
16,IF2,401,-364.3655751786899
16,IF2,402,-359.8620688599623
16,IF2,403,-361.10164514980886
16,IF2,404,-367.24784667192404
16,IF2,405,-372.09760558021605
16,IF2,406,-366.6965951117657
16,IF2,407,-367.316271532628
16,IF2,408,-361.28834048623486
16,IF2,409,-366.37969919412797
16,IF2,410,-368.4469869171685
16,IF2,411,-367.1079945179399
16,IF2,412,-368.1323413295465
16,IF2,413,-364.6675360918304
16,IF2,414,-366.58573550819466
16,IF2,415,-363.9834091319312
16,IF2,416,-368.4556456947674
16,IF2,417,-367.02772546968765
16,IF2,418,-367.10653560567624
16,IF2,419,-366.75625009392735
16,IF2,420,-362.6060496174013
16,IF2,421,-366.615106561207
16,IF2,422,-366.41416076757423
16,IF2,423,-362.66327641682193
16,IF2,424,-363.1013098712332
16,IF2,425,-362.5984813948832
16,IF2,426,-368.588795812651
16,IF2,427,-367.4448169359695
16,IF2,428,-363.8239698622454
16,IF2,429,-362.8899214707184
16,IF2,430,-368.26624880960543
16,IF2,431,-368.34264763600277
16,IF2,432,-363.4410190309304
16,IF2,433,-369.38050185107755
16,IF2,434,-361.4192856580303
16,IF2,435,-369.74598139520714
16,IF2,436,-364.02213066110147
16,IF2,437,-367.9144600486981
16,IF2,438,-365.5115865009043
16,IF2,439,-368.97788155884075
16,IF2,440,-363.4227935425056
16,IF2,441,-366.852001441525
16,IF2,442,-366.10981276433495
16,IF2,443,-367.05992529059495
16,IF2,444,-366.81969583919624
16,IF2,445,-364.29801845095244
16,IF2,446,-370.2857889526543
16,IF2,447,-364.48218851401253
16,IF2,448,-365.582955218963
16,IF2,449,-362.7134695112207
16,IF2,450,-366.4931684697912
16,IF2,451,-361.4423961298184
16,IF2,452,-366.35107353840004
16,IF2,453,-367.60260448927926
16,IF2,454,-363.1353915181976
16,IF2,455,-364.3028905916959
16,IF2,456,-368.29996645350366
16,IF2,457,-365.6010786285333
16,IF2,458,-369.22736979564786
16,IF2,459,-362.3818652138981
16,IF2,460,-364.77438190667726
16,IF2,461,-367.436012811052
16,IF2,462,-363.37945261782295
16,IF2,463,-367.35507851485613
16,IF2,464,-365.7999817010708
16,IF2,465,-362.7287695386452
16,IF2,466,-373.6071623862639
16,IF2,467,-367.17686298215693
16,IF2,468,-362.33765441305843
16,IF2,469,-366.03104840954074
16,IF2,470,-368.98287850332036
16,IF2,471,-369.0678717792296
16,IF2,472,-366.07868434420465
16,IF2,473,-366.9451663375647
16,IF2,474,-369.413432381709
16,IF2,475,-366.1028147658976
16,IF2,476,-364.6656500213119
16,IF2,477,-361.0932285045079
16,IF2,478,-369.203194872767
16,IF2,479,-362.33582425674047
16,IF2,480,-365.12322354608
16,IF2,481,-368.4647490637408
16,IF2,482,-365.7330774178509
16,IF2,483,-366.9819218424455
16,IF2,484,-365.6197920162993
16,IF2,485,-366.28682257388783
16,IF2,486,-367.6928479276363
16,IF2,487,-367.226374973702
16,IF2,488,-368.95514561556865
16,IF2,489,-369.7875580440742
16,IF2,490,-364.8162571805962
16,IF2,491,-366.639413677756
16,IF2,492,-367.6155032399188
16,IF2,493,-361.29534461992523
16,IF2,494,-366.15257549796735
16,IF2,495,-367.80743663853644
16,IF2,496,-367.66771856743287
16,IF2,497,-364.04532166607294
16,IF2,498,-365.55482223032317
16,IF2,499,-361.80204741415844
16,IF2,500,-367.62087163312776
16,IF2,501,-368.61588789757235
16,IF2,502,-363.27287638527696
16,IF2,503,-366.5110364098917
16,IF2,504,-365.09732587768184
16,IF2,505,-366.29221900107655
16,IF2,506,-362.4358919178111
16,IF2,507,-365.6253241723472
16,IF2,508,-365.14025408389915
16,IF2,509,-361.124294817592
16,IF2,510,-369.0296648220347
16,IF2,511,-367.6240036608224
16,IF2,512,-370.6174372441761
16,IF2,513,-367.7935208332681
16,IF2,514,-362.3303693868096
16,IF2,515,-364.7173290268864
16,IF2,516,-366.1584698794342
16,IF2,517,-364.07734881245636
16,IF2,518,-370.8894871554133
16,IF2,519,-369.588130519838
16,IF2,520,-360.03165849848267
16,IF2,521,-366.20816150174744
16,IF2,522,-368.0879232584412
16,IF2,523,-363.8232651253364
16,IF2,524,-365.7401804101953
16,IF2,525,-364.78938876153273
16,IF2,526,-365.0275128494115
16,IF2,527,-367.01317356932236
16,IF2,528,-365.05872822774785
16,IF2,529,-365.1616172815239
16,IF2,530,-366.577706356617
16,IF2,531,-371.1231122777194
16,IF2,532,-364.3774121720481
16,IF2,533,-364.16512647702046
16,IF2,534,-368.4866663683125
16,IF2,535,-367.252276729142
16,IF2,536,-363.8082144015452
16,IF2,537,-364.7384234205351
16,IF2,538,-370.19343160171724
16,IF2,539,-363.6807284659324
16,IF2,540,-367.6850031544355
16,IF2,541,-367.63339380095016
16,IF2,542,-363.96878630050037
16,IF2,543,-365.2322615640137
16,IF2,544,-365.30830083848514
16,IF2,545,-363.6308211902267
16,IF2,546,-371.82808882534846
16,IF2,547,-367.9547529241697
16,IF2,548,-366.43126011921794
16,IF2,549,-363.8320145889756
16,IF2,550,-362.8181866075292
16,IF2,551,-361.95148667890186
16,IF2,552,-367.27024912686596
16,IF2,553,-364.9150108714689
16,IF2,554,-365.3512845488963
16,IF2,555,-367.6458284012798
16,IF2,556,-367.1154924910649
16,IF2,557,-370.6154400678981
16,IF2,558,-363.6834814162344
16,IF2,559,-362.3039542848975
16,IF2,560,-367.89419252897744
16,IF2,561,-369.88608000369493
16,IF2,562,-367.39367009517997
16,IF2,563,-364.6385877713955
16,IF2,564,-366.03012292112766
16,IF2,565,-367.33259696431344
16,IF2,566,-365.3149637561488
16,IF2,567,-367.70721462055667
16,IF2,568,-367.8714250120334
16,IF2,569,-368.1503405784028
16,IF2,570,-371.5036405130678
16,IF2,571,-362.0666241738224
16,IF2,572,-367.14789163702613
16,IF2,573,-359.3284090324231
16,IF2,574,-364.39448409015955
16,IF2,575,-364.5836768385826
16,IF2,576,-362.04289288701074
16,IF2,577,-367.73959720106285
16,IF2,578,-362.2347311537382
16,IF2,579,-363.56622445271967
16,IF2,580,-365.0354285126221
16,IF2,581,-365.70271773355785
16,IF2,582,-364.8137716049623
16,IF2,583,-361.9427190664231
16,IF2,584,-366.22042757048354
16,IF2,585,-364.8467767862182
16,IF2,586,-366.62044185634727
16,IF2,587,-364.91552294537655
16,IF2,588,-368.27316306147014
16,IF2,589,-365.21616633732424
16,IF2,590,-366.60586022682014
16,IF2,591,-361.9847796156676
16,IF2,592,-365.4105262596573
16,IF2,593,-367.6224004189481
16,IF2,594,-369.5898834312508
16,IF2,595,-367.6783180113237
16,IF2,596,-371.43352770366823
16,IF2,597,-365.53208838179876
16,IF2,598,-362.68033941600044
16,IF2,599,-366.568032047915
16,IFAD,0,-371.51898822886915
16,IFAD,1,-369.74506312462006
16,IFAD,2,-361.1625183272413
16,IFAD,3,-369.2895055652794
16,IFAD,4,-368.73732909324735
16,IFAD,5,-372.0612821520482
16,IFAD,6,-371.27443734772896
16,IFAD,7,-372.99611627401515
16,IFAD,8,-367.835562698604
16,IFAD,9,-376.8619406824994
16,IFAD,10,-367.41361758849047
16,IFAD,11,-361.99399245138386
16,IFAD,12,-360.73536886557645
16,IFAD,13,-364.0776786017132
16,IFAD,14,-361.3751313454981
16,IFAD,15,-366.76665149503447
16,IFAD,16,-363.8279071549345
16,IFAD,17,-359.5118239988802
16,IFAD,18,-367.8557144900526
16,IFAD,19,-369.04296398951783
16,IFAD,20,-370.9938378055258
16,IFAD,21,-366.81603256489626
16,IFAD,22,-365.2705503951671
16,IFAD,23,-367.30039797565354
16,IFAD,24,-366.127190322818
16,IFAD,25,-365.7382956862295
16,IFAD,26,-363.0116371728667
16,IFAD,27,-367.0134612878699
16,IFAD,28,-370.87611850637177
16,IFAD,29,-361.48009038241486
16,IFAD,30,-366.2764783889154
16,IFAD,31,-361.9781708233575
16,IFAD,32,-368.2774897885997
16,IFAD,33,-365.788875361791
16,IFAD,34,-371.1410915635671
16,IFAD,35,-366.34977930237227
16,IFAD,36,-362.75919763430704
16,IFAD,37,-370.0258532810106
16,IFAD,38,-364.23137224990796
16,IFAD,39,-365.3682632467407
16,IFAD,40,-366.354725926516
16,IFAD,41,-373.9344468455335
16,IFAD,42,-368.65731108965514
16,IFAD,43,-382.8649524634438
16,IFAD,44,-375.9955189779909
16,IFAD,45,-368.4139298365051
16,IFAD,46,-364.58943221940063
16,IFAD,47,-366.31013594527747
16,IFAD,48,-361.732483367832
16,IFAD,49,-366.8534106638202
16,IFAD,50,-362.17927340827345
16,IFAD,51,-367.4995818253707
16,IFAD,52,-367.7305594258804
16,IFAD,53,-367.0523327830577
16,IFAD,54,-363.07669006948026
16,IFAD,55,-363.2479879394398
16,IFAD,56,-373.1024495806156
16,IFAD,57,-372.85326447481384
16,IFAD,58,-366.79897272876394
16,IFAD,59,-375.6392253457361
16,IFAD,60,-370.3194946874157
16,IFAD,61,-378.3260557239538
16,IFAD,62,-372.1006216575022
16,IFAD,63,-370.82726849101925
16,IFAD,64,-369.15128049786597
16,IFAD,65,-366.604840552496
16,IFAD,66,-366.87508109756635
16,IFAD,67,-358.3515398316935
16,IFAD,68,-365.56695487691434
16,IFAD,69,-367.0927984647836
16,IFAD,70,-365.1621418124936
16,IFAD,71,-363.4860288403364
16,IFAD,72,-364.6226133542106
16,IFAD,73,-362.75800945448844
16,IFAD,74,-363.37996502935493
16,IFAD,75,-366.9163346852362
16,IFAD,76,-365.2891963664102
16,IFAD,77,-367.01566557152887
16,IFAD,78,-365.698400206506
16,IFAD,79,-364.99813999412316
16,IFAD,80,-371.16783427029435
16,IFAD,81,-384.603306767175
16,IFAD,82,-373.022731944476
16,IFAD,83,-377.47545441155216
16,IFAD,84,-386.55833008870616
16,IFAD,85,-386.6695812437653
16,IFAD,86,-372.50893777389393
16,IFAD,87,-379.9398776754373
16,IFAD,88,-374.79683180554264
16,IFAD,89,-367.7833834066994
16,IFAD,90,-365.8415461017353
16,IFAD,91,-362.70523404551807
16,IFAD,92,-364.79088205853185
16,IFAD,93,-363.8526421593249
16,IFAD,94,-368.58883651223516
16,IFAD,95,-366.59895480657536
16,IFAD,96,-360.4342915548524
16,IFAD,97,-363.2915889398045
16,IFAD,98,-361.8024712048028
16,IFAD,99,-357.7595272767955
16,IFAD,100,-362.08967659183816
16,IFAD,101,-365.5217681006292
16,IFAD,102,-359.41755813612315
16,IFAD,103,-364.0023021006424
16,IFAD,104,-362.98333897685563
16,IFAD,105,-368.7093456544613
16,IFAD,106,-370.2577971335856
16,IFAD,107,-368.52672414051665
16,IFAD,108,-361.85470576712345
16,IFAD,109,-363.83289397293737
16,IFAD,110,-367.6195470574892
16,IFAD,111,-360.4768304553516
16,IFAD,112,-361.514088641083
16,IFAD,113,-363.4291311578559
16,IFAD,114,-362.44725974189663
16,IFAD,115,-361.87891944290595
16,IFAD,116,-368.9711718092666
16,IFAD,117,-369.9724105618729
16,IFAD,118,-366.5715255553349
16,IFAD,119,-363.20245204164644
16,IFAD,120,-363.9035615703042
16,IFAD,121,-364.0539227228334
16,IFAD,122,-364.0286075141461
16,IFAD,123,-365.58180879589025
16,IFAD,124,-357.18968279701727
16,IFAD,125,-363.8829625627557
16,IFAD,126,-364.1049729398025
16,IFAD,127,-367.7902090679992
16,IFAD,128,-359.1140831734771
16,IFAD,129,-360.65047688251286
16,IFAD,130,-363.256775309387
16,IFAD,131,-361.56586380455616
16,IFAD,132,-361.2078227013401
16,IFAD,133,-365.4488433365937
16,IFAD,134,-364.1056364823403
16,IFAD,135,-368.46318276072134
16,IFAD,136,-365.03750615229114
16,IFAD,137,-366.4296566462379
16,IFAD,138,-364.6105656507764
16,IFAD,139,-365.3094454975029
16,IFAD,140,-364.152379246693
16,IFAD,141,-361.1398542753375
16,IFAD,142,-364.49110434624055
16,IFAD,143,-365.067788308167
16,IFAD,144,-365.35892901508305
16,IFAD,145,-365.37277962287493
16,IFAD,146,-363.3734791118008
16,IFAD,147,-359.4930533857705
16,IFAD,148,-357.9476428815945
16,IFAD,149,-364.4740374597588
16,IFAD,150,-362.15034208624985
16,IFAD,151,-362.443708884018
16,IFAD,152,-361.73889880741797
16,IFAD,153,-363.98370996121184
16,IFAD,154,-363.904943285758
16,IFAD,155,-365.38967950575807
16,IFAD,156,-365.21247338106326
16,IFAD,157,-364.0066457917695
16,IFAD,158,-362.3131648714993
16,IFAD,159,-360.27021898384197
16,IFAD,160,-359.8168404799977
16,IFAD,161,-360.8719366966149
16,IFAD,162,-360.50155202049547
16,IFAD,163,-358.4274168577399
16,IFAD,164,-362.25634642639204
16,IFAD,165,-360.47942695853567
16,IFAD,166,-358.2103741836612
16,IFAD,167,-365.41603568889667
16,IFAD,168,-360.332868094354
16,IFAD,169,-364.01772727615304
16,IFAD,170,-357.93634549996705
16,IFAD,171,-358.6395777475117
16,IFAD,172,-365.0289782958385
16,IFAD,173,-364.1953933552871
16,IFAD,174,-363.1742486284611
16,IFAD,175,-368.77889099833726
16,IFAD,176,-361.5908562755532
16,IFAD,177,-361.2476419553479
16,IFAD,178,-364.79034195138195
16,IFAD,179,-365.3610878192702
16,IFAD,180,-362.27853048812494
16,IFAD,181,-360.57846724516617
16,IFAD,182,-360.63435895968996
16,IFAD,183,-363.6769249431078
16,IFAD,184,-364.2356088568987
16,IFAD,185,-360.48397971947395
16,IFAD,186,-360.08068618686923
16,IFAD,187,-364.9502189676078
16,IFAD,188,-366.3092974870495
16,IFAD,189,-363.0754020435313
16,IFAD,190,-365.8155367095816
16,IFAD,191,-360.58546709980067
16,IFAD,192,-364.7298378885278
16,IFAD,193,-359.80830312027734
16,IFAD,194,-364.2344331143999
16,IFAD,195,-367.53376089476893
16,IFAD,196,-362.9132169682624
16,IFAD,197,-362.92089752035815
16,IFAD,198,-363.6439855814762
16,IFAD,199,-360.24514148426965
16,IFAD,200,-362.47864651650997
16,IFAD,201,-359.50913199756934
16,IFAD,202,-369.70700288528275
16,IFAD,203,-366.9855417760673
16,IFAD,204,-364.33704062241685
16,IFAD,205,-361.55929319007004
16,IFAD,206,-363.6593587977482
16,IFAD,207,-362.33920584517114
16,IFAD,208,-360.2410929540132
16,IFAD,209,-364.677220165143
16,IFAD,210,-359.462163661282
16,IFAD,211,-364.8670636395139
16,IFAD,212,-364.92928179762373
16,IFAD,213,-362.5609818768851
16,IFAD,214,-362.4864355864229
16,IFAD,215,-361.5011018226542
16,IFAD,216,-367.4316553263013
16,IFAD,217,-364.93924933626266
16,IFAD,218,-364.91350954305216
16,IFAD,219,-361.833433373252
16,IFAD,220,-362.1378701951252
16,IFAD,221,-364.59267448247454
16,IFAD,222,-364.5779637826716
16,IFAD,223,-361.8745795730651
16,IFAD,224,-362.5589396775624
16,IFAD,225,-362.78366259491025
16,IFAD,226,-365.58222829366997
16,IFAD,227,-361.54697237384335
16,IFAD,228,-362.1307888096418
16,IFAD,229,-357.76498850001235
16,IFAD,230,-360.2135344471473
16,IFAD,231,-362.472731050637
16,IFAD,232,-365.6974769321517
16,IFAD,233,-359.8860797759171
16,IFAD,234,-361.5748174836076
16,IFAD,235,-362.40933044927425
16,IFAD,236,-367.9579900842115
16,IFAD,237,-362.5502791545432
16,IFAD,238,-363.454619819673
16,IFAD,239,-364.87390535305366
16,IFAD,240,-363.27144176630776
16,IFAD,241,-362.75795127743305
16,IFAD,242,-364.433261797665
16,IFAD,243,-358.5683104190647
16,IFAD,244,-365.2863806920676
16,IFAD,245,-366.0506323756866
16,IFAD,246,-364.7227816566705
16,IFAD,247,-366.61895673620666
16,IFAD,248,-367.0435033945003
16,IFAD,249,-361.57449485777204
16,IFAD,250,-364.0147882608211
16,IFAD,251,-367.7381152703132
16,IFAD,252,-363.68644778293304
16,IFAD,253,-365.23545154688793
16,IFAD,254,-362.6870064491093
16,IFAD,255,-365.360935433667
16,IFAD,256,-360.78275400303085
16,IFAD,257,-363.9691040071557
16,IFAD,258,-360.3681422094558
16,IFAD,259,-369.59545328232315
16,IFAD,260,-363.7098736768825
16,IFAD,261,-363.4263411438646
16,IFAD,262,-365.2044689280968
16,IFAD,263,-366.96370126960505
16,IFAD,264,-364.0797585769533
16,IFAD,265,-363.6041674617329
16,IFAD,266,-362.24947085546745
16,IFAD,267,-359.6806208361453
16,IFAD,268,-363.90557669245106
16,IFAD,269,-364.4549275536782
16,IFAD,270,-360.87790824801505
16,IFAD,271,-364.1193004266321
16,IFAD,272,-367.1214531145463
16,IFAD,273,-360.04940242726525
16,IFAD,274,-359.56193051331456
16,IFAD,275,-362.13191123314937
16,IFAD,276,-366.49127597463877
16,IFAD,277,-366.03512032067783
16,IFAD,278,-364.62790297808976
16,IFAD,279,-361.853181818505
16,IFAD,280,-360.847115235215
16,IFAD,281,-365.53419659865983
16,IFAD,282,-362.7020254408973
16,IFAD,283,-363.47761225746916
16,IFAD,284,-361.11848643950117
16,IFAD,285,-362.3790937084956
16,IFAD,286,-365.1960392509187
16,IFAD,287,-360.1662576945015
16,IFAD,288,-367.8076817190535
16,IFAD,289,-360.0265233163717
16,IFAD,290,-365.43478844899676
16,IFAD,291,-361.66851009975176
16,IFAD,292,-364.86594731178803
16,IFAD,293,-362.02211522385755
16,IFAD,294,-369.55206479829985
16,IFAD,295,-364.9186513555719
16,IFAD,296,-361.7782525127251
16,IFAD,297,-358.0481878841472
16,IFAD,298,-362.51315396354113
16,IFAD,299,-363.84961501499174
16,IFAD,300,-361.6953477303367
16,IFAD,301,-360.0072573072127
16,IFAD,302,-364.0934133439212
16,IFAD,303,-360.8183932450873
16,IFAD,304,-360.6436975408211
16,IFAD,305,-366.85841932680785
16,IFAD,306,-365.3351924446209
16,IFAD,307,-360.26602186155867
16,IFAD,308,-361.5055448836853
16,IFAD,309,-362.5706227340728
16,IFAD,310,-363.5579789108009
16,IFAD,311,-360.63383623640044
16,IFAD,312,-362.60161468459955
16,IFAD,313,-362.9769043076572
16,IFAD,314,-365.13617005834163
16,IFAD,315,-361.69508752215546
16,IFAD,316,-362.9665313668719
16,IFAD,317,-366.62315923495305
16,IFAD,318,-363.6209307581257
16,IFAD,319,-366.75465820363587
16,IFAD,320,-365.1537671490695
16,IFAD,321,-358.8903730745955
16,IFAD,322,-362.80309333963464
16,IFAD,323,-363.71959202596395
16,IFAD,324,-364.5431546817108
16,IFAD,325,-361.11810197008595
16,IFAD,326,-365.89947378407675
16,IFAD,327,-365.69609743142985
16,IFAD,328,-364.5640374755129
16,IFAD,329,-361.0741126097224
16,IFAD,330,-364.4935024698395
16,IFAD,331,-358.35693477024137
16,IFAD,332,-365.236939477
16,IFAD,333,-363.91787282898355
16,IFAD,334,-364.41922076258095
16,IFAD,335,-366.06194612925714
16,IFAD,336,-363.18012261200744
16,IFAD,337,-364.0786838781121
16,IFAD,338,-367.5480161940931
16,IFAD,339,-358.98308313293956
16,IFAD,340,-365.05091928803296
16,IFAD,341,-360.5214690943482
16,IFAD,342,-361.3581492199517
16,IFAD,343,-363.67053736276677
16,IFAD,344,-363.07566741013727
16,IFAD,345,-363.326672631788
16,IFAD,346,-363.4483781456151
16,IFAD,347,-362.86641773671477
16,IFAD,348,-363.9102939670068
16,IFAD,349,-362.1129373106049
16,IFAD,350,-357.78188907717725
16,IFAD,351,-363.1903772525911
16,IFAD,352,-364.51416639386906
16,IFAD,353,-365.16322468603016
16,IFAD,354,-360.3551308136818
16,IFAD,355,-362.9467811217153
16,IFAD,356,-361.82883771115763
16,IFAD,357,-362.2501831396239
16,IFAD,358,-358.2724127050831
16,IFAD,359,-364.3950678212832
16,IFAD,360,-366.48780698338004
16,IFAD,361,-358.03797145005274
16,IFAD,362,-362.4690973523651
16,IFAD,363,-360.5289693833171
16,IFAD,364,-365.7089197226746
16,IFAD,365,-364.0432346483383
16,IFAD,366,-365.31594531190115
16,IFAD,367,-368.3606464755475
16,IFAD,368,-368.72614202343556
16,IFAD,369,-362.96650250063846
16,IFAD,370,-364.1684517245432
16,IFAD,371,-366.51546604168385
16,IFAD,372,-366.62737874489966
16,IFAD,373,-360.79288465823413
16,IFAD,374,-362.5744574983185
16,IFAD,375,-365.75920146662116
16,IFAD,376,-364.3461918070458
16,IFAD,377,-360.82289835637226
16,IFAD,378,-361.0522143469689
16,IFAD,379,-360.81409887637574
16,IFAD,380,-365.3115885021219
16,IFAD,381,-366.17681008371335
16,IFAD,382,-367.3925702053504
16,IFAD,383,-364.8712283701873
16,IFAD,384,-361.40410909726523
16,IFAD,385,-362.1725302229864
16,IFAD,386,-361.1311807307264
16,IFAD,387,-365.14445029028053
16,IFAD,388,-362.4118827255778
16,IFAD,389,-362.9381656862547
16,IFAD,390,-362.0550475658357
16,IFAD,391,-362.78783200949994
16,IFAD,392,-361.49345282509057
16,IFAD,393,-362.48521389461933
16,IFAD,394,-363.0290898701421
16,IFAD,395,-360.5411085034878
16,IFAD,396,-361.05949683790095
16,IFAD,397,-361.8432449033611
16,IFAD,398,-362.29421475104704
16,IFAD,399,-363.33560343426
16,DS19,0,-385.89237746200973
16,DS19,1,-382.35392814306545
16,DS19,2,-385.9088749616231
16,DS19,3,-385.81799560475724
16,DS19,4,-392.06966163510174
16,DS19,5,-387.2628879292936
16,DS19,6,-387.33348006439167
16,DS19,7,-388.37972026072987
16,DS19,8,-380.3056455110455
16,DS19,9,-382.80183320671824
16,DS19,10,-385.3652671548989
16,DS19,11,-379.1000289628682
16,DS19,12,-387.9751376765004
16,DS19,13,-380.28172155715043
16,DS19,14,-376.1284280439319
16,DS19,15,-389.81845225679245
16,DS19,16,-386.80020197742977
16,DS19,17,-383.0236820813996
16,DS19,18,-387.81328469759336
16,DS19,19,-379.41611653126614
16,DS19,20,-373.0661555262292
16,DS19,21,-386.1038779445482
16,DS19,22,-365.92349193635425
16,DS19,23,-378.5727388325216
16,DS19,24,-367.6337168575214
16,DS19,25,-380.505269992456
16,DS19,26,-367.76638033832023
16,DS19,27,-364.40477400274017
16,DS19,28,-390.755398689102
16,DS19,29,-376.36716446344354
16,DS19,30,-383.030429036676
16,DS19,31,-374.3814784203982
16,DS19,32,-379.1664559737049
16,DS19,33,-381.22597931024194
16,DS19,34,-379.04381908523914
16,DS19,35,-372.73547019568673
16,DS19,36,-373.71208806685996
16,DS19,37,-372.88686297103925
16,DS19,38,-387.7831094484134
16,DS19,39,-371.61246860777493
16,DS19,40,-383.85592977981577
16,DS19,41,-371.8282902384389
16,DS19,42,-374.2149007542056
16,DS19,43,-373.6362227018433
16,DS19,44,-377.6646105687899
16,DS19,45,-373.6395304997915
16,DS19,46,-369.7186568783707
16,DS19,47,-365.23495708402027
16,DS19,48,-380.2981654215272
16,DS19,49,-385.9523503187275
16,DS19,50,-385.8257868959249
16,DS19,51,-379.33068799481873
16,DS19,52,-383.3650448588524
16,DS19,53,-373.493255552731
16,DS19,54,-372.47970396833034
16,DS19,55,-373.9555598186975
16,DS19,56,-378.9464221145017
16,DS19,57,-378.48313619460345
16,DS19,58,-383.68704164930125
16,DS19,59,-375.6514870656116
16,DS19,60,-373.9366954351281
16,DS19,61,-386.5397629594591
16,DS19,62,-368.93881090355916
16,DS19,63,-379.3589418963386
16,DS19,64,-383.7755175042487
16,DS19,65,-372.1871458735738
16,DS19,66,-383.62704945985007
16,DS19,67,-380.614024588901
16,DS19,68,-380.52841065685766
16,DS19,69,-366.03883948456706
16,DS19,70,-383.71776292791344
16,DS19,71,-370.11523975499375
16,DS19,72,-381.73921760775926
16,DS19,73,-380.03185358990976
16,DS19,74,-384.40320120233946
16,DS19,75,-378.80179265188866
16,DS19,76,-376.00628648260476
16,DS19,77,-372.73688581214714
16,DS19,78,-379.5372494966734
16,DS19,79,-379.52725273798575
16,DS19,80,-387.2318992468446
16,DS19,81,-377.42480835924596
16,DS19,82,-378.98996632560704
16,DS19,83,-376.6126972650243
16,DS19,84,-378.14026706939603
16,DS19,85,-379.8188277834614
16,DS19,86,-381.56218548581666
16,DS19,87,-385.19071075050107
16,DS19,88,-375.77510547610217
16,DS19,89,-369.23242940884694
16,DS19,90,-375.50841216453017
16,DS19,91,-366.6278098538867
16,DS19,92,-384.8438918931597
16,DS19,93,-374.38472423766024
16,DS19,94,-358.98490518194643
16,DS19,95,-372.3209862591963
16,DS19,96,-372.4912601751724
16,DS19,97,-381.1705136627636
16,DS19,98,-384.24738725756265
16,DS19,99,-384.5829259498136
16,DS19,100,-379.0448568868897
16,DS19,101,-370.0098008871354
16,DS19,102,-374.26389001808116
16,DS19,103,-372.9565432271095
16,DS19,104,-380.1655192623137
16,DS19,105,-373.6485450971172
16,DS19,106,-388.7071433861875
16,DS19,107,-390.0421939179652
16,DS19,108,-381.5948690895466
16,DS19,109,-375.9481856394589
16,DS19,110,-380.2083499733343
16,DS19,111,-381.54866246967777
16,DS19,112,-375.27234389600073
16,DS19,113,-384.0136479687118
16,DS19,114,-383.9287399775103
16,DS19,115,-372.09969497439147
16,DS19,116,-374.6744450501196
16,DS19,117,-374.27238479325024
16,DS19,118,-380.0812647328293
16,DS19,119,-379.92825232301067
16,DS19,120,-375.17190414122626
16,DS19,121,-378.10850277581807
16,DS19,122,-378.10744982454156
16,DS19,123,-376.57323402974066
16,DS19,124,-382.31642173056895
16,DS19,125,-383.2815013115616
16,DS19,126,-379.7808283376573
16,DS19,127,-382.0891786371888
16,DS19,128,-377.8122431735719
16,DS19,129,-375.01333852575044
16,DS19,130,-371.1576719613384
16,DS19,131,-376.27242042988706
16,DS19,132,-378.3434934544216
16,DS19,133,-379.56644591671056
16,DS19,134,-383.114321419979
16,DS19,135,-370.610010796106
16,DS19,136,-389.2354129297896
16,DS19,137,-381.127924089055
16,DS19,138,-385.0012794364766
16,DS19,139,-386.72968236505807
16,DS19,140,-382.2074463129789
16,DS19,141,-384.38209169228566
16,DS19,142,-380.75371490197506
16,DS19,143,-389.69149855769973
16,DS19,144,-373.32173694961136
16,DS19,145,-378.48102497316785
16,DS19,146,-365.7403170445434
16,DS19,147,-372.9370397677345
16,DS19,148,-375.1672150410926
16,DS19,149,-368.01462281697235
16,DS19,150,-369.4607614817536
16,DS19,151,-381.673410332459
16,DS19,152,-382.12497105078353
16,DS19,153,-386.0139778696078
16,DS19,154,-393.4549311902297
16,DS19,155,-383.55869193835144
16,DS19,156,-381.46026323122834
16,DS19,157,-367.6601533877327
16,DS19,158,-380.6184057877935
16,DS19,159,-382.2091068158613
16,DS19,160,-375.05630887812714
16,DS19,161,-370.5595723483245
16,DS19,162,-377.87360945858944
16,DS19,163,-374.97646493235226
16,DS19,164,-371.70907349645313
16,DS19,165,-370.37127602779753
16,DS19,166,-377.78204644853076
16,DS19,167,-382.23607471002566
16,DS19,168,-372.26352886512706
16,DS19,169,-379.8046024505951
16,DS19,170,-381.03542643521786
16,DS19,171,-384.672168662133
16,DS19,172,-372.0755720628219
16,DS19,173,-376.4307042517606
16,DS19,174,-375.2556256170122
16,DS19,175,-370.91636863888255
16,DS19,176,-378.9554042246084
16,DS19,177,-382.8253708932987
16,DS19,178,-370.41663864508365
16,DS19,179,-377.5949378700999
16,DS19,180,-369.5294039168614
16,DS19,181,-374.0044852963931
16,DS19,182,-384.6207689672101
16,DS19,183,-376.8879269172253
16,DS19,184,-376.78330452355743
16,DS19,185,-376.59419510157454
16,DS19,186,-391.02420033822796
16,DS19,187,-371.7802755655065
16,DS19,188,-385.3664931244011
16,DS19,189,-372.44505527530924
16,DS19,190,-379.37015846434934
16,DS19,191,-373.98376138886863
16,DS19,192,-363.6265595101429
16,DS19,193,-360.58642757498353
16,DS19,194,-380.0468520863788
16,DS19,195,-370.89881252967086
16,DS19,196,-390.49461322046744
16,DS19,197,-370.8423324037126
16,DS19,198,-369.1355885380631
16,DS19,199,-378.2763727692666
16,DS19,200,-391.27952345015274
16,DS19,201,-382.98323297716433
16,DS19,202,-368.2929321853214
16,DS19,203,-369.4742734925222
16,DS19,204,-379.5257383022491
16,DS19,205,-381.8460044724586
16,DS19,206,-378.5944882321062
16,DS19,207,-369.3829151075905
16,DS19,208,-382.85067601805804
16,DS19,209,-374.8713866151217
16,DS19,210,-374.56916836140283
16,DS19,211,-382.9200866566981
16,DS19,212,-381.1487500225862
16,DS19,213,-386.0299905469753
16,DS19,214,-371.4984624771399
16,DS19,215,-370.8267828329763
16,DS19,216,-375.8634830044713
16,DS19,217,-368.9788547290827
16,DS19,218,-383.17810854476625
16,DS19,219,-381.59697483734925
16,DS19,220,-371.2708372431277
16,DS19,221,-379.86389895370667
16,DS19,222,-366.42334389324003
16,DS19,223,-382.52525865707673
16,DS19,224,-373.24147083664747
16,DS19,225,-375.07861995299913
16,DS19,226,-378.18058417583836
16,DS19,227,-375.4743386021519
16,DS19,228,-382.56923042768994
16,DS19,229,-374.09609407171183
16,DS19,230,-372.68058807524096
16,DS19,231,-373.8866755871767
16,DS19,232,-375.5532030423358
16,DS19,233,-375.3922677963567
16,DS19,234,-375.04709568918327
16,DS19,235,-385.79690586922254
16,DS19,236,-376.57028620945835
16,DS19,237,-375.10844691181126
16,DS19,238,-370.6037691512514
16,DS19,239,-373.3355326994337
16,DS19,240,-370.5600910688199
16,DS19,241,-372.45662933756796
16,DS19,242,-370.28398376122135
16,DS19,243,-381.7391741020791
16,DS19,244,-374.3507275618815
16,DS19,245,-385.8389935459071
16,DS19,246,-367.2380038217926
16,DS19,247,-380.8829085153925
16,DS19,248,-378.69591472898907
16,DS19,249,-370.48097188623973
16,DS19,250,-383.5814601974032
16,DS19,251,-378.9695750362454
16,DS19,252,-376.56311270047814
16,DS19,253,-385.8457954694684
16,DS19,254,-373.47396089750794
16,DS19,255,-383.9052711446385
16,DS19,256,-376.9688527108687
16,DS19,257,-368.6724896404064
16,DS19,258,-372.27935097087857
16,DS19,259,-389.05522686367294
16,DS19,260,-374.1297194737309
16,DS19,261,-384.4512545206755
16,DS19,262,-386.73175973016265
16,DS19,263,-388.1762465067997
16,DS19,264,-380.5280000798069
16,DS19,265,-370.7956449272733
16,DS19,266,-374.07121849191134
16,DS19,267,-379.7196495693862
16,DS19,268,-379.43290744629024
16,DS19,269,-376.1065093880322
16,DS19,270,-373.26680807273044
16,DS19,271,-373.0037914866367
16,DS19,272,-363.9344528021755
16,DS19,273,-379.248296908281
16,DS19,274,-389.17211243004203
16,DS19,275,-387.99001757837806
16,DS19,276,-368.16577527666107
16,DS19,277,-373.625720015426
16,DS19,278,-376.6924881184769
16,DS19,279,-374.3929202274455
16,DS19,280,-376.2280939479978
16,DS19,281,-368.95262968947793
16,DS19,282,-383.5829863041696
16,DS19,283,-366.5415017687536
16,DS19,284,-394.4595306520341
16,DS19,285,-383.1684495298568
16,DS19,286,-384.25812942265026
16,DS19,287,-370.4638726472758
16,DS19,288,-378.5479998822429
16,DS19,289,-375.74156296937963
16,DS19,290,-372.9522444585675
16,DS19,291,-372.8155156214197
16,DS19,292,-383.4218900915667
16,DS19,293,-371.9583787162588
16,DS19,294,-382.7814832002145
16,DS19,295,-381.864449478968
16,DS19,296,-376.3430896859062
16,DS19,297,-390.8839526600066
16,DS19,298,-374.98096067998813
16,DS19,299,-372.2925772956986
16,CTDD21,0,-446.68049610441005
16,CTDD21,1,-435.67953323340623
16,CTDD21,2,-438.9923410952724
16,CTDD21,3,-408.05379434225415
16,CTDD21,4,-421.7885836997424
16,CTDD21,5,-422.4430209170139
16,CTDD21,6,-429.1658035505659
16,CTDD21,7,-445.2302273379967
16,CTDD21,8,-447.2037194158717
16,CTDD21,9,-408.7763475795339
16,CTDD21,10,-429.4584031424132
16,CTDD21,11,-410.4768800662618
16,CTDD21,12,-412.0157808076319
16,CTDD21,13,-448.691378006164
16,CTDD21,14,-430.9551892807649
16,CTDD21,15,-473.3159984044797
16,CTDD21,16,-408.29559396276875
16,CTDD21,17,-437.11506678598886
16,CTDD21,18,-434.20008832444006
16,CTDD21,19,-459.1261991888737
16,CTDD21,20,-429.43651512105174
16,CTDD21,21,-399.70572522745056
16,CTDD21,22,-431.74028642417795
16,CTDD21,23,-420.3905826402466
16,CTDD21,24,-443.8022475665186
16,CTDD21,25,-434.55989613225654
16,CTDD21,26,-417.5622833544024
16,CTDD21,27,-424.2216661393464
16,CTDD21,28,-446.5971960121256
16,CTDD21,29,-438.8948723711579
16,CTDD21,30,-434.990291592229
16,CTDD21,31,-424.78901163677506
16,CTDD21,32,-415.04938936999105
16,CTDD21,33,-418.8706445153538
16,CTDD21,34,-440.26978281644733
16,CTDD21,35,-419.3951392968687
16,CTDD21,36,-442.3782431382074
16,CTDD21,37,-427.1827647644929
16,CTDD21,38,-399.79460714247796
16,CTDD21,39,-423.12976360758057
16,CTDD21,40,-415.97803296220746
16,CTDD21,41,-413.78981341811937
16,CTDD21,42,-408.49178529152664
16,CTDD21,43,-428.54224483176046
16,CTDD21,44,-401.10028038187943
16,CTDD21,45,-419.5352189819812
16,CTDD21,46,-408.96004526281774
16,CTDD21,47,-400.43313430211293
16,CTDD21,48,-426.18250569989135
16,CTDD21,49,-437.8899534491943
16,CTDD21,50,-419.7380900144984
16,CTDD21,51,-431.88358002862867
16,CTDD21,52,-402.49911856159656
16,CTDD21,53,-412.1344236941343
16,CTDD21,54,-430.4145188195181
16,CTDD21,55,-414.1306750034455
16,CTDD21,56,-421.0935549794092
16,CTDD21,57,-427.8331118967074
16,CTDD21,58,-422.7888585059564
16,CTDD21,59,-444.4702096415367
16,CTDD21,60,-440.06721251705636
16,CTDD21,61,-406.06796054670343
16,CTDD21,62,-432.8430110199187
16,CTDD21,63,-429.03613596178093
16,CTDD21,64,-431.5961606746571
16,CTDD21,65,-412.66375045761947
16,CTDD21,66,-438.0610883012579
16,CTDD21,67,-402.0125894167327
16,CTDD21,68,-414.10050478615176
16,CTDD21,69,-422.70875027984357
16,CTDD21,70,-399.20135271944633
16,CTDD21,71,-429.9649156383152
16,CTDD21,72,-424.8116134517955
16,CTDD21,73,-437.8885855349452
16,CTDD21,74,-420.25903799915073
16,CTDD21,75,-414.0373897012337
16,CTDD21,76,-419.3144397663365
16,CTDD21,77,-423.8947989709076
16,CTDD21,78,-447.77342997117336
16,CTDD21,79,-412.32695344217433
16,CTDD21,80,-419.6991144531903
16,CTDD21,81,-411.46638841487487
16,CTDD21,82,-425.03398926228743
16,CTDD21,83,-406.8384014157898
16,CTDD21,84,-420.61703511413776
16,CTDD21,85,-421.9897158343865
16,CTDD21,86,-428.0426331756653
16,CTDD21,87,-412.56878002157674
16,CTDD21,88,-442.0167370378438
16,CTDD21,89,-417.26630895324655
16,CTDD21,90,-403.01065869365993
16,CTDD21,91,-397.9423432142109
16,CTDD21,92,-415.1342748006633
16,CTDD21,93,-402.1337964340672
16,CTDD21,94,-419.4947751024315
16,CTDD21,95,-453.0494043067229
16,CTDD21,96,-453.0042354121352
16,CTDD21,97,-433.1880069268477
16,CTDD21,98,-410.34121757951704
16,CTDD21,99,-441.4667428743119
16,CTDD21,100,-409.12819778274206
16,CTDD21,101,-421.5246738755495
16,CTDD21,102,-415.05796620562774
16,CTDD21,103,-430.32755735794603
16,CTDD21,104,-447.54974018164586
16,CTDD21,105,-405.54718232733984
16,CTDD21,106,-437.91925812002336
16,CTDD21,107,-427.93087885372256
16,CTDD21,108,-438.6269456008108
16,CTDD21,109,-423.7536829858707
16,CTDD21,110,-440.5629272272861
16,CTDD21,111,-414.27666586333527
16,CTDD21,112,-427.0241683557427
16,CTDD21,113,-424.3244572897118
16,CTDD21,114,-406.89701861879746
16,CTDD21,115,-426.9053798533724
16,CTDD21,116,-391.57806182293126
16,CTDD21,117,-426.43836175379124
16,CTDD21,118,-434.9739463842057
16,CTDD21,119,-423.7409870430154
16,CTDD21,120,-409.50177429734345
16,CTDD21,121,-414.63762243972633
16,CTDD21,122,-421.44029239214404
16,CTDD21,123,-432.97346212968654
16,CTDD21,124,-416.7363258383511
16,CTDD21,125,-448.8566671131299
16,CTDD21,126,-427.53150600392405
16,CTDD21,127,-438.96193068941943
16,CTDD21,128,-445.5501327313326
16,CTDD21,129,-421.78344646463864
16,CTDD21,130,-414.0673424331741
16,CTDD21,131,-398.9714455847918
16,CTDD21,132,-410.3507438823653
16,CTDD21,133,-416.15937011796984
16,CTDD21,134,-409.2090096468046
16,CTDD21,135,-415.1455647074564
16,CTDD21,136,-438.81506468304997
16,CTDD21,137,-449.0699035598333
16,CTDD21,138,-427.7413983328712
16,CTDD21,139,-446.22183456554296
16,CTDD21,140,-423.10535126116804
16,CTDD21,141,-419.15869998731375
16,CTDD21,142,-425.46316237686233
16,CTDD21,143,-434.7963294148135
16,CTDD21,144,-428.07470543885773
16,CTDD21,145,-414.89430172971714
16,CTDD21,146,-425.07073839784846
16,CTDD21,147,-437.7856301014689
16,CTDD21,148,-418.02942308485615
16,CTDD21,149,-436.8235517010211
16,CTDD21,150,-408.97408546449293
16,CTDD21,151,-428.0491923288953
16,CTDD21,152,-411.72755102066634
16,CTDD21,153,-438.21028049195104
16,CTDD21,154,-434.72149069780494
16,CTDD21,155,-411.7654351364637
16,CTDD21,156,-420.38352265618437
16,CTDD21,157,-401.2306705385559
16,CTDD21,158,-428.9283728435613
16,CTDD21,159,-404.7010495430459
16,CTDD21,160,-437.5671401892018
16,CTDD21,161,-420.4949985281158
16,CTDD21,162,-427.8501925576221
16,CTDD21,163,-403.2191732660266
16,CTDD21,164,-454.75747202740376
16,CTDD21,165,-454.2045382050618
16,CTDD21,166,-424.28946830583703
16,CTDD21,167,-429.7952400919128
16,CTDD21,168,-438.3755799757215
16,CTDD21,169,-442.4452451742537
16,CTDD21,170,-412.06786472098617
16,CTDD21,171,-409.3511104872771
16,CTDD21,172,-447.2581975236809
16,CTDD21,173,-441.35793093412667
16,CTDD21,174,-419.93432828449795
16,CTDD21,175,-432.9639349178337
16,CTDD21,176,-396.3248659255936
16,CTDD21,177,-400.33051996876014
16,CTDD21,178,-417.3943233982984
16,CTDD21,179,-405.3687014732237
16,CTDD21,180,-451.538242604248
16,CTDD21,181,-413.5381390982594
16,CTDD21,182,-433.7603511767734
16,CTDD21,183,-426.6968263399304
16,CTDD21,184,-420.5601032547652
16,CTDD21,185,-424.5004517651139
16,CTDD21,186,-410.5991673440126
16,CTDD21,187,-391.01651681580927
16,CTDD21,188,-405.7205099495068
16,CTDD21,189,-424.27845345781066
16,CTDD21,190,-424.99538639168276
16,CTDD21,191,-434.56355389185757
16,CTDD21,192,-433.7828141289952
16,CTDD21,193,-409.0930312158994
16,CTDD21,194,-429.0207893522641
16,CTDD21,195,-436.96339644066296
16,CTDD21,196,-414.7470907515364
16,CTDD21,197,-446.812821296927
16,CTDD21,198,-439.13279973578017
16,CTDD21,199,-416.57742751480123
16,CTDD21,200,-448.15485229947916
16,CTDD21,201,-454.6253783837558
16,CTDD21,202,-415.51152135298526
16,CTDD21,203,-433.82178122360364
16,CTDD21,204,-446.1853938888311
16,CTDD21,205,-426.5759019900789
16,CTDD21,206,-411.31352863583993
16,CTDD21,207,-401.93080393025235
16,CTDD21,208,-416.0465177335118
16,CTDD21,209,-412.61687633074894
16,CTDD21,210,-439.3779409993148
16,CTDD21,211,-410.66605630572644
16,CTDD21,212,-409.42907378003355
16,CTDD21,213,-427.1697554586558
16,CTDD21,214,-424.14539143156026
16,CTDD21,215,-406.2020635321265
16,CTDD21,216,-404.0144751994046
16,CTDD21,217,-426.899948857689
16,CTDD21,218,-406.89423237595804
16,CTDD21,219,-419.0532144463491
16,CTDD21,220,-414.2901401551185
16,CTDD21,221,-416.17303442625257
16,CTDD21,222,-424.0846528783147
16,CTDD21,223,-415.47044666981367
16,CTDD21,224,-440.7624540859461
16,CTDD21,225,-427.03900226420683
16,CTDD21,226,-464.35389679584443
16,CTDD21,227,-428.03960539240575
16,CTDD21,228,-449.6551004322982
16,CTDD21,229,-434.56149932349877
16,CTDD21,230,-413.54363048884983
16,CTDD21,231,-420.9572581151718
16,CTDD21,232,-427.30371082009816
16,CTDD21,233,-430.5658147670377
16,CTDD21,234,-425.649378611075
16,CTDD21,235,-411.98148269580713
16,CTDD21,236,-403.2719241901377
16,CTDD21,237,-418.10857241957143
16,CTDD21,238,-415.6403011817913
16,CTDD21,239,-429.7871608350428
16,CTDD21,240,-427.1444903336432
16,CTDD21,241,-393.93286914355053
16,CTDD21,242,-412.2533120579326
16,CTDD21,243,-432.06716868290374
16,CTDD21,244,-428.2537666804204
16,CTDD21,245,-390.9252206032761
16,CTDD21,246,-389.1201390264596
16,CTDD21,247,-456.33595499204404
16,CTDD21,248,-424.74648960275863
16,CTDD21,249,-428.76717311716953
16,CTDD21,250,-420.45669490479895
16,CTDD21,251,-406.6919986775162
16,CTDD21,252,-411.60644173846197
16,CTDD21,253,-414.66159668948404
16,CTDD21,254,-426.7049776862183
16,CTDD21,255,-397.8334660699095
16,CTDD21,256,-429.2584001474321
16,CTDD21,257,-432.6214483757301
16,CTDD21,258,-440.1213233340009
16,CTDD21,259,-392.53362330797717
16,CTDD21,260,-422.8683570579925
16,CTDD21,261,-421.2299037160285
16,CTDD21,262,-421.8581529147567
16,CTDD21,263,-439.8489264609674
16,CTDD21,264,-424.43272273670857
16,CTDD21,265,-411.4057741767999
16,CTDD21,266,-411.1891690363651
16,CTDD21,267,-404.2233922936488
16,CTDD21,268,-430.54072898654346
16,CTDD21,269,-433.2383657872158
16,CTDD21,270,-410.13159461574946
16,CTDD21,271,-415.81205058122663
16,CTDD21,272,-409.2818772707873
16,CTDD21,273,-398.7746120894546
16,CTDD21,274,-414.59642930175215
16,CTDD21,275,-404.9066397169279
16,CTDD21,276,-421.191436703862
16,CTDD21,277,-440.8293602494462
16,CTDD21,278,-435.5490276504819
16,CTDD21,279,-437.7529464290426
16,CTDD21,280,-433.6873806677091
16,CTDD21,281,-400.676834380066
16,CTDD21,282,-441.4870896309526
16,CTDD21,283,-413.7840947060455
16,CTDD21,284,-421.6600747414271
16,CTDD21,285,-430.6541364513362
16,CTDD21,286,-415.604170930684
16,CTDD21,287,-426.0564892994822
16,CTDD21,288,-417.5693204321906
16,CTDD21,289,-414.89940739665644
16,CTDD21,290,-418.3886004114779
16,CTDD21,291,-448.4070830579301
16,CTDD21,292,-426.157605630091
16,CTDD21,293,-416.6841124141813
16,CTDD21,294,-425.65938107574954
16,CTDD21,295,-421.4020795942031
16,CTDD21,296,-416.96778686449596
16,CTDD21,297,-420.8511860338611
16,CTDD21,298,-414.14471180271903
16,CTDD21,299,-407.15833933149247
17,IF2,0,-407.0078345962257
17,IF2,1,-383.40218952884214
17,IF2,2,-366.024738055952
17,IF2,3,-365.4680106090169
17,IF2,4,-372.93168327345035
17,IF2,5,-370.81087938684936
17,IF2,6,-368.2673375834043
17,IF2,7,-367.43667534911924
17,IF2,8,-367.5467192942575
17,IF2,9,-371.320097585711
17,IF2,10,-369.946964537151
17,IF2,11,-369.83851698417783
17,IF2,12,-364.68695644186295
17,IF2,13,-364.88210626882307
17,IF2,14,-367.68682952149965
17,IF2,15,-365.7338240142957
17,IF2,16,-368.9658622209689
17,IF2,17,-369.8040841039184
17,IF2,18,-367.7211857985574
17,IF2,19,-366.80456531437767
17,IF2,20,-361.994050709161
17,IF2,21,-367.50118041759526
17,IF2,22,-364.1388095873945
17,IF2,23,-368.7134927285113
17,IF2,24,-370.9112043305787
17,IF2,25,-370.0145095014575
17,IF2,26,-367.6123363076321
17,IF2,27,-369.5280451097675
17,IF2,28,-363.65309084374013
17,IF2,29,-366.5673146577255
17,IF2,30,-365.964908776416
17,IF2,31,-362.92881676924225
17,IF2,32,-366.8908341621991
17,IF2,33,-366.0995267216278
17,IF2,34,-360.1892631005796
17,IF2,35,-369.3924596319853
17,IF2,36,-359.767024505425
17,IF2,37,-378.7739079796535
17,IF2,38,-370.45115747914576
17,IF2,39,-374.09418516502365
17,IF2,40,-371.64653895598934
17,IF2,41,-365.2180756644341
17,IF2,42,-364.5739083317561
17,IF2,43,-365.92553007661854
17,IF2,44,-357.48161275573955
17,IF2,45,-363.9970648663032
17,IF2,46,-365.0975098122204
17,IF2,47,-367.86239139563406
17,IF2,48,-364.8446364140356
17,IF2,49,-368.5935671785893
17,IF2,50,-365.8936857939078
17,IF2,51,-367.65073951106706
17,IF2,52,-373.50407233090954
17,IF2,53,-370.50469623626816
17,IF2,54,-369.013774910242
17,IF2,55,-367.7684941245438
17,IF2,56,-363.7324954311105
17,IF2,57,-367.7858971334605
17,IF2,58,-372.89507773935475
17,IF2,59,-370.7637316198499
17,IF2,60,-370.21793905723536
17,IF2,61,-369.7355244869958
17,IF2,62,-367.3079873290756
17,IF2,63,-371.075925166872
17,IF2,64,-366.54655515436843
17,IF2,65,-366.4197755435264
17,IF2,66,-367.49883942856195
17,IF2,67,-369.9915854925572
17,IF2,68,-369.20598974482937
17,IF2,69,-368.77487876365507
17,IF2,70,-370.2175841557291
17,IF2,71,-374.7942443223068
17,IF2,72,-369.2208728387443
17,IF2,73,-369.711467905323
17,IF2,74,-370.43053450199994
17,IF2,75,-367.6593812673129
17,IF2,76,-368.6906457014772
17,IF2,77,-367.2752987608205
17,IF2,78,-365.39343944396416
17,IF2,79,-366.72786443375264
17,IF2,80,-368.2034128974591
17,IF2,81,-369.63748826592087
17,IF2,82,-370.5757435556517
17,IF2,83,-368.46687685767256
17,IF2,84,-362.3453713103491
17,IF2,85,-364.2163941133631
17,IF2,86,-363.7570414358702
17,IF2,87,-367.92095488037114
17,IF2,88,-358.227050269236
17,IF2,89,-367.37710477125495
17,IF2,90,-365.1480292827672
17,IF2,91,-368.70833313168305
17,IF2,92,-364.67859170004795
17,IF2,93,-363.89747925257046
17,IF2,94,-369.6625124428793
17,IF2,95,-364.8046372958927
17,IF2,96,-363.4450775700804
17,IF2,97,-368.83030478589455
17,IF2,98,-361.61099479171133
17,IF2,99,-367.69884984382026
17,IF2,100,-360.7099732530766
17,IF2,101,-361.4936833862186
17,IF2,102,-361.9890237048672
17,IF2,103,-360.4773679935431
17,IF2,104,-365.8122502598657
17,IF2,105,-373.0124963763287
17,IF2,106,-373.8239783041505
17,IF2,107,-369.3358732263519
17,IF2,108,-373.4119368395218
17,IF2,109,-373.9146852341017
17,IF2,110,-367.7384219680768
17,IF2,111,-374.3706736570997
17,IF2,112,-373.8534415022231
17,IF2,113,-370.72526963870956
17,IF2,114,-367.2017780252691
17,IF2,115,-368.6608338092727
17,IF2,116,-371.83984476725516
17,IF2,117,-377.43226787526226
17,IF2,118,-370.6874408901115
17,IF2,119,-379.341984885
17,IF2,120,-374.1029546603597
17,IF2,121,-371.5995031284604
17,IF2,122,-377.4217892516906
17,IF2,123,-372.7905880369051
17,IF2,124,-374.5930795508019
17,IF2,125,-376.77164042675133
17,IF2,126,-378.4797441500842
17,IF2,127,-372.85408379951684
17,IF2,128,-371.5579216450915
17,IF2,129,-368.6375419364267
17,IF2,130,-370.17166631066044
17,IF2,131,-364.9967661538296
17,IF2,132,-368.23895906957966
17,IF2,133,-373.71594452310114
17,IF2,134,-361.3624198049247
17,IF2,135,-367.85362842023983
17,IF2,136,-362.84658125648497
17,IF2,137,-365.6061661333377
17,IF2,138,-364.8159264017838
17,IF2,139,-365.50750599073655
17,IF2,140,-360.4080798880775
17,IF2,141,-365.4579924370729
17,IF2,142,-365.3628471457402
17,IF2,143,-365.07353478127266
17,IF2,144,-361.76530372110767
17,IF2,145,-368.5338683173428
17,IF2,146,-367.2843924330489
17,IF2,147,-364.3023115165936
17,IF2,148,-365.80671833765746
17,IF2,149,-363.71903363810276
17,IF2,150,-367.495198481249
17,IF2,151,-367.0100722242417
17,IF2,152,-367.80733330670915
17,IF2,153,-370.1210961534728
17,IF2,154,-371.9819889352618
17,IF2,155,-372.1046107533783
17,IF2,156,-370.2831577721861
17,IF2,157,-371.4503173186087
17,IF2,158,-366.14268508535935
17,IF2,159,-368.54403982744674
17,IF2,160,-368.1192749131608
17,IF2,161,-366.8334106997845
17,IF2,162,-368.13031146171465
17,IF2,163,-363.7039070621868
17,IF2,164,-367.98810784509834
17,IF2,165,-363.5756606507076
17,IF2,166,-369.9822353143486
17,IF2,167,-367.30656903879134
17,IF2,168,-366.86218341171934
17,IF2,169,-375.7212882823075
17,IF2,170,-364.2458252257282
17,IF2,171,-364.27049385916905
17,IF2,172,-371.04471430234264
17,IF2,173,-368.3148394187919
17,IF2,174,-367.9693316404945
17,IF2,175,-369.61623979016156
17,IF2,176,-374.0021628439022
17,IF2,177,-369.32036920205434
17,IF2,178,-369.7247027133374
17,IF2,179,-367.3089581461264
17,IF2,180,-372.379943799447
17,IF2,181,-374.2230273136504
17,IF2,182,-369.660168001955
17,IF2,183,-375.39252179081876
17,IF2,184,-373.4503134616513
17,IF2,185,-373.7686841342333
17,IF2,186,-369.5438885987032
17,IF2,187,-373.78247281472596
17,IF2,188,-373.2138034828358
17,IF2,189,-369.12252466439435
17,IF2,190,-369.9470421037993
17,IF2,191,-373.9044436479559
17,IF2,192,-373.8289496074663
17,IF2,193,-368.1873673665106
17,IF2,194,-370.9349709266103
17,IF2,195,-370.56218766535466
17,IF2,196,-369.9869283593027
17,IF2,197,-370.32424935749464
17,IF2,198,-372.76773910053487
17,IF2,199,-370.9226540751641
17,IF2,200,-367.1240050845888
17,IF2,201,-362.07223285857316
17,IF2,202,-365.6247022639984
17,IF2,203,-368.1155878526389
17,IF2,204,-366.3819844296171
17,IF2,205,-366.3058726678747
17,IF2,206,-368.420835348985
17,IF2,207,-369.35838975607254
17,IF2,208,-370.9644757144227
17,IF2,209,-364.1561272921147
17,IF2,210,-368.2073468433087
17,IF2,211,-372.19840613374885
17,IF2,212,-364.3567012292611
17,IF2,213,-372.8333176161846
17,IF2,214,-367.7187785766087
17,IF2,215,-368.6060397310003
17,IF2,216,-363.66614479438226
17,IF2,217,-366.8812390419055
17,IF2,218,-363.5999032187096
17,IF2,219,-366.04707211006047
17,IF2,220,-370.89884801473
17,IF2,221,-371.93904948932635
17,IF2,222,-369.0510545435638
17,IF2,223,-370.6163654487877
17,IF2,224,-371.8243253618512
17,IF2,225,-371.13006803467033
17,IF2,226,-367.02834239817577
17,IF2,227,-368.4706258750862
17,IF2,228,-373.85580772701826
17,IF2,229,-371.18002654928574
17,IF2,230,-369.4643036700955
17,IF2,231,-371.0938963965906
17,IF2,232,-377.8506008835363
17,IF2,233,-375.0539637071626
17,IF2,234,-370.3143715240242
17,IF2,235,-369.7821445301317
17,IF2,236,-371.144174808754
17,IF2,237,-368.486476299649
17,IF2,238,-368.4276261251627
17,IF2,239,-365.2034046096961
17,IF2,240,-365.6961610644337
17,IF2,241,-370.2491765445796
17,IF2,242,-365.9530299869555
17,IF2,243,-368.4806186796658
17,IF2,244,-367.50007248897396
17,IF2,245,-370.3370575273355
17,IF2,246,-370.7660535693384
17,IF2,247,-367.9994642947765
17,IF2,248,-363.7396265701383
17,IF2,249,-369.7866809927882
17,IF2,250,-367.7401513882201
17,IF2,251,-369.3750043500208
17,IF2,252,-367.48674262255156
17,IF2,253,-374.19968384828707
17,IF2,254,-367.0461874195739
17,IF2,255,-372.50582677866487
17,IF2,256,-369.5495608917769
17,IF2,257,-369.5582213776714
17,IF2,258,-366.42799604159774
17,IF2,259,-368.1448045512217
17,IF2,260,-366.2230772858612
17,IF2,261,-364.8806660431328
17,IF2,262,-364.1993139461258
17,IF2,263,-367.02278829705915
17,IF2,264,-361.9560671417898
17,IF2,265,-368.421596771998
17,IF2,266,-369.71381630920877
17,IF2,267,-371.4461141307626
17,IF2,268,-370.9355992391046
17,IF2,269,-366.0676721237076
17,IF2,270,-371.43818179505064
17,IF2,271,-366.1365081266934
17,IF2,272,-365.0025378284414
17,IF2,273,-366.32006109735687
17,IF2,274,-365.232526265318
17,IF2,275,-367.18667859585446
17,IF2,276,-369.5823188385404
17,IF2,277,-368.39050789505285
17,IF2,278,-370.1105683069892
17,IF2,279,-367.5897078068563
17,IF2,280,-365.74014862056845
17,IF2,281,-370.93516395559914
17,IF2,282,-366.7611804534341
17,IF2,283,-374.52537000941777
17,IF2,284,-372.0829531789703
17,IF2,285,-369.1310023448405
17,IF2,286,-371.7142996241255
17,IF2,287,-368.0885131893902
17,IF2,288,-373.4287898336304
17,IF2,289,-367.005719779634
17,IF2,290,-366.58214785207963
17,IF2,291,-363.0771926464173
17,IF2,292,-362.0788039754268
17,IF2,293,-364.36534267849254
17,IF2,294,-365.2089298255809
17,IF2,295,-364.95045451479103
17,IF2,296,-367.8836983831002
17,IF2,297,-363.83186622779283
17,IF2,298,-363.13835888213583
17,IF2,299,-367.1671590802551
17,IF2,300,-365.8908961955901
17,IF2,301,-364.8143063595384
17,IF2,302,-363.05600479199563
17,IF2,303,-364.3454597802114
17,IF2,304,-362.836572774991
17,IF2,305,-367.4300746031241
17,IF2,306,-371.36793902112817
17,IF2,307,-369.75905488905033
17,IF2,308,-364.6348271481582
17,IF2,309,-367.47989927590254
17,IF2,310,-366.63830048825093
17,IF2,311,-367.90139957441716
17,IF2,312,-369.76155944737616
17,IF2,313,-365.25408439894056
17,IF2,314,-365.69841557316226
17,IF2,315,-366.95521683510066
17,IF2,316,-366.52987406548266
17,IF2,317,-365.879876565782
17,IF2,318,-366.85905721023454
17,IF2,319,-371.3046488155478
17,IF2,320,-365.78784256384483
17,IF2,321,-365.92341999929107
17,IF2,322,-367.74681671125495
17,IF2,323,-362.6217292256607
17,IF2,324,-366.4972681950872
17,IF2,325,-364.5858179002994
17,IF2,326,-363.79609826088966
17,IF2,327,-370.43111401100475
17,IF2,328,-370.74081673739107
17,IF2,329,-371.9884500954092
17,IF2,330,-367.75954659158475
17,IF2,331,-367.8117783088695
17,IF2,332,-362.81787315283435
17,IF2,333,-367.097044520167
17,IF2,334,-366.57340544629426
17,IF2,335,-371.5788237134367
17,IF2,336,-363.47584460751
17,IF2,337,-366.64911299904077
17,IF2,338,-368.34813072510156
17,IF2,339,-365.3745837041464
17,IF2,340,-371.3961882346676
17,IF2,341,-369.7379617846075
17,IF2,342,-365.45608384445734
17,IF2,343,-363.3298513293736
17,IF2,344,-365.46323531150455
17,IF2,345,-362.32223221029227
17,IF2,346,-367.05489033774654
17,IF2,347,-368.92773639014337
17,IF2,348,-369.16866178604846
17,IF2,349,-360.2108991142442
17,IF2,350,-365.09839367780063
17,IF2,351,-366.2657477429667
17,IF2,352,-365.2572077611316
17,IF2,353,-364.5349018506483
17,IF2,354,-366.9986500112343
17,IF2,355,-362.33391611929136
17,IF2,356,-370.27250604235445
17,IF2,357,-359.8431294527857
17,IF2,358,-363.32275542371644
17,IF2,359,-364.6962661209496
17,IF2,360,-370.75043428932594
17,IF2,361,-367.5436550216798
17,IF2,362,-364.14163798834534
17,IF2,363,-368.543717643334
17,IF2,364,-364.866753781958
17,IF2,365,-365.74441223899254
17,IF2,366,-373.0089107743221
17,IF2,367,-367.23775077390684
17,IF2,368,-364.4461584219849
17,IF2,369,-368.9938297141261
17,IF2,370,-364.35500172380074
17,IF2,371,-367.63436872737384
17,IF2,372,-365.43195154886916
17,IF2,373,-368.96639849404085
17,IF2,374,-372.39439851709875
17,IF2,375,-364.27337044316477
17,IF2,376,-365.7232610480074
17,IF2,377,-364.2891591764261
17,IF2,378,-366.037747802323
17,IF2,379,-363.5519574372212
17,IF2,380,-367.3425583185484
17,IF2,381,-367.46961460658736
17,IF2,382,-366.56612967638426
17,IF2,383,-367.3392823777496
17,IF2,384,-363.65252792974997
17,IF2,385,-362.8898411054766
17,IF2,386,-367.98972321002816
17,IF2,387,-369.237296112776
17,IF2,388,-362.36849310461724
17,IF2,389,-365.49442639816243
17,IF2,390,-364.9079737698777
17,IF2,391,-365.51299500247757
17,IF2,392,-368.3850068465965
17,IF2,393,-360.47871292426487
17,IF2,394,-369.8465409349305
17,IF2,395,-366.45226063759793
17,IF2,396,-363.7483087882126
17,IF2,397,-369.90450945969303
17,IF2,398,-364.1988079950752
17,IF2,399,-363.278029653341
17,IF2,400,-366.36642760961377
17,IF2,401,-367.8898780064379
17,IF2,402,-364.0729240787745
17,IF2,403,-367.88999876346696
17,IF2,404,-363.40953123802785
17,IF2,405,-367.03185954779264
17,IF2,406,-371.31046424224394
17,IF2,407,-365.9740111619311
17,IF2,408,-363.810192779451
17,IF2,409,-368.9317327316415
17,IF2,410,-363.41953179482374
17,IF2,411,-363.9625485526075
17,IF2,412,-361.96466420488395
17,IF2,413,-368.60924682383137
17,IF2,414,-363.30887547478596
17,IF2,415,-368.40027709863443
17,IF2,416,-367.35589914521074
17,IF2,417,-366.26342089415573
17,IF2,418,-364.8178430220334
17,IF2,419,-367.8379003691446
17,IF2,420,-366.57003206790074
17,IF2,421,-364.62488106927793
17,IF2,422,-364.5255657915997
17,IF2,423,-366.9000986269883
17,IF2,424,-364.4639473751667
17,IF2,425,-366.73686479484576
17,IF2,426,-364.765902710813
17,IF2,427,-364.6930608451388
17,IF2,428,-363.6426404808247
17,IF2,429,-366.45487097146844
17,IF2,430,-365.6947088090781
17,IF2,431,-366.07040600351564
17,IF2,432,-370.7789895637474
17,IF2,433,-366.8553907450225
17,IF2,434,-366.61606474210043
17,IF2,435,-369.4960645592354
17,IF2,436,-365.880218271252
17,IF2,437,-363.62077225883746
17,IF2,438,-364.58670538421893
17,IF2,439,-364.96631622865385
17,IF2,440,-366.8995690348868
17,IF2,441,-369.9147015023448
17,IF2,442,-363.21622183097935
17,IF2,443,-365.20102831339386
17,IF2,444,-363.4661142087853
17,IF2,445,-366.23624512533985
17,IF2,446,-365.2759878427806
17,IF2,447,-367.62023347626996
17,IF2,448,-368.36860258089627
17,IF2,449,-365.0045050692237
17,IF2,450,-365.28480670209836
17,IF2,451,-365.1424028522664
17,IF2,452,-368.7335575755897
17,IF2,453,-365.9619742521684
17,IF2,454,-369.01161630408194
17,IF2,455,-364.44052381582384
17,IF2,456,-367.56163353497476
17,IF2,457,-367.7815377895309
17,IF2,458,-367.9701545509496
17,IF2,459,-368.0265637488453
17,IF2,460,-363.35756378650603
17,IF2,461,-367.2444436630216
17,IF2,462,-365.0015837357936
17,IF2,463,-367.1021451998072
17,IF2,464,-365.8256500842131
17,IF2,465,-369.7443932710222
17,IF2,466,-360.35433734696863
17,IF2,467,-365.4350064864994
17,IF2,468,-366.02930736519454
17,IF2,469,-363.5853551581627
17,IF2,470,-362.2053807474795
17,IF2,471,-368.692551662407
17,IF2,472,-367.41878515511036
17,IF2,473,-364.0233943422419
17,IF2,474,-366.78901844545595
17,IF2,475,-365.2088024656691
17,IF2,476,-371.64219560137485
17,IF2,477,-359.85609237348604
17,IF2,478,-368.7416123733254
17,IF2,479,-368.0131933698692
17,IF2,480,-367.4141001328453
17,IF2,481,-363.51707797999836
17,IF2,482,-366.74539804197934
17,IF2,483,-367.2050353057455
17,IF2,484,-365.53114244239606
17,IF2,485,-363.97558546426995
17,IF2,486,-365.4840449789157
17,IF2,487,-365.79915160850385
17,IF2,488,-366.85880172298596
17,IF2,489,-368.7194847579696
17,IF2,490,-367.03429079516843
17,IF2,491,-366.31425321144786
17,IF2,492,-365.0565615276394
17,IF2,493,-362.93978353444976
17,IF2,494,-363.8978999901829
17,IF2,495,-363.4921887710022
17,IF2,496,-361.2516206730169
17,IF2,497,-363.5032616767132
17,IF2,498,-368.73479028486105
17,IF2,499,-363.23960813605044
17,IF2,500,-364.3474750814565
17,IF2,501,-366.8831913637328
17,IF2,502,-362.7036599256353
17,IF2,503,-367.0358330451458
17,IF2,504,-367.5324326602383
17,IF2,505,-365.478109946349
17,IF2,506,-369.3481820534762
17,IF2,507,-368.39124658721204
17,IF2,508,-360.4417338594218
17,IF2,509,-363.58603301470976
17,IF2,510,-366.5000730027464
17,IF2,511,-365.30635634108955
17,IF2,512,-364.13964209177135
17,IF2,513,-365.98953567565036
17,IF2,514,-366.48477233849707
17,IF2,515,-366.4484144506204
17,IF2,516,-368.52782078379954
17,IF2,517,-364.82630579996186
17,IF2,518,-364.68494607614593
17,IF2,519,-365.44396327375006
17,IF2,520,-368.6936114727029
17,IF2,521,-368.15410926933816
17,IF2,522,-362.18403734853604
17,IF2,523,-363.6884078379885
17,IF2,524,-369.3578418203291
17,IF2,525,-361.32563000714345
17,IF2,526,-365.3170402346009
17,IF2,527,-364.24010131366623
17,IF2,528,-369.03244966735116
17,IF2,529,-368.12006284922495
17,IF2,530,-366.06987327371326
17,IF2,531,-365.29369373825483
17,IF2,532,-365.2093405374571
17,IF2,533,-366.4364908222724
17,IF2,534,-367.05555682951444
17,IF2,535,-365.8856770402234
17,IF2,536,-371.25538612473173
17,IF2,537,-362.9262899771534
17,IF2,538,-366.00073917442035
17,IF2,539,-360.4196935401084
17,IF2,540,-362.3082580740737
17,IF2,541,-371.72060979068135
17,IF2,542,-368.4328144485611
17,IF2,543,-365.4814261476754
17,IF2,544,-362.29324748848563
17,IF2,545,-365.3539657941746
17,IF2,546,-367.4685507846455
17,IF2,547,-367.6273152695381
17,IF2,548,-362.0346972696804
17,IF2,549,-364.0089183847518
17,IF2,550,-365.20136804722705
17,IF2,551,-366.1128835894932
17,IF2,552,-365.27917901492094
17,IF2,553,-364.7919557843338
17,IF2,554,-364.01820091033073
17,IF2,555,-366.8545365039284
17,IF2,556,-365.7277709068093
17,IF2,557,-365.17754125692767
17,IF2,558,-364.27634033459566
17,IF2,559,-361.51077715633255
17,IF2,560,-367.2147807357524
17,IF2,561,-364.6930395484651
17,IF2,562,-365.1814087131269
17,IF2,563,-366.3507466114022
17,IF2,564,-361.89391537441725
17,IF2,565,-368.59855001522845
17,IF2,566,-366.0821231747037
17,IF2,567,-367.99240163390346
17,IF2,568,-365.32169667969936
17,IF2,569,-363.0332523539502
17,IF2,570,-368.8069154981963
17,IF2,571,-367.17283511447255
17,IF2,572,-364.9038087383474
17,IF2,573,-368.4663907387235
17,IF2,574,-368.3103084030218
17,IF2,575,-364.74720809934325
17,IF2,576,-364.0596637673719
17,IF2,577,-366.43709604571063
17,IF2,578,-366.4785289695145
17,IF2,579,-361.99013344401595
17,IF2,580,-367.5440958098158
17,IF2,581,-362.89128056883186
17,IF2,582,-367.5547291689894
17,IF2,583,-363.6852435337615
17,IF2,584,-369.84899619082256
17,IF2,585,-365.9912641177931
17,IF2,586,-362.73631921671483
17,IF2,587,-366.1951745943542
17,IF2,588,-367.9132791345561
17,IF2,589,-365.9451155233576
17,IF2,590,-367.66081575795477
17,IF2,591,-365.7187899206964
17,IF2,592,-365.5278648288389
17,IF2,593,-366.2566686776066
17,IF2,594,-364.69497713969054
17,IF2,595,-365.48087425204665
17,IF2,596,-376.09330636534526
17,IF2,597,-363.7426492243281
17,IF2,598,-361.9394067931939
17,IF2,599,-365.5473700884345
17,IFAD,0,-397.14221762592547
17,IFAD,1,-375.84845581901413
17,IFAD,2,-380.0557589829411
17,IFAD,3,-366.0397801099925
17,IFAD,4,-369.32500859351245
17,IFAD,5,-367.84758375618406
17,IFAD,6,-369.8177548009965
17,IFAD,7,-372.03643132656237
17,IFAD,8,-367.39892905599413
17,IFAD,9,-365.2444557400448
17,IFAD,10,-369.3830021778943
17,IFAD,11,-365.90534358318985
17,IFAD,12,-366.0022318437713
17,IFAD,13,-369.5920672108847
17,IFAD,14,-381.781188125322
17,IFAD,15,-362.935955506994
17,IFAD,16,-362.0467806728203
17,IFAD,17,-364.1993938264779
17,IFAD,18,-374.46086200592384
17,IFAD,19,-367.70801249940695
17,IFAD,20,-367.8905920023931
17,IFAD,21,-365.8490151679794
17,IFAD,22,-368.65761440409307
17,IFAD,23,-367.5917031659174
17,IFAD,24,-368.18090872701333
17,IFAD,25,-357.66378766792815
17,IFAD,26,-361.4553041880927
17,IFAD,27,-364.13780515319985
17,IFAD,28,-366.33323324889665
17,IFAD,29,-365.0163259032612
17,IFAD,30,-369.79454375350633
17,IFAD,31,-369.71911110258833
17,IFAD,32,-365.0009291917594
17,IFAD,33,-362.78915796716944
17,IFAD,34,-358.4809815196836
17,IFAD,35,-367.87099883403454
17,IFAD,36,-362.58766915716825
17,IFAD,37,-361.6021274768648
17,IFAD,38,-361.450270957218
17,IFAD,39,-362.0888203885532
17,IFAD,40,-365.1111679651958
17,IFAD,41,-366.0278165612596
17,IFAD,42,-362.32256673220354
17,IFAD,43,-364.38057258722483
17,IFAD,44,-370.73162479537564
17,IFAD,45,-367.4866732170958
17,IFAD,46,-369.6886635380592
17,IFAD,47,-373.67426274361446
17,IFAD,48,-370.6889986248097
17,IFAD,49,-367.7944673802783
17,IFAD,50,-370.19065169803895
17,IFAD,51,-366.08173222500335
17,IFAD,52,-361.4547613809912
17,IFAD,53,-369.1952429050919
17,IFAD,54,-369.87582208085576
17,IFAD,55,-367.6917797702077
17,IFAD,56,-373.3339440563869
17,IFAD,57,-366.97186683641434
17,IFAD,58,-365.44089300855507
17,IFAD,59,-366.0750800432835
17,IFAD,60,-372.8218840371814
17,IFAD,61,-364.4692881276088
17,IFAD,62,-364.6650999965742
17,IFAD,63,-366.9229497458374
17,IFAD,64,-368.20477798641815
17,IFAD,65,-363.27390535377435
17,IFAD,66,-358.52425633978123
17,IFAD,67,-367.8881044343682
17,IFAD,68,-368.45066751888226
17,IFAD,69,-366.8532308613818
17,IFAD,70,-369.33615853652566
17,IFAD,71,-376.8712505205239
17,IFAD,72,-372.81618820980566
17,IFAD,73,-366.61732723166284
17,IFAD,74,-364.2793985382219
17,IFAD,75,-364.2801411379016
17,IFAD,76,-363.12813095391675
17,IFAD,77,-359.7694769993162
17,IFAD,78,-360.7806187480187
17,IFAD,79,-368.85117313993726
17,IFAD,80,-368.96260490906866
17,IFAD,81,-367.6046948322458
17,IFAD,82,-366.36343322894015
17,IFAD,83,-368.92432069542355
17,IFAD,84,-365.6526374247664
17,IFAD,85,-364.3064786327574
17,IFAD,86,-368.1689111119281
17,IFAD,87,-364.5362781979446
17,IFAD,88,-370.42469949448616
17,IFAD,89,-363.74892035929616
17,IFAD,90,-364.8638700248643
17,IFAD,91,-366.777580198094
17,IFAD,92,-365.29513452509593
17,IFAD,93,-364.84748576247245
17,IFAD,94,-366.06711942184455
17,IFAD,95,-369.3260595794153
17,IFAD,96,-370.55863487039977
17,IFAD,97,-368.79401541849614
17,IFAD,98,-361.0819824718684
17,IFAD,99,-361.5597675478632
17,IFAD,100,-360.6056028878202
17,IFAD,101,-367.61816472016005
17,IFAD,102,-365.7327018139596
17,IFAD,103,-364.87938068100755
17,IFAD,104,-362.9375905960053
17,IFAD,105,-371.1011502764874
17,IFAD,106,-359.1212571426677
17,IFAD,107,-361.85028543301337
17,IFAD,108,-359.51528155565586
17,IFAD,109,-362.1410437014868
17,IFAD,110,-363.9775020057624
17,IFAD,111,-360.06682951350746
17,IFAD,112,-362.708123605613
17,IFAD,113,-361.0814373041918
17,IFAD,114,-365.3289815540662
17,IFAD,115,-360.2643834097822
17,IFAD,116,-366.1558125041048
17,IFAD,117,-367.94819022168116
17,IFAD,118,-361.35932229477186
17,IFAD,119,-363.79257203551697
17,IFAD,120,-360.251516953595
17,IFAD,121,-369.31443827181147
17,IFAD,122,-367.14033965031587
17,IFAD,123,-366.55447605559664
17,IFAD,124,-363.39597819319266
17,IFAD,125,-365.3439441293034
17,IFAD,126,-368.63526444082345
17,IFAD,127,-367.1496374590859
17,IFAD,128,-363.168551308432
17,IFAD,129,-361.9078505234112
17,IFAD,130,-361.8647036644555
17,IFAD,131,-360.6190290132953
17,IFAD,132,-357.7071984953773
17,IFAD,133,-364.40435255383323
17,IFAD,134,-364.99243584586895
17,IFAD,135,-362.59395103301307
17,IFAD,136,-359.1803612826965
17,IFAD,137,-367.7096666960175
17,IFAD,138,-358.0818473116967
17,IFAD,139,-364.13241083343104
17,IFAD,140,-360.45535390896816
17,IFAD,141,-365.7105343127161
17,IFAD,142,-359.5436301584802
17,IFAD,143,-366.4548121929779
17,IFAD,144,-359.04175029131346
17,IFAD,145,-362.263063484889
17,IFAD,146,-366.95471917232607
17,IFAD,147,-363.04525834539396
17,IFAD,148,-359.85443600180133
17,IFAD,149,-365.3206730130018
17,IFAD,150,-364.9660420865234
17,IFAD,151,-365.9739820968158
17,IFAD,152,-369.77130464675366
17,IFAD,153,-362.2945322178533
17,IFAD,154,-362.2573531988162
17,IFAD,155,-365.32743047908747
17,IFAD,156,-362.5815417504005
17,IFAD,157,-364.605634979844
17,IFAD,158,-360.03025184907125
17,IFAD,159,-361.5027754418763
17,IFAD,160,-363.6036973271595
17,IFAD,161,-359.0005413106968
17,IFAD,162,-360.88945036613524
17,IFAD,163,-361.71180173049737
17,IFAD,164,-366.04488847436073
17,IFAD,165,-366.5153792278936
17,IFAD,166,-364.5164133619638
17,IFAD,167,-361.4532413498893
17,IFAD,168,-361.5026054246423
17,IFAD,169,-365.0349957006156
17,IFAD,170,-363.6950997754979
17,IFAD,171,-363.1942612412639
17,IFAD,172,-364.09235888921296
17,IFAD,173,-361.70919479154765
17,IFAD,174,-357.72780682633294
17,IFAD,175,-370.28387630453403
17,IFAD,176,-361.9419285029071
17,IFAD,177,-364.23397883477907
17,IFAD,178,-367.45629603850864
17,IFAD,179,-359.62100893614826
17,IFAD,180,-362.27732789826945
17,IFAD,181,-362.105145344754
17,IFAD,182,-366.03943873621216
17,IFAD,183,-360.69272586228504
17,IFAD,184,-364.80530273529774
17,IFAD,185,-365.4192770043998
17,IFAD,186,-363.8876078621999
17,IFAD,187,-360.94871451230966
17,IFAD,188,-367.46894185910236
17,IFAD,189,-367.0140571931301
17,IFAD,190,-362.281236179141
17,IFAD,191,-363.6294656251281
17,IFAD,192,-359.48367405004905
17,IFAD,193,-364.151140045503
17,IFAD,194,-359.7588746377817
17,IFAD,195,-368.47362248809577
17,IFAD,196,-365.5433696167552
17,IFAD,197,-365.7629850680104
17,IFAD,198,-362.9472602195806
17,IFAD,199,-364.3007542105203
17,IFAD,200,-358.85018724936856
17,IFAD,201,-362.02908308509257
17,IFAD,202,-358.18845311924645
17,IFAD,203,-364.2545821855513
17,IFAD,204,-363.8990536059104
17,IFAD,205,-358.3507641403584
17,IFAD,206,-367.7423160440283
17,IFAD,207,-360.4289575447342
17,IFAD,208,-360.4656938441127
17,IFAD,209,-365.1226245025065
17,IFAD,210,-360.70473131929066
17,IFAD,211,-365.4211009950466
17,IFAD,212,-360.5119778083473
17,IFAD,213,-361.7098498926731
17,IFAD,214,-360.43065571157075
17,IFAD,215,-356.82493691879193
17,IFAD,216,-363.67645804900604
17,IFAD,217,-363.980847106032
17,IFAD,218,-362.3625704330436
17,IFAD,219,-364.4032153316199
17,IFAD,220,-364.0626292488389
17,IFAD,221,-367.2614673072655
17,IFAD,222,-364.09011380748876
17,IFAD,223,-364.5876750910154
17,IFAD,224,-367.65971978446623
17,IFAD,225,-366.18064214997685
17,IFAD,226,-360.1063600160976
17,IFAD,227,-363.78472932968737
17,IFAD,228,-367.5880539485084
17,IFAD,229,-364.2814474272961
17,IFAD,230,-365.2238279493677
17,IFAD,231,-363.0696164568658
17,IFAD,232,-362.8399683388685
17,IFAD,233,-368.58959626689773
17,IFAD,234,-361.0551211440137
17,IFAD,235,-363.87158651979325
17,IFAD,236,-359.9707577477233
17,IFAD,237,-361.57198560200663
17,IFAD,238,-364.7154688292009
17,IFAD,239,-367.7981569222527
17,IFAD,240,-364.4749599489563
17,IFAD,241,-365.69168689545256
17,IFAD,242,-360.3456424752696
17,IFAD,243,-365.1161966996262
17,IFAD,244,-360.74967122579017
17,IFAD,245,-364.05009120214635
17,IFAD,246,-367.77363920039585
17,IFAD,247,-369.94600229750796
17,IFAD,248,-363.9678392219475
17,IFAD,249,-360.298438932096
17,IFAD,250,-362.8814630874134
17,IFAD,251,-365.9302628866409
17,IFAD,252,-365.49589373727684
17,IFAD,253,-362.84917262207745
17,IFAD,254,-362.85186803015245
17,IFAD,255,-366.68871690269174
17,IFAD,256,-361.635668334101
17,IFAD,257,-364.03548772838855
17,IFAD,258,-360.8521226888445
17,IFAD,259,-361.830029035052
17,IFAD,260,-362.06466489829677
17,IFAD,261,-360.91463001337485
17,IFAD,262,-361.23684625406133
17,IFAD,263,-366.24101736327515
17,IFAD,264,-364.95696267605615
17,IFAD,265,-368.1462239392585
17,IFAD,266,-365.82959953470186
17,IFAD,267,-360.10411841826544
17,IFAD,268,-364.9846172232995
17,IFAD,269,-363.77998386611847
17,IFAD,270,-366.955774528463
17,IFAD,271,-363.95936897031913
17,IFAD,272,-366.8903155464202
17,IFAD,273,-362.04053487378127
17,IFAD,274,-358.47980717536154
17,IFAD,275,-363.6739760909821
17,IFAD,276,-362.7240285820799
17,IFAD,277,-362.95822630438613
17,IFAD,278,-366.7840589868451
17,IFAD,279,-364.92334985709846
17,IFAD,280,-362.65814677538384
17,IFAD,281,-366.3015300047425
17,IFAD,282,-359.3184884502657
17,IFAD,283,-365.38203109885865
17,IFAD,284,-360.4731754700955
17,IFAD,285,-361.7443373410875
17,IFAD,286,-362.39843795364084
17,IFAD,287,-360.9687929295315
17,IFAD,288,-369.4262014491093
17,IFAD,289,-364.58561782117533
17,IFAD,290,-366.6145592682374
17,IFAD,291,-362.69494159932367
17,IFAD,292,-364.0532319133552
17,IFAD,293,-367.2480542919106
17,IFAD,294,-371.7663123108705
17,IFAD,295,-360.0840325502266
17,IFAD,296,-368.2013478618805
17,IFAD,297,-359.6896845656188
17,IFAD,298,-361.16619827014125
17,IFAD,299,-361.9648242076216
17,IFAD,300,-365.7319369331456
17,IFAD,301,-363.4801472917538
17,IFAD,302,-362.2165503065025
17,IFAD,303,-364.0115025268285
17,IFAD,304,-359.7814422335396
17,IFAD,305,-362.68993587835774
17,IFAD,306,-366.3687050743667
17,IFAD,307,-363.06862363809273
17,IFAD,308,-358.64621742701104
17,IFAD,309,-364.9872465284217
17,IFAD,310,-361.55042901942943
17,IFAD,311,-363.17422471127315
17,IFAD,312,-365.1707721911411
17,IFAD,313,-363.44464666851206
17,IFAD,314,-366.18336061198016
17,IFAD,315,-366.04352835855605
17,IFAD,316,-366.53207290571373
17,IFAD,317,-365.4931077778169
17,IFAD,318,-362.7705037591731
17,IFAD,319,-363.2097717954969
17,IFAD,320,-363.00462151030536
17,IFAD,321,-367.5099136329635
17,IFAD,322,-363.8049353215383
17,IFAD,323,-368.93710657400436
17,IFAD,324,-356.71585144382476
17,IFAD,325,-361.15167137385635
17,IFAD,326,-360.04077104617505
17,IFAD,327,-364.6901913026885
17,IFAD,328,-361.3973267857165
17,IFAD,329,-363.4586047389405
17,IFAD,330,-366.9067780423143
17,IFAD,331,-365.77664105381365
17,IFAD,332,-367.3198834428209
17,IFAD,333,-367.7923384875965
17,IFAD,334,-363.9726114083574
17,IFAD,335,-360.8924757145067
17,IFAD,336,-364.33195351136567
17,IFAD,337,-359.85818105581717
17,IFAD,338,-363.0878477717631
17,IFAD,339,-362.0993346851174
17,IFAD,340,-365.1724835822444
17,IFAD,341,-364.01956367023166
17,IFAD,342,-361.13727173710356
17,IFAD,343,-361.87750175683095
17,IFAD,344,-363.79505660177404
17,IFAD,345,-361.152794127007
17,IFAD,346,-365.7164722363054
17,IFAD,347,-358.9881213140105
17,IFAD,348,-366.5605609219391
17,IFAD,349,-358.57108486690623
17,IFAD,350,-360.3613286688356
17,IFAD,351,-362.81292861095113
17,IFAD,352,-358.5969406066257
17,IFAD,353,-359.28594273432844
17,IFAD,354,-358.07003394393746
17,IFAD,355,-363.750204892875
17,IFAD,356,-365.2912197221953
17,IFAD,357,-363.73946548834977
17,IFAD,358,-361.8003600585961
17,IFAD,359,-361.1738616600548
17,IFAD,360,-367.57850093812385
17,IFAD,361,-365.76073342656656
17,IFAD,362,-361.37289741886275
17,IFAD,363,-366.29097075022054
17,IFAD,364,-363.37595612528014
17,IFAD,365,-360.111094086186
17,IFAD,366,-364.15179218560934
17,IFAD,367,-358.9058214857247
17,IFAD,368,-361.27819418513405
17,IFAD,369,-365.0430780467677
17,IFAD,370,-364.2418517079178
17,IFAD,371,-363.50950759836905
17,IFAD,372,-367.3243544243721
17,IFAD,373,-364.0070699987368
17,IFAD,374,-359.8108970387599
17,IFAD,375,-364.4102755475002
17,IFAD,376,-362.748171453076
17,IFAD,377,-363.8480222057898
17,IFAD,378,-364.43918147751265
17,IFAD,379,-364.60343821540084
17,IFAD,380,-363.668836885625
17,IFAD,381,-365.1890274711587
17,IFAD,382,-370.4898534870802
17,IFAD,383,-361.35073566381845
17,IFAD,384,-362.9630555331774
17,IFAD,385,-364.7333640670109
17,IFAD,386,-361.2273899675611
17,IFAD,387,-366.8756670984226
17,IFAD,388,-363.7541930309838
17,IFAD,389,-366.4657687030231
17,IFAD,390,-365.13188523902534
17,IFAD,391,-360.65139799578895
17,IFAD,392,-364.80524401359054
17,IFAD,393,-364.7049703177978
17,IFAD,394,-371.0343459915884
17,IFAD,395,-366.7605584125305
17,IFAD,396,-364.6116676660421
17,IFAD,397,-363.6308777845143
17,IFAD,398,-359.02382359451644
17,IFAD,399,-367.7448830398167
17,DS19,0,-442.3210911256306
17,DS19,1,-469.36772852466385
17,DS19,2,-431.585996953796
17,DS19,3,-441.4096899514227
17,DS19,4,-464.5513273668995
17,DS19,5,-438.2077309418113
17,DS19,6,-447.7577824580936
17,DS19,7,-433.56581364690174
17,DS19,8,-439.4175852342554
17,DS19,9,-427.0371228987638
17,DS19,10,-438.5058298208455
17,DS19,11,-445.1123238863258
17,DS19,12,-418.40462918779076
17,DS19,13,-448.582272416619
17,DS19,14,-427.0630881705705
17,DS19,15,-425.653575853697
17,DS19,16,-427.7189749335507
17,DS19,17,-420.6881500748957
17,DS19,18,-407.1513617127349
17,DS19,19,-412.19974715280625
17,DS19,20,-417.68797545755905
17,DS19,21,-410.94441267278796
17,DS19,22,-415.77196711620485
17,DS19,23,-411.4919306796804
17,DS19,24,-411.24526202262047
17,DS19,25,-399.6380203993273
17,DS19,26,-403.6260865975849
17,DS19,27,-417.8851607047871
17,DS19,28,-406.8582981806146
17,DS19,29,-416.1488127909895
17,DS19,30,-407.59484961009
17,DS19,31,-406.34279319088046
17,DS19,32,-404.65197645812873
17,DS19,33,-397.82764594673233
17,DS19,34,-410.48492361279204
17,DS19,35,-404.78407403923904
17,DS19,36,-388.9833808534208
17,DS19,37,-388.60851955155334
17,DS19,38,-392.5318494473722
17,DS19,39,-397.35138944853924
17,DS19,40,-401.4878546145421
17,DS19,41,-397.57919846213616
17,DS19,42,-389.7051391496833
17,DS19,43,-398.78227268639915
17,DS19,44,-402.15205034665274
17,DS19,45,-389.8688518521972
17,DS19,46,-404.5134287695935
17,DS19,47,-388.0788166742308
17,DS19,48,-379.1460716796543
17,DS19,49,-402.12144889844575
17,DS19,50,-385.624591134029
17,DS19,51,-386.4474997888208
17,DS19,52,-381.70862543584286
17,DS19,53,-389.49364749254045
17,DS19,54,-385.86262614399504
17,DS19,55,-378.6938992937012
17,DS19,56,-391.38194842232207
17,DS19,57,-381.98537474684565
17,DS19,58,-386.9496096996001
17,DS19,59,-378.5496236697289
17,DS19,60,-372.1264555636564
17,DS19,61,-377.6070651583169
17,DS19,62,-382.4285335516473
17,DS19,63,-394.19052539852174
17,DS19,64,-365.9238704903459
17,DS19,65,-381.68826729887377
17,DS19,66,-378.0446188976527
17,DS19,67,-372.6960178936406
17,DS19,68,-365.2711074849364
17,DS19,69,-380.5952699385596
17,DS19,70,-386.9135118019026
17,DS19,71,-371.39905838538334
17,DS19,72,-400.8204309773105
17,DS19,73,-384.1356237617471
17,DS19,74,-372.53941158999186
17,DS19,75,-384.10849025710684
17,DS19,76,-380.8640147288728
17,DS19,77,-387.81527148442075
17,DS19,78,-384.84271092679717
17,DS19,79,-376.2839147993843
17,DS19,80,-378.29948200824686
17,DS19,81,-367.13753724281537
17,DS19,82,-371.4744830627332
17,DS19,83,-380.9152992349379
17,DS19,84,-372.28344322162593
17,DS19,85,-380.36021717668046
17,DS19,86,-383.8515117893023
17,DS19,87,-378.787913155338
17,DS19,88,-372.0325703500428
17,DS19,89,-372.1691801304421
17,DS19,90,-376.26101299315985
17,DS19,91,-374.8983339213098
17,DS19,92,-381.6115633582564
17,DS19,93,-379.6415538235324
17,DS19,94,-376.6188614393665
17,DS19,95,-377.09285053838147
17,DS19,96,-385.51718261233844
17,DS19,97,-385.48066280751874
17,DS19,98,-380.10230157694696
17,DS19,99,-376.30183660110106
17,DS19,100,-376.9060775692634
17,DS19,101,-372.0325511630001
17,DS19,102,-379.2795446586772
17,DS19,103,-369.3034761504419
17,DS19,104,-364.5724665270805
17,DS19,105,-386.9087055188238
17,DS19,106,-368.2047072142418
17,DS19,107,-377.38613833376286
17,DS19,108,-375.23839083695106
17,DS19,109,-371.83461818616047
17,DS19,110,-372.4828577178472
17,DS19,111,-383.4079039538082
17,DS19,112,-376.32726546956275
17,DS19,113,-375.8370562657549
17,DS19,114,-382.8745989607547
17,DS19,115,-383.0421045752855
17,DS19,116,-371.69926509771864
17,DS19,117,-379.5002366034478
17,DS19,118,-385.7853652728089
17,DS19,119,-381.6339610808461
17,DS19,120,-373.65555781904504
17,DS19,121,-382.55002343691274
17,DS19,122,-379.4148869999897
17,DS19,123,-377.6979842186326
17,DS19,124,-374.9112774472661
17,DS19,125,-383.7974096353167
17,DS19,126,-370.2161101369297
17,DS19,127,-380.234281194246
17,DS19,128,-391.8837441819285
17,DS19,129,-377.06134205695537
17,DS19,130,-379.6979648182284
17,DS19,131,-375.26463035404157
17,DS19,132,-373.1031270915528
17,DS19,133,-383.4768804468717
17,DS19,134,-376.325231619174
17,DS19,135,-380.39591817356313
17,DS19,136,-394.0355244657165
17,DS19,137,-372.53104070161766
17,DS19,138,-370.8399010249056
17,DS19,139,-374.0915821539593
17,DS19,140,-388.712475859482
17,DS19,141,-390.763483668703
17,DS19,142,-379.5926119550005
17,DS19,143,-373.0131519621064
17,DS19,144,-378.5030957587126
17,DS19,145,-369.42727617946656
17,DS19,146,-377.74330091281064
17,DS19,147,-375.4213626896349
17,DS19,148,-381.0513483364974
17,DS19,149,-374.01350490360767
17,DS19,150,-371.41859155853615
17,DS19,151,-379.2770996857763
17,DS19,152,-392.5165711068951
17,DS19,153,-368.01346453721527
17,DS19,154,-386.59637683156075
17,DS19,155,-385.2771489486184
17,DS19,156,-385.46083527200017
17,DS19,157,-388.2503874579512
17,DS19,158,-380.83093760983485
17,DS19,159,-373.1197587044412
17,DS19,160,-370.9725039080834
17,DS19,161,-382.3796049842474
17,DS19,162,-371.15112456140025
17,DS19,163,-395.17771956735794
17,DS19,164,-375.23205040776816
17,DS19,165,-377.08132324838846
17,DS19,166,-379.28345542690374
17,DS19,167,-370.7098467931744
17,DS19,168,-377.8564361289504
17,DS19,169,-377.1901273313691
17,DS19,170,-370.76727865151014
17,DS19,171,-373.68771754969123
17,DS19,172,-370.9683562131494
17,DS19,173,-370.07954563183443
17,DS19,174,-387.941425730532
17,DS19,175,-373.28949456336574
17,DS19,176,-367.68295134340815
17,DS19,177,-375.33320528133436
17,DS19,178,-391.4312390762936
17,DS19,179,-384.62918321315465
17,DS19,180,-391.43780971102973
17,DS19,181,-371.7107552755824
17,DS19,182,-384.69842001126483
17,DS19,183,-376.1576599882174
17,DS19,184,-376.30191184610413
17,DS19,185,-375.9158000911155
17,DS19,186,-376.5444357953325
17,DS19,187,-383.3121082799146
17,DS19,188,-376.9292344334495
17,DS19,189,-377.9533591388532
17,DS19,190,-382.0405959866799
17,DS19,191,-379.2519144757248
17,DS19,192,-376.27613918623865
17,DS19,193,-384.96492574847923
17,DS19,194,-381.607015744254
17,DS19,195,-373.9271538825219
17,DS19,196,-376.8770206328411
17,DS19,197,-386.73350007142676
17,DS19,198,-374.5914253529065
17,DS19,199,-381.68040068068956
17,DS19,200,-371.2332625486674
17,DS19,201,-369.94482195151863
17,DS19,202,-381.445538049875
17,DS19,203,-387.91040791474927
17,DS19,204,-375.6264133310496
17,DS19,205,-381.0035552375795
17,DS19,206,-366.30883197566413
17,DS19,207,-365.86949536635734
17,DS19,208,-385.0409883937979
17,DS19,209,-383.68026293169675
17,DS19,210,-387.9201556593974
17,DS19,211,-378.7503414874291
17,DS19,212,-363.896190492083
17,DS19,213,-373.8951693955988
17,DS19,214,-381.4512905120251
17,DS19,215,-365.00062475659706
17,DS19,216,-363.34374132338843
17,DS19,217,-382.1065322871295
17,DS19,218,-375.05498364697985
17,DS19,219,-385.5456144487939
17,DS19,220,-383.958266785224
17,DS19,221,-374.9242316147854
17,DS19,222,-385.29053980882367
17,DS19,223,-378.5182009332861
17,DS19,224,-369.3823778911771
17,DS19,225,-376.3596807279028
17,DS19,226,-375.1974347974591
17,DS19,227,-367.5247908431499
17,DS19,228,-374.4973646334068
17,DS19,229,-381.80210617334603
17,DS19,230,-370.79512914362687
17,DS19,231,-377.58889244254436
17,DS19,232,-370.36886727085175
17,DS19,233,-377.67718038330446
17,DS19,234,-386.863757999247
17,DS19,235,-363.0549134353898
17,DS19,236,-388.90375731030946
17,DS19,237,-381.148486435643
17,DS19,238,-381.0408071121269
17,DS19,239,-375.4948147781719
17,DS19,240,-374.68540483221193
17,DS19,241,-377.3942906777688
17,DS19,242,-375.6395621549308
17,DS19,243,-378.7742860749538
17,DS19,244,-372.194658383138
17,DS19,245,-394.86417187017764
17,DS19,246,-372.29609632449524
17,DS19,247,-381.8173259798556
17,DS19,248,-384.8308658524096
17,DS19,249,-380.73762971814307
17,DS19,250,-388.0061805796827
17,DS19,251,-379.45549554565207
17,DS19,252,-378.2262939327498
17,DS19,253,-375.4510331219973
17,DS19,254,-376.8666154515516
17,DS19,255,-376.8627449032835
17,DS19,256,-373.27109913646257
17,DS19,257,-368.3424812717504
17,DS19,258,-378.0067742670269
17,DS19,259,-375.32513633238506
17,DS19,260,-395.8964657987717
17,DS19,261,-384.9338355552267
17,DS19,262,-385.35295066184796
17,DS19,263,-391.6690126319062
17,DS19,264,-386.4965638403283
17,DS19,265,-383.9004076541765
17,DS19,266,-391.34673200308026
17,DS19,267,-379.64214890273416
17,DS19,268,-370.6460356962313
17,DS19,269,-375.30469542780554
17,DS19,270,-380.76768671185386
17,DS19,271,-380.70558228834403
17,DS19,272,-377.8443942354721
17,DS19,273,-370.92571954038567
17,DS19,274,-379.8346068195204
17,DS19,275,-381.5881263716034
17,DS19,276,-377.4620812600151
17,DS19,277,-374.19377169771735
17,DS19,278,-372.032541546773
17,DS19,279,-382.94016232094083
17,DS19,280,-391.2850182145824
17,DS19,281,-373.1889727287462
17,DS19,282,-377.49175618562805
17,DS19,283,-380.51350842068837
17,DS19,284,-370.8893028853863
17,DS19,285,-376.3175567625368
17,DS19,286,-379.96413227506235
17,DS19,287,-377.6512487127576
17,DS19,288,-382.7478957660327
17,DS19,289,-375.40760654956307
17,DS19,290,-365.8498244042007
17,DS19,291,-382.2206254269534
17,DS19,292,-376.37979875700114
17,DS19,293,-375.52665811370304
17,DS19,294,-368.87619610813397
17,DS19,295,-372.6248233374865
17,DS19,296,-375.7212020254159
17,DS19,297,-363.8301668835677
17,DS19,298,-363.4732352503165
17,DS19,299,-373.5563060617449
17,CTDD21,0,-502.792669662629
17,CTDD21,1,-522.8208605279568
17,CTDD21,2,-526.1177965429931
17,CTDD21,3,-508.81960390103177
17,CTDD21,4,-530.6676020371989
17,CTDD21,5,-510.9845782152717
17,CTDD21,6,-503.8398021606209
17,CTDD21,7,-485.5164962268342
17,CTDD21,8,-498.6280973974317
17,CTDD21,9,-473.8577310291114
17,CTDD21,10,-482.1400002876661
17,CTDD21,11,-511.76812055303213
17,CTDD21,12,-512.7573244814673
17,CTDD21,13,-493.6405113883543
17,CTDD21,14,-474.313779694347
17,CTDD21,15,-507.08742252389607
17,CTDD21,16,-496.6646028734815
17,CTDD21,17,-470.21237328041394
17,CTDD21,18,-453.82283252893853
17,CTDD21,19,-465.7209854721
17,CTDD21,20,-496.45525169003184
17,CTDD21,21,-477.8885178953569
17,CTDD21,22,-484.5507838615766
17,CTDD21,23,-459.29619208723926
17,CTDD21,24,-456.109801427049
17,CTDD21,25,-460.04459700577354
17,CTDD21,26,-452.50782697089414
17,CTDD21,27,-458.2039150327051
17,CTDD21,28,-473.1955553029311
17,CTDD21,29,-462.6704238153163
17,CTDD21,30,-440.89714074681524
17,CTDD21,31,-455.316744111458
17,CTDD21,32,-455.36313580465213
17,CTDD21,33,-459.7786349943747
17,CTDD21,34,-457.86838421336194
17,CTDD21,35,-428.00917131797655
17,CTDD21,36,-487.50682403305586
17,CTDD21,37,-460.5741537353276
17,CTDD21,38,-478.42469361573427
17,CTDD21,39,-432.8889784752318
17,CTDD21,40,-473.19976366344565
17,CTDD21,41,-466.46318024116215
17,CTDD21,42,-434.5611303946479
17,CTDD21,43,-465.30325540417505
17,CTDD21,44,-436.81956178802807
17,CTDD21,45,-429.72431246258236
17,CTDD21,46,-441.47412373319753
17,CTDD21,47,-436.19245935728225
17,CTDD21,48,-437.22432112922303
17,CTDD21,49,-414.41863240417354
17,CTDD21,50,-404.40824276454686
17,CTDD21,51,-452.46492463614834
17,CTDD21,52,-437.2004202992569
17,CTDD21,53,-439.1318574191168
17,CTDD21,54,-410.71268851808554
17,CTDD21,55,-462.061821622145
17,CTDD21,56,-404.314016120546
17,CTDD21,57,-435.6091457597043
17,CTDD21,58,-446.9801783735549
17,CTDD21,59,-440.155106554425
17,CTDD21,60,-426.6015148986969
17,CTDD21,61,-446.298925449917
17,CTDD21,62,-427.2640156330218
17,CTDD21,63,-433.6848997999276
17,CTDD21,64,-424.24269603379844
17,CTDD21,65,-416.17350725579956
17,CTDD21,66,-461.0387677276207
17,CTDD21,67,-434.56380473592645
17,CTDD21,68,-438.64962821737265
17,CTDD21,69,-451.4665038202609
17,CTDD21,70,-424.2094144763399
17,CTDD21,71,-440.5688941405583
17,CTDD21,72,-455.1100959107741
17,CTDD21,73,-442.481720726767
17,CTDD21,74,-406.0062393078975
17,CTDD21,75,-422.7092506340708
17,CTDD21,76,-419.5979929769385
17,CTDD21,77,-439.3002045876615
17,CTDD21,78,-428.47038192786715
17,CTDD21,79,-424.2286009336913
17,CTDD21,80,-400.19904877939183
17,CTDD21,81,-424.31355358832616
17,CTDD21,82,-412.5990039596991
17,CTDD21,83,-410.3943422721585
17,CTDD21,84,-423.5542742304722
17,CTDD21,85,-420.1822407297999
17,CTDD21,86,-433.493972832708
17,CTDD21,87,-414.61012075174096
17,CTDD21,88,-438.069028180077
17,CTDD21,89,-422.41163786571383
17,CTDD21,90,-425.0918238294792
17,CTDD21,91,-441.7628064483961
17,CTDD21,92,-417.7756359819953
17,CTDD21,93,-451.39085208052677
17,CTDD21,94,-459.7074385602491
17,CTDD21,95,-418.09799328045574
17,CTDD21,96,-416.4639247228706
17,CTDD21,97,-422.3924059487738
17,CTDD21,98,-415.0808210859865
17,CTDD21,99,-416.39452861373434
17,CTDD21,100,-429.24067100185914
17,CTDD21,101,-393.78856491453894
17,CTDD21,102,-433.4151605542478
17,CTDD21,103,-435.8188433734168
17,CTDD21,104,-427.5402359097525
17,CTDD21,105,-435.39300988492744
17,CTDD21,106,-409.6689107880346
17,CTDD21,107,-438.4826004831463
17,CTDD21,108,-432.21901664033993
17,CTDD21,109,-422.40235734530285
17,CTDD21,110,-450.7436612463141
17,CTDD21,111,-438.33606395069194
17,CTDD21,112,-408.69051881819604
17,CTDD21,113,-422.91338882316876
17,CTDD21,114,-432.15910834334966
17,CTDD21,115,-415.2541250676283
17,CTDD21,116,-456.0012933550063
17,CTDD21,117,-420.142672617283
17,CTDD21,118,-423.3936852575452
17,CTDD21,119,-409.7175119718952
17,CTDD21,120,-442.3871726322277
17,CTDD21,121,-434.11851193930585
17,CTDD21,122,-427.0562637682564
17,CTDD21,123,-420.081793774745
17,CTDD21,124,-424.91169392494
17,CTDD21,125,-408.6911583257066
17,CTDD21,126,-425.456467846074
17,CTDD21,127,-430.30116584240034
17,CTDD21,128,-420.0443401289645
17,CTDD21,129,-426.30964453452304
17,CTDD21,130,-431.90468225411286
17,CTDD21,131,-417.50634600869716
17,CTDD21,132,-426.5136792333731
17,CTDD21,133,-419.460894432197
17,CTDD21,134,-424.9513023696321
17,CTDD21,135,-409.35736050476197
17,CTDD21,136,-418.19123256075636
17,CTDD21,137,-439.3845211731806
17,CTDD21,138,-425.40591915138253
17,CTDD21,139,-436.01089641423744
17,CTDD21,140,-403.27948568371187
17,CTDD21,141,-431.5453875681568
17,CTDD21,142,-441.91060453704154
17,CTDD21,143,-426.2306577260054
17,CTDD21,144,-425.59237938443
17,CTDD21,145,-426.01906801674056
17,CTDD21,146,-405.03007223685137
17,CTDD21,147,-406.1414656037896
17,CTDD21,148,-425.45992725677064
17,CTDD21,149,-418.88656016487346
17,CTDD21,150,-444.62956698049527
17,CTDD21,151,-450.19800781867673
17,CTDD21,152,-442.89866843983253
17,CTDD21,153,-420.6187643564419
17,CTDD21,154,-396.81690745858936
17,CTDD21,155,-416.5421198902457
17,CTDD21,156,-419.06083428111043
17,CTDD21,157,-428.5833773960789
17,CTDD21,158,-425.62024719242027
17,CTDD21,159,-422.17388316610754
17,CTDD21,160,-423.61543332967915
17,CTDD21,161,-416.56018828703407
17,CTDD21,162,-433.91009956130665
17,CTDD21,163,-414.1273269690359
17,CTDD21,164,-432.35316662218025
17,CTDD21,165,-438.4708376686329
17,CTDD21,166,-416.35629575348236
17,CTDD21,167,-407.91081566463606
17,CTDD21,168,-421.27651922619225
17,CTDD21,169,-412.84067306686325
17,CTDD21,170,-400.8413748093775
17,CTDD21,171,-419.4622159090752
17,CTDD21,172,-436.05127526227733
17,CTDD21,173,-430.8145300889339
17,CTDD21,174,-426.5194582706923
17,CTDD21,175,-427.4967486259414
17,CTDD21,176,-434.29545845320257
17,CTDD21,177,-428.7248513590146
17,CTDD21,178,-429.2276980556638
17,CTDD21,179,-419.0760644240223
17,CTDD21,180,-412.430908209721
17,CTDD21,181,-437.62394307772126
17,CTDD21,182,-431.54678992736166
17,CTDD21,183,-442.21993722356194
17,CTDD21,184,-413.67554158585574
17,CTDD21,185,-411.5191693834687
17,CTDD21,186,-444.0176771698105
17,CTDD21,187,-424.8335737370139
17,CTDD21,188,-426.0616168263827
17,CTDD21,189,-434.9927177301308
17,CTDD21,190,-425.26830654570176
17,CTDD21,191,-429.1539873764302
17,CTDD21,192,-440.9161234538848
17,CTDD21,193,-414.9584702716517
17,CTDD21,194,-397.9551002846276
17,CTDD21,195,-447.8346985180066
17,CTDD21,196,-401.5130942513723
17,CTDD21,197,-421.93850310615335
17,CTDD21,198,-390.6854354353384
17,CTDD21,199,-417.40328519877
17,CTDD21,200,-444.2898142730663
17,CTDD21,201,-405.35328771802216
17,CTDD21,202,-422.71480597105966
17,CTDD21,203,-409.39998078162546
17,CTDD21,204,-432.6074220209383
17,CTDD21,205,-436.57368293445865
17,CTDD21,206,-408.92677942859245
17,CTDD21,207,-430.2561656017744
17,CTDD21,208,-411.3864238063302
17,CTDD21,209,-405.2399655596962
17,CTDD21,210,-431.08480667133256
17,CTDD21,211,-406.43316258967786
17,CTDD21,212,-426.16896207471194
17,CTDD21,213,-432.4763752087865
17,CTDD21,214,-422.73701708745944
17,CTDD21,215,-408.63311917098247
17,CTDD21,216,-415.1235005587306
17,CTDD21,217,-416.1397164148189
17,CTDD21,218,-416.0238879601626
17,CTDD21,219,-402.91648045741516
17,CTDD21,220,-410.6779710814084
17,CTDD21,221,-399.7150146741238
17,CTDD21,222,-435.893491173371
17,CTDD21,223,-424.68580894694355
17,CTDD21,224,-404.7202621301264
17,CTDD21,225,-425.8198204706585
17,CTDD21,226,-393.2985018641618
17,CTDD21,227,-423.73951230450444
17,CTDD21,228,-397.3638645711801
17,CTDD21,229,-419.6375821302056
17,CTDD21,230,-397.0211855806322
17,CTDD21,231,-418.0444268597042
17,CTDD21,232,-401.59117980754
17,CTDD21,233,-405.78838129675853
17,CTDD21,234,-456.6372215294599
17,CTDD21,235,-418.15783332335786
17,CTDD21,236,-448.48021242748393
17,CTDD21,237,-403.2328571612169
17,CTDD21,238,-416.47960225064503
17,CTDD21,239,-467.4970076291369
17,CTDD21,240,-406.5452666305064
17,CTDD21,241,-402.3521789227642
17,CTDD21,242,-400.9227610221163
17,CTDD21,243,-411.6694336056086
17,CTDD21,244,-441.41026900730714
17,CTDD21,245,-428.96517967390776
17,CTDD21,246,-408.5076283526199
17,CTDD21,247,-418.04704730334026
17,CTDD21,248,-411.903972563495
17,CTDD21,249,-431.1453423809282
17,CTDD21,250,-446.179873532102
17,CTDD21,251,-420.86576792659855
17,CTDD21,252,-415.04464621473994
17,CTDD21,253,-427.49467313593743
17,CTDD21,254,-414.97028587008697
17,CTDD21,255,-421.9181035293236
17,CTDD21,256,-402.34102945503514
17,CTDD21,257,-440.58888340088686
17,CTDD21,258,-443.21046854880547
17,CTDD21,259,-419.74672666554596
17,CTDD21,260,-410.08846450194767
17,CTDD21,261,-422.0773994910881
17,CTDD21,262,-419.6894903157645
17,CTDD21,263,-445.9838700456101
17,CTDD21,264,-420.47777201487395
17,CTDD21,265,-401.47568276333465
17,CTDD21,266,-441.634315187538
17,CTDD21,267,-412.30877467806846
17,CTDD21,268,-422.5435187885239
17,CTDD21,269,-443.3865780360127
17,CTDD21,270,-431.62876657945867
17,CTDD21,271,-414.8239553477132
17,CTDD21,272,-409.06377122168135
17,CTDD21,273,-406.8581692820593
17,CTDD21,274,-408.01155359123965
17,CTDD21,275,-406.25468456882686
17,CTDD21,276,-440.20494008137894
17,CTDD21,277,-420.07682250173326
17,CTDD21,278,-439.22318530534517
17,CTDD21,279,-403.8539171205587
17,CTDD21,280,-417.2104543225406
17,CTDD21,281,-452.3574694689771
17,CTDD21,282,-432.0229327103454
17,CTDD21,283,-428.47199328767107
17,CTDD21,284,-412.3135462722451
17,CTDD21,285,-452.88467412793136
17,CTDD21,286,-426.02772927681053
17,CTDD21,287,-417.80823635042134
17,CTDD21,288,-435.6142761116916
17,CTDD21,289,-428.66697608038027
17,CTDD21,290,-441.36626070705296
17,CTDD21,291,-431.6469883741305
17,CTDD21,292,-413.2772361628281
17,CTDD21,293,-430.8239291780858
17,CTDD21,294,-428.88990698882856
17,CTDD21,295,-416.7784137255197
17,CTDD21,296,-436.9998534649988
17,CTDD21,297,-419.28959279916864
17,CTDD21,298,-410.5380406352287
17,CTDD21,299,-421.860344017418
18,IF2,0,-365.18074682973526
18,IF2,1,-367.621717969235
18,IF2,2,-366.89778964042694
18,IF2,3,-365.94801702689455
18,IF2,4,-364.3913962214433
18,IF2,5,-364.8407840421864
18,IF2,6,-366.0426987417622
18,IF2,7,-365.55774394652224
18,IF2,8,-366.0411508757917
18,IF2,9,-361.8136876768772
18,IF2,10,-365.01302152514336
18,IF2,11,-364.4373026848535
18,IF2,12,-366.9913817981651
18,IF2,13,-365.12872752220466
18,IF2,14,-365.916240366443
18,IF2,15,-370.5556503776079
18,IF2,16,-372.87627246022953
18,IF2,17,-367.70143209425265
18,IF2,18,-363.72606515482033
18,IF2,19,-363.75698174224453
18,IF2,20,-368.13580046008195
18,IF2,21,-370.7796006597285
18,IF2,22,-381.8346282651489
18,IF2,23,-366.79424106024214
18,IF2,24,-360.4293599459677
18,IF2,25,-366.1316376303742
18,IF2,26,-364.11219428134956
18,IF2,27,-364.36083352462055
18,IF2,28,-360.78458039375994
18,IF2,29,-368.32029928892166
18,IF2,30,-367.78828903008673
18,IF2,31,-364.12613965289984
18,IF2,32,-363.12980903399495
18,IF2,33,-367.1130588758752
18,IF2,34,-364.9157192500103
18,IF2,35,-359.65520749241335
18,IF2,36,-364.2986988308396
18,IF2,37,-363.5856555297381
18,IF2,38,-364.48350788137117
18,IF2,39,-366.08118007739614
18,IF2,40,-363.5197499784476
18,IF2,41,-371.7523556881726
18,IF2,42,-363.47231413177195
18,IF2,43,-374.27585632256563
18,IF2,44,-363.20995171952677
18,IF2,45,-361.2392729298633
18,IF2,46,-362.35494351858017
18,IF2,47,-367.6678298718936
18,IF2,48,-364.243157080423
18,IF2,49,-366.502907888101
18,IF2,50,-371.93695299697066
18,IF2,51,-364.77803998723857
18,IF2,52,-367.40445499221323
18,IF2,53,-362.59968677090217
18,IF2,54,-366.1621777009261
18,IF2,55,-371.1148039575437
18,IF2,56,-363.0154279823879
18,IF2,57,-365.2036331286881
18,IF2,58,-368.6057278445965
18,IF2,59,-366.1602780629109
18,IF2,60,-371.3973263131613
18,IF2,61,-374.7091438619809
18,IF2,62,-373.5809910159328
18,IF2,63,-367.7426675402165
18,IF2,64,-371.69987196196877
18,IF2,65,-369.52093739987635
18,IF2,66,-364.5118249340388
18,IF2,67,-363.1271532208838
18,IF2,68,-370.0681977808595
18,IF2,69,-363.1195252852363
18,IF2,70,-367.88839878160377
18,IF2,71,-365.3784022335315
18,IF2,72,-364.6252234047538
18,IF2,73,-366.0485162131031
18,IF2,74,-363.90620547024423
18,IF2,75,-368.9010191936571
18,IF2,76,-364.62144863061457
18,IF2,77,-358.812250318474
18,IF2,78,-365.4960398541708
18,IF2,79,-362.9192805296449
18,IF2,80,-369.3133872682821
18,IF2,81,-370.07116693946426
18,IF2,82,-369.8401492736465
18,IF2,83,-366.81391848871704
18,IF2,84,-365.11290501569175
18,IF2,85,-369.602219982962
18,IF2,86,-366.1918497568136
18,IF2,87,-366.5829357047681
18,IF2,88,-366.14617876905646
18,IF2,89,-364.2893359286801
18,IF2,90,-368.144665271743
18,IF2,91,-366.4398525037735
18,IF2,92,-365.04333895901146
18,IF2,93,-366.1635820166422
18,IF2,94,-367.48121878417606
18,IF2,95,-367.89395835520935
18,IF2,96,-365.94420393614234
18,IF2,97,-362.6244756353159
18,IF2,98,-363.24559082052593
18,IF2,99,-367.9838296928326
18,IF2,100,-361.9809754124961
18,IF2,101,-359.3274131774439
18,IF2,102,-366.8773644085304
18,IF2,103,-369.95464072512397
18,IF2,104,-360.5960869148945
18,IF2,105,-360.17897059743785
18,IF2,106,-366.465071294314
18,IF2,107,-372.70436808408476
18,IF2,108,-374.2138764166899
18,IF2,109,-368.36698175782465
18,IF2,110,-365.0922273896987
18,IF2,111,-364.13252055775035
18,IF2,112,-365.6007930063359
18,IF2,113,-365.91602574828136
18,IF2,114,-366.21335872768896
18,IF2,115,-366.4067457291277
18,IF2,116,-370.73304774285407
18,IF2,117,-365.9381273074021
18,IF2,118,-369.35579895298446
18,IF2,119,-365.2493352063391
18,IF2,120,-368.8548121139106
18,IF2,121,-366.08258817350463
18,IF2,122,-372.1435742222303
18,IF2,123,-368.37505777286685
18,IF2,124,-365.2448900135206
18,IF2,125,-367.4003956614785
18,IF2,126,-363.19273422988095
18,IF2,127,-364.2192252009356
18,IF2,128,-359.79339630605796
18,IF2,129,-360.17465361751556
18,IF2,130,-370.0531624424659
18,IF2,131,-358.9338435941134
18,IF2,132,-362.3906190318363
18,IF2,133,-366.7815564874342
18,IF2,134,-362.29434226284707
18,IF2,135,-368.59924668326596
18,IF2,136,-367.38431276108776
18,IF2,137,-366.55795177039244
18,IF2,138,-366.7141981925196
18,IF2,139,-360.6425482149502
18,IF2,140,-362.32981561598905
18,IF2,141,-361.0543080147344
18,IF2,142,-363.3394363704319
18,IF2,143,-364.739146457322
18,IF2,144,-366.8607714407793
18,IF2,145,-365.97227530132903
18,IF2,146,-365.22492699738876
18,IF2,147,-362.2110929217339
18,IF2,148,-362.07764829039263
18,IF2,149,-367.33902187127745
18,IF2,150,-362.95707800684124
18,IF2,151,-365.9836405452898
18,IF2,152,-360.9054226715165
18,IF2,153,-360.30975818021733
18,IF2,154,-365.852529954409
18,IF2,155,-362.81270165187976
18,IF2,156,-363.0890205502217
18,IF2,157,-364.1057819913287
18,IF2,158,-368.1785503034148
18,IF2,159,-363.01244531429506
18,IF2,160,-363.5569782587159
18,IF2,161,-362.1244767462675
18,IF2,162,-369.2643534692004
18,IF2,163,-363.79534859713937
18,IF2,164,-368.2644007616665
18,IF2,165,-360.188065849348
18,IF2,166,-366.42422899090695
18,IF2,167,-364.2312809706369
18,IF2,168,-365.6914970508049
18,IF2,169,-363.2761004878217
18,IF2,170,-368.8178801718313
18,IF2,171,-365.6626251103582
18,IF2,172,-363.8329449145573
18,IF2,173,-363.8049669527353
18,IF2,174,-369.0629334095125
18,IF2,175,-368.2369738523505
18,IF2,176,-370.79695387379536
18,IF2,177,-370.39518962244534
18,IF2,178,-375.3736270675658
18,IF2,179,-375.0844010895153
18,IF2,180,-377.0670666614304
18,IF2,181,-369.0892282557479
18,IF2,182,-369.61362969738775
18,IF2,183,-375.6788524381858
18,IF2,184,-371.30058452424237
18,IF2,185,-369.9673737765109
18,IF2,186,-370.07651740372296
18,IF2,187,-367.50383278196773
18,IF2,188,-368.66076291590895
18,IF2,189,-368.2904572995723
18,IF2,190,-367.59305786826985
18,IF2,191,-363.4454200058248
18,IF2,192,-363.26051203600133
18,IF2,193,-367.5831482031074
18,IF2,194,-368.7634609119722
18,IF2,195,-372.10583967961037
18,IF2,196,-363.62790507362604
18,IF2,197,-367.8105172936961
18,IF2,198,-373.508203033384
18,IF2,199,-369.9284210710846
18,IF2,200,-367.27171667413563
18,IF2,201,-368.2911585613742
18,IF2,202,-366.20140649425656
18,IF2,203,-373.91945877747185
18,IF2,204,-369.9927662395879
18,IF2,205,-367.0008913204249
18,IF2,206,-373.78315965104434
18,IF2,207,-369.65573208464514
18,IF2,208,-371.08130198496514
18,IF2,209,-369.6925322914811
18,IF2,210,-372.25178339163807
18,IF2,211,-367.31157221456266
18,IF2,212,-365.05601307148186
18,IF2,213,-369.37789801314244
18,IF2,214,-367.04132169846866
18,IF2,215,-368.5537073929814
18,IF2,216,-370.3979445048959
18,IF2,217,-365.94954707437023
18,IF2,218,-368.3586786593585
18,IF2,219,-369.004052999878
18,IF2,220,-368.4290393317858
18,IF2,221,-368.00240666332326
18,IF2,222,-369.41754914919045
18,IF2,223,-371.48935833085466
18,IF2,224,-368.8456644227745
18,IF2,225,-370.40183271751613
18,IF2,226,-367.6944709968777
18,IF2,227,-363.3133571794307
18,IF2,228,-366.52715345036336
18,IF2,229,-371.6162319745325
18,IF2,230,-368.9995151599827
18,IF2,231,-367.7813943124493
18,IF2,232,-369.9703080138237
18,IF2,233,-370.2768978021102
18,IF2,234,-365.15820101068516
18,IF2,235,-368.1726498699741
18,IF2,236,-366.54528791420694
18,IF2,237,-367.54237683224216
18,IF2,238,-368.8729927637714
18,IF2,239,-365.23301087146586
18,IF2,240,-369.685432272784
18,IF2,241,-365.0566409011483
18,IF2,242,-364.3320864154381
18,IF2,243,-367.3452484984353
18,IF2,244,-370.6128363571714
18,IF2,245,-366.62549538503646
18,IF2,246,-371.36957040529336
18,IF2,247,-369.5111865815787
18,IF2,248,-367.95267814014875
18,IF2,249,-367.38422562235127
18,IF2,250,-370.25147337882447
18,IF2,251,-368.89120994954095
18,IF2,252,-366.79823895583473
18,IF2,253,-369.3200606250501
18,IF2,254,-368.6681371456421
18,IF2,255,-365.8941165196797
18,IF2,256,-371.4883615789358
18,IF2,257,-372.60032815585214
18,IF2,258,-372.9842930223739
18,IF2,259,-365.49786859381584
18,IF2,260,-367.7288171866604
18,IF2,261,-369.9947696744696
18,IF2,262,-370.3240426485665
18,IF2,263,-369.94190159189577
18,IF2,264,-367.4091100621371
18,IF2,265,-370.8757741176412
18,IF2,266,-371.4565220160805
18,IF2,267,-373.05439436685737
18,IF2,268,-370.35268379680633
18,IF2,269,-369.5063289993193
18,IF2,270,-371.086777167893
18,IF2,271,-370.8715833826024
18,IF2,272,-370.3913018685896
18,IF2,273,-366.9135797380292
18,IF2,274,-366.40854404967104
18,IF2,275,-364.0661315287055
18,IF2,276,-369.65992878164735
18,IF2,277,-367.1852573698952
18,IF2,278,-366.1249788961855
18,IF2,279,-365.257131084495
18,IF2,280,-364.5782326130034
18,IF2,281,-372.37962073831915
18,IF2,282,-369.325730650345
18,IF2,283,-364.41185289167964
18,IF2,284,-364.31572868812674
18,IF2,285,-365.3090626417902
18,IF2,286,-365.3057246715107
18,IF2,287,-364.80863905224135
18,IF2,288,-363.5084814999227
18,IF2,289,-365.88377576714066
18,IF2,290,-366.75389940484195
18,IF2,291,-369.5173292586505
18,IF2,292,-366.0553024858676
18,IF2,293,-367.6876985582278
18,IF2,294,-371.6821540131997
18,IF2,295,-370.5839696277241
18,IF2,296,-369.63980698776106
18,IF2,297,-364.4162549247126
18,IF2,298,-368.22219775055953
18,IF2,299,-366.1517772468426
18,IF2,300,-365.9727798351158
18,IF2,301,-368.24055865863096
18,IF2,302,-364.6428680415889
18,IF2,303,-365.4180678030863
18,IF2,304,-361.7662382371705
18,IF2,305,-371.43916721956015
18,IF2,306,-368.76386305869283
18,IF2,307,-366.5012069018335
18,IF2,308,-362.3696688199694
18,IF2,309,-369.90017844934187
18,IF2,310,-366.03801030694353
18,IF2,311,-367.4326268254764
18,IF2,312,-365.9371176874494
18,IF2,313,-368.67740298433444
18,IF2,314,-368.6253540799455
18,IF2,315,-360.58552091452566
18,IF2,316,-364.4471261543061
18,IF2,317,-363.66918562783945
18,IF2,318,-364.0488210197428
18,IF2,319,-368.5144794538564
18,IF2,320,-366.74714978131584
18,IF2,321,-371.025762497192
18,IF2,322,-364.4390944681153
18,IF2,323,-369.05717094321204
18,IF2,324,-366.0899773002266
18,IF2,325,-367.49268248024987
18,IF2,326,-367.02916313204395
18,IF2,327,-365.0346816345703
18,IF2,328,-369.41726382395063
18,IF2,329,-367.1179026575257
18,IF2,330,-365.87983399374605
18,IF2,331,-365.5199704223697
18,IF2,332,-367.8958566734809
18,IF2,333,-369.3686147583753
18,IF2,334,-365.79009864710525
18,IF2,335,-366.26960220252295
18,IF2,336,-366.56229401782014
18,IF2,337,-369.82914179970174
18,IF2,338,-370.36132209786064
18,IF2,339,-368.0678277440324
18,IF2,340,-368.2650376886057
18,IF2,341,-368.18248076663133
18,IF2,342,-368.36448532920133
18,IF2,343,-364.36259109671
18,IF2,344,-365.11653526018455
18,IF2,345,-368.9513878325034
18,IF2,346,-368.06333238805917
18,IF2,347,-367.8400157793982
18,IF2,348,-367.98341127714656
18,IF2,349,-366.84245624339417
18,IF2,350,-366.72228250141796
18,IF2,351,-365.28999949239306
18,IF2,352,-368.492151426962
18,IF2,353,-365.4934710262739
18,IF2,354,-366.77070501784584
18,IF2,355,-369.4157822326247
18,IF2,356,-367.058813192688
18,IF2,357,-363.3431515062723
18,IF2,358,-368.32421053095766
18,IF2,359,-365.89335985065884
18,IF2,360,-365.46470022079967
18,IF2,361,-365.8008506607943
18,IF2,362,-363.80607561894885
18,IF2,363,-368.66352856143
18,IF2,364,-367.3535464391386
18,IF2,365,-367.1924524856747
18,IF2,366,-367.3431865822966
18,IF2,367,-365.3068977717697
18,IF2,368,-370.2196760032621
18,IF2,369,-362.4680114994452
18,IF2,370,-372.7216708132047
18,IF2,371,-363.71332123038263
18,IF2,372,-366.4874520479519
18,IF2,373,-364.8086157985283
18,IF2,374,-365.3469654304465
18,IF2,375,-367.05627226190364
18,IF2,376,-368.6575322756567
18,IF2,377,-366.2723649313119
18,IF2,378,-365.6452769887376
18,IF2,379,-367.9033678682548
18,IF2,380,-365.5468945626149
18,IF2,381,-370.77667601010546
18,IF2,382,-368.15110829293576
18,IF2,383,-368.15900156955826
18,IF2,384,-366.8032237031102
18,IF2,385,-363.6352013618747
18,IF2,386,-372.3826972489595
18,IF2,387,-371.3680637288983
18,IF2,388,-365.22241207966016
18,IF2,389,-365.33819634028947
18,IF2,390,-372.8231520126452
18,IF2,391,-365.6406951937765
18,IF2,392,-370.99498656627543
18,IF2,393,-369.0636790267082
18,IF2,394,-366.51185496697855
18,IF2,395,-365.3928339517873
18,IF2,396,-369.88034649045414
18,IF2,397,-368.9010318679658
18,IF2,398,-370.3395984991756
18,IF2,399,-365.05806563603136
18,IF2,400,-370.8177782217143
18,IF2,401,-368.41908257073413
18,IF2,402,-364.67963375303907
18,IF2,403,-368.04144038035565
18,IF2,404,-370.56791789160434
18,IF2,405,-366.8853779418059
18,IF2,406,-368.6975631326527
18,IF2,407,-368.45285352281843
18,IF2,408,-367.72435538218326
18,IF2,409,-363.473483165627
18,IF2,410,-365.9016767419912
18,IF2,411,-364.2614532968128
18,IF2,412,-366.85624770033905
18,IF2,413,-365.20950865874477
18,IF2,414,-367.7625562269046
18,IF2,415,-363.342180582288
18,IF2,416,-365.8816042958406
18,IF2,417,-363.67693656485915
18,IF2,418,-369.52879416373145
18,IF2,419,-370.6951872149623
18,IF2,420,-373.5012267650985
18,IF2,421,-366.0005876545651
18,IF2,422,-363.47307694571106
18,IF2,423,-367.8227856249961
18,IF2,424,-367.4161859008588
18,IF2,425,-366.8703881994364
18,IF2,426,-368.3713579074149
18,IF2,427,-367.83293478162227
18,IF2,428,-365.68459046736047
18,IF2,429,-366.47862752559115
18,IF2,430,-368.6192128192392
18,IF2,431,-364.7489549598979
18,IF2,432,-369.12357298456595
18,IF2,433,-366.74726675633735
18,IF2,434,-368.6427461692278
18,IF2,435,-373.39911964442814
18,IF2,436,-363.81972046465285
18,IF2,437,-362.5989319197359
18,IF2,438,-364.2429890751317
18,IF2,439,-370.87670008059337
18,IF2,440,-366.01527303576853
18,IF2,441,-367.2745170394825
18,IF2,442,-371.0797011527104
18,IF2,443,-364.3823171662217
18,IF2,444,-366.8167492204486
18,IF2,445,-364.3999827256635
18,IF2,446,-370.61222084257537
18,IF2,447,-367.3920817034185
18,IF2,448,-367.3448466462304
18,IF2,449,-368.2442511241797
18,IF2,450,-371.35624460536974
18,IF2,451,-371.62010428398787
18,IF2,452,-369.6504691361974
18,IF2,453,-369.5126038179901
18,IF2,454,-365.26234084993825
18,IF2,455,-369.6432619648048
18,IF2,456,-370.18107226020965
18,IF2,457,-364.1342792642666
18,IF2,458,-362.42695708879234
18,IF2,459,-367.5153060071489
18,IF2,460,-366.2077917449421
18,IF2,461,-370.94376197046154
18,IF2,462,-367.8883098513182
18,IF2,463,-369.81396733958474
18,IF2,464,-365.90994441043864
18,IF2,465,-373.65955281023145
18,IF2,466,-368.3815599589908
18,IF2,467,-365.3129058276522
18,IF2,468,-371.9978592362293
18,IF2,469,-370.17623343941733
18,IF2,470,-367.00779634598126
18,IF2,471,-366.53308779227245
18,IF2,472,-365.5154426659712
18,IF2,473,-371.636960265061
18,IF2,474,-365.4566537292785
18,IF2,475,-371.6151893621392
18,IF2,476,-366.4859617452054
18,IF2,477,-372.7272377220753
18,IF2,478,-369.4614113838487
18,IF2,479,-368.00413949973944
18,IF2,480,-365.86726712655144
18,IF2,481,-370.25364667429244
18,IF2,482,-363.6302784684338
18,IF2,483,-368.8052990911501
18,IF2,484,-370.79773154204
18,IF2,485,-368.51820595808744
18,IF2,486,-364.7862041611724
18,IF2,487,-365.33700071447316
18,IF2,488,-367.6219094722375
18,IF2,489,-366.4946459647484
18,IF2,490,-370.405258395827
18,IF2,491,-367.52874190825565
18,IF2,492,-367.7538879360504
18,IF2,493,-370.6019031298192
18,IF2,494,-369.8435402714151
18,IF2,495,-364.5786198523045
18,IF2,496,-367.87286613926096
18,IF2,497,-370.57283936469406
18,IF2,498,-366.194908197158
18,IF2,499,-366.22186856442755
18,IF2,500,-366.59820525372334
18,IF2,501,-368.9993771937624
18,IF2,502,-366.43185122970425
18,IF2,503,-367.03822936965116
18,IF2,504,-365.8899736258257
18,IF2,505,-370.0705688477451
18,IF2,506,-367.576497124306
18,IF2,507,-370.54697520206395
18,IF2,508,-366.9225709804443
18,IF2,509,-362.99142643389456
18,IF2,510,-362.98939959260866
18,IF2,511,-365.6709219246965
18,IF2,512,-372.3522049949037
18,IF2,513,-363.21045741036386
18,IF2,514,-369.2099344877631
18,IF2,515,-367.0602149049317
18,IF2,516,-370.7882117241582
18,IF2,517,-369.9680512368511
18,IF2,518,-366.7574247219814
18,IF2,519,-371.9060037337089
18,IF2,520,-366.3879998932571
18,IF2,521,-368.0883649104806
18,IF2,522,-368.6552860497403
18,IF2,523,-365.2659150193818
18,IF2,524,-372.01290543540296
18,IF2,525,-368.84446983153236
18,IF2,526,-370.220795879105
18,IF2,527,-367.02555334731795
18,IF2,528,-369.669720302805
18,IF2,529,-368.8907542347404
18,IF2,530,-370.0979963920828
18,IF2,531,-366.14938738841073
18,IF2,532,-370.5956786756645
18,IF2,533,-369.3434762320177
18,IF2,534,-366.33207827574836
18,IF2,535,-364.82387886762467
18,IF2,536,-371.48427149765126
18,IF2,537,-367.2198416680251
18,IF2,538,-366.7100202655077
18,IF2,539,-366.29963363155116
18,IF2,540,-366.3251980283017
18,IF2,541,-367.5332848300874
18,IF2,542,-367.4212493707866
18,IF2,543,-368.04513933424585
18,IF2,544,-369.75454423891836
18,IF2,545,-366.4049166495698
18,IF2,546,-367.771681428198
18,IF2,547,-365.07085521739316
18,IF2,548,-367.663766835471
18,IF2,549,-370.8458040088686
18,IF2,550,-367.69193621261735
18,IF2,551,-368.57681230969746
18,IF2,552,-364.7186336118404
18,IF2,553,-364.2486782316966
18,IF2,554,-367.9898651161931
18,IF2,555,-365.47008710949154
18,IF2,556,-368.14030795444523
18,IF2,557,-367.60940460589023
18,IF2,558,-365.48687417964254
18,IF2,559,-370.04565834247273
18,IF2,560,-368.70182165031554
18,IF2,561,-371.2753835348243
18,IF2,562,-367.1350644648598
18,IF2,563,-372.0817826848314
18,IF2,564,-366.8948783136777
18,IF2,565,-366.66826390503036
18,IF2,566,-364.0070056216916
18,IF2,567,-368.9643681016155
18,IF2,568,-367.5811656728082
18,IF2,569,-368.4685221963675
18,IF2,570,-366.0549463679059
18,IF2,571,-364.6849195660503
18,IF2,572,-366.0500081657375
18,IF2,573,-371.98639900444584
18,IF2,574,-368.45672757571083
18,IF2,575,-366.75053979214186
18,IF2,576,-368.3975306350873
18,IF2,577,-371.55317325181943
18,IF2,578,-367.8083921306768
18,IF2,579,-365.5148293177218
18,IF2,580,-371.50430906142776
18,IF2,581,-367.54504653200416
18,IF2,582,-370.7096243927706
18,IF2,583,-368.33437704569724
18,IF2,584,-364.6458205445087
18,IF2,585,-371.8465838702307
18,IF2,586,-365.11671890261687
18,IF2,587,-365.4648152844202
18,IF2,588,-363.2426425291435
18,IF2,589,-368.4106549776863
18,IF2,590,-366.11528554805517
18,IF2,591,-369.59096011720254
18,IF2,592,-366.91604365875264
18,IF2,593,-371.2903032239952
18,IF2,594,-372.27053041458356
18,IF2,595,-373.75647788360277
18,IF2,596,-367.99684989445296
18,IF2,597,-367.75041229758654
18,IF2,598,-371.24724708871986
18,IF2,599,-366.89949569012356
18,IFAD,0,-362.4063507674085
18,IFAD,1,-360.8410715124898
18,IFAD,2,-368.4169841646786
18,IFAD,3,-367.124269826055
18,IFAD,4,-371.9466121417895
18,IFAD,5,-369.8810994864899
18,IFAD,6,-373.7735948029911
18,IFAD,7,-365.38053888647187
18,IFAD,8,-359.6901869033915
18,IFAD,9,-368.0906582427322
18,IFAD,10,-370.0727683450856
18,IFAD,11,-365.1775666151026
18,IFAD,12,-368.35275206273553
18,IFAD,13,-376.6221337086764
18,IFAD,14,-367.6563630315806
18,IFAD,15,-363.769302566558
18,IFAD,16,-368.4479369384129
18,IFAD,17,-365.1768197873602
18,IFAD,18,-368.01068002773974
18,IFAD,19,-363.03454381093746
18,IFAD,20,-372.16268107176285
18,IFAD,21,-368.223188812614
18,IFAD,22,-366.0328418393958
18,IFAD,23,-368.67412509968295
18,IFAD,24,-362.52394473342486
18,IFAD,25,-359.6974681116007
18,IFAD,26,-362.17666571133543
18,IFAD,27,-361.7872423916906
18,IFAD,28,-365.01426377774504
18,IFAD,29,-366.77028401704985
18,IFAD,30,-374.74437315450245
18,IFAD,31,-370.80713804803304
18,IFAD,32,-366.559922039164
18,IFAD,33,-373.53323233618005
18,IFAD,34,-368.9749261659922
18,IFAD,35,-368.9627404239296
18,IFAD,36,-365.54827432593885
18,IFAD,37,-362.79819467996407
18,IFAD,38,-364.9856750258351
18,IFAD,39,-365.6205747575429
18,IFAD,40,-370.8755082683319
18,IFAD,41,-371.9375785371329
18,IFAD,42,-366.39708075539113
18,IFAD,43,-363.20196539738794
18,IFAD,44,-361.91088680925765
18,IFAD,45,-368.26621826712716
18,IFAD,46,-364.3354042359133
18,IFAD,47,-364.16596056645517
18,IFAD,48,-372.96069373947824
18,IFAD,49,-365.7358296856631
18,IFAD,50,-363.434427878216
18,IFAD,51,-367.0153098017703
18,IFAD,52,-362.07001946174984
18,IFAD,53,-364.48779550504395
18,IFAD,54,-366.35745747731545
18,IFAD,55,-367.6594621362186
18,IFAD,56,-364.94428353245735
18,IFAD,57,-366.1122174875479
18,IFAD,58,-364.5145339358323
18,IFAD,59,-360.8310133615613
18,IFAD,60,-371.59839672144204
18,IFAD,61,-368.79309875170856
18,IFAD,62,-368.3429274113348
18,IFAD,63,-362.95032982623394
18,IFAD,64,-359.9028900028011
18,IFAD,65,-361.0682823593867
18,IFAD,66,-369.0771485971972
18,IFAD,67,-362.2682656493154
18,IFAD,68,-365.02630348702274
18,IFAD,69,-359.0148878814094
18,IFAD,70,-361.28324550883667
18,IFAD,71,-367.80124113573555
18,IFAD,72,-366.44019930231553
18,IFAD,73,-369.11567392893835
18,IFAD,74,-363.11139414502446
18,IFAD,75,-367.97905171754036
18,IFAD,76,-364.7602412965596
18,IFAD,77,-365.0026337782857
18,IFAD,78,-362.05885201883996
18,IFAD,79,-366.7098672526876
18,IFAD,80,-362.9499103201606
18,IFAD,81,-359.8754845844448
18,IFAD,82,-367.4035774888073
18,IFAD,83,-365.830294298341
18,IFAD,84,-365.2145489086476
18,IFAD,85,-367.003703658837
18,IFAD,86,-359.5839619429287
18,IFAD,87,-367.17989766343123
18,IFAD,88,-369.6448633325467
18,IFAD,89,-369.81309294383277
18,IFAD,90,-366.2388361735957
18,IFAD,91,-371.871263602396
18,IFAD,92,-368.1704540067293
18,IFAD,93,-365.6845925104884
18,IFAD,94,-365.11945530846026
18,IFAD,95,-360.1611544789176
18,IFAD,96,-366.9229506880952
18,IFAD,97,-363.8795115760263
18,IFAD,98,-361.56045414196905
18,IFAD,99,-364.8165186918852
18,IFAD,100,-364.6355619165217
18,IFAD,101,-360.78526696131513
18,IFAD,102,-363.7760697991803
18,IFAD,103,-364.43498121361887
18,IFAD,104,-366.41125903622907
18,IFAD,105,-366.5577088090657
18,IFAD,106,-363.10524127115434
18,IFAD,107,-365.1925012946
18,IFAD,108,-363.20136274452074
18,IFAD,109,-363.6763415575409
18,IFAD,110,-359.04616788822483
18,IFAD,111,-365.7693983892567
18,IFAD,112,-361.23585195538124
18,IFAD,113,-362.71632898943363
18,IFAD,114,-359.15445755007306
18,IFAD,115,-365.45995960215805
18,IFAD,116,-357.8031233339613
18,IFAD,117,-361.1666958682707
18,IFAD,118,-363.6603045672894
18,IFAD,119,-362.7875048167357
18,IFAD,120,-360.9447643056468
18,IFAD,121,-361.60550638815363
18,IFAD,122,-367.7169615739403
18,IFAD,123,-361.5740347661568
18,IFAD,124,-362.2243860591977
18,IFAD,125,-363.64432389506084
18,IFAD,126,-362.97840698442894
18,IFAD,127,-364.4865293838493
18,IFAD,128,-360.9981386163578
18,IFAD,129,-362.14655163519046
18,IFAD,130,-365.0952087200675
18,IFAD,131,-361.38068293754225
18,IFAD,132,-361.27186725244854
18,IFAD,133,-366.7616373317605
18,IFAD,134,-362.05591102433704
18,IFAD,135,-358.7912167809474
18,IFAD,136,-363.91485439200954
18,IFAD,137,-363.15806813228204
18,IFAD,138,-360.81265164939657
18,IFAD,139,-360.8992930822491
18,IFAD,140,-361.96136669139815
18,IFAD,141,-359.7872594165426
18,IFAD,142,-364.7073725721995
18,IFAD,143,-362.2441615877989
18,IFAD,144,-363.20511698667497
18,IFAD,145,-364.42715698413247
18,IFAD,146,-364.7261844952986
18,IFAD,147,-362.7688613039564
18,IFAD,148,-361.3023745216107
18,IFAD,149,-362.156295830183
18,IFAD,150,-367.2486516425545
18,IFAD,151,-365.3505911336894
18,IFAD,152,-364.6978762729097
18,IFAD,153,-361.4209612865073
18,IFAD,154,-362.41574122427585
18,IFAD,155,-369.0269073290867
18,IFAD,156,-366.2246354050922
18,IFAD,157,-362.66562556832383
18,IFAD,158,-367.16093367587035
18,IFAD,159,-362.81805387554755
18,IFAD,160,-365.7887659143174
18,IFAD,161,-363.04224268766677
18,IFAD,162,-361.3087155203061
18,IFAD,163,-363.5573887065787
18,IFAD,164,-368.13123754421105
18,IFAD,165,-362.7644458504824
18,IFAD,166,-367.8439461685563
18,IFAD,167,-363.8715954340132
18,IFAD,168,-364.24953217594634
18,IFAD,169,-362.97308054621163
18,IFAD,170,-362.2008687257476
18,IFAD,171,-363.2139844393069
18,IFAD,172,-364.60984325938443
18,IFAD,173,-362.0985596278696
18,IFAD,174,-364.3059854479768
18,IFAD,175,-361.0107319158491
18,IFAD,176,-361.28361016479533
18,IFAD,177,-360.27254386238116
18,IFAD,178,-363.5646441818841
18,IFAD,179,-364.57568061778323
18,IFAD,180,-358.39013483595244
18,IFAD,181,-359.5675247181251
18,IFAD,182,-360.22120979424693
18,IFAD,183,-373.41626348763356
18,IFAD,184,-364.52992955607954
18,IFAD,185,-361.08816840641856
18,IFAD,186,-364.31248032170714
18,IFAD,187,-364.7369299019806
18,IFAD,188,-361.03385137846584
18,IFAD,189,-367.2636794357431
18,IFAD,190,-359.36781095072035
18,IFAD,191,-365.12964880445026
18,IFAD,192,-359.5783046752228
18,IFAD,193,-361.2185321477901
18,IFAD,194,-365.02833780852256
18,IFAD,195,-363.0642981098547
18,IFAD,196,-365.13305509811704
18,IFAD,197,-367.5202986309989
18,IFAD,198,-364.4066236933713
18,IFAD,199,-363.41307475006454
18,IFAD,200,-365.0284417213067
18,IFAD,201,-360.402219277596
18,IFAD,202,-360.42765130550646
18,IFAD,203,-359.8590742174492
18,IFAD,204,-364.43679376037835
18,IFAD,205,-361.2108711219476
18,IFAD,206,-359.50766470920456
18,IFAD,207,-360.2703820007069
18,IFAD,208,-361.6416785430582
18,IFAD,209,-361.3998487433724
18,IFAD,210,-366.82625568071825
18,IFAD,211,-367.7924467235867
18,IFAD,212,-364.8824088401424
18,IFAD,213,-361.8659180117192
18,IFAD,214,-363.70429399629984
18,IFAD,215,-364.2061626012693
18,IFAD,216,-364.2364303303862
18,IFAD,217,-362.45022644700316
18,IFAD,218,-363.9911225651754
18,IFAD,219,-362.09720322794135
18,IFAD,220,-365.5699246318924
18,IFAD,221,-361.40102569536697
18,IFAD,222,-365.32561959835454
18,IFAD,223,-367.14684093128596
18,IFAD,224,-360.20603794449687
18,IFAD,225,-363.6130898051716
18,IFAD,226,-364.50042372034085
18,IFAD,227,-363.8885982954511
18,IFAD,228,-367.5137877526309
18,IFAD,229,-360.93640385076895
18,IFAD,230,-368.2576906618598
18,IFAD,231,-364.1916533739699
18,IFAD,232,-364.24152382148327
18,IFAD,233,-364.24210968460113
18,IFAD,234,-366.11704213368205
18,IFAD,235,-361.6665716916065
18,IFAD,236,-365.0547432181791
18,IFAD,237,-358.9506704713098
18,IFAD,238,-359.5018967957914
18,IFAD,239,-367.8793223815977
18,IFAD,240,-362.14728901944375
18,IFAD,241,-363.3498434720501
18,IFAD,242,-363.2356781163415
18,IFAD,243,-362.9443872525743
18,IFAD,244,-359.76182942566874
18,IFAD,245,-362.0075862790357
18,IFAD,246,-368.0320468214447
18,IFAD,247,-360.013039835896
18,IFAD,248,-360.257245386504
18,IFAD,249,-359.7652750428742
18,IFAD,250,-366.2677412299239
18,IFAD,251,-365.4143916597232
18,IFAD,252,-364.1154645383995
18,IFAD,253,-366.665907242527
18,IFAD,254,-362.32128333190536
18,IFAD,255,-362.9074245759556
18,IFAD,256,-367.92426734186535
18,IFAD,257,-365.1295247440969
18,IFAD,258,-363.7029522739298
18,IFAD,259,-370.29926763560485
18,IFAD,260,-362.98569056535996
18,IFAD,261,-363.8145489539991
18,IFAD,262,-361.1188163081878
18,IFAD,263,-365.3561782441027
18,IFAD,264,-364.1985013935675
18,IFAD,265,-364.3686125379554
18,IFAD,266,-363.3335074681196
18,IFAD,267,-366.14379858310787
18,IFAD,268,-360.22595194142303
18,IFAD,269,-361.9643293535298
18,IFAD,270,-361.0381745224605
18,IFAD,271,-365.7251249186408
18,IFAD,272,-362.05433100992707
18,IFAD,273,-361.2953052483728
18,IFAD,274,-362.88023043683137
18,IFAD,275,-360.45538959771767
18,IFAD,276,-361.6655569990352
18,IFAD,277,-358.3149543069184
18,IFAD,278,-365.7393215364902
18,IFAD,279,-360.9820258087485
18,IFAD,280,-363.9544302247929
18,IFAD,281,-363.87603211901785
18,IFAD,282,-366.27547386801547
18,IFAD,283,-367.81214176698523
18,IFAD,284,-364.0566202363505
18,IFAD,285,-358.59956872199837
18,IFAD,286,-357.4387743814047
18,IFAD,287,-362.67621260325274
18,IFAD,288,-364.03268687456915
18,IFAD,289,-365.48200809840915
18,IFAD,290,-365.3772457779091
18,IFAD,291,-359.21844186845755
18,IFAD,292,-362.34695872508405
18,IFAD,293,-358.7828780631381
18,IFAD,294,-358.80572467912395
18,IFAD,295,-362.6953788801798
18,IFAD,296,-366.4281125216141
18,IFAD,297,-366.1264101375738
18,IFAD,298,-358.8683347987045
18,IFAD,299,-367.1797768867445
18,IFAD,300,-361.35854490646676
18,IFAD,301,-370.57287601824845
18,IFAD,302,-364.02685221482744
18,IFAD,303,-363.8784353504238
18,IFAD,304,-366.12573820799076
18,IFAD,305,-362.2851989377169
18,IFAD,306,-364.60733955942845
18,IFAD,307,-365.302096954594
18,IFAD,308,-364.10165065094486
18,IFAD,309,-364.4892349776541
18,IFAD,310,-361.90149203038817
18,IFAD,311,-363.7640946831381
18,IFAD,312,-368.4492562522006
18,IFAD,313,-369.4224459447266
18,IFAD,314,-361.4439057917263
18,IFAD,315,-365.69600879175783
18,IFAD,316,-362.58806889394305
18,IFAD,317,-365.14825317725655
18,IFAD,318,-363.645210338958
18,IFAD,319,-366.52155328832606
18,IFAD,320,-363.25767248692
18,IFAD,321,-362.79191948798297
18,IFAD,322,-361.976104538142
18,IFAD,323,-362.36159718069615
18,IFAD,324,-366.1745334221971
18,IFAD,325,-365.1450092037821
18,IFAD,326,-363.2310240972135
18,IFAD,327,-361.6864452228693
18,IFAD,328,-361.21262123615116
18,IFAD,329,-369.66291634695403
18,IFAD,330,-363.9462114837747
18,IFAD,331,-365.78840963351144
18,IFAD,332,-363.7431570273783
18,IFAD,333,-360.24091314835454
18,IFAD,334,-365.1432810813251
18,IFAD,335,-361.35754664359604
18,IFAD,336,-366.4604826013768
18,IFAD,337,-367.6648237681983
18,IFAD,338,-358.04916223245334
18,IFAD,339,-361.549385950544
18,IFAD,340,-363.6372667681239
18,IFAD,341,-359.08875653654326
18,IFAD,342,-362.1976306281719
18,IFAD,343,-366.8946908440862
18,IFAD,344,-363.9173543246147
18,IFAD,345,-362.5357337183997
18,IFAD,346,-362.8250131411397
18,IFAD,347,-365.0804344926524
18,IFAD,348,-360.76089475764604
18,IFAD,349,-363.2508156293159
18,IFAD,350,-366.54508681893304
18,IFAD,351,-364.9702078743986
18,IFAD,352,-362.92444339620045
18,IFAD,353,-364.92996237519077
18,IFAD,354,-365.9420237912892
18,IFAD,355,-361.8304062838336
18,IFAD,356,-357.1129965927841
18,IFAD,357,-365.88464920091235
18,IFAD,358,-368.59017286754414
18,IFAD,359,-361.6824577522041
18,IFAD,360,-368.55865857869395
18,IFAD,361,-363.1122923338174
18,IFAD,362,-362.1767508175683
18,IFAD,363,-359.8114451509692
18,IFAD,364,-366.95068720671
18,IFAD,365,-368.3358824557786
18,IFAD,366,-361.7583642766806
18,IFAD,367,-362.77799974217794
18,IFAD,368,-361.05744500809277
18,IFAD,369,-364.28129831489815
18,IFAD,370,-364.1851695690787
18,IFAD,371,-365.79393308457617
18,IFAD,372,-361.5039219546424
18,IFAD,373,-364.8639264491398
18,IFAD,374,-367.22591588582657
18,IFAD,375,-368.80586420701496
18,IFAD,376,-361.6933576867712
18,IFAD,377,-362.6596329381442
18,IFAD,378,-359.9139307072836
18,IFAD,379,-358.089917627678
18,IFAD,380,-360.56080992193955
18,IFAD,381,-362.50711023880217
18,IFAD,382,-366.2534585050778
18,IFAD,383,-361.95958150592435
18,IFAD,384,-363.8004139020336
18,IFAD,385,-361.8328370282793
18,IFAD,386,-368.96043556420307
18,IFAD,387,-355.73261343068947
18,IFAD,388,-362.23166930373145
18,IFAD,389,-364.5431531291636
18,IFAD,390,-365.72056126422495
18,IFAD,391,-361.4564300706145
18,IFAD,392,-362.81502028635975
18,IFAD,393,-366.8675986095661
18,IFAD,394,-367.0834187502032
18,IFAD,395,-364.2099917876558
18,IFAD,396,-364.3208154927885
18,IFAD,397,-360.05782807316143
18,IFAD,398,-361.5750310548213
18,IFAD,399,-369.07606997618274
18,DS19,0,-377.7653186564083
18,DS19,1,-372.76713541730624
18,DS19,2,-378.5551805913461
18,DS19,3,-380.7198482158524
18,DS19,4,-378.7145583460781
18,DS19,5,-373.8486481414873
18,DS19,6,-380.06087222966954
18,DS19,7,-385.88033826507274
18,DS19,8,-381.46437405098874
18,DS19,9,-377.9549135856946
18,DS19,10,-383.80686257488827
18,DS19,11,-377.47061843837685
18,DS19,12,-364.1281541590462
18,DS19,13,-374.314413706181
18,DS19,14,-378.3953263333415
18,DS19,15,-383.71507805666965
18,DS19,16,-369.1388111036509
18,DS19,17,-369.61873871011335
18,DS19,18,-375.20749061390086
18,DS19,19,-368.125812721119
18,DS19,20,-382.2564964654904
18,DS19,21,-380.1873415783256
18,DS19,22,-375.5239486069388
18,DS19,23,-384.85564601269874
18,DS19,24,-380.8242436706664
18,DS19,25,-365.58738669121624
18,DS19,26,-382.43844297463454
18,DS19,27,-369.67600102653887
18,DS19,28,-384.055510612754
18,DS19,29,-381.0615847077743
18,DS19,30,-372.7486823961267
18,DS19,31,-377.0282246752745
18,DS19,32,-374.1183955099138
18,DS19,33,-370.7129498389839
18,DS19,34,-372.68852917708534
18,DS19,35,-374.1462513415361
18,DS19,36,-381.8218557732331
18,DS19,37,-375.1501952025632
18,DS19,38,-372.9284130989132
18,DS19,39,-369.79877930843173
18,DS19,40,-373.76969907745644
18,DS19,41,-375.1821041224256
18,DS19,42,-368.23315955700645
18,DS19,43,-380.32065754723953
18,DS19,44,-377.4150690188976
18,DS19,45,-382.30753860856333
18,DS19,46,-373.43635203593465
18,DS19,47,-379.0419304090658
18,DS19,48,-377.57269354458174
18,DS19,49,-372.9458413375255
18,DS19,50,-367.9966245569147
18,DS19,51,-374.2719193279127
18,DS19,52,-369.67468681135875
18,DS19,53,-379.02529611435466
18,DS19,54,-386.0556212061498
18,DS19,55,-388.53695311145407
18,DS19,56,-372.2392634335544
18,DS19,57,-368.4189208995769
18,DS19,58,-381.22008928234675
18,DS19,59,-374.15401209660706
18,DS19,60,-373.5306827861877
18,DS19,61,-375.2654454196628
18,DS19,62,-379.59774801631676
18,DS19,63,-377.18286097114265
18,DS19,64,-372.57849460762594
18,DS19,65,-369.2802907177062
18,DS19,66,-380.9685188971538
18,DS19,67,-373.40784276176583
18,DS19,68,-375.8591448189619
18,DS19,69,-390.0338923285774
18,DS19,70,-377.3086305139601
18,DS19,71,-388.74760356926504
18,DS19,72,-379.9486037568995
18,DS19,73,-384.8963377134113
18,DS19,74,-373.0290718538283
18,DS19,75,-370.40300363173696
18,DS19,76,-377.58987796963413
18,DS19,77,-372.8239366466631
18,DS19,78,-364.6512796937636
18,DS19,79,-383.496499274142
18,DS19,80,-371.05853321095856
18,DS19,81,-374.4220756133542
18,DS19,82,-372.7266895856236
18,DS19,83,-376.52639256004295
18,DS19,84,-375.2361491632873
18,DS19,85,-379.6871544772672
18,DS19,86,-367.1809388654789
18,DS19,87,-370.1442869079889
18,DS19,88,-366.0494890462795
18,DS19,89,-370.6028915915252
18,DS19,90,-391.7801351350033
18,DS19,91,-382.74569216100605
18,DS19,92,-376.95344584145846
18,DS19,93,-381.0150113149576
18,DS19,94,-380.48950278092923
18,DS19,95,-377.8252917909267
18,DS19,96,-384.35353084736187
18,DS19,97,-372.034416831645
18,DS19,98,-377.94732377511593
18,DS19,99,-386.1187309203283
18,DS19,100,-366.1096703246449
18,DS19,101,-376.1724464139414
18,DS19,102,-374.9172766540771
18,DS19,103,-374.57931459812744
18,DS19,104,-389.7572792308327
18,DS19,105,-379.0732724273139
18,DS19,106,-387.5486278078602
18,DS19,107,-384.7748316849546
18,DS19,108,-378.5251094391775
18,DS19,109,-386.2745475160901
18,DS19,110,-382.787458921454
18,DS19,111,-368.1316611466972
18,DS19,112,-386.4852368380643
18,DS19,113,-369.3047880046045
18,DS19,114,-377.74408273268995
18,DS19,115,-379.8520342688483
18,DS19,116,-368.7722670796765
18,DS19,117,-378.3514935160864
18,DS19,118,-393.8966219716039
18,DS19,119,-377.6373537955193
18,DS19,120,-369.2892707208053
18,DS19,121,-376.96145259215467
18,DS19,122,-374.1811954638962
18,DS19,123,-376.71881482933134
18,DS19,124,-368.4283991813146
18,DS19,125,-375.40858794830984
18,DS19,126,-369.08927901594865
18,DS19,127,-375.297033194715
18,DS19,128,-368.3396299557184
18,DS19,129,-382.09620099791107
18,DS19,130,-377.96833889030785
18,DS19,131,-384.0114289628137
18,DS19,132,-361.44880220207415
18,DS19,133,-380.7417767119372
18,DS19,134,-384.40212906345084
18,DS19,135,-385.3101818147472
18,DS19,136,-380.8019592000982
18,DS19,137,-372.784232219091
18,DS19,138,-375.62118085487697
18,DS19,139,-368.87046211389986
18,DS19,140,-381.08197787038785
18,DS19,141,-372.76764349849583
18,DS19,142,-374.3691459864783
18,DS19,143,-375.7558080677881
18,DS19,144,-378.09286880870053
18,DS19,145,-383.08268611902866
18,DS19,146,-370.92910256563613
18,DS19,147,-387.79469664646376
18,DS19,148,-368.69848889604293
18,DS19,149,-376.50448601014693
18,DS19,150,-372.99814114442177
18,DS19,151,-381.35152870574075
18,DS19,152,-387.9656535616467
18,DS19,153,-374.9039593524781
18,DS19,154,-376.1282985382633
18,DS19,155,-362.55269304850026
18,DS19,156,-383.8501668623546
18,DS19,157,-374.19793736648546
18,DS19,158,-385.08371439016037
18,DS19,159,-379.30163706014486
18,DS19,160,-372.33312100488223
18,DS19,161,-364.9263002751836
18,DS19,162,-374.41009306241403
18,DS19,163,-375.52092928092236
18,DS19,164,-373.96119471070716
18,DS19,165,-379.5320727375081
18,DS19,166,-378.4445204534425
18,DS19,167,-372.0543418418218
18,DS19,168,-372.6569475242874
18,DS19,169,-371.1765127175018
18,DS19,170,-376.7881254003711
18,DS19,171,-406.3433427952661
18,DS19,172,-375.7432949315481
18,DS19,173,-368.7018647799356
18,DS19,174,-380.57492377102756
18,DS19,175,-372.11930681260407
18,DS19,176,-371.23564457722387
18,DS19,177,-376.4681859128609
18,DS19,178,-381.83512055733013
18,DS19,179,-376.0043093156494
18,DS19,180,-369.1416264754844
18,DS19,181,-376.82101080030617
18,DS19,182,-379.27579852002816
18,DS19,183,-374.361112409199
18,DS19,184,-373.8416670353389
18,DS19,185,-383.5503168222341
18,DS19,186,-375.9986217792214
18,DS19,187,-379.3157396199161
18,DS19,188,-382.28997529655766
18,DS19,189,-379.09042736105505
18,DS19,190,-379.1597019007561
18,DS19,191,-364.99989425869967
18,DS19,192,-373.11986851468237
18,DS19,193,-369.5342832635464
18,DS19,194,-372.34018193012827
18,DS19,195,-365.2778957685374
18,DS19,196,-382.5832510949776
18,DS19,197,-368.78990986938913
18,DS19,198,-386.0573860146521
18,DS19,199,-371.2619219993482
18,DS19,200,-379.6525221171005
18,DS19,201,-382.6554894032311
18,DS19,202,-368.6669768600672
18,DS19,203,-380.89584881963555
18,DS19,204,-385.7620954686556
18,DS19,205,-385.34971970616675
18,DS19,206,-380.2413850099901
18,DS19,207,-376.736062434728
18,DS19,208,-371.78240154974566
18,DS19,209,-372.43727514263645
18,DS19,210,-384.0426465816004
18,DS19,211,-378.247732448237
18,DS19,212,-377.62965123874955
18,DS19,213,-378.8144213612902
18,DS19,214,-375.4715438888076
18,DS19,215,-379.77448242799363
18,DS19,216,-369.4930342815268
18,DS19,217,-373.5373260420249
18,DS19,218,-367.7022116786085
18,DS19,219,-371.2852115302585
18,DS19,220,-378.03091230498336
18,DS19,221,-380.5033470464132
18,DS19,222,-376.0483781852386
18,DS19,223,-390.1035475132437
18,DS19,224,-370.79601571224936
18,DS19,225,-374.28530087657424
18,DS19,226,-372.01321940072273
18,DS19,227,-373.5226487048259
18,DS19,228,-372.72101803749433
18,DS19,229,-379.6663794361807
18,DS19,230,-369.6983788881928
18,DS19,231,-372.8101829475685
18,DS19,232,-377.2735458648066
18,DS19,233,-373.6946806941735
18,DS19,234,-376.7296997520664
18,DS19,235,-372.5788065938294
18,DS19,236,-382.08542769686676
18,DS19,237,-379.6116194848296
18,DS19,238,-379.8129954229133
18,DS19,239,-363.64868925438464
18,DS19,240,-381.80194135005553
18,DS19,241,-373.47985638925377
18,DS19,242,-372.8080942013694
18,DS19,243,-380.45372932213917
18,DS19,244,-381.52592335593465
18,DS19,245,-379.7346180273856
18,DS19,246,-369.8122382348853
18,DS19,247,-370.9356939356203
18,DS19,248,-362.16480371298496
18,DS19,249,-366.4637227471478
18,DS19,250,-373.4372028143335
18,DS19,251,-369.9491752629463
18,DS19,252,-365.81348254370914
18,DS19,253,-372.2878609372987
18,DS19,254,-375.3882309832279
18,DS19,255,-380.90064048336313
18,DS19,256,-380.79017180452666
18,DS19,257,-381.8976972120307
18,DS19,258,-376.88577463051695
18,DS19,259,-366.4676369037267
18,DS19,260,-367.39350808871325
18,DS19,261,-374.634472794468
18,DS19,262,-365.11896395958274
18,DS19,263,-382.2834864680858
18,DS19,264,-376.582233963533
18,DS19,265,-370.14612647273356
18,DS19,266,-375.4335602314506
18,DS19,267,-372.2047690311133
18,DS19,268,-374.45076136516855
18,DS19,269,-368.8477413554837
18,DS19,270,-385.74276150354723
18,DS19,271,-364.6819311903629
18,DS19,272,-368.08624140156724
18,DS19,273,-387.0774717911823
18,DS19,274,-377.1508046912576
18,DS19,275,-380.0352819470256
18,DS19,276,-374.9669667469117
18,DS19,277,-366.50432278652045
18,DS19,278,-366.4942501085303
18,DS19,279,-363.85346693970166
18,DS19,280,-363.6577780598967
18,DS19,281,-385.12229978038147
18,DS19,282,-378.9928105243669
18,DS19,283,-376.4498932020449
18,DS19,284,-372.89936228210985
18,DS19,285,-373.4784991143806
18,DS19,286,-374.5080861564047
18,DS19,287,-375.376061579326
18,DS19,288,-379.64525670266056
18,DS19,289,-383.7760557338098
18,DS19,290,-377.9751602418662
18,DS19,291,-377.2328293137062
18,DS19,292,-380.7537636180595
18,DS19,293,-375.23544262771526
18,DS19,294,-368.7404746231271
18,DS19,295,-379.8721792535686
18,DS19,296,-378.39708663341844
18,DS19,297,-374.9526541782303
18,DS19,298,-372.04106037185204
18,DS19,299,-364.4984575052322
18,CTDD21,0,-432.2201926456415
18,CTDD21,1,-428.4346742834519
18,CTDD21,2,-419.4715881409771
18,CTDD21,3,-416.2921494989578
18,CTDD21,4,-438.03753170083303
18,CTDD21,5,-417.9387983566815
18,CTDD21,6,-407.3367048854318
18,CTDD21,7,-441.5255728342099
18,CTDD21,8,-407.069268848858
18,CTDD21,9,-428.7614200166349
18,CTDD21,10,-426.47478613957554
18,CTDD21,11,-417.54086395292484
18,CTDD21,12,-454.36062375860604
18,CTDD21,13,-414.7774660054781
18,CTDD21,14,-439.79679042554505
18,CTDD21,15,-435.79924364778896
18,CTDD21,16,-411.09781782936034
18,CTDD21,17,-431.3171376666111
18,CTDD21,18,-422.62833447067055
18,CTDD21,19,-407.8812109924884
18,CTDD21,20,-435.9811691905818
18,CTDD21,21,-439.60717913407285
18,CTDD21,22,-401.18224459809574
18,CTDD21,23,-411.40129251994375
18,CTDD21,24,-404.8778666612912
18,CTDD21,25,-427.2129988784254
18,CTDD21,26,-402.5783952613058
18,CTDD21,27,-429.872599666989
18,CTDD21,28,-403.0639132433276
18,CTDD21,29,-426.73527106965145
18,CTDD21,30,-421.89377637972314
18,CTDD21,31,-413.2337837014299
18,CTDD21,32,-448.61332176382007
18,CTDD21,33,-408.0804712626518
18,CTDD21,34,-404.7153079068354
18,CTDD21,35,-408.57583135246324
18,CTDD21,36,-441.6458856451544
18,CTDD21,37,-419.1644023115074
18,CTDD21,38,-441.30395141798374
18,CTDD21,39,-452.41421148225834
18,CTDD21,40,-425.8943462091027
18,CTDD21,41,-436.70218018904404
18,CTDD21,42,-426.5895129037055
18,CTDD21,43,-441.235042735192
18,CTDD21,44,-428.099088246048
18,CTDD21,45,-403.0186431635835
18,CTDD21,46,-410.5252827576063
18,CTDD21,47,-434.0315758808293
18,CTDD21,48,-409.61894040589146
18,CTDD21,49,-428.7007773655422
18,CTDD21,50,-415.1485338950497
18,CTDD21,51,-405.30884973439623
18,CTDD21,52,-447.71947527889245
18,CTDD21,53,-406.7788529855125
18,CTDD21,54,-409.57667536496916
18,CTDD21,55,-437.937071084761
18,CTDD21,56,-391.7439774549838
18,CTDD21,57,-432.87810964709
18,CTDD21,58,-430.53854920501936
18,CTDD21,59,-404.4910620360247
18,CTDD21,60,-441.64318651100484
18,CTDD21,61,-431.4258944014342
18,CTDD21,62,-436.34912431902796
18,CTDD21,63,-405.2933678955839
18,CTDD21,64,-427.70700229422135
18,CTDD21,65,-439.43541090887044
18,CTDD21,66,-411.0173842147462
18,CTDD21,67,-422.3835489486244
18,CTDD21,68,-447.74764539484795
18,CTDD21,69,-447.87817966711356
18,CTDD21,70,-421.0549049979279
18,CTDD21,71,-415.306744520122
18,CTDD21,72,-419.68543879733886
18,CTDD21,73,-450.4379513135981
18,CTDD21,74,-434.21711960343964
18,CTDD21,75,-419.500061339792
18,CTDD21,76,-403.6064505915182
18,CTDD21,77,-418.8150315405021
18,CTDD21,78,-418.6980331639376
18,CTDD21,79,-424.0300401642703
18,CTDD21,80,-439.9744796215979
18,CTDD21,81,-385.5864928322885
18,CTDD21,82,-420.07303719598514
18,CTDD21,83,-432.2155892214251
18,CTDD21,84,-417.07779045805347
18,CTDD21,85,-456.16369804641784
18,CTDD21,86,-440.2855308126691
18,CTDD21,87,-409.5816944015055
18,CTDD21,88,-442.0211723821312
18,CTDD21,89,-413.62872754669047
18,CTDD21,90,-423.75971642624756
18,CTDD21,91,-437.75318879997667
18,CTDD21,92,-415.8370766379617
18,CTDD21,93,-415.8860538873104
18,CTDD21,94,-416.9032180838875
18,CTDD21,95,-438.98642117008154
18,CTDD21,96,-423.7833948673632
18,CTDD21,97,-455.9242938297399
18,CTDD21,98,-442.6698193963027
18,CTDD21,99,-402.3994626933399
18,CTDD21,100,-416.3859237117061
18,CTDD21,101,-409.4018878919185
18,CTDD21,102,-432.3368475503238
18,CTDD21,103,-429.5305620348215
18,CTDD21,104,-434.78179482900754
18,CTDD21,105,-430.99211223998
18,CTDD21,106,-437.3634531093401
18,CTDD21,107,-434.7173409455755
18,CTDD21,108,-429.29151426293555
18,CTDD21,109,-435.041566214752
18,CTDD21,110,-431.29729271137654
18,CTDD21,111,-427.0299464695025
18,CTDD21,112,-416.0302054404367
18,CTDD21,113,-410.78271227210627
18,CTDD21,114,-433.66831775061206
18,CTDD21,115,-423.8714797355792
18,CTDD21,116,-422.2916573858248
18,CTDD21,117,-431.4388724439417
18,CTDD21,118,-416.19867625659754
18,CTDD21,119,-401.21907046570993
18,CTDD21,120,-436.8597657994037
18,CTDD21,121,-410.78537992158033
18,CTDD21,122,-418.26252593352916
18,CTDD21,123,-403.4717295111276
18,CTDD21,124,-433.78511890134894
18,CTDD21,125,-446.71687280673274
18,CTDD21,126,-409.8099215756111
18,CTDD21,127,-407.9332158208042
18,CTDD21,128,-465.3268493049395
18,CTDD21,129,-406.58689057474174
18,CTDD21,130,-418.47403717778224
18,CTDD21,131,-429.36054747688513
18,CTDD21,132,-405.35511153068643
18,CTDD21,133,-416.6816613181577
18,CTDD21,134,-413.11328993115393
18,CTDD21,135,-411.579102933662
18,CTDD21,136,-430.47690453518413
18,CTDD21,137,-414.27518033153683
18,CTDD21,138,-410.25696103946444
18,CTDD21,139,-423.3204341660019
18,CTDD21,140,-419.447719858415
18,CTDD21,141,-415.0616520048448
18,CTDD21,142,-416.58984777058134
18,CTDD21,143,-435.6325842374194
18,CTDD21,144,-447.495290456988
18,CTDD21,145,-431.95937997910806
18,CTDD21,146,-391.5959627791741
18,CTDD21,147,-454.88742038235023
18,CTDD21,148,-425.2801806259941
18,CTDD21,149,-386.634688135997
18,CTDD21,150,-411.0603400212555
18,CTDD21,151,-440.5382455326316
18,CTDD21,152,-435.50762633788054
18,CTDD21,153,-406.9766574046165
18,CTDD21,154,-420.7135019469566
18,CTDD21,155,-384.1071816753394
18,CTDD21,156,-410.12872425433636
18,CTDD21,157,-427.4709675008421
18,CTDD21,158,-433.1078193374455
18,CTDD21,159,-422.69999684192476
18,CTDD21,160,-410.6383054592052
18,CTDD21,161,-392.5448998889476
18,CTDD21,162,-432.05197410617313
18,CTDD21,163,-434.91026983171247
18,CTDD21,164,-415.80979096378616
18,CTDD21,165,-445.93591650407467
18,CTDD21,166,-425.5305788270956
18,CTDD21,167,-438.19474702919086
18,CTDD21,168,-412.6683841527501
18,CTDD21,169,-456.56350318388195
18,CTDD21,170,-425.01673011412356
18,CTDD21,171,-410.61921665833154
18,CTDD21,172,-441.49236150196674
18,CTDD21,173,-423.99568504097175
18,CTDD21,174,-418.5858797184344
18,CTDD21,175,-421.7095461626862
18,CTDD21,176,-414.0943977892007
18,CTDD21,177,-447.3505076637936
18,CTDD21,178,-426.88270029199384
18,CTDD21,179,-421.40800311779265
18,CTDD21,180,-440.0881913231849
18,CTDD21,181,-432.5899166972955
18,CTDD21,182,-441.207861219396
18,CTDD21,183,-433.75817270343646
18,CTDD21,184,-415.55088776880564
18,CTDD21,185,-410.5537566943126
18,CTDD21,186,-425.1613648585885
18,CTDD21,187,-424.4948310393878
18,CTDD21,188,-432.55584914753354
18,CTDD21,189,-424.57524279718007
18,CTDD21,190,-418.06972942213054
18,CTDD21,191,-425.2383039982622
18,CTDD21,192,-400.3127762343879
18,CTDD21,193,-429.86436617948954
18,CTDD21,194,-433.4048471148358
18,CTDD21,195,-429.0756603879661
18,CTDD21,196,-405.5033760609068
18,CTDD21,197,-428.9663527483482
18,CTDD21,198,-399.3906712365348
18,CTDD21,199,-419.1892639886155
18,CTDD21,200,-435.9497947664774
18,CTDD21,201,-429.6344606759124
18,CTDD21,202,-427.78281163391114
18,CTDD21,203,-409.2165633041798
18,CTDD21,204,-414.01022361696164
18,CTDD21,205,-429.1469347693353
18,CTDD21,206,-420.0002474125007
18,CTDD21,207,-445.3015394179575
18,CTDD21,208,-422.2777577253133
18,CTDD21,209,-424.8069483665839
18,CTDD21,210,-427.4255256679048
18,CTDD21,211,-421.89541321248265
18,CTDD21,212,-445.17125055718714
18,CTDD21,213,-407.02620033776304
18,CTDD21,214,-408.535660881594
18,CTDD21,215,-422.45647332565466
18,CTDD21,216,-408.52803935509996
18,CTDD21,217,-413.9136502655321
18,CTDD21,218,-434.77436100430657
18,CTDD21,219,-419.1508307125554
18,CTDD21,220,-415.48056194655805
18,CTDD21,221,-411.8952753695813
18,CTDD21,222,-441.3883419637182
18,CTDD21,223,-431.9825823138076
18,CTDD21,224,-444.6570875203509
18,CTDD21,225,-436.96008589868893
18,CTDD21,226,-422.8889505927433
18,CTDD21,227,-426.8338985132467
18,CTDD21,228,-417.2995130174565
18,CTDD21,229,-426.35687186524444
18,CTDD21,230,-444.422368553016
18,CTDD21,231,-428.1699246818483
18,CTDD21,232,-420.1978149209196
18,CTDD21,233,-428.4485216829147
18,CTDD21,234,-415.7389276116894
18,CTDD21,235,-406.1337168141749
18,CTDD21,236,-440.15431403305945
18,CTDD21,237,-435.8896469120949
18,CTDD21,238,-419.79833839971064
18,CTDD21,239,-418.9050076314797
18,CTDD21,240,-431.91253652689176
18,CTDD21,241,-416.12427007793593
18,CTDD21,242,-430.0928637588739
18,CTDD21,243,-432.0681876783525
18,CTDD21,244,-418.5918560487619
18,CTDD21,245,-419.5228902433745
18,CTDD21,246,-396.9572876237696
18,CTDD21,247,-439.86681545642995
18,CTDD21,248,-432.36486470657934
18,CTDD21,249,-385.85749476899593
18,CTDD21,250,-441.0950798404636
18,CTDD21,251,-432.6296441826784
18,CTDD21,252,-418.1825896022612
18,CTDD21,253,-418.01197143685033
18,CTDD21,254,-409.68539400373015
18,CTDD21,255,-425.8720145907853
18,CTDD21,256,-427.9102694001717
18,CTDD21,257,-461.82142342247425
18,CTDD21,258,-432.19930709711355
18,CTDD21,259,-424.6617005310573
18,CTDD21,260,-428.86015400355586
18,CTDD21,261,-426.1642889474483
18,CTDD21,262,-446.29584070696734
18,CTDD21,263,-431.44531866186816
18,CTDD21,264,-456.819406887275
18,CTDD21,265,-443.6195176133449
18,CTDD21,266,-397.13664288880466
18,CTDD21,267,-449.1195332469298
18,CTDD21,268,-434.6238708539984
18,CTDD21,269,-421.1723311492475
18,CTDD21,270,-421.95486128584787
18,CTDD21,271,-433.9145035471818
18,CTDD21,272,-433.5005185070136
18,CTDD21,273,-415.6528442612414
18,CTDD21,274,-412.47157335320594
18,CTDD21,275,-439.82211479272735
18,CTDD21,276,-421.86738009943014
18,CTDD21,277,-408.66849995383905
18,CTDD21,278,-432.33209348127207
18,CTDD21,279,-426.58963696829073
18,CTDD21,280,-411.66717544549294
18,CTDD21,281,-425.075927616296
18,CTDD21,282,-461.36410607496947
18,CTDD21,283,-405.40821629646393
18,CTDD21,284,-444.9017027931633
18,CTDD21,285,-417.7956540201633
18,CTDD21,286,-438.2442178262352
18,CTDD21,287,-415.894013762268
18,CTDD21,288,-418.7825587481682
18,CTDD21,289,-404.757805314395
18,CTDD21,290,-425.3490670057022
18,CTDD21,291,-447.9876076419886
18,CTDD21,292,-433.9378768094056
18,CTDD21,293,-410.2003568191381
18,CTDD21,294,-433.54355933464456
18,CTDD21,295,-395.8355703262038
18,CTDD21,296,-430.4105193209256
18,CTDD21,297,-445.25394359894517
18,CTDD21,298,-423.8884732322687
18,CTDD21,299,-397.32199057376613
19,IF2,0,-365.1294741926241
19,IF2,1,-370.68116262339873
19,IF2,2,-366.4514566941469
19,IF2,3,-365.00542393742546
19,IF2,4,-362.62817837378833
19,IF2,5,-360.04048343830823
19,IF2,6,-367.0871490617086
19,IF2,7,-370.0518370820134
19,IF2,8,-365.3463888119576
19,IF2,9,-367.52797073061595
19,IF2,10,-365.520597474018
19,IF2,11,-367.82738602302163
19,IF2,12,-382.2076788015747
19,IF2,13,-377.7314136234913
19,IF2,14,-368.0659224776589
19,IF2,15,-366.3019578964477
19,IF2,16,-370.9413177016682
19,IF2,17,-370.04561558952963
19,IF2,18,-362.5649467434639
19,IF2,19,-365.79919764174207
19,IF2,20,-364.6144967264773
19,IF2,21,-363.28794645285666
19,IF2,22,-363.4305194769549
19,IF2,23,-370.1612649570565
19,IF2,24,-366.0893823668033
19,IF2,25,-363.6089441791839
19,IF2,26,-365.66964774860645
19,IF2,27,-360.2611933395886
19,IF2,28,-368.2534916133384
19,IF2,29,-367.38217416358754
19,IF2,30,-367.4248216537846
19,IF2,31,-372.160567284049
19,IF2,32,-378.76236120408674
19,IF2,33,-366.59426351195077
19,IF2,34,-370.31810850283864
19,IF2,35,-367.8713431862409
19,IF2,36,-364.5269606317718
19,IF2,37,-365.731174179769
19,IF2,38,-366.1912709233707
19,IF2,39,-365.79283444238877
19,IF2,40,-366.65490790581646
19,IF2,41,-368.17515220083266
19,IF2,42,-370.55656381297564
19,IF2,43,-372.4974836809064
19,IF2,44,-369.1036049824535
19,IF2,45,-373.25622636082466
19,IF2,46,-365.5348596969846
19,IF2,47,-363.03301977619344
19,IF2,48,-364.07247485252424
19,IF2,49,-362.32871818082975
19,IF2,50,-364.43789326812293
19,IF2,51,-366.7368290402854
19,IF2,52,-373.02705785097476
19,IF2,53,-373.99360905614816
19,IF2,54,-369.98513595644727
19,IF2,55,-374.4504342416278
19,IF2,56,-375.28882435376767
19,IF2,57,-376.30973336609
19,IF2,58,-371.53458522071236
19,IF2,59,-361.3784979333834
19,IF2,60,-359.44581638132723
19,IF2,61,-365.8104367920697
19,IF2,62,-364.4031582979287
19,IF2,63,-361.65668072643155
19,IF2,64,-367.77724427105653
19,IF2,65,-372.58607907604966
19,IF2,66,-364.63333618680116
19,IF2,67,-368.7824476377729
19,IF2,68,-365.2756272329547
19,IF2,69,-362.7448804480738
19,IF2,70,-362.6185105967029
19,IF2,71,-369.24776534269216
19,IF2,72,-361.1847863988332
19,IF2,73,-362.9439792436589
19,IF2,74,-360.4463045252717
19,IF2,75,-365.5562825879879
19,IF2,76,-364.85966444818763
19,IF2,77,-366.14355195230195
19,IF2,78,-369.82375577624407
19,IF2,79,-364.71536482036817
19,IF2,80,-365.0368850142894
19,IF2,81,-362.843576666839
19,IF2,82,-363.8926889812735
19,IF2,83,-365.79857005470717
19,IF2,84,-367.38851680618444
19,IF2,85,-364.26463233559844
19,IF2,86,-363.02679417850123
19,IF2,87,-365.09650777626337
19,IF2,88,-369.32531369921304
19,IF2,89,-366.8298078470326
19,IF2,90,-370.1116149292686
19,IF2,91,-364.86460747822923
19,IF2,92,-369.91923499147373
19,IF2,93,-368.06519416208556
19,IF2,94,-364.7336900548537
19,IF2,95,-364.1924189392511
19,IF2,96,-364.1103788757925
19,IF2,97,-363.8444483807587
19,IF2,98,-370.04635410945826
19,IF2,99,-363.58109259612695
19,IF2,100,-361.17731153319124
19,IF2,101,-365.1654095553867
19,IF2,102,-364.22827564536624
19,IF2,103,-366.67340289740974
19,IF2,104,-365.39071033554103
19,IF2,105,-365.6959609483614
19,IF2,106,-363.1324519847795
19,IF2,107,-365.91321736042147
19,IF2,108,-364.08224297140083
19,IF2,109,-366.37131050948693
19,IF2,110,-361.00281112870226
19,IF2,111,-366.6847105399796
19,IF2,112,-372.2484749066347
19,IF2,113,-364.9688796028489
19,IF2,114,-363.99149642801973
19,IF2,115,-371.25064078723966
19,IF2,116,-365.702411033032
19,IF2,117,-362.0598028790181
19,IF2,118,-360.8203620333368
19,IF2,119,-369.15706170694614
19,IF2,120,-365.2478017203532
19,IF2,121,-368.29920227030203
19,IF2,122,-368.27239106142486
19,IF2,123,-368.59354807727533
19,IF2,124,-367.7311690052763
19,IF2,125,-365.4906597477504
19,IF2,126,-366.58448697328066
19,IF2,127,-368.52239759838346
19,IF2,128,-365.7291922164406
19,IF2,129,-362.02024037850265
19,IF2,130,-363.27757302537987
19,IF2,131,-366.2550989683034
19,IF2,132,-364.3688211538657
19,IF2,133,-364.80744001152476
19,IF2,134,-367.58934628380104
19,IF2,135,-360.8321477161822
19,IF2,136,-359.8652169101437
19,IF2,137,-361.7899773033287
19,IF2,138,-369.77488240635654
19,IF2,139,-364.7832631018426
19,IF2,140,-366.1411923040387
19,IF2,141,-360.4207892390497
19,IF2,142,-365.2975887376941
19,IF2,143,-361.5674773389507
19,IF2,144,-365.4345740502832
19,IF2,145,-363.01218093527626
19,IF2,146,-365.38170807094224
19,IF2,147,-363.53828638634434
19,IF2,148,-365.93731404987835
19,IF2,149,-355.7539608129667
19,IF2,150,-368.5475440095438
19,IF2,151,-365.4057594077909
19,IF2,152,-363.86033644106277
19,IF2,153,-359.06901293322755
19,IF2,154,-362.28249282375685
19,IF2,155,-360.5886782570898
19,IF2,156,-364.6968572663359
19,IF2,157,-362.2790477848885
19,IF2,158,-365.563696637149
19,IF2,159,-363.74220800641024
19,IF2,160,-365.2825856837733
19,IF2,161,-367.21394425534163
19,IF2,162,-362.1043323656092
19,IF2,163,-367.8899066980614
19,IF2,164,-362.10475047939156
19,IF2,165,-359.6768362511992
19,IF2,166,-365.77525768620666
19,IF2,167,-361.5879361007533
19,IF2,168,-362.95703229860095
19,IF2,169,-365.25541556536325
19,IF2,170,-362.7492893188953
19,IF2,171,-365.15426208683766
19,IF2,172,-361.1685165746605
19,IF2,173,-362.4069778445042
19,IF2,174,-363.7041108833219
19,IF2,175,-368.60658204978455
19,IF2,176,-360.6455843860427
19,IF2,177,-361.0196854628294
19,IF2,178,-364.55919479850115
19,IF2,179,-365.6948448709264
19,IF2,180,-360.49779346167736
19,IF2,181,-360.36969415600754
19,IF2,182,-365.5025514537096
19,IF2,183,-362.9021144600082
19,IF2,184,-363.63643291122526
19,IF2,185,-364.9294940948628
19,IF2,186,-364.490208504708
19,IF2,187,-360.632819592153
19,IF2,188,-361.816314004398
19,IF2,189,-360.299019571784
19,IF2,190,-367.13213781745645
19,IF2,191,-362.7046549416998
19,IF2,192,-358.8320077955343
19,IF2,193,-366.5298646138597
19,IF2,194,-364.3921398945717
19,IF2,195,-363.9746155302949
19,IF2,196,-360.08855031180315
19,IF2,197,-363.9891804103331
19,IF2,198,-370.895292725627
19,IF2,199,-364.8952975842833
19,IF2,200,-364.12785097673714
19,IF2,201,-367.74602156519785
19,IF2,202,-364.76610451171564
19,IF2,203,-361.48361337687743
19,IF2,204,-362.07277491975447
19,IF2,205,-367.11233551185677
19,IF2,206,-363.65995192482603
19,IF2,207,-362.8204301387994
19,IF2,208,-358.93643033448956
19,IF2,209,-362.6756834115531
19,IF2,210,-363.26812435505127
19,IF2,211,-367.98973979939296
19,IF2,212,-360.68725044105645
19,IF2,213,-366.83638343613296
19,IF2,214,-366.30512341446365
19,IF2,215,-366.64952515728163
19,IF2,216,-367.11525200050386
19,IF2,217,-367.1264850402568
19,IF2,218,-365.52669899140216
19,IF2,219,-369.2997331771807
19,IF2,220,-369.5337749274432
19,IF2,221,-359.43560200884895
19,IF2,222,-369.4516699600764
19,IF2,223,-366.170796414124
19,IF2,224,-365.27048583599986
19,IF2,225,-366.29773517074585
19,IF2,226,-361.9871376974466
19,IF2,227,-364.619549783166
19,IF2,228,-366.76206584354
19,IF2,229,-365.19972918390005
19,IF2,230,-366.03949444683917
19,IF2,231,-362.7767664421525
19,IF2,232,-364.91017584187244
19,IF2,233,-364.89475873896606
19,IF2,234,-364.43165203514457
19,IF2,235,-366.8214130076202
19,IF2,236,-359.3383957325591
19,IF2,237,-365.3468848475988
19,IF2,238,-362.71045582777697
19,IF2,239,-365.3691662739952
19,IF2,240,-365.5621101391859
19,IF2,241,-366.292256276135
19,IF2,242,-367.4099394360963
19,IF2,243,-367.9953940435935
19,IF2,244,-369.2160554662708
19,IF2,245,-364.83568912540255
19,IF2,246,-362.36948196440477
19,IF2,247,-362.99341395840247
19,IF2,248,-365.9101528844726
19,IF2,249,-365.75238543778494
19,IF2,250,-369.32618449734485
19,IF2,251,-367.47164608240473
19,IF2,252,-365.2172610161265
19,IF2,253,-366.11391552031847
19,IF2,254,-365.6792830534074
19,IF2,255,-363.97441254501143
19,IF2,256,-366.4499891890277
19,IF2,257,-368.1150802994079
19,IF2,258,-367.97479209280556
19,IF2,259,-367.90947902390513
19,IF2,260,-367.15112875815475
19,IF2,261,-361.4723176348671
19,IF2,262,-370.5907375450937
19,IF2,263,-366.41302601632697
19,IF2,264,-365.8637946092944
19,IF2,265,-364.0653784456194
19,IF2,266,-367.25008850380055
19,IF2,267,-368.5743126151357
19,IF2,268,-367.5453870479038
19,IF2,269,-368.02118270904936
19,IF2,270,-367.43247880877095
19,IF2,271,-368.8355772449449
19,IF2,272,-361.84841589408734
19,IF2,273,-366.4203433771265
19,IF2,274,-371.7574914967404
19,IF2,275,-363.50119088120414
19,IF2,276,-365.44472010936136
19,IF2,277,-364.06812791542586
19,IF2,278,-366.243257930545
19,IF2,279,-363.7079359879204
19,IF2,280,-364.77611793417947
19,IF2,281,-369.3923291188242
19,IF2,282,-367.43142236811155
19,IF2,283,-367.2523914400826
19,IF2,284,-365.6916464221767
19,IF2,285,-369.01989918438824
19,IF2,286,-368.07466442845185
19,IF2,287,-370.1000980988532
19,IF2,288,-363.09351378774727
19,IF2,289,-367.7341626108588
19,IF2,290,-367.19526520979383
19,IF2,291,-367.24105970031997
19,IF2,292,-366.05261509261715
19,IF2,293,-371.4324973780886
19,IF2,294,-369.72903426162725
19,IF2,295,-371.70864405057665
19,IF2,296,-367.0714607734444
19,IF2,297,-368.3008859837047
19,IF2,298,-368.6765627510851
19,IF2,299,-366.9763734802759
19,IF2,300,-373.02557514178716
19,IF2,301,-370.8122315905381
19,IF2,302,-362.13253028681436
19,IF2,303,-367.8364678086808
19,IF2,304,-371.6831662249481
19,IF2,305,-372.86296077210153
19,IF2,306,-369.1321462306191
19,IF2,307,-364.0752210124029
19,IF2,308,-368.60683454425816
19,IF2,309,-365.67341751210375
19,IF2,310,-363.14062961778274
19,IF2,311,-368.0452810061628
19,IF2,312,-367.66190382282196
19,IF2,313,-371.18851051831706
19,IF2,314,-372.29290357940135
19,IF2,315,-366.6369960672472
19,IF2,316,-365.1394415974944
19,IF2,317,-364.64370061095815
19,IF2,318,-366.5999843144677
19,IF2,319,-366.4507487567023
19,IF2,320,-373.0963990930436
19,IF2,321,-360.23579364770313
19,IF2,322,-363.9678008228051
19,IF2,323,-367.4561408874187
19,IF2,324,-371.42234912068386
19,IF2,325,-365.6908030693876
19,IF2,326,-370.4622857444206
19,IF2,327,-369.73077245588627
19,IF2,328,-367.4395985237198
19,IF2,329,-366.886816961717
19,IF2,330,-365.4983522529361
19,IF2,331,-366.59898452269937
19,IF2,332,-367.23989386955776
19,IF2,333,-365.8353115363226
19,IF2,334,-369.8987582842724
19,IF2,335,-367.24887047905173
19,IF2,336,-365.1638677666246
19,IF2,337,-367.72642139604875
19,IF2,338,-369.24503144334403
19,IF2,339,-365.34153621180394
19,IF2,340,-372.4220925997158
19,IF2,341,-369.25415187662566
19,IF2,342,-368.6036814506566
19,IF2,343,-370.7089870366951
19,IF2,344,-365.8821489236365
19,IF2,345,-367.1933298019376
19,IF2,346,-364.03506740893846
19,IF2,347,-370.1488545018688
19,IF2,348,-372.0295957547017
19,IF2,349,-364.74735878148056
19,IF2,350,-364.8191393213599
19,IF2,351,-365.098172139973
19,IF2,352,-364.72634208420493
19,IF2,353,-371.09768002890064
19,IF2,354,-365.09145629967793
19,IF2,355,-368.3083878683013
19,IF2,356,-366.4877927324614
19,IF2,357,-371.0238757219264
19,IF2,358,-364.1774338369863
19,IF2,359,-363.60850748031874
19,IF2,360,-370.98740794426203
19,IF2,361,-368.1523662984891
19,IF2,362,-369.5097004723134
19,IF2,363,-369.4796903138208
19,IF2,364,-365.45120640933703
19,IF2,365,-368.9600498873437
19,IF2,366,-368.5482128371135
19,IF2,367,-369.2060879379603
19,IF2,368,-363.8759055585583
19,IF2,369,-369.1190044966886
19,IF2,370,-367.7364809869276
19,IF2,371,-365.5685402637841
19,IF2,372,-364.3505207753049
19,IF2,373,-364.9319511878158
19,IF2,374,-364.37956432602164
19,IF2,375,-371.0201707109804
19,IF2,376,-369.8510323706263
19,IF2,377,-366.50272921908953
19,IF2,378,-371.2121568831211
19,IF2,379,-362.6328062569951
19,IF2,380,-367.3153560646049
19,IF2,381,-368.41656277202003
19,IF2,382,-371.8156592788019
19,IF2,383,-361.99458364484195
19,IF2,384,-368.2769460580787
19,IF2,385,-365.0927797708826
19,IF2,386,-364.650180761744
19,IF2,387,-365.9583248102701
19,IF2,388,-365.82934301830596
19,IF2,389,-369.49777961930175
19,IF2,390,-369.40452531459476
19,IF2,391,-369.711125047481
19,IF2,392,-367.8004993626165
19,IF2,393,-363.8294081646178
19,IF2,394,-366.38686953483085
19,IF2,395,-368.81931149908615
19,IF2,396,-363.9580114510814
19,IF2,397,-367.11828926520474
19,IF2,398,-366.54808294640554
19,IF2,399,-369.61809312360805
19,IF2,400,-368.63379789238303
19,IF2,401,-364.9661628191787
19,IF2,402,-363.7539732719126
19,IF2,403,-369.12355856061754
19,IF2,404,-365.81374875852896
19,IF2,405,-363.1168315522532
19,IF2,406,-369.2201833610515
19,IF2,407,-364.8744748499833
19,IF2,408,-361.95666072262736
19,IF2,409,-365.6405911423141
19,IF2,410,-370.0590584976082
19,IF2,411,-366.62941865885347
19,IF2,412,-367.98680992870464
19,IF2,413,-366.28487107985205
19,IF2,414,-364.0987692334743
19,IF2,415,-368.4596831917669
19,IF2,416,-369.20640696727344
19,IF2,417,-364.39720111680157
19,IF2,418,-370.56986939401196
19,IF2,419,-365.5642035283691
19,IF2,420,-362.25892194598066
19,IF2,421,-363.07408951061836
19,IF2,422,-370.83097363877954
19,IF2,423,-364.60589791786276
19,IF2,424,-365.25686564973694
19,IF2,425,-363.4177188673698
19,IF2,426,-369.698245376217
19,IF2,427,-364.58241053001143
19,IF2,428,-368.12802791311117
19,IF2,429,-371.6863186353286
19,IF2,430,-363.28932726661253
19,IF2,431,-367.9113547606226
19,IF2,432,-368.85152685573
19,IF2,433,-370.63319665818955
19,IF2,434,-370.22984368731437
19,IF2,435,-363.91137506585466
19,IF2,436,-366.56506126308227
19,IF2,437,-368.78480259919246
19,IF2,438,-370.17914112041626
19,IF2,439,-368.40330307726964
19,IF2,440,-366.06477559320973
19,IF2,441,-365.9206608315452
19,IF2,442,-366.7513474685577
19,IF2,443,-365.40725313335554
19,IF2,444,-367.26056120980655
19,IF2,445,-367.3374742119747
19,IF2,446,-372.70575143771157
19,IF2,447,-370.6257995594272
19,IF2,448,-368.3303230885918
19,IF2,449,-366.0173765682034
19,IF2,450,-368.22812912563563
19,IF2,451,-367.87408264122627
19,IF2,452,-365.71543637017623
19,IF2,453,-368.88208164790956
19,IF2,454,-367.00397489224827
19,IF2,455,-367.4549249501077
19,IF2,456,-363.7308002247156
19,IF2,457,-366.854986278471
19,IF2,458,-367.65526402938934
19,IF2,459,-365.26162392496553
19,IF2,460,-366.35278092082996
19,IF2,461,-360.40255278713295
19,IF2,462,-368.24907574998014
19,IF2,463,-367.99286145085347
19,IF2,464,-365.77426631686893
19,IF2,465,-365.9773901100083
19,IF2,466,-366.83881610719726
19,IF2,467,-364.36485824572753
19,IF2,468,-363.67304077560703
19,IF2,469,-366.9405059792479
19,IF2,470,-366.8889296754494
19,IF2,471,-363.81705738324695
19,IF2,472,-366.62358335036225
19,IF2,473,-362.33409167206315
19,IF2,474,-367.8792936617389
19,IF2,475,-367.8477484550105
19,IF2,476,-366.13336298006595
19,IF2,477,-369.5872111345675
19,IF2,478,-367.2307626129887
19,IF2,479,-368.02204188280456
19,IF2,480,-361.50627421393824
19,IF2,481,-377.6939439236261
19,IF2,482,-370.8982481523396
19,IF2,483,-364.22196674030164
19,IF2,484,-366.65047691423695
19,IF2,485,-363.180792776696
19,IF2,486,-364.42781881857655
19,IF2,487,-365.22317940188987
19,IF2,488,-365.91683972195455
19,IF2,489,-366.5678240947041
19,IF2,490,-366.527899245449
19,IF2,491,-369.26694088790174
19,IF2,492,-365.320336189607
19,IF2,493,-366.58212223443707
19,IF2,494,-367.6397249420468
19,IF2,495,-363.71068989034353
19,IF2,496,-369.17439691664754
19,IF2,497,-365.5443414465961
19,IF2,498,-366.18551480387896
19,IF2,499,-366.6043151587785
19,IF2,500,-368.47182000931554
19,IF2,501,-368.1693659289849
19,IF2,502,-365.4069507746929
19,IF2,503,-369.19380045554635
19,IF2,504,-364.0406340612677
19,IF2,505,-369.488872907945
19,IF2,506,-364.61729054940497
19,IF2,507,-364.0920522427515
19,IF2,508,-370.5131050242535
19,IF2,509,-362.2237589707972
19,IF2,510,-366.0236177396957
19,IF2,511,-367.4333815665575
19,IF2,512,-364.34389736974697
19,IF2,513,-368.7128111075221
19,IF2,514,-364.2152409611878
19,IF2,515,-368.7770903517695
19,IF2,516,-368.2282050668
19,IF2,517,-367.6956120996187
19,IF2,518,-366.3858041732358
19,IF2,519,-366.2203107289283
19,IF2,520,-371.8041877451083
19,IF2,521,-362.5447745035162
19,IF2,522,-369.4076229718684
19,IF2,523,-364.08684794765884
19,IF2,524,-364.1544116941444
19,IF2,525,-365.1057908766905
19,IF2,526,-371.0966501312265
19,IF2,527,-369.02431127063227
19,IF2,528,-369.0530890368742
19,IF2,529,-368.59206472291373
19,IF2,530,-362.54423052296374
19,IF2,531,-365.5231548817319
19,IF2,532,-362.47151193902204
19,IF2,533,-368.1161952451376
19,IF2,534,-368.6527352613809
19,IF2,535,-364.4740397392932
19,IF2,536,-371.77409249159433
19,IF2,537,-364.428976911238
19,IF2,538,-365.77073837998296
19,IF2,539,-372.7451301097792
19,IF2,540,-367.7688902210204
19,IF2,541,-363.5178643445266
19,IF2,542,-366.1131959055615
19,IF2,543,-371.2314096597189
19,IF2,544,-364.73592986253306
19,IF2,545,-366.59098603992436
19,IF2,546,-367.099632525617
19,IF2,547,-368.4726700603861
19,IF2,548,-368.1394916109715
19,IF2,549,-369.81317964336404
19,IF2,550,-368.75661126477223
19,IF2,551,-365.7449500148041
19,IF2,552,-369.39763372655364
19,IF2,553,-368.17664981794024
19,IF2,554,-365.90396204445875
19,IF2,555,-370.8322391805873
19,IF2,556,-371.8474428102424
19,IF2,557,-366.32241026761943
19,IF2,558,-363.85763774716764
19,IF2,559,-365.74288860899
19,IF2,560,-368.34803541831116
19,IF2,561,-370.1906313991126
19,IF2,562,-373.20470291662014
19,IF2,563,-364.6536431326056
19,IF2,564,-367.9519628613042
19,IF2,565,-369.3243576811174
19,IF2,566,-369.1973095758846
19,IF2,567,-366.5465315876652
19,IF2,568,-368.38753100639457
19,IF2,569,-367.8480239134356
19,IF2,570,-366.29052056593014
19,IF2,571,-364.30358031404785
19,IF2,572,-371.7518086248527
19,IF2,573,-369.58562047630363
19,IF2,574,-363.32153932907056
19,IF2,575,-371.1958011840976
19,IF2,576,-362.6001190333257
19,IF2,577,-365.92548583999513
19,IF2,578,-365.61548628337255
19,IF2,579,-366.1007231077611
19,IF2,580,-369.3877855830664
19,IF2,581,-370.05974637266297
19,IF2,582,-368.68910545972125
19,IF2,583,-369.7057879053821
19,IF2,584,-370.48041792557984
19,IF2,585,-368.2433389954805
19,IF2,586,-367.1664937805042
19,IF2,587,-362.251398897248
19,IF2,588,-368.4077876677361
19,IF2,589,-362.1344323154437
19,IF2,590,-366.44339741778185
19,IF2,591,-364.399556201467
19,IF2,592,-365.5444847042862
19,IF2,593,-368.7715768517048
19,IF2,594,-362.68959990279075
19,IF2,595,-364.5247511800249
19,IF2,596,-366.2995217605193
19,IF2,597,-370.4662714380976
19,IF2,598,-364.05911280825984
19,IF2,599,-365.44427124559667
19,IFAD,0,-363.02960583130454
19,IFAD,1,-368.118501093324
19,IFAD,2,-378.0911842428359
19,IFAD,3,-372.9716413064153
19,IFAD,4,-364.0347762161981
19,IFAD,5,-369.11236835771314
19,IFAD,6,-372.1735693447189
19,IFAD,7,-364.32525975131585
19,IFAD,8,-372.4296962610586
19,IFAD,9,-367.9986195833178
19,IFAD,10,-368.51937169189824
19,IFAD,11,-364.96185029043727
19,IFAD,12,-362.3850826578312
19,IFAD,13,-367.2220928272965
19,IFAD,14,-366.4227847414449
19,IFAD,15,-368.79279335796207
19,IFAD,16,-368.93816724328
19,IFAD,17,-360.67685772729095
19,IFAD,18,-362.96159555189183
19,IFAD,19,-365.4646059488879
19,IFAD,20,-370.57567930782994
19,IFAD,21,-369.12286297029465
19,IFAD,22,-362.2118256879575
19,IFAD,23,-365.6005179971867
19,IFAD,24,-372.9550916022274
19,IFAD,25,-363.47753465188305
19,IFAD,26,-366.5886329946744
19,IFAD,27,-367.3946283303094
19,IFAD,28,-374.86125813653166
19,IFAD,29,-364.31490727506736
19,IFAD,30,-367.91908216622323
19,IFAD,31,-364.7279270667587
19,IFAD,32,-368.02869712143075
19,IFAD,33,-367.7950497477833
19,IFAD,34,-370.1208235902527
19,IFAD,35,-383.46457309242544
19,IFAD,36,-370.55044870209616
19,IFAD,37,-363.13378385568467
19,IFAD,38,-362.3969198851795
19,IFAD,39,-364.45286967639385
19,IFAD,40,-362.1312420434753
19,IFAD,41,-365.7909863458705
19,IFAD,42,-372.74027318640316
19,IFAD,43,-366.24800181244075
19,IFAD,44,-365.5094420535748
19,IFAD,45,-369.2887019225368
19,IFAD,46,-368.9483492818722
19,IFAD,47,-373.3938781307902
19,IFAD,48,-366.029610025268
19,IFAD,49,-364.0175201048703
19,IFAD,50,-363.4150831896742
19,IFAD,51,-369.28711637818344
19,IFAD,52,-363.76619431687357
19,IFAD,53,-368.5327162912087
19,IFAD,54,-363.9899210960039
19,IFAD,55,-367.0200299334438
19,IFAD,56,-374.238120397405
19,IFAD,57,-377.88633998458806
19,IFAD,58,-371.84342705280216
19,IFAD,59,-365.16784446637956
19,IFAD,60,-367.18255524952497
19,IFAD,61,-366.5856435015695
19,IFAD,62,-371.8549766546156
19,IFAD,63,-369.7393911086725
19,IFAD,64,-370.40296435557883
19,IFAD,65,-369.23931085290116
19,IFAD,66,-362.4725236750182
19,IFAD,67,-366.9620068537324
19,IFAD,68,-368.3946756491963
19,IFAD,69,-361.15877337593645
19,IFAD,70,-360.96062576883276
19,IFAD,71,-367.53870984684465
19,IFAD,72,-362.47412616522337
19,IFAD,73,-364.43443064689177
19,IFAD,74,-358.7524166674967
19,IFAD,75,-365.7470230888306
19,IFAD,76,-363.0373389181838
19,IFAD,77,-362.12932628718363
19,IFAD,78,-366.9393372439139
19,IFAD,79,-362.0528438535705
19,IFAD,80,-361.47962540886283
19,IFAD,81,-362.7510868209409
19,IFAD,82,-365.15390389443434
19,IFAD,83,-363.2535689300666
19,IFAD,84,-363.1509871870316
19,IFAD,85,-368.0020952939208
19,IFAD,86,-366.0204811101645
19,IFAD,87,-360.9501758659123
19,IFAD,88,-364.4270886885732
19,IFAD,89,-370.34292000924444
19,IFAD,90,-364.8524014327639
19,IFAD,91,-362.8121273715828
19,IFAD,92,-359.0448875443615
19,IFAD,93,-362.4201808150492
19,IFAD,94,-364.03838836600414
19,IFAD,95,-366.04733746603347
19,IFAD,96,-369.0964658507757
19,IFAD,97,-369.5706045901112
19,IFAD,98,-374.3304149729206
19,IFAD,99,-367.6585915582028
19,IFAD,100,-368.2523755609194
19,IFAD,101,-366.11124582951004
19,IFAD,102,-364.48197296351947
19,IFAD,103,-367.27618326535065
19,IFAD,104,-364.2333912487782
19,IFAD,105,-363.9084872668689
19,IFAD,106,-368.4838233977278
19,IFAD,107,-365.79968084460944
19,IFAD,108,-362.12230066129763
19,IFAD,109,-366.2136579158573
19,IFAD,110,-361.5601737251089
19,IFAD,111,-368.7517949075625
19,IFAD,112,-364.1538423153317
19,IFAD,113,-364.1953252500358
19,IFAD,114,-368.50801496378017
19,IFAD,115,-367.43470563932567
19,IFAD,116,-367.0129646354167
19,IFAD,117,-363.8348867449535
19,IFAD,118,-363.0209805013414
19,IFAD,119,-361.55910686507343
19,IFAD,120,-361.51625121861133
19,IFAD,121,-364.13330805743334
19,IFAD,122,-362.87588706657357
19,IFAD,123,-361.71115535546545
19,IFAD,124,-363.02848609802203
19,IFAD,125,-361.25950178552193
19,IFAD,126,-364.1443959261189
19,IFAD,127,-363.80521642296907
19,IFAD,128,-360.1592376454913
19,IFAD,129,-359.1556386327099
19,IFAD,130,-364.3124008543122
19,IFAD,131,-367.4012970909339
19,IFAD,132,-362.3345576269997
19,IFAD,133,-363.4326529437792
19,IFAD,134,-364.4644784209938
19,IFAD,135,-363.5729975737345
19,IFAD,136,-366.3427999854075
19,IFAD,137,-358.075766068847
19,IFAD,138,-364.9765831502534
19,IFAD,139,-360.65634189703525
19,IFAD,140,-361.349510666156
19,IFAD,141,-364.6138267661375
19,IFAD,142,-364.2847341475657
19,IFAD,143,-365.58720185022355
19,IFAD,144,-360.6728917823205
19,IFAD,145,-363.5625356917824
19,IFAD,146,-369.70488686798757
19,IFAD,147,-361.4351724044629
19,IFAD,148,-363.7048783508884
19,IFAD,149,-362.35146548617246
19,IFAD,150,-366.8406409210065
19,IFAD,151,-361.2003954477538
19,IFAD,152,-364.39268823731015
19,IFAD,153,-368.1098216267619
19,IFAD,154,-360.8969593554972
19,IFAD,155,-359.4670658731276
19,IFAD,156,-364.52888553719146
19,IFAD,157,-359.89138668861955
19,IFAD,158,-359.9070523247765
19,IFAD,159,-361.445911758376
19,IFAD,160,-363.2096687012136
19,IFAD,161,-365.88024721169046
19,IFAD,162,-361.1172962585177
19,IFAD,163,-362.0859993621326
19,IFAD,164,-364.24215449309395
19,IFAD,165,-362.13934756336994
19,IFAD,166,-360.58988637666107
19,IFAD,167,-361.3049703544706
19,IFAD,168,-362.6603998452117
19,IFAD,169,-365.4257112627484
19,IFAD,170,-359.87993215879425
19,IFAD,171,-364.5384702127037
19,IFAD,172,-368.1353925629595
19,IFAD,173,-361.56293770804996
19,IFAD,174,-370.34697174682344
19,IFAD,175,-366.5690491247099
19,IFAD,176,-364.38287281348454
19,IFAD,177,-362.2671298151732
19,IFAD,178,-362.69434307573414
19,IFAD,179,-361.385200668474
19,IFAD,180,-362.2569388323051
19,IFAD,181,-361.3593754271752
19,IFAD,182,-365.88273450679594
19,IFAD,183,-360.1128573022752
19,IFAD,184,-362.54778329703305
19,IFAD,185,-364.18077417607134
19,IFAD,186,-364.1161113073499
19,IFAD,187,-362.8248035180541
19,IFAD,188,-361.99521641241256
19,IFAD,189,-369.7301965493745
19,IFAD,190,-362.54739611750415
19,IFAD,191,-359.13225250967656
19,IFAD,192,-359.2333461133578
19,IFAD,193,-361.13563025978607
19,IFAD,194,-366.71499670275347
19,IFAD,195,-365.2499397406011
19,IFAD,196,-364.4038499851703
19,IFAD,197,-364.61278523626095
19,IFAD,198,-361.2771294427514
19,IFAD,199,-364.73812848685657
19,IFAD,200,-360.5085031362718
19,IFAD,201,-361.62780454633065
19,IFAD,202,-364.77059622780115
19,IFAD,203,-363.7482635250442
19,IFAD,204,-364.275141812104
19,IFAD,205,-361.4091934171899
19,IFAD,206,-363.256437442306
19,IFAD,207,-364.84956207942724
19,IFAD,208,-361.5751573729273
19,IFAD,209,-362.2922748484365
19,IFAD,210,-362.6006771760162
19,IFAD,211,-364.8772546131077
19,IFAD,212,-361.58426666716787
19,IFAD,213,-361.22769553740926
19,IFAD,214,-363.5930818582956
19,IFAD,215,-360.0060426763611
19,IFAD,216,-365.24801645030647
19,IFAD,217,-361.9507752110448
19,IFAD,218,-366.9025121038561
19,IFAD,219,-359.8517352012709
19,IFAD,220,-368.8737854613405
19,IFAD,221,-363.75289314373236
19,IFAD,222,-362.30444808513164
19,IFAD,223,-363.6916000247477
19,IFAD,224,-365.5901329917123
19,IFAD,225,-359.6685506432991
19,IFAD,226,-361.6184644374247
19,IFAD,227,-366.69323445965694
19,IFAD,228,-363.7881018838476
19,IFAD,229,-360.4446057335794
19,IFAD,230,-359.30573202317333
19,IFAD,231,-362.2862528392328
19,IFAD,232,-367.83174697939694
19,IFAD,233,-363.96571153844206
19,IFAD,234,-361.39369765284465
19,IFAD,235,-357.0385586704715
19,IFAD,236,-363.3286492789431
19,IFAD,237,-366.46175020508144
19,IFAD,238,-364.1238370142656
19,IFAD,239,-361.07311930853723
19,IFAD,240,-362.58541837175056
19,IFAD,241,-362.56176928024803
19,IFAD,242,-360.07276460900533
19,IFAD,243,-361.62957689226766
19,IFAD,244,-360.34315393304956
19,IFAD,245,-365.00624931022884
19,IFAD,246,-367.4342452078699
19,IFAD,247,-361.42854409445096
19,IFAD,248,-363.54065313175073
19,IFAD,249,-360.09379661540385
19,IFAD,250,-359.74111126703707
19,IFAD,251,-364.8531657711881
19,IFAD,252,-366.21266837429914
19,IFAD,253,-360.4997404259128
19,IFAD,254,-363.03059416603634
19,IFAD,255,-360.7178422131662
19,IFAD,256,-366.3905220594557
19,IFAD,257,-364.30979780593935
19,IFAD,258,-359.85268900342993
19,IFAD,259,-363.61804494727727
19,IFAD,260,-366.887261899792
19,IFAD,261,-362.4487916462467
19,IFAD,262,-365.77193571243765
19,IFAD,263,-361.0319978730404
19,IFAD,264,-359.6106765965369
19,IFAD,265,-361.4061448500575
19,IFAD,266,-366.5660112081099
19,IFAD,267,-367.5693083632458
19,IFAD,268,-367.7974631056933
19,IFAD,269,-368.38074542384356
19,IFAD,270,-359.15238677058244
19,IFAD,271,-363.8622186154677
19,IFAD,272,-362.18887045750876
19,IFAD,273,-361.75511729841367
19,IFAD,274,-358.4968696683527
19,IFAD,275,-365.3562638578398
19,IFAD,276,-360.1205536473561
19,IFAD,277,-361.5069968268388
19,IFAD,278,-366.1418477069078
19,IFAD,279,-361.3099222220117
19,IFAD,280,-365.3385990753273
19,IFAD,281,-362.2815169413908
19,IFAD,282,-362.05823620668036
19,IFAD,283,-363.3375422148138
19,IFAD,284,-356.1389768772317
19,IFAD,285,-361.6183991059523
19,IFAD,286,-360.72154266177006
19,IFAD,287,-368.53791046166515
19,IFAD,288,-359.82113497338815
19,IFAD,289,-360.06241287918266
19,IFAD,290,-366.24040269661225
19,IFAD,291,-360.2701205123654
19,IFAD,292,-365.9588369300252
19,IFAD,293,-363.76341305535243
19,IFAD,294,-361.0562236526608
19,IFAD,295,-361.7455356536748
19,IFAD,296,-363.70066480668163
19,IFAD,297,-361.15471246189867
19,IFAD,298,-364.39141059784987
19,IFAD,299,-361.3360981037261
19,IFAD,300,-362.58766921991696
19,IFAD,301,-363.50378931519566
19,IFAD,302,-359.77886830508925
19,IFAD,303,-363.0656363346026
19,IFAD,304,-359.70366487596607
19,IFAD,305,-363.2844483798147
19,IFAD,306,-367.19014906814465
19,IFAD,307,-364.45232722233715
19,IFAD,308,-359.19549055558764
19,IFAD,309,-361.62652903540754
19,IFAD,310,-359.43881890406703
19,IFAD,311,-360.64923173003405
19,IFAD,312,-364.8628716599554
19,IFAD,313,-361.9295108101286
19,IFAD,314,-366.38915392548455
19,IFAD,315,-363.43548456154747
19,IFAD,316,-359.68886356193474
19,IFAD,317,-361.8081184065248
19,IFAD,318,-365.0779354094699
19,IFAD,319,-359.4992701342309
19,IFAD,320,-364.7052647934369
19,IFAD,321,-362.91710288425344
19,IFAD,322,-361.42798972901323
19,IFAD,323,-367.4636942919956
19,IFAD,324,-361.2980471502027
19,IFAD,325,-359.5684972350233
19,IFAD,326,-364.9878954514871
19,IFAD,327,-360.0297012083122
19,IFAD,328,-357.5227506999949
19,IFAD,329,-364.86062708550236
19,IFAD,330,-361.1593670165968
19,IFAD,331,-365.8050384045778
19,IFAD,332,-361.22676256008083
19,IFAD,333,-361.57047746075636
19,IFAD,334,-366.7771526730728
19,IFAD,335,-370.1408028551018
19,IFAD,336,-360.32420190984493
19,IFAD,337,-363.161909538828
19,IFAD,338,-368.3566705100112
19,IFAD,339,-363.1829374058124
19,IFAD,340,-359.9688919847336
19,IFAD,341,-366.08794491468825
19,IFAD,342,-364.354609617638
19,IFAD,343,-364.55234541833227
19,IFAD,344,-362.25181289651715
19,IFAD,345,-359.11569981388845
19,IFAD,346,-364.53182487118477
19,IFAD,347,-363.40104882077503
19,IFAD,348,-366.9809125844896
19,IFAD,349,-358.95842849300846
19,IFAD,350,-363.9682687114108
19,IFAD,351,-363.5034863431492
19,IFAD,352,-362.49189713814013
19,IFAD,353,-362.3352446062058
19,IFAD,354,-360.8430353535108
19,IFAD,355,-361.46324937570165
19,IFAD,356,-366.5880346001833
19,IFAD,357,-362.9202577580769
19,IFAD,358,-358.89239906126613
19,IFAD,359,-360.31079709141477
19,IFAD,360,-362.66900344504376
19,IFAD,361,-363.5082419389451
19,IFAD,362,-361.50934032745073
19,IFAD,363,-360.8095822708916
19,IFAD,364,-366.9885501770887
19,IFAD,365,-366.3039399084594
19,IFAD,366,-359.7068793012816
19,IFAD,367,-366.14809307102234
19,IFAD,368,-361.96407345576165
19,IFAD,369,-363.5292025825365
19,IFAD,370,-365.3241847252904
19,IFAD,371,-363.7223531197993
19,IFAD,372,-361.7657514943243
19,IFAD,373,-365.7170684996398
19,IFAD,374,-363.20375117213814
19,IFAD,375,-362.6293246599661
19,IFAD,376,-363.86463669863764
19,IFAD,377,-362.49754079794394
19,IFAD,378,-360.9395106041015
19,IFAD,379,-370.09384517347945
19,IFAD,380,-363.6725627543291
19,IFAD,381,-363.01339147421686
19,IFAD,382,-363.7048110822434
19,IFAD,383,-365.55047471993635
19,IFAD,384,-364.30920946241287
19,IFAD,385,-361.1687068211615
19,IFAD,386,-363.10502533914894
19,IFAD,387,-364.54663261950293
19,IFAD,388,-361.61121257101314
19,IFAD,389,-366.95700801706687
19,IFAD,390,-365.6396205375844
19,IFAD,391,-363.80145840550375
19,IFAD,392,-361.99767367575225
19,IFAD,393,-359.27405093084775
19,IFAD,394,-366.07398550792055
19,IFAD,395,-364.0982368108154
19,IFAD,396,-360.9403148903432
19,IFAD,397,-365.67853951126517
19,IFAD,398,-364.9198403621879
19,IFAD,399,-364.6988926866724
19,DS19,0,-380.1572399336231
19,DS19,1,-384.06584561073544
19,DS19,2,-373.82235089791453
19,DS19,3,-364.99453098344964
19,DS19,4,-370.31609951883644
19,DS19,5,-377.29279761688286
19,DS19,6,-356.9954309360475
19,DS19,7,-385.04849685039494
19,DS19,8,-384.95824626340845
19,DS19,9,-366.0668994088621
19,DS19,10,-361.54231813695435
19,DS19,11,-382.75070954301304
19,DS19,12,-379.1460830217218
19,DS19,13,-380.46628111397325
19,DS19,14,-380.1775623232167
19,DS19,15,-376.91436599885753
19,DS19,16,-376.9729263195547
19,DS19,17,-368.5963571331146
19,DS19,18,-363.8376539467157
19,DS19,19,-363.1047204762511
19,DS19,20,-384.2550074778665
19,DS19,21,-386.191649102213
19,DS19,22,-386.4490363259834
19,DS19,23,-377.6329518587142
19,DS19,24,-368.5015433328452
19,DS19,25,-374.1779863329939
19,DS19,26,-377.6126847131685
19,DS19,27,-377.64954411691974
19,DS19,28,-371.5659202906709
19,DS19,29,-370.7465783509625
19,DS19,30,-373.7956956744732
19,DS19,31,-380.1065776110496
19,DS19,32,-372.85139576999626
19,DS19,33,-379.2870888372901
19,DS19,34,-385.7961957864022
19,DS19,35,-373.1544573774775
19,DS19,36,-374.6157599966149
19,DS19,37,-369.63465300256325
19,DS19,38,-376.4389735030852
19,DS19,39,-381.0111165820315
19,DS19,40,-373.93904501939704
19,DS19,41,-382.18425377983704
19,DS19,42,-377.5365731834916
19,DS19,43,-378.3706879071835
19,DS19,44,-390.33571943161786
19,DS19,45,-371.3594111309087
19,DS19,46,-382.2910897217493
19,DS19,47,-366.7900951007648
19,DS19,48,-372.0175669167784
19,DS19,49,-373.2617819211959
19,DS19,50,-377.42977414174493
19,DS19,51,-378.7742025390878
19,DS19,52,-375.0221712176396
19,DS19,53,-377.7513576821147
19,DS19,54,-385.75065132797295
19,DS19,55,-364.75270777865273
19,DS19,56,-384.2566754575254
19,DS19,57,-377.8073242839383
19,DS19,58,-370.0689981884158
19,DS19,59,-368.45608501892985
19,DS19,60,-379.68312356437343
19,DS19,61,-377.28946120880306
19,DS19,62,-376.9125248711305
19,DS19,63,-380.0650890817743
19,DS19,64,-378.28937326845823
19,DS19,65,-367.5316579638841
19,DS19,66,-376.0855357814258
19,DS19,67,-378.41647244375974
19,DS19,68,-375.8535543700711
19,DS19,69,-366.5817611150535
19,DS19,70,-370.6199263756558
19,DS19,71,-370.26367132067355
19,DS19,72,-374.7880709323763
19,DS19,73,-386.4265048525744
19,DS19,74,-368.23959426845613
19,DS19,75,-378.46692894275776
19,DS19,76,-363.46756564342104
19,DS19,77,-389.01523947838945
19,DS19,78,-373.8975684695382
19,DS19,79,-363.7688256948496
19,DS19,80,-377.44304741661074
19,DS19,81,-381.57702550231113
19,DS19,82,-370.3974186218366
19,DS19,83,-382.5391916091596
19,DS19,84,-383.11656374224833
19,DS19,85,-376.1531467674913
19,DS19,86,-383.07191044742154
19,DS19,87,-372.22357021561146
19,DS19,88,-376.0825772311174
19,DS19,89,-381.1541117650349
19,DS19,90,-372.5166411112141
19,DS19,91,-364.7557297853732
19,DS19,92,-375.525129212617
19,DS19,93,-378.2892330488892
19,DS19,94,-376.7120714932057
19,DS19,95,-368.76655894512606
19,DS19,96,-367.93458333776766
19,DS19,97,-379.55635137001485
19,DS19,98,-365.630810864992
19,DS19,99,-375.025239713579
19,DS19,100,-374.7692467587143
19,DS19,101,-379.2164286709818
19,DS19,102,-372.5606381803318
19,DS19,103,-378.1800741601342
19,DS19,104,-370.3057680898082
19,DS19,105,-376.9576250637838
19,DS19,106,-366.49521737956366
19,DS19,107,-369.0818052333675
19,DS19,108,-376.51464496929407
19,DS19,109,-379.14310409485205
19,DS19,110,-378.44228130022157
19,DS19,111,-371.2624836869287
19,DS19,112,-380.3369078266234
19,DS19,113,-379.60474488261366
19,DS19,114,-374.44139277059037
19,DS19,115,-378.17481119519255
19,DS19,116,-374.76900525452436
19,DS19,117,-368.1241062920252
19,DS19,118,-383.46193464656363
19,DS19,119,-372.734303041847
19,DS19,120,-380.0129476461009
19,DS19,121,-390.3411399294317
19,DS19,122,-374.1233254730613
19,DS19,123,-374.4315683754477
19,DS19,124,-386.6523598017486
19,DS19,125,-367.5094757150632
19,DS19,126,-367.2690249215383
19,DS19,127,-374.4144948016768
19,DS19,128,-368.08040166706337
19,DS19,129,-377.5359441713937
19,DS19,130,-376.0882614445924
19,DS19,131,-368.2779474224145
19,DS19,132,-390.4081285953534
19,DS19,133,-369.7138461261371
19,DS19,134,-385.12602161270405
19,DS19,135,-384.19142126650195
19,DS19,136,-380.24828145881486
19,DS19,137,-371.4893265121005
19,DS19,138,-372.1818715443513
19,DS19,139,-377.3289112013484
19,DS19,140,-378.5897462773043
19,DS19,141,-379.7383277081489
19,DS19,142,-390.2693683527276
19,DS19,143,-378.3638746454737
19,DS19,144,-379.77272837453813
19,DS19,145,-382.5623801844971
19,DS19,146,-370.93671414279146
19,DS19,147,-370.8591823362677
19,DS19,148,-382.93588216489604
19,DS19,149,-368.9630664276158
19,DS19,150,-383.892523614023
19,DS19,151,-367.8456966016087
19,DS19,152,-363.8301168803647
19,DS19,153,-380.3362421141819
19,DS19,154,-376.33635400709244
19,DS19,155,-367.4851263945627
19,DS19,156,-380.478834820372
19,DS19,157,-386.00344474683465
19,DS19,158,-374.6220332309419
19,DS19,159,-379.76374259505917
19,DS19,160,-392.3961219949891
19,DS19,161,-373.6906641031201
19,DS19,162,-375.37673114231296
19,DS19,163,-373.9072074197815
19,DS19,164,-375.86146279049484
19,DS19,165,-378.22250655155375
19,DS19,166,-369.4579485818974
19,DS19,167,-377.7912396472079
19,DS19,168,-377.6891999534651
19,DS19,169,-382.86546978759264
19,DS19,170,-381.09371799589644
19,DS19,171,-375.30307767650754
19,DS19,172,-380.0882271494464
19,DS19,173,-378.2703489680042
19,DS19,174,-389.882180872793
19,DS19,175,-381.16437969177287
19,DS19,176,-390.00147735638495
19,DS19,177,-385.31668065373583
19,DS19,178,-376.6022138069963
19,DS19,179,-368.9308875428451
19,DS19,180,-384.8330321312162
19,DS19,181,-381.5490397197113
19,DS19,182,-371.1998104349768
19,DS19,183,-370.66668763713056
19,DS19,184,-380.8532449196259
19,DS19,185,-378.9437706046152
19,DS19,186,-368.72934747624794
19,DS19,187,-373.42976888914427
19,DS19,188,-366.3293098103928
19,DS19,189,-385.1381531024321
19,DS19,190,-358.2422554084334
19,DS19,191,-384.2067308470938
19,DS19,192,-366.5768079361085
19,DS19,193,-368.2688815016117
19,DS19,194,-374.03179121894266
19,DS19,195,-373.9189425513465
19,DS19,196,-364.7302153064378
19,DS19,197,-371.8474400039527
19,DS19,198,-374.58147749599937
19,DS19,199,-374.9894198223575
19,DS19,200,-379.11418007538987
19,DS19,201,-384.3583124199433
19,DS19,202,-379.23010372196563
19,DS19,203,-370.8904754163985
19,DS19,204,-371.299102232588
19,DS19,205,-369.5348932395475
19,DS19,206,-379.80449461168575
19,DS19,207,-373.9390375069095
19,DS19,208,-383.0584467206215
19,DS19,209,-380.59107406190765
19,DS19,210,-380.32177939326664
19,DS19,211,-375.27071341398175
19,DS19,212,-364.87954442197133
19,DS19,213,-377.83273643964736
19,DS19,214,-380.67058438091976
19,DS19,215,-386.3878412177042
19,DS19,216,-379.8666564821757
19,DS19,217,-380.3682562951798
19,DS19,218,-386.1389289637053
19,DS19,219,-378.92879560752317
19,DS19,220,-373.50776318935215
19,DS19,221,-366.4239428772031
19,DS19,222,-373.03006535285397
19,DS19,223,-383.2118659805639
19,DS19,224,-385.91854139346634
19,DS19,225,-379.9044449194605
19,DS19,226,-376.87486227443685
19,DS19,227,-380.78372503686336
19,DS19,228,-374.5545208346951
19,DS19,229,-380.1516645495866
19,DS19,230,-373.40712745366545
19,DS19,231,-370.4616555247783
19,DS19,232,-375.05537426637744
19,DS19,233,-376.73975771576124
19,DS19,234,-381.3892775159179
19,DS19,235,-382.18883209474916
19,DS19,236,-380.44172748331243
19,DS19,237,-371.05118484483813
19,DS19,238,-375.1205044465418
19,DS19,239,-389.86260942710396
19,DS19,240,-374.5020627684418
19,DS19,241,-376.619042555586
19,DS19,242,-378.2028232945896
19,DS19,243,-379.72729319269877
19,DS19,244,-369.6930223572702
19,DS19,245,-376.68121308662074
19,DS19,246,-366.9307807869882
19,DS19,247,-381.0093252758529
19,DS19,248,-384.1417061571393
19,DS19,249,-380.86738993147924
19,DS19,250,-376.15889818613437
19,DS19,251,-375.3272174435302
19,DS19,252,-378.2342901902863
19,DS19,253,-368.2247457551529
19,DS19,254,-374.90574239420084
19,DS19,255,-373.74569933531336
19,DS19,256,-378.17923328029804
19,DS19,257,-379.6615011796786
19,DS19,258,-369.53791136571704
19,DS19,259,-386.2641982419349
19,DS19,260,-371.0870379544547
19,DS19,261,-374.7239706335571
19,DS19,262,-386.587463570137
19,DS19,263,-393.5176242007642
19,DS19,264,-376.34143199524436
19,DS19,265,-379.7364576764228
19,DS19,266,-372.65249242088026
19,DS19,267,-383.5617518367667
19,DS19,268,-370.0648565849265
19,DS19,269,-381.62030794890876
19,DS19,270,-379.23132287913717
19,DS19,271,-377.1015485728535
19,DS19,272,-368.23129578522406
19,DS19,273,-379.9305891557042
19,DS19,274,-376.9457649197793
19,DS19,275,-385.1297031806207
19,DS19,276,-376.53402520442654
19,DS19,277,-366.5246450959967
19,DS19,278,-369.21470876274066
19,DS19,279,-387.8897831205603
19,DS19,280,-378.8588360359621
19,DS19,281,-374.391467315693
19,DS19,282,-385.31568161379033
19,DS19,283,-382.0437480102627
19,DS19,284,-365.72148222657705
19,DS19,285,-372.19096177671946
19,DS19,286,-376.60591581350263
19,DS19,287,-376.7646494528133
19,DS19,288,-383.6513660648417
19,DS19,289,-377.0836496044444
19,DS19,290,-376.722372151366
19,DS19,291,-395.4553537240226
19,DS19,292,-367.51942554798944
19,DS19,293,-382.0707847261234
19,DS19,294,-380.57622586903096
19,DS19,295,-368.2843088180192
19,DS19,296,-377.2488459004946
19,DS19,297,-382.9593023796509
19,DS19,298,-370.7403053406065
19,DS19,299,-374.21123198762854
19,CTDD21,0,-410.3358795855412
19,CTDD21,1,-408.40939232950177
19,CTDD21,2,-418.4965051112388
19,CTDD21,3,-427.94886130307526
19,CTDD21,4,-422.02910333660503
19,CTDD21,5,-409.9764588224564
19,CTDD21,6,-412.29478357020116
19,CTDD21,7,-416.08381733730494
19,CTDD21,8,-408.90173423049384
19,CTDD21,9,-431.9510677076162
19,CTDD21,10,-416.9319465381075
19,CTDD21,11,-406.28698735079666
19,CTDD21,12,-448.2540960811787
19,CTDD21,13,-429.45662753805766
19,CTDD21,14,-405.0830110357476
19,CTDD21,15,-435.7868267029761
19,CTDD21,16,-441.65062104302035
19,CTDD21,17,-397.5973479910265
19,CTDD21,18,-411.7142219325042
19,CTDD21,19,-395.79721139411976
19,CTDD21,20,-439.99539433342
19,CTDD21,21,-428.352174508601
19,CTDD21,22,-435.68197908458546
19,CTDD21,23,-428.54216973971467
19,CTDD21,24,-424.97071988022566
19,CTDD21,25,-440.74361711434346
19,CTDD21,26,-419.20704095344644
19,CTDD21,27,-463.72722290683413
19,CTDD21,28,-414.21623962888
19,CTDD21,29,-443.49399622588936
19,CTDD21,30,-437.2601158446761
19,CTDD21,31,-414.0040598695932
19,CTDD21,32,-448.48640365061465
19,CTDD21,33,-403.5975560592478
19,CTDD21,34,-437.41908104675065
19,CTDD21,35,-438.35376839834464
19,CTDD21,36,-428.14752673303275
19,CTDD21,37,-439.66337676762413
19,CTDD21,38,-419.09594573082285
19,CTDD21,39,-411.8867014891521
19,CTDD21,40,-413.96330886479006
19,CTDD21,41,-413.7445947439524
19,CTDD21,42,-410.28650499239416
19,CTDD21,43,-437.9606759091221
19,CTDD21,44,-419.73145489005583
19,CTDD21,45,-424.041093102686
19,CTDD21,46,-400.6682969904794
19,CTDD21,47,-417.71106017600823
19,CTDD21,48,-432.0003901890084
19,CTDD21,49,-417.83822926793846
19,CTDD21,50,-413.570379062318
19,CTDD21,51,-441.60945744642305
19,CTDD21,52,-415.41505301863276
19,CTDD21,53,-415.30082974824603
19,CTDD21,54,-428.58350141921954
19,CTDD21,55,-439.8843678929103
19,CTDD21,56,-434.03793756264093
19,CTDD21,57,-436.62512203731035
19,CTDD21,58,-440.03915965406526
19,CTDD21,59,-436.34209480270914
19,CTDD21,60,-414.05478864302455
19,CTDD21,61,-445.6416628909706
19,CTDD21,62,-396.70366506624856
19,CTDD21,63,-429.0697956410707
19,CTDD21,64,-413.8273918172332
19,CTDD21,65,-428.7530888918963
19,CTDD21,66,-417.0418367597516
19,CTDD21,67,-419.81330105633754
19,CTDD21,68,-411.53363013859826
19,CTDD21,69,-424.83207955730006
19,CTDD21,70,-405.86600804109924
19,CTDD21,71,-427.0954530337151
19,CTDD21,72,-427.6715828438173
19,CTDD21,73,-426.9973347895081
19,CTDD21,74,-423.8312656122293
19,CTDD21,75,-421.26943976596965
19,CTDD21,76,-435.82905081627297
19,CTDD21,77,-390.03652165329885
19,CTDD21,78,-446.215594442784
19,CTDD21,79,-413.236184097808
19,CTDD21,80,-418.91601494792263
19,CTDD21,81,-411.231067694854
19,CTDD21,82,-415.36045790605243
19,CTDD21,83,-414.2054226584055
19,CTDD21,84,-391.704044592571
19,CTDD21,85,-410.4867292276954
19,CTDD21,86,-406.5085823067128
19,CTDD21,87,-421.719110799277
19,CTDD21,88,-431.47816252069674
19,CTDD21,89,-406.50072681393453
19,CTDD21,90,-440.83723668359914
19,CTDD21,91,-454.0677901441038
19,CTDD21,92,-426.8181620774692
19,CTDD21,93,-425.35650043177657
19,CTDD21,94,-407.5550673552667
19,CTDD21,95,-407.7493128732027
19,CTDD21,96,-426.2264303172814
19,CTDD21,97,-445.71490188970785
19,CTDD21,98,-442.1682070066717
19,CTDD21,99,-437.2026681743898
19,CTDD21,100,-438.34371459510413
19,CTDD21,101,-461.0322104178952
19,CTDD21,102,-417.4518371144868
19,CTDD21,103,-441.8803256885015
19,CTDD21,104,-426.5083075042319
19,CTDD21,105,-464.8086758590314
19,CTDD21,106,-415.7123532657093
19,CTDD21,107,-407.10718189570173
19,CTDD21,108,-407.4488409315374
19,CTDD21,109,-421.82933549504787
19,CTDD21,110,-414.14779801377364
19,CTDD21,111,-394.43487327813256
19,CTDD21,112,-426.0362461288686
19,CTDD21,113,-423.3276588088759
19,CTDD21,114,-429.3411383477595
19,CTDD21,115,-452.2893595619884
19,CTDD21,116,-423.33098694248577
19,CTDD21,117,-424.3526477058648
19,CTDD21,118,-437.7011260762406
19,CTDD21,119,-424.9520662676961
19,CTDD21,120,-455.5924337912132
19,CTDD21,121,-414.2651354290515
19,CTDD21,122,-427.72577325918655
19,CTDD21,123,-404.0432835187781
19,CTDD21,124,-440.26833293509816
19,CTDD21,125,-420.98559284556234
19,CTDD21,126,-400.8026674253844
19,CTDD21,127,-418.6258163100868
19,CTDD21,128,-427.3036254295138
19,CTDD21,129,-407.3339150058617
19,CTDD21,130,-427.13661692753897
19,CTDD21,131,-416.9658913048229
19,CTDD21,132,-424.59912895942915
19,CTDD21,133,-458.3875785602405
19,CTDD21,134,-444.25971751776626
19,CTDD21,135,-430.11688823319076
19,CTDD21,136,-419.2402312441515
19,CTDD21,137,-436.5603736054529
19,CTDD21,138,-424.8628459927758
19,CTDD21,139,-421.2266922037151
19,CTDD21,140,-421.959188067574
19,CTDD21,141,-413.2600564232053
19,CTDD21,142,-434.1357971140172
19,CTDD21,143,-404.36483857308104
19,CTDD21,144,-422.3255889824578
19,CTDD21,145,-432.44174652774456
19,CTDD21,146,-420.06660674196513
19,CTDD21,147,-422.6609616394038
19,CTDD21,148,-410.1327591095479
19,CTDD21,149,-422.4415125979264
19,CTDD21,150,-448.1453698952539
19,CTDD21,151,-417.1634456524926
19,CTDD21,152,-432.2234875445214
19,CTDD21,153,-409.9316369894574
19,CTDD21,154,-421.5170237577117
19,CTDD21,155,-403.9846407595849
19,CTDD21,156,-438.1019721158197
19,CTDD21,157,-394.8346367879307
19,CTDD21,158,-403.4473412323201
19,CTDD21,159,-415.75394913851903
19,CTDD21,160,-430.412109760754
19,CTDD21,161,-413.1804961737291
19,CTDD21,162,-424.7626969964142
19,CTDD21,163,-412.10579731162284
19,CTDD21,164,-413.89796819243236
19,CTDD21,165,-419.99644906799966
19,CTDD21,166,-425.1874528673005
19,CTDD21,167,-413.16057406172774
19,CTDD21,168,-423.92712763331275
19,CTDD21,169,-427.53071134650827
19,CTDD21,170,-420.7718632804089
19,CTDD21,171,-401.7304102192886
19,CTDD21,172,-427.6660760897381
19,CTDD21,173,-415.67129959972607
19,CTDD21,174,-407.8906229609476
19,CTDD21,175,-422.1566839887891
19,CTDD21,176,-398.74302389575416
19,CTDD21,177,-410.7399780546352
19,CTDD21,178,-422.75552407446196
19,CTDD21,179,-430.7923487825202
19,CTDD21,180,-426.41585840880117
19,CTDD21,181,-410.92842865173714
19,CTDD21,182,-425.44241305012173
19,CTDD21,183,-422.3980076420605
19,CTDD21,184,-433.03568928875404
19,CTDD21,185,-418.43901471908623
19,CTDD21,186,-420.0632213543846
19,CTDD21,187,-451.15205636560313
19,CTDD21,188,-401.3770458336112
19,CTDD21,189,-429.16528055028857
19,CTDD21,190,-411.333243111435
19,CTDD21,191,-432.46304376409887
19,CTDD21,192,-446.96482565205775
19,CTDD21,193,-410.02914485167753
19,CTDD21,194,-410.81885197619766
19,CTDD21,195,-399.64995936900425
19,CTDD21,196,-409.79356252981563
19,CTDD21,197,-394.620195780628
19,CTDD21,198,-404.8925178780055
19,CTDD21,199,-403.6135269017131
19,CTDD21,200,-418.00635913406217
19,CTDD21,201,-445.36408635206004
19,CTDD21,202,-423.99610422697754
19,CTDD21,203,-419.64249235590665
19,CTDD21,204,-435.81918125432327
19,CTDD21,205,-413.186049453126
19,CTDD21,206,-416.86384881240554
19,CTDD21,207,-403.154862075799
19,CTDD21,208,-419.3688632783796
19,CTDD21,209,-418.881803715155
19,CTDD21,210,-399.08667808350947
19,CTDD21,211,-402.47912932351295
19,CTDD21,212,-417.39186927833595
19,CTDD21,213,-434.5774427781384
19,CTDD21,214,-434.8479370411434
19,CTDD21,215,-424.1668234676041
19,CTDD21,216,-437.40736203206245
19,CTDD21,217,-403.37772462697995
19,CTDD21,218,-430.2860675967381
19,CTDD21,219,-412.1402041483366
19,CTDD21,220,-443.6095855402788
19,CTDD21,221,-417.28146905132974
19,CTDD21,222,-401.608051333434
19,CTDD21,223,-428.9603447631399
19,CTDD21,224,-430.07659913145835
19,CTDD21,225,-416.3164478023824
19,CTDD21,226,-420.6190977857537
19,CTDD21,227,-435.3586539203739
19,CTDD21,228,-398.3581225368782
19,CTDD21,229,-424.0395729665687
19,CTDD21,230,-432.33287004997726
19,CTDD21,231,-430.5497902533938
19,CTDD21,232,-421.98545473692167
19,CTDD21,233,-438.3595656164159
19,CTDD21,234,-402.1596471887765
19,CTDD21,235,-434.88664422441707
19,CTDD21,236,-413.06797889588313
19,CTDD21,237,-401.55982655489686
19,CTDD21,238,-419.5795495574775
19,CTDD21,239,-412.94307806681604
19,CTDD21,240,-423.5994664700447
19,CTDD21,241,-438.67375320113337
19,CTDD21,242,-412.6500911069631
19,CTDD21,243,-441.9952181530437
19,CTDD21,244,-425.455256821333
19,CTDD21,245,-432.8028539703457
19,CTDD21,246,-424.50211949204737
19,CTDD21,247,-428.88590067344916
19,CTDD21,248,-439.7331487013997
19,CTDD21,249,-431.2287991235147
19,CTDD21,250,-441.6692524984842
19,CTDD21,251,-415.0013661785665
19,CTDD21,252,-422.4947304313861
19,CTDD21,253,-442.9199744336058
19,CTDD21,254,-430.59261263256866
19,CTDD21,255,-423.20576813663035
19,CTDD21,256,-426.5426184930687
19,CTDD21,257,-416.6677418938638
19,CTDD21,258,-418.7084490029083
19,CTDD21,259,-434.41773174899777
19,CTDD21,260,-418.49519921351424
19,CTDD21,261,-452.6945928279174
19,CTDD21,262,-437.8525666648367
19,CTDD21,263,-410.04916724266747
19,CTDD21,264,-428.5045621673024
19,CTDD21,265,-428.1078583702353
19,CTDD21,266,-441.4290217242445
19,CTDD21,267,-410.56835642823967
19,CTDD21,268,-419.6694802150953
19,CTDD21,269,-424.17393896002267
19,CTDD21,270,-396.91141179520787
19,CTDD21,271,-441.5434031824729
19,CTDD21,272,-421.61142492089067
19,CTDD21,273,-423.0531969772027
19,CTDD21,274,-430.88224848682665
19,CTDD21,275,-416.1458782435936
19,CTDD21,276,-433.50547719538395
19,CTDD21,277,-411.62583031876915
19,CTDD21,278,-412.20692986101204
19,CTDD21,279,-429.52347646697484
19,CTDD21,280,-427.05451400789207
19,CTDD21,281,-437.92065280485735
19,CTDD21,282,-411.6078428582964
19,CTDD21,283,-391.72989745444266
19,CTDD21,284,-403.19855300217597
19,CTDD21,285,-424.97862732750673
19,CTDD21,286,-427.6476548372854
19,CTDD21,287,-418.0325630368066
19,CTDD21,288,-428.38055220316966
19,CTDD21,289,-432.83242355541495
19,CTDD21,290,-436.4246285018854
19,CTDD21,291,-434.2515416760423
19,CTDD21,292,-407.8704228126845
19,CTDD21,293,-446.3504741468793
19,CTDD21,294,-442.17454789648133
19,CTDD21,295,-432.5258536270746
19,CTDD21,296,-440.32084548610965
19,CTDD21,297,-421.6658931342556
19,CTDD21,298,-430.56924144148246
19,CTDD21,299,-418.0770696846979
